ISO-10303-21;
HEADER;
FILE_DESCRIPTION (( 'STEP AP214' ),
    '1' );
FILE_NAME ('display_case.STEP',
    '2026-09-20T15:43:11',
    ( '' ),
    ( '' ),
    'SwSTEP 2.0',
    'SolidWorks 2018',
    '' );
FILE_SCHEMA (( 'AUTOMOTIVE_DESIGN' ));
ENDSEC;

DATA;
#1 = CARTESIAN_POINT ( 'NONE',  ( 88.59999999999999432, 8.050000000000029132, -9.389999999999961489 ) ) ;
#2 = CYLINDRICAL_SURFACE ( 'NONE', #2980, 1.499999999999996891 ) ;
#3 = EDGE_CURVE ( 'NONE', #499, #3221, #4804, .T. ) ;
#4 = AXIS2_PLACEMENT_3D ( 'NONE', #3913, #1625, #63 ) ;
#5 = CARTESIAN_POINT ( 'NONE',  ( 26.89999999999999858, -0.7999999999999999334, -1.850000000000000533 ) ) ;
#6 = VECTOR ( 'NONE', #2808, 1000.000000000000000 ) ;
#7 = EDGE_CURVE ( 'NONE', #4484, #2712, #3017, .T. ) ;
#8 = CIRCLE ( 'NONE', #3045, 0.6999999999999992895 ) ;
#9 = VERTEX_POINT ( 'NONE', #4974 ) ;
#10 = CARTESIAN_POINT ( 'NONE',  ( 84.90000000000000568, 0.000000000000000000, -50.35000000000000853 ) ) ;
#11 = VECTOR ( 'NONE', #4422, 1000.000000000000000 ) ;
#12 = DIRECTION ( 'NONE',  ( 1.000000000000000000, 0.000000000000000000, 0.000000000000000000 ) ) ;
#13 = CARTESIAN_POINT ( 'NONE',  ( 89.80000000000001137, 0.000000000000000000, -18.00000000000000000 ) ) ;
#14 = FACE_OUTER_BOUND ( 'NONE', #3997, .T. ) ;
#15 = VERTEX_POINT ( 'NONE', #398 ) ;
#16 = DIRECTION ( 'NONE',  ( 0.000000000000000000, 2.168404344971003346E-15, 1.000000000000000000 ) ) ;
#17 = ORIENTED_EDGE ( 'NONE', *, *, #4176, .F. ) ;
#18 = VERTEX_POINT ( 'NONE', #4578 ) ;
#19 = CARTESIAN_POINT ( 'NONE',  ( 20.04926735356653467, 3.200000000000000178, -0.8000000000000003775 ) ) ;
#20 = CARTESIAN_POINT ( 'NONE',  ( 84.90000000000000568, -0.3999999999999999667, -5.799999999999996270 ) ) ;
#21 = VECTOR ( 'NONE', #4943, 1000.000000000000000 ) ;
#22 = ORIENTED_EDGE ( 'NONE', *, *, #164, .T. ) ;
#23 = EDGE_LOOP ( 'NONE', ( #2036, #3915, #4489, #1185 ) ) ;
#24 = ORIENTED_EDGE ( 'NONE', *, *, #2368, .F. ) ;
#25 = DIRECTION ( 'NONE',  ( 0.000000000000000000, -5.551115123125783935E-17, 1.000000000000000000 ) ) ;
#26 = VECTOR ( 'NONE', #3470, 1000.000000000000000 ) ;
#27 = EDGE_CURVE ( 'NONE', #4734, #937, #3815, .T. ) ;
#28 = DIRECTION ( 'NONE',  ( 1.000000000000000000, -0.000000000000000000, -0.000000000000000000 ) ) ;
#29 = DIRECTION ( 'NONE',  ( 0.000000000000000000, 0.000000000000000000, 1.000000000000000000 ) ) ;
#30 = ORIENTED_EDGE ( 'NONE', *, *, #464, .T. ) ;
#31 = ORIENTED_EDGE ( 'NONE', *, *, #1290, .F. ) ;
#32 = CIRCLE ( 'NONE', #3547, 2.450000000000012168 ) ;
#33 = ORIENTED_EDGE ( 'NONE', *, *, #164, .F. ) ;
#34 = ADVANCED_FACE ( 'NONE', ( #1816 ), #301, .F. ) ;
#35 = DIRECTION ( 'NONE',  ( 0.000000000000000000, 0.000000000000000000, 1.000000000000000000 ) ) ;
#36 = DIRECTION ( 'NONE',  ( 0.000000000000000000, 0.000000000000000000, 1.000000000000000000 ) ) ;
#37 = FACE_OUTER_BOUND ( 'NONE', #803, .T. ) ;
#38 = ORIENTED_EDGE ( 'NONE', *, *, #1995, .T. ) ;
#39 = ORIENTED_EDGE ( 'NONE', *, *, #3630, .T. ) ;
#40 = CARTESIAN_POINT ( 'NONE',  ( 86.20000000000000284, 0.000000000000000000, 0.000000000000000000 ) ) ;
#41 = ORIENTED_EDGE ( 'NONE', *, *, #2541, .T. ) ;
#42 = FACE_OUTER_BOUND ( 'NONE', #1021, .T. ) ;
#43 = DIRECTION ( 'NONE',  ( 0.000000000000000000, 0.000000000000000000, -1.000000000000000000 ) ) ;
#44 = EDGE_LOOP ( 'NONE', ( #2860, #306, #45, #1789 ) ) ;
#45 = ORIENTED_EDGE ( 'NONE', *, *, #2672, .T. ) ;
#46 = AXIS2_PLACEMENT_3D ( 'NONE', #3080, #4276, #3918 ) ;
#47 = DIRECTION ( 'NONE',  ( 1.000000000000000000, -0.000000000000000000, -0.000000000000000000 ) ) ;
#48 = VECTOR ( 'NONE', #1930, 1000.000000000000000 ) ;
#49 = AXIS2_PLACEMENT_3D ( 'NONE', #4456, #4148, #1838 ) ;
#50 = DIRECTION ( 'NONE',  ( 0.000000000000000000, 0.000000000000000000, -1.000000000000000000 ) ) ;
#51 = CARTESIAN_POINT ( 'NONE',  ( 82.26999999999901547, 7.580000000014799788, -0.7999999999999999334 ) ) ;
#52 = FACE_OUTER_BOUND ( 'NONE', #4123, .T. ) ;
#53 = PLANE ( 'NONE',  #980 ) ;
#54 = PLANE ( 'NONE',  #3508 ) ;
#55 = VECTOR ( 'NONE', #1543, 1000.000000000000000 ) ;
#56 = ADVANCED_FACE ( 'NONE', ( #4747 ), #1507, .T. ) ;
#57 = VECTOR ( 'NONE', #2769, 1000.000000000000000 ) ;
#58 = VECTOR ( 'NONE', #3245, 1000.000000000000000 ) ;
#59 = ORIENTED_EDGE ( 'NONE', *, *, #4890, .F. ) ;
#60 = EDGE_CURVE ( 'NONE', #1163, #3607, #422, .T. ) ;
#61 = DIRECTION ( 'NONE',  ( 0.000000000000000000, 0.000000000000000000, -1.000000000000000000 ) ) ;
#62 = DIRECTION ( 'NONE',  ( 0.000000000000000000, 0.000000000000000000, 1.000000000000000000 ) ) ;
#63 = DIRECTION ( 'NONE',  ( 0.000000000000000000, 0.000000000000000000, 1.000000000000000000 ) ) ;
#64 = EDGE_LOOP ( 'NONE', ( #397, #2379, #3756, #3599 ) ) ;
#65 = EDGE_CURVE ( 'NONE', #4968, #1217, #182, .T. ) ;
#66 = LINE ( 'NONE', #3309, #779 ) ;
#67 = PLANE ( 'NONE',  #2976 ) ;
#68 = CARTESIAN_POINT ( 'NONE',  ( 84.90000000000000568, -0.3999999999999999667, -53.29999999999999716 ) ) ;
#69 = ADVANCED_FACE ( 'NONE', ( #3811 ), #2694, .T. ) ;
#70 = DIRECTION ( 'NONE',  ( -0.000000000000000000, -0.09584575252021716729, 0.9953961983671794078 ) ) ;
#71 = VECTOR ( 'NONE', #3704, 1000.000000000000000 ) ;
#72 = CARTESIAN_POINT ( 'NONE',  ( 90.00000000000000000, -0.5999999999999894307, -57.60000000000001563 ) ) ;
#73 = EDGE_CURVE ( 'NONE', #2076, #4369, #1377, .T. ) ;
#74 = FACE_OUTER_BOUND ( 'NONE', #3344, .T. ) ;
#75 = ORIENTED_EDGE ( 'NONE', *, *, #2903, .F. ) ;
#76 = ORIENTED_EDGE ( 'NONE', *, *, #4229, .F. ) ;
#77 = DIRECTION ( 'NONE',  ( 0.000000000000000000, 0.000000000000000000, -1.000000000000000000 ) ) ;
#78 = ORIENTED_EDGE ( 'NONE', *, *, #3626, .F. ) ;
#79 = EDGE_LOOP ( 'NONE', ( #3347, #1894, #871, #4005 ) ) ;
#80 = DIRECTION ( 'NONE',  ( 0.000000000000000000, -0.000000000000000000, 1.000000000000000000 ) ) ;
#81 = CARTESIAN_POINT ( 'NONE',  ( 89.80000000000001137, 4.550000000000028244, -9.389999999999961489 ) ) ;
#82 = CARTESIAN_POINT ( 'NONE',  ( 1.600000000000000089, 12.30000000000000071, -0.8000000000000000444 ) ) ;
#83 = CYLINDRICAL_SURFACE ( 'NONE', #3454, 0.5999999999999998668 ) ;
#84 = ORIENTED_EDGE ( 'NONE', *, *, #2844, .T. ) ;
#85 = DIRECTION ( 'NONE',  ( -1.000000000000000000, 0.000000000000000000, 0.000000000000000000 ) ) ;
#86 = CARTESIAN_POINT ( 'NONE',  ( 84.90000000000000568, -0.3999999999999999667, -51.80000000000000426 ) ) ;
#87 = CARTESIAN_POINT ( 'NONE',  ( 84.22010101267767368, 0.6159379566434146636, 15.88406204335660377 ) ) ;
#88 = LINE ( 'NONE', #716, #2492 ) ;
#89 = EDGE_LOOP ( 'NONE', ( #2901, #3005, #347, #2957 ) ) ;
#90 = DIRECTION ( 'NONE',  ( -1.000000000000000000, -0.000000000000000000, -0.000000000000000000 ) ) ;
#91 = AXIS2_PLACEMENT_3D ( 'NONE', #4130, #4149, #3780 ) ;
#92 = VERTEX_POINT ( 'NONE', #4091 ) ;
#93 = ORIENTED_EDGE ( 'NONE', *, *, #2239, .F. ) ;
#94 = ORIENTED_EDGE ( 'NONE', *, *, #3819, .F. ) ;
#95 = EDGE_LOOP ( 'NONE', ( #1517, #3404 ) ) ;
#96 = CARTESIAN_POINT ( 'NONE',  ( 9.799999999999998934, 11.20000000000000284, 0.000000000000000000 ) ) ;
#97 = ORIENTED_EDGE ( 'NONE', *, *, #3889, .F. ) ;
#98 = EDGE_CURVE ( 'NONE', #2818, #4841, #2240, .T. ) ;
#99 = DIRECTION ( 'NONE',  ( -1.000000000000000000, -0.000000000000000000, -0.000000000000000000 ) ) ;
#100 = VERTEX_POINT ( 'NONE', #2824 ) ;
#101 = CARTESIAN_POINT ( 'NONE',  ( 48.29999999999999716, 6.098427603645005135, -0.8000000000000000444 ) ) ;
#102 = VERTEX_POINT ( 'NONE', #4798 ) ;
#103 = DIRECTION ( 'NONE',  ( 1.000000000000000000, -0.000000000000000000, -0.000000000000000000 ) ) ;
#104 = EDGE_CURVE ( 'NONE', #812, #2533, #4797, .T. ) ;
#105 = DIRECTION ( 'NONE',  ( 0.000000000000000000, 0.000000000000000000, -1.000000000000000000 ) ) ;
#106 = VERTEX_POINT ( 'NONE', #4852 ) ;
#107 = FACE_OUTER_BOUND ( 'NONE', #1744, .T. ) ;
#108 = ORIENTED_EDGE ( 'NONE', *, *, #1164, .F. ) ;
#109 = AXIS2_PLACEMENT_3D ( 'NONE', #558, #4731, #3633 ) ;
#110 = VERTEX_POINT ( 'NONE', #582 ) ;
#111 = DIRECTION ( 'NONE',  ( 0.000000000000000000, 0.000000000000000000, 1.000000000000000000 ) ) ;
#112 = EDGE_CURVE ( 'NONE', #2153, #4535, #1506, .T. ) ;
#113 = DIRECTION ( 'NONE',  ( -1.000000000000000000, -0.000000000000000000, -0.000000000000000000 ) ) ;
#114 = ORIENTED_EDGE ( 'NONE', *, *, #3585, .T. ) ;
#115 = ADVANCED_FACE ( 'NONE', ( #2413 ), #2357, .T. ) ;
#116 = AXIS2_PLACEMENT_3D ( 'NONE', #309, #1900, #3020 ) ;
#117 = CARTESIAN_POINT ( 'NONE',  ( 61.18938018067199636, 8.970000000000005969, -0.8000000000000000444 ) ) ;
#118 = LINE ( 'NONE', #2718, #405 ) ;
#119 = CARTESIAN_POINT ( 'NONE',  ( 84.22010101267767368, 2.379766777207654727, 17.11910827962722337 ) ) ;
#120 = DIRECTION ( 'NONE',  ( -1.000000000000000000, 0.000000000000000000, 0.000000000000000000 ) ) ;
#121 = CIRCLE ( 'NONE', #175, 0.4000000000000010214 ) ;
#122 = LINE ( 'NONE', #3131, #1798 ) ;
#123 = EDGE_LOOP ( 'NONE', ( #4587, #2082, #2261, #968 ) ) ;
#124 = CARTESIAN_POINT ( 'NONE',  ( 5.799999999999999822, 5.000000000000000000, 11.50000000000000000 ) ) ;
#125 = AXIS2_PLACEMENT_3D ( 'NONE', #2063, #2464, #4003 ) ;
#126 = ADVANCED_FACE ( 'NONE', ( #4680 ), #4281, .T. ) ;
#127 = CARTESIAN_POINT ( 'NONE',  ( 86.20000000000000284, 3.374689063315323256, 17.48317343548498570 ) ) ;
#128 = EDGE_CURVE ( 'NONE', #2270, #3481, #532, .T. ) ;
#129 = CARTESIAN_POINT ( 'NONE',  ( 1.600000000000000089, 12.30000000000000071, -0.8000000000000000444 ) ) ;
#130 = CIRCLE ( 'NONE', #2108, 2.450000000000000622 ) ;
#131 = EDGE_CURVE ( 'NONE', #2556, #551, #589, .T. ) ;
#132 = FACE_OUTER_BOUND ( 'NONE', #2857, .T. ) ;
#133 = LINE ( 'NONE', #932, #1083 ) ;
#134 = CARTESIAN_POINT ( 'NONE',  ( 86.20000000000000284, 4.999999999999999112, 17.10000000000000142 ) ) ;
#135 = FACE_OUTER_BOUND ( 'NONE', #3145, .T. ) ;
#136 = CARTESIAN_POINT ( 'NONE',  ( 26.89999999999999858, -0.3999999999999999667, -2.799999999999997602 ) ) ;
#137 = EDGE_LOOP ( 'NONE', ( #1787, #1957, #3243, #4845 ) ) ;
#138 = FACE_BOUND ( 'NONE', #2293, .T. ) ;
#139 = CARTESIAN_POINT ( 'NONE',  ( 63.04549802414191362, 7.579971189465128489, 0.000000000000000000 ) ) ;
#140 = EDGE_LOOP ( 'NONE', ( #4810, #495, #263, #1467 ) ) ;
#141 = FACE_OUTER_BOUND ( 'NONE', #2650, .T. ) ;
#142 = VERTEX_POINT ( 'NONE', #773 ) ;
#143 = ORIENTED_EDGE ( 'NONE', *, *, #3896, .F. ) ;
#144 = EDGE_CURVE ( 'NONE', #908, #2470, #2349, .T. ) ;
#145 = DIRECTION ( 'NONE',  ( 0.000000000000000000, 1.000000000000000000, 0.000000000000000000 ) ) ;
#146 = DIRECTION ( 'NONE',  ( -1.000000000000000000, 0.000000000000000000, 0.000000000000000000 ) ) ;
#147 = CYLINDRICAL_SURFACE ( 'NONE', #354, 0.6999999999999992895 ) ;
#148 = VERTEX_POINT ( 'NONE', #3939 ) ;
#149 = ORIENTED_EDGE ( 'NONE', *, *, #2133, .T. ) ;
#150 = CARTESIAN_POINT ( 'NONE',  ( 0.000000000000000000, 0.000000000000000000, -56.60000000000000853 ) ) ;
#151 = ORIENTED_EDGE ( 'NONE', *, *, #4158, .F. ) ;
#152 = VECTOR ( 'NONE', #1085, 1000.000000000000000 ) ;
#153 = ORIENTED_EDGE ( 'NONE', *, *, #1213, .T. ) ;
#154 = EDGE_CURVE ( 'NONE', #1090, #2128, #3694, .T. ) ;
#155 = DIRECTION ( 'NONE',  ( 0.000000000000000000, 0.000000000000000000, 1.000000000000000000 ) ) ;
#156 = EDGE_LOOP ( 'NONE', ( #670, #2286, #3323, #1457 ) ) ;
#157 = DIRECTION ( 'NONE',  ( 1.000000000000000000, -0.000000000000000000, -0.000000000000000000 ) ) ;
#158 = DIRECTION ( 'NONE',  ( 0.000000000000000000, -8.393823270855516290E-16, 1.000000000000000000 ) ) ;
#159 = AXIS2_PLACEMENT_3D ( 'NONE', #1102, #4970, #1492 ) ;
#160 = ORIENTED_EDGE ( 'NONE', *, *, #3912, .T. ) ;
#161 = CARTESIAN_POINT ( 'NONE',  ( 89.09999999999999432, 5.349999999999997868, -19.19000000000001194 ) ) ;
#162 = ORIENTED_EDGE ( 'NONE', *, *, #3321, .T. ) ;
#163 = VECTOR ( 'NONE', #3012, 1000.000000000000000 ) ;
#164 = EDGE_CURVE ( 'NONE', #1288, #2393, #1194, .T. ) ;
#165 = DIRECTION ( 'NONE',  ( 0.000000000000000000, -1.000000000000000000, 0.000000000000000000 ) ) ;
#166 = CARTESIAN_POINT ( 'NONE',  ( 90.20000000000000284, 2.379766777207654727, 17.11910827962722337 ) ) ;
#167 = VECTOR ( 'NONE', #2047, 1000.000000000000000 ) ;
#168 = ORIENTED_EDGE ( 'NONE', *, *, #1356, .T. ) ;
#169 = CARTESIAN_POINT ( 'NONE',  ( 84.90000000000000568, -0.7999999999999999334, -6.750000000000010658 ) ) ;
#170 = ORIENTED_EDGE ( 'NONE', *, *, #1478, .T. ) ;
#171 = EDGE_CURVE ( 'NONE', #3481, #4369, #2532, .T. ) ;
#172 = CARTESIAN_POINT ( 'NONE',  ( 86.20000000000000284, 0.2604132079315682469, 15.24309991481715443 ) ) ;
#173 = CIRCLE ( 'NONE', #704, 2.949999999999994404 ) ;
#174 = ORIENTED_EDGE ( 'NONE', *, *, #1791, .F. ) ;
#175 = AXIS2_PLACEMENT_3D ( 'NONE', #1333, #3291, #1317 ) ;
#176 = DIRECTION ( 'NONE',  ( 0.000000000000000000, 0.000000000000000000, -1.000000000000000000 ) ) ;
#177 = CARTESIAN_POINT ( 'NONE',  ( 0.000000000000000000, 12.30000000000000071, 0.000000000000000000 ) ) ;
#178 = CARTESIAN_POINT ( 'NONE',  ( 89.09999999999999432, 7.249999999999997335, -13.59000000000001585 ) ) ;
#179 = AXIS2_PLACEMENT_3D ( 'NONE', #3052, #1173, #3888 ) ;
#180 = FACE_OUTER_BOUND ( 'NONE', #4114, .T. ) ;
#181 = ADVANCED_FACE ( 'NONE', ( #3329 ), #1089, .T. ) ;
#182 = CIRCLE ( 'NONE', #4449, 0.4000000000000010214 ) ;
#183 = ORIENTED_EDGE ( 'NONE', *, *, #1008, .T. ) ;
#184 = EDGE_CURVE ( 'NONE', #1109, #739, #3512, .T. ) ;
#185 = CIRCLE ( 'NONE', #1788, 0.5999999999999998668 ) ;
#186 = DIRECTION ( 'NONE',  ( 0.000000000000000000, 0.000000000000000000, 1.000000000000000000 ) ) ;
#187 = EDGE_LOOP ( 'NONE', ( #1645, #917, #4644, #719 ) ) ;
#188 = DIRECTION ( 'NONE',  ( 0.000000000000000000, 0.000000000000000000, 1.000000000000000000 ) ) ;
#189 = CARTESIAN_POINT ( 'NONE',  ( 86.20000000000000284, 10.75961257427094608, 12.18327373306750516 ) ) ;
#190 = CIRCLE ( 'NONE', #1811, 2.950000000000001066 ) ;
#191 = EDGE_CURVE ( 'NONE', #4605, #4825, #955, .T. ) ;
#192 = ORIENTED_EDGE ( 'NONE', *, *, #2169, .T. ) ;
#193 = VERTEX_POINT ( 'NONE', #1928 ) ;
#194 = CARTESIAN_POINT ( 'NONE',  ( 26.89999999999999858, -0.3999999999999999667, -5.799999999999999822 ) ) ;
#195 = EDGE_CURVE ( 'NONE', #3654, #3517, #3687, .T. ) ;
#196 = LINE ( 'NONE', #1207, #2487 ) ;
#197 = VERTEX_POINT ( 'NONE', #369 ) ;
#198 = EDGE_LOOP ( 'NONE', ( #3112, #1216, #4020, #612, #563, #1338, #3364, #4367, #3725, #536 ) ) ;
#199 =( BOUNDED_CURVE ( )  B_SPLINE_CURVE ( 3, ( #3613, #4371, #2859, #4387 ),
 .UNSPECIFIED., .F., .T. ) 
 B_SPLINE_CURVE_WITH_KNOTS ( ( 4, 4 ),
 ( 3.141592653589793116, 4.300872134317210715 ),
 .UNSPECIFIED. ) 
 CURVE ( )  GEOMETRIC_REPRESENTATION_ITEM ( )  RATIONAL_B_SPLINE_CURVE ( ( 1.000000000000000000, 0.8911066843560486728, 0.8911066843560486728, 1.000000000000000000 ) ) 
 REPRESENTATION_ITEM ( '' )  );
#200 = DIRECTION ( 'NONE',  ( 0.000000000000000000, 0.000000000000000000, 1.000000000000000000 ) ) ;
#201 = ORIENTED_EDGE ( 'NONE', *, *, #2343, .T. ) ;
#202 = AXIS2_PLACEMENT_3D ( 'NONE', #4166, #1858, #2238 ) ;
#203 = FACE_BOUND ( 'NONE', #627, .T. ) ;
#204 = AXIS2_PLACEMENT_3D ( 'NONE', #2432, #806, #1228 ) ;
#205 = CARTESIAN_POINT ( 'NONE',  ( 20.04926735356653467, 3.200000000000000178, 0.000000000000000000 ) ) ;
#206 = CYLINDRICAL_SURFACE ( 'NONE', #242, 0.3999999999999993006 ) ;
#207 = VERTEX_POINT ( 'NONE', #1138 ) ;
#208 = DIRECTION ( 'NONE',  ( -0.000000000000000000, -0.000000000000000000, 1.000000000000000000 ) ) ;
#209 = ORIENTED_EDGE ( 'NONE', *, *, #2559, .F. ) ;
#210 = ADVANCED_FACE ( 'NONE', ( #4790 ), #567, .F. ) ;
#211 = ORIENTED_EDGE ( 'NONE', *, *, #282, .F. ) ;
#212 = CARTESIAN_POINT ( 'NONE',  ( 90.20000000000000284, 1.689652777936718309, 16.26252047443135851 ) ) ;
#213 = ORIENTED_EDGE ( 'NONE', *, *, #4327, .F. ) ;
#214 = ORIENTED_EDGE ( 'NONE', *, *, #2388, .F. ) ;
#215 = CARTESIAN_POINT ( 'NONE',  ( 90.20000000000000284, 11.19622312751839388, 11.28362312044449389 ) ) ;
#216 = EDGE_CURVE ( 'NONE', #247, #4712, #2054, .T. ) ;
#217 = DIRECTION ( 'NONE',  ( 0.000000000000000000, 0.000000000000000000, 1.000000000000000000 ) ) ;
#218 = EDGE_LOOP ( 'NONE', ( #3545, #4064, #1668, #4541, #2788, #2350, #3164, #1416, #3287, #1609 ) ) ;
#219 = EDGE_LOOP ( 'NONE', ( #2644, #1243, #1968, #270 ) ) ;
#220 = CARTESIAN_POINT ( 'NONE',  ( 90.20000000000000284, 5.530319048728524756, 17.41935483870967616 ) ) ;
#221 = VECTOR ( 'NONE', #3107, 1000.000000000000000 ) ;
#222 = DIRECTION ( 'NONE',  ( 0.000000000000000000, -5.551115123125783935E-17, 1.000000000000000000 ) ) ;
#223 = ORIENTED_EDGE ( 'NONE', *, *, #4238, .F. ) ;
#224 = EDGE_CURVE ( 'NONE', #3862, #1532, #902, .T. ) ;
#225 = DIRECTION ( 'NONE',  ( -0.000000000000000000, 1.000000000000000000, -0.000000000000000000 ) ) ;
#226 = LINE ( 'NONE', #3504, #4155 ) ;
#227 = FACE_OUTER_BOUND ( 'NONE', #1769, .T. ) ;
#228 = ORIENTED_EDGE ( 'NONE', *, *, #131, .T. ) ;
#229 = DIRECTION ( 'NONE',  ( 0.000000000000000000, 0.000000000000000000, -1.000000000000000000 ) ) ;
#230 = DIRECTION ( 'NONE',  ( -0.000000000000000000, -1.000000000000000000, -5.551115123125783935E-17 ) ) ;
#231 = CARTESIAN_POINT ( 'NONE',  ( 108.8000000000000114, 18.20000000000000284, -38.80000000000001137 ) ) ;
#232 = VECTOR ( 'NONE', #2792, 1000.000000000000000 ) ;
#233 = EDGE_CURVE ( 'NONE', #2956, #100, #2883, .T. ) ;
#234 = VECTOR ( 'NONE', #3748, 1000.000000000000000 ) ;
#235 = CARTESIAN_POINT ( 'NONE',  ( 86.20000000000000284, 0.6159379566434146636, 15.18406204335660448 ) ) ;
#236 = FACE_OUTER_BOUND ( 'NONE', #710, .T. ) ;
#237 = DIRECTION ( 'NONE',  ( -1.000000000000000000, 0.000000000000000000, 0.000000000000000000 ) ) ;
#238 = VECTOR ( 'NONE', #208, 1000.000000000000000 ) ;
#239 = ORIENTED_EDGE ( 'NONE', *, *, #3799, .T. ) ;
#240 = DIRECTION ( 'NONE',  ( 0.000000000000000000, 1.000000000000000000, 0.000000000000000000 ) ) ;
#241 = VECTOR ( 'NONE', #4186, 1000.000000000000000 ) ;
#242 = AXIS2_PLACEMENT_3D ( 'NONE', #1146, #2623, #3859 ) ;
#243 = ORIENTED_EDGE ( 'NONE', *, *, #1070, .F. ) ;
#244 = LINE ( 'NONE', #4862, #11 ) ;
#245 = EDGE_LOOP ( 'NONE', ( #3386, #3402, #4146, #2806 ) ) ;
#246 = DIRECTION ( 'NONE',  ( 0.000000000000000000, 0.000000000000000000, 1.000000000000000000 ) ) ;
#247 = VERTEX_POINT ( 'NONE', #3308 ) ;
#248 = ADVANCED_FACE ( 'NONE', ( #3385 ), #2, .F. ) ;
#249 = ORIENTED_EDGE ( 'NONE', *, *, #2749, .F. ) ;
#250 = EDGE_CURVE ( 'NONE', #2424, #1230, #1874, .T. ) ;
#251 = DIRECTION ( 'NONE',  ( 0.000000000000000000, -5.551115123125783935E-17, 1.000000000000000000 ) ) ;
#252 = FACE_OUTER_BOUND ( 'NONE', #2074, .T. ) ;
#253 = EDGE_CURVE ( 'NONE', #1485, #812, #133, .T. ) ;
#254 = CYLINDRICAL_SURFACE ( 'NONE', #2584, 2.999999999999999112 ) ;
#255 = ORIENTED_EDGE ( 'NONE', *, *, #4378, .F. ) ;
#256 = AXIS2_PLACEMENT_3D ( 'NONE', #3317, #4034, #2098 ) ;
#257 = DIRECTION ( 'NONE',  ( 1.000000000000000000, -0.000000000000000000, -0.000000000000000000 ) ) ;
#258 = CARTESIAN_POINT ( 'NONE',  ( 1.999999999999983569, 0.000000000000000000, 0.000000000000000000 ) ) ;
#259 = EDGE_CURVE ( 'NONE', #1903, #2588, #4861, .T. ) ;
#260 = VERTEX_POINT ( 'NONE', #4011 ) ;
#261 = ADVANCED_FACE ( 'NONE', ( #2472 ), #4170, .T. ) ;
#262 = VERTEX_POINT ( 'NONE', #4061 ) ;
#263 = ORIENTED_EDGE ( 'NONE', *, *, #2095, .F. ) ;
#264 = AXIS2_PLACEMENT_3D ( 'NONE', #3369, #1853, #2987 ) ;
#265 = CARTESIAN_POINT ( 'NONE',  ( 26.89999999999999858, -1.199999999999999956, -2.799999999999997602 ) ) ;
#266 = ORIENTED_EDGE ( 'NONE', *, *, #1582, .F. ) ;
#267 = CIRCLE ( 'NONE', #1053, 0.3999999999999993006 ) ;
#268 = CARTESIAN_POINT ( 'NONE',  ( 89.80000000000001137, 4.550000000000028244, -14.38999999999996326 ) ) ;
#269 = ORIENTED_EDGE ( 'NONE', *, *, #1728, .F. ) ;
#270 = ORIENTED_EDGE ( 'NONE', *, *, #171, .F. ) ;
#271 = CARTESIAN_POINT ( 'NONE',  ( 86.20000000000000284, -0.06645484669383969201, 15.07365852963213193 ) ) ;
#272 = CARTESIAN_POINT ( 'NONE',  ( 0.000000000000000000, 12.30000000000000071, -57.40000000000001279 ) ) ;
#273 = AXIS2_PLACEMENT_3D ( 'NONE', #4066, #2176, #2902 ) ;
#274 = ORIENTED_EDGE ( 'NONE', *, *, #353, .F. ) ;
#275 = CARTESIAN_POINT ( 'NONE',  ( 84.22010101267767368, -0.7437538588033064668, 13.02620169357858160 ) ) ;
#276 = DIRECTION ( 'NONE',  ( -0.7071067811865475727, 0.000000000000000000, 0.7071067811865475727 ) ) ;
#277 = CARTESIAN_POINT ( 'NONE',  ( 84.90000000000000568, -1.199999999999999956, -54.79999999999999716 ) ) ;
#278 = PLANE ( 'NONE',  #1390 ) ;
#279 = CIRCLE ( 'NONE', #4837, 1.399999999999998579 ) ;
#280 = EDGE_LOOP ( 'NONE', ( #1584, #3644, #3220, #1343 ) ) ;
#281 = DIRECTION ( 'NONE',  ( 0.000000000000000000, 0.000000000000000000, 1.000000000000000000 ) ) ;
#282 = EDGE_CURVE ( 'NONE', #2941, #2891, #1443, .T. ) ;
#283 = ADVANCED_FACE ( 'NONE', ( #3008 ), #1938, .T. ) ;
#284 = DIRECTION ( 'NONE',  ( 0.000000000000000000, 1.960139520877748001E-16, -1.000000000000000000 ) ) ;
#285 = LINE ( 'NONE', #2691, #3252 ) ;
#286 = CARTESIAN_POINT ( 'NONE',  ( 86.20000000000000284, -0.4348996275577686754, 14.48359951038547244 ) ) ;
#287 = CARTESIAN_POINT ( 'NONE',  ( 86.20000000000000284, 5.000000000000000000, 11.50000000000000000 ) ) ;
#288 = CARTESIAN_POINT ( 'NONE',  ( 90.17027690262850115, -0.4297230973715073787, 11.18152273047023826 ) ) ;
#289 =( BOUNDED_CURVE ( )  B_SPLINE_CURVE ( 3, ( #4507, #288, #1852, #636 ),
 .UNSPECIFIED., .F., .T. ) 
 B_SPLINE_CURVE_WITH_KNOTS ( ( 4, 4 ),
 ( 5.123905826452182843, 7.367247349621827368 ),
 .UNSPECIFIED. ) 
 CURVE ( )  GEOMETRIC_REPRESENTATION_ITEM ( )  RATIONAL_B_SPLINE_CURVE ( ( 1.000000000000000000, 0.6227853237624015881, 0.6227853237624015881, 1.000000000000000000 ) ) 
 REPRESENTATION_ITEM ( '' )  );
#290 = DIRECTION ( 'NONE',  ( 0.000000000000000000, 0.000000000000000000, -1.000000000000000000 ) ) ;
#291 = EDGE_LOOP ( 'NONE', ( #1056, #2191, #4580, #3834 ) ) ;
#292 = DIRECTION ( 'NONE',  ( 0.000000000000000000, -0.000000000000000000, 1.000000000000000000 ) ) ;
#293 = DIRECTION ( 'NONE',  ( -0.000000000000000000, 1.000000000000000000, -0.000000000000000000 ) ) ;
#294 = AXIS2_PLACEMENT_3D ( 'NONE', #3374, #1035, #4842 ) ;
#295 = AXIS2_PLACEMENT_3D ( 'NONE', #2871, #3276, #1659 ) ;
#296 = VECTOR ( 'NONE', #1124, 1000.000000000000000 ) ;
#297 = ORIENTED_EDGE ( 'NONE', *, *, #4150, .T. ) ;
#298 = CARTESIAN_POINT ( 'NONE',  ( 86.20000000000000284, -0.7437538588033063558, 13.02620169357858160 ) ) ;
#299 = LINE ( 'NONE', #1314, #3075 ) ;
#300 = CIRCLE ( 'NONE', #876, 2.449999999999997957 ) ;
#301 = CYLINDRICAL_SURFACE ( 'NONE', #4696, 1.500000000000001332 ) ;
#302 = ORIENTED_EDGE ( 'NONE', *, *, #2925, .T. ) ;
#303 = DIRECTION ( 'NONE',  ( 0.000000000000000000, 1.000000000000000000, 0.000000000000000000 ) ) ;
#304 = VECTOR ( 'NONE', #2697, 1000.000000000000000 ) ;
#305 = ORIENTED_EDGE ( 'NONE', *, *, #2065, .T. ) ;
#306 = ORIENTED_EDGE ( 'NONE', *, *, #3266, .F. ) ;
#307 = CARTESIAN_POINT ( 'NONE',  ( 72.20000000000000284, 7.897777478867207712, 12.27645713530754712 ) ) ;
#308 = DIRECTION ( 'NONE',  ( -1.000000000000000000, -0.000000000000000000, -0.000000000000000000 ) ) ;
#309 = CARTESIAN_POINT ( 'NONE',  ( 86.20000000000000284, 1.689652777936718309, 16.26252047443135851 ) ) ;
#310 = EDGE_CURVE ( 'NONE', #1637, #1305, #3871, .T. ) ;
#311 = LINE ( 'NONE', #4090, #4876 ) ;
#312 = VERTEX_POINT ( 'NONE', #2568 ) ;
#313 = VERTEX_POINT ( 'NONE', #2970 ) ;
#314 = ORIENTED_EDGE ( 'NONE', *, *, #4316, .T. ) ;
#315 = CYLINDRICAL_SURFACE ( 'NONE', #4969, 2.999999999999999112 ) ;
#316 = EDGE_LOOP ( 'NONE', ( #4394, #3167, #3421, #1234, #4418, #3048, #4895, #2553 ) ) ;
#317 = ORIENTED_EDGE ( 'NONE', *, *, #1286, .F. ) ;
#318 = EDGE_CURVE ( 'NONE', #441, #1637, #4624, .T. ) ;
#319 = CARTESIAN_POINT ( 'NONE',  ( 80.38999999999900581, 5.980000000000111449, 0.5100000000010000978 ) ) ;
#320 = ORIENTED_EDGE ( 'NONE', *, *, #4573, .T. ) ;
#321 = ORIENTED_EDGE ( 'NONE', *, *, #4822, .F. ) ;
#322 = ORIENTED_EDGE ( 'NONE', *, *, #1206, .T. ) ;
#323 = ORIENTED_EDGE ( 'NONE', *, *, #4195, .F. ) ;
#324 = AXIS2_PLACEMENT_3D ( 'NONE', #3116, #798, #3510 ) ;
#325 = DIRECTION ( 'NONE',  ( -1.000000000000000000, -0.000000000000000000, -0.000000000000000000 ) ) ;
#326 = DIRECTION ( 'NONE',  ( 0.000000000000000000, -1.000000000000000000, 0.000000000000000000 ) ) ;
#327 = DIRECTION ( 'NONE',  ( 1.000000000000000000, -0.000000000000000000, -0.000000000000000000 ) ) ;
#328 = CYLINDRICAL_SURFACE ( 'NONE', #4312, 0.4000000000000010214 ) ;
#329 = VERTEX_POINT ( 'NONE', #4840 ) ;
#330 = CARTESIAN_POINT ( 'NONE',  ( 82.26999999999901547, 7.580000000014799788, 0.5100000000010000978 ) ) ;
#331 = EDGE_CURVE ( 'NONE', #4363, #1151, #776, .T. ) ;
#332 = DIRECTION ( 'NONE',  ( 0.000000000000000000, 1.000000000000000000, 0.000000000000000000 ) ) ;
#333 = ORIENTED_EDGE ( 'NONE', *, *, #2289, .T. ) ;
#334 = VERTEX_POINT ( 'NONE', #307 ) ;
#335 =( GEOMETRIC_REPRESENTATION_CONTEXT ( 3 ) GLOBAL_UNCERTAINTY_ASSIGNED_CONTEXT ( ( #1331 ) ) GLOBAL_UNIT_ASSIGNED_CONTEXT ( ( #570, #3667, #934 ) ) REPRESENTATION_CONTEXT ( 'NONE', 'WORKASPACE' ) );
#336 = DIRECTION ( 'NONE',  ( -1.000000000000000000, -0.000000000000000000, 0.000000000000000000 ) ) ;
#337 = VERTEX_POINT ( 'NONE', #2236 ) ;
#338 = DIRECTION ( 'NONE',  ( 0.000000000000000000, 0.000000000000000000, -1.000000000000000000 ) ) ;
#339 = VERTEX_POINT ( 'NONE', #4872 ) ;
#340 = DIRECTION ( 'NONE',  ( -0.5773502691896257311, -0.5773502691896257311, 0.5773502691896257311 ) ) ;
#341 = AXIS2_PLACEMENT_3D ( 'NONE', #4873, #625, #2586 ) ;
#342 = ORIENTED_EDGE ( 'NONE', *, *, #4261, .F. ) ;
#343 = LINE ( 'NONE', #3258, #2396 ) ;
#344 = CARTESIAN_POINT ( 'NONE',  ( 80.39000000000200430, 9.460000000000009734, 0.000000000000000000 ) ) ;
#345 = FACE_OUTER_BOUND ( 'NONE', #439, .T. ) ;
#346 = CIRCLE ( 'NONE', #179, 1.499999999999994449 ) ;
#347 = ORIENTED_EDGE ( 'NONE', *, *, #2258, .T. ) ;
#348 = EDGE_CURVE ( 'NONE', #3594, #2241, #1808, .T. ) ;
#349 = CARTESIAN_POINT ( 'NONE',  ( 86.20000000000000284, -1.199999999999999734, 11.50000000000000355 ) ) ;
#350 = ORIENTED_EDGE ( 'NONE', *, *, #4966, .T. ) ;
#351 = DIRECTION ( 'NONE',  ( 0.000000000000000000, -1.000000000000000000, 0.000000000000000000 ) ) ;
#352 = CARTESIAN_POINT ( 'NONE',  ( 89.80000000000001137, 8.050000000000029132, -14.38999999999996326 ) ) ;
#353 = EDGE_CURVE ( 'NONE', #1842, #384, #3624, .T. ) ;
#354 = AXIS2_PLACEMENT_3D ( 'NONE', #2344, #1610, #50 ) ;
#355 = DIRECTION ( 'NONE',  ( 1.000000000000000000, 0.000000000000000000, 0.000000000000000000 ) ) ;
#356 = EDGE_CURVE ( 'NONE', #4246, #2424, #2409, .T. ) ;
#357 = CARTESIAN_POINT ( 'NONE',  ( 89.80000000000001137, 5.350000000000009415, -9.389999999999961489 ) ) ;
#358 = LINE ( 'NONE', #2947, #4623 ) ;
#359 = DIRECTION ( 'NONE',  ( 0.000000000000000000, 0.000000000000000000, -1.000000000000000000 ) ) ;
#360 = ORIENTED_EDGE ( 'NONE', *, *, #2095, .T. ) ;
#361 = AXIS2_PLACEMENT_3D ( 'NONE', #2762, #4348, #3181 ) ;
#362 = AXIS2_PLACEMENT_3D ( 'NONE', #1129, #3840, #1918 ) ;
#363 = FACE_OUTER_BOUND ( 'NONE', #686, .T. ) ;
#364 = CARTESIAN_POINT ( 'NONE',  ( 84.90000000000000568, -0.4000000000000000222, -7.249999999999994671 ) ) ;
#365 = DIRECTION ( 'NONE',  ( 0.000000000000000000, -0.000000000000000000, 1.000000000000000000 ) ) ;
#366 = VECTOR ( 'NONE', #4854, 1000.000000000000000 ) ;
#367 = ORIENTED_EDGE ( 'NONE', *, *, #2102, .T. ) ;
#368 = ORIENTED_EDGE ( 'NONE', *, *, #2078, .T. ) ;
#369 = CARTESIAN_POINT ( 'NONE',  ( 5.799999999999999822, -1.200000000000000178, -1.242638296370980028E-15 ) ) ;
#370 = DIRECTION ( 'NONE',  ( 0.000000000000000000, 1.000000000000000000, 0.000000000000000000 ) ) ;
#371 = ORIENTED_EDGE ( 'NONE', *, *, #3532, .F. ) ;
#372 = AXIS2_PLACEMENT_3D ( 'NONE', #1581, #3562, #4691 ) ;
#373 = ORIENTED_EDGE ( 'NONE', *, *, #4847, .T. ) ;
#374 = CIRCLE ( 'NONE', #2075, 0.4000000000000010214 ) ;
#375 = ORIENTED_EDGE ( 'NONE', *, *, #2239, .T. ) ;
#376 = VERTEX_POINT ( 'NONE', #2371 ) ;
#377 = ADVANCED_FACE ( 'NONE', ( #770 ), #3128, .T. ) ;
#378 = DIRECTION ( 'NONE',  ( -0.000000000000000000, -1.000000000000000000, -0.000000000000000000 ) ) ;
#379 = VERTEX_POINT ( 'NONE', #4611 ) ;
#380 = DIRECTION ( 'NONE',  ( 1.000000000000000000, 0.000000000000000000, 0.000000000000000000 ) ) ;
#381 = EDGE_CURVE ( 'NONE', #2823, #3907, #2229, .T. ) ;
#382 = ORIENTED_EDGE ( 'NONE', *, *, #4822, .T. ) ;
#383 = DIRECTION ( 'NONE',  ( 0.000000000000000000, 1.000000000000000000, 0.000000000000000000 ) ) ;
#384 = VERTEX_POINT ( 'NONE', #3468 ) ;
#385 = CARTESIAN_POINT ( 'NONE',  ( 86.20000000000000284, -1.200000000000001066, 10.58348486100883434 ) ) ;
#386 = ORIENTED_EDGE ( 'NONE', *, *, #3791, .F. ) ;
#387 = ORIENTED_EDGE ( 'NONE', *, *, #1604, .F. ) ;
#388 = DIRECTION ( 'NONE',  ( -1.000000000000000000, 0.000000000000000000, 0.000000000000000000 ) ) ;
#389 = DIRECTION ( 'NONE',  ( -1.000000000000000000, -0.000000000000000000, -0.000000000000000000 ) ) ;
#390 = VECTOR ( 'NONE', #257, 1000.000000000000000 ) ;
#391 = ORIENTED_EDGE ( 'NONE', *, *, #3328, .F. ) ;
#392 = CIRCLE ( 'NONE', #3520, 2.450000000000000622 ) ;
#393 = AXIS2_PLACEMENT_3D ( 'NONE', #2516, #1284, #3255 ) ;
#394 = CARTESIAN_POINT ( 'NONE',  ( 86.20000000000000284, -0.7322580645161279600, 12.38386508121421414 ) ) ;
#395 = EDGE_CURVE ( 'NONE', #4927, #2533, #2050, .T. ) ;
#396 = DIRECTION ( 'NONE',  ( 0.000000000000000000, -5.551115123125781470E-17, -1.000000000000000000 ) ) ;
#397 = ORIENTED_EDGE ( 'NONE', *, *, #1128, .T. ) ;
#398 = CARTESIAN_POINT ( 'NONE',  ( 64.49999999999997158, 6.098427603645005135, 0.000000000000000000 ) ) ;
#399 = LINE ( 'NONE', #1761, #4202 ) ;
#400 = CARTESIAN_POINT ( 'NONE',  ( 48.29999999999999716, 5.098427603645002471, 1.110000000000001652 ) ) ;
#401 = LINE ( 'NONE', #2958, #1496 ) ;
#402 = VECTOR ( 'NONE', #4716, 1000.000000000000000 ) ;
#403 = CARTESIAN_POINT ( 'NONE',  ( 72.20000000000000284, 4.508508773426605387, 11.84414586181062745 ) ) ;
#404 = DIRECTION ( 'NONE',  ( 0.000000000000000000, 0.000000000000000000, -1.000000000000000000 ) ) ;
#405 = VECTOR ( 'NONE', #70, 1000.000000000000114 ) ;
#406 = AXIS2_PLACEMENT_3D ( 'NONE', #1402, #3376, #229 ) ;
#407 = CARTESIAN_POINT ( 'NONE',  ( 80.20000000000000284, 7.250000000000007994, -18.38999999999996149 ) ) ;
#408 = DIRECTION ( 'NONE',  ( -0.000000000000000000, -1.000000000000000000, -0.000000000000000000 ) ) ;
#409 = EDGE_CURVE ( 'NONE', #2856, #1252, #3197, .T. ) ;
#410 = CYLINDRICAL_SURFACE ( 'NONE', #2146, 0.6999999999999992895 ) ;
#411 = CARTESIAN_POINT ( 'NONE',  ( 86.20000000000000284, 1.940603323126152135, 16.57400694904803728 ) ) ;
#412 = DIRECTION ( 'NONE',  ( 0.000000000000000000, -1.000000000000000000, 0.000000000000000000 ) ) ;
#413 = CYLINDRICAL_SURFACE ( 'NONE', #3136, 0.5999999999999998668 ) ;
#414 = VECTOR ( 'NONE', #1195, 1000.000000000000000 ) ;
#415 = ORIENTED_EDGE ( 'NONE', *, *, #3805, .F. ) ;
#416 = AXIS2_PLACEMENT_3D ( 'NONE', #2341, #113, #3519 ) ;
#417 = DIRECTION ( 'NONE',  ( -0.000000000000000000, 1.000000000000000000, -0.000000000000000000 ) ) ;
#418 = LINE ( 'NONE', #3931, #6 ) ;
#419 = EDGE_CURVE ( 'NONE', #1969, #4286, #2106, .T. ) ;
#420 = DIRECTION ( 'NONE',  ( 1.000000000000000000, 0.000000000000000000, 0.000000000000000000 ) ) ;
#421 = LINE ( 'NONE', #2852, #1999 ) ;
#422 = CIRCLE ( 'NONE', #2046, 0.4000000000000010214 ) ;
#423 = CIRCLE ( 'NONE', #1099, 2.000000000000000000 ) ;
#424 = ORIENTED_EDGE ( 'NONE', *, *, #3133, .T. ) ;
#425 = ORIENTED_EDGE ( 'NONE', *, *, #65, .F. ) ;
#426 = VECTOR ( 'NONE', #3036, 1000.000000000000000 ) ;
#427 = AXIS2_PLACEMENT_3D ( 'NONE', #1946, #1139, #3853 ) ;
#428 = CIRCLE ( 'NONE', #1270, 1.499999999999996891 ) ;
#429 = CARTESIAN_POINT ( 'NONE',  ( 26.89999999999999858, 0.000000000000000000, -50.35000000000000142 ) ) ;
#430 = ORIENTED_EDGE ( 'NONE', *, *, #2505, .T. ) ;
#431 = VERTEX_POINT ( 'NONE', #1246 ) ;
#432 = EDGE_CURVE ( 'NONE', #4659, #3493, #584, .T. ) ;
#433 = DIRECTION ( 'NONE',  ( -1.000000000000000000, 0.000000000000000000, -0.000000000000000000 ) ) ;
#434 = CIRCLE ( 'NONE', #4801, 2.950000000000001066 ) ;
#435 = VERTEX_POINT ( 'NONE', #1145 ) ;
#436 = ORIENTED_EDGE ( 'NONE', *, *, #1336, .T. ) ;
#437 = EDGE_CURVE ( 'NONE', #4715, #4540, #3564, .T. ) ;
#438 = DIRECTION ( 'NONE',  ( -0.000000000000000000, 0.000000000000000000, 1.000000000000000000 ) ) ;
#439 = EDGE_LOOP ( 'NONE', ( #1531, #2498, #2846, #3003 ) ) ;
#440 = EDGE_CURVE ( 'NONE', #4440, #262, #4565, .T. ) ;
#441 = VERTEX_POINT ( 'NONE', #2944 ) ;
#442 = CARTESIAN_POINT ( 'NONE',  ( 82.26999999999900126, 12.30000000000000071, -0.8000000000000000444 ) ) ;
#443 = ADVANCED_FACE ( 'NONE', ( #2695 ), #2292, .T. ) ;
#444 = AXIS2_PLACEMENT_3D ( 'NONE', #1960, #1944, #16 ) ;
#445 = EDGE_LOOP ( 'NONE', ( #371, #4249, #3576, #342, #1319, #3225 ) ) ;
#446 = CARTESIAN_POINT ( 'NONE',  ( 89.80000000000001137, 0.000000000000000000, -18.00000000000000000 ) ) ;
#447 = ORIENTED_EDGE ( 'NONE', *, *, #884, .T. ) ;
#448 = AXIS2_PLACEMENT_3D ( 'NONE', #2361, #877, #594 ) ;
#449 = CARTESIAN_POINT ( 'NONE',  ( 84.22010101267767368, 2.379766777207654727, 17.11910827962722337 ) ) ;
#450 = CARTESIAN_POINT ( 'NONE',  ( 72.20000000000000284, 5.000000000000000000, 11.50000000000000000 ) ) ;
#451 = VECTOR ( 'NONE', #1354, 1000.000000000000000 ) ;
#452 = CIRCLE ( 'NONE', #4185, 0.3999999999999993006 ) ;
#453 = ORIENTED_EDGE ( 'NONE', *, *, #253, .T. ) ;
#454 = CARTESIAN_POINT ( 'NONE',  ( 88.59999999999999432, 8.050000000000029132, -14.38999999999996326 ) ) ;
#455 = ADVANCED_FACE ( 'NONE', ( #4219 ), #1802, .F. ) ;
#456 = CYLINDRICAL_SURFACE ( 'NONE', #3415, 2.450000000000012168 ) ;
#457 = DIRECTION ( 'NONE',  ( -1.000000000000000000, 0.000000000000000000, 0.000000000000000000 ) ) ;
#458 = FACE_OUTER_BOUND ( 'NONE', #4260, .T. ) ;
#459 = EDGE_CURVE ( 'NONE', #1109, #873, #4856, .T. ) ;
#460 = CARTESIAN_POINT ( 'NONE',  ( 26.89999999999999858, -0.7999999999999999334, -1.850000000000000533 ) ) ;
#461 = DIRECTION ( 'NONE',  ( 0.000000000000000000, 0.000000000000000000, -1.000000000000000000 ) ) ;
#462 = DIRECTION ( 'NONE',  ( 0.000000000000000000, 0.000000000000000000, 1.000000000000000000 ) ) ;
#463 = DIRECTION ( 'NONE',  ( 0.000000000000000000, 0.000000000000000000, -1.000000000000000000 ) ) ;
#464 = EDGE_CURVE ( 'NONE', #873, #4808, #3751, .T. ) ;
#465 = FACE_OUTER_BOUND ( 'NONE', #4885, .T. ) ;
#466 = CYLINDRICAL_SURFACE ( 'NONE', #4494, 1.399999999999997691 ) ;
#467 = ORIENTED_EDGE ( 'NONE', *, *, #2196, .F. ) ;
#468 = DIRECTION ( 'NONE',  ( 0.000000000000000000, 0.000000000000000000, -1.000000000000000000 ) ) ;
#469 = CARTESIAN_POINT ( 'NONE',  ( 89.80000000000001137, 4.550000000000028244, -32.38999999999995794 ) ) ;
#470 = VECTOR ( 'NONE', #1371, 1000.000000000000000 ) ;
#471 = ORIENTED_EDGE ( 'NONE', *, *, #894, .T. ) ;
#472 = LINE ( 'NONE', #330, #1383 ) ;
#473 = VERTEX_POINT ( 'NONE', #1011 ) ;
#474 = AXIS2_PLACEMENT_3D ( 'NONE', #2485, #4026, #155 ) ;
#475 = CARTESIAN_POINT ( 'NONE',  ( 86.20000000000000284, 5.000000000000002665, 11.50000000000000355 ) ) ;
#476 = EDGE_CURVE ( 'NONE', #4560, #4194, #4620, .T. ) ;
#477 = FACE_OUTER_BOUND ( 'NONE', #1168, .T. ) ;
#478 = ORIENTED_EDGE ( 'NONE', *, *, #1877, .F. ) ;
#479 = DIRECTION ( 'NONE',  ( -0.000000000000000000, -5.551115123125781470E-17, -1.000000000000000000 ) ) ;
#480 = ORIENTED_EDGE ( 'NONE', *, *, #3863, .T. ) ;
#481 = ORIENTED_EDGE ( 'NONE', *, *, #250, .T. ) ;
#482 = DIRECTION ( 'NONE',  ( -1.000000000000000000, 0.000000000000000000, 0.000000000000000000 ) ) ;
#483 = CARTESIAN_POINT ( 'NONE',  ( 26.89999999999999858, -0.7999999999999999334, -53.29999999999999716 ) ) ;
#484 = CARTESIAN_POINT ( 'NONE',  ( 9.799999999999998934, 11.20000000000000107, 11.50000000000000178 ) ) ;
#485 = LINE ( 'NONE', #1450, #2194 ) ;
#486 = CARTESIAN_POINT ( 'NONE',  ( 80.39000000000200430, 9.460000000000009734, 0.5100000000010000978 ) ) ;
#487 = DIRECTION ( 'NONE',  ( 1.000000000000000000, 0.000000000000000000, 0.000000000000000000 ) ) ;
#488 = VECTOR ( 'NONE', #2954, 1000.000000000000114 ) ;
#489 = ORIENTED_EDGE ( 'NONE', *, *, #508, .T. ) ;
#490 = ORIENTED_EDGE ( 'NONE', *, *, #3349, .T. ) ;
#491 = CARTESIAN_POINT ( 'NONE',  ( 80.20000000000000284, 5.350000000000009415, -18.38999999999996149 ) ) ;
#492 = AXIS2_PLACEMENT_3D ( 'NONE', #2836, #4320, #1649 ) ;
#493 = EDGE_LOOP ( 'NONE', ( #3994, #3480 ) ) ;
#494 = DIRECTION ( 'NONE',  ( 0.000000000000000000, -0.000000000000000000, 1.000000000000000000 ) ) ;
#495 = ORIENTED_EDGE ( 'NONE', *, *, #3403, .T. ) ;
#496 = ADVANCED_FACE ( 'NONE', ( #2943 ), #3315, .F. ) ;
#497 = VERTEX_POINT ( 'NONE', #1804 ) ;
#498 = CARTESIAN_POINT ( 'NONE',  ( 89.40000000000000568, -1.199999999999999956, 0.000000000000000000 ) ) ;
#499 = VERTEX_POINT ( 'NONE', #4505 ) ;
#500 = EDGE_CURVE ( 'NONE', #4659, #2153, #649, .T. ) ;
#501 = CARTESIAN_POINT ( 'NONE',  ( 26.89999999999999858, 0.000000000000000000, -56.25000000000000000 ) ) ;
#502 = ORIENTED_EDGE ( 'NONE', *, *, #2151, .T. ) ;
#503 = CARTESIAN_POINT ( 'NONE',  ( 86.20000000000000284, 1.689652777936718309, 16.26252047443135851 ) ) ;
#504 = ORIENTED_EDGE ( 'NONE', *, *, #4782, .T. ) ;
#505 = CIRCLE ( 'NONE', #4556, 6.200000000000001066 ) ;
#506 = CARTESIAN_POINT ( 'NONE',  ( 90.20000000000000284, 4.055178706288256940, 17.62758620689654876 ) ) ;
#507 = DIRECTION ( 'NONE',  ( -1.000000000000000000, -0.000000000000000000, 0.000000000000000000 ) ) ;
#508 = EDGE_CURVE ( 'NONE', #1966, #851, #4444, .T. ) ;
#509 = CARTESIAN_POINT ( 'NONE',  ( 0.000000000000000000, 12.30000000000000071, 0.000000000000000000 ) ) ;
#510 = EDGE_LOOP ( 'NONE', ( #747, #977, #33, #4257 ) ) ;
#511 = ADVANCED_FACE ( 'NONE', ( #458 ), #3804, .F. ) ;
#512 = DIRECTION ( 'NONE',  ( 0.000000000000000000, 1.000000000000000000, 0.000000000000000000 ) ) ;
#513 = EDGE_CURVE ( 'NONE', #863, #1513, #4733, .T. ) ;
#514 = LINE ( 'NONE', #231, #4487 ) ;
#515 = DIRECTION ( 'NONE',  ( -1.000000000000000000, 0.000000000000000000, 0.000000000000000000 ) ) ;
#516 = AXIS2_PLACEMENT_3D ( 'NONE', #3710, #1807, #2188 ) ;
#517 = VECTOR ( 'NONE', #2699, 1000.000000000000000 ) ;
#518 = ORIENTED_EDGE ( 'NONE', *, *, #419, .T. ) ;
#519 = DIRECTION ( 'NONE',  ( -0.000000000000000000, -0.7071067811865475727, -0.7071067811865475727 ) ) ;
#520 = DIRECTION ( 'NONE',  ( -0.000000000000000000, 1.000000000000000000, -0.000000000000000000 ) ) ;
#521 = ORIENTED_EDGE ( 'NONE', *, *, #3722, .F. ) ;
#522 = AXIS2_PLACEMENT_3D ( 'NONE', #1368, #4806, #587 ) ;
#523 = DIRECTION ( 'NONE',  ( -0.000000000000000000, -1.000000000000000000, -0.000000000000000000 ) ) ;
#524 = CARTESIAN_POINT ( 'NONE',  ( 0.000000000000000000, -0.4000000000000045186, -57.40000000000001279 ) ) ;
#525 = CARTESIAN_POINT ( 'NONE',  ( 89.51880454385737096, -1.081195456142635791, 12.70791631506083696 ) ) ;
#526 = EDGE_CURVE ( 'NONE', #197, #3892, #4618, .T. ) ;
#527 = CIRCLE ( 'NONE', #516, 6.200000000000001066 ) ;
#528 = CARTESIAN_POINT ( 'NONE',  ( 5.799999999999999822, 5.000000000000000888, 17.69999999999999929 ) ) ;
#529 = CARTESIAN_POINT ( 'NONE',  ( 22.04926735356654177, 3.200000000000000178, -10.00000000000000000 ) ) ;
#530 = CIRCLE ( 'NONE', #294, 0.5999999999999998668 ) ;
#531 = DIRECTION ( 'NONE',  ( 1.000000000000000000, 0.000000000000000000, 0.000000000000000000 ) ) ;
#532 = LINE ( 'NONE', #4221, #4517 ) ;
#533 = VERTEX_POINT ( 'NONE', #19 ) ;
#534 = CARTESIAN_POINT ( 'NONE',  ( 86.20000000000000284, 2.379766777207654727, 17.11910827962722337 ) ) ;
#535 = VECTOR ( 'NONE', #1876, 1000.000000000000000 ) ;
#536 = ORIENTED_EDGE ( 'NONE', *, *, #1172, .F. ) ;
#537 = CARTESIAN_POINT ( 'NONE',  ( 90.20000000000000284, 12.30000000000000071, 0.000000000000000000 ) ) ;
#538 = EDGE_LOOP ( 'NONE', ( #1340, #1240, #2743, #2122 ) ) ;
#539 = ORIENTED_EDGE ( 'NONE', *, *, #4570, .T. ) ;
#540 = CARTESIAN_POINT ( 'NONE',  ( 80.39000000000200430, 9.460000000000009734, 0.5100000000010002088 ) ) ;
#541 = LINE ( 'NONE', #1111, #3279 ) ;
#542 = AXIS2_PLACEMENT_3D ( 'NONE', #483, #3989, #4362 ) ;
#543 = PLANE ( 'NONE',  #4042 ) ;
#544 = ORIENTED_EDGE ( 'NONE', *, *, #4386, .T. ) ;
#545 = AXIS2_PLACEMENT_3D ( 'NONE', #2312, #420, #787 ) ;
#546 = DIRECTION ( 'NONE',  ( 0.000000000000000000, 1.000000000000000000, 0.000000000000000000 ) ) ;
#547 = VECTOR ( 'NONE', #4561, 1000.000000000000000 ) ;
#548 = ORIENTED_EDGE ( 'NONE', *, *, #1936, .F. ) ;
#549 = DIRECTION ( 'NONE',  ( -0.000000000000000000, -1.000000000000000000, -0.000000000000000000 ) ) ;
#550 = DIRECTION ( 'NONE',  ( 0.000000000000000000, 0.000000000000000000, -1.000000000000000000 ) ) ;
#551 = VERTEX_POINT ( 'NONE', #2322 ) ;
#552 = DIRECTION ( 'NONE',  ( 0.000000000000000000, 0.000000000000000000, 1.000000000000000000 ) ) ;
#553 = ORIENTED_EDGE ( 'NONE', *, *, #1718, .T. ) ;
#554 = DIRECTION ( 'NONE',  ( 0.000000000000000000, -1.000000000000000000, 0.000000000000000000 ) ) ;
#555 = EDGE_CURVE ( 'NONE', #1101, #3412, #1622, .T. ) ;
#556 = ORIENTED_EDGE ( 'NONE', *, *, #3027, .T. ) ;
#557 = ORIENTED_EDGE ( 'NONE', *, *, #3278, .F. ) ;
#558 = CARTESIAN_POINT ( 'NONE',  ( 90.20000000000000284, 5.000000000000000000, 11.50000000000000000 ) ) ;
#559 = DIRECTION ( 'NONE',  ( 0.000000000000000000, -5.285485590866843582E-15, 1.000000000000000000 ) ) ;
#560 = DIRECTION ( 'NONE',  ( 0.000000000000000000, 0.000000000000000000, -1.000000000000000000 ) ) ;
#561 = FACE_OUTER_BOUND ( 'NONE', #4273, .T. ) ;
#562 = ORIENTED_EDGE ( 'NONE', *, *, #1911, .T. ) ;
#563 = ORIENTED_EDGE ( 'NONE', *, *, #1976, .F. ) ;
#564 = EDGE_CURVE ( 'NONE', #1920, #3026, #1689, .T. ) ;
#565 = DIRECTION ( 'NONE',  ( 0.000000000000000000, 1.000000000000000000, 0.000000000000000000 ) ) ;
#566 = ORIENTED_EDGE ( 'NONE', *, *, #381, .F. ) ;
#567 = PLANE ( 'NONE',  #2019 ) ;
#568 = ORIENTED_EDGE ( 'NONE', *, *, #2182, .F. ) ;
#569 = DIRECTION ( 'NONE',  ( 0.000000000000000000, 0.000000000000000000, 1.000000000000000000 ) ) ;
#570 =( LENGTH_UNIT ( ) NAMED_UNIT ( * ) SI_UNIT ( .MILLI., .METRE. ) );
#571 = AXIS2_PLACEMENT_3D ( 'NONE', #1712, #909, #1321 ) ;
#572 = CIRCLE ( 'NONE', #4253, 1.399999999999998579 ) ;
#573 = VERTEX_POINT ( 'NONE', #2698 ) ;
#574 = CARTESIAN_POINT ( 'NONE',  ( 1.600000000000000089, 12.30000000000000071, -0.8000000000000000444 ) ) ;
#575 = EDGE_CURVE ( 'NONE', #551, #3862, #122, .T. ) ;
#576 = VECTOR ( 'NONE', #4675, 1000.000000000000000 ) ;
#577 = LINE ( 'NONE', #169, #3501 ) ;
#578 = VECTOR ( 'NONE', #2083, 1000.000000000000000 ) ;
#579 = DIRECTION ( 'NONE',  ( -1.000000000000000000, 0.000000000000000000, 0.000000000000000000 ) ) ;
#580 = CARTESIAN_POINT ( 'NONE',  ( 89.80000000000001137, 8.050000000000029132, -9.389999999999961489 ) ) ;
#581 = DIRECTION ( 'NONE',  ( 0.000000000000000000, -1.000000000000000000, 0.000000000000000000 ) ) ;
#582 = CARTESIAN_POINT ( 'NONE',  ( 84.90000000000000568, -1.199999999999999956, -6.750000000000010658 ) ) ;
#583 = LINE ( 'NONE', #1835, #3619 ) ;
#584 = CIRCLE ( 'NONE', #2183, 0.3999999999999993006 ) ;
#585 = ORIENTED_EDGE ( 'NONE', *, *, #2319, .T. ) ;
#586 = SURFACE_SIDE_STYLE ('',( #3860 ) ) ;
#587 = DIRECTION ( 'NONE',  ( 1.000000000000000000, 0.000000000000000000, 0.000000000000000000 ) ) ;
#588 = FACE_OUTER_BOUND ( 'NONE', #1486, .T. ) ;
#589 = LINE ( 'NONE', #1161, #1566 ) ;
#590 = CARTESIAN_POINT ( 'NONE',  ( 86.20000000000000284, 11.19622312751839388, 11.28362312044449389 ) ) ;
#591 = EDGE_CURVE ( 'NONE', #908, #3221, #2406, .T. ) ;
#592 = FACE_OUTER_BOUND ( 'NONE', #1519, .T. ) ;
#593 = VERTEX_POINT ( 'NONE', #3611 ) ;
#594 = DIRECTION ( 'NONE',  ( 0.000000000000000000, 0.000000000000000000, -1.000000000000000000 ) ) ;
#595 = CARTESIAN_POINT ( 'NONE',  ( 88.59999999999999432, 4.550000000000028244, -27.38999999999995794 ) ) ;
#596 = FACE_BOUND ( 'NONE', #1779, .T. ) ;
#597 = VERTEX_POINT ( 'NONE', #2103 ) ;
#598 = DIRECTION ( 'NONE',  ( 0.000000000000000000, 5.551115123125781470E-17, 1.000000000000000000 ) ) ;
#599 = CARTESIAN_POINT ( 'NONE',  ( 82.26999999999900126, 5.980000000000111449, 0.000000000000000000 ) ) ;
#600 = LINE ( 'NONE', #1758, #3992 ) ;
#601 = ORIENTED_EDGE ( 'NONE', *, *, #2861, .T. ) ;
#602 = CARTESIAN_POINT ( 'NONE',  ( 0.000000000000000000, 5.000000000000000000, 11.50000000000000000 ) ) ;
#603 = CARTESIAN_POINT ( 'NONE',  ( 89.85624614119669218, -0.7437538588033064668, 13.02620169357858160 ) ) ;
#604 = EDGE_CURVE ( 'NONE', #2705, #2647, #1369, .T. ) ;
#605 = DIRECTION ( 'NONE',  ( 0.7507135169228800198, 0.6606278948918831162, 3.667221498093082994E-17 ) ) ;
#606 = CARTESIAN_POINT ( 'NONE',  ( 86.20000000000000284, 4.055178706288256940, 17.62758620689655231 ) ) ;
#607 = FACE_OUTER_BOUND ( 'NONE', #4275, .T. ) ;
#608 = EDGE_LOOP ( 'NONE', ( #3228, #2070, #1586, #3096 ) ) ;
#609 = ORIENTED_EDGE ( 'NONE', *, *, #4960, .T. ) ;
#610 = DIRECTION ( 'NONE',  ( 1.000000000000000000, -0.000000000000000000, -0.000000000000000000 ) ) ;
#611 = DIRECTION ( 'NONE',  ( -1.000000000000000000, -0.000000000000000000, -0.000000000000000000 ) ) ;
#612 = ORIENTED_EDGE ( 'NONE', *, *, #3812, .F. ) ;
#613 = AXIS2_PLACEMENT_3D ( 'NONE', #1002, #3715, #292 ) ;
#614 = AXIS2_PLACEMENT_3D ( 'NONE', #1171, #1945, #388 ) ;
#615 = DIRECTION ( 'NONE',  ( 0.000000000000000000, 0.000000000000000000, 1.000000000000000000 ) ) ;
#616 = ORIENTED_EDGE ( 'NONE', *, *, #3072, .T. ) ;
#617 = VECTOR ( 'NONE', #1075, 1000.000000000000000 ) ;
#618 = ORIENTED_EDGE ( 'NONE', *, *, #3370, .T. ) ;
#619 = DIRECTION ( 'NONE',  ( 0.000000000000000000, 0.000000000000000000, 1.000000000000000000 ) ) ;
#620 = VERTEX_POINT ( 'NONE', #923 ) ;
#621 = ORIENTED_EDGE ( 'NONE', *, *, #2768, .F. ) ;
#622 = ORIENTED_EDGE ( 'NONE', *, *, #3734, .T. ) ;
#623 = AXIS2_PLACEMENT_3D ( 'NONE', #3277, #3668, #3226 ) ;
#624 = ADVANCED_FACE ( 'NONE', ( #761 ), #4016, .F. ) ;
#625 = DIRECTION ( 'NONE',  ( 0.000000000000000000, 1.000000000000000000, 0.000000000000000000 ) ) ;
#626 = DIRECTION ( 'NONE',  ( 0.000000000000000000, 1.000000000000000000, 0.000000000000000000 ) ) ;
#627 = EDGE_LOOP ( 'NONE', ( #2140, #2767 ) ) ;
#628 = ORIENTED_EDGE ( 'NONE', *, *, #4478, .T. ) ;
#629 = EDGE_CURVE ( 'NONE', #745, #2818, #2520, .T. ) ;
#630 = ADVANCED_FACE ( 'NONE', ( #1988 ), #4824, .F. ) ;
#631 = CARTESIAN_POINT ( 'NONE',  ( 74.00999999999899615, 7.580000000000111093, 0.5100000000010000978 ) ) ;
#632 = VERTEX_POINT ( 'NONE', #3325 ) ;
#633 = EDGE_LOOP ( 'NONE', ( #4315, #3621 ) ) ;
#634 = ORIENTED_EDGE ( 'NONE', *, *, #2015, .F. ) ;
#635 = CARTESIAN_POINT ( 'NONE',  ( 89.80000000000001137, 8.050000000000029132, -32.38999999999995794 ) ) ;
#636 = CARTESIAN_POINT ( 'NONE',  ( 89.68064516129032882, -0.9193548387096766028, 12.03031904872852920 ) ) ;
#637 = DIRECTION ( 'NONE',  ( 0.000000000000000000, 0.000000000000000000, 1.000000000000000000 ) ) ;
#638 = DIRECTION ( 'NONE',  ( 0.000000000000000000, 0.000000000000000000, -1.000000000000000000 ) ) ;
#639 = LINE ( 'NONE', #403, #2820 ) ;
#640 = CARTESIAN_POINT ( 'NONE',  ( 90.20000000000000284, 11.27083565470955406, 10.68828038656245027 ) ) ;
#641 = DIRECTION ( 'NONE',  ( 0.000000000000000000, 0.000000000000000000, -1.000000000000000000 ) ) ;
#642 = AXIS2_PLACEMENT_3D ( 'NONE', #590, #3740, #4828 ) ;
#643 = EDGE_CURVE ( 'NONE', #1888, #4388, #951, .T. ) ;
#644 = PLANE ( 'NONE',  #1591 ) ;
#645 = EDGE_CURVE ( 'NONE', #4944, #260, #2582, .T. ) ;
#646 = DIRECTION ( 'NONE',  ( -1.000000000000000000, -0.000000000000000000, -0.000000000000000000 ) ) ;
#647 = ADVANCED_FACE ( 'NONE', ( #2940 ), #644, .T. ) ;
#648 = ORIENTED_EDGE ( 'NONE', *, *, #818, .T. ) ;
#649 = LINE ( 'NONE', #1828, #4503 ) ;
#650 = ORIENTED_EDGE ( 'NONE', *, *, #233, .T. ) ;
#651 = CARTESIAN_POINT ( 'NONE',  ( 89.80000000000001137, 4.550000000000028244, -18.38999999999996149 ) ) ;
#652 = CARTESIAN_POINT ( 'NONE',  ( 0.000000000000000000, 5.000000000000000000, 13.50000000000000000 ) ) ;
#653 = CARTESIAN_POINT ( 'NONE',  ( 31.07933235411696415, -13.64181247161305244, -0.8000000000000000444 ) ) ;
#654 = ADVANCED_FACE ( 'NONE', ( #1870 ), #4850, .F. ) ;
#655 = FACE_OUTER_BOUND ( 'NONE', #445, .T. ) ;
#656 = VECTOR ( 'NONE', #2347, 1000.000000000000000 ) ;
#657 = ORIENTED_EDGE ( 'NONE', *, *, #4033, .T. ) ;
#658 = DIRECTION ( 'NONE',  ( 0.000000000000000000, -1.000000000000000000, 0.000000000000000000 ) ) ;
#659 = CIRCLE ( 'NONE', #4109, 1.399999999999998579 ) ;
#660 = CARTESIAN_POINT ( 'NONE',  ( 0.000000000000000000, 8.970000000000005969, 0.000000000000000000 ) ) ;
#661 = EDGE_LOOP ( 'NONE', ( #2605, #1032, #609, #4916 ) ) ;
#662 = CARTESIAN_POINT ( 'NONE',  ( 86.20000000000000284, 5.000000000000000000, 11.50000000000000000 ) ) ;
#663 = CARTESIAN_POINT ( 'NONE',  ( 84.90000000000000568, -0.7999999999999999334, -6.750000000000010658 ) ) ;
#664 = VERTEX_POINT ( 'NONE', #1829 ) ;
#665 = PLANE ( 'NONE',  #2814 ) ;
#666 = CARTESIAN_POINT ( 'NONE',  ( 22.04926735356654177, 3.200000000000000178, -0.8000000000000003775 ) ) ;
#667 = EDGE_CURVE ( 'NONE', #4197, #1839, #892, .T. ) ;
#668 = DIRECTION ( 'NONE',  ( 0.000000000000000000, 0.000000000000000000, -1.000000000000000000 ) ) ;
#669 = VECTOR ( 'NONE', #4470, 1000.000000000000000 ) ;
#670 = ORIENTED_EDGE ( 'NONE', *, *, #4279, .F. ) ;
#671 = DIRECTION ( 'NONE',  ( 0.000000000000000000, -0.000000000000000000, 1.000000000000000000 ) ) ;
#672 = CARTESIAN_POINT ( 'NONE',  ( 86.20000000000000284, -0.4348996275577677872, 14.48359951038547244 ) ) ;
#673 = VECTOR ( 'NONE', #3179, 1000.000000000000000 ) ;
#674 = AXIS2_PLACEMENT_3D ( 'NONE', #3529, #3923, #1603 ) ;
#675 = ADVANCED_FACE ( 'NONE', ( #4330 ), #3552, .F. ) ;
#676 = CARTESIAN_POINT ( 'NONE',  ( 70.20000000000000284, 7.897777478867207712, 12.27645713530754712 ) ) ;
#677 = CARTESIAN_POINT ( 'NONE',  ( 63.10000000000000142, 2.620000000000005436, -0.8000000000000001554 ) ) ;
#678 = EDGE_CURVE ( 'NONE', #875, #92, #2167, .T. ) ;
#679 = ORIENTED_EDGE ( 'NONE', *, *, #2693, .T. ) ;
#680 = ADVANCED_FACE ( 'NONE', ( #4439 ), #4629, .F. ) ;
#681 = DIRECTION ( 'NONE',  ( 0.000000000000000000, -5.551115123125783935E-17, 1.000000000000000000 ) ) ;
#682 = VECTOR ( 'NONE', #1812, 1000.000000000000000 ) ;
#683 = ORIENTED_EDGE ( 'NONE', *, *, #513, .F. ) ;
#684 = ORIENTED_EDGE ( 'NONE', *, *, #3822, .T. ) ;
#685 = CARTESIAN_POINT ( 'NONE',  ( 49.70000000000000284, 6.098427603645005135, 1.110000000000001652 ) ) ;
#686 = EDGE_LOOP ( 'NONE', ( #4445, #3902, #2812, #4686 ) ) ;
#687 = DIRECTION ( 'NONE',  ( 0.000000000000000000, 1.000000000000000000, 0.000000000000000000 ) ) ;
#688 = EDGE_CURVE ( 'NONE', #2891, #2941, #173, .T. ) ;
#689 = CARTESIAN_POINT ( 'NONE',  ( 49.28827981162193339, 7.436518215854029279, -0.7999999999999999334 ) ) ;
#690 = LINE ( 'NONE', #81, #3676 ) ;
#691 = ORIENTED_EDGE ( 'NONE', *, *, #4001, .T. ) ;
#692 = CARTESIAN_POINT ( 'NONE',  ( 84.90000000000000568, -1.199999999999999956, -53.29999999999999716 ) ) ;
#693 = EDGE_CURVE ( 'NONE', #2251, #2858, #2338, .T. ) ;
#694 = DIRECTION ( 'NONE',  ( 0.000000000000000000, 5.551115123125781470E-17, 1.000000000000000000 ) ) ;
#695 = LINE ( 'NONE', #4755, #3254 ) ;
#696 = VECTOR ( 'NONE', #3138, 1000.000000000000000 ) ;
#697 = ORIENTED_EDGE ( 'NONE', *, *, #2398, .F. ) ;
#698 = EDGE_CURVE ( 'NONE', #4286, #3023, #1497, .T. ) ;
#699 = FILL_AREA_STYLE ('',( #1504 ) ) ;
#700 = DIRECTION ( 'NONE',  ( 0.000000000000000000, -5.551115123125783935E-17, 1.000000000000000000 ) ) ;
#701 = EDGE_LOOP ( 'NONE', ( #3649, #557 ) ) ;
#702 = DIRECTION ( 'NONE',  ( -1.000000000000000000, -0.000000000000000000, -0.000000000000000000 ) ) ;
#703 = AXIS2_PLACEMENT_3D ( 'NONE', #2192, #3733, #2536 ) ;
#704 = AXIS2_PLACEMENT_3D ( 'NONE', #2335, #4963, #35 ) ;
#705 = FACE_OUTER_BOUND ( 'NONE', #4976, .T. ) ;
#706 = DIRECTION ( 'NONE',  ( -1.000000000000000000, 0.000000000000000000, -0.000000000000000000 ) ) ;
#707 = VECTOR ( 'NONE', #1934, 1000.000000000000000 ) ;
#708 = EDGE_LOOP ( 'NONE', ( #771, #3760, #3867, #3632 ) ) ;
#709 = PLANE ( 'NONE',  #3978 ) ;
#710 = EDGE_LOOP ( 'NONE', ( #1943, #2912, #1465, #2107 ) ) ;
#711 = VECTOR ( 'NONE', #380, 1000.000000000000000 ) ;
#712 = ADVANCED_FACE ( 'NONE', ( #227 ), #456, .F. ) ;
#713 = DIRECTION ( 'NONE',  ( 0.000000000000000000, 1.000000000000000000, 0.000000000000000000 ) ) ;
#714 = CARTESIAN_POINT ( 'NONE',  ( 86.20000000000000284, 4.116134918785789409, 17.23225806451612740 ) ) ;
#715 = EDGE_CURVE ( 'NONE', #4012, #3063, #3502, .T. ) ;
#716 = CARTESIAN_POINT ( 'NONE',  ( 82.26999999999900126, 5.980000000000111449, 0.5100000000010000978 ) ) ;
#717 = CARTESIAN_POINT ( 'NONE',  ( 90.20000000000000284, 5.883865081214208814, 17.23225806451612740 ) ) ;
#718 = FACE_BOUND ( 'NONE', #4823, .T. ) ;
#719 = ORIENTED_EDGE ( 'NONE', *, *, #2423, .F. ) ;
#720 = ORIENTED_EDGE ( 'NONE', *, *, #1854, .F. ) ;
#721 = DIRECTION ( 'NONE',  ( -1.000000000000000000, 0.000000000000000000, 0.000000000000000000 ) ) ;
#722 = DIRECTION ( 'NONE',  ( 0.000000000000000000, 0.000000000000000000, 1.000000000000000000 ) ) ;
#723 = CIRCLE ( 'NONE', #3821, 1.500000000000000444 ) ;
#724 = ORIENTED_EDGE ( 'NONE', *, *, #954, .T. ) ;
#725 = EDGE_LOOP ( 'NONE', ( #3782, #618, #1739, #1577 ) ) ;
#726 = DIRECTION ( 'NONE',  ( -0.000000000000000000, 1.000000000000000000, -0.000000000000000000 ) ) ;
#727 = FACE_OUTER_BOUND ( 'NONE', #3423, .T. ) ;
#728 = CARTESIAN_POINT ( 'NONE',  ( 89.80000000000001137, 4.550000000000028244, -18.38999999999996149 ) ) ;
#729 = ORIENTED_EDGE ( 'NONE', *, *, #2423, .T. ) ;
#730 = CARTESIAN_POINT ( 'NONE',  ( 90.20000000000000284, 12.30000000000000071, 0.000000000000000000 ) ) ;
#731 = DIRECTION ( 'NONE',  ( 0.000000000000000000, -0.000000000000000000, 1.000000000000000000 ) ) ;
#732 = EDGE_CURVE ( 'NONE', #4072, #4672, #2285, .T. ) ;
#733 = CARTESIAN_POINT ( 'NONE',  ( 49.28827981162193339, 7.436518215854029279, 1.110000000000001652 ) ) ;
#734 = DIRECTION ( 'NONE',  ( 0.000000000000000000, 0.000000000000000000, 1.000000000000000000 ) ) ;
#735 = ORIENTED_EDGE ( 'NONE', *, *, #2505, .F. ) ;
#736 = ORIENTED_EDGE ( 'NONE', *, *, #1833, .T. ) ;
#737 = LINE ( 'NONE', #3764, #682 ) ;
#738 = ORIENTED_EDGE ( 'NONE', *, *, #2329, .F. ) ;
#739 = VERTEX_POINT ( 'NONE', #1940 ) ;
#740 = FACE_OUTER_BOUND ( 'NONE', #2091, .T. ) ;
#741 = ORIENTED_EDGE ( 'NONE', *, *, #4075, .F. ) ;
#742 = DIRECTION ( 'NONE',  ( -0.000000000000000000, -1.000000000000000000, -0.000000000000000000 ) ) ;
#743 = ORIENTED_EDGE ( 'NONE', *, *, #3581, .F. ) ;
#744 = CARTESIAN_POINT ( 'NONE',  ( 0.000000000000000000, -1.200000000000006617, 0.000000000000000000 ) ) ;
#745 = VERTEX_POINT ( 'NONE', #2150 ) ;
#746 = LINE ( 'NONE', #852, #1607 ) ;
#747 = ORIENTED_EDGE ( 'NONE', *, *, #1623, .F. ) ;
#748 = DIRECTION ( 'NONE',  ( 0.000000000000000000, 0.5735764363510417185, 0.8191520442889946851 ) ) ;
#749 = VERTEX_POINT ( 'NONE', #4071 ) ;
#750 = ADVANCED_FACE ( 'NONE', ( #4912 ), #1184, .F. ) ;
#751 = AXIS2_PLACEMENT_3D ( 'NONE', #3784, #293, #4107 ) ;
#752 = CARTESIAN_POINT ( 'NONE',  ( 0.000000000000000000, -1.200000000000006617, 0.000000000000000000 ) ) ;
#753 = LINE ( 'NONE', #4745, #2039 ) ;
#754 = CARTESIAN_POINT ( 'NONE',  ( 89.80000000000001137, 4.550000000000028244, -14.38999999999996326 ) ) ;
#755 = LINE ( 'NONE', #2415, #4488 ) ;
#756 = DIRECTION ( 'NONE',  ( 0.000000000000000000, 0.000000000000000000, -1.000000000000000000 ) ) ;
#757 = LINE ( 'NONE', #4038, #2461 ) ;
#758 = ORIENTED_EDGE ( 'NONE', *, *, #2667, .F. ) ;
#759 = EDGE_CURVE ( 'NONE', #3941, #956, #2161, .T. ) ;
#760 = CARTESIAN_POINT ( 'NONE',  ( 86.20000000000000284, 4.469680951271474356, 17.41935483870967616 ) ) ;
#761 = FACE_OUTER_BOUND ( 'NONE', #3851, .T. ) ;
#762 = ORIENTED_EDGE ( 'NONE', *, *, #3845, .T. ) ;
#763 = CARTESIAN_POINT ( 'NONE',  ( 63.10000000000000142, 2.620000000000005436, 1.110000000000001430 ) ) ;
#764 = DIRECTION ( 'NONE',  ( -1.000000000000000000, 0.000000000000000000, 0.000000000000000000 ) ) ;
#765 = DIRECTION ( 'NONE',  ( 0.000000000000000000, 0.000000000000000000, -1.000000000000000000 ) ) ;
#766 = EDGE_CURVE ( 'NONE', #1514, #3907, #3123, .T. ) ;
#767 = AXIS2_PLACEMENT_3D ( 'NONE', #3548, #1221, #1201 ) ;
#768 = CARTESIAN_POINT ( 'NONE',  ( 72.20000000000000284, 5.000000000000000000, 11.50000000000000000 ) ) ;
#769 = FACE_BOUND ( 'NONE', #701, .T. ) ;
#770 = FACE_OUTER_BOUND ( 'NONE', #291, .T. ) ;
#771 = ORIENTED_EDGE ( 'NONE', *, *, #4356, .F. ) ;
#772 = EDGE_CURVE ( 'NONE', #4712, #1730, #3801, .T. ) ;
#773 = CARTESIAN_POINT ( 'NONE',  ( 86.20000000000000284, 10.93425679556992591, 11.82341348801829994 ) ) ;
#774 = CARTESIAN_POINT ( 'NONE',  ( 89.80000000000001137, 4.550000000000028244, -9.389999999999961489 ) ) ;
#775 = DIRECTION ( 'NONE',  ( -1.000000000000000000, -0.000000000000000000, -0.000000000000000000 ) ) ;
#776 = LINE ( 'NONE', #1856, #4743 ) ;
#777 = DIRECTION ( 'NONE',  ( 0.000000000000000000, 0.000000000000000000, 1.000000000000000000 ) ) ;
#778 = AXIS2_PLACEMENT_3D ( 'NONE', #714, #3798, #3844 ) ;
#779 = VECTOR ( 'NONE', #4415, 1000.000000000000000 ) ;
#780 = CARTESIAN_POINT ( 'NONE',  ( 86.20000000000000284, 4.999999999999999112, 17.69999999999999929 ) ) ;
#781 = CARTESIAN_POINT ( 'NONE',  ( 82.26999999999901547, 7.580000000014799788, 0.000000000000000000 ) ) ;
#782 = DIRECTION ( 'NONE',  ( 0.000000000000000000, -0.5735764363510418296, -0.8191520442889947962 ) ) ;
#783 = VECTOR ( 'NONE', #1272, 1000.000000000000000 ) ;
#784 = ORIENTED_EDGE ( 'NONE', *, *, #629, .T. ) ;
#785 = EDGE_LOOP ( 'NONE', ( #24, #986, #790, #1388 ) ) ;
#786 = CARTESIAN_POINT ( 'NONE',  ( 0.000000000000000000, 9.460000000000009734, 0.000000000000000000 ) ) ;
#787 = DIRECTION ( 'NONE',  ( 0.000000000000000000, 0.000000000000000000, -1.000000000000000000 ) ) ;
#788 = VECTOR ( 'NONE', #4766, 999.9999999999998863 ) ;
#789 = EDGE_LOOP ( 'NONE', ( #1905, #2666, #76, #2681 ) ) ;
#790 = ORIENTED_EDGE ( 'NONE', *, *, #3375, .T. ) ;
#791 = EDGE_CURVE ( 'NONE', #2891, #988, #947, .T. ) ;
#792 = PLANE ( 'NONE',  #4474 ) ;
#793 = CARTESIAN_POINT ( 'NONE',  ( 26.89999999999999858, -0.7999999999999999334, -53.29999999999999716 ) ) ;
#794 = CYLINDRICAL_SURFACE ( 'NONE', #2170, 2.000000000000005329 ) ;
#795 = VERTEX_POINT ( 'NONE', #896 ) ;
#796 = ORIENTED_EDGE ( 'NONE', *, *, #3370, .F. ) ;
#797 = DIRECTION ( 'NONE',  ( 0.000000000000000000, 0.000000000000000000, 1.000000000000000000 ) ) ;
#798 = DIRECTION ( 'NONE',  ( 0.000000000000000000, 1.000000000000000000, 0.000000000000000000 ) ) ;
#799 = DIRECTION ( 'NONE',  ( 0.000000000000000000, 1.000000000000000000, 0.000000000000000000 ) ) ;
#800 = VERTEX_POINT ( 'NONE', #944 ) ;
#801 = EDGE_CURVE ( 'NONE', #2985, #2149, #2100, .T. ) ;
#802 = CARTESIAN_POINT ( 'NONE',  ( 89.80000000000001137, 8.050000000000029132, -9.389999999999961489 ) ) ;
#803 = EDGE_LOOP ( 'NONE', ( #2221, #2923, #2596, #4948 ) ) ;
#804 = CARTESIAN_POINT ( 'NONE',  ( 89.80000000000001137, 4.550000000000028244, -23.38999999999996149 ) ) ;
#805 = ORIENTED_EDGE ( 'NONE', *, *, #1646, .F. ) ;
#806 = DIRECTION ( 'NONE',  ( 0.000000000000000000, 1.000000000000000000, 0.000000000000000000 ) ) ;
#807 = AXIS2_PLACEMENT_3D ( 'NONE', #3742, #2199, #579 ) ;
#808 = CARTESIAN_POINT ( 'NONE',  ( 70.20000000000000284, 3.197185481169231291, 7.879245961033396917 ) ) ;
#809 = DIRECTION ( 'NONE',  ( 0.000000000000000000, -5.551115123125783935E-17, 1.000000000000000000 ) ) ;
#810 = CIRCLE ( 'NONE', #2949, 1.879999999999992788 ) ;
#811 = ORIENTED_EDGE ( 'NONE', *, *, #3585, .F. ) ;
#812 = VERTEX_POINT ( 'NONE', #2875 ) ;
#813 = DIRECTION ( 'NONE',  ( 0.000000000000000000, 0.09584575252021718117, -0.9953961983671794078 ) ) ;
#814 = ORIENTED_EDGE ( 'NONE', *, *, #2998, .T. ) ;
#815 = DIRECTION ( 'NONE',  ( 0.000000000000000000, 0.000000000000000000, -1.000000000000000000 ) ) ;
#816 = DIRECTION ( 'NONE',  ( 0.000000000000000000, 0.000000000000000000, 1.000000000000000000 ) ) ;
#817 = ORIENTED_EDGE ( 'NONE', *, *, #1219, .T. ) ;
#818 = EDGE_CURVE ( 'NONE', #4466, #3517, #2225, .T. ) ;
#819 = DIRECTION ( 'NONE',  ( 1.000000000000000000, 0.000000000000000000, 0.000000000000000000 ) ) ;
#820 = LINE ( 'NONE', #1747, #2626 ) ;
#821 = CARTESIAN_POINT ( 'NONE',  ( 70.20000000000000284, 5.000000000000000000, 11.50000000000000000 ) ) ;
#822 = EDGE_LOOP ( 'NONE', ( #2364, #239, #4901, #1534 ) ) ;
#823 = EDGE_CURVE ( 'NONE', #337, #4293, #820, .T. ) ;
#824 = DIRECTION ( 'NONE',  ( -0.7071067811865474617, -0.000000000000000000, 0.7071067811865474617 ) ) ;
#825 = DIRECTION ( 'NONE',  ( 1.000000000000000000, 0.000000000000000000, -0.000000000000000000 ) ) ;
#826 = DIRECTION ( 'NONE',  ( 0.000000000000000000, 0.000000000000000000, -1.000000000000000000 ) ) ;
#827 = CIRCLE ( 'NONE', #3569, 1.499999999999994449 ) ;
#828 = CYLINDRICAL_SURFACE ( 'NONE', #3224, 1.500000000000000444 ) ;
#829 = CARTESIAN_POINT ( 'NONE',  ( 84.22010101267767368, 11.27083565470955406, 10.68828038656244850 ) ) ;
#830 = LINE ( 'NONE', #2172, #2638 ) ;
#831 = EDGE_CURVE ( 'NONE', #2128, #2818, #3062, .T. ) ;
#832 = CARTESIAN_POINT ( 'NONE',  ( 84.22010101267767368, 4.469680951271473468, 17.41935483870967616 ) ) ;
#833 = ADVANCED_FACE ( 'NONE', ( #1433 ), #4702, .F. ) ;
#834 = DIRECTION ( 'NONE',  ( 0.000000000000000000, 0.000000000000000000, 1.000000000000000000 ) ) ;
#835 = FACE_BOUND ( 'NONE', #1073, .T. ) ;
#836 = CARTESIAN_POINT ( 'NONE',  ( 86.20000000000000284, 11.27083565470955406, 10.68828038656244850 ) ) ;
#837 = ORIENTED_EDGE ( 'NONE', *, *, #1454, .T. ) ;
#838 = PLANE ( 'NONE',  #3261 ) ;
#839 = ORIENTED_EDGE ( 'NONE', *, *, #3321, .F. ) ;
#840 = FACE_BOUND ( 'NONE', #1351, .T. ) ;
#841 = CARTESIAN_POINT ( 'NONE',  ( 26.89999999999999858, -0.7999999999999999334, -4.299999999999998046 ) ) ;
#842 = ORIENTED_EDGE ( 'NONE', *, *, #870, .F. ) ;
#843 = VERTEX_POINT ( 'NONE', #51 ) ;
#844 = CARTESIAN_POINT ( 'NONE',  ( 84.22010101267767368, 0.3896949347358761861, 15.22163159792241061 ) ) ;
#845 = AXIS2_PLACEMENT_3D ( 'NONE', #4499, #2570, #2920 ) ;
#846 = FACE_BOUND ( 'NONE', #2380, .T. ) ;
#847 = ORIENTED_EDGE ( 'NONE', *, *, #348, .T. ) ;
#848 = CARTESIAN_POINT ( 'NONE',  ( 26.89999999999999858, -0.7999999999999999334, -4.299999999999998046 ) ) ;
#849 = ORIENTED_EDGE ( 'NONE', *, *, #698, .F. ) ;
#850 = ORIENTED_EDGE ( 'NONE', *, *, #1120, .F. ) ;
#851 = VERTEX_POINT ( 'NONE', #3182 ) ;
#852 = CARTESIAN_POINT ( 'NONE',  ( 72.20000000000000284, 4.738532771757022921, 14.48858409427523597 ) ) ;
#853 = ORIENTED_EDGE ( 'NONE', *, *, #1029, .F. ) ;
#854 = EDGE_CURVE ( 'NONE', #573, #497, #2690, .T. ) ;
#855 = DIRECTION ( 'NONE',  ( 1.000000000000000000, 0.000000000000000000, 0.000000000000000000 ) ) ;
#856 = DIRECTION ( 'NONE',  ( 0.000000000000000000, 0.000000000000000000, -1.000000000000000000 ) ) ;
#857 = ORIENTED_EDGE ( 'NONE', *, *, #195, .T. ) ;
#858 = CARTESIAN_POINT ( 'NONE',  ( 26.89999999999999858, -0.7999999999999999334, -53.29999999999999716 ) ) ;
#859 = ORIENTED_EDGE ( 'NONE', *, *, #128, .T. ) ;
#860 = VERTEX_POINT ( 'NONE', #1611 ) ;
#861 = DIRECTION ( 'NONE',  ( 0.000000000000000000, 0.000000000000000000, -1.000000000000000000 ) ) ;
#862 = ORIENTED_EDGE ( 'NONE', *, *, #2775, .T. ) ;
#863 = VERTEX_POINT ( 'NONE', #2384 ) ;
#864 = EDGE_CURVE ( 'NONE', #1039, #3946, #690, .T. ) ;
#865 = CARTESIAN_POINT ( 'NONE',  ( 72.12999999999900069, 12.30000000000000071, -0.8000000000000000444 ) ) ;
#866 = EDGE_LOOP ( 'NONE', ( #4256, #1406, #3264, #2735 ) ) ;
#867 = ADVANCED_FACE ( 'NONE', ( #4496 ), #278, .T. ) ;
#868 = LINE ( 'NONE', #3340, #4358 ) ;
#869 = VERTEX_POINT ( 'NONE', #2974 ) ;
#870 = EDGE_CURVE ( 'NONE', #749, #3594, #3373, .T. ) ;
#871 = ORIENTED_EDGE ( 'NONE', *, *, #2609, .F. ) ;
#872 = FACE_OUTER_BOUND ( 'NONE', #3724, .T. ) ;
#873 = VERTEX_POINT ( 'NONE', #3753 ) ;
#874 = PLANE ( 'NONE',  #2265 ) ;
#875 = VERTEX_POINT ( 'NONE', #3097 ) ;
#877 = DIRECTION ( 'NONE',  ( 1.000000000000000000, 0.000000000000000000, -0.000000000000000000 ) ) ;
#876 = AXIS2_PLACEMENT_3D ( 'NONE', #1648, #4335, #1278 ) ;
#878 = ORIENTED_EDGE ( 'NONE', *, *, #2602, .F. ) ;
#879 = DIRECTION ( 'NONE',  ( -1.000000000000000000, -0.000000000000000000, -0.000000000000000000 ) ) ;
#880 = CIRCLE ( 'NONE', #3387, 0.4000000000000010214 ) ;
#881 = ORIENTED_EDGE ( 'NONE', *, *, #4096, .F. ) ;
#882 = DIRECTION ( 'NONE',  ( 0.000000000000000000, 1.000000000000000000, 0.000000000000000000 ) ) ;
#883 = CARTESIAN_POINT ( 'NONE',  ( 86.20000000000000284, -1.127586206896550980, 12.44482129371174572 ) ) ;
#884 = EDGE_CURVE ( 'NONE', #1425, #4752, #452, .T. ) ;
#885 = DIRECTION ( 'NONE',  ( -1.000000000000000000, 0.000000000000000000, 0.000000000000000000 ) ) ;
#886 = VECTOR ( 'NONE', #3509, 1000.000000000000000 ) ;
#887 = ADVANCED_FACE ( 'NONE', ( #52 ), #53, .T. ) ;
#888 = AXIS2_PLACEMENT_3D ( 'NONE', #2473, #904, #4370 ) ;
#889 = DIRECTION ( 'NONE',  ( 0.000000000000000000, 0.000000000000000000, 1.000000000000000000 ) ) ;
#890 = EDGE_LOOP ( 'NONE', ( #4689, #4151, #3084, #3625, #3166, #2660 ) ) ;
#891 = CARTESIAN_POINT ( 'NONE',  ( 89.47241379310345621, -1.127586206896550980, 12.44482129371174572 ) ) ;
#892 = CIRCLE ( 'NONE', #2277, 6.200000000000001066 ) ;
#893 = EDGE_LOOP ( 'NONE', ( #3396, #1875, #4002, #1438 ) ) ;
#894 = EDGE_CURVE ( 'NONE', #2132, #1734, #1797, .T. ) ;
#895 = CARTESIAN_POINT ( 'NONE',  ( 89.09999999999999432, 5.349999999999997868, -10.19000000000000838 ) ) ;
#896 = CARTESIAN_POINT ( 'NONE',  ( 70.20000000000000284, 5.000000000000000000, 14.49999999999999822 ) ) ;
#897 = LINE ( 'NONE', #4641, #4097 ) ;
#898 = VECTOR ( 'NONE', #2906, 1000.000000000000000 ) ;
#899 = ORIENTED_EDGE ( 'NONE', *, *, #1484, .F. ) ;
#900 = CARTESIAN_POINT ( 'NONE',  ( 74.00999999999899615, 7.580000000000111093, 0.000000000000000000 ) ) ;
#901 = DIRECTION ( 'NONE',  ( 0.000000000000000000, 0.000000000000000000, 1.000000000000000000 ) ) ;
#902 = LINE ( 'NONE', #4430, #2178 ) ;
#903 = CARTESIAN_POINT ( 'NONE',  ( 20.04926735356653467, 12.30000000000000071, -0.8000000000000000444 ) ) ;
#904 = DIRECTION ( 'NONE',  ( 1.000000000000000000, -0.000000000000000000, -0.000000000000000000 ) ) ;
#905 = VECTOR ( 'NONE', #933, 1000.000000000000000 ) ;
#906 = CIRCLE ( 'NONE', #2431, 0.6999999999999992895 ) ;
#907 = VERTEX_POINT ( 'NONE', #4188 ) ;
#908 = VERTEX_POINT ( 'NONE', #1411 ) ;
#909 = DIRECTION ( 'NONE',  ( -1.000000000000000000, -0.000000000000000000, 0.000000000000000000 ) ) ;
#910 = EDGE_CURVE ( 'NONE', #533, #4944, #2934, .T. ) ;
#911 = LINE ( 'NONE', #1996, #3022 ) ;
#912 = EDGE_LOOP ( 'NONE', ( #314, #928, #2627, #4931 ) ) ;
#913 = CARTESIAN_POINT ( 'NONE',  ( 49.70000000000000284, 1.219999999999996421, 0.000000000000000000 ) ) ;
#914 = DIRECTION ( 'NONE',  ( 0.000000000000000000, 0.000000000000000000, 1.000000000000000000 ) ) ;
#915 = CARTESIAN_POINT ( 'NONE',  ( 84.90000000000000568, -1.199999999999999956, -50.85000000000000142 ) ) ;
#916 = CIRCLE ( 'NONE', #2933, 0.4000000000000010214 ) ;
#917 = ORIENTED_EDGE ( 'NONE', *, *, #3600, .T. ) ;
#918 = CARTESIAN_POINT ( 'NONE',  ( 86.20000000000000284, 0.2604132079315682469, 14.84309991481715407 ) ) ;
#919 = DIRECTION ( 'NONE',  ( -1.000000000000000000, -0.000000000000000000, -0.000000000000000000 ) ) ;
#920 = VECTOR ( 'NONE', #2020, 1000.000000000000000 ) ;
#921 = VERTEX_POINT ( 'NONE', #194 ) ;
#922 = ORIENTED_EDGE ( 'NONE', *, *, #3616, .F. ) ;
#923 = CARTESIAN_POINT ( 'NONE',  ( 88.59999999999999432, 0.3999999999999837019, -56.99999999999999289 ) ) ;
#924 = CARTESIAN_POINT ( 'NONE',  ( 90.20000000000000284, 0.6159379566434146636, 15.88406204335660377 ) ) ;
#925 = AXIS2_PLACEMENT_3D ( 'NONE', #4888, #4530, #2237 ) ;
#926 = DIRECTION ( 'NONE',  ( -1.000000000000000000, 0.000000000000000000, 0.000000000000000000 ) ) ;
#927 = ORIENTED_EDGE ( 'NONE', *, *, #1276, .T. ) ;
#928 = ORIENTED_EDGE ( 'NONE', *, *, #3434, .T. ) ;
#929 = ORIENTED_EDGE ( 'NONE', *, *, #432, .F. ) ;
#930 = EDGE_CURVE ( 'NONE', #1631, #1101, #4849, .T. ) ;
#931 = DIRECTION ( 'NONE',  ( 0.000000000000000000, 0.000000000000000000, -1.000000000000000000 ) ) ;
#932 = CARTESIAN_POINT ( 'NONE',  ( 90.20000000000000284, -0.4000000000000045186, 0.000000000000000000 ) ) ;
#933 = DIRECTION ( 'NONE',  ( -1.000000000000000000, -0.000000000000000000, -0.000000000000000000 ) ) ;
#934 =( NAMED_UNIT ( * ) SI_UNIT ( $, .STERADIAN. ) SOLID_ANGLE_UNIT ( ) );
#935 = EDGE_LOOP ( 'NONE', ( #1150, #2935, #387, #839 ) ) ;
#936 = FACE_OUTER_BOUND ( 'NONE', #1144, .T. ) ;
#937 = VERTEX_POINT ( 'NONE', #4051 ) ;
#938 = DIRECTION ( 'NONE',  ( 0.000000000000000000, -5.551115123125783935E-17, 1.000000000000000000 ) ) ;
#939 = EDGE_CURVE ( 'NONE', #2026, #1573, #2822, .T. ) ;
#940 = ADVANCED_FACE ( 'NONE', ( #2870 ), #4156, .F. ) ;
#941 = DIRECTION ( 'NONE',  ( 0.000000000000000000, 1.000000000000000000, -5.551115123125781470E-17 ) ) ;
#942 = VECTOR ( 'NONE', #2363, 1000.000000000000114 ) ;
#943 = EDGE_LOOP ( 'NONE', ( #2359, #504, #1038, #17 ) ) ;
#944 = CARTESIAN_POINT ( 'NONE',  ( 86.20000000000000284, 5.000000000000002665, 9.500000000000003553 ) ) ;
#945 = CARTESIAN_POINT ( 'NONE',  ( 80.39000000001074397, 4.100000000000011191, 0.000000000000000000 ) ) ;
#946 = DIRECTION ( 'NONE',  ( 1.000000000000000000, -0.000000000000000000, -0.000000000000000000 ) ) ;
#947 = LINE ( 'NONE', #3957, #2401 ) ;
#948 = AXIS2_PLACEMENT_3D ( 'NONE', #2907, #4426, #1374 ) ;
#949 = CARTESIAN_POINT ( 'NONE',  ( 89.80000000000001137, 7.250000000000007994, -27.38999999999995794 ) ) ;
#950 = VECTOR ( 'NONE', #1617, 1000.000000000000000 ) ;
#951 = LINE ( 'NONE', #1403, #4972 ) ;
#952 = EDGE_LOOP ( 'NONE', ( #3925, #1767, #2186, #4646, #3239 ) ) ;
#953 = DIRECTION ( 'NONE',  ( 0.000000000000000000, 0.000000000000000000, -1.000000000000000000 ) ) ;
#954 = EDGE_CURVE ( 'NONE', #2200, #2908, #4967, .T. ) ;
#955 = LINE ( 'NONE', #3031, #296 ) ;
#956 = VERTEX_POINT ( 'NONE', #4247 ) ;
#957 = CARTESIAN_POINT ( 'NONE',  ( 90.20000000000000284, 1.689652777936718309, 16.26252047443135851 ) ) ;
#958 = DIRECTION ( 'NONE',  ( -1.000000000000000000, 0.000000000000000000, 0.000000000000000000 ) ) ;
#959 = CARTESIAN_POINT ( 'NONE',  ( 26.89999999999999858, -1.199999999999999956, -53.29999999999999716 ) ) ;
#960 = LINE ( 'NONE', #4821, #3809 ) ;
#961 = DIRECTION ( 'NONE',  ( -1.000000000000000000, 0.000000000000000000, 0.000000000000000000 ) ) ;
#962 = CIRCLE ( 'NONE', #4735, 2.949999999999996625 ) ;
#963 = VECTOR ( 'NONE', #3417, 1000.000000000000000 ) ;
#964 = EDGE_CURVE ( 'NONE', #142, #247, #757, .T. ) ;
#965 = DIRECTION ( 'NONE',  ( -1.000000000000000000, 0.000000000000000000, 0.000000000000000000 ) ) ;
#966 = CARTESIAN_POINT ( 'NONE',  ( 51.61061981932800080, 7.570000000000004725, -0.8000000000000001554 ) ) ;
#967 = LINE ( 'NONE', #1445, #535 ) ;
#968 = ORIENTED_EDGE ( 'NONE', *, *, #645, .F. ) ;
#969 = EDGE_CURVE ( 'NONE', #1330, #1651, #1613, .T. ) ;
#970 = CIRCLE ( 'NONE', #1587, 2.449999999999997957 ) ;
#971 = VERTEX_POINT ( 'NONE', #3011 ) ;
#972 = CARTESIAN_POINT ( 'NONE',  ( 84.22010101267767368, 1.940603323126151691, 16.57400694904803728 ) ) ;
#973 = CIRCLE ( 'NONE', #416, 0.3999999999999993006 ) ;
#974 = ORIENTED_EDGE ( 'NONE', *, *, #4143, .T. ) ;
#975 = AXIS2_PLACEMENT_3D ( 'NONE', #2554, #2917, #4498 ) ;
#976 = PLANE ( 'NONE',  #2138 ) ;
#977 = ORIENTED_EDGE ( 'NONE', *, *, #1904, .F. ) ;
#978 = EDGE_LOOP ( 'NONE', ( #2663, #1051, #2673, #2262 ) ) ;
#979 = ORIENTED_EDGE ( 'NONE', *, *, #1794, .F. ) ;
#980 = AXIS2_PLACEMENT_3D ( 'NONE', #3829, #4583, #3156 ) ;
#981 = DIRECTION ( 'NONE',  ( 0.000000000000000000, -1.000000000000000000, 0.000000000000000000 ) ) ;
#982 = CARTESIAN_POINT ( 'NONE',  ( 5.799999999999999822, 11.20000000000000107, 11.42393678815282243 ) ) ;
#983 = LINE ( 'NONE', #3007, #4295 ) ;
#984 = CARTESIAN_POINT ( 'NONE',  ( 84.90000000000000568, -0.4000000000000000222, -56.24999999999999289 ) ) ;
#985 = CIRCLE ( 'NONE', #1967, 2.950000000000000622 ) ;
#986 = ORIENTED_EDGE ( 'NONE', *, *, #4573, .F. ) ;
#987 = CARTESIAN_POINT ( 'NONE',  ( 24.04926735356654532, 2.200000000000000178, -10.00000000000000000 ) ) ;
#988 = VERTEX_POINT ( 'NONE', #10 ) ;
#989 = DIRECTION ( 'NONE',  ( -1.000000000000000000, -0.000000000000000000, -0.000000000000000000 ) ) ;
#990 =( LENGTH_UNIT ( ) NAMED_UNIT ( * ) SI_UNIT ( .MILLI., .METRE. ) );
#991 = ORIENTED_EDGE ( 'NONE', *, *, #4949, .F. ) ;
#992 = EDGE_CURVE ( 'NONE', #4645, #499, #3610, .T. ) ;
#993 = VERTEX_POINT ( 'NONE', #3137 ) ;
#994 = EDGE_LOOP ( 'NONE', ( #881, #3705, #2597, #929 ) ) ;
#995 = CARTESIAN_POINT ( 'NONE',  ( 62.24037910436499743, 8.494879052847529977, 1.110000000000001874 ) ) ;
#996 = DIRECTION ( 'NONE',  ( 0.000000000000000000, 0.000000000000000000, 1.000000000000000000 ) ) ;
#997 = EDGE_LOOP ( 'NONE', ( #3790, #2495, #1482, #3732 ) ) ;
#998 = DIRECTION ( 'NONE',  ( 1.000000000000000000, -0.000000000000000000, -0.000000000000000000 ) ) ;
#999 = CARTESIAN_POINT ( 'NONE',  ( 64.50000000000000000, 2.620000000000007656, 1.110000000000001430 ) ) ;
#1000 = LINE ( 'NONE', #2164, #1912 ) ;
#1001 = EDGE_LOOP ( 'NONE', ( #2622, #1855, #274, #4497, #1821, #4065, #1732, #153 ) ) ;
#1002 = CARTESIAN_POINT ( 'NONE',  ( 26.89999999999999858, -0.7999999999999999334, -4.299999999999998046 ) ) ;
#1003 = CARTESIAN_POINT ( 'NONE',  ( 49.75450197585804801, 7.579971189464443704, 0.000000000000000000 ) ) ;
#1004 = AXIS2_PLACEMENT_3D ( 'NONE', #4714, #1681, #494 ) ;
#1005 = VECTOR ( 'NONE', #1727, 1000.000000000000000 ) ;
#1006 = ORIENTED_EDGE ( 'NONE', *, *, #2078, .F. ) ;
#1007 = DIRECTION ( 'NONE',  ( 1.000000000000000000, 0.000000000000000000, 0.000000000000000000 ) ) ;
#1008 = EDGE_CURVE ( 'NONE', #863, #632, #4728, .T. ) ;
#1009 = DIRECTION ( 'NONE',  ( 1.000000000000000000, -0.000000000000000000, -0.000000000000000000 ) ) ;
#1010 = CYLINDRICAL_SURFACE ( 'NONE', #427, 0.3999999999999993006 ) ;
#1011 = CARTESIAN_POINT ( 'NONE',  ( 51.61061981932800080, 8.970000000000005969, -0.8000000000000001554 ) ) ;
#1012 = DIRECTION ( 'NONE',  ( 0.000000000000000000, 1.000000000000000000, 0.000000000000000000 ) ) ;
#1013 = CARTESIAN_POINT ( 'NONE',  ( 72.12999999999898648, 5.979999999985422754, 0.5100000000010000978 ) ) ;
#1014 = CARTESIAN_POINT ( 'NONE',  ( 84.90000000000000568, -0.7999999999999999334, -53.29999999999999716 ) ) ;
#1015 = DIRECTION ( 'NONE',  ( 0.000000000000000000, 0.8191520442889946851, -0.5735764363510417185 ) ) ;
#1016 = VERTEX_POINT ( 'NONE', #1553 ) ;
#1017 = EDGE_CURVE ( 'NONE', #2270, #1683, #285, .T. ) ;
#1018 = ADVANCED_FACE ( 'NONE', ( #1428 ), #4372, .T. ) ;
#1019 = DIRECTION ( 'NONE',  ( 1.000000000000000000, 0.000000000000000000, 0.000000000000000000 ) ) ;
#1020 = VECTOR ( 'NONE', #1567, 1000.000000000000000 ) ;
#1021 = EDGE_LOOP ( 'NONE', ( #266, #2991, #3414, #467 ) ) ;
#1022 = STYLED_ITEM ( 'NONE', ( #3354 ), #2242 ) ;
#1023 = ADVANCED_FACE ( 'NONE', ( #1072 ), #3153, .F. ) ;
#1024 = DIRECTION ( 'NONE',  ( 0.000000000000000000, 5.551115123125781470E-17, 1.000000000000000000 ) ) ;
#1025 = LINE ( 'NONE', #4851, #4337 ) ;
#1026 = EDGE_CURVE ( 'NONE', #3723, #1723, #2927, .T. ) ;
#1027 = LINE ( 'NONE', #1265, #3930 ) ;
#1028 = CYLINDRICAL_SURFACE ( 'NONE', #2613, 2.950000000000001066 ) ;
#1029 = EDGE_CURVE ( 'NONE', #1574, #1683, #4024, .T. ) ;
#1030 = EDGE_LOOP ( 'NONE', ( #1393, #2263 ) ) ;
#1031 = EDGE_LOOP ( 'NONE', ( #3489, #4833 ) ) ;
#1032 = ORIENTED_EDGE ( 'NONE', *, *, #2125, .T. ) ;
#1033 = AXIS2_PLACEMENT_3D ( 'NONE', #2528, #4428, #4411 ) ;
#1034 = DIRECTION ( 'NONE',  ( 0.5773502691896257311, -0.5773502691896258421, -0.5773502691896257311 ) ) ;
#1035 = DIRECTION ( 'NONE',  ( -1.000000000000000000, -0.000000000000000000, -0.000000000000000000 ) ) ;
#1036 = EDGE_CURVE ( 'NONE', #664, #1514, #3432, .T. ) ;
#1037 = FACE_OUTER_BOUND ( 'NONE', #997, .T. ) ;
#1038 = ORIENTED_EDGE ( 'NONE', *, *, #4467, .F. ) ;
#1039 = VERTEX_POINT ( 'NONE', #774 ) ;
#1040 = PLANE ( 'NONE',  #273 ) ;
#1041 = AXIS2_PLACEMENT_3D ( 'NONE', #3318, #1396, #4141 ) ;
#1042 = CARTESIAN_POINT ( 'NONE',  ( 89.80000000000001137, 5.350000000000009415, -14.38999999999996326 ) ) ;
#1043 = LINE ( 'NONE', #4303, #2604 ) ;
#1044 = ORIENTED_EDGE ( 'NONE', *, *, #575, .F. ) ;
#1045 = ORIENTED_EDGE ( 'NONE', *, *, #1181, .T. ) ;
#1046 = DIRECTION ( 'NONE',  ( 0.000000000000000000, -5.551115123125783935E-17, 1.000000000000000000 ) ) ;
#1047 = DIRECTION ( 'NONE',  ( 0.000000000000000000, 0.000000000000000000, 1.000000000000000000 ) ) ;
#1048 = VERTEX_POINT ( 'NONE', #1970 ) ;
#1049 = FACE_OUTER_BOUND ( 'NONE', #1118, .T. ) ;
#1050 = DIRECTION ( 'NONE',  ( 0.7071067811865474617, -0.7071067811865475727, -0.000000000000000000 ) ) ;
#1051 = ORIENTED_EDGE ( 'NONE', *, *, #3684, .T. ) ;
#1052 = ORIENTED_EDGE ( 'NONE', *, *, #2323, .T. ) ;
#1053 = AXIS2_PLACEMENT_3D ( 'NONE', #4043, #611, #200 ) ;
#1054 = DIRECTION ( 'NONE',  ( 0.000000000000000000, 0.000000000000000000, 1.000000000000000000 ) ) ;
#1055 = CIRCLE ( 'NONE', #3085, 0.3999999999999993006 ) ;
#1056 = ORIENTED_EDGE ( 'NONE', *, *, #4001, .F. ) ;
#1057 = CARTESIAN_POINT ( 'NONE',  ( 84.90000000000000568, -0.4000000000000000222, -4.299999999999998046 ) ) ;
#1058 = CARTESIAN_POINT ( 'NONE',  ( 89.68150446040918666, -0.9184955395908310782, 13.00199214181031770 ) ) ;
#1059 = EDGE_CURVE ( 'NONE', #1485, #2922, #3367, .T. ) ;
#1060 = EDGE_LOOP ( 'NONE', ( #3770, #1458, #2499, #3260 ) ) ;
#1061 = DIRECTION ( 'NONE',  ( 0.000000000000000000, 0.000000000000000000, -1.000000000000000000 ) ) ;
#1062 = EDGE_LOOP ( 'NONE', ( #302, #4425, #4946, #39 ) ) ;
#1063 = FACE_OUTER_BOUND ( 'NONE', #4606, .T. ) ;
#1064 = ADVANCED_FACE ( 'NONE', ( #4612 ), #4314, .F. ) ;
#1065 = ADVANCED_FACE ( 'NONE', ( #2817 ), #1568, .T. ) ;
#1066 = DIRECTION ( 'NONE',  ( -0.000000000000000000, 1.000000000000000000, -0.000000000000000000 ) ) ;
#1067 = VECTOR ( 'NONE', #4736, 1000.000000000000000 ) ;
#1068 = CARTESIAN_POINT ( 'NONE',  ( 48.29999999999999716, 12.30000000000000071, 0.000000000000000000 ) ) ;
#1069 = CARTESIAN_POINT ( 'NONE',  ( 89.80000000000001137, 8.050000000000029132, -32.38999999999995794 ) ) ;
#1070 = EDGE_CURVE ( 'NONE', #4398, #3699, #279, .T. ) ;
#1071 = CARTESIAN_POINT ( 'NONE',  ( 84.22010101267767368, 2.379766777207654727, 16.41910827962722408 ) ) ;
#1072 = FACE_OUTER_BOUND ( 'NONE', #1220, .T. ) ;
#1073 = EDGE_LOOP ( 'NONE', ( #2201, #2315, #4582, #991 ) ) ;
#1074 = CARTESIAN_POINT ( 'NONE',  ( 86.20000000000000284, -1.127586206896550980, 12.44482129371174572 ) ) ;
#1075 = DIRECTION ( 'NONE',  ( -0.000000000000000000, 1.000000000000000000, -0.000000000000000000 ) ) ;
#1076 = AXIS2_PLACEMENT_3D ( 'NONE', #40, #4268, #3129 ) ;
#1077 = COLOUR_RGB ( '',0.7921568627450980005, 0.8196078431372548767, 0.9333333333333333481 ) ;
#1078 = AXIS2_PLACEMENT_3D ( 'NONE', #2544, #3299, #4138 ) ;
#1079 = CARTESIAN_POINT ( 'NONE',  ( 86.20000000000000284, 1.426341470367889830, 16.56645484669385482 ) ) ;
#1080 = ORIENTED_EDGE ( 'NONE', *, *, #4890, .T. ) ;
#1081 = CARTESIAN_POINT ( 'NONE',  ( 5.629802863571869764, -5.996859306617206009, 0.000000000000000000 ) ) ;
#1082 = CIRCLE ( 'NONE', #4760, 2.999999999999999112 ) ;
#1083 = VECTOR ( 'NONE', #3237, 1000.000000000000000 ) ;
#1084 = ADVANCED_FACE ( 'NONE', ( #2281 ), #4282, .T. ) ;
#1085 = DIRECTION ( 'NONE',  ( -1.000000000000000000, 0.000000000000000000, 0.000000000000000000 ) ) ;
#1086 = FACE_BOUND ( 'NONE', #1030, .T. ) ;
#1087 = EDGE_CURVE ( 'NONE', #1730, #142, #3247, .T. ) ;
#1088 = CIRCLE ( 'NONE', #3212, 2.000000000000000000 ) ;
#1089 = CYLINDRICAL_SURFACE ( 'NONE', #1670, 6.200000000000001066 ) ;
#1090 = VERTEX_POINT ( 'NONE', #4300 ) ;
#1091 = VECTOR ( 'NONE', #4566, 1000.000000000000000 ) ;
#1092 = ORIENTED_EDGE ( 'NONE', *, *, #4649, .F. ) ;
#1093 = CYLINDRICAL_SURFACE ( 'NONE', #4396, 0.5999999999999998668 ) ;
#1094 = ORIENTED_EDGE ( 'NONE', *, *, #4416, .T. ) ;
#1095 = EDGE_CURVE ( 'NONE', #1217, #3381, #1360, .T. ) ;
#1096 = DIRECTION ( 'NONE',  ( 0.000000000000000000, 0.000000000000000000, 1.000000000000000000 ) ) ;
#1097 = LINE ( 'NONE', #4677, #4234 ) ;
#1098 = VECTOR ( 'NONE', #3021, 1000.000000000000000 ) ;
#1099 = AXIS2_PLACEMENT_3D ( 'NONE', #3185, #4306, #861 ) ;
#1100 = DIRECTION ( 'NONE',  ( 0.000000000000000000, 0.000000000000000000, 1.000000000000000000 ) ) ;
#1101 = VERTEX_POINT ( 'NONE', #3927 ) ;
#1102 = CARTESIAN_POINT ( 'NONE',  ( 90.20000000000000284, 4.116134918785789409, 17.23225806451612740 ) ) ;
#1103 = CARTESIAN_POINT ( 'NONE',  ( 90.20000000000000284, 5.000000000000001776, 11.50000000000000000 ) ) ;
#1104 = EDGE_CURVE ( 'NONE', #4535, #1215, #4089, .T. ) ;
#1105 = CARTESIAN_POINT ( 'NONE',  ( 89.80000000000001137, 4.550000000000028244, -9.389999999999961489 ) ) ;
#1106 = VERTEX_POINT ( 'NONE', #134 ) ;
#1107 = PRODUCT_DEFINITION_FORMATION_WITH_SPECIFIED_SOURCE ( 'ANY', '', #2438, .NOT_KNOWN. ) ;
#1108 = CARTESIAN_POINT ( 'NONE',  ( 5.799999999999999822, 5.000000000000000000, 11.50000000000000000 ) ) ;
#1109 = VERTEX_POINT ( 'NONE', #117 ) ;
#1110 = ORIENTED_EDGE ( 'NONE', *, *, #575, .T. ) ;
#1111 = CARTESIAN_POINT ( 'NONE',  ( 0.000000000000000000, 12.30000000000000071, 0.000000000000000000 ) ) ;
#1112 = ORIENTED_EDGE ( 'NONE', *, *, #4817, .T. ) ;
#1113 = VERTEX_POINT ( 'NONE', #460 ) ;
#1114 =( NAMED_UNIT ( * ) SI_UNIT ( $, .STERADIAN. ) SOLID_ANGLE_UNIT ( ) );
#1115 = DIRECTION ( 'NONE',  ( -0.000000000000000000, -0.000000000000000000, 1.000000000000000000 ) ) ;
#1116 = DIRECTION ( 'NONE',  ( 1.000000000000000000, -0.000000000000000000, -0.000000000000000000 ) ) ;
#1117 = FACE_OUTER_BOUND ( 'NONE', #198, .T. ) ;
#1118 = EDGE_LOOP ( 'NONE', ( #3471, #1413, #679, #1283, #2173, #94, #4468, #601, #4074, #553 ) ) ;
#1119 = ORIENTED_EDGE ( 'NONE', *, *, #3006, .T. ) ;
#1120 = EDGE_CURVE ( 'NONE', #664, #2823, #2215, .T. ) ;
#1121 = DIRECTION ( 'NONE',  ( 0.000000000000000000, 1.000000000000000000, 0.000000000000000000 ) ) ;
#1122 = CARTESIAN_POINT ( 'NONE',  ( 90.20000000000000284, 11.19622312751839388, 10.68362312044449425 ) ) ;
#1123 = FACE_OUTER_BOUND ( 'NONE', #1334, .T. ) ;
#1124 = DIRECTION ( 'NONE',  ( -0.000000000000000000, -0.000000000000000000, 1.000000000000000000 ) ) ;
#1125 = CARTESIAN_POINT ( 'NONE',  ( 88.59999999999999432, 0.3999999999999837019, -0.8000000000000000444 ) ) ;
#1126 = EDGE_CURVE ( 'NONE', #1933, #1738, #4900, .T. ) ;
#1127 = AXIS2_PLACEMENT_3D ( 'NONE', #959, #2548, #3692 ) ;
#1128 = EDGE_CURVE ( 'NONE', #2217, #193, #755, .T. ) ;
#1129 = CARTESIAN_POINT ( 'NONE',  ( 1.600000000000000089, 12.30000000000000071, -56.99999999999999289 ) ) ;
#1130 = CARTESIAN_POINT ( 'NONE',  ( 1.999999999999983569, 0.000000000000000000, -0.8000000000000000444 ) ) ;
#1131 = DIRECTION ( 'NONE',  ( 0.000000000000000000, 0.000000000000000000, 1.000000000000000000 ) ) ;
#1132 = ORIENTED_EDGE ( 'NONE', *, *, #3630, .F. ) ;
#1133 = CARTESIAN_POINT ( 'NONE',  ( 26.89999999999999858, -1.199999999999999956, -53.29999999999999716 ) ) ;
#1134 = AXIS2_PLACEMENT_3D ( 'NONE', #189, #961, #3677 ) ;
#1135 = ADVANCED_FACE ( 'NONE', ( #345 ), #2035, .F. ) ;
#1136 = DIRECTION ( 'NONE',  ( -0.000000000000000000, 1.000000000000000000, -0.000000000000000000 ) ) ;
#1137 = CARTESIAN_POINT ( 'NONE',  ( 51.61061981932800080, 7.570000000000004725, 1.110000000000001874 ) ) ;
#1138 = CARTESIAN_POINT ( 'NONE',  ( 26.89999999999999858, -0.4000000000000000222, -56.25000000000000000 ) ) ;
#1139 = DIRECTION ( 'NONE',  ( -1.000000000000000000, 0.000000000000000000, 0.000000000000000000 ) ) ;
#1140 = AXIS2_PLACEMENT_3D ( 'NONE', #215, #3701, #3348 ) ;
#1141 = DIRECTION ( 'NONE',  ( -1.000000000000000000, 0.000000000000000000, 0.000000000000000000 ) ) ;
#1142 = FACE_BOUND ( 'NONE', #64, .T. ) ;
#1143 = ORIENTED_EDGE ( 'NONE', *, *, #1172, .T. ) ;
#1144 = EDGE_LOOP ( 'NONE', ( #2863, #1823, #2179, #1781 ) ) ;
#1145 = CARTESIAN_POINT ( 'NONE',  ( 90.20000000000000284, 0.6159379566434146636, 15.18406204335660448 ) ) ;
#1146 = CARTESIAN_POINT ( 'NONE',  ( 84.22010101267767368, -0.7999999999999999334, 10.58348486100883434 ) ) ;
#1147 = EDGE_CURVE ( 'NONE', #2470, #4405, #1176, .T. ) ;
#1148 = CARTESIAN_POINT ( 'NONE',  ( 84.22010101267767368, 4.999999999999999112, 17.69999999999999929 ) ) ;
#1149 = CIRCLE ( 'NONE', #4077, 1.500000000000000444 ) ;
#1150 = ORIENTED_EDGE ( 'NONE', *, *, #3403, .F. ) ;
#1151 = VERTEX_POINT ( 'NONE', #528 ) ;
#1152 = CARTESIAN_POINT ( 'NONE',  ( 90.20000000000000284, 12.30000000000000071, 0.000000000000000000 ) ) ;
#1153 = VECTOR ( 'NONE', #1141, 1000.000000000000000 ) ;
#1154 = CARTESIAN_POINT ( 'NONE',  ( 70.20000000000000284, 3.414194678138025463, 10.28130336787442367 ) ) ;
#1155 = EDGE_LOOP ( 'NONE', ( #849, #4085, #616, #1094 ) ) ;
#1156 = ADVANCED_FACE ( 'NONE', ( #3184 ), #2158, .T. ) ;
#1157 = CARTESIAN_POINT ( 'NONE',  ( 70.20000000000000284, 4.397177131284820462, 9.593011644253174097 ) ) ;
#1158 = CARTESIAN_POINT ( 'NONE',  ( 61.18938018067199636, 7.570000000000004725, 0.000000000000000000 ) ) ;
#1159 = LINE ( 'NONE', #733, #547 ) ;
#1160 = DIRECTION ( 'NONE',  ( 0.000000000000000000, 1.000000000000000000, 0.000000000000000000 ) ) ;
#1161 = CARTESIAN_POINT ( 'NONE',  ( 88.59999999999999432, 4.550000000000028244, -9.389999999999961489 ) ) ;
#1162 = ORIENTED_EDGE ( 'NONE', *, *, #1036, .F. ) ;
#1163 = VERTEX_POINT ( 'NONE', #2399 ) ;
#1164 = EDGE_CURVE ( 'NONE', #3282, #3643, #2687, .T. ) ;
#1165 = CARTESIAN_POINT ( 'NONE',  ( 26.89999999999999858, -0.7999999999999999334, -54.80000000000000426 ) ) ;
#1166 = ORIENTED_EDGE ( 'NONE', *, *, #1810, .T. ) ;
#1167 = DIRECTION ( 'NONE',  ( 0.000000000000000000, 1.000000000000000000, 0.000000000000000000 ) ) ;
#1168 = EDGE_LOOP ( 'NONE', ( #1897, #3963, #3208, #521 ) ) ;
#1169 = DIRECTION ( 'NONE',  ( 0.000000000000000000, -1.000000000000000000, 0.000000000000000000 ) ) ;
#1170 = EDGE_LOOP ( 'NONE', ( #2615, #4419, #2787, #2924 ) ) ;
#1172 = EDGE_CURVE ( 'NONE', #4134, #2546, #3672, .T. ) ;
#1171 = CARTESIAN_POINT ( 'NONE',  ( 74.00999999999899615, 7.580000000000111093, -0.7999999999999999334 ) ) ;
#1173 = DIRECTION ( 'NONE',  ( -0.000000000000000000, -1.000000000000000000, -0.000000000000000000 ) ) ;
#1174 = ORIENTED_EDGE ( 'NONE', *, *, #4261, .T. ) ;
#1175 = CIRCLE ( 'NONE', #3904, 6.200000000000001066 ) ;
#1176 = LINE ( 'NONE', #4345, #167 ) ;
#1177 = EDGE_LOOP ( 'NONE', ( #556, #3603, #168, #4059, #1166, #729, #4894, #762, #1643, #2989, #4809, #2853, #784, #3942 ) ) ;
#1178 = ORIENTED_EDGE ( 'NONE', *, *, #3662, .F. ) ;
#1179 = DIRECTION ( 'NONE',  ( 0.000000000000000000, 0.000000000000000000, -1.000000000000000000 ) ) ;
#1180 = CIRCLE ( 'NONE', #2249, 0.6999999999999992895 ) ;
#1181 = EDGE_CURVE ( 'NONE', #1847, #573, #2619, .T. ) ;
#1182 = CARTESIAN_POINT ( 'NONE',  ( 89.09999999999999432, 7.249999999999997335, -31.59000000000001407 ) ) ;
#1183 = CARTESIAN_POINT ( 'NONE',  ( 89.80000000000001137, 7.250000000000007994, -18.38999999999996149 ) ) ;
#1184 = CYLINDRICAL_SURFACE ( 'NONE', #3314, 2.449999999999997513 ) ;
#1185 = ORIENTED_EDGE ( 'NONE', *, *, #2002, .F. ) ;
#1186 = CARTESIAN_POINT ( 'NONE',  ( 26.89999999999999858, -0.7999999999999999334, -50.85000000000000142 ) ) ;
#1187 = VECTOR ( 'NONE', #3842, 1000.000000000000000 ) ;
#1188 = EDGE_CURVE ( 'NONE', #3712, #2680, #746, .T. ) ;
#1189 = CARTESIAN_POINT ( 'NONE',  ( 84.90000000000000568, -0.4000000000000000222, -4.299999999999998046 ) ) ;
#1190 = CARTESIAN_POINT ( 'NONE',  ( 26.89999999999999858, -0.4000000000000000222, -53.29999999999999716 ) ) ;
#1191 = EDGE_CURVE ( 'NONE', #1735, #795, #3306, .T. ) ;
#1192 = CARTESIAN_POINT ( 'NONE',  ( 90.20000000000000284, 5.350000000000009415, -23.38999999999996149 ) ) ;
#1193 = FACE_OUTER_BOUND ( 'NONE', #3793, .T. ) ;
#1194 = LINE ( 'NONE', #4749, #1257 ) ;
#1195 = DIRECTION ( 'NONE',  ( 0.000000000000000000, -5.551115123125783935E-17, 1.000000000000000000 ) ) ;
#1196 = CARTESIAN_POINT ( 'NONE',  ( 0.000000000000000000, 5.000000000000000000, 11.50000000000000000 ) ) ;
#1197 = LINE ( 'NONE', #2278, #3934 ) ;
#1198 = ORIENTED_EDGE ( 'NONE', *, *, #2065, .F. ) ;
#1199 = AXIS2_PLACEMENT_3D ( 'NONE', #2014, #3546, #111 ) ;
#1200 = VERTEX_POINT ( 'NONE', #3213 ) ;
#1201 = DIRECTION ( 'NONE',  ( 0.000000000000000000, 0.000000000000000000, -1.000000000000000000 ) ) ;
#1202 = ADVANCED_FACE ( 'NONE', ( #1117 ), #4682, .F. ) ;
#1203 = CYLINDRICAL_SURFACE ( 'NONE', #1914, 2.450000000000012168 ) ;
#1204 = ORIENTED_EDGE ( 'NONE', *, *, #2182, .T. ) ;
#1205 = ORIENTED_EDGE ( 'NONE', *, *, #476, .T. ) ;
#1206 = EDGE_CURVE ( 'NONE', #988, #597, #4717, .T. ) ;
#1207 = CARTESIAN_POINT ( 'NONE',  ( 89.80000000000001137, 5.349999999999997868, -28.19000000000001194 ) ) ;
#1208 = CARTESIAN_POINT ( 'NONE',  ( 70.20000000000000284, 5.000000000000002665, 11.50000000000000355 ) ) ;
#1209 = FACE_OUTER_BOUND ( 'NONE', #4355, .T. ) ;
#1210 = EDGE_CURVE ( 'NONE', #1200, #2956, #880, .T. ) ;
#1211 = DIRECTION ( 'NONE',  ( 0.7071067811865475727, 0.000000000000000000, 0.7071067811865475727 ) ) ;
#1212 = ORIENTED_EDGE ( 'NONE', *, *, #1026, .F. ) ;
#1213 = EDGE_CURVE ( 'NONE', #1223, #337, #2275, .T. ) ;
#1214 = CIRCLE ( 'NONE', #2222, 0.6999999999999992895 ) ;
#1215 = VERTEX_POINT ( 'NONE', #4698 ) ;
#1216 = ORIENTED_EDGE ( 'NONE', *, *, #1872, .T. ) ;
#1217 = VERTEX_POINT ( 'NONE', #220 ) ;
#1218 = DIRECTION ( 'NONE',  ( 0.000000000000000000, 0.000000000000000000, -1.000000000000000000 ) ) ;
#1219 = EDGE_CURVE ( 'NONE', #2424, #1642, #399, .T. ) ;
#1220 = EDGE_LOOP ( 'NONE', ( #1826, #3108, #3518, #2978, #1909 ) ) ;
#1221 = DIRECTION ( 'NONE',  ( 1.000000000000000000, -0.000000000000000000, -0.000000000000000000 ) ) ;
#1222 = LINE ( 'NONE', #4222, #152 ) ;
#1223 = VERTEX_POINT ( 'NONE', #4831 ) ;
#1224 = EDGE_LOOP ( 'NONE', ( #4357, #4865, #183, #4707 ) ) ;
#1225 = ORIENTED_EDGE ( 'NONE', *, *, #459, .T. ) ;
#1226 = ORIENTED_EDGE ( 'NONE', *, *, #2886, .F. ) ;
#1228 = DIRECTION ( 'NONE',  ( 0.000000000000000000, 0.000000000000000000, 1.000000000000000000 ) ) ;
#1227 = AXIS2_PLACEMENT_3D ( 'NONE', #2936, #626, #1401 ) ;
#1229 = DIRECTION ( 'NONE',  ( 0.000000000000000000, 0.000000000000000000, 1.000000000000000000 ) ) ;
#1230 = VERTEX_POINT ( 'NONE', #595 ) ;
#1231 = AXIS2_PLACEMENT_3D ( 'NONE', #1189, #1985, #4666 ) ;
#1232 = CARTESIAN_POINT ( 'NONE',  ( 26.89999999999999858, -0.4000000000000000222, -50.35000000000000142 ) ) ;
#1233 = CARTESIAN_POINT ( 'NONE',  ( 90.20000000000000284, 5.000000000000000000, 11.50000000000000000 ) ) ;
#1234 = ORIENTED_EDGE ( 'NONE', *, *, #591, .F. ) ;
#1235 = VECTOR ( 'NONE', #3743, 1000.000000000000000 ) ;
#1236 = VERTEX_POINT ( 'NONE', #2545 ) ;
#1237 = ADVANCED_FACE ( 'NONE', ( #3488 ), #4070, .T. ) ;
#1238 = CARTESIAN_POINT ( 'NONE',  ( 88.59999999999999432, 12.30000000000000071, -0.8000000000000000444 ) ) ;
#1239 = AXIS2_PLACEMENT_3D ( 'NONE', #692, #1066, #1448 ) ;
#1240 = ORIENTED_EDGE ( 'NONE', *, *, #2163, .T. ) ;
#1241 = ORIENTED_EDGE ( 'NONE', *, *, #1582, .T. ) ;
#1242 = CARTESIAN_POINT ( 'NONE',  ( 72.20000000000000284, 3.197185481169231291, 7.879245961033396917 ) ) ;
#1243 = ORIENTED_EDGE ( 'NONE', *, *, #4143, .F. ) ;
#1244 = ADVANCED_BREP_SHAPE_REPRESENTATION ( 'display_case', ( #2242, #4389 ), #335 ) ;
#1245 = EDGE_CURVE ( 'NONE', #4293, #993, #4607, .T. ) ;
#1246 = CARTESIAN_POINT ( 'NONE',  ( 72.20000000000000284, 6.931851652578142620, 12.01763809020503260 ) ) ;
#1247 = DIRECTION ( 'NONE',  ( 0.000000000000000000, -0.000000000000000000, 1.000000000000000000 ) ) ;
#1248 = VECTOR ( 'NONE', #4216, 1000.000000000000000 ) ;
#1249 = DIRECTION ( 'NONE',  ( -1.000000000000000000, 0.000000000000000000, 0.000000000000000000 ) ) ;
#1250 = DIRECTION ( 'NONE',  ( -1.000000000000000000, -0.000000000000000000, 0.000000000000000000 ) ) ;
#1251 = DIRECTION ( 'NONE',  ( 1.000000000000000000, 0.000000000000000000, 0.000000000000000000 ) ) ;
#1252 = VERTEX_POINT ( 'NONE', #1342 ) ;
#1253 = AXIS2_PLACEMENT_3D ( 'NONE', #3679, #2867, #554 ) ;
#1254 = CARTESIAN_POINT ( 'NONE',  ( 0.000000000000000000, 5.000000000000000000, 11.50000000000000000 ) ) ;
#1255 = VECTOR ( 'NONE', #2271, 1000.000000000000000 ) ;
#1256 = AXIS2_PLACEMENT_3D ( 'NONE', #1972, #3111, #359 ) ;
#1257 = VECTOR ( 'NONE', #2096, 1000.000000000000114 ) ;
#1258 = ORIENTED_EDGE ( 'NONE', *, *, #555, .F. ) ;
#1259 = DIRECTION ( 'NONE',  ( 0.000000000000000000, 0.000000000000000000, 1.000000000000000000 ) ) ;
#1260 = LINE ( 'NONE', #1499, #3813 ) ;
#1261 = ADVANCED_FACE ( 'NONE', ( #4778 ), #2679, .F. ) ;
#1262 = VECTOR ( 'NONE', #1522, 1000.000000000000000 ) ;
#1263 = ORIENTED_EDGE ( 'NONE', *, *, #3702, .F. ) ;
#1264 = CARTESIAN_POINT ( 'NONE',  ( 5.799999999999999822, 0.000000000000000000, 0.000000000000000000 ) ) ;
#1265 = CARTESIAN_POINT ( 'NONE',  ( -0.2666666666666743235, -1.066666666666662877, -57.13333333333333997 ) ) ;
#1266 = CYLINDRICAL_SURFACE ( 'NONE', #1518, 1.879999999999997229 ) ;
#1267 = CARTESIAN_POINT ( 'NONE',  ( 84.22010101267767368, 3.079627449345335943, 17.10514262192735302 ) ) ;
#1268 = ADVANCED_FACE ( 'NONE', ( #107 ), #3909, .F. ) ;
#1269 = DIRECTION ( 'NONE',  ( -1.000000000000000000, 0.000000000000000000, 0.000000000000000000 ) ) ;
#1270 = AXIS2_PLACEMENT_3D ( 'NONE', #1592, #4274, #834 ) ;
#1271 = VECTOR ( 'NONE', #598, 1000.000000000000000 ) ;
#1272 = DIRECTION ( 'NONE',  ( -1.000000000000000000, 0.000000000000000000, 0.000000000000000000 ) ) ;
#1273 = ORIENTED_EDGE ( 'NONE', *, *, #4408, .F. ) ;
#1274 = CIRCLE ( 'NONE', #1725, 2.000000000000000000 ) ;
#1275 = DIRECTION ( 'NONE',  ( 0.000000000000000000, 0.9659258262890696445, 0.2588190451025157990 ) ) ;
#1276 = EDGE_CURVE ( 'NONE', #313, #2908, #4086, .T. ) ;
#1277 = DIRECTION ( 'NONE',  ( 0.000000000000000000, 0.000000000000000000, 1.000000000000000000 ) ) ;
#1278 = DIRECTION ( 'NONE',  ( 0.000000000000000000, 0.000000000000000000, 1.000000000000000000 ) ) ;
#1279 = EDGE_LOOP ( 'NONE', ( #3418, #2716, #3125, #4476 ) ) ;
#1280 = DIRECTION ( 'NONE',  ( 0.000000000000000000, 0.000000000000000000, 1.000000000000000000 ) ) ;
#1281 = EDGE_CURVE ( 'NONE', #1656, #2968, #1000, .T. ) ;
#1282 = EDGE_LOOP ( 'NONE', ( #3910, #2488, #4060, #249 ) ) ;
#1283 = ORIENTED_EDGE ( 'NONE', *, *, #732, .T. ) ;
#1284 = DIRECTION ( 'NONE',  ( 0.000000000000000000, 0.000000000000000000, 1.000000000000000000 ) ) ;
#1285 = ORIENTED_EDGE ( 'NONE', *, *, #3922, .T. ) ;
#1286 = EDGE_CURVE ( 'NONE', #3595, #3971, #1418, .T. ) ;
#1287 = AXIS2_PLACEMENT_3D ( 'NONE', #1954, #2760, #4317 ) ;
#1288 = VERTEX_POINT ( 'NONE', #982 ) ;
#1289 = CARTESIAN_POINT ( 'NONE',  ( 88.59999999999999432, 4.550000000000028244, -32.38999999999995794 ) ) ;
#1290 = EDGE_CURVE ( 'NONE', #376, #3063, #1860, .T. ) ;
#1291 = ORIENTED_EDGE ( 'NONE', *, *, #3684, .F. ) ;
#1292 = VERTEX_POINT ( 'NONE', #4098 ) ;
#1293 = VECTOR ( 'NONE', #2945, 1000.000000000000000 ) ;
#1294 = ORIENTED_EDGE ( 'NONE', *, *, #2932, .T. ) ;
#1295 = ORIENTED_EDGE ( 'NONE', *, *, #4473, .F. ) ;
#1296 = CARTESIAN_POINT ( 'NONE',  ( 49.70000000000000284, 1.220000000000006635, 1.110000000000001430 ) ) ;
#1297 = DIRECTION ( 'NONE',  ( 1.000000000000000000, 0.000000000000000000, 0.000000000000000000 ) ) ;
#1298 = LINE ( 'NONE', #2159, #1304 ) ;
#1299 = ORIENTED_EDGE ( 'NONE', *, *, #3461, .T. ) ;
#1300 = CARTESIAN_POINT ( 'NONE',  ( 90.20000000000000284, 10.75961257427094608, 12.18327373306750516 ) ) ;
#1301 = DIRECTION ( 'NONE',  ( 0.000000000000000000, 1.858632295689437976E-15, -1.000000000000000000 ) ) ;
#1302 = AXIS2_PLACEMENT_3D ( 'NONE', #1158, #338, #1547 ) ;
#1303 = PLANE ( 'NONE',  #2404 ) ;
#1304 = VECTOR ( 'NONE', #4788, 1000.000000000000000 ) ;
#1305 = VERTEX_POINT ( 'NONE', #1391 ) ;
#1306 = CARTESIAN_POINT ( 'NONE',  ( 89.09999999999999432, 5.349999999999997868, -28.19000000000001194 ) ) ;
#1307 = DIRECTION ( 'NONE',  ( -0.000000000000000000, 5.551115123125781470E-17, 1.000000000000000000 ) ) ;
#1308 = EDGE_CURVE ( 'NONE', #3615, #4841, #3794, .T. ) ;
#1309 = DIRECTION ( 'NONE',  ( 1.000000000000000000, -0.000000000000000000, -0.000000000000000000 ) ) ;
#1310 = CARTESIAN_POINT ( 'NONE',  ( 80.20000000000000284, 5.350000000000009415, -27.38999999999995794 ) ) ;
#1311 = VECTOR ( 'NONE', #523, 1000.000000000000000 ) ;
#1312 = DIRECTION ( 'NONE',  ( 0.000000000000000000, 0.000000000000000000, -1.000000000000000000 ) ) ;
#1313 = ORIENTED_EDGE ( 'NONE', *, *, #1815, .F. ) ;
#1314 = CARTESIAN_POINT ( 'NONE',  ( 89.80000000000002558, 12.30000000000000071, -57.79999999999999716 ) ) ;
#1315 = CYLINDRICAL_SURFACE ( 'NONE', #3477, 0.4000000000000010214 ) ;
#1316 = EDGE_CURVE ( 'NONE', #1503, #1292, #810, .T. ) ;
#1317 = DIRECTION ( 'NONE',  ( 0.000000000000000000, 0.000000000000000000, 1.000000000000000000 ) ) ;
#1318 = LINE ( 'NONE', #2118, #1939 ) ;
#1319 = ORIENTED_EDGE ( 'NONE', *, *, #2009, .T. ) ;
#1320 = AXIS2_PLACEMENT_3D ( 'NONE', #2403, #2021, #3155 ) ;
#1321 = DIRECTION ( 'NONE',  ( 0.000000000000000000, -1.000000000000000000, -5.551115123125783935E-17 ) ) ;
#1322 = AXIS2_PLACEMENT_3D ( 'NONE', #1618, #4294, #815 ) ;
#1323 = LINE ( 'NONE', #4552, #4451 ) ;
#1324 = CARTESIAN_POINT ( 'NONE',  ( 90.20000000000000284, 5.350000000000009415, -27.38999999999995794 ) ) ;
#1325 = ORIENTED_EDGE ( 'NONE', *, *, #3882, .T. ) ;
#1326 = CARTESIAN_POINT ( 'NONE',  ( 26.89999999999999858, -0.7999999999999999334, -50.85000000000000142 ) ) ;
#1327 = DIRECTION ( 'NONE',  ( 0.000000000000000000, 0.000000000000000000, -1.000000000000000000 ) ) ;
#1328 = LINE ( 'NONE', #1361, #1271 ) ;
#1329 = EDGE_LOOP ( 'NONE', ( #4877, #2835, #4054, #4213 ) ) ;
#1330 = VERTEX_POINT ( 'NONE', #1358 ) ;
#1331 = UNCERTAINTY_MEASURE_WITH_UNIT (LENGTH_MEASURE( 1.000000000000000082E-05 ), #570, 'distance_accuracy_value', 'NONE');
#1332 = CARTESIAN_POINT ( 'NONE',  ( 20.04926735356653467, 2.200000000000000622, -0.8000000000000000444 ) ) ;
#1333 = CARTESIAN_POINT ( 'NONE',  ( 86.20000000000000284, 4.116134918785789409, 17.23225806451612740 ) ) ;
#1334 = EDGE_LOOP ( 'NONE', ( #481, #4774, #1850, #2963, #3249, #436, #4414, #4723 ) ) ;
#1335 = CARTESIAN_POINT ( 'NONE',  ( -0.000000000000000000, -1.199999999999999956, 11.50000000000000000 ) ) ;
#1336 = EDGE_CURVE ( 'NONE', #2217, #2429, #3961, .T. ) ;
#1337 = ADVANCED_FACE ( 'NONE', ( #1063 ), #4032, .T. ) ;
#1338 = ORIENTED_EDGE ( 'NONE', *, *, #3434, .F. ) ;
#1339 = DIRECTION ( 'NONE',  ( 1.000000000000000000, 0.000000000000000000, 0.000000000000000000 ) ) ;
#1340 = ORIENTED_EDGE ( 'NONE', *, *, #4959, .F. ) ;
#1341 = CARTESIAN_POINT ( 'NONE',  ( 84.22010101267767368, 11.19622312751839388, 11.28362312044449389 ) ) ;
#1342 = CARTESIAN_POINT ( 'NONE',  ( 26.89999999999999858, -0.7999999999999999334, -55.75000000000000000 ) ) ;
#1343 = ORIENTED_EDGE ( 'NONE', *, *, #98, .F. ) ;
#1344 = EDGE_LOOP ( 'NONE', ( #3778, #2339, #2988, #2147 ) ) ;
#1345 = EDGE_CURVE ( 'NONE', #2200, #1738, #2029, .T. ) ;
#1346 = CARTESIAN_POINT ( 'NONE',  ( 1.600000000000000089, 12.30000000000000071, -0.8000000000000000444 ) ) ;
#1347 = CARTESIAN_POINT ( 'NONE',  ( 86.20000000000000284, 1.689652777936718309, 16.26252047443135851 ) ) ;
#1348 = CARTESIAN_POINT ( 'NONE',  ( 5.799999999999999822, 11.20000000000000284, 0.000000000000000000 ) ) ;
#1349 = ORIENTED_EDGE ( 'NONE', *, *, #4570, .F. ) ;
#1350 = LINE ( 'NONE', #651, #4081 ) ;
#1351 = EDGE_LOOP ( 'NONE', ( #4634, #3795 ) ) ;
#1352 = AXIS2_PLACEMENT_3D ( 'NONE', #780, #1510, #3482 ) ;
#1353 = ORIENTED_EDGE ( 'NONE', *, *, #1488, .F. ) ;
#1354 = DIRECTION ( 'NONE',  ( -0.000000000000000000, -1.000000000000000000, -0.000000000000000000 ) ) ;
#1355 = EDGE_CURVE ( 'NONE', #9, #4405, #3789, .T. ) ;
#1356 = EDGE_CURVE ( 'NONE', #1593, #2449, #3301, .T. ) ;
#1357 = DIRECTION ( 'NONE',  ( 0.000000000000000000, 1.000000000000000000, 5.551115123125783935E-17 ) ) ;
#1358 = CARTESIAN_POINT ( 'NONE',  ( 50.55962089563534079, 8.494879052848078871, -0.8000000000000000444 ) ) ;
#1359 = LINE ( 'NONE', #1289, #3914 ) ;
#1360 = LINE ( 'NONE', #2757, #1424 ) ;
#1361 = CARTESIAN_POINT ( 'NONE',  ( 89.80000000000001137, 7.249999999999997335, -13.59000000000001585 ) ) ;
#1362 = CARTESIAN_POINT ( 'NONE',  ( 72.20000000000000284, 5.000000000000000000, 11.50000000000000000 ) ) ;
#1363 = ADVANCED_FACE ( 'NONE', ( #872 ), #3050, .F. ) ;
#1364 = EDGE_CURVE ( 'NONE', #3872, #3248, #2738, .T. ) ;
#1365 = ORIENTED_EDGE ( 'NONE', *, *, #191, .T. ) ;
#1366 = CARTESIAN_POINT ( 'NONE',  ( 64.49999999999997158, 6.098427603645005135, 1.110000000000001652 ) ) ;
#1367 = DIRECTION ( 'NONE',  ( 0.000000000000000000, 0.000000000000000000, 1.000000000000000000 ) ) ;
#1368 = CARTESIAN_POINT ( 'NONE',  ( 22.04926735356654177, 2.200000000000000178, 0.000000000000000000 ) ) ;
#1369 = LINE ( 'NONE', #2771, #2879 ) ;
#1370 = VERTEX_POINT ( 'NONE', #4189 ) ;
#1371 = DIRECTION ( 'NONE',  ( -1.000000000000000000, 0.000000000000000000, 0.000000000000000000 ) ) ;
#1372 = EDGE_CURVE ( 'NONE', #1842, #4645, #1350, .T. ) ;
#1373 = VERTEX_POINT ( 'NONE', #4917 ) ;
#1374 = DIRECTION ( 'NONE',  ( 0.000000000000000000, -1.000000000000000000, -5.767032832369670553E-17 ) ) ;
#1375 = CIRCLE ( 'NONE', #3986, 6.200000000000001066 ) ;
#1376 = FACE_OUTER_BOUND ( 'NONE', #912, .T. ) ;
#1377 = LINE ( 'NONE', #2152, #2475 ) ;
#1378 = EDGE_CURVE ( 'NONE', #1215, #1605, #1974, .T. ) ;
#1379 = AXIS2_PLACEMENT_3D ( 'NONE', #4609, #3436, #1881 ) ;
#1380 = DIRECTION ( 'NONE',  ( 0.000000000000000000, 0.000000000000000000, 1.000000000000000000 ) ) ;
#1381 = CIRCLE ( 'NONE', #324, 2.950000000000001066 ) ;
#1382 = EDGE_CURVE ( 'NONE', #873, #3595, #4652, .T. ) ;
#1383 = VECTOR ( 'NONE', #700, 1000.000000000000000 ) ;
#1384 = ORIENTED_EDGE ( 'NONE', *, *, #4921, .F. ) ;
#1385 = DIRECTION ( 'NONE',  ( 0.000000000000000000, -5.551115123125783935E-17, 1.000000000000000000 ) ) ;
#1386 = ADVANCED_FACE ( 'NONE', ( #1908 ), #3170, .F. ) ;
#1387 = CIRCLE ( 'NONE', #1422, 0.6999999999999992895 ) ;
#1388 = ORIENTED_EDGE ( 'NONE', *, *, #693, .T. ) ;
#1389 = DIRECTION ( 'NONE',  ( 0.000000000000000000, 0.9659258262890696445, 0.2588190451025157990 ) ) ;
#1390 = AXIS2_PLACEMENT_3D ( 'NONE', #2657, #1475, #2273 ) ;
#1391 = CARTESIAN_POINT ( 'NONE',  ( 90.20000000000000284, 3.079627449345335943, 17.10514262192735302 ) ) ;
#1392 = VECTOR ( 'NONE', #4140, 1000.000000000000000 ) ;
#1393 = ORIENTED_EDGE ( 'NONE', *, *, #1548, .F. ) ;
#1394 = CARTESIAN_POINT ( 'NONE',  ( 26.89999999999999858, -0.7999999999999999334, -4.299999999999998046 ) ) ;
#1395 = DIRECTION ( 'NONE',  ( 0.000000000000000000, 0.000000000000000000, -1.000000000000000000 ) ) ;
#1396 = DIRECTION ( 'NONE',  ( -0.000000000000000000, 0.7071067811865474617, 0.7071067811865475727 ) ) ;
#1397 = AXIS2_PLACEMENT_3D ( 'NONE', #2558, #1385, #4111 ) ;
#1398 = LINE ( 'NONE', #1494, #1466 ) ;
#1399 = VERTEX_POINT ( 'NONE', #4883 ) ;
#1400 = DIRECTION ( 'NONE',  ( 0.000000000000000000, 0.000000000000000000, 1.000000000000000000 ) ) ;
#1401 = DIRECTION ( 'NONE',  ( 0.000000000000000000, -0.000000000000000000, 1.000000000000000000 ) ) ;
#1402 = CARTESIAN_POINT ( 'NONE',  ( 0.000000000000000000, 5.000000000000000000, 11.50000000000000000 ) ) ;
#1403 = CARTESIAN_POINT ( 'NONE',  ( 90.20000000000000284, 5.349999999999998757, 3.858025010572418584E-16 ) ) ;
#1404 = CARTESIAN_POINT ( 'NONE',  ( 24.04926735356654532, 2.200000000000000178, -0.8000000000000003775 ) ) ;
#1405 = EDGE_CURVE ( 'NONE', #4025, #3857, #4832, .T. ) ;
#1406 = ORIENTED_EDGE ( 'NONE', *, *, #3666, .F. ) ;
#1407 = CARTESIAN_POINT ( 'NONE',  ( 86.20000000000000284, 5.000000000000000000, 11.50000000000000000 ) ) ;
#1408 = ORIENTED_EDGE ( 'NONE', *, *, #1523, .F. ) ;
#1409 = ADVANCED_FACE ( 'NONE', ( #4264 ), #4145, .F. ) ;
#1410 = ORIENTED_EDGE ( 'NONE', *, *, #870, .T. ) ;
#1411 = CARTESIAN_POINT ( 'NONE',  ( 89.80000000000001137, 7.250000000000007994, -23.38999999999996149 ) ) ;
#1412 = DIRECTION ( 'NONE',  ( -0.000000000000000000, -1.000000000000000000, -0.000000000000000000 ) ) ;
#1413 = ORIENTED_EDGE ( 'NONE', *, *, #1181, .F. ) ;
#1414 = CARTESIAN_POINT ( 'NONE',  ( 89.80000000000001137, 7.249999999999997335, -22.59000000000001407 ) ) ;
#1415 = DIRECTION ( 'NONE',  ( 0.000000000000000000, 5.551115123125781470E-17, 1.000000000000000000 ) ) ;
#1416 = ORIENTED_EDGE ( 'NONE', *, *, #4661, .F. ) ;
#1417 = ADVANCED_FACE ( 'NONE', ( #561 ), #2606, .F. ) ;
#1418 = LINE ( 'NONE', #3265, #4368 ) ;
#1419 = CARTESIAN_POINT ( 'NONE',  ( 86.20000000000000284, -1.199999999999999512, 0.000000000000000000 ) ) ;
#1420 = ORIENTED_EDGE ( 'NONE', *, *, #2002, .T. ) ;
#1421 = DIRECTION ( 'NONE',  ( 0.000000000000000000, 0.000000000000000000, 1.000000000000000000 ) ) ;
#1422 = AXIS2_PLACEMENT_3D ( 'NONE', #2181, #646, #4115 ) ;
#1423 = CIRCLE ( 'NONE', #522, 2.000000000000005329 ) ;
#1424 = VECTOR ( 'NONE', #146, 1000.000000000000000 ) ;
#1425 = VERTEX_POINT ( 'NONE', #4486 ) ;
#1426 = DIRECTION ( 'NONE',  ( 1.000000000000000000, 0.000000000000000000, 0.000000000000000000 ) ) ;
#1427 = EDGE_CURVE ( 'NONE', #4560, #3069, #1175, .T. ) ;
#1428 = FACE_OUTER_BOUND ( 'NONE', #3536, .T. ) ;
#1429 = ORIENTED_EDGE ( 'NONE', *, *, #1308, .F. ) ;
#1430 = CARTESIAN_POINT ( 'NONE',  ( 86.20000000000000284, 5.000000000000000000, 11.50000000000000000 ) ) ;
#1431 = DIRECTION ( 'NONE',  ( -0.000000000000000000, 1.000000000000000000, -0.000000000000000000 ) ) ;
#1432 = DIRECTION ( 'NONE',  ( 1.000000000000000000, -0.000000000000000000, 0.000000000000000000 ) ) ;
#1433 = FACE_OUTER_BOUND ( 'NONE', #218, .T. ) ;
#1434 = ORIENTED_EDGE ( 'NONE', *, *, #2868, .F. ) ;
#1435 = ADVANCED_FACE ( 'NONE', ( #42 ), #466, .F. ) ;
#1436 = ADVANCED_FACE ( 'NONE', ( #2148 ), #828, .F. ) ;
#1437 = LINE ( 'NONE', #1348, #4385 ) ;
#1438 = ORIENTED_EDGE ( 'NONE', *, *, #1188, .F. ) ;
#1439 = AXIS2_PLACEMENT_3D ( 'NONE', #4179, #378, #4546 ) ;
#1440 = DIRECTION ( 'NONE',  ( 0.000000000000000000, 0.000000000000000000, 1.000000000000000000 ) ) ;
#1441 = CARTESIAN_POINT ( 'NONE',  ( 0.000000000000000000, 5.000000000000000000, 11.50000000000000000 ) ) ;
#1442 = LINE ( 'NONE', #4035, #238 ) ;
#1443 = CIRCLE ( 'NONE', #49, 2.949999999999994404 ) ;
#1444 = ORIENTED_EDGE ( 'NONE', *, *, #3845, .F. ) ;
#1445 = CARTESIAN_POINT ( 'NONE',  ( 64.50000000000000000, 2.620000000000006768, 1.110000000000001430 ) ) ;
#1446 = EDGE_CURVE ( 'NONE', #739, #4808, #2005, .T. ) ;
#1447 = VECTOR ( 'NONE', #824, 1000.000000000000114 ) ;
#1448 = DIRECTION ( 'NONE',  ( 0.000000000000000000, 0.000000000000000000, 1.000000000000000000 ) ) ;
#1449 = LINE ( 'NONE', #1672, #3393 ) ;
#1450 = CARTESIAN_POINT ( 'NONE',  ( 1.600000000000000089, 9.460000000000009734, -0.8000000000000000444 ) ) ;
#1451 = CYLINDRICAL_SURFACE ( 'NONE', #3597, 0.4000000000000010214 ) ;
#1452 = EDGE_LOOP ( 'NONE', ( #2440, #375 ) ) ;
#1453 = VERTEX_POINT ( 'NONE', #635 ) ;
#1454 = EDGE_CURVE ( 'NONE', #3946, #3478, #3985, .T. ) ;
#1455 = DIRECTION ( 'NONE',  ( -1.000000000000000000, -0.000000000000000000, -0.000000000000000000 ) ) ;
#1456 = VECTOR ( 'NONE', #4160, 1000.000000000000114 ) ;
#1457 = ORIENTED_EDGE ( 'NONE', *, *, #3938, .F. ) ;
#1458 = ORIENTED_EDGE ( 'NONE', *, *, #698, .T. ) ;
#1459 = ORIENTED_EDGE ( 'NONE', *, *, #3126, .T. ) ;
#1460 = PRESENTATION_LAYER_ASSIGNMENT (  '', '', ( #4896 ) ) ;
#1461 = PLANE ( 'NONE',  #1693 ) ;
#1462 = VECTOR ( 'NONE', #3088, 1000.000000000000000 ) ;
#1463 = ADVANCED_FACE ( 'NONE', ( #3507 ), #1010, .T. ) ;
#1464 = DIRECTION ( 'NONE',  ( -0.000000000000000000, 1.000000000000000000, -0.000000000000000000 ) ) ;
#1465 = ORIENTED_EDGE ( 'NONE', *, *, #1833, .F. ) ;
#1466 = VECTOR ( 'NONE', #3073, 1000.000000000000000 ) ;
#1467 = ORIENTED_EDGE ( 'NONE', *, *, #2289, .F. ) ;
#1468 = AXIS2_PLACEMENT_3D ( 'NONE', #1196, #4311, #2376 ) ;
#1469 = ORIENTED_EDGE ( 'NONE', *, *, #395, .F. ) ;
#1470 = EDGE_CURVE ( 'NONE', #4484, #3172, #3614, .T. ) ;
#1471 = CARTESIAN_POINT ( 'NONE',  ( 70.20000000000000284, 5.000000000000002665, 11.50000000000000355 ) ) ;
#1472 = DIRECTION ( 'NONE',  ( 1.000000000000000000, -0.000000000000000000, -0.000000000000000000 ) ) ;
#1473 = EDGE_LOOP ( 'NONE', ( #1178, #3135, #4871, #3951 ) ) ;
#1474 = DIRECTION ( 'NONE',  ( 0.000000000000000000, -0.08715574274765904017, 0.9961946980917454342 ) ) ;
#1475 = DIRECTION ( 'NONE',  ( 0.000000000000000000, -1.000000000000000000, -0.000000000000000000 ) ) ;
#1476 = VERTEX_POINT ( 'NONE', #1879 ) ;
#1477 = ORIENTED_EDGE ( 'NONE', *, *, #2381, .F. ) ;
#1478 = EDGE_CURVE ( 'NONE', #3607, #3683, #2468, .T. ) ;
#1479 = DIRECTION ( 'NONE',  ( -0.000000000000000000, 1.102578480493733066E-16, -1.000000000000000000 ) ) ;
#1480 = EDGE_LOOP ( 'NONE', ( #4126, #2353, #2390, #4353, #201, #3302, #2799, #2256 ) ) ;
#1481 = EDGE_LOOP ( 'NONE', ( #2397, #1893, #4651, #1713 ) ) ;
#1482 = ORIENTED_EDGE ( 'NONE', *, *, #3428, .T. ) ;
#1483 = CARTESIAN_POINT ( 'NONE',  ( 33.88802562606619517, 40.71346255092743149, -0.8000000000000000444 ) ) ;
#1484 = EDGE_CURVE ( 'NONE', #148, #4291, #1863, .T. ) ;
#1485 = VERTEX_POINT ( 'NONE', #4233 ) ;
#1486 = EDGE_LOOP ( 'NONE', ( #3154, #862, #4431, #2209 ) ) ;
#1487 = DIRECTION ( 'NONE',  ( 0.000000000000000000, 0.000000000000000000, 1.000000000000000000 ) ) ;
#1488 = EDGE_CURVE ( 'NONE', #3087, #197, #3847, .T. ) ;
#1489 = ADVANCED_FACE ( 'NONE', ( #1123 ), #2282, .T. ) ;
#1490 = CIRCLE ( 'NONE', #623, 1.880000000000006555 ) ;
#1491 = ADVANCED_FACE ( 'NONE', ( #936 ), #1093, .F. ) ;
#1492 = DIRECTION ( 'NONE',  ( 0.000000000000000000, 4.336808689942006692E-15, 1.000000000000000000 ) ) ;
#1493 = CARTESIAN_POINT ( 'NONE',  ( 89.80000000000001137, 5.350000000000009415, -27.38999999999995794 ) ) ;
#1494 = CARTESIAN_POINT ( 'NONE',  ( 80.20000000000000284, 7.250000000000007994, -27.38999999999995794 ) ) ;
#1495 = AXIS2_PLACEMENT_3D ( 'NONE', #677, #2569, #1840 ) ;
#1496 = VECTOR ( 'NONE', #4082, 1000.000000000000000 ) ;
#1497 = LINE ( 'NONE', #364, #4669 ) ;
#1498 = AXIS2_PLACEMENT_3D ( 'NONE', #394, #4622, #3492 ) ;
#1499 = CARTESIAN_POINT ( 'NONE',  ( 88.20000000000001705, 0.000000000000000000, 0.000000000000000000 ) ) ;
#1500 = CIRCLE ( 'NONE', #3828, 2.449999999999997957 ) ;
#1501 = AXIS2_PLACEMENT_3D ( 'NONE', #446, #4272, #1229 ) ;
#1502 = DIRECTION ( 'NONE',  ( -0.000000000000000000, -1.000000000000000000, -0.000000000000000000 ) ) ;
#1503 = VERTEX_POINT ( 'NONE', #3032 ) ;
#1504 = FILL_AREA_STYLE_COLOUR ( '', #2496 ) ;
#1505 = EDGE_CURVE ( 'NONE', #2533, #1851, #4207, .T. ) ;
#1506 = LINE ( 'NONE', #752, #707 ) ;
#1507 = PLANE ( 'NONE',  #1256 ) ;
#1508 = ORIENTED_EDGE ( 'NONE', *, *, #1801, .F. ) ;
#1509 = LINE ( 'NONE', #4482, #71 ) ;
#1510 = DIRECTION ( 'NONE',  ( -1.000000000000000000, -0.000000000000000000, -0.000000000000000000 ) ) ;
#1511 = CARTESIAN_POINT ( 'NONE',  ( 89.80000000000002558, 12.30000000000000071, -57.79999999999999716 ) ) ;
#1512 = LINE ( 'NONE', #1792, #2061 ) ;
#1513 = VERTEX_POINT ( 'NONE', #3435 ) ;
#1514 = VERTEX_POINT ( 'NONE', #20 ) ;
#1515 = DIRECTION ( 'NONE',  ( 0.000000000000000000, -0.9659258262890695335, -0.2588190451025158545 ) ) ;
#1516 = FACE_OUTER_BOUND ( 'NONE', #661, .T. ) ;
#1517 = ORIENTED_EDGE ( 'NONE', *, *, #1206, .F. ) ;
#1518 = AXIS2_PLACEMENT_3D ( 'NONE', #631, #3296, #4047 ) ;
#1519 = EDGE_LOOP ( 'NONE', ( #4544, #4215, #1212, #1384 ) ) ;
#1520 = DIRECTION ( 'NONE',  ( 0.6606278948918830052, 0.7507135169228800198, 0.000000000000000000 ) ) ;
#1521 = EDGE_LOOP ( 'NONE', ( #805, #2986, #3236, #1226 ) ) ;
#1522 = DIRECTION ( 'NONE',  ( -0.000000000000000000, 1.000000000000000000, -0.000000000000000000 ) ) ;
#1523 = EDGE_CURVE ( 'NONE', #2968, #3862, #2575, .T. ) ;
#1524 = DIRECTION ( 'NONE',  ( 1.000000000000000000, -0.000000000000000000, -0.000000000000000000 ) ) ;
#1525 = DIRECTION ( 'NONE',  ( -1.000000000000000000, -0.000000000000000000, -0.000000000000000000 ) ) ;
#1526 = FACE_OUTER_BOUND ( 'NONE', #538, .T. ) ;
#1527 = DIRECTION ( 'NONE',  ( 1.000000000000000000, -0.000000000000000000, -0.000000000000000000 ) ) ;
#1528 = DIRECTION ( 'NONE',  ( 0.000000000000000000, 1.000000000000000000, 0.000000000000000000 ) ) ;
#1529 = EDGE_CURVE ( 'NONE', #2088, #1839, #3551, .T. ) ;
#1530 = CARTESIAN_POINT ( 'NONE',  ( 9.799999999999998934, 11.20000000000000284, 0.000000000000000000 ) ) ;
#1531 = ORIENTED_EDGE ( 'NONE', *, *, #4173, .F. ) ;
#1532 = VERTEX_POINT ( 'NONE', #1 ) ;
#1533 = DIRECTION ( 'NONE',  ( 0.000000000000000000, 0.000000000000000000, 1.000000000000000000 ) ) ;
#1534 = ORIENTED_EDGE ( 'NONE', *, *, #2511, .F. ) ;
#1535 = AXIS2_PLACEMENT_3D ( 'NONE', #3895, #408, #3140 ) ;
#1536 = LINE ( 'NONE', #1628, #2208 ) ;
#1537 = ORIENTED_EDGE ( 'NONE', *, *, #1615, .F. ) ;
#1538 =( NAMED_UNIT ( * ) PLANE_ANGLE_UNIT ( ) SI_UNIT ( $, .RADIAN. ) );
#1539 = ORIENTED_EDGE ( 'NONE', *, *, #4708, .T. ) ;
#1540 = CARTESIAN_POINT ( 'NONE',  ( 88.59999999999999432, 4.550000000000028244, -9.389999999999961489 ) ) ;
#1541 = VERTEX_POINT ( 'NONE', #3486 ) ;
#1542 = EDGE_CURVE ( 'NONE', #4242, #3079, #639, .T. ) ;
#1543 = DIRECTION ( 'NONE',  ( -0.000000000000000000, -0.000000000000000000, 1.000000000000000000 ) ) ;
#1544 = DIRECTION ( 'NONE',  ( -1.000000000000000000, 0.000000000000000000, 0.000000000000000000 ) ) ;
#1545 = CIRCLE ( 'NONE', #1140, 0.5999999999999998668 ) ;
#1546 = CARTESIAN_POINT ( 'NONE',  ( 80.39000000000200430, 9.460000000000009734, -0.8000000000000000444 ) ) ;
#1547 = DIRECTION ( 'NONE',  ( -1.000000000000000000, 0.000000000000000000, 0.000000000000000000 ) ) ;
#1548 = EDGE_CURVE ( 'NONE', #4025, #106, #346, .T. ) ;
#1549 = AXIS2_PLACEMENT_3D ( 'NONE', #1563, #1502, #3451 ) ;
#1550 = PLANE ( 'NONE',  #4887 ) ;
#1551 = ORIENTED_EDGE ( 'NONE', *, *, #3972, .T. ) ;
#1552 = EDGE_CURVE ( 'NONE', #197, #2393, #226, .T. ) ;
#1553 = CARTESIAN_POINT ( 'NONE',  ( 86.20000000000000284, 1.689652777936718309, 16.66252047443136064 ) ) ;
#1554 = ORIENTED_EDGE ( 'NONE', *, *, #1505, .T. ) ;
#1555 = DIRECTION ( 'NONE',  ( -1.000000000000000000, 0.000000000000000000, 0.000000000000000000 ) ) ;
#1556 = CARTESIAN_POINT ( 'NONE',  ( 89.80000000000001137, 4.550000000000028244, -32.38999999999995794 ) ) ;
#1557 = VECTOR ( 'NONE', #1777, 1000.000000000000000 ) ;
#1558 = DIRECTION ( 'NONE',  ( -1.000000000000000000, -0.000000000000000000, -0.000000000000000000 ) ) ;
#1559 = CARTESIAN_POINT ( 'NONE',  ( 80.20000000000000284, 7.250000000000007994, -32.38999999999995794 ) ) ;
#1560 = CARTESIAN_POINT ( 'NONE',  ( 48.29999999999999716, 6.098427603645005135, 1.110000000000001652 ) ) ;
#1561 = VECTOR ( 'NONE', #237, 1000.000000000000000 ) ;
#1562 = AXIS2_PLACEMENT_3D ( 'NONE', #4052, #2926, #996 ) ;
#1563 = CARTESIAN_POINT ( 'NONE',  ( 26.89999999999999858, -0.7999999999999999334, -53.29999999999999716 ) ) ;
#1564 = FACE_OUTER_BOUND ( 'NONE', #3397, .T. ) ;
#1565 = FACE_OUTER_BOUND ( 'NONE', #44, .T. ) ;
#1566 = VECTOR ( 'NONE', #2297, 1000.000000000000000 ) ;
#1567 = DIRECTION ( 'NONE',  ( 0.000000000000000000, 0.000000000000000000, -1.000000000000000000 ) ) ;
#1568 = PLANE ( 'NONE',  #1501 ) ;
#1569 = EDGE_CURVE ( 'NONE', #3971, #4903, #3187, .T. ) ;
#1570 = DIRECTION ( 'NONE',  ( 0.000000000000000000, 0.000000000000000000, 1.000000000000000000 ) ) ;
#1571 = DIRECTION ( 'NONE',  ( -0.000000000000000000, -1.000000000000000000, -0.000000000000000000 ) ) ;
#1572 = LINE ( 'NONE', #3499, #4800 ) ;
#1573 = VERTEX_POINT ( 'NONE', #2665 ) ;
#1574 = VERTEX_POINT ( 'NONE', #1125 ) ;
#1575 = CARTESIAN_POINT ( 'NONE',  ( 89.80000000000001137, 4.550000000000028244, -18.38999999999996149 ) ) ;
#1576 = VECTOR ( 'NONE', #2946, 1000.000000000000114 ) ;
#1577 = ORIENTED_EDGE ( 'NONE', *, *, #3791, .T. ) ;
#1578 = CARTESIAN_POINT ( 'NONE',  ( 90.20000000000000284, 3.374689063315323256, 17.48317343548498570 ) ) ;
#1579 = ORIENTED_EDGE ( 'NONE', *, *, #3893, .T. ) ;
#1580 = ORIENTED_EDGE ( 'NONE', *, *, #2323, .F. ) ;
#1581 = CARTESIAN_POINT ( 'NONE',  ( 22.04926735356654177, 2.200000000000000178, -0.8000000000000003775 ) ) ;
#1582 = EDGE_CURVE ( 'NONE', #4398, #593, #3496, .T. ) ;
#1583 = LINE ( 'NONE', #1310, #3406 ) ;
#1584 = ORIENTED_EDGE ( 'NONE', *, *, #831, .F. ) ;
#1585 = DIRECTION ( 'NONE',  ( 0.000000000000000000, -1.000000000000000000, 0.000000000000000000 ) ) ;
#1586 = ORIENTED_EDGE ( 'NONE', *, *, #4539, .F. ) ;
#1587 = AXIS2_PLACEMENT_3D ( 'NONE', #4558, #2287, #4941 ) ;
#1588 = LINE ( 'NONE', #660, #4301 ) ;
#1589 = ORIENTED_EDGE ( 'NONE', *, *, #2481, .F. ) ;
#1590 = EDGE_LOOP ( 'NONE', ( #2131, #697 ) ) ;
#1591 = AXIS2_PLACEMENT_3D ( 'NONE', #2591, #2977, #281 ) ;
#1592 = CARTESIAN_POINT ( 'NONE',  ( 84.90000000000000568, -0.7999999999999999334, -4.299999999999998046 ) ) ;
#1593 = VERTEX_POINT ( 'NONE', #3921 ) ;
#1594 = LINE ( 'NONE', #484, #390 ) ;
#1595 = EDGE_LOOP ( 'NONE', ( #1080, #2928, #3929, #3363 ) ) ;
#1596 = CARTESIAN_POINT ( 'NONE',  ( 89.80000000000001137, 4.550000000000028244, -27.38999999999995794 ) ) ;
#1597 = PLANE ( 'NONE',  #3768 ) ;
#1598 = ORIENTED_EDGE ( 'NONE', *, *, #4236, .T. ) ;
#1599 = DIRECTION ( 'NONE',  ( 0.000000000000000000, 0.000000000000000000, 1.000000000000000000 ) ) ;
#1600 = DIRECTION ( 'NONE',  ( 0.000000000000000000, -1.000000000000000000, 0.000000000000000000 ) ) ;
#1601 = ORIENTED_EDGE ( 'NONE', *, *, #1984, .T. ) ;
#1602 = EDGE_LOOP ( 'NONE', ( #3999, #3735, #350, #2447 ) ) ;
#1603 = DIRECTION ( 'NONE',  ( 0.000000000000000000, 0.000000000000000000, 1.000000000000000000 ) ) ;
#1604 = EDGE_CURVE ( 'NONE', #102, #1425, #2460, .T. ) ;
#1605 = VERTEX_POINT ( 'NONE', #3933 ) ;
#1606 = DIRECTION ( 'NONE',  ( -1.000000000000000000, 0.000000000000000000, 0.000000000000000000 ) ) ;
#1607 = VECTOR ( 'NONE', #1697, 1000.000000000000000 ) ;
#1608 = EDGE_LOOP ( 'NONE', ( #3113, #1890, #4122, #3202 ) ) ;
#1609 = ORIENTED_EDGE ( 'NONE', *, *, #2752, .F. ) ;
#1610 = DIRECTION ( 'NONE',  ( 1.000000000000000000, -0.000000000000000000, -0.000000000000000000 ) ) ;
#1611 = CARTESIAN_POINT ( 'NONE',  ( 26.89999999999999858, -0.7999999999999999334, -6.749999999999995559 ) ) ;
#1612 = LINE ( 'NONE', #574, #451 ) ;
#1613 = LINE ( 'NONE', #4427, #3741 ) ;
#1614 = VERTEX_POINT ( 'NONE', #4643 ) ;
#1615 = EDGE_CURVE ( 'NONE', #4363, #3993, #3437, .T. ) ;
#1616 = CARTESIAN_POINT ( 'NONE',  ( 84.90000000000000568, -0.7999999999999999334, -53.29999999999999716 ) ) ;
#1617 = DIRECTION ( 'NONE',  ( 0.000000000000000000, 1.000000000000000000, 0.000000000000000000 ) ) ;
#1618 = CARTESIAN_POINT ( 'NONE',  ( 0.000000000000000000, 5.000000000000000000, 11.50000000000000000 ) ) ;
#1619 = AXIS2_PLACEMENT_3D ( 'NONE', #2336, #1167, #4640 ) ;
#1620 = DIRECTION ( 'NONE',  ( 1.000000000000000000, -0.000000000000000000, -0.000000000000000000 ) ) ;
#1621 = LINE ( 'NONE', #3146, #4443 ) ;
#1622 = LINE ( 'NONE', #1157, #3557 ) ;
#1623 = EDGE_CURVE ( 'NONE', #1215, #148, #118, .T. ) ;
#1624 = CARTESIAN_POINT ( 'NONE',  ( 1.600000000000000089, 12.30000000000000071, -0.8000000000000000444 ) ) ;
#1625 = DIRECTION ( 'NONE',  ( -1.000000000000000000, 0.000000000000000000, 0.000000000000000000 ) ) ;
#1626 = DIRECTION ( 'NONE',  ( 0.000000000000000000, 0.000000000000000000, -1.000000000000000000 ) ) ;
#1627 = ORIENTED_EDGE ( 'NONE', *, *, #1904, .T. ) ;
#1628 = CARTESIAN_POINT ( 'NONE',  ( 84.22010101267767368, 11.19622312751839388, 10.68362312044449425 ) ) ;
#1629 = CYLINDRICAL_SURFACE ( 'NONE', #1253, 1.399999999999975930 ) ;
#1630 = DIRECTION ( 'NONE',  ( 0.000000000000000000, 0.000000000000000000, 1.000000000000000000 ) ) ;
#1631 = VERTEX_POINT ( 'NONE', #1242 ) ;
#1632 = DIRECTION ( 'NONE',  ( 0.000000000000000000, 1.000000000000000000, 0.000000000000000000 ) ) ;
#1633 = ADVANCED_FACE ( 'NONE', ( #3313 ), #4092, .T. ) ;
#1634 = DIRECTION ( 'NONE',  ( 0.000000000000000000, 1.000000000000000000, 0.000000000000000000 ) ) ;
#1635 = DIRECTION ( 'NONE',  ( 0.000000000000000000, -5.551115123125783935E-17, 1.000000000000000000 ) ) ;
#1636 = FACE_OUTER_BOUND ( 'NONE', #123, .T. ) ;
#1637 = VERTEX_POINT ( 'NONE', #2797 ) ;
#1638 = AXIS2_PLACEMENT_3D ( 'NONE', #4843, #605, #4460 ) ;
#1639 = FACE_OUTER_BOUND ( 'NONE', #978, .T. ) ;
#1640 = EDGE_LOOP ( 'NONE', ( #4550, #2648, #3104, #974 ) ) ;
#1641 = CIRCLE ( 'NONE', #4204, 2.999999999999999112 ) ;
#1642 = VERTEX_POINT ( 'NONE', #469 ) ;
#1643 = ORIENTED_EDGE ( 'NONE', *, *, #3103, .T. ) ;
#1644 = DIRECTION ( 'NONE',  ( 0.000000000000000000, 0.000000000000000000, 1.000000000000000000 ) ) ;
#1645 = ORIENTED_EDGE ( 'NONE', *, *, #4413, .F. ) ;
#1646 = EDGE_CURVE ( 'NONE', #2856, #869, #4727, .T. ) ;
#1647 = DIRECTION ( 'NONE',  ( 0.000000000000000000, 0.000000000000000000, 1.000000000000000000 ) ) ;
#1648 = CARTESIAN_POINT ( 'NONE',  ( 26.89999999999999858, -1.199999999999999956, -4.299999999999998046 ) ) ;
#1649 = DIRECTION ( 'NONE',  ( 0.000000000000000000, 0.000000000000000000, 1.000000000000000000 ) ) ;
#1650 = LINE ( 'NONE', #5, #426 ) ;
#1651 = VERTEX_POINT ( 'NONE', #2394 ) ;
#1652 = ADVANCED_FACE ( 'NONE', ( #3061 ), #2736, .T. ) ;
#1653 = ORIENTED_EDGE ( 'NONE', *, *, #282, .T. ) ;
#1654 = EDGE_CURVE ( 'NONE', #2918, #102, #1180, .T. ) ;
#1655 = FACE_OUTER_BOUND ( 'NONE', #3280, .T. ) ;
#1656 = VERTEX_POINT ( 'NONE', #1963 ) ;
#1657 = AXIS2_PLACEMENT_3D ( 'NONE', #4174, #1866, #3352 ) ;
#1658 = ORIENTED_EDGE ( 'NONE', *, *, #3728, .T. ) ;
#1659 = DIRECTION ( 'NONE',  ( 0.000000000000000000, 0.000000000000000000, -1.000000000000000000 ) ) ;
#1660 = EDGE_CURVE ( 'NONE', #875, #3473, #2655, .T. ) ;
#1661 = DIRECTION ( 'NONE',  ( 0.000000000000000000, 0.000000000000000000, -1.000000000000000000 ) ) ;
#1662 = LINE ( 'NONE', #2675, #26 ) ;
#1663 = ORIENTED_EDGE ( 'NONE', *, *, #526, .T. ) ;
#1664 = EDGE_LOOP ( 'NONE', ( #853, #1291, #2913, #78 ) ) ;
#1665 = ORIENTED_EDGE ( 'NONE', *, *, #1356, .F. ) ;
#1666 = AXIS2_PLACEMENT_3D ( 'NONE', #4874, #1019, #1813 ) ;
#1667 = DIRECTION ( 'NONE',  ( -0.000000000000000000, -1.000000000000000000, -0.000000000000000000 ) ) ;
#1668 = ORIENTED_EDGE ( 'NONE', *, *, #604, .F. ) ;
#1669 = CYLINDRICAL_SURFACE ( 'NONE', #492, 1.500000000000000444 ) ;
#1670 = AXIS2_PLACEMENT_3D ( 'NONE', #1430, #3774, #615 ) ;
#1671 = PLANE ( 'NONE',  #4571 ) ;
#1672 = CARTESIAN_POINT ( 'NONE',  ( 26.89999999999999858, -1.199999999999999956, -54.80000000000000426 ) ) ;
#1673 = ORIENTED_EDGE ( 'NONE', *, *, #1405, .T. ) ;
#1674 = LINE ( 'NONE', #450, #2086 ) ;
#1675 = ORIENTED_EDGE ( 'NONE', *, *, #3310, .F. ) ;
#1676 = DIRECTION ( 'NONE',  ( -0.000000000000000000, 0.08715574274765904017, -0.9961946980917455452 ) ) ;
#1677 = EDGE_LOOP ( 'NONE', ( #4471, #1554, #160, #684, #1365, #424, #1627, #1962, #2810 ) ) ;
#1678 = DIRECTION ( 'NONE',  ( -0.000000000000000000, -0.000000000000000000, 1.000000000000000000 ) ) ;
#1679 = CARTESIAN_POINT ( 'NONE',  ( 88.59999999999999432, 12.30000000000000071, -56.99999999999999289 ) ) ;
#1680 = DIRECTION ( 'NONE',  ( 1.000000000000000000, -0.000000000000000000, -0.000000000000000000 ) ) ;
#1681 = DIRECTION ( 'NONE',  ( 0.000000000000000000, 1.000000000000000000, 0.000000000000000000 ) ) ;
#1682 = VECTOR ( 'NONE', #938, 1000.000000000000000 ) ;
#1683 = VERTEX_POINT ( 'NONE', #4660 ) ;
#1684 = EDGE_CURVE ( 'NONE', #1723, #312, #2041, .T. ) ;
#1685 = CARTESIAN_POINT ( 'NONE',  ( 89.40000000000000568, -1.199999999999999956, 0.000000000000000000 ) ) ;
#1686 = VECTOR ( 'NONE', #1600, 1000.000000000000000 ) ;
#1687 = CARTESIAN_POINT ( 'NONE',  ( 90.20000000000000284, 0.6159379566434146636, 15.88406204335660377 ) ) ;
#1688 = CARTESIAN_POINT ( 'NONE',  ( 84.90000000000000568, 0.000000000000000000, -1.350000000000001865 ) ) ;
#1689 = CIRCLE ( 'NONE', #1322, 2.000000000000000000 ) ;
#1690 = CARTESIAN_POINT ( 'NONE',  ( 70.20000000000000284, 4.508508773426605387, 11.84414586181062745 ) ) ;
#1691 = CARTESIAN_POINT ( 'NONE',  ( 80.20000000000000284, 7.250000000000007994, -23.38999999999996149 ) ) ;
#1692 = DIRECTION ( 'NONE',  ( -1.000000000000000000, -0.000000000000000000, -0.000000000000000000 ) ) ;
#1693 = AXIS2_PLACEMENT_3D ( 'NONE', #2628, #4171, #284 ) ;
#1694 = EDGE_CURVE ( 'NONE', #1903, #4012, #3970, .T. ) ;
#1695 = FACE_OUTER_BOUND ( 'NONE', #1602, .T. ) ;
#1696 = ORIENTED_EDGE ( 'NONE', *, *, #1917, .T. ) ;
#1697 = DIRECTION ( 'NONE',  ( -1.000000000000000000, -0.000000000000000000, -0.000000000000000000 ) ) ;
#1698 = LINE ( 'NONE', #4771, #905 ) ;
#1699 = DIRECTION ( 'NONE',  ( 0.000000000000000000, 0.000000000000000000, -1.000000000000000000 ) ) ;
#1700 = VECTOR ( 'NONE', #531, 1000.000000000000000 ) ;
#1701 = DIRECTION ( 'NONE',  ( -1.000000000000000000, -0.000000000000000000, 0.000000000000000000 ) ) ;
#1702 = DIRECTION ( 'NONE',  ( -1.000000000000000000, 0.000000000000000000, 0.000000000000000000 ) ) ;
#1703 = CARTESIAN_POINT ( 'NONE',  ( 72.20000000000000284, 2.214203028022437181, 8.567537684654647379 ) ) ;
#1704 = FACE_BOUND ( 'NONE', #4762, .T. ) ;
#1705 = APPLICATION_PROTOCOL_DEFINITION ( 'draft international standard', 'automotive_design', 1998, #4773 ) ;
#1706 = ORIENTED_EDGE ( 'NONE', *, *, #4708, .F. ) ;
#1707 = ORIENTED_EDGE ( 'NONE', *, *, #4045, .T. ) ;
#1708 = CARTESIAN_POINT ( 'NONE',  ( 26.89999999999999858, -0.7999999999999999334, -6.749999999999995559 ) ) ;
#1709 = AXIS2_PLACEMENT_3D ( 'NONE', #1857, #2600, #4495 ) ;
#1710 = VECTOR ( 'NONE', #4055, 1000.000000000000000 ) ;
#1711 = VERTEX_POINT ( 'NONE', #2772 ) ;
#1712 = CARTESIAN_POINT ( 'NONE',  ( 72.12999999999900069, 6.580000000000111093, 0.5100000000010000978 ) ) ;
#1713 = ORIENTED_EDGE ( 'NONE', *, *, #259, .F. ) ;
#1714 = CYLINDRICAL_SURFACE ( 'NONE', #4, 6.200000000000001066 ) ;
#1715 = ORIENTED_EDGE ( 'NONE', *, *, #4811, .T. ) ;
#1716 = ORIENTED_EDGE ( 'NONE', *, *, #1604, .T. ) ;
#1717 = ADVANCED_FACE ( 'NONE', ( #3371 ), #1922, .F. ) ;
#1718 = EDGE_CURVE ( 'NONE', #800, #497, #3251, .T. ) ;
#1719 = DIRECTION ( 'NONE',  ( 1.000000000000000000, -0.000000000000000000, -0.000000000000000000 ) ) ;
#1720 = PLANE ( 'NONE',  #2360 ) ;
#1721 = ORIENTED_EDGE ( 'NONE', *, *, #3278, .T. ) ;
#1722 = FACE_OUTER_BOUND ( 'NONE', #2084, .T. ) ;
#1723 = VERTEX_POINT ( 'NONE', #3980 ) ;
#1724 =( NAMED_UNIT ( * ) SI_UNIT ( $, .STERADIAN. ) SOLID_ANGLE_UNIT ( ) );
#1725 = AXIS2_PLACEMENT_3D ( 'NONE', #2455, #3987, #931 ) ;
#1726 = ORIENTED_EDGE ( 'NONE', *, *, #2142, .F. ) ;
#1727 = DIRECTION ( 'NONE',  ( 0.000000000000000000, -1.000000000000000000, 0.000000000000000000 ) ) ;
#1728 = EDGE_CURVE ( 'NONE', #1425, #435, #3855, .T. ) ;
#1729 = ORIENTED_EDGE ( 'NONE', *, *, #1281, .F. ) ;
#1730 = VERTEX_POINT ( 'NONE', #4776 ) ;
#1731 = DIRECTION ( 'NONE',  ( 0.000000000000000000, -5.551115123125783935E-17, 1.000000000000000000 ) ) ;
#1732 = ORIENTED_EDGE ( 'NONE', *, *, #1774, .F. ) ;
#1733 = DIRECTION ( 'NONE',  ( -0.000000000000000000, -1.000000000000000000, -0.000000000000000000 ) ) ;
#1734 = VERTEX_POINT ( 'NONE', #127 ) ;
#1735 = VERTEX_POINT ( 'NONE', #2448 ) ;
#1736 = PLANE ( 'NONE',  #1033 ) ;
#1737 = CARTESIAN_POINT ( 'NONE',  ( 26.89999999999999858, -0.7999999999999999334, -51.79999999999999716 ) ) ;
#1738 = VERTEX_POINT ( 'NONE', #949 ) ;
#1739 = ORIENTED_EDGE ( 'NONE', *, *, #4327, .T. ) ;
#1740 = AXIS2_PLACEMENT_3D ( 'NONE', #3514, #3903, #1251 ) ;
#1741 = APPLICATION_CONTEXT ( 'automotive_design' ) ;
#1742 = EDGE_CURVE ( 'NONE', #4705, #2321, #3183, .T. ) ;
#1743 = DIRECTION ( 'NONE',  ( 0.5773502691896257311, 0.5773502691896258421, 0.5773502691896257311 ) ) ;
#1744 = EDGE_LOOP ( 'NONE', ( #2383, #1601, #1598, #174 ) ) ;
#1745 = EDGE_CURVE ( 'NONE', #3872, #1574, #2571, .T. ) ;
#1746 = DIRECTION ( 'NONE',  ( 1.000000000000000000, 0.000000000000000000, 0.000000000000000000 ) ) ;
#1747 = CARTESIAN_POINT ( 'NONE',  ( 89.80000000000001137, 4.550000000000028244, -18.38999999999996149 ) ) ;
#1748 = DIRECTION ( 'NONE',  ( 0.000000000000000000, 0.000000000000000000, 1.000000000000000000 ) ) ;
#1749 = FACE_OUTER_BOUND ( 'NONE', #725, .T. ) ;
#1750 = DIRECTION ( 'NONE',  ( -0.000000000000000000, -1.000000000000000000, -0.000000000000000000 ) ) ;
#1751 = ORIENTED_EDGE ( 'NONE', *, *, #2831, .F. ) ;
#1752 = EDGE_CURVE ( 'NONE', #860, #1711, #4722, .T. ) ;
#1753 = DIRECTION ( 'NONE',  ( -0.000000000000000000, 5.551115123125781470E-17, 1.000000000000000000 ) ) ;
#1754 = CARTESIAN_POINT ( 'NONE',  ( 72.12999999999900069, 5.979999999985422754, -0.8000000000000000444 ) ) ;
#1755 = EDGE_CURVE ( 'NONE', #1982, #313, #1359, .T. ) ;
#1756 = CARTESIAN_POINT ( 'NONE',  ( 89.80000000000001137, 4.550000000000028244, -23.38999999999996149 ) ) ;
#1757 = VECTOR ( 'NONE', #4741, 1000.000000000000000 ) ;
#1758 = CARTESIAN_POINT ( 'NONE',  ( 0.000000000000000000, -0.4000000000000045186, 0.000000000000000000 ) ) ;
#1759 = VECTOR ( 'NONE', #3848, 1000.000000000000000 ) ;
#1760 = VERTEX_POINT ( 'NONE', #4354 ) ;
#1761 = CARTESIAN_POINT ( 'NONE',  ( 89.80000000000001137, 4.550000000000028244, -27.38999999999995794 ) ) ;
#1762 = VECTOR ( 'NONE', #1115, 1000.000000000000000 ) ;
#1763 = CARTESIAN_POINT ( 'NONE',  ( 60.40000000000001279, 29.00000000000000711, -87.20000000000000284 ) ) ;
#1764 = DIRECTION ( 'NONE',  ( -0.000000000000000000, 1.000000000000000000, -0.000000000000000000 ) ) ;
#1765 = FACE_BOUND ( 'NONE', #1170, .T. ) ;
#1766 = AXIS2_PLACEMENT_3D ( 'NONE', #1624, #1986, #61 ) ;
#1767 = ORIENTED_EDGE ( 'NONE', *, *, #104, .F. ) ;
#1768 = EDGE_LOOP ( 'NONE', ( #31, #3231, #979, #4359 ) ) ;
#1769 = EDGE_LOOP ( 'NONE', ( #489, #4836, #75, #4805 ) ) ;
#1770 = APPLICATION_PROTOCOL_DEFINITION ( 'draft international standard', 'automotive_design', 1998, #1741 ) ;
#1771 = FACE_OUTER_BOUND ( 'NONE', #3531, .T. ) ;
#1772 = ORIENTED_EDGE ( 'NONE', *, *, #2639, .T. ) ;
#1773 = CARTESIAN_POINT ( 'NONE',  ( 26.89999999999999858, -0.3999999999999999667, -54.80000000000000426 ) ) ;
#1774 = EDGE_CURVE ( 'NONE', #1223, #937, #2997, .T. ) ;
#1775 = DIRECTION ( 'NONE',  ( -1.000000000000000000, 0.000000000000000000, 0.000000000000000000 ) ) ;
#1776 = ADVANCED_FACE ( 'NONE', ( #2816 ), #3628, .F. ) ;
#1777 = DIRECTION ( 'NONE',  ( 1.000000000000000000, -0.000000000000000000, -0.000000000000000000 ) ) ;
#1778 = CARTESIAN_POINT ( 'NONE',  ( 88.59999999999999432, 8.050000000000029132, -27.38999999999995794 ) ) ;
#1779 = EDGE_LOOP ( 'NONE', ( #3095, #3959, #3877, #4584 ) ) ;
#1780 =( BOUNDED_CURVE ( )  B_SPLINE_CURVE ( 3, ( #2714, #1958, #3832, #4964 ),
 .UNSPECIFIED., .F., .T. ) 
 B_SPLINE_CURVE_WITH_KNOTS ( ( 4, 4 ),
 ( 4.850057414338477813, 5.502110277986524522 ),
 .UNSPECIFIED. ) 
 CURVE ( )  GEOMETRIC_REPRESENTATION_ITEM ( )  RATIONAL_B_SPLINE_CURVE ( ( 1.000000000000000000, 0.9648816523789212063, 0.9648816523789212063, 1.000000000000000000 ) ) 
 REPRESENTATION_ITEM ( '' )  );
#1781 = ORIENTED_EDGE ( 'NONE', *, *, #3305, .F. ) ;
#1782 = ADVANCED_FACE ( 'NONE', ( #4663 ), #3675, .T. ) ;
#1783 = CARTESIAN_POINT ( 'NONE',  ( 26.89999999999999858, -0.4000000000000000222, -53.29999999999999716 ) ) ;
#1784 = VERTEX_POINT ( 'NONE', #2093 ) ;
#1785 = PLANE ( 'NONE',  #1638 ) ;
#1786 = CIRCLE ( 'NONE', #2410, 1.879999999999992788 ) ;
#1787 = ORIENTED_EDGE ( 'NONE', *, *, #1844, .T. ) ;
#1788 = AXIS2_PLACEMENT_3D ( 'NONE', #349, #4879, #4502 ) ;
#1789 = ORIENTED_EDGE ( 'NONE', *, *, #3805, .T. ) ;
#1790 = CARTESIAN_POINT ( 'NONE',  ( 86.20000000000000284, -1.081195456142635791, 12.70791631506083696 ) ) ;
#1791 = EDGE_CURVE ( 'NONE', #2321, #4715, #1490, .T. ) ;
#1792 = CARTESIAN_POINT ( 'NONE',  ( 64.50000000000000000, 12.30000000000000071, 0.000000000000000000 ) ) ;
#1793 = VERTEX_POINT ( 'NONE', #524 ) ;
#1794 = EDGE_CURVE ( 'NONE', #2588, #260, #753, .T. ) ;
#1795 = DIRECTION ( 'NONE',  ( -1.000000000000000000, 0.000000000000000000, 0.000000000000000000 ) ) ;
#1796 = EDGE_CURVE ( 'NONE', #851, #2803, #343, .T. ) ;
#1797 = CIRCLE ( 'NONE', #4087, 0.4000000000000010214 ) ;
#1798 = VECTOR ( 'NONE', #1634, 1000.000000000000000 ) ;
#1799 = VERTEX_POINT ( 'NONE', #4758 ) ;
#1800 = CARTESIAN_POINT ( 'NONE',  ( 0.000000000000000000, -0.4000000000000045186, -57.79999999999999716 ) ) ;
#1801 = EDGE_CURVE ( 'NONE', #4291, #4363, #3549, .T. ) ;
#1802 = CYLINDRICAL_SURFACE ( 'NONE', #2435, 1.400000000000009015 ) ;
#1803 = ORIENTED_EDGE ( 'NONE', *, *, #3461, .F. ) ;
#1804 = CARTESIAN_POINT ( 'NONE',  ( 86.20000000000000284, 5.000000000000002665, 13.50000000000000355 ) ) ;
#1805 = CARTESIAN_POINT ( 'NONE',  ( 88.59999999999999432, 12.30000000000000071, -0.8000000000000000444 ) ) ;
#1806 = CARTESIAN_POINT ( 'NONE',  ( 63.10000000000000142, 1.220000000000007079, 1.110000000000001430 ) ) ;
#1807 = DIRECTION ( 'NONE',  ( -1.000000000000000000, -0.000000000000000000, -0.000000000000000000 ) ) ;
#1808 = LINE ( 'NONE', #275, #656 ) ;
#1809 = ORIENTED_EDGE ( 'NONE', *, *, #4238, .T. ) ;
#1810 = EDGE_CURVE ( 'NONE', #1651, #1784, #572, .T. ) ;
#1811 = AXIS2_PLACEMENT_3D ( 'NONE', #2720, #3954, #4635 ) ;
#1812 = DIRECTION ( 'NONE',  ( -0.000000000000000000, -0.000000000000000000, 1.000000000000000000 ) ) ;
#1813 = DIRECTION ( 'NONE',  ( 0.000000000000000000, 0.000000000000000000, -1.000000000000000000 ) ) ;
#1814 = FACE_BOUND ( 'NONE', #1031, .T. ) ;
#1815 = EDGE_CURVE ( 'NONE', #3993, #3087, #2157, .T. ) ;
#1816 = FACE_OUTER_BOUND ( 'NONE', #79, .T. ) ;
#1817 = ORIENTED_EDGE ( 'NONE', *, *, #4112, .F. ) ;
#1818 = DIRECTION ( 'NONE',  ( 0.000000000000000000, 0.000000000000000000, 1.000000000000000000 ) ) ;
#1819 = CARTESIAN_POINT ( 'NONE',  ( 88.59999999999999432, 4.550000000000028244, -32.38999999999995794 ) ) ;
#1820 = VECTOR ( 'NONE', #926, 1000.000000000000000 ) ;
#1821 = ORIENTED_EDGE ( 'NONE', *, *, #992, .T. ) ;
#1822 = CARTESIAN_POINT ( 'NONE',  ( 70.20000000000000284, 5.000000000000002665, 9.500000000000003553 ) ) ;
#1823 = ORIENTED_EDGE ( 'NONE', *, *, #2015, .T. ) ;
#1824 = EDGE_LOOP ( 'NONE', ( #2745, #2304, #4601, #2097 ) ) ;
#1825 = ADVANCED_FACE ( 'NONE', ( #4908 ), #2507, .F. ) ;
#1826 = ORIENTED_EDGE ( 'NONE', *, *, #1936, .T. ) ;
#1827 = ADVANCED_FACE ( 'NONE', ( #1862 ), #1040, .T. ) ;
#1828 = CARTESIAN_POINT ( 'NONE',  ( 86.20000000000000284, -1.199999999999999512, 0.000000000000000000 ) ) ;
#1829 = CARTESIAN_POINT ( 'NONE',  ( 84.90000000000000568, -0.7999999999999999334, -5.799999999999996270 ) ) ;
#1830 = CARTESIAN_POINT ( 'NONE',  ( 26.89999999999999858, -0.7999999999999999334, -55.75000000000000000 ) ) ;
#1831 = LINE ( 'NONE', #2929, #1710 ) ;
#1832 = ORIENTED_EDGE ( 'NONE', *, *, #1488, .T. ) ;
#1833 = EDGE_CURVE ( 'NONE', #3816, #1200, #4321, .T. ) ;
#1834 = CARTESIAN_POINT ( 'NONE',  ( 26.89999999999999858, -0.7999999999999999334, -4.299999999999998046 ) ) ;
#1835 = CARTESIAN_POINT ( 'NONE',  ( 86.20000000000000284, 12.29999999999999893, 0.000000000000000000 ) ) ;
#1836 = AXIS2_PLACEMENT_3D ( 'NONE', #4462, #4859, #3294 ) ;
#1837 = VECTOR ( 'NONE', #775, 1000.000000000000000 ) ;
#1838 = DIRECTION ( 'NONE',  ( 0.000000000000000000, 0.000000000000000000, 1.000000000000000000 ) ) ;
#1839 = VERTEX_POINT ( 'NONE', #1790 ) ;
#1840 = DIRECTION ( 'NONE',  ( -1.000000000000000000, 0.000000000000000000, 0.000000000000000000 ) ) ;
#1841 = DIRECTION ( 'NONE',  ( 0.000000000000000000, 1.000000000000000000, 0.000000000000000000 ) ) ;
#1842 = VERTEX_POINT ( 'NONE', #4095 ) ;
#1843 = ORIENTED_EDGE ( 'NONE', *, *, #1120, .T. ) ;
#1844 = EDGE_CURVE ( 'NONE', #2062, #3481, #1612, .T. ) ;
#1845 = CARTESIAN_POINT ( 'NONE',  ( 48.29999999999999716, 2.620000000000005880, -0.8000000000000000444 ) ) ;
#1846 = EDGE_LOOP ( 'NONE', ( #1675, #2030, #2617, #322 ) ) ;
#1847 = VERTEX_POINT ( 'NONE', #2939 ) ;
#1848 = DIRECTION ( 'NONE',  ( 0.000000000000000000, -9.035018104045872913E-16, -1.000000000000000000 ) ) ;
#1849 = DIRECTION ( 'NONE',  ( 0.6606278948918830052, -0.7507135169228800198, 0.000000000000000000 ) ) ;
#1850 = ORIENTED_EDGE ( 'NONE', *, *, #954, .F. ) ;
#1851 = VERTEX_POINT ( 'NONE', #2540 ) ;
#1852 = CARTESIAN_POINT ( 'NONE',  ( 90.19203140868353330, -0.4079685913164762812, 11.75969313735421373 ) ) ;
#1853 = DIRECTION ( 'NONE',  ( 1.000000000000000000, -0.000000000000000000, -0.000000000000000000 ) ) ;
#1854 = EDGE_CURVE ( 'NONE', #1605, #4927, #1919, .T. ) ;
#1855 = ORIENTED_EDGE ( 'NONE', *, *, #2589, .F. ) ;
#1856 = CARTESIAN_POINT ( 'NONE',  ( 9.799999999999998934, 5.000000000000000888, 17.69999999999999929 ) ) ;
#1857 = CARTESIAN_POINT ( 'NONE',  ( 86.20000000000000284, 5.000000000000001776, 11.50000000000000000 ) ) ;
#1858 = DIRECTION ( 'NONE',  ( -1.000000000000000000, -0.000000000000000000, 0.000000000000000000 ) ) ;
#1859 = AXIS2_PLACEMENT_3D ( 'NONE', #1362, #4795, #4056 ) ;
#1860 = LINE ( 'NONE', #205, #4658 ) ;
#1861 = CARTESIAN_POINT ( 'NONE',  ( 0.7999999999999951594, -1.199999999999999956, -57.00000000000000000 ) ) ;
#1862 = FACE_OUTER_BOUND ( 'NONE', #245, .T. ) ;
#1863 = LINE ( 'NONE', #1530, #48 ) ;
#1864 = ORIENTED_EDGE ( 'NONE', *, *, #2693, .F. ) ;
#1865 = CARTESIAN_POINT ( 'NONE',  ( 88.59999999999999432, 4.550000000000028244, -23.38999999999996149 ) ) ;
#1866 = DIRECTION ( 'NONE',  ( 0.000000000000000000, 1.000000000000000000, 0.000000000000000000 ) ) ;
#1867 = DIRECTION ( 'NONE',  ( 1.000000000000000000, 0.000000000000000000, 0.000000000000000000 ) ) ;
#1868 = DIRECTION ( 'NONE',  ( 1.000000000000000000, -0.000000000000000000, -0.000000000000000000 ) ) ;
#1869 = LINE ( 'NONE', #3204, #4329 ) ;
#1870 = FACE_OUTER_BOUND ( 'NONE', #1846, .T. ) ;
#1871 = ORIENTED_EDGE ( 'NONE', *, *, #3983, .T. ) ;
#1872 = EDGE_CURVE ( 'NONE', #3273, #812, #514, .T. ) ;
#1873 = VECTOR ( 'NONE', #2055, 1000.000000000000000 ) ;
#1874 = LINE ( 'NONE', #2513, #4509 ) ;
#1875 = ORIENTED_EDGE ( 'NONE', *, *, #1191, .T. ) ;
#1876 = DIRECTION ( 'NONE',  ( 0.000000000000000000, -5.551115123125783935E-17, 1.000000000000000000 ) ) ;
#1877 = EDGE_CURVE ( 'NONE', #3720, #2207, #1545, .T. ) ;
#1878 = VECTOR ( 'NONE', #3320, 1000.000000000000000 ) ;
#1879 = CARTESIAN_POINT ( 'NONE',  ( 90.20000000000000284, 1.278368402077609378, 16.11030506526413930 ) ) ;
#1880 = ORIENTED_EDGE ( 'NONE', *, *, #2032, .T. ) ;
#1881 = DIRECTION ( 'NONE',  ( -1.000000000000000000, 0.000000000000000000, 0.000000000000000000 ) ) ;
#1882 = LINE ( 'NONE', #3028, #4520 ) ;
#1883 = VECTOR ( 'NONE', #3440, 1000.000000000000000 ) ;
#1884 = EDGE_CURVE ( 'NONE', #3063, #2588, #1423, .T. ) ;
#1885 = CARTESIAN_POINT ( 'NONE',  ( 72.20000000000000284, 5.000000000000000000, 11.50000000000000000 ) ) ;
#1886 = LINE ( 'NONE', #172, #1820 ) ;
#1887 = ORIENTED_EDGE ( 'NONE', *, *, #2416, .F. ) ;
#1888 = VERTEX_POINT ( 'NONE', #4826 ) ;
#1889 = ORIENTED_EDGE ( 'NONE', *, *, #3310, .T. ) ;
#1890 = ORIENTED_EDGE ( 'NONE', *, *, #2742, .T. ) ;
#1891 = CIRCLE ( 'NONE', #2668, 1.399999999999977707 ) ;
#1892 = ORIENTED_EDGE ( 'NONE', *, *, #854, .T. ) ;
#1893 = ORIENTED_EDGE ( 'NONE', *, *, #715, .T. ) ;
#1894 = ORIENTED_EDGE ( 'NONE', *, *, #4356, .T. ) ;
#1895 = DIRECTION ( 'NONE',  ( 1.000000000000000000, -0.000000000000000000, -0.000000000000000000 ) ) ;
#1896 = AXIS2_PLACEMENT_3D ( 'NONE', #3158, #2023, #4687 ) ;
#1897 = ORIENTED_EDGE ( 'NONE', *, *, #2729, .F. ) ;
#1898 = CARTESIAN_POINT ( 'NONE',  ( 30.38104560930211306, -14.43532013617568488, 0.000000000000000000 ) ) ;
#1899 = VECTOR ( 'NONE', #351, 1000.000000000000000 ) ;
#1900 = DIRECTION ( 'NONE',  ( -1.000000000000000000, 0.000000000000000000, 0.000000000000000000 ) ) ;
#1901 = EDGE_LOOP ( 'NONE', ( #2375, #4521 ) ) ;
#1902 = CARTESIAN_POINT ( 'NONE',  ( 72.20000000000000284, 5.000000000000000000, 11.50000000000000000 ) ) ;
#1903 = VERTEX_POINT ( 'NONE', #1404 ) ;
#1904 = EDGE_CURVE ( 'NONE', #2393, #1215, #1298, .T. ) ;
#1905 = ORIENTED_EDGE ( 'NONE', *, *, #2892, .F. ) ;
#1906 = ADVANCED_FACE ( 'NONE', ( #2214 ), #3326, .F. ) ;
#1907 = DIRECTION ( 'NONE',  ( 0.000000000000000000, 0.000000000000000000, 1.000000000000000000 ) ) ;
#1908 = FACE_OUTER_BOUND ( 'NONE', #3652, .T. ) ;
#1909 = ORIENTED_EDGE ( 'NONE', *, *, #3133, .F. ) ;
#1910 = DIRECTION ( 'NONE',  ( 0.000000000000000000, 1.000000000000000000, 0.000000000000000000 ) ) ;
#1911 = EDGE_CURVE ( 'NONE', #3079, #2705, #401, .T. ) ;
#1912 = VECTOR ( 'NONE', #1012, 1000.000000000000000 ) ;
#1913 = ORIENTED_EDGE ( 'NONE', *, *, #60, .F. ) ;
#1914 = AXIS2_PLACEMENT_3D ( 'NONE', #3604, #165, #4683 ) ;
#1915 = DIRECTION ( 'NONE',  ( 0.000000000000000000, 0.000000000000000000, 1.000000000000000000 ) ) ;
#1916 = ORIENTED_EDGE ( 'NONE', *, *, #195, .F. ) ;
#1917 = EDGE_CURVE ( 'NONE', #92, #4197, #267, .T. ) ;
#1918 = DIRECTION ( 'NONE',  ( 1.000000000000000000, 0.000000000000000000, -0.000000000000000000 ) ) ;
#1919 = LINE ( 'NONE', #3737, #4844 ) ;
#1920 = VERTEX_POINT ( 'NONE', #2502 ) ;
#1921 = DIRECTION ( 'NONE',  ( 0.000000000000000000, -0.5735764363510417185, -0.8191520442889946851 ) ) ;
#1922 = CYLINDRICAL_SURFACE ( 'NONE', #4339, 2.450000000000000622 ) ;
#1923 = VERTEX_POINT ( 'NONE', #1773 ) ;
#1924 = AXIS2_PLACEMENT_3D ( 'NONE', #918, #1702, #4382 ) ;
#1925 = DIRECTION ( 'NONE',  ( 0.000000000000000000, 0.5735764363510418296, 0.8191520442889947962 ) ) ;
#1926 = CARTESIAN_POINT ( 'NONE',  ( 72.20000000000000284, 4.738532771757022921, 14.48858409427523597 ) ) ;
#1927 = CARTESIAN_POINT ( 'NONE',  ( 70.20000000000000284, 3.414194678138025463, 10.28130336787442367 ) ) ;
#1928 = CARTESIAN_POINT ( 'NONE',  ( 90.20000000000000284, 7.250000000000007994, -32.38999999999995794 ) ) ;
#1929 = LINE ( 'NONE', #903, #3975 ) ;
#1930 = DIRECTION ( 'NONE',  ( 0.000000000000000000, -1.960139520877748001E-16, 1.000000000000000000 ) ) ;
#1931 = AXIS2_PLACEMENT_3D ( 'NONE', #895, #2801, #479 ) ;
#1932 = LINE ( 'NONE', #1927, #2408 ) ;
#1933 = VERTEX_POINT ( 'NONE', #4420 ) ;
#1934 = DIRECTION ( 'NONE',  ( -1.000000000000000000, 0.000000000000000000, 0.000000000000000000 ) ) ;
#1935 = DIRECTION ( 'NONE',  ( 0.000000000000000000, 1.000000000000000000, 0.000000000000000000 ) ) ;
#1936 = EDGE_CURVE ( 'NONE', #4825, #4407, #2028, .T. ) ;
#1937 = PLANE ( 'NONE',  #3967 ) ;
#1938 = CYLINDRICAL_SURFACE ( 'NONE', #3139, 6.200000000000001066 ) ;
#1939 = VECTOR ( 'NONE', #4383, 1000.000000000000000 ) ;
#1940 = CARTESIAN_POINT ( 'NONE',  ( 61.18938018067199636, 8.970000000000005969, 0.000000000000000000 ) ) ;
#1941 = CARTESIAN_POINT ( 'NONE',  ( 70.20000000000000284, 6.931851652578142620, 12.01763809020503260 ) ) ;
#1942 = VECTOR ( 'NONE', #1750, 1000.000000000000000 ) ;
#1943 = ORIENTED_EDGE ( 'NONE', *, *, #4562, .F. ) ;
#1944 = DIRECTION ( 'NONE',  ( 1.000000000000000000, -0.000000000000000000, -0.000000000000000000 ) ) ;
#1945 = DIRECTION ( 'NONE',  ( 0.000000000000000000, 0.000000000000000000, -1.000000000000000000 ) ) ;
#1946 = CARTESIAN_POINT ( 'NONE',  ( 86.20000000000000284, 0.2604132079315682469, 14.84309991481715407 ) ) ;
#1947 = CYLINDRICAL_SURFACE ( 'NONE', #767, 0.5999999999999998668 ) ;
#1948 = FACE_OUTER_BOUND ( 'NONE', #2651, .T. ) ;
#1949 = ORIENTED_EDGE ( 'NONE', *, *, #3754, .T. ) ;
#1951 = DIRECTION ( 'NONE',  ( 0.000000000000000000, 0.000000000000000000, -1.000000000000000000 ) ) ;
#1950 = AXIS2_PLACEMENT_3D ( 'NONE', #4248, #2320, #4267 ) ;
#1952 = DIRECTION ( 'NONE',  ( -0.7071067811865477948, -0.7071067811865473507, 0.000000000000000000 ) ) ;
#1953 = AXIS2_PLACEMENT_3D ( 'NONE', #3286, #4429, #2135 ) ;
#1954 = CARTESIAN_POINT ( 'NONE',  ( 86.20000000000000284, 1.689652777936718309, 16.26252047443135851 ) ) ;
#1955 = LINE ( 'NONE', #4196, #3029 ) ;
#1956 = ORIENTED_EDGE ( 'NONE', *, *, #4478, .F. ) ;
#1957 = ORIENTED_EDGE ( 'NONE', *, *, #171, .T. ) ;
#1958 = CARTESIAN_POINT ( 'NONE',  ( 89.98776528641833750, -0.6122347135816678110, 13.04442298766486275 ) ) ;
#1959 = ORIENTED_EDGE ( 'NONE', *, *, #864, .T. ) ;
#1960 = CARTESIAN_POINT ( 'NONE',  ( 90.20000000000000284, 3.479547833424012637, 17.09716224609885415 ) ) ;
#1961 = EDGE_LOOP ( 'NONE', ( #518, #192 ) ) ;
#1962 = ORIENTED_EDGE ( 'NONE', *, *, #1378, .T. ) ;
#1963 = CARTESIAN_POINT ( 'NONE',  ( 89.80000000000001137, 7.250000000000007994, -14.38999999999996326 ) ) ;
#1964 = ORIENTED_EDGE ( 'NONE', *, *, #4918, .T. ) ;
#1965 = VERTEX_POINT ( 'NONE', #2592 ) ;
#1966 = VERTEX_POINT ( 'NONE', #663 ) ;
#1967 = AXIS2_PLACEMENT_3D ( 'NONE', #3716, #1841, #1421 ) ;
#1968 = ORIENTED_EDGE ( 'NONE', *, *, #3059, .F. ) ;
#1969 = VERTEX_POINT ( 'NONE', #3377 ) ;
#1970 = CARTESIAN_POINT ( 'NONE',  ( 88.59999999999999432, 4.550000000000028244, -18.38999999999996149 ) ) ;
#1971 = CARTESIAN_POINT ( 'NONE',  ( 70.20000000000000284, 2.214203028022437181, 8.567537684654647379 ) ) ;
#1972 = CARTESIAN_POINT ( 'NONE',  ( 72.20000000000000284, 5.000000000000000000, 11.50000000000000000 ) ) ;
#1973 = VERTEX_POINT ( 'NONE', #2124 ) ;
#1974 = LINE ( 'NONE', #3382, #163 ) ;
#1975 = ORIENTED_EDGE ( 'NONE', *, *, #1654, .F. ) ;
#1976 = EDGE_CURVE ( 'NONE', #2088, #2241, #3130, .T. ) ;
#1977 = PLANE ( 'NONE',  #1619 ) ;
#1978 = ORIENTED_EDGE ( 'NONE', *, *, #3525, .T. ) ;
#1979 = CARTESIAN_POINT ( 'NONE',  ( 63.10000000000000142, 6.098427603645005135, -0.7999999999999999334 ) ) ;
#1980 = AXIS2_PLACEMENT_3D ( 'NONE', #3335, #549, #619 ) ;
#1981 = VECTOR ( 'NONE', #3588, 1000.000000000000000 ) ;
#1982 = VERTEX_POINT ( 'NONE', #1819 ) ;
#1983 = ADVANCED_FACE ( 'NONE', ( #37 ), #3049, .T. ) ;
#1984 = EDGE_CURVE ( 'NONE', #4705, #843, #3169, .T. ) ;
#1985 = DIRECTION ( 'NONE',  ( 0.000000000000000000, 1.000000000000000000, 0.000000000000000000 ) ) ;
#1986 = DIRECTION ( 'NONE',  ( 1.000000000000000000, -0.000000000000000000, 0.000000000000000000 ) ) ;
#1987 = ORIENTED_EDGE ( 'NONE', *, *, #4959, .T. ) ;
#1988 = FACE_OUTER_BOUND ( 'NONE', #4642, .T. ) ;
#1989 = DIRECTION ( 'NONE',  ( -0.000000000000000000, 1.000000000000000000, -0.000000000000000000 ) ) ;
#1990 = EDGE_CURVE ( 'NONE', #4540, #4466, #1786, .T. ) ;
#1991 = DIRECTION ( 'NONE',  ( 0.000000000000000000, 0.000000000000000000, 1.000000000000000000 ) ) ;
#1992 = DIRECTION ( 'NONE',  ( 0.000000000000000000, -1.000000000000000000, 0.000000000000000000 ) ) ;
#1993 = CIRCLE ( 'NONE', #4827, 1.500000000000001332 ) ;
#1994 = AXIS2_PLACEMENT_3D ( 'NONE', #2185, #4506, #2579 ) ;
#1995 = EDGE_CURVE ( 'NONE', #2680, #4072, #4954, .T. ) ;
#1996 = CARTESIAN_POINT ( 'NONE',  ( 84.90000000000000568, -0.4000000000000000222, -56.24999999999999289 ) ) ;
#1997 = UNCERTAINTY_MEASURE_WITH_UNIT (LENGTH_MEASURE( 1.000000000000000082E-05 ), #990, 'distance_accuracy_value', 'NONE');
#1998 = VECTOR ( 'NONE', #1678, 1000.000000000000000 ) ;
#1999 = VECTOR ( 'NONE', #2469, 1000.000000000000000 ) ;
#2000 = ORIENTED_EDGE ( 'NONE', *, *, #3463, .F. ) ;
#2001 = DIRECTION ( 'NONE',  ( -1.000000000000000000, 0.000000000000000000, -0.000000000000000000 ) ) ;
#2002 = EDGE_CURVE ( 'NONE', #632, #329, #3483, .T. ) ;
#2003 = VECTOR ( 'NONE', #1389, 1000.000000000000000 ) ;
#2004 = CARTESIAN_POINT ( 'NONE',  ( 63.10000000000000142, 2.620000000000005436, 0.000000000000000000 ) ) ;
#2005 = CIRCLE ( 'NONE', #1302, 1.399999999999991473 ) ;
#2006 = ADVANCED_FACE ( 'NONE', ( #3841, #740 ), #838, .T. ) ;
#2007 = CARTESIAN_POINT ( 'NONE',  ( 89.80000000000001137, 8.050000000000029132, -18.38999999999996149 ) ) ;
#2008 = VECTOR ( 'NONE', #4936, 1000.000000000000000 ) ;
#2009 = EDGE_CURVE ( 'NONE', #3650, #1760, #4139, .T. ) ;
#2010 = CARTESIAN_POINT ( 'NONE',  ( 62.24037910436499743, 8.494879052847529977, 0.000000000000000000 ) ) ;
#2011 = ORIENTED_EDGE ( 'NONE', *, *, #1087, .F. ) ;
#2012 = VERTEX_POINT ( 'NONE', #915 ) ;
#2013 = AXIS2_PLACEMENT_3D ( 'NONE', #1254, #4270, #43 ) ;
#2014 = CARTESIAN_POINT ( 'NONE',  ( 9.799999999999998934, 5.000000000000000000, 11.50000000000000000 ) ) ;
#2015 = EDGE_CURVE ( 'NONE', #2248, #3720, #1536, .T. ) ;
#2016 = FACE_OUTER_BOUND ( 'NONE', #89, .T. ) ;
#2017 = AXIS2_PLACEMENT_3D ( 'NONE', #503, #2051, #2038 ) ;
#2018 = CIRCLE ( 'NONE', #4029, 0.4000000000000010214 ) ;
#2019 = AXIS2_PLACEMENT_3D ( 'NONE', #178, #4446, #1753 ) ;
#2020 = DIRECTION ( 'NONE',  ( -1.000000000000000000, 0.000000000000000000, 0.000000000000000000 ) ) ;
#2021 = DIRECTION ( 'NONE',  ( -1.000000000000000000, 0.000000000000000000, 0.000000000000000000 ) ) ;
#2022 = ORIENTED_EDGE ( 'NONE', *, *, #4724, .T. ) ;
#2023 = DIRECTION ( 'NONE',  ( 1.000000000000000000, 0.000000000000000000, 0.000000000000000000 ) ) ;
#2024 = LINE ( 'NONE', #4875, #617 ) ;
#2025 = PLANE ( 'NONE',  #3707 ) ;
#2026 = VERTEX_POINT ( 'NONE', #506 ) ;
#2027 = CARTESIAN_POINT ( 'NONE',  ( 89.68064516129032882, -0.9193548387096766028, 12.03031904872852920 ) ) ;
#2028 = LINE ( 'NONE', #3361, #4604 ) ;
#2029 = LINE ( 'NONE', #2494, #3538 ) ;
#2030 = ORIENTED_EDGE ( 'NONE', *, *, #688, .F. ) ;
#2031 = DIRECTION ( 'NONE',  ( 0.000000000000000000, 0.000000000000000000, 1.000000000000000000 ) ) ;
#2032 = EDGE_CURVE ( 'NONE', #3712, #1847, #1674, .T. ) ;
#2033 = VERTEX_POINT ( 'NONE', #1688 ) ;
#2034 = CARTESIAN_POINT ( 'NONE',  ( 82.26999999999900126, 12.30000000000000071, 0.000000000000000000 ) ) ;
#2035 = PLANE ( 'NONE',  #1931 ) ;
#2036 = ORIENTED_EDGE ( 'NONE', *, *, #1008, .F. ) ;
#2037 = CARTESIAN_POINT ( 'NONE',  ( 72.20000000000000284, 5.000000000000000000, 11.50000000000000000 ) ) ;
#2038 = DIRECTION ( 'NONE',  ( 0.000000000000000000, 0.000000000000000000, 1.000000000000000000 ) ) ;
#2039 = VECTOR ( 'NONE', #4017, 1000.000000000000000 ) ;
#2040 = DIRECTION ( 'NONE',  ( -1.000000000000000000, 0.000000000000000000, 0.000000000000000000 ) ) ;
#2041 = CIRCLE ( 'NONE', #3487, 0.5999999999999998668 ) ;
#2042 = ADVANCED_FACE ( 'NONE', ( #2674 ), #3359, .F. ) ;
#2043 = CARTESIAN_POINT ( 'NONE',  ( 9.799999999999998934, 5.000000000000000888, 11.50000000000000000 ) ) ;
#2044 = AXIS2_PLACEMENT_3D ( 'NONE', #534, #919, #1301 ) ;
#2045 = PLANE ( 'NONE',  #4325 ) ;
#2046 = AXIS2_PLACEMENT_3D ( 'NONE', #3043, #1525, #3865 ) ;
#2047 = DIRECTION ( 'NONE',  ( -1.000000000000000000, 0.000000000000000000, 0.000000000000000000 ) ) ;
#2048 = DIRECTION ( 'NONE',  ( 0.000000000000000000, -0.000000000000000000, 1.000000000000000000 ) ) ;
#2049 = CIRCLE ( 'NONE', #3413, 2.450000000000000622 ) ;
#2050 = LINE ( 'NONE', #730, #1020 ) ;
#2051 = DIRECTION ( 'NONE',  ( -1.000000000000000000, -0.000000000000000000, -0.000000000000000000 ) ) ;
#2052 = LINE ( 'NONE', #4223, #1883 ) ;
#2053 = DIRECTION ( 'NONE',  ( 0.000000000000000000, -1.000000000000000000, 0.000000000000000000 ) ) ;
#2054 = CIRCLE ( 'NONE', #2783, 0.3999999999999993006 ) ;
#2055 = DIRECTION ( 'NONE',  ( -0.000000000000000000, -1.000000000000000000, -0.000000000000000000 ) ) ;
#2056 = FACE_OUTER_BOUND ( 'NONE', #2195, .T. ) ;
#2057 = AXIS2_PLACEMENT_3D ( 'NONE', #1057, #3765, #1440 ) ;
#2058 = FACE_OUTER_BOUND ( 'NONE', #1595, .T. ) ;
#2059 = EDGE_LOOP ( 'NONE', ( #837, #4920, #3420, #3407, #4892, #4950, #1044, #4046 ) ) ;
#2060 = DIRECTION ( 'NONE',  ( -0.000000000000000000, 1.000000000000000000, -0.000000000000000000 ) ) ;
#2061 = VECTOR ( 'NONE', #2561, 1000.000000000000000 ) ;
#2062 = VERTEX_POINT ( 'NONE', #82 ) ;
#2063 = CARTESIAN_POINT ( 'NONE',  ( 86.20000000000000284, -0.6888602654237568901, 12.62998623021820066 ) ) ;
#2064 = CARTESIAN_POINT ( 'NONE',  ( 90.20000000000000284, 0.2604132079315682469, 14.84309991481715407 ) ) ;
#2065 = EDGE_CURVE ( 'NONE', #3087, #1151, #505, .T. ) ;
#2066 = CARTESIAN_POINT ( 'NONE',  ( 90.20000000000000284, 7.250000000000007994, -9.389999999999961489 ) ) ;
#2067 = CIRCLE ( 'NONE', #3035, 2.950000000000000622 ) ;
#2068 = EDGE_LOOP ( 'NONE', ( #2521, #3671 ) ) ;
#2069 = CARTESIAN_POINT ( 'NONE',  ( 89.80000000000001137, 4.550000000000028244, -14.38999999999996326 ) ) ;
#2070 = ORIENTED_EDGE ( 'NONE', *, *, #939, .T. ) ;
#2071 = EDGE_CURVE ( 'NONE', #1236, #18, #392, .T. ) ;
#2072 = CARTESIAN_POINT ( 'NONE',  ( 20.04926735356653467, 3.200000000000000178, -10.00000000000000000 ) ) ;
#2073 = LINE ( 'NONE', #4576, #3773 ) ;
#2074 = EDGE_LOOP ( 'NONE', ( #3911, #4713, #2961, #811 ) ) ;
#2075 = AXIS2_PLACEMENT_3D ( 'NONE', #2165, #998, #4783 ) ;
#2076 = VERTEX_POINT ( 'NONE', #2456 ) ;
#2077 = DIRECTION ( 'NONE',  ( 0.000000000000000000, 0.000000000000000000, -1.000000000000000000 ) ) ;
#2078 = EDGE_CURVE ( 'NONE', #312, #1217, #4018, .T. ) ;
#2079 = ORIENTED_EDGE ( 'NONE', *, *, #4918, .F. ) ;
#2080 = ORIENTED_EDGE ( 'NONE', *, *, #3983, .F. ) ;
#2081 = CARTESIAN_POINT ( 'NONE',  ( 72.20000000000000284, 5.000000000000000000, 14.49999999999999822 ) ) ;
#2082 = ORIENTED_EDGE ( 'NONE', *, *, #259, .T. ) ;
#2083 = DIRECTION ( 'NONE',  ( 0.000000000000000000, -5.551115123125783935E-17, 1.000000000000000000 ) ) ;
#2084 = EDGE_LOOP ( 'NONE', ( #3752, #3838, #4010, #4347 ) ) ;
#2085 = DIRECTION ( 'NONE',  ( -1.000000000000000000, 0.000000000000000000, 0.000000000000000000 ) ) ;
#2086 = VECTOR ( 'NONE', #3962, 999.9999999999998863 ) ;
#2087 = ORIENTED_EDGE ( 'NONE', *, *, #1036, .T. ) ;
#2088 = VERTEX_POINT ( 'NONE', #2805 ) ;
#2089 = DIRECTION ( 'NONE',  ( 0.000000000000000000, 0.000000000000000000, 1.000000000000000000 ) ) ;
#2090 = DIRECTION ( 'NONE',  ( -0.000000000000000000, 0.5735764363510417185, 0.8191520442889947962 ) ) ;
#2091 = EDGE_LOOP ( 'NONE', ( #1353, #305, #3094, #4374, #22, #4633 ) ) ;
#2092 = ADVANCED_FACE ( 'NONE', ( #4830 ), #1669, .F. ) ;
#2093 = CARTESIAN_POINT ( 'NONE',  ( 51.61061981932800080, 8.970000000000005969, 0.000000000000000000 ) ) ;
#2094 = CARTESIAN_POINT ( 'NONE',  ( 70.20000000000000284, 4.397177131284818685, 9.593011644253174097 ) ) ;
#2095 = EDGE_CURVE ( 'NONE', #3069, #2653, #1055, .T. ) ;
#2096 = DIRECTION ( 'NONE',  ( -0.000000000000000000, 0.09584575252021716729, -0.9953961983671794078 ) ) ;
#2097 = ORIENTED_EDGE ( 'NONE', *, *, #992, .F. ) ;
#2098 = DIRECTION ( 'NONE',  ( 0.000000000000000000, 0.000000000000000000, -1.000000000000000000 ) ) ;
#2099 = CARTESIAN_POINT ( 'NONE',  ( 1.600000000000000089, 0.3999999999999837019, -56.99999999999999289 ) ) ;
#2100 = LINE ( 'NONE', #821, #3920 ) ;
#2101 = ORIENTED_EDGE ( 'NONE', *, *, #4548, .F. ) ;
#2102 = EDGE_CURVE ( 'NONE', #4252, #4291, #1594, .T. ) ;
#2103 = CARTESIAN_POINT ( 'NONE',  ( 84.90000000000000568, 0.000000000000000000, -56.24999999999999289 ) ) ;
#2104 = ORIENTED_EDGE ( 'NONE', *, *, #823, .F. ) ;
#2105 = DIRECTION ( 'NONE',  ( 0.000000000000000000, -1.000000000000000000, 0.000000000000000000 ) ) ;
#2106 = CIRCLE ( 'NONE', #1231, 2.949999999999996625 ) ;
#2107 = ORIENTED_EDGE ( 'NONE', *, *, #4289, .F. ) ;
#2108 = AXIS2_PLACEMENT_3D ( 'NONE', #3039, #2624, #4209 ) ;
#2109 = AXIS2_PLACEMENT_3D ( 'NONE', #4977, #1121, #797 ) ;
#2110 = VECTOR ( 'NONE', #1415, 1000.000000000000000 ) ;
#2111 = ORIENTED_EDGE ( 'NONE', *, *, #4467, .T. ) ;
#2112 = CARTESIAN_POINT ( 'NONE',  ( 84.90000000000000568, -1.199999999999999956, -4.299999999999998046 ) ) ;
#2113 = FACE_OUTER_BOUND ( 'NONE', #1282, .T. ) ;
#2114 = CARTESIAN_POINT ( 'NONE',  ( 90.20000000000000284, 7.250000000000007994, -14.38999999999996326 ) ) ;
#2115 = CYLINDRICAL_SURFACE ( 'NONE', #1320, 6.200000000000001066 ) ;
#2116 = EDGE_LOOP ( 'NONE', ( #4648, #2373 ) ) ;
#2117 = DIRECTION ( 'NONE',  ( -0.000000000000000000, 1.000000000000000000, -0.000000000000000000 ) ) ;
#2118 = CARTESIAN_POINT ( 'NONE',  ( 84.90000000000000568, -0.7999999999999999334, -50.85000000000000142 ) ) ;
#2119 = FACE_BOUND ( 'NONE', #3472, .T. ) ;
#2120 = ORIENTED_EDGE ( 'NONE', *, *, #4168, .T. ) ;
#2121 = VERTEX_POINT ( 'NONE', #2066 ) ;
#2122 = ORIENTED_EDGE ( 'NONE', *, *, #1684, .T. ) ;
#2123 = CARTESIAN_POINT ( 'NONE',  ( 24.04926735356654532, 3.200000000000000178, -10.00000000000000000 ) ) ;
#2124 = CARTESIAN_POINT ( 'NONE',  ( 26.89999999999999858, -0.7999999999999999334, -5.799999999999999822 ) ) ;
#2125 = EDGE_CURVE ( 'NONE', #851, #1966, #32, .T. ) ;
#2126 = FACE_OUTER_BOUND ( 'NONE', #1224, .T. ) ;
#2127 = CARTESIAN_POINT ( 'NONE',  ( 26.89999999999999858, -0.4000000000000000222, -1.349999999999997424 ) ) ;
#2128 = VERTEX_POINT ( 'NONE', #3199 ) ;
#2129 = CARTESIAN_POINT ( 'NONE',  ( 89.80000000000001137, 4.550000000000028244, -18.38999999999996149 ) ) ;
#2130 = FACE_OUTER_BOUND ( 'NONE', #1001, .T. ) ;
#2131 = ORIENTED_EDGE ( 'NONE', *, *, #693, .F. ) ;
#2132 = VERTEX_POINT ( 'NONE', #2203 ) ;
#2133 = EDGE_CURVE ( 'NONE', #2026, #4653, #3102, .T. ) ;
#2134 = CARTESIAN_POINT ( 'NONE',  ( 88.59999999999999432, 8.050000000000029132, -23.38999999999996149 ) ) ;
#2135 = DIRECTION ( 'NONE',  ( -1.000000000000000000, 0.000000000000000000, 0.000000000000000000 ) ) ;
#2136 = VECTOR ( 'NONE', #2656, 1000.000000000000000 ) ;
#2137 = DIRECTION ( 'NONE',  ( -1.000000000000000000, 0.000000000000000000, 0.000000000000000000 ) ) ;
#2138 = AXIS2_PLACEMENT_3D ( 'NONE', #3685, #3757, #1357 ) ;
#2139 = VECTOR ( 'NONE', #326, 1000.000000000000000 ) ;
#2140 = ORIENTED_EDGE ( 'NONE', *, *, #2903, .T. ) ;
#2141 = CARTESIAN_POINT ( 'NONE',  ( 51.61061981932800080, 7.570000000000004725, 0.000000000000000000 ) ) ;
#2142 = EDGE_CURVE ( 'NONE', #2076, #2062, #737, .T. ) ;
#2143 = DIRECTION ( 'NONE',  ( -1.000000000000000000, 0.000000000000000000, 0.000000000000000000 ) ) ;
#2144 = ORIENTED_EDGE ( 'NONE', *, *, #1752, .T. ) ;
#2145 = ORIENTED_EDGE ( 'NONE', *, *, #759, .T. ) ;
#2146 = AXIS2_PLACEMENT_3D ( 'NONE', #87, #3932, #468 ) ;
#2147 = ORIENTED_EDGE ( 'NONE', *, *, #3375, .F. ) ;
#2148 = FACE_OUTER_BOUND ( 'NONE', #4881, .T. ) ;
#2149 = VERTEX_POINT ( 'NONE', #676 ) ;
#2150 = CARTESIAN_POINT ( 'NONE',  ( 63.10000000000000142, 1.220000000000005747, 0.000000000000000000 ) ) ;
#2151 = EDGE_CURVE ( 'NONE', #1370, #1730, #4538, .T. ) ;
#2152 = CARTESIAN_POINT ( 'NONE',  ( 1.600000000000000089, 12.30000000000000071, -56.99999999999999289 ) ) ;
#2153 = VERTEX_POINT ( 'NONE', #1419 ) ;
#2154 = ORIENTED_EDGE ( 'NONE', *, *, #4656, .F. ) ;
#2155 = AXIS2_PLACEMENT_3D ( 'NONE', #3071, #1935, #4922 ) ;
#2156 = PRODUCT_CONTEXT ( 'NONE', #4773, 'mechanical' ) ;
#2157 = LINE ( 'NONE', #1335, #3797 ) ;
#2158 = CYLINDRICAL_SURFACE ( 'NONE', #125, 0.3999999999999993006 ) ;
#2159 = CARTESIAN_POINT ( 'NONE',  ( 0.000000000000000000, 12.30000000000000071, 0.000000000000000000 ) ) ;
#2160 = DIRECTION ( 'NONE',  ( 0.000000000000000000, 0.000000000000000000, 1.000000000000000000 ) ) ;
#2161 = LINE ( 'NONE', #1013, #3002 ) ;
#2162 = EDGE_LOOP ( 'NONE', ( #3949, #3539, #3553, #648, #657, #1325, #1420, #3078 ) ) ;
#2163 = EDGE_CURVE ( 'NONE', #1106, #3723, #4709, .T. ) ;
#2164 = CARTESIAN_POINT ( 'NONE',  ( 89.80000000000001137, 4.550000000000028244, -14.38999999999996326 ) ) ;
#2165 = CARTESIAN_POINT ( 'NONE',  ( 90.20000000000000284, 4.116134918785789409, 17.23225806451612740 ) ) ;
#2166 = VECTOR ( 'NONE', #2040, 1000.000000000000000 ) ;
#2167 = LINE ( 'NONE', #2305, #3861 ) ;
#2168 = DIRECTION ( 'NONE',  ( 0.9557790087219890651, 0.2940858488373964130, 0.000000000000000000 ) ) ;
#2169 = EDGE_CURVE ( 'NONE', #4286, #1969, #3530, .T. ) ;
#2170 = AXIS2_PLACEMENT_3D ( 'NONE', #529, #3958, #4700 ) ;
#2171 = DIRECTION ( 'NONE',  ( -1.000000000000000000, 0.000000000000000000, 0.000000000000000000 ) ) ;
#2172 = CARTESIAN_POINT ( 'NONE',  ( 63.04549802414191362, 7.579971189465136483, 1.110000000000001652 ) ) ;
#2173 = ORIENTED_EDGE ( 'NONE', *, *, #4649, .T. ) ;
#2174 = EDGE_CURVE ( 'NONE', #207, #379, #434, .T. ) ;
#2175 = DIRECTION ( 'NONE',  ( -1.000000000000000000, -0.000000000000000000, -0.000000000000000000 ) ) ;
#2176 = DIRECTION ( 'NONE',  ( 1.000000000000000000, -0.000000000000000000, 0.000000000000000000 ) ) ;
#2177 = CYLINDRICAL_SURFACE ( 'NONE', #1134, 0.3999999999999993006 ) ;
#2178 = VECTOR ( 'NONE', #3645, 1000.000000000000000 ) ;
#2179 = ORIENTED_EDGE ( 'NONE', *, *, #1877, .T. ) ;
#2180 = AXIS2_PLACEMENT_3D ( 'NONE', #2992, #989, #1131 ) ;
#2181 = CARTESIAN_POINT ( 'NONE',  ( 86.20000000000000284, 2.379766777207654727, 17.11910827962722337 ) ) ;
#2182 = EDGE_CURVE ( 'NONE', #1793, #1760, #868, .T. ) ;
#2183 = AXIS2_PLACEMENT_3D ( 'NONE', #4697, #2414, #3193 ) ;
#2184 = LINE ( 'NONE', #1941, #1759 ) ;
#2185 = CARTESIAN_POINT ( 'NONE',  ( 74.01000000000199464, 4.100000000000011191, 0.5100000000010000978 ) ) ;
#2186 = ORIENTED_EDGE ( 'NONE', *, *, #1872, .F. ) ;
#2187 = CARTESIAN_POINT ( 'NONE',  ( 5.799999999999999822, -1.200000000000001510, 11.50000000000000000 ) ) ;
#2188 = DIRECTION ( 'NONE',  ( 0.000000000000000000, 0.000000000000000000, 1.000000000000000000 ) ) ;
#2189 = VECTOR ( 'NONE', #340, 999.9999999999998863 ) ;
#2190 = AXIS2_PLACEMENT_3D ( 'NONE', #2043, #3651, #158 ) ;
#2191 = ORIENTED_EDGE ( 'NONE', *, *, #476, .F. ) ;
#2192 = CARTESIAN_POINT ( 'NONE',  ( 26.89999999999999858, -0.4000000000000000222, -53.29999999999999716 ) ) ;
#2193 = CARTESIAN_POINT ( 'NONE',  ( 84.90000000000000568, -1.199999999999999956, -4.299999999999998046 ) ) ;
#2194 = VECTOR ( 'NONE', #1432, 1000.000000000000000 ) ;
#2195 = EDGE_LOOP ( 'NONE', ( #2276, #4406, #817, #1772 ) ) ;
#2196 = EDGE_CURVE ( 'NONE', #593, #1593, #4889, .T. ) ;
#2197 = LINE ( 'NONE', #4753, #3524 ) ;
#2198 = ORIENTED_EDGE ( 'NONE', *, *, #4075, .T. ) ;
#2199 = DIRECTION ( 'NONE',  ( 0.000000000000000000, 0.000000000000000000, -1.000000000000000000 ) ) ;
#2200 = VERTEX_POINT ( 'NONE', #2971 ) ;
#2201 = ORIENTED_EDGE ( 'NONE', *, *, #3, .T. ) ;
#2202 = ADVANCED_FACE ( 'NONE', ( #2916 ), #4513, .F. ) ;
#2203 = CARTESIAN_POINT ( 'NONE',  ( 86.20000000000000284, 3.079627449345335943, 17.10514262192735302 ) ) ;
#2204 = PLANE ( 'NONE',  #1227 ) ;
#2205 = ORIENTED_EDGE ( 'NONE', *, *, #3912, .F. ) ;
#2206 = CARTESIAN_POINT ( 'NONE',  ( 5.799999999999999822, 12.30000000000000071, 0.000000000000000000 ) ) ;
#2207 = VERTEX_POINT ( 'NONE', #640 ) ;
#2208 = VECTOR ( 'NONE', #103, 1000.000000000000000 ) ;
#2209 = ORIENTED_EDGE ( 'NONE', *, *, #2672, .F. ) ;
#2210 = AXIS2_PLACEMENT_3D ( 'NONE', #4323, #2053, #3916 ) ;
#2211 = CARTESIAN_POINT ( 'NONE',  ( 70.20000000000000284, 5.000000000000000000, 11.50000000000000000 ) ) ;
#2212 = AXIS2_PLACEMENT_3D ( 'NONE', #3814, #1136, #1907 ) ;
#2213 = ORIENTED_EDGE ( 'NONE', *, *, #4173, .T. ) ;
#2214 = FACE_OUTER_BOUND ( 'NONE', #4400, .T. ) ;
#2215 = CIRCLE ( 'NONE', #4904, 1.499999999999996891 ) ;
#2216 = CARTESIAN_POINT ( 'NONE',  ( 70.20000000000000284, 6.931851652578142620, 12.01763809020503260 ) ) ;
#2217 = VERTEX_POINT ( 'NONE', #2915 ) ;
#2218 = CARTESIAN_POINT ( 'NONE',  ( 84.22010101267767368, 4.999999999999999112, 17.69999999999999929 ) ) ;
#2219 = DIRECTION ( 'NONE',  ( 1.000000000000000000, -0.000000000000000000, -0.000000000000000000 ) ) ;
#2220 = PLANE ( 'NONE',  #925 ) ;
#2221 = ORIENTED_EDGE ( 'NONE', *, *, #564, .T. ) ;
#2222 = AXIS2_PLACEMENT_3D ( 'NONE', #3342, #2175, #2223 ) ;
#2223 = DIRECTION ( 'NONE',  ( 0.000000000000000000, 9.293161478447189878E-16, -1.000000000000000000 ) ) ;
#2224 = PRESENTATION_STYLE_ASSIGNMENT (( #4027 ) ) ;
#2225 = LINE ( 'NONE', #3658, #4212 ) ;
#2226 = CARTESIAN_POINT ( 'NONE',  ( 74.01000000000199464, 4.100000000000100009, -0.7999999999999999334 ) ) ;
#2227 = ADVANCED_FACE ( 'NONE', ( #3721 ), #2220, .F. ) ;
#2228 = EDGE_CURVE ( 'NONE', #3839, #3175, #2562, .T. ) ;
#2229 = LINE ( 'NONE', #2313, #1187 ) ;
#2230 = DIRECTION ( 'NONE',  ( 0.000000000000000000, -1.000000000000000000, -5.767032832369708763E-17 ) ) ;
#2231 = CARTESIAN_POINT ( 'NONE',  ( 89.80000000000001137, 8.050000000000029132, -14.38999999999996326 ) ) ;
#2232 = PLANE ( 'NONE',  #4243 ) ;
#2233 = VECTOR ( 'NONE', #1795, 1000.000000000000000 ) ;
#2234 = ORIENTED_EDGE ( 'NONE', *, *, #500, .T. ) ;
#2235 = AXIS2_PLACEMENT_3D ( 'NONE', #4662, #2741, #2031 ) ;
#2236 = CARTESIAN_POINT ( 'NONE',  ( 89.80000000000001137, 4.550000000000028244, -18.38999999999996149 ) ) ;
#2237 = DIRECTION ( 'NONE',  ( 0.000000000000000000, 0.000000000000000000, -1.000000000000000000 ) ) ;
#2238 = DIRECTION ( 'NONE',  ( 0.000000000000000000, 0.000000000000000000, 1.000000000000000000 ) ) ;
#2239 = EDGE_CURVE ( 'NONE', #2012, #4184, #3233, .T. ) ;
#2240 = CIRCLE ( 'NONE', #1953, 1.400000000000012346 ) ;
#2241 = VERTEX_POINT ( 'NONE', #603 ) ;
#2242 = MANIFOLD_SOLID_BREP ( 'Fase3', #2267 ) ;
#2243 = LINE ( 'NONE', #1822, #241 ) ;
#2244 = ORIENTED_EDGE ( 'NONE', *, *, #4176, .T. ) ;
#2245 = CIRCLE ( 'NONE', #2512, 2.450000000000012168 ) ;
#2246 = ORIENTED_EDGE ( 'NONE', *, *, #4201, .T. ) ;
#2247 = ORIENTED_EDGE ( 'NONE', *, *, #3976, .F. ) ;
#2248 = VERTEX_POINT ( 'NONE', #4241 ) ;
#2249 = AXIS2_PLACEMENT_3D ( 'NONE', #4269, #90, #1218 ) ;
#2250 = LINE ( 'NONE', #3800, #920 ) ;
#2251 = VERTEX_POINT ( 'NONE', #3439 ) ;
#2252 = ADVANCED_FACE ( 'NONE', ( #2378 ), #4206, .T. ) ;
#2253 = SURFACE_STYLE_USAGE ( .BOTH. , #4575 ) ;
#2254 = DIRECTION ( 'NONE',  ( 0.000000000000000000, 0.000000000000000000, -1.000000000000000000 ) ) ;
#2255 = CARTESIAN_POINT ( 'NONE',  ( 5.799999999999999822, 5.000000000000000000, 9.500000000000000000 ) ) ;
#2256 = ORIENTED_EDGE ( 'NONE', *, *, #2639, .F. ) ;
#2257 = FACE_OUTER_BOUND ( 'NONE', #4935, .T. ) ;
#2258 = EDGE_CURVE ( 'NONE', #334, #2149, #1662, .T. ) ;
#2259 = ADVANCED_FACE ( 'NONE', ( #3351 ), #328, .T. ) ;
#2260 = CARTESIAN_POINT ( 'NONE',  ( 26.89999999999999858, -1.199999999999999956, -55.75000000000000000 ) ) ;
#2261 = ORIENTED_EDGE ( 'NONE', *, *, #1794, .T. ) ;
#2262 = ORIENTED_EDGE ( 'NONE', *, *, #1364, .T. ) ;
#2263 = ORIENTED_EDGE ( 'NONE', *, *, #2268, .F. ) ;
#2264 = EDGE_CURVE ( 'NONE', #4944, #1903, #3038, .T. ) ;
#2265 = AXIS2_PLACEMENT_3D ( 'NONE', #3906, #1585, #2815 ) ;
#2266 = CARTESIAN_POINT ( 'NONE',  ( 26.89999999999999858, -0.3999999999999999667, -51.79999999999999716 ) ) ;
#2267 = CLOSED_SHELL ( 'NONE', ( #2259, #2634, #261, #4765, #4364, #4585, #1491, #1983, #2758, #4376, #712, #750, #1717, #4127, #675, #4401, #3883, #34, #248, #1436, #1363, #126, #2405, #1065, #4310, #1776, #3729, #3422, #3398, #647, #1135, #210, #3505, #181, #4322, #1023, #4057, #2328, #3372, #3452, #3758, #2489, #4030, #3803, #115, #680, #1435, #1906, #496, #4668, #4957, #2821, #2465, #2881, #3919, #4537, #511, #630, #455, #1268, #3550, #1409, #1417, #1825, #3424, #3469, #3908, #4483, #2042, #2807, #3831, #2931, #1084, #4463, #2445, #2365, #654, #3779, #3431, #4102, #3850, #2599, #4718, #2779, #2950, #4732, #2430, #2092, #1386, #4690, #833, #3162, #2573, #2560, #56, #4000, #4163, #3190, #1827, #3639, #4283, #2006, #1633, #3232, #2701, #283, #443, #4493, #3205, #1652, #940, #2503, #4298, #2636, #2598, #3257, #4510, #2301, #377, #1463, #1782, #4203, #4557, #3577, #4512, #1018, #1156, #2722, #3222, #2523, #2252, #1337, #1237, #2671, #3738, #4962, #867, #3802, #1489, #4135, #69, #887, #2734, #3661, #1261, #4914, #624, #4563, #1202, #1064, #2796, #2227, #2202, #3823 ) ) ;
#2268 = EDGE_CURVE ( 'NONE', #106, #4025, #4250, .T. ) ;
#2269 = ORIENTED_EDGE ( 'NONE', *, *, #1752, .F. ) ;
#2270 = VERTEX_POINT ( 'NONE', #1130 ) ;
#2271 = DIRECTION ( 'NONE',  ( 0.000000000000000000, -5.551115123125783935E-17, 1.000000000000000000 ) ) ;
#2272 = DIRECTION ( 'NONE',  ( 0.000000000000000000, 0.5735764363510418296, 0.8191520442889947962 ) ) ;
#2273 = DIRECTION ( 'NONE',  ( 0.000000000000000000, 0.000000000000000000, -1.000000000000000000 ) ) ;
#2274 = ORIENTED_EDGE ( 'NONE', *, *, #3972, .F. ) ;
#2275 = LINE ( 'NONE', #2129, #2811 ) ;
#2276 = ORIENTED_EDGE ( 'NONE', *, *, #2819, .F. ) ;
#2277 = AXIS2_PLACEMENT_3D ( 'NONE', #662, #1558, #4615 ) ;
#2278 = CARTESIAN_POINT ( 'NONE',  ( 9.799999999999998934, -1.200000000000000178, -1.242638296370980028E-15 ) ) ;
#2279 = EDGE_LOOP ( 'NONE', ( #4258, #1477 ) ) ;
#2280 = VECTOR ( 'NONE', #2518, 1000.000000000000000 ) ;
#2281 = FACE_OUTER_BOUND ( 'NONE', #137, .T. ) ;
#2282 = PLANE ( 'NONE',  #2595 ) ;
#2283 = AXIS2_PLACEMENT_3D ( 'NONE', #2462, #1692, #4729 ) ;
#2284 = CARTESIAN_POINT ( 'NONE',  ( 86.20000000000000284, 4.116134918785789409, 17.63225806451612954 ) ) ;
#2285 = CIRCLE ( 'NONE', #2682, 2.000000000000000000 ) ;
#2286 = ORIENTED_EDGE ( 'NONE', *, *, #3298, .T. ) ;
#2287 = DIRECTION ( 'NONE',  ( 0.000000000000000000, 1.000000000000000000, 0.000000000000000000 ) ) ;
#2288 = LINE ( 'NONE', #3950, #3441 ) ;
#2289 = EDGE_CURVE ( 'NONE', #1965, #3069, #1222, .T. ) ;
#2290 = CARTESIAN_POINT ( 'NONE',  ( 89.80000000000001137, 4.550000000000028244, -9.389999999999961489 ) ) ;
#2291 = CYLINDRICAL_SURFACE ( 'NONE', #4183, 1.400000000000001021 ) ;
#2292 = CYLINDRICAL_SURFACE ( 'NONE', #448, 6.200000000000000178 ) ;
#2293 = EDGE_LOOP ( 'NONE', ( #415, #3044 ) ) ;
#2294 = DIRECTION ( 'NONE',  ( 1.000000000000000000, 0.000000000000000000, 0.000000000000000000 ) ) ;
#2295 = VECTOR ( 'NONE', #1009, 1000.000000000000000 ) ;
#2296 = PRODUCT_DEFINITION_SHAPE ( 'NONE', 'NONE',  #2847 ) ;
#2297 = DIRECTION ( 'NONE',  ( 0.000000000000000000, 0.000000000000000000, -1.000000000000000000 ) ) ;
#2298 = VECTOR ( 'NONE', #1380, 1000.000000000000000 ) ;
#2299 = ORIENTED_EDGE ( 'NONE', *, *, #4125, .F. ) ;
#2300 = AXIS2_PLACEMENT_3D ( 'NONE', #1152, #1544, #36 ) ;
#2301 = ADVANCED_FACE ( 'NONE', ( #3093 ), #206, .T. ) ;
#2302 = DIRECTION ( 'NONE',  ( 1.000000000000000000, 0.000000000000000000, -0.000000000000000000 ) ) ;
#2303 = FACE_BOUND ( 'NONE', #1590, .T. ) ;
#2304 = ORIENTED_EDGE ( 'NONE', *, *, #591, .T. ) ;
#2305 = CARTESIAN_POINT ( 'NONE',  ( 84.22010101267767368, -0.9193548387096766028, 12.03031904872852920 ) ) ;
#2306 = VECTOR ( 'NONE', #2876, 1000.000000000000000 ) ;
#2307 = DIRECTION ( 'NONE',  ( 0.000000000000000000, -0.000000000000000000, 1.000000000000000000 ) ) ;
#2308 = CARTESIAN_POINT ( 'NONE',  ( 86.20000000000000284, -1.081195456142635791, 12.70791631506083696 ) ) ;
#2309 = EDGE_LOOP ( 'NONE', ( #4352, #4036, #321, #2552, #2244, #1112, #3769, #1052 ) ) ;
#2310 = DIRECTION ( 'NONE',  ( -1.000000000000000000, 0.000000000000000000, -0.000000000000000000 ) ) ;
#2311 = ORIENTED_EDGE ( 'NONE', *, *, #2937, .T. ) ;
#2312 = CARTESIAN_POINT ( 'NONE',  ( 70.20000000000000284, 5.000000000000002665, 11.50000000000000355 ) ) ;
#2313 = CARTESIAN_POINT ( 'NONE',  ( 84.90000000000000568, -1.199999999999999956, -2.800000000000001155 ) ) ;
#2314 = CARTESIAN_POINT ( 'NONE',  ( 1.999999999999983569, 0.000000000000000000, 0.000000000000000000 ) ) ;
#2315 = ORIENTED_EDGE ( 'NONE', *, *, #3917, .F. ) ;
#2316 = ORIENTED_EDGE ( 'NONE', *, *, #112, .T. ) ;
#2317 = DIRECTION ( 'NONE',  ( 0.000000000000000000, -5.551115123125781470E-17, -1.000000000000000000 ) ) ;
#2318 = DIRECTION ( 'NONE',  ( 1.000000000000000000, -0.000000000000000000, -0.000000000000000000 ) ) ;
#2319 = EDGE_CURVE ( 'NONE', #1723, #3839, #4704, .T. ) ;
#2320 = DIRECTION ( 'NONE',  ( 0.000000000000000000, -1.000000000000000000, 0.000000000000000000 ) ) ;
#2321 = VERTEX_POINT ( 'NONE', #344 ) ;
#2322 = CARTESIAN_POINT ( 'NONE',  ( 88.59999999999999432, 4.550000000000028244, -14.38999999999996326 ) ) ;
#2323 = EDGE_CURVE ( 'NONE', #2547, #1039, #2664, .T. ) ;
#2324 = VECTOR ( 'NONE', #4899, 1000.000000000000114 ) ;
#2325 = AXIS2_PLACEMENT_3D ( 'NONE', #475, #4695, #816 ) ;
#2326 = DIRECTION ( 'NONE',  ( 0.000000000000000000, -0.9953961983671795188, -0.09584575252021719505 ) ) ;
#2327 = ORIENTED_EDGE ( 'NONE', *, *, #191, .F. ) ;
#2328 = ADVANCED_FACE ( 'NONE', ( #1049 ), #4595, .T. ) ;
#2329 = EDGE_CURVE ( 'NONE', #2449, #1651, #3293, .T. ) ;
#2330 = DIRECTION ( 'NONE',  ( 0.000000000000000000, 0.000000000000000000, -1.000000000000000000 ) ) ;
#2331 = ORIENTED_EDGE ( 'NONE', *, *, #2629, .T. ) ;
#2332 = DIRECTION ( 'NONE',  ( -1.000000000000000000, 0.000000000000000000, 0.000000000000000000 ) ) ;
#2333 = DIRECTION ( 'NONE',  ( 0.000000000000000000, -5.551115123125781470E-17, -1.000000000000000000 ) ) ;
#2334 = SHAPE_DEFINITION_REPRESENTATION ( #2296, #1244 ) ;
#2335 = CARTESIAN_POINT ( 'NONE',  ( 84.90000000000000568, -0.4000000000000000222, -53.29999999999999716 ) ) ;
#2336 = CARTESIAN_POINT ( 'NONE',  ( 26.89999999999999858, -0.7999999999999999334, -53.29999999999999716 ) ) ;
#2337 = CARTESIAN_POINT ( 'NONE',  ( 84.90000000000000568, -0.4000000000000000222, -4.299999999999998046 ) ) ;
#2338 = CIRCLE ( 'NONE', #2109, 2.950000000000000622 ) ;
#2339 = ORIENTED_EDGE ( 'NONE', *, *, #2368, .T. ) ;
#2340 = AXIS2_PLACEMENT_3D ( 'NONE', #580, #3775, #668 ) ;
#2341 = CARTESIAN_POINT ( 'NONE',  ( 86.20000000000000284, 0.2604132079315682469, 14.84309991481715407 ) ) ;
#2342 = DIRECTION ( 'NONE',  ( 0.000000000000000000, 0.000000000000000000, 1.000000000000000000 ) ) ;
#2343 = EDGE_CURVE ( 'NONE', #1933, #1453, #2555, .T. ) ;
#2344 = CARTESIAN_POINT ( 'NONE',  ( 84.22010101267767368, 0.6159379566434146636, 15.88406204335660377 ) ) ;
#2345 = ORIENTED_EDGE ( 'NONE', *, *, #2343, .F. ) ;
#2346 = EDGE_LOOP ( 'NONE', ( #1864, #4664, #3584, #38 ) ) ;
#2347 = DIRECTION ( 'NONE',  ( 1.000000000000000000, -0.000000000000000000, -0.000000000000000000 ) ) ;
#2348 = LINE ( 'NONE', #1192, #1757 ) ;
#2349 = LINE ( 'NONE', #804, #4338 ) ;
#2350 = ORIENTED_EDGE ( 'NONE', *, *, #1995, .F. ) ;
#2351 = CARTESIAN_POINT ( 'NONE',  ( 89.44553046317001588, -1.154469536830021514, 12.27047094535259752 ) ) ;
#2352 = LINE ( 'NONE', #4930, #4230 ) ;
#2353 = ORIENTED_EDGE ( 'NONE', *, *, #4679, .T. ) ;
#2354 = EDGE_CURVE ( 'NONE', #1252, #3589, #2909, .T. ) ;
#2355 = ORIENTED_EDGE ( 'NONE', *, *, #500, .F. ) ;
#2356 = CARTESIAN_POINT ( 'NONE',  ( 90.20000000000000284, 5.350000000000009415, -32.38999999999995794 ) ) ;
#2357 = PLANE ( 'NONE',  #362 ) ;
#2358 = LINE ( 'NONE', #2497, #2306 ) ;
#2359 = ORIENTED_EDGE ( 'NONE', *, *, #2932, .F. ) ;
#2361 = CARTESIAN_POINT ( 'NONE',  ( 86.20000000000000284, 5.000000000000001776, 11.50000000000000000 ) ) ;
#2360 = AXIS2_PLACEMENT_3D ( 'NONE', #177, #2865, #1327 ) ;
#2362 = EDGE_LOOP ( 'NONE', ( #3637, #2921, #430, #2850 ) ) ;
#2363 = DIRECTION ( 'NONE',  ( -0.7071067811865474617, -0.7071067811865474617, 0.000000000000000000 ) ) ;
#2364 = ORIENTED_EDGE ( 'NONE', *, *, #1126, .F. ) ;
#2365 = ADVANCED_FACE ( 'NONE', ( #4469 ), #2798, .F. ) ;
#2366 = AXIS2_PLACEMENT_3D ( 'NONE', #2747, #3124, #62 ) ;
#2367 = CARTESIAN_POINT ( 'NONE',  ( 70.20000000000000284, 4.825688514504681947, 13.49238939618349242 ) ) ;
#2368 = EDGE_CURVE ( 'NONE', #339, #2858, #2024, .T. ) ;
#2369 = FACE_OUTER_BOUND ( 'NONE', #4591, .T. ) ;
#2370 = ORIENTED_EDGE ( 'NONE', *, *, #216, .T. ) ;
#2371 = CARTESIAN_POINT ( 'NONE',  ( 20.04926735356653467, 3.200000000000001510, 0.000000000000000000 ) ) ;
#2372 = CARTESIAN_POINT ( 'NONE',  ( 0.7999999999999951594, -1.200000000000006617, 0.000000000000000000 ) ) ;
#2373 = ORIENTED_EDGE ( 'NONE', *, *, #2125, .F. ) ;
#2374 = CARTESIAN_POINT ( 'NONE',  ( 0.7999999999999951594, -1.199999999999999956, 0.000000000000000000 ) ) ;
#2375 = ORIENTED_EDGE ( 'NONE', *, *, #3365, .T. ) ;
#2376 = DIRECTION ( 'NONE',  ( 0.000000000000000000, 0.000000000000000000, -1.000000000000000000 ) ) ;
#2377 = CARTESIAN_POINT ( 'NONE',  ( 88.59999999999999432, 12.30000000000000071, -56.99999999999999289 ) ) ;
#2378 = FACE_OUTER_BOUND ( 'NONE', #2059, .T. ) ;
#2379 = ORIENTED_EDGE ( 'NONE', *, *, #3033, .F. ) ;
#2380 = EDGE_LOOP ( 'NONE', ( #4302, #4600 ) ) ;
#2381 = EDGE_CURVE ( 'NONE', #3026, #1920, #3830, .T. ) ;
#2382 = ORIENTED_EDGE ( 'NONE', *, *, #604, .T. ) ;
#2383 = ORIENTED_EDGE ( 'NONE', *, *, #1742, .F. ) ;
#2384 = CARTESIAN_POINT ( 'NONE',  ( 72.12999999999900069, 7.580000000000111093, -0.8000000000000000444 ) ) ;
#2385 = VECTOR ( 'NONE', #1849, 1000.000000000000000 ) ;
#2386 = ORIENTED_EDGE ( 'NONE', *, *, #3863, .F. ) ;
#2387 = ORIENTED_EDGE ( 'NONE', *, *, #2800, .F. ) ;
#2388 = EDGE_CURVE ( 'NONE', #3381, #1370, #2018, .T. ) ;
#2389 = DIRECTION ( 'NONE',  ( -0.000000000000000000, 1.000000000000000000, -0.000000000000000000 ) ) ;
#2390 = ORIENTED_EDGE ( 'NONE', *, *, #3033, .T. ) ;
#2391 = VECTOR ( 'NONE', #1644, 1000.000000000000000 ) ;
#2392 = ORIENTED_EDGE ( 'NONE', *, *, #154, .F. ) ;
#2393 = VERTEX_POINT ( 'NONE', #2206 ) ;
#2394 = CARTESIAN_POINT ( 'NONE',  ( 50.55962089563534079, 8.494879052848078871, 0.000000000000000000 ) ) ;
#2395 = AXIS2_PLACEMENT_3D ( 'NONE', #124, #507, #3578 ) ;
#2396 = VECTOR ( 'NONE', #2105, 1000.000000000000000 ) ;
#2397 = ORIENTED_EDGE ( 'NONE', *, *, #1694, .T. ) ;
#2398 = EDGE_CURVE ( 'NONE', #2858, #2251, #985, .T. ) ;
#2399 = CARTESIAN_POINT ( 'NONE',  ( 86.20000000000000284, 1.278368402077609378, 16.11030506526413930 ) ) ;
#2400 = FACE_OUTER_BOUND ( 'NONE', #316, .T. ) ;
#2401 = VECTOR ( 'NONE', #4332, 1000.000000000000000 ) ;
#2402 = DIRECTION ( 'NONE',  ( 0.000000000000000000, 1.000000000000000000, 0.000000000000000000 ) ) ;
#2403 = CARTESIAN_POINT ( 'NONE',  ( 86.20000000000000284, 5.000000000000000000, 11.50000000000000000 ) ) ;
#2404 = AXIS2_PLACEMENT_3D ( 'NONE', #4397, #4417, #4041 ) ;
#2405 = ADVANCED_FACE ( 'NONE', ( #1722 ), #2938, .T. ) ;
#2406 = LINE ( 'NONE', #1691, #2630 ) ;
#2407 = DIRECTION ( 'NONE',  ( -1.000000000000000000, 0.000000000000000000, 0.000000000000000000 ) ) ;
#2408 = VECTOR ( 'NONE', #3900, 1000.000000000000000 ) ;
#2409 = LINE ( 'NONE', #1596, #3982 ) ;
#2410 = AXIS2_PLACEMENT_3D ( 'NONE', #3218, #463, #3606 ) ;
#2411 = CIRCLE ( 'NONE', #2180, 0.3999999999999993006 ) ;
#2412 = FACE_OUTER_BOUND ( 'NONE', #2900, .T. ) ;
#2413 = FACE_OUTER_BOUND ( 'NONE', #3706, .T. ) ;
#2414 = DIRECTION ( 'NONE',  ( -1.000000000000000000, -0.000000000000000000, -0.000000000000000000 ) ) ;
#2415 = CARTESIAN_POINT ( 'NONE',  ( 90.20000000000000284, 7.249999999999999112, 2.803313137178520166E-16 ) ) ;
#2416 = EDGE_CURVE ( 'NONE', #4927, #2207, #4534, .T. ) ;
#2417 = CARTESIAN_POINT ( 'NONE',  ( 90.20000000000000284, 5.350000000000009415, -14.38999999999996326 ) ) ;
#2418 = LINE ( 'NONE', #4136, #304 ) ;
#2419 = CARTESIAN_POINT ( 'NONE',  ( 1.600000000000000089, 0.3999999999999837019, -56.99999999999999289 ) ) ;
#2420 = ORIENTED_EDGE ( 'NONE', *, *, #4913, .T. ) ;
#2421 = CARTESIAN_POINT ( 'NONE',  ( 0.000000000000000000, 12.30000000000000071, -57.40000000000001279 ) ) ;
#2422 = VECTOR ( 'NONE', #1731, 1000.000000000000000 ) ;
#2423 = EDGE_CURVE ( 'NONE', #1784, #739, #1588, .T. ) ;
#2424 = VERTEX_POINT ( 'NONE', #4167 ) ;
#2425 = ORIENTED_EDGE ( 'NONE', *, *, #2629, .F. ) ;
#2426 = EDGE_CURVE ( 'NONE', #1151, #4252, #4818, .T. ) ;
#2427 = LINE ( 'NONE', #4737, #3521 ) ;
#2428 = CARTESIAN_POINT ( 'NONE',  ( 26.89999999999999858, -0.4000000000000000222, -1.349999999999997424 ) ) ;
#2429 = VERTEX_POINT ( 'NONE', #2590 ) ;
#2430 = ADVANCED_FACE ( 'NONE', ( #2257 ), #2725, .F. ) ;
#2432 = CARTESIAN_POINT ( 'NONE',  ( 26.89999999999999858, -0.7999999999999999334, -53.29999999999999716 ) ) ;
#2431 = AXIS2_PLACEMENT_3D ( 'NONE', #1687, #855, #3605 ) ;
#2433 = CARTESIAN_POINT ( 'NONE',  ( 86.20000000000000284, 10.75961257427094608, 12.18327373306750516 ) ) ;
#2434 = LINE ( 'NONE', #3474, #2136 ) ;
#2435 = AXIS2_PLACEMENT_3D ( 'NONE', #4118, #1046, #2594 ) ;
#2436 = CARTESIAN_POINT ( 'NONE',  ( 90.20000000000000284, 5.350000000000009415, -9.389999999999961489 ) ) ;
#2437 = CARTESIAN_POINT ( 'NONE',  ( 19.79999999999999005, -20.19999999999999929, -38.00000000000000000 ) ) ;
#2438 = PRODUCT ( 'display_case', 'display_case', '', ( #2156 ) ) ;
#2439 = ORIENTED_EDGE ( 'NONE', *, *, #1917, .F. ) ;
#2440 = ORIENTED_EDGE ( 'NONE', *, *, #4158, .T. ) ;
#2441 = DIRECTION ( 'NONE',  ( 0.000000000000000000, 1.000000000000000000, 0.000000000000000000 ) ) ;
#2442 = ORIENTED_EDGE ( 'NONE', *, *, #2868, .T. ) ;
#2443 = AXIS2_PLACEMENT_3D ( 'NONE', #2314, #1952, #4667 ) ;
#2444 = DIRECTION ( 'NONE',  ( -1.000000000000000000, 0.000000000000000000, 0.000000000000000000 ) ) ;
#2445 = ADVANCED_FACE ( 'NONE', ( #2793 ), #3711, .F. ) ;
#2446 = ORIENTED_EDGE ( 'NONE', *, *, #353, .T. ) ;
#2447 = ORIENTED_EDGE ( 'NONE', *, *, #3669, .T. ) ;
#2448 = CARTESIAN_POINT ( 'NONE',  ( 72.20000000000000284, 5.000000000000000000, 14.49999999999999822 ) ) ;
#2449 = VERTEX_POINT ( 'NONE', #1003 ) ;
#2450 = PLANE ( 'NONE',  #571 ) ;
#2451 = EDGE_CURVE ( 'NONE', #1163, #2918, #1214, .T. ) ;
#2452 = CARTESIAN_POINT ( 'NONE',  ( 1.600000000000000089, 1.220000000000005747, -0.8000000000000000444 ) ) ;
#2453 = DIRECTION ( 'NONE',  ( 0.000000000000000000, 0.000000000000000000, 1.000000000000000000 ) ) ;
#2454 = VECTOR ( 'NONE', #546, 1000.000000000000000 ) ;
#2455 = CARTESIAN_POINT ( 'NONE',  ( 70.20000000000000284, 5.000000000000002665, 11.50000000000000355 ) ) ;
#2456 = CARTESIAN_POINT ( 'NONE',  ( 1.600000000000000089, 12.30000000000000071, -56.99999999999999289 ) ) ;
#2457 = ORIENTED_EDGE ( 'NONE', *, *, #4817, .F. ) ;
#2458 = PLANE ( 'NONE',  #393 ) ;
#2459 = DIRECTION ( 'NONE',  ( -1.000000000000000000, 0.000000000000000000, -0.000000000000000000 ) ) ;
#2460 = LINE ( 'NONE', #844, #576 ) ;
#2461 = VECTOR ( 'NONE', #1680, 1000.000000000000000 ) ;
#2462 = CARTESIAN_POINT ( 'NONE',  ( 86.20000000000000284, 5.000000000000002665, 11.50000000000000355 ) ) ;
#2463 = DIRECTION ( 'NONE',  ( 0.000000000000000000, -1.000000000000000000, 0.000000000000000000 ) ) ;
#2464 = DIRECTION ( 'NONE',  ( -1.000000000000000000, 0.000000000000000000, 0.000000000000000000 ) ) ;
#2465 = ADVANCED_FACE ( 'NONE', ( #4465 ), #1785, .F. ) ;
#2466 = DIRECTION ( 'NONE',  ( 0.000000000000000000, -5.551115123125783935E-17, 1.000000000000000000 ) ) ;
#2467 = VECTOR ( 'NONE', #412, 1000.000000000000000 ) ;
#2468 = CIRCLE ( 'NONE', #3580, 6.200000000000001066 ) ;
#2469 = DIRECTION ( 'NONE',  ( 0.000000000000000000, -5.551115123125783935E-17, 1.000000000000000000 ) ) ;
#2470 = VERTEX_POINT ( 'NONE', #4094 ) ;
#2471 = DIRECTION ( 'NONE',  ( 1.000000000000000000, -0.000000000000000000, -0.000000000000000000 ) ) ;
#2472 = FACE_OUTER_BOUND ( 'NONE', #140, .T. ) ;
#2473 = CARTESIAN_POINT ( 'NONE',  ( 86.20000000000000284, 1.656900085182863913, 16.23958679206844735 ) ) ;
#2474 = LINE ( 'NONE', #3163, #3988 ) ;
#2475 = VECTOR ( 'NONE', #2550, 1000.000000000000000 ) ;
#2476 = VERTEX_POINT ( 'NONE', #3357 ) ;
#2477 = CARTESIAN_POINT ( 'NONE',  ( 86.20000000000000284, 5.530319048728524756, 17.41935483870967616 ) ) ;
#2478 = FACE_BOUND ( 'NONE', #2493, .T. ) ;
#2479 = ORIENTED_EDGE ( 'NONE', *, *, #2819, .T. ) ;
#2480 = ORIENTED_EDGE ( 'NONE', *, *, #1427, .F. ) ;
#2481 = EDGE_CURVE ( 'NONE', #1039, #2556, #2659, .T. ) ;
#2482 = CARTESIAN_POINT ( 'NONE',  ( 88.20000000000001705, 0.000000000000000000, -56.60000000000000853 ) ) ;
#2483 = LINE ( 'NONE', #4490, #1456 ) ;
#2484 = ORIENTED_EDGE ( 'NONE', *, *, #1087, .T. ) ;
#2485 = CARTESIAN_POINT ( 'NONE',  ( 26.89999999999999858, -0.3999999999999999667, -4.299999999999998046 ) ) ;
#2486 = DIRECTION ( 'NONE',  ( 0.000000000000000000, -1.000000000000000000, 0.000000000000000000 ) ) ;
#2487 = VECTOR ( 'NONE', #396, 1000.000000000000000 ) ;
#2488 = ORIENTED_EDGE ( 'NONE', *, *, #1569, .T. ) ;
#2489 = ADVANCED_FACE ( 'NONE', ( #3464, #203, #4590, #4190, #727 ), #1937, .F. ) ;
#2490 = DIRECTION ( 'NONE',  ( -0.000000000000000000, -5.551115123125781470E-17, -1.000000000000000000 ) ) ;
#2491 = EDGE_CURVE ( 'NONE', #1503, #4540, #88, .T. ) ;
#2492 = VECTOR ( 'NONE', #3041, 1000.000000000000000 ) ;
#2493 = EDGE_LOOP ( 'NONE', ( #1726, #3419, #4240, #3192 ) ) ;
#2494 = CARTESIAN_POINT ( 'NONE',  ( 89.80000000000001137, 4.550000000000028244, -27.38999999999995794 ) ) ;
#2495 = ORIENTED_EDGE ( 'NONE', *, *, #1286, .T. ) ;
#2496 = COLOUR_RGB ( '',0.7921568627450980005, 0.8196078431372548767, 0.9333333333333333481 ) ;
#2497 = CARTESIAN_POINT ( 'NONE',  ( 84.22010101267767368, -0.9599999999999997424, 10.95009091660530309 ) ) ;
#2498 = ORIENTED_EDGE ( 'NONE', *, *, #2759, .T. ) ;
#2499 = ORIENTED_EDGE ( 'NONE', *, *, #3559, .T. ) ;
#2500 = DIRECTION ( 'NONE',  ( 0.000000000000000000, 0.000000000000000000, -1.000000000000000000 ) ) ;
#2501 = DIRECTION ( 'NONE',  ( 0.000000000000000000, -1.000000000000000000, 0.000000000000000000 ) ) ;
#2502 = CARTESIAN_POINT ( 'NONE',  ( 0.000000000000000000, 5.000000000000000000, 9.500000000000000000 ) ) ;
#2503 = ADVANCED_FACE ( 'NONE', ( #1526 ), #2551, .F. ) ;
#2504 = ORIENTED_EDGE ( 'NONE', *, *, #3059, .T. ) ;
#2505 = EDGE_CURVE ( 'NONE', #1292, #4466, #2434, .T. ) ;
#2506 = DIRECTION ( 'NONE',  ( -1.000000000000000000, 0.000000000000000000, 0.000000000000000000 ) ) ;
#2507 = CYLINDRICAL_SURFACE ( 'NONE', #1397, 1.880000000000010996 ) ;
#2508 = EDGE_LOOP ( 'NONE', ( #3214, #2087, #3935, #566 ) ) ;
#2509 = CARTESIAN_POINT ( 'NONE',  ( 90.20000000000000284, 1.689652777936718309, 16.66252047443136064 ) ) ;
#2510 = CARTESIAN_POINT ( 'NONE',  ( 89.80000000000001137, 4.550000000000028244, -9.389999999999961489 ) ) ;
#2511 = EDGE_CURVE ( 'NONE', #1738, #2217, #1398, .T. ) ;
#2512 = AXIS2_PLACEMENT_3D ( 'NONE', #3490, #1160, #1533 ) ;
#2513 = CARTESIAN_POINT ( 'NONE',  ( 89.80000000000001137, 4.550000000000028244, -27.38999999999995794 ) ) ;
#2514 = VECTOR ( 'NONE', #2855, 1000.000000000000000 ) ;
#2515 = VERTEX_POINT ( 'NONE', #4549 ) ;
#2516 = CARTESIAN_POINT ( 'NONE',  ( 0.000000000000000000, 12.30000000000000071, -57.79999999999999716 ) ) ;
#2517 = EDGE_CURVE ( 'NONE', #3478, #1888, #2073, .T. ) ;
#2518 = DIRECTION ( 'NONE',  ( 1.000000000000000000, -0.000000000000000000, -0.000000000000000000 ) ) ;
#2519 = CIRCLE ( 'NONE', #4083, 2.450000000000000622 ) ;
#2520 = LINE ( 'NONE', #2813, #58 ) ;
#2521 = ORIENTED_EDGE ( 'NONE', *, *, #3889, .T. ) ;
#2522 = DIRECTION ( 'NONE',  ( -0.000000000000000000, 1.000000000000000000, -0.000000000000000000 ) ) ;
#2523 = ADVANCED_FACE ( 'NONE', ( #1655 ), #3445, .T. ) ;
#2524 = AXIS2_PLACEMENT_3D ( 'NONE', #400, #721, #4266 ) ;
#2525 = VECTOR ( 'NONE', #1910, 1000.000000000000000 ) ;
#2526 = ORIENTED_EDGE ( 'NONE', *, *, #3305, .T. ) ;
#2527 = DIRECTION ( 'NONE',  ( 1.000000000000000000, -0.000000000000000000, -0.000000000000000000 ) ) ;
#2528 = CARTESIAN_POINT ( 'NONE',  ( 63.51172018837745981, 7.436518215854268199, 1.110000000000001652 ) ) ;
#2529 = FACE_OUTER_BOUND ( 'NONE', #890, .T. ) ;
#2530 = DIRECTION ( 'NONE',  ( 0.000000000000000000, 0.000000000000000000, 1.000000000000000000 ) ) ;
#2531 = VECTOR ( 'NONE', #3745, 1000.000000000000000 ) ;
#2532 = LINE ( 'NONE', #4021, #4393 ) ;
#2533 = VERTEX_POINT ( 'NONE', #4225 ) ;
#2534 = AXIS2_PLACEMENT_3D ( 'NONE', #1979, #3952, #457 ) ;
#2535 = DIRECTION ( 'NONE',  ( 1.000000000000000000, -0.000000000000000000, -0.000000000000000000 ) ) ;
#2536 = DIRECTION ( 'NONE',  ( 0.000000000000000000, 0.000000000000000000, 1.000000000000000000 ) ) ;
#2537 = LINE ( 'NONE', #1800, #470 ) ;
#2538 = ORIENTED_EDGE ( 'NONE', *, *, #643, .T. ) ;
#2539 = LINE ( 'NONE', #4910, #4341 ) ;
#2540 = CARTESIAN_POINT ( 'NONE',  ( 89.80000000000002558, 12.30000000000000071, -57.79999999999999716 ) ) ;
#2541 = EDGE_CURVE ( 'NONE', #3248, #2076, #3149, .T. ) ;
#2542 = LINE ( 'NONE', #4404, #783 ) ;
#2543 = DIRECTION ( 'NONE',  ( 0.000000000000000000, 0.000000000000000000, 1.000000000000000000 ) ) ;
#2544 = CARTESIAN_POINT ( 'NONE',  ( 50.55962089563533368, 8.494879052848077094, 1.110000000000001874 ) ) ;
#2545 = CARTESIAN_POINT ( 'NONE',  ( 84.90000000000000568, -0.7999999999999999334, -50.85000000000000142 ) ) ;
#2546 = VERTEX_POINT ( 'NONE', #3826 ) ;
#2547 = VERTEX_POINT ( 'NONE', #357 ) ;
#2548 = DIRECTION ( 'NONE',  ( 0.000000000000000000, 1.000000000000000000, 0.000000000000000000 ) ) ;
#2549 = CARTESIAN_POINT ( 'NONE',  ( 90.20000000000000284, 5.349999999999999645, 3.858025010572418091E-16 ) ) ;
#2550 = DIRECTION ( 'NONE',  ( -0.000000000000000000, -1.000000000000000000, -0.000000000000000000 ) ) ;
#2551 = CYLINDRICAL_SURFACE ( 'NONE', #2723, 0.5999999999999998668 ) ;
#2552 = ORIENTED_EDGE ( 'NONE', *, *, #4473, .T. ) ;
#2553 = ORIENTED_EDGE ( 'NONE', *, *, #4811, .F. ) ;
#2554 = CARTESIAN_POINT ( 'NONE',  ( 0.000000000000000000, 12.30000000000000071, 0.000000000000000000 ) ) ;
#2555 = LINE ( 'NONE', #4939, #4947 ) ;
#2556 = VERTEX_POINT ( 'NONE', #1540 ) ;
#2557 = EDGE_LOOP ( 'NONE', ( #59, #2608 ) ) ;
#2558 = CARTESIAN_POINT ( 'NONE',  ( 74.00999999999899615, 5.980000000000111449, 0.5100000000010000978 ) ) ;
#2559 = EDGE_CURVE ( 'NONE', #3699, #1593, #1159, .T. ) ;
#2560 = ADVANCED_FACE ( 'NONE', ( #3648 ), #4210, .F. ) ;
#2561 = DIRECTION ( 'NONE',  ( 0.000000000000000000, -1.000000000000000000, 0.000000000000000000 ) ) ;
#2562 = LINE ( 'NONE', #3456, #2982 ) ;
#2563 = DIRECTION ( 'NONE',  ( -1.000000000000000000, -0.000000000000000000, -0.000000000000000000 ) ) ;
#2564 = ORIENTED_EDGE ( 'NONE', *, *, #1728, .T. ) ;
#2565 = DIRECTION ( 'NONE',  ( 1.000000000000000000, -0.000000000000000000, -0.000000000000000000 ) ) ;
#2566 = VECTOR ( 'NONE', #3602, 1000.000000000000000 ) ;
#2567 = ORIENTED_EDGE ( 'NONE', *, *, #4096, .T. ) ;
#2568 = CARTESIAN_POINT ( 'NONE',  ( 90.20000000000000284, 4.999999999999999112, 17.10000000000000142 ) ) ;
#2569 = DIRECTION ( 'NONE',  ( 0.000000000000000000, 0.000000000000000000, -1.000000000000000000 ) ) ;
#2570 = DIRECTION ( 'NONE',  ( -1.000000000000000000, -0.000000000000000000, 0.000000000000000000 ) ) ;
#2571 = LINE ( 'NONE', #2872, #4205 ) ;
#2572 = ORIENTED_EDGE ( 'NONE', *, *, #4539, .T. ) ;
#2573 = ADVANCED_FACE ( 'NONE', ( #2016 ), #315, .T. ) ;
#2574 = DIRECTION ( 'NONE',  ( -1.000000000000000000, 0.000000000000000000, 0.000000000000000000 ) ) ;
#2575 = LINE ( 'NONE', #352, #517 ) ;
#2576 = VECTOR ( 'NONE', #25, 1000.000000000000000 ) ;
#2577 = ORIENTED_EDGE ( 'NONE', *, *, #112, .F. ) ;
#2578 = EDGE_CURVE ( 'NONE', #2647, #3412, #1955, .T. ) ;
#2579 = DIRECTION ( 'NONE',  ( 1.000000000000000000, 0.000000000000000000, 0.000000000000000000 ) ) ;
#2580 = CARTESIAN_POINT ( 'NONE',  ( 84.90000000000000568, -0.4000000000000000222, -1.350000000000001865 ) ) ;
#2581 = LINE ( 'NONE', #4433, #2692 ) ;
#2582 = LINE ( 'NONE', #2123, #3924 ) ;
#2583 = EDGE_CURVE ( 'NONE', #3615, #4398, #4527, .T. ) ;
#2584 = AXIS2_PLACEMENT_3D ( 'NONE', #2037, #3640, #1647 ) ;
#2585 = DIRECTION ( 'NONE',  ( -1.000000000000000000, 0.000000000000000000, 0.000000000000000000 ) ) ;
#2586 = DIRECTION ( 'NONE',  ( 0.000000000000000000, 0.000000000000000000, 1.000000000000000000 ) ) ;
#2587 = DIRECTION ( 'NONE',  ( -0.000000000000000000, 1.000000000000000000, -0.000000000000000000 ) ) ;
#2588 = VERTEX_POINT ( 'NONE', #3846 ) ;
#2589 = EDGE_CURVE ( 'NONE', #384, #1048, #983, .T. ) ;
#2590 = CARTESIAN_POINT ( 'NONE',  ( 90.20000000000000284, 5.350000000000009415, -27.38999999999995794 ) ) ;
#2591 = CARTESIAN_POINT ( 'NONE',  ( 89.80000000000001137, 0.000000000000000000, 0.000000000000000000 ) ) ;
#2592 = CARTESIAN_POINT ( 'NONE',  ( 90.20000000000000284, -0.06645484669383969201, 15.07365852963213193 ) ) ;
#2593 = FACE_BOUND ( 'NONE', #1768, .T. ) ;
#2594 = DIRECTION ( 'NONE',  ( 0.000000000000000000, -1.000000000000000000, 0.000000000000000000 ) ) ;
#2595 = AXIS2_PLACEMENT_3D ( 'NONE', #4251, #765, #706 ) ;
#2596 = ORIENTED_EDGE ( 'NONE', *, *, #3616, .T. ) ;
#2597 = ORIENTED_EDGE ( 'NONE', *, *, #2925, .F. ) ;
#2598 = ADVANCED_FACE ( 'NONE', ( #2969 ), #83, .F. ) ;
#2599 = ADVANCED_FACE ( 'NONE', ( #4063, #2786 ), #3535, .T. ) ;
#2600 = DIRECTION ( 'NONE',  ( -1.000000000000000000, -0.000000000000000000, -0.000000000000000000 ) ) ;
#2601 = VECTOR ( 'NONE', #1050, 1000.000000000000000 ) ;
#2602 = EDGE_CURVE ( 'NONE', #2823, #664, #428, .T. ) ;
#2603 = CARTESIAN_POINT ( 'NONE',  ( 86.20000000000000284, 1.461352969518561418, 16.59097016232317756 ) ) ;
#2604 = VECTOR ( 'NONE', #2332, 1000.000000000000000 ) ;
#2605 = ORIENTED_EDGE ( 'NONE', *, *, #1796, .F. ) ;
#2606 = PLANE ( 'NONE',  #1994 ) ;
#2607 = CARTESIAN_POINT ( 'NONE',  ( 20.04926735356653467, 2.200000000000000622, 0.000000000000000000 ) ) ;
#2608 = ORIENTED_EDGE ( 'NONE', *, *, #409, .F. ) ;
#2609 = EDGE_CURVE ( 'NONE', #3172, #1923, #4880, .T. ) ;
#2610 = DIRECTION ( 'NONE',  ( 1.000000000000000000, 0.000000000000000000, 0.000000000000000000 ) ) ;
#2611 = ORIENTED_EDGE ( 'NONE', *, *, #1104, .F. ) ;
#2612 = EDGE_LOOP ( 'NONE', ( #4245, #4757, #2851, #1964 ) ) ;
#2613 = AXIS2_PLACEMENT_3D ( 'NONE', #3268, #225, #3620 ) ;
#2614 = AXIS2_PLACEMENT_3D ( 'NONE', #4906, #308, #1848 ) ;
#2615 = ORIENTED_EDGE ( 'NONE', *, *, #910, .F. ) ;
#2616 = CARTESIAN_POINT ( 'NONE',  ( 0.3999999999999837019, 12.30000000000000071, -57.79999999999999716 ) ) ;
#2617 = ORIENTED_EDGE ( 'NONE', *, *, #791, .T. ) ;
#2618 = ORIENTED_EDGE ( 'NONE', *, *, #3055, .F. ) ;
#2619 = CIRCLE ( 'NONE', #3053, 2.000000000000000000 ) ;
#2620 = ORIENTED_EDGE ( 'NONE', *, *, #4137, .T. ) ;
#2621 = CARTESIAN_POINT ( 'NONE',  ( 72.20000000000000284, 2.214203028022437181, 8.567537684654647379 ) ) ;
#2622 = ORIENTED_EDGE ( 'NONE', *, *, #3151, .T. ) ;
#2623 = DIRECTION ( 'NONE',  ( 1.000000000000000000, -0.000000000000000000, -0.000000000000000000 ) ) ;
#2624 = DIRECTION ( 'NONE',  ( 0.000000000000000000, 1.000000000000000000, 0.000000000000000000 ) ) ;
#2625 = EDGE_CURVE ( 'NONE', #4246, #3110, #196, .T. ) ;
#2626 = VECTOR ( 'NONE', #2830, 1000.000000000000000 ) ;
#2627 = ORIENTED_EDGE ( 'NONE', *, *, #1529, .T. ) ;
#2628 = CARTESIAN_POINT ( 'NONE',  ( 9.799999999999998934, 11.20000000000000284, 0.000000000000000000 ) ) ;
#2629 = EDGE_CURVE ( 'NONE', #1292, #3654, #2250, .T. ) ;
#2630 = VECTOR ( 'NONE', #157, 1000.000000000000000 ) ;
#2631 = CARTESIAN_POINT ( 'NONE',  ( 69.33333333333334281, -18.86666666666666714, -37.73333333333333428 ) ) ;
#2632 = VECTOR ( 'NONE', #4785, 1000.000000000000000 ) ;
#2633 = ORIENTED_EDGE ( 'NONE', *, *, #3656, .F. ) ;
#2634 = ADVANCED_FACE ( 'NONE', ( #3284 ), #3890, .T. ) ;
#2635 = AXIS2_PLACEMENT_3D ( 'NONE', #2789, #3592, #901 ) ;
#2636 = ADVANCED_FACE ( 'NONE', ( #4639 ), #147, .F. ) ;
#2637 = CARTESIAN_POINT ( 'NONE',  ( 20.04926735356653467, 3.200000000000000178, -10.00000000000000000 ) ) ;
#2638 = VECTOR ( 'NONE', #3695, 1000.000000000000000 ) ;
#2639 = EDGE_CURVE ( 'NONE', #1642, #1982, #1043, .T. ) ;
#2640 = DIRECTION ( 'NONE',  ( -0.000000000000000000, 0.9961946980917454342, 0.08715574274765904017 ) ) ;
#2641 = ORIENTED_EDGE ( 'NONE', *, *, #964, .F. ) ;
#2642 = CARTESIAN_POINT ( 'NONE',  ( 26.89999999999999858, -1.199999999999999956, -53.29999999999999716 ) ) ;
#2643 = LINE ( 'NONE', #258, #2298 ) ;
#2644 = ORIENTED_EDGE ( 'NONE', *, *, #128, .F. ) ;
#2645 = DIRECTION ( 'NONE',  ( -0.7071067811865474617, -0.000000000000000000, -0.7071067811865474617 ) ) ;
#2646 = LINE ( 'NONE', #442, #3818 ) ;
#2647 = VERTEX_POINT ( 'NONE', #808 ) ;
#2648 = ORIENTED_EDGE ( 'NONE', *, *, #3626, .T. ) ;
#2649 = LINE ( 'NONE', #728, #1153 ) ;
#2650 = EDGE_LOOP ( 'NONE', ( #2274, #3051, #4067, #93 ) ) ;
#2651 = EDGE_LOOP ( 'NONE', ( #3358, #2526, #1887, #720 ) ) ;
#2652 = DIRECTION ( 'NONE',  ( -1.000000000000000000, 0.000000000000000000, 0.000000000000000000 ) ) ;
#2653 = VERTEX_POINT ( 'NONE', #3495 ) ;
#2654 = CARTESIAN_POINT ( 'NONE',  ( 89.64000000000001478, -0.9599999999999997424, 10.95009091660530309 ) ) ;
#2655 =( BOUNDED_CURVE ( )  B_SPLINE_CURVE ( 3, ( #2027, #3966, #2351, #4631 ),
 .UNSPECIFIED., .F., .T. ) 
 B_SPLINE_CURVE_WITH_KNOTS ( ( 4, 4 ),
 ( 2.057530611147556421, 3.294579259596026599 ),
 .UNSPECIFIED. ) 
 CURVE ( )  GEOMETRIC_REPRESENTATION_ITEM ( )  RATIONAL_B_SPLINE_CURVE ( ( 1.000000000000000000, 0.8764899931361231911, 0.8764899931361231911, 1.000000000000000000 ) ) 
 REPRESENTATION_ITEM ( '' )  );
#2656 = DIRECTION ( 'NONE',  ( 0.000000000000000000, -5.551115123125783935E-17, 1.000000000000000000 ) ) ;
#2657 = CARTESIAN_POINT ( 'NONE',  ( 89.80000000000001137, 8.050000000000029132, -18.38999999999996149 ) ) ;
#2658 = EDGE_LOOP ( 'NONE', ( #4681, #3568 ) ) ;
#2659 = LINE ( 'NONE', #1105, #3586 ) ;
#2660 = ORIENTED_EDGE ( 'NONE', *, *, #1484, .T. ) ;
#2661 = EDGE_CURVE ( 'NONE', #3654, #3941, #4004, .T. ) ;
#2662 = DIRECTION ( 'NONE',  ( 0.000000000000000000, -1.000000000000000000, 0.000000000000000000 ) ) ;
#2663 = ORIENTED_EDGE ( 'NONE', *, *, #4730, .T. ) ;
#2664 = LINE ( 'NONE', #4594, #4009 ) ;
#2665 = CARTESIAN_POINT ( 'NONE',  ( 86.20000000000000284, 4.055178706288256940, 17.62758620689654876 ) ) ;
#2666 = ORIENTED_EDGE ( 'NONE', *, *, #2228, .T. ) ;
#2667 = EDGE_CURVE ( 'NONE', #1734, #4653, #4187, .T. ) ;
#2668 = AXIS2_PLACEMENT_3D ( 'NONE', #4334, #2832, #482 ) ;
#2669 = DIRECTION ( 'NONE',  ( 0.000000000000000000, 1.000000000000000000, 0.000000000000000000 ) ) ;
#2670 = ORIENTED_EDGE ( 'NONE', *, *, #2661, .F. ) ;
#2671 = ADVANCED_FACE ( 'NONE', ( #2130 ), #792, .T. ) ;
#2672 = EDGE_CURVE ( 'NONE', #379, #3362, #3945, .T. ) ;
#2673 = ORIENTED_EDGE ( 'NONE', *, *, #1745, .F. ) ;
#2674 = FACE_OUTER_BOUND ( 'NONE', #1521, .T. ) ;
#2675 = CARTESIAN_POINT ( 'NONE',  ( 72.20000000000000284, 7.897777478867207712, 12.27645713530754712 ) ) ;
#2676 = CARTESIAN_POINT ( 'NONE',  ( -0.000000000000000000, -1.199999999999999956, -57.00000000000000000 ) ) ;
#2677 = DIRECTION ( 'NONE',  ( 0.000000000000000000, 0.000000000000000000, -1.000000000000000000 ) ) ;
#2678 = AXIS2_PLACEMENT_3D ( 'NONE', #2004, #550, #4816 ) ;
#2679 = CYLINDRICAL_SURFACE ( 'NONE', #3119, 2.000000000000005329 ) ;
#2680 = VERTEX_POINT ( 'NONE', #2748 ) ;
#2681 = ORIENTED_EDGE ( 'NONE', *, *, #939, .F. ) ;
#2682 = AXIS2_PLACEMENT_3D ( 'NONE', #3115, #12, #2696 ) ;
#2683 = DIRECTION ( 'NONE',  ( 0.000000000000000000, 0.000000000000000000, -1.000000000000000000 ) ) ;
#2684 = DIRECTION ( 'NONE',  ( 0.000000000000000000, 0.000000000000000000, 1.000000000000000000 ) ) ;
#2685 = ORIENTED_EDGE ( 'NONE', *, *, #4324, .T. ) ;
#2686 = CARTESIAN_POINT ( 'NONE',  ( 26.89999999999999858, -1.199999999999999956, -53.29999999999999716 ) ) ;
#2687 = LINE ( 'NONE', #2829, #402 ) ;
#2688 = AXIS2_PLACEMENT_3D ( 'NONE', #4812, #3674, #186 ) ;
#2689 = CARTESIAN_POINT ( 'NONE',  ( 26.89999999999999858, -0.4000000000000000222, -4.299999999999998046 ) ) ;
#2690 = LINE ( 'NONE', #4319, #1981 ) ;
#2691 = CARTESIAN_POINT ( 'NONE',  ( 1.600000000000000089, 0.000000000000000000, -0.8000000000000000444 ) ) ;
#2692 = VECTOR ( 'NONE', #2486, 1000.000000000000000 ) ;
#2693 = EDGE_CURVE ( 'NONE', #1847, #4072, #2899, .T. ) ;
#2694 = PLANE ( 'NONE',  #4518 ) ;
#2695 = FACE_OUTER_BOUND ( 'NONE', #2612, .T. ) ;
#2696 = DIRECTION ( 'NONE',  ( 0.000000000000000000, 0.000000000000000000, -1.000000000000000000 ) ) ;
#2697 = DIRECTION ( 'NONE',  ( 1.000000000000000000, -0.000000000000000000, -0.000000000000000000 ) ) ;
#2698 = CARTESIAN_POINT ( 'NONE',  ( 72.20000000000000284, 5.000000000000002665, 13.50000000000000355 ) ) ;
#2699 = DIRECTION ( 'NONE',  ( -1.000000000000000000, 0.000000000000000000, 0.000000000000000000 ) ) ;
#2700 = ORIENTED_EDGE ( 'NONE', *, *, #464, .F. ) ;
#2701 = ADVANCED_FACE ( 'NONE', ( #4128 ), #1714, .T. ) ;
#2702 = CARTESIAN_POINT ( 'NONE',  ( 89.80000000000001137, 4.550000000000028244, -9.389999999999961489 ) ) ;
#2703 = CYLINDRICAL_SURFACE ( 'NONE', #3171, 2.949999999999994404 ) ;
#2704 = VECTOR ( 'NONE', #565, 1000.000000000000000 ) ;
#2705 = VERTEX_POINT ( 'NONE', #1971 ) ;
#2706 = DIRECTION ( 'NONE',  ( 1.000000000000000000, 0.000000000000000000, 0.000000000000000000 ) ) ;
#2707 = AXIS2_PLACEMENT_3D ( 'NONE', #666, #4863, #2574 ) ;
#2708 = DIRECTION ( 'NONE',  ( 0.000000000000000000, 0.000000000000000000, -1.000000000000000000 ) ) ;
#2709 = DIRECTION ( 'NONE',  ( -0.000000000000000000, 1.000000000000000000, -0.000000000000000000 ) ) ;
#2710 = LINE ( 'NONE', #2828, #2422 ) ;
#2711 = ORIENTED_EDGE ( 'NONE', *, *, #2174, .T. ) ;
#2712 = VERTEX_POINT ( 'NONE', #1165 ) ;
#2713 = ORIENTED_EDGE ( 'NONE', *, *, #3494, .T. ) ;
#2714 = CARTESIAN_POINT ( 'NONE',  ( 89.85624614119669218, -0.7437538588033064668, 13.02620169357858160 ) ) ;
#2715 = CIRCLE ( 'NONE', #1379, 1.400000000000012346 ) ;
#2716 = ORIENTED_EDGE ( 'NONE', *, *, #3976, .T. ) ;
#2717 = DIRECTION ( 'NONE',  ( -1.000000000000000000, -0.000000000000000000, -0.000000000000000000 ) ) ;
#2718 = CARTESIAN_POINT ( 'NONE',  ( 9.799999999999998934, 12.18700717820314949, 1.173475321565667917 ) ) ;
#2719 = VECTOR ( 'NONE', #2317, 1000.000000000000000 ) ;
#2720 = CARTESIAN_POINT ( 'NONE',  ( 26.89999999999999858, -0.4000000000000000222, -53.29999999999999716 ) ) ;
#2721 = ORIENTED_EDGE ( 'NONE', *, *, #3734, .F. ) ;
#2722 = ADVANCED_FACE ( 'NONE', ( #3089 ), #3879, .T. ) ;
#2723 = AXIS2_PLACEMENT_3D ( 'NONE', #1148, #3411, #756 ) ;
#2724 = CARTESIAN_POINT ( 'NONE',  ( 90.20000000000000284, -0.8260942488726313870, 13.62052488861915123 ) ) ;
#2725 = CYLINDRICAL_SURFACE ( 'NONE', #3015, 1.499999999999996891 ) ;
#2726 = ORIENTED_EDGE ( 'NONE', *, *, #1660, .T. ) ;
#2727 = ORIENTED_EDGE ( 'NONE', *, *, #715, .F. ) ;
#2728 = ORIENTED_EDGE ( 'NONE', *, *, #4442, .T. ) ;
#2729 = EDGE_CURVE ( 'NONE', #1223, #993, #4756, .T. ) ;
#2730 = DIRECTION ( 'NONE',  ( -1.000000000000000000, 0.000000000000000000, 0.000000000000000000 ) ) ;
#2731 = EDGE_LOOP ( 'NONE', ( #4608, #4399, #3292, #2345 ) ) ;
#2732 = PLANE ( 'NONE',  #1076 ) ;
#2733 = EDGE_LOOP ( 'NONE', ( #3955, #4884, #2763, #1715 ) ) ;
#2734 = ADVANCED_FACE ( 'NONE', ( #1209 ), #794, .F. ) ;
#2735 = ORIENTED_EDGE ( 'NONE', *, *, #356, .F. ) ;
#2736 = PLANE ( 'NONE',  #1740 ) ;
#2737 = ORIENTED_EDGE ( 'NONE', *, *, #1316, .F. ) ;
#2738 = LINE ( 'NONE', #1805, #1235 ) ;
#2739 = VERTEX_POINT ( 'NONE', #3618 ) ;
#2740 = ORIENTED_EDGE ( 'NONE', *, *, #2451, .F. ) ;
#2741 = DIRECTION ( 'NONE',  ( 1.000000000000000000, -0.000000000000000000, -0.000000000000000000 ) ) ;
#2742 = EDGE_CURVE ( 'NONE', #4246, #2429, #1583, .T. ) ;
#2743 = ORIENTED_EDGE ( 'NONE', *, *, #1026, .T. ) ;
#2744 = DIRECTION ( 'NONE',  ( 0.000000000000000000, 0.000000000000000000, -1.000000000000000000 ) ) ;
#2745 = ORIENTED_EDGE ( 'NONE', *, *, #2959, .F. ) ;
#2746 = ORIENTED_EDGE ( 'NONE', *, *, #2163, .F. ) ;
#2747 = CARTESIAN_POINT ( 'NONE',  ( 84.90000000000000568, -0.3999999999999999667, -4.299999999999998046 ) ) ;
#2748 = CARTESIAN_POINT ( 'NONE',  ( 70.20000000000000284, 4.738532771757022921, 14.48858409427523597 ) ) ;
#2749 = EDGE_CURVE ( 'NONE', #2739, #15, #1891, .T. ) ;
#2750 = CARTESIAN_POINT ( 'NONE',  ( 84.90000000000000568, -0.3999999999999999667, -2.800000000000001155 ) ) ;
#2751 = DIRECTION ( 'NONE',  ( 0.000000000000000000, 1.000000000000000000, 0.000000000000000000 ) ) ;
#2752 = EDGE_CURVE ( 'NONE', #1614, #2985, #1274, .T. ) ;
#2753 = ORIENTED_EDGE ( 'NONE', *, *, #1548, .T. ) ;
#2754 = DIRECTION ( 'NONE',  ( 0.000000000000000000, 0.000000000000000000, -1.000000000000000000 ) ) ;
#2755 = AXIS2_PLACEMENT_3D ( 'NONE', #1190, #4262, #80 ) ;
#2756 = LINE ( 'NONE', #1690, #3556 ) ;
#2757 = CARTESIAN_POINT ( 'NONE',  ( 84.22010101267767368, 5.530319048728525644, 17.41935483870967616 ) ) ;
#2758 = ADVANCED_FACE ( 'NONE', ( #4409 ), #254, .T. ) ;
#2759 = EDGE_CURVE ( 'NONE', #2547, #4388, #2197, .T. ) ;
#2760 = DIRECTION ( 'NONE',  ( -1.000000000000000000, 0.000000000000000000, 0.000000000000000000 ) ) ;
#2761 = LINE ( 'NONE', #2374, #3563 ) ;
#2762 = CARTESIAN_POINT ( 'NONE',  ( 26.89999999999999858, -1.199999999999999956, -4.299999999999998046 ) ) ;
#2763 = ORIENTED_EDGE ( 'NONE', *, *, #823, .T. ) ;
#2764 = CARTESIAN_POINT ( 'NONE',  ( 80.38999999999900581, 7.580000000000111093, -0.7999999999999999334 ) ) ;
#2765 = FACE_BOUND ( 'NONE', #2162, .T. ) ;
#2766 = DIRECTION ( 'NONE',  ( 0.6606278948918830052, -0.7507135169228800198, 0.000000000000000000 ) ) ;
#2767 = ORIENTED_EDGE ( 'NONE', *, *, #3160, .T. ) ;
#2768 = EDGE_CURVE ( 'NONE', #1888, #4435, #4813, .T. ) ;
#2769 = DIRECTION ( 'NONE',  ( 1.000000000000000000, -0.000000000000000000, -0.000000000000000000 ) ) ;
#2770 = AXIS2_PLACEMENT_3D ( 'NONE', #150, #519, #1249 ) ;
#2771 = CARTESIAN_POINT ( 'NONE',  ( 70.20000000000000284, 2.214203028022437181, 8.567537684654647379 ) ) ;
#2772 = CARTESIAN_POINT ( 'NONE',  ( 26.89999999999999858, -1.199999999999999956, -6.749999999999995559 ) ) ;
#2773 = FACE_OUTER_BOUND ( 'NONE', #822, .T. ) ;
#2774 = ORIENTED_EDGE ( 'NONE', *, *, #4408, .T. ) ;
#2775 = EDGE_CURVE ( 'NONE', #207, #2804, #2849, .T. ) ;
#2776 = CYLINDRICAL_SURFACE ( 'NONE', #703, 2.950000000000001066 ) ;
#2777 = EDGE_LOOP ( 'NONE', ( #3311, #223 ) ) ;
#2778 = DIRECTION ( 'NONE',  ( 1.000000000000000000, -0.000000000000000000, -0.000000000000000000 ) ) ;
#2779 = ADVANCED_FACE ( 'NONE', ( #1771, #846 ), #1671, .T. ) ;
#2780 = LINE ( 'NONE', #2428, #2837 ) ;
#2781 = AXIS2_PLACEMENT_3D ( 'NONE', #449, #3974, #1626 ) ;
#2782 = DIRECTION ( 'NONE',  ( -1.000000000000000000, -0.000000000000000000, -0.000000000000000000 ) ) ;
#2783 = AXIS2_PLACEMENT_3D ( 'NONE', #1300, #4820, #552 ) ;
#2784 = CARTESIAN_POINT ( 'NONE',  ( 84.90000000000000568, -1.199999999999999956, -1.849999999999986100 ) ) ;
#2785 = DIRECTION ( 'NONE',  ( 0.000000000000000000, 0.000000000000000000, -1.000000000000000000 ) ) ;
#2786 = FACE_BOUND ( 'NONE', #4103, .T. ) ;
#2787 = ORIENTED_EDGE ( 'NONE', *, *, #1694, .F. ) ;
#2788 = ORIENTED_EDGE ( 'NONE', *, *, #732, .F. ) ;
#2789 = CARTESIAN_POINT ( 'NONE',  ( 84.90000000000000568, -0.3999999999999999667, -53.29999999999999716 ) ) ;
#2790 = ORIENTED_EDGE ( 'NONE', *, *, #1095, .F. ) ;
#2791 = AXIS2_PLACEMENT_3D ( 'NONE', #924, #2843, #2077 ) ;
#2792 = DIRECTION ( 'NONE',  ( -0.000000000000000000, -1.000000000000000000, -0.000000000000000000 ) ) ;
#2793 = FACE_OUTER_BOUND ( 'NONE', #1155, .T. ) ;
#2794 = ORIENTED_EDGE ( 'NONE', *, *, #4125, .T. ) ;
#2795 = ORIENTED_EDGE ( 'NONE', *, *, #4289, .T. ) ;
#2796 = ADVANCED_FACE ( 'NONE', ( #2369 ), #3571, .F. ) ;
#2797 = CARTESIAN_POINT ( 'NONE',  ( 90.20000000000000284, 2.379766777207654727, 16.41910827962722408 ) ) ;
#2798 = CYLINDRICAL_SURFACE ( 'NONE', #751, 2.950000000000000622 ) ;
#2799 = ORIENTED_EDGE ( 'NONE', *, *, #1755, .F. ) ;
#2800 = EDGE_CURVE ( 'NONE', #1839, #3594, #4637, .T. ) ;
#2801 = DIRECTION ( 'NONE',  ( 0.000000000000000000, -1.000000000000000000, 5.551115123125781470E-17 ) ) ;
#2802 = CARTESIAN_POINT ( 'NONE',  ( 88.59999999999999432, 12.30000000000000071, -0.8000000000000000444 ) ) ;
#2803 = VERTEX_POINT ( 'NONE', #2784 ) ;
#2804 = VERTEX_POINT ( 'NONE', #501 ) ;
#2805 = CARTESIAN_POINT ( 'NONE',  ( 89.51880454385737096, -1.081195456142635791, 12.70791631506083696 ) ) ;
#2806 = ORIENTED_EDGE ( 'NONE', *, *, #4548, .T. ) ;
#2807 = ADVANCED_FACE ( 'NONE', ( #1516 ), #1203, .F. ) ;
#2808 = DIRECTION ( 'NONE',  ( 0.000000000000000000, 1.000000000000000000, 0.000000000000000000 ) ) ;
#2809 = CARTESIAN_POINT ( 'NONE',  ( 26.89999999999999858, -0.7999999999999999334, -53.29999999999999716 ) ) ;
#2810 = ORIENTED_EDGE ( 'NONE', *, *, #1854, .T. ) ;
#2811 = VECTOR ( 'NONE', #3316, 1000.000000000000000 ) ;
#2812 = ORIENTED_EDGE ( 'NONE', *, *, #3328, .T. ) ;
#2813 = CARTESIAN_POINT ( 'NONE',  ( 0.000000000000000000, 1.220000000000005747, 0.000000000000000000 ) ) ;
#2814 = AXIS2_PLACEMENT_3D ( 'NONE', #3448, #3772, #4154 ) ;
#2815 = DIRECTION ( 'NONE',  ( 0.000000000000000000, -0.000000000000000000, -1.000000000000000000 ) ) ;
#2816 = FACE_OUTER_BOUND ( 'NONE', #1608, .T. ) ;
#2817 = FACE_OUTER_BOUND ( 'NONE', #2731, .T. ) ;
#2818 = VERTEX_POINT ( 'NONE', #913 ) ;
#2819 = EDGE_CURVE ( 'NONE', #1230, #1982, #2427, .T. ) ;
#2820 = VECTOR ( 'NONE', #782, 1000.000000000000227 ) ;
#2821 = ADVANCED_FACE ( 'NONE', ( #4244 ), #3401, .F. ) ;
#2822 = LINE ( 'NONE', #606, #4028 ) ;
#2823 = VERTEX_POINT ( 'NONE', #4379 ) ;
#2824 = CARTESIAN_POINT ( 'NONE',  ( 90.20000000000000284, 1.461352969518561418, 16.59097016232317756 ) ) ;
#2825 = DIRECTION ( 'NONE',  ( 0.5773502691896257311, 0.5773502691896258421, -0.5773502691896257311 ) ) ;
#2826 = CYLINDRICAL_SURFACE ( 'NONE', #4050, 1.500000000000001332 ) ;
#2827 = AXIS2_PLACEMENT_3D ( 'NONE', #2764, #2785, #885 ) ;
#2828 = CARTESIAN_POINT ( 'NONE',  ( 63.51172018837745981, 7.436518215854267311, 1.110000000000001652 ) ) ;
#2829 = CARTESIAN_POINT ( 'NONE',  ( 0.3999999999999837019, 12.30000000000000071, -57.79999999999999716 ) ) ;
#2830 = DIRECTION ( 'NONE',  ( 0.000000000000000000, 0.000000000000000000, -1.000000000000000000 ) ) ;
#2831 = EDGE_CURVE ( 'NONE', #4342, #921, #3996, .T. ) ;
#2832 = DIRECTION ( 'NONE',  ( 0.000000000000000000, 0.000000000000000000, -1.000000000000000000 ) ) ;
#2833 = VECTOR ( 'NONE', #2587, 1000.000000000000000 ) ;
#2834 = CYLINDRICAL_SURFACE ( 'NONE', #3926, 2.950000000000000622 ) ;
#2835 = ORIENTED_EDGE ( 'NONE', *, *, #318, .T. ) ;
#2836 = CARTESIAN_POINT ( 'NONE',  ( 26.89999999999999858, -1.199999999999999956, -4.299999999999998046 ) ) ;
#2837 = VECTOR ( 'NONE', #2060, 1000.000000000000000 ) ;
#2838 = ORIENTED_EDGE ( 'NONE', *, *, #3173, .T. ) ;
#2839 = EDGE_CURVE ( 'NONE', #2515, #3273, #4692, .T. ) ;
#2840 = DIRECTION ( 'NONE',  ( 0.000000000000000000, -0.000000000000000000, 1.000000000000000000 ) ) ;
#2841 = ORIENTED_EDGE ( 'NONE', *, *, #73, .T. ) ;
#2842 = AXIS2_PLACEMENT_3D ( 'NONE', #4671, #2708, #3109 ) ;
#2843 = DIRECTION ( 'NONE',  ( 1.000000000000000000, 0.000000000000000000, 0.000000000000000000 ) ) ;
#2844 = EDGE_CURVE ( 'NONE', #260, #376, #3642, .T. ) ;
#2845 = CIRCLE ( 'NONE', #4819, 2.949999999999994404 ) ;
#2846 = ORIENTED_EDGE ( 'NONE', *, *, #643, .F. ) ;
#2847 = PRODUCT_DEFINITION ( 'UNKNOWN', '', #1107, #3442 ) ;
#2848 = CARTESIAN_POINT ( 'NONE',  ( 89.80000000000001137, 7.249999999999997335, -31.59000000000001407 ) ) ;
#2849 = LINE ( 'NONE', #3973, #673 ) ;
#2850 = ORIENTED_EDGE ( 'NONE', *, *, #1990, .F. ) ;
#2851 = ORIENTED_EDGE ( 'NONE', *, *, #2151, .F. ) ;
#2852 = CARTESIAN_POINT ( 'NONE',  ( 51.61061981932800080, 8.970000000000005969, 1.110000000000001874 ) ) ;
#2853 = ORIENTED_EDGE ( 'NONE', *, *, #4378, .T. ) ;
#2854 = AXIS2_PLACEMENT_3D ( 'NONE', #2433, #2782, #1259 ) ;
#2855 = DIRECTION ( 'NONE',  ( 1.000000000000000000, -0.000000000000000000, -0.000000000000000000 ) ) ;
#2856 = VERTEX_POINT ( 'NONE', #1326 ) ;
#2857 = EDGE_LOOP ( 'NONE', ( #1706, #758, #3227, #4597 ) ) ;
#2858 = VERTEX_POINT ( 'NONE', #4099 ) ;
#2859 = CARTESIAN_POINT ( 'NONE',  ( 89.48977600707577551, -1.110223992924244785, 10.88452779100779111 ) ) ;
#2860 = ORIENTED_EDGE ( 'NONE', *, *, #2775, .F. ) ;
#2861 = EDGE_CURVE ( 'NONE', #3412, #1614, #4349, .T. ) ;
#2862 = VECTOR ( 'NONE', #1733, 1000.000000000000000 ) ;
#2863 = ORIENTED_EDGE ( 'NONE', *, *, #3565, .T. ) ;
#2864 = CARTESIAN_POINT ( 'NONE',  ( 84.90000000000000568, -0.4000000000000000222, -50.35000000000000853 ) ) ;
#2865 = DIRECTION ( 'NONE',  ( 1.000000000000000000, -0.000000000000000000, 0.000000000000000000 ) ) ;
#2866 = VECTOR ( 'NONE', #3817, 1000.000000000000000 ) ;
#2867 = DIRECTION ( 'NONE',  ( 0.000000000000000000, -5.551115123125783935E-17, 1.000000000000000000 ) ) ;
#2868 = EDGE_CURVE ( 'NONE', #2153, #1605, #1831, .T. ) ;
#2869 = CARTESIAN_POINT ( 'NONE',  ( 24.04926735356654532, 3.200000000000000178, -0.8000000000000003775 ) ) ;
#2870 = FACE_OUTER_BOUND ( 'NONE', #3638, .T. ) ;
#2871 = CARTESIAN_POINT ( 'NONE',  ( 0.7999999999999951594, -1.199999999999999956, 0.000000000000000000 ) ) ;
#2872 = CARTESIAN_POINT ( 'NONE',  ( 88.59999999999999432, 12.30000000000000071, -0.8000000000000000444 ) ) ;
#2873 = AXIS2_PLACEMENT_3D ( 'NONE', #2802, #3537, #462 ) ;
#2874 = PLANE ( 'NONE',  #4296 ) ;
#2875 = CARTESIAN_POINT ( 'NONE',  ( 90.20000000000000284, -0.4000000000000045186, -57.40000000000001279 ) ) ;
#2876 = DIRECTION ( 'NONE',  ( 1.000000000000000000, -0.000000000000000000, -0.000000000000000000 ) ) ;
#2877 =( BOUNDED_CURVE ( )  B_SPLINE_CURVE ( 3, ( #891, #3998, #4019, #525 ),
 .UNSPECIFIED., .F., .T. ) 
 B_SPLINE_CURVE_WITH_KNOTS ( ( 4, 4 ),
 ( 0.1529866060062330113, 0.1960792443926347439 ),
 .UNSPECIFIED. ) 
 CURVE ( )  GEOMETRIC_REPRESENTATION_ITEM ( )  RATIONAL_B_SPLINE_CURVE ( ( 1.000000000000000000, 0.9998452580297148007, 0.9998452580297148007, 1.000000000000000000 ) ) 
 REPRESENTATION_ITEM ( '' )  );
#2878 = LINE ( 'NONE', #865, #950 ) ;
#2879 = VECTOR ( 'NONE', #4775, 1000.000000000000114 ) ;
#2880 = ORIENTED_EDGE ( 'NONE', *, *, #2426, .F. ) ;
#2881 = ADVANCED_FACE ( 'NONE', ( #1037 ), #1736, .F. ) ;
#2882 = FACE_OUTER_BOUND ( 'NONE', #3152, .T. ) ;
#2883 = CIRCLE ( 'NONE', #4763, 0.4000000000000010214 ) ;
#2884 = DIRECTION ( 'NONE',  ( -0.000000000000000000, -1.000000000000000000, -0.000000000000000000 ) ) ;
#2885 = CIRCLE ( 'NONE', #1495, 1.399999999999998579 ) ;
#2886 = EDGE_CURVE ( 'NONE', #869, #3589, #3343, .T. ) ;
#2887 = CIRCLE ( 'NONE', #1859, 2.999999999999999112 ) ;
#2888 = ORIENTED_EDGE ( 'NONE', *, *, #4299, .F. ) ;
#2889 = CARTESIAN_POINT ( 'NONE',  ( 86.20000000000000284, 4.116134918785789409, 17.23225806451612740 ) ) ;
#2890 = CYLINDRICAL_SURFACE ( 'NONE', #4545, 6.200000000000001066 ) ;
#2891 = VERTEX_POINT ( 'NONE', #2864 ) ;
#2892 = EDGE_CURVE ( 'NONE', #3839, #2026, #374, .T. ) ;
#2893 = CARTESIAN_POINT ( 'NONE',  ( 90.20000000000000284, -0.3809942646943811351, 14.02287548708337717 ) ) ;
#2894 = CIRCLE ( 'NONE', #2325, 2.000000000000000000 ) ;
#2895 = ORIENTED_EDGE ( 'NONE', *, *, #3339, .T. ) ;
#2896 = ORIENTED_EDGE ( 'NONE', *, *, #4636, .T. ) ;
#2897 = CARTESIAN_POINT ( 'NONE',  ( 84.90000000000000568, -0.7999999999999999334, -51.80000000000000426 ) ) ;
#2898 = FILL_AREA_STYLE ('',( #3627 ) ) ;
#2899 = LINE ( 'NONE', #2367, #1837 ) ;
#2900 = EDGE_LOOP ( 'NONE', ( #425, #2079, #214, #2790 ) ) ;
#2901 = ORIENTED_EDGE ( 'NONE', *, *, #1191, .F. ) ;
#2902 = DIRECTION ( 'NONE',  ( 0.000000000000000000, 0.000000000000000000, -1.000000000000000000 ) ) ;
#2903 = EDGE_CURVE ( 'NONE', #110, #2803, #3086, .T. ) ;
#2904 = EDGE_LOOP ( 'NONE', ( #4703, #3275, #4455, #480 ) ) ;
#2906 = DIRECTION ( 'NONE',  ( -1.000000000000000000, 0.000000000000000000, 0.000000000000000000 ) ) ;
#2905 = AXIS2_PLACEMENT_3D ( 'NONE', #1756, #2840, #4447 ) ;
#2907 = CARTESIAN_POINT ( 'NONE',  ( 80.38999999999900581, 7.580000000000111093, 0.5100000000010000978 ) ) ;
#2908 = VERTEX_POINT ( 'NONE', #2910 ) ;
#2909 = LINE ( 'NONE', #1830, #1899 ) ;
#2910 = CARTESIAN_POINT ( 'NONE',  ( 88.59999999999999432, 8.050000000000029132, -27.38999999999995794 ) ) ;
#2911 = DIRECTION ( 'NONE',  ( -1.000000000000000000, -0.000000000000000000, -0.000000000000000000 ) ) ;
#2912 = ORIENTED_EDGE ( 'NONE', *, *, #1210, .F. ) ;
#2913 = ORIENTED_EDGE ( 'NONE', *, *, #3203, .T. ) ;
#2914 = CARTESIAN_POINT ( 'NONE',  ( 84.90000000000000568, -1.199999999999999956, -4.299999999999998046 ) ) ;
#2915 = CARTESIAN_POINT ( 'NONE',  ( 90.20000000000000284, 7.250000000000007994, -27.38999999999995794 ) ) ;
#2916 = FACE_OUTER_BOUND ( 'NONE', #952, .T. ) ;
#2917 = DIRECTION ( 'NONE',  ( 0.000000000000000000, 0.000000000000000000, -1.000000000000000000 ) ) ;
#2918 = VERTEX_POINT ( 'NONE', #235 ) ;
#2919 = AXIS2_PLACEMENT_3D ( 'NONE', #1441, #1426, #4500 ) ;
#2920 = DIRECTION ( 'NONE',  ( 0.000000000000000000, 0.000000000000000000, 1.000000000000000000 ) ) ;
#2921 = ORIENTED_EDGE ( 'NONE', *, *, #1316, .T. ) ;
#2922 = VERTEX_POINT ( 'NONE', #2893 ) ;
#2923 = ORIENTED_EDGE ( 'NONE', *, *, #3968, .T. ) ;
#2924 = ORIENTED_EDGE ( 'NONE', *, *, #2264, .F. ) ;
#2925 = EDGE_CURVE ( 'NONE', #3493, #4254, #2358, .T. ) ;
#2926 = DIRECTION ( 'NONE',  ( -1.000000000000000000, 0.000000000000000000, 0.000000000000000000 ) ) ;
#2927 = LINE ( 'NONE', #832, #221 ) ;
#2928 = ORIENTED_EDGE ( 'NONE', *, *, #1646, .T. ) ;
#2929 = CARTESIAN_POINT ( 'NONE',  ( 86.20000000000000284, 11.20000000000000107, -1.347111479062087024E-16 ) ) ;
#2930 = DIRECTION ( 'NONE',  ( 0.000000000000000000, 1.000000000000000000, 0.000000000000000000 ) ) ;
#2931 = ADVANCED_FACE ( 'NONE', ( #141 ), #4586, .F. ) ;
#2932 = EDGE_CURVE ( 'NONE', #1656, #1373, #1328, .T. ) ;
#2933 = AXIS2_PLACEMENT_3D ( 'NONE', #3854, #4237, #3837 ) ;
#2934 = CIRCLE ( 'NONE', #2707, 2.000000000000005329 ) ;
#2935 = ORIENTED_EDGE ( 'NONE', *, *, #884, .F. ) ;
#2936 = CARTESIAN_POINT ( 'NONE',  ( 89.80000000000001137, 4.550000000000028244, -27.38999999999995794 ) ) ;
#2937 = EDGE_CURVE ( 'NONE', #3946, #551, #311, .T. ) ;
#2938 = PLANE ( 'NONE',  #3290 ) ;
#2939 = CARTESIAN_POINT ( 'NONE',  ( 72.20000000000000284, 4.825688514504681947, 13.49238939618349242 ) ) ;
#2940 = FACE_OUTER_BOUND ( 'NONE', #3159, .T. ) ;
#2941 = VERTEX_POINT ( 'NONE', #984 ) ;
#2942 = AXIS2_PLACEMENT_3D ( 'NONE', #119, #4701, #3960 ) ;
#2943 = FACE_OUTER_BOUND ( 'NONE', #2984, .T. ) ;
#2944 = CARTESIAN_POINT ( 'NONE',  ( 86.20000000000000284, 2.379766777207654727, 16.41910827962722408 ) ) ;
#2945 = DIRECTION ( 'NONE',  ( -0.000000000000000000, 1.000000000000000000, -0.000000000000000000 ) ) ;
#2946 = DIRECTION ( 'NONE',  ( 0.9557790087219890651, -0.2940858488373964130, 0.000000000000000000 ) ) ;
#2947 = CARTESIAN_POINT ( 'NONE',  ( 72.20000000000000284, 2.214203028022437181, 8.567537684654647379 ) ) ;
#2948 = VECTOR ( 'NONE', #2219, 1000.000000000000000 ) ;
#2949 = AXIS2_PLACEMENT_3D ( 'NONE', #4792, #560, #2506 ) ;
#2950 = ADVANCED_FACE ( 'NONE', ( #14, #3462 ), #3285, .T. ) ;
#2951 = DIRECTION ( 'NONE',  ( 0.000000000000000000, 0.000000000000000000, -1.000000000000000000 ) ) ;
#2952 = DIRECTION ( 'NONE',  ( -1.000000000000000000, 0.000000000000000000, 0.000000000000000000 ) ) ;
#2953 = VECTOR ( 'NONE', #2766, 1000.000000000000000 ) ;
#2954 = DIRECTION ( 'NONE',  ( 0.000000000000000000, -0.09584575252021718117, 0.9953961983671794078 ) ) ;
#2955 = FACE_OUTER_BOUND ( 'NONE', #608, .T. ) ;
#2956 = VERTEX_POINT ( 'NONE', #2509 ) ;
#2957 = ORIENTED_EDGE ( 'NONE', *, *, #4661, .T. ) ;
#2958 = CARTESIAN_POINT ( 'NONE',  ( 72.20000000000000284, 2.214203028022437181, 8.567537684654647379 ) ) ;
#2959 = EDGE_CURVE ( 'NONE', #908, #4645, #4523, .T. ) ;
#2960 = VECTOR ( 'NONE', #2778, 1000.000000000000000 ) ;
#2961 = ORIENTED_EDGE ( 'NONE', *, *, #2258, .F. ) ;
#2962 = CARTESIAN_POINT ( 'NONE',  ( 84.90000000000000568, 0.000000000000000000, -4.299999999999998046 ) ) ;
#2963 = ORIENTED_EDGE ( 'NONE', *, *, #1345, .T. ) ;
#2964 = DIRECTION ( 'NONE',  ( 0.000000000000000000, 0.000000000000000000, 1.000000000000000000 ) ) ;
#2965 = VECTOR ( 'NONE', #3001, 1000.000000000000000 ) ;
#2966 = EDGE_LOOP ( 'NONE', ( #4049, #3443, #2104, #3118 ) ) ;
#2967 = CARTESIAN_POINT ( 'NONE',  ( 0.7999999999999951594, -1.199999999999999956, 0.000000000000000000 ) ) ;
#2968 = VERTEX_POINT ( 'NONE', #2231 ) ;
#2969 = FACE_OUTER_BOUND ( 'NONE', #1062, .T. ) ;
#2970 = CARTESIAN_POINT ( 'NONE',  ( 88.59999999999999432, 8.050000000000029132, -32.38999999999995794 ) ) ;
#2971 = CARTESIAN_POINT ( 'NONE',  ( 89.80000000000001137, 8.050000000000029132, -27.38999999999995794 ) ) ;
#2972 = PLANE ( 'NONE',  #4331 ) ;
#2973 = DIRECTION ( 'NONE',  ( -1.000000000000000000, 0.000000000000000000, 0.000000000000000000 ) ) ;
#2974 = CARTESIAN_POINT ( 'NONE',  ( 26.89999999999999858, -1.199999999999999956, -50.85000000000000142 ) ) ;
#2975 = ORIENTED_EDGE ( 'NONE', *, *, #131, .F. ) ;
#2976 = AXIS2_PLACEMENT_3D ( 'NONE', #3948, #1211, #3201 ) ;
#2977 = DIRECTION ( 'NONE',  ( -1.000000000000000000, 0.000000000000000000, 0.000000000000000000 ) ) ;
#2978 = ORIENTED_EDGE ( 'NONE', *, *, #1552, .T. ) ;
#2979 = CARTESIAN_POINT ( 'NONE',  ( 89.51880454385737096, -1.081195456142635791, 12.70791631506083696 ) ) ;
#2980 = AXIS2_PLACEMENT_3D ( 'NONE', #2914, #2117, #3664 ) ;
#2981 = DIRECTION ( 'NONE',  ( 0.000000000000000000, 0.000000000000000000, 1.000000000000000000 ) ) ;
#2982 = VECTOR ( 'NONE', #3843, 1000.000000000000000 ) ;
#2983 = EDGE_LOOP ( 'NONE', ( #3835, #4769, #2080, #1803 ) ) ;
#2984 = EDGE_LOOP ( 'NONE', ( #3092, #2896, #4305, #738 ) ) ;
#2985 = VERTEX_POINT ( 'NONE', #2216 ) ;
#2986 = ORIENTED_EDGE ( 'NONE', *, *, #409, .T. ) ;
#2987 = DIRECTION ( 'NONE',  ( 0.000000000000000000, 0.000000000000000000, -1.000000000000000000 ) ) ;
#2988 = ORIENTED_EDGE ( 'NONE', *, *, #2398, .T. ) ;
#2989 = ORIENTED_EDGE ( 'NONE', *, *, #2749, .T. ) ;
#2990 = DIRECTION ( 'NONE',  ( -1.000000000000000000, -0.000000000000000000, -0.000000000000000000 ) ) ;
#2991 = ORIENTED_EDGE ( 'NONE', *, *, #1070, .T. ) ;
#2992 = CARTESIAN_POINT ( 'NONE',  ( 86.20000000000000284, -0.08426094190888000490, 14.29110921939286172 ) ) ;
#2993 = AXIS2_PLACEMENT_3D ( 'NONE', #1471, #1867, #4191 ) ;
#2994 = CARTESIAN_POINT ( 'NONE',  ( 86.20000000000000284, 5.883865081214208814, 17.23225806451612740 ) ) ;
#2995 = EDGE_LOOP ( 'NONE', ( #2420, #4076, #4031, #2727 ) ) ;
#2996 = CARTESIAN_POINT ( 'NONE',  ( 63.04549802414191362, 7.579971189465135595, -0.8000000000000000444 ) ) ;
#2997 = LINE ( 'NONE', #491, #4553 ) ;
#2998 = EDGE_CURVE ( 'NONE', #597, #988, #2845, .T. ) ;
#2999 = DIRECTION ( 'NONE',  ( 0.000000000000000000, -1.000000000000000000, 0.000000000000000000 ) ) ;
#3000 = EDGE_CURVE ( 'NONE', #1090, #745, #4754, .T. ) ;
#3001 = DIRECTION ( 'NONE',  ( 0.000000000000000000, -5.551115123125783935E-17, 1.000000000000000000 ) ) ;
#3002 = VECTOR ( 'NONE', #222, 1000.000000000000000 ) ;
#3003 = ORIENTED_EDGE ( 'NONE', *, *, #2517, .F. ) ;
#3004 =( LENGTH_UNIT ( ) NAMED_UNIT ( * ) SI_UNIT ( .MILLI., .METRE. ) );
#3005 = ORIENTED_EDGE ( 'NONE', *, *, #3444, .F. ) ;
#3006 = EDGE_CURVE ( 'NONE', #907, #1973, #723, .T. ) ;
#3007 = CARTESIAN_POINT ( 'NONE',  ( 88.59999999999999432, 4.550000000000028244, -18.38999999999996149 ) ) ;
#3008 = FACE_OUTER_BOUND ( 'NONE', #4157, .T. ) ;
#3009 = CARTESIAN_POINT ( 'NONE',  ( 74.01000000000199464, 4.100000000000011191, 0.5100000000009999868 ) ) ;
#3010 = CIRCLE ( 'NONE', #3070, 1.880000000000006555 ) ;
#3011 = CARTESIAN_POINT ( 'NONE',  ( 64.50000000000000000, 2.620000000000007212, 0.000000000000000000 ) ) ;
#3012 = DIRECTION ( 'NONE',  ( 1.000000000000000000, 0.000000000000000000, 0.000000000000000000 ) ) ;
#3013 = FACE_OUTER_BOUND ( 'NONE', #1329, .T. ) ;
#3014 = VECTOR ( 'NONE', #1527, 1000.000000000000000 ) ;
#3015 = AXIS2_PLACEMENT_3D ( 'NONE', #2193, #4857, #3324 ) ;
#3016 = CYLINDRICAL_SURFACE ( 'NONE', #116, 0.4000000000000010214 ) ;
#3017 = CIRCLE ( 'NONE', #3956, 1.500000000000001332 ) ;
#3018 = ORIENTED_EDGE ( 'NONE', *, *, #2752, .T. ) ;
#3019 = DIRECTION ( 'NONE',  ( 0.000000000000000000, 0.000000000000000000, 1.000000000000000000 ) ) ;
#3020 = DIRECTION ( 'NONE',  ( 0.000000000000000000, 0.000000000000000000, 1.000000000000000000 ) ) ;
#3021 = DIRECTION ( 'NONE',  ( -1.000000000000000000, -0.000000000000000000, -0.000000000000000000 ) ) ;
#3022 = VECTOR ( 'NONE', #417, 1000.000000000000000 ) ;
#3023 = VERTEX_POINT ( 'NONE', #4902 ) ;
#3024 = ORIENTED_EDGE ( 'NONE', *, *, #910, .T. ) ;
#3025 = EDGE_LOOP ( 'NONE', ( #3142, #3522, #1579, #2446 ) ) ;
#3026 = VERTEX_POINT ( 'NONE', #652 ) ;
#3027 = EDGE_CURVE ( 'NONE', #4841, #593, #4461, .T. ) ;
#3028 = CARTESIAN_POINT ( 'NONE',  ( 89.80000000000001137, 4.550000000000028244, -32.38999999999995794 ) ) ;
#3029 = VECTOR ( 'NONE', #2272, 1000.000000000000227 ) ;
#3030 = ORIENTED_EDGE ( 'NONE', *, *, #440, .F. ) ;
#3031 = CARTESIAN_POINT ( 'NONE',  ( 0.000000000000000000, 12.30000000000000071, 0.000000000000000000 ) ) ;
#3032 = CARTESIAN_POINT ( 'NONE',  ( 82.26999999999900126, 5.980000000000111449, -0.7999999999999999334 ) ) ;
#3033 = EDGE_CURVE ( 'NONE', #3288, #193, #4239, .T. ) ;
#3034 = ORIENTED_EDGE ( 'NONE', *, *, #3090, .F. ) ;
#3035 = AXIS2_PLACEMENT_3D ( 'NONE', #2689, #2669, #1915 ) ;
#3036 = DIRECTION ( 'NONE',  ( 0.000000000000000000, -1.000000000000000000, 0.000000000000000000 ) ) ;
#3037 = EDGE_CURVE ( 'NONE', #4254, #875, #289, .T. ) ;
#3038 = LINE ( 'NONE', #3425, #2139 ) ;
#3039 = CARTESIAN_POINT ( 'NONE',  ( 84.90000000000000568, -1.199999999999999956, -53.29999999999999716 ) ) ;
#3040 = ORIENTED_EDGE ( 'NONE', *, *, #4112, .T. ) ;
#3041 = DIRECTION ( 'NONE',  ( 0.000000000000000000, -5.551115123125783935E-17, 1.000000000000000000 ) ) ;
#3042 = ORIENTED_EDGE ( 'NONE', *, *, #2892, .T. ) ;
#3043 = CARTESIAN_POINT ( 'NONE',  ( 86.20000000000000284, 1.656900085182863913, 16.23958679206844735 ) ) ;
#3044 = ORIENTED_EDGE ( 'NONE', *, *, #3099, .F. ) ;
#3045 = AXIS2_PLACEMENT_3D ( 'NONE', #166, #3304, #1312 ) ;
#3046 = AXIS2_PLACEMENT_3D ( 'NONE', #1341, #327, #2254 ) ;
#3047 = DIRECTION ( 'NONE',  ( 0.000000000000000000, 1.000000000000000000, 0.000000000000000000 ) ) ;
#3048 = ORIENTED_EDGE ( 'NONE', *, *, #1147, .T. ) ;
#3049 = CYLINDRICAL_SURFACE ( 'NONE', #2919, 2.000000000000000000 ) ;
#3050 = CYLINDRICAL_SURFACE ( 'NONE', #1239, 1.499999999999994449 ) ;
#3051 = ORIENTED_EDGE ( 'NONE', *, *, #2071, .T. ) ;
#3052 = CARTESIAN_POINT ( 'NONE',  ( 84.90000000000000568, -0.7999999999999999334, -53.29999999999999716 ) ) ;
#3053 = AXIS2_PLACEMENT_3D ( 'NONE', #3176, #879, #4375 ) ;
#3054 = EDGE_LOOP ( 'NONE', ( #211, #1889, #814, #3057 ) ) ;
#3055 = EDGE_CURVE ( 'NONE', #1513, #4705, #485, .T. ) ;
#3056 = CARTESIAN_POINT ( 'NONE',  ( 86.20000000000000284, 4.116134918785789409, 17.23225806451612740 ) ) ;
#3057 = ORIENTED_EDGE ( 'NONE', *, *, #791, .F. ) ;
#3058 = DIRECTION ( 'NONE',  ( 0.000000000000000000, 2.658044035770913689E-15, 1.000000000000000000 ) ) ;
#3059 = EDGE_CURVE ( 'NONE', #4369, #262, #2483, .T. ) ;
#3060 = CARTESIAN_POINT ( 'NONE',  ( 90.20000000000000284, 7.249999999999998224, 2.803313137178520659E-16 ) ) ;
#3061 = FACE_OUTER_BOUND ( 'NONE', #510, .T. ) ;
#3062 = LINE ( 'NONE', #1296, #578 ) ;
#3063 = VERTEX_POINT ( 'NONE', #2607 ) ;
#3064 = DIRECTION ( 'NONE',  ( -0.000000000000000000, 1.000000000000000000, -0.000000000000000000 ) ) ;
#3065 = CARTESIAN_POINT ( 'NONE',  ( 84.90000000000000568, -0.7999999999999999334, -55.75000000000000000 ) ) ;
#3066 = LINE ( 'NONE', #4309, #57 ) ;
#3067 = VECTOR ( 'NONE', #764, 1000.000000000000000 ) ;
#3068 = DIRECTION ( 'NONE',  ( 0.000000000000000000, -0.2588190451025159100, 0.9659258262890696445 ) ) ;
#3069 = VERTEX_POINT ( 'NONE', #271 ) ;
#3070 = AXIS2_PLACEMENT_3D ( 'NONE', #3341, #641, #2952 ) ;
#3071 = CARTESIAN_POINT ( 'NONE',  ( 84.90000000000000568, -1.199999999999999956, -53.29999999999999716 ) ) ;
#3072 = EDGE_CURVE ( 'NONE', #1969, #2033, #4403, .T. ) ;
#3073 = DIRECTION ( 'NONE',  ( 1.000000000000000000, -0.000000000000000000, -0.000000000000000000 ) ) ;
#3074 = CIRCLE ( 'NONE', #3312, 2.950000000000000622 ) ;
#3075 = VECTOR ( 'NONE', #3270, 1000.000000000000000 ) ;
#3076 = CARTESIAN_POINT ( 'NONE',  ( 89.80000000000001137, 8.050000000000029132, -9.389999999999961489 ) ) ;
#3077 = VECTOR ( 'NONE', #1297, 1000.000000000000000 ) ;
#3078 = ORIENTED_EDGE ( 'NONE', *, *, #3229, .T. ) ;
#3079 = VERTEX_POINT ( 'NONE', #2621 ) ;
#3080 = CARTESIAN_POINT ( 'NONE',  ( 70.20000000000000284, 5.000000000000000000, 11.50000000000000000 ) ) ;
#3081 = CARTESIAN_POINT ( 'NONE',  ( 5.799999999999999822, -1.200000000000000178, -1.242638296370980028E-15 ) ) ;
#3082 = CIRCLE ( 'NONE', #109, 6.200000000000001066 ) ;
#3083 = ORIENTED_EDGE ( 'NONE', *, *, #1454, .F. ) ;
#3084 = ORIENTED_EDGE ( 'NONE', *, *, #3617, .T. ) ;
#3085 = AXIS2_PLACEMENT_3D ( 'NONE', #4475, #2990, #1054 ) ;
#3086 = CIRCLE ( 'NONE', #3891, 2.450000000000012168 ) ;
#3087 = VERTEX_POINT ( 'NONE', #2187 ) ;
#3088 = DIRECTION ( 'NONE',  ( -0.000000000000000000, 1.000000000000000000, -0.000000000000000000 ) ) ;
#3089 = FACE_OUTER_BOUND ( 'NONE', #4781, .T. ) ;
#3090 = EDGE_CURVE ( 'NONE', #4407, #3892, #4120, .T. ) ;
#3091 = PLANE ( 'NONE',  #4956 ) ;
#3092 = ORIENTED_EDGE ( 'NONE', *, *, #4201, .F. ) ;
#3093 = FACE_OUTER_BOUND ( 'NONE', #994, .T. ) ;
#3094 = ORIENTED_EDGE ( 'NONE', *, *, #2426, .T. ) ;
#3095 = ORIENTED_EDGE ( 'NONE', *, *, #4501, .T. ) ;
#3096 = ORIENTED_EDGE ( 'NONE', *, *, #2667, .T. ) ;
#3097 = CARTESIAN_POINT ( 'NONE',  ( 89.68064516129032882, -0.9193548387096766028, 12.03031904872852920 ) ) ;
#3098 = DIRECTION ( 'NONE',  ( 0.000000000000000000, 0.000000000000000000, 1.000000000000000000 ) ) ;
#3099 = EDGE_CURVE ( 'NONE', #2804, #3362, #3766, .T. ) ;
#3100 = ORIENTED_EDGE ( 'NONE', *, *, #4068, .F. ) ;
#3101 = AXIS2_PLACEMENT_3D ( 'NONE', #3761, #3776, #671 ) ;
#3102 = CIRCLE ( 'NONE', #4621, 6.200000000000001066 ) ;
#3103 = EDGE_CURVE ( 'NONE', #4814, #2739, #3582, .T. ) ;
#3104 = ORIENTED_EDGE ( 'NONE', *, *, #440, .T. ) ;
#3105 = VECTOR ( 'NONE', #1676, 999.9999999999998863 ) ;
#3106 = ORIENTED_EDGE ( 'NONE', *, *, #1059, .F. ) ;
#3107 = DIRECTION ( 'NONE',  ( 1.000000000000000000, -0.000000000000000000, -0.000000000000000000 ) ) ;
#3108 = ORIENTED_EDGE ( 'NONE', *, *, #3090, .T. ) ;
#3109 = DIRECTION ( 'NONE',  ( -1.000000000000000000, 0.000000000000000000, 0.000000000000000000 ) ) ;
#3110 = VERTEX_POINT ( 'NONE', #4255 ) ;
#3111 = DIRECTION ( 'NONE',  ( 1.000000000000000000, 0.000000000000000000, 0.000000000000000000 ) ) ;
#3112 = ORIENTED_EDGE ( 'NONE', *, *, #3898, .T. ) ;
#3113 = ORIENTED_EDGE ( 'NONE', *, *, #2625, .F. ) ;
#3114 = EDGE_CURVE ( 'NONE', #2128, #3615, #2715, .T. ) ;
#3115 = CARTESIAN_POINT ( 'NONE',  ( 70.20000000000000284, 5.000000000000002665, 11.50000000000000355 ) ) ;
#3116 = CARTESIAN_POINT ( 'NONE',  ( 26.89999999999999858, 0.000000000000000000, -53.29999999999999716 ) ) ;
#3117 = DIRECTION ( 'NONE',  ( 0.000000000000000000, 0.000000000000000000, 1.000000000000000000 ) ) ;
#3118 = ORIENTED_EDGE ( 'NONE', *, *, #1213, .F. ) ;
#3119 = AXIS2_PLACEMENT_3D ( 'NONE', #3708, #3300, #1746 ) ;
#3120 = DIRECTION ( 'NONE',  ( 0.000000000000000000, -1.000000000000000000, 0.000000000000000000 ) ) ;
#3121 = VECTOR ( 'NONE', #85, 1000.000000000000000 ) ;
#3122 = CARTESIAN_POINT ( 'NONE',  ( 0.000000000000000000, 12.30000000000000071, 0.000000000000000000 ) ) ;
#3123 = CIRCLE ( 'NONE', #2366, 1.499999999999996891 ) ;
#3124 = DIRECTION ( 'NONE',  ( -0.000000000000000000, -1.000000000000000000, -0.000000000000000000 ) ) ;
#3125 = ORIENTED_EDGE ( 'NONE', *, *, #4413, .T. ) ;
#3126 = EDGE_CURVE ( 'NONE', #1113, #2476, #1650, .T. ) ;
#3127 = FACE_OUTER_BOUND ( 'NONE', #187, .T. ) ;
#3128 = CYLINDRICAL_SURFACE ( 'NONE', #4928, 0.3999999999999993006 ) ;
#3129 = DIRECTION ( 'NONE',  ( -0.000000000000000000, 0.000000000000000000, 1.000000000000000000 ) ) ;
#3130 =( BOUNDED_CURVE ( )  B_SPLINE_CURVE ( 3, ( #2979, #4152, #1058, #4878 ),
 .UNSPECIFIED., .F., .T. ) 
 B_SPLINE_CURVE_WITH_KNOTS ( ( 4, 4 ),
 ( 0.1960792443926361317, 1.433127892841103534 ),
 .UNSPECIFIED. ) 
 CURVE ( )  GEOMETRIC_REPRESENTATION_ITEM ( )  RATIONAL_B_SPLINE_CURVE ( ( 1.000000000000000000, 0.8764899931361238572, 0.8764899931361238572, 1.000000000000000000 ) ) 
 REPRESENTATION_ITEM ( '' )  );
#3131 = CARTESIAN_POINT ( 'NONE',  ( 88.59999999999999432, 4.550000000000028244, -14.38999999999996326 ) ) ;
#3132 = LINE ( 'NONE', #2549, #2110 ) ;
#3133 = EDGE_CURVE ( 'NONE', #4825, #2393, #541, .T. ) ;
#3134 = CIRCLE ( 'NONE', #2044, 0.6999999999999992895 ) ;
#3135 = ORIENTED_EDGE ( 'NONE', *, *, #3055, .T. ) ;
#3136 = AXIS2_PLACEMENT_3D ( 'NONE', #2218, #2565, #4867 ) ;
#3137 = CARTESIAN_POINT ( 'NONE',  ( 89.80000000000001137, 5.350000000000009415, -23.38999999999996149 ) ) ;
#3138 = DIRECTION ( 'NONE',  ( -1.000000000000000000, -0.000000000000000000, 0.000000000000000000 ) ) ;
#3139 = AXIS2_PLACEMENT_3D ( 'NONE', #602, #2171, #3388 ) ;
#3140 = DIRECTION ( 'NONE',  ( 0.000000000000000000, 0.000000000000000000, 1.000000000000000000 ) ) ;
#3141 = LINE ( 'NONE', #3076, #4572 ) ;
#3142 = ORIENTED_EDGE ( 'NONE', *, *, #4501, .F. ) ;
#3143 = CARTESIAN_POINT ( 'NONE',  ( 90.20000000000000284, 4.116134918785789409, 17.63225806451612954 ) ) ;
#3144 = FACE_OUTER_BOUND ( 'NONE', #2309, .T. ) ;
#3145 = EDGE_LOOP ( 'NONE', ( #453, #4938, #1469, #3979, #478, #1817, #2370, #2120, #3663, #1006, #4593, #585, #3042, #149, #1539, #3881, #1956, #3498, #650, #2685, #4940, #213, #269, #447, #490, #4452, #691, #3106 ) ) ;
#3146 = CARTESIAN_POINT ( 'NONE',  ( 86.20000000000000284, 5.944821293711741284, 17.62758620689655231 ) ) ;
#3147 = ORIENTED_EDGE ( 'NONE', *, *, #4613, .T. ) ;
#3148 = CARTESIAN_POINT ( 'NONE',  ( 90.20000000000000284, 4.999999999999999112, 17.69999999999999929 ) ) ;
#3149 = LINE ( 'NONE', #4925, #1098 ) ;
#3150 = ORIENTED_EDGE ( 'NONE', *, *, #1164, .T. ) ;
#3151 = EDGE_CURVE ( 'NONE', #337, #1048, #2649, .T. ) ;
#3152 = EDGE_LOOP ( 'NONE', ( #502, #2484, #3100, #3528, #3147, #1434, #2355, #3688, #1132, #1696, #4886, #4117, #842, #297, #3244, #360, #162, #1975, #2740, #3730, #170, #1871, #2795, #3601, #3905, #471, #2572, #4142, #4955, #2746, #2721, #4423 ) ) ;
#3153 = PLANE ( 'NONE',  #4333 ) ;
#3154 = ORIENTED_EDGE ( 'NONE', *, *, #2174, .F. ) ;
#3155 = DIRECTION ( 'NONE',  ( 0.000000000000000000, 0.000000000000000000, 1.000000000000000000 ) ) ;
#3156 = DIRECTION ( 'NONE',  ( 0.000000000000000000, 0.000000000000000000, -1.000000000000000000 ) ) ;
#3157 = ORIENTED_EDGE ( 'NONE', *, *, #4942, .T. ) ;
#3158 = CARTESIAN_POINT ( 'NONE',  ( 90.20000000000000284, 4.999999999999999112, 17.69999999999999929 ) ) ;
#3159 = EDGE_LOOP ( 'NONE', ( #1294, #1295, #3717, #1729 ) ) ;
#3160 = EDGE_CURVE ( 'NONE', #2803, #110, #2245, .T. ) ;
#3161 = ORIENTED_EDGE ( 'NONE', *, *, #4343, .F. ) ;
#3162 = ADVANCED_FACE ( 'NONE', ( #252 ), #1550, .F. ) ;
#3163 = CARTESIAN_POINT ( 'NONE',  ( 59.60000000000000142, -31.00000000000000000, -27.20000000000000995 ) ) ;
#3164 = ORIENTED_EDGE ( 'NONE', *, *, #4598, .F. ) ;
#3165 = CARTESIAN_POINT ( 'NONE',  ( 64.49999999999997158, 6.098427603645005135, -0.7999999999999999334 ) ) ;
#3166 = ORIENTED_EDGE ( 'NONE', *, *, #1623, .T. ) ;
#3167 = ORIENTED_EDGE ( 'NONE', *, *, #3722, .T. ) ;
#3168 = DIRECTION ( 'NONE',  ( 1.000000000000000000, 0.000000000000000000, 0.000000000000000000 ) ) ;
#3169 = CIRCLE ( 'NONE', #2827, 1.880000000000006555 ) ;
#3170 = CYLINDRICAL_SURFACE ( 'NONE', #3836, 1.499999999999994449 ) ;
#3171 = AXIS2_PLACEMENT_3D ( 'NONE', #3964, #1989, #1630 ) ;
#3172 = VERTEX_POINT ( 'NONE', #2266 ) ;
#3173 = EDGE_CURVE ( 'NONE', #339, #3540, #2067, .T. ) ;
#3174 = CARTESIAN_POINT ( 'NONE',  ( 0.000000000000000000, -0.000000000000000000, -56.60000000000000853 ) ) ;
#3175 = VERTEX_POINT ( 'NONE', #2284 ) ;
#3176 = CARTESIAN_POINT ( 'NONE',  ( 72.20000000000000284, 5.000000000000002665, 11.50000000000000355 ) ) ;
#3177 = ORIENTED_EDGE ( 'NONE', *, *, #1029, .T. ) ;
#3178 = ORIENTED_EDGE ( 'NONE', *, *, #645, .T. ) ;
#3179 = DIRECTION ( 'NONE',  ( -0.000000000000000000, 1.000000000000000000, -0.000000000000000000 ) ) ;
#3180 = DIRECTION ( 'NONE',  ( 0.000000000000000000, -0.000000000000000000, 1.000000000000000000 ) ) ;
#3181 = DIRECTION ( 'NONE',  ( 0.000000000000000000, 0.000000000000000000, 1.000000000000000000 ) ) ;
#3182 = CARTESIAN_POINT ( 'NONE',  ( 84.90000000000000568, -0.7999999999999999334, -1.849999999999986100 ) ) ;
#3183 = LINE ( 'NONE', #540, #1682 ) ;
#3184 = FACE_OUTER_BOUND ( 'NONE', #3785, .T. ) ;
#3185 = CARTESIAN_POINT ( 'NONE',  ( 72.20000000000000284, 5.000000000000002665, 11.50000000000000355 ) ) ;
#3186 = CARTESIAN_POINT ( 'NONE',  ( 0.000000000000000000, 5.000000000000000000, 9.500000000000000000 ) ) ;
#3187 = CIRCLE ( 'NONE', #2534, 1.399999999999977707 ) ;
#3188 = VECTOR ( 'NONE', #726, 1000.000000000000000 ) ;
#3189 = CARTESIAN_POINT ( 'NONE',  ( 0.3999999999999837019, -0.4000000000000045186, -57.79999999999999716 ) ) ;
#3190 = ADVANCED_FACE ( 'NONE', ( #607 ), #4953, .F. ) ;
#3191 = LINE ( 'NONE', #4674, #2166 ) ;
#3192 = ORIENTED_EDGE ( 'NONE', *, *, #4442, .F. ) ;
#3193 = DIRECTION ( 'NONE',  ( 0.000000000000000000, 0.000000000000000000, 1.000000000000000000 ) ) ;
#3194 = CARTESIAN_POINT ( 'NONE',  ( 84.90000000000000568, -0.7999999999999999334, -4.299999999999998046 ) ) ;
#3195 = EDGE_CURVE ( 'NONE', #1541, #1476, #916, .T. ) ;
#3196 = CARTESIAN_POINT ( 'NONE',  ( 26.89999999999999858, -0.4000000000000000222, -4.299999999999998046 ) ) ;
#3197 = CIRCLE ( 'NONE', #204, 2.450000000000000622 ) ;
#3198 = DIRECTION ( 'NONE',  ( 1.000000000000000000, 0.000000000000000000, 0.000000000000000000 ) ) ;
#3199 = CARTESIAN_POINT ( 'NONE',  ( 49.70000000000000284, 1.219999999999996421, -0.8000000000000001554 ) ) ;
#3200 = CIRCLE ( 'NONE', #2017, 0.4000000000000010214 ) ;
#3201 = DIRECTION ( 'NONE',  ( -0.000000000000000000, -1.000000000000000000, 0.000000000000000000 ) ) ;
#3202 = ORIENTED_EDGE ( 'NONE', *, *, #4679, .F. ) ;
#3203 = EDGE_CURVE ( 'NONE', #620, #4440, #3885, .T. ) ;
#3204 = CARTESIAN_POINT ( 'NONE',  ( 88.59999999999999432, 4.550000000000028244, -18.38999999999996149 ) ) ;
#3205 = ADVANCED_FACE ( 'NONE', ( #1948 ), #709, .F. ) ;
#3206 = CIRCLE ( 'NONE', #4694, 2.450000000000000622 ) ;
#3207 = EDGE_CURVE ( 'NONE', #2712, #4484, #4181, .T. ) ;
#3208 = ORIENTED_EDGE ( 'NONE', *, *, #27, .F. ) ;
#3209 = ORIENTED_EDGE ( 'NONE', *, *, #2102, .F. ) ;
#3210 = PLANE ( 'NONE',  #1004 ) ;
#3211 = LINE ( 'NONE', #4297, #2960 ) ;
#3212 = AXIS2_PLACEMENT_3D ( 'NONE', #4392, #2911, #1699 ) ;
#3213 = CARTESIAN_POINT ( 'NONE',  ( 90.20000000000000284, 1.940603323126152135, 16.57400694904803728 ) ) ;
#3214 = ORIENTED_EDGE ( 'NONE', *, *, #2602, .T. ) ;
#3215 = ORIENTED_EDGE ( 'NONE', *, *, #3394, .F. ) ;
#3216 = CARTESIAN_POINT ( 'NONE',  ( 86.20000000000000284, -0.6888602654237568901, 12.62998623021820066 ) ) ;
#3217 = DIRECTION ( 'NONE',  ( 1.000000000000000000, -0.000000000000000000, -0.000000000000000000 ) ) ;
#3218 = CARTESIAN_POINT ( 'NONE',  ( 80.38999999999900581, 5.980000000000111449, 0.000000000000000000 ) ) ;
#3219 = VECTOR ( 'NONE', #3368, 1000.000000000000000 ) ;
#3220 = ORIENTED_EDGE ( 'NONE', *, *, #1308, .T. ) ;
#3221 = VERTEX_POINT ( 'NONE', #4217 ) ;
#3222 = ADVANCED_FACE ( 'NONE', ( #3144 ), #3466, .T. ) ;
#3223 = ORIENTED_EDGE ( 'NONE', *, *, #4316, .F. ) ;
#3224 = AXIS2_PLACEMENT_3D ( 'NONE', #3400, #1464, #2964 ) ;
#3225 = ORIENTED_EDGE ( 'NONE', *, *, #3896, .T. ) ;
#3226 = DIRECTION ( 'NONE',  ( -1.000000000000000000, 0.000000000000000000, 0.000000000000000000 ) ) ;
#3227 = ORIENTED_EDGE ( 'NONE', *, *, #894, .F. ) ;
#3228 = ORIENTED_EDGE ( 'NONE', *, *, #2133, .F. ) ;
#3229 = EDGE_CURVE ( 'NONE', #329, #2321, #4807, .T. ) ;
#3230 = EDGE_LOOP ( 'NONE', ( #622, #1987, #368, #3503 ) ) ;
#3231 = ORIENTED_EDGE ( 'NONE', *, *, #2844, .F. ) ;
#3232 = ADVANCED_FACE ( 'NONE', ( #4933 ), #4277, .F. ) ;
#3233 = CIRCLE ( 'NONE', #2155, 2.450000000000000622 ) ;
#3234 = EDGE_LOOP ( 'NONE', ( #3678, #3655, #228, #1110 ) ) ;
#3235 = CARTESIAN_POINT ( 'NONE',  ( 84.90000000000000568, 0.000000000000000000, -4.299999999999998046 ) ) ;
#3236 = ORIENTED_EDGE ( 'NONE', *, *, #2354, .T. ) ;
#3237 = DIRECTION ( 'NONE',  ( 0.000000000000000000, 0.000000000000000000, -1.000000000000000000 ) ) ;
#3238 = DIRECTION ( 'NONE',  ( -1.000000000000000000, 0.000000000000000000, 0.000000000000000000 ) ) ;
#3239 = ORIENTED_EDGE ( 'NONE', *, *, #3922, .F. ) ;
#3240 = DIRECTION ( 'NONE',  ( 0.000000000000000000, -1.960139520877748001E-16, 1.000000000000000000 ) ) ;
#3241 = VERTEX_POINT ( 'NONE', #802 ) ;
#3242 = VECTOR ( 'NONE', #4119, 1000.000000000000000 ) ;
#3243 = ORIENTED_EDGE ( 'NONE', *, *, #73, .F. ) ;
#3244 = ORIENTED_EDGE ( 'NONE', *, *, #1427, .T. ) ;
#3245 = DIRECTION ( 'NONE',  ( -1.000000000000000000, 0.000000000000000000, 0.000000000000000000 ) ) ;
#3246 = DIRECTION ( 'NONE',  ( -0.000000000000000000, -1.000000000000000000, -0.000000000000000000 ) ) ;
#3247 = CIRCLE ( 'NONE', #2854, 0.3999999999999993006 ) ;
#3248 = VERTEX_POINT ( 'NONE', #2377 ) ;
#3249 = ORIENTED_EDGE ( 'NONE', *, *, #2511, .T. ) ;
#3250 = AXIS2_PLACEMENT_3D ( 'NONE', #2724, #2706, #2744 ) ;
#3251 = CIRCLE ( 'NONE', #2283, 2.000000000000000000 ) ;
#3252 = VECTOR ( 'NONE', #819, 1000.000000000000000 ) ;
#3253 = CARTESIAN_POINT ( 'NONE',  ( 26.89999999999999858, -0.4000000000000000222, -4.299999999999998046 ) ) ;
#3254 = VECTOR ( 'NONE', #2137, 1000.000000000000000 ) ;
#3255 = DIRECTION ( 'NONE',  ( 1.000000000000000000, 0.000000000000000000, -0.000000000000000000 ) ) ;
#3256 = CARTESIAN_POINT ( 'NONE',  ( 0.000000000000000000, 0.000000000000000000, 0.000000000000000000 ) ) ;
#3257 = ADVANCED_FACE ( 'NONE', ( #3762 ), #1947, .F. ) ;
#3258 = CARTESIAN_POINT ( 'NONE',  ( 84.90000000000000568, -0.7999999999999999334, -1.849999999999986100 ) ) ;
#3259 = VECTOR ( 'NONE', #487, 1000.000000000000000 ) ;
#3260 = ORIENTED_EDGE ( 'NONE', *, *, #3072, .F. ) ;
#3261 = AXIS2_PLACEMENT_3D ( 'NONE', #1264, #1701, #1280 ) ;
#3262 = CARTESIAN_POINT ( 'NONE',  ( 89.09999999999999432, 7.249999999999997335, -22.59000000000001407 ) ) ;
#3263 = LINE ( 'NONE', #1069, #2233 ) ;
#3264 = ORIENTED_EDGE ( 'NONE', *, *, #1219, .F. ) ;
#3265 = CARTESIAN_POINT ( 'NONE',  ( 5.587494433717331788, 25.25935690958744217, -0.8000000000000000444 ) ) ;
#3266 = EDGE_CURVE ( 'NONE', #379, #207, #190, .T. ) ;
#3267 = CIRCLE ( 'NONE', #474, 1.500000000000000444 ) ;
#3268 = CARTESIAN_POINT ( 'NONE',  ( 26.89999999999999858, -0.4000000000000000222, -53.29999999999999716 ) ) ;
#3269 = CYLINDRICAL_SURFACE ( 'NONE', #542, 2.450000000000000622 ) ;
#3270 = DIRECTION ( 'NONE',  ( 0.000000000000000000, -1.000000000000000000, 0.000000000000000000 ) ) ;
#3271 = CIRCLE ( 'NONE', #3858, 2.000000000000000000 ) ;
#3272 = CARTESIAN_POINT ( 'NONE',  ( 84.22010101267767368, 4.999999999999999112, 17.10000000000000142 ) ) ;
#3273 = VERTEX_POINT ( 'NONE', #72 ) ;
#3274 = VECTOR ( 'NONE', #2333, 1000.000000000000000 ) ;
#3275 = ORIENTED_EDGE ( 'NONE', *, *, #2381, .T. ) ;
#3276 = DIRECTION ( 'NONE',  ( 0.7071067811865475727, 0.7071067811865474617, 0.000000000000000000 ) ) ;
#3277 = CARTESIAN_POINT ( 'NONE',  ( 80.38999999999900581, 7.580000000000111093, 0.000000000000000000 ) ) ;
#3278 = EDGE_CURVE ( 'NONE', #497, #800, #2894, .T. ) ;
#3279 = VECTOR ( 'NONE', #355, 1000.000000000000000 ) ;
#3280 = EDGE_LOOP ( 'NONE', ( #2975, #1589, #1959, #2311 ) ) ;
#3281 = ORIENTED_EDGE ( 'NONE', *, *, #3457, .T. ) ;
#3282 = VERTEX_POINT ( 'NONE', #3189 ) ;
#3283 = CARTESIAN_POINT ( 'NONE',  ( 89.80000000000001137, 4.550000000000028244, -23.38999999999996149 ) ) ;
#3284 = FACE_OUTER_BOUND ( 'NONE', #2983, .T. ) ;
#3285 = PLANE ( 'NONE',  #3101 ) ;
#3286 = CARTESIAN_POINT ( 'NONE',  ( 49.70000000000000284, 2.620000000000005436, 0.000000000000000000 ) ) ;
#3287 = ORIENTED_EDGE ( 'NONE', *, *, #801, .F. ) ;
#3288 = VERTEX_POINT ( 'NONE', #2356 ) ;
#3289 = DIRECTION ( 'NONE',  ( -1.000000000000000000, 0.000000000000000000, -0.000000000000000000 ) ) ;
#3290 = AXIS2_PLACEMENT_3D ( 'NONE', #4891, #2973, #4479 ) ;
#3291 = DIRECTION ( 'NONE',  ( -1.000000000000000000, -0.000000000000000000, -0.000000000000000000 ) ) ;
#3292 = ORIENTED_EDGE ( 'NONE', *, *, #3525, .F. ) ;
#3293 = LINE ( 'NONE', #1898, #4192 ) ;
#3294 = DIRECTION ( 'NONE',  ( -0.9557790087219890651, -0.2940858488373964130, -1.632504402978554109E-17 ) ) ;
#3295 = ORIENTED_EDGE ( 'NONE', *, *, #216, .F. ) ;
#3296 = DIRECTION ( 'NONE',  ( 0.000000000000000000, -5.551115123125783935E-17, 1.000000000000000000 ) ) ;
#3297 = EDGE_LOOP ( 'NONE', ( #3355, #1508, #3209, #2880 ) ) ;
#3298 = EDGE_CURVE ( 'NONE', #1973, #907, #1149, .T. ) ;
#3299 = DIRECTION ( 'NONE',  ( -0.7507135169228800198, 0.6606278948918831162, 3.667221498093082994E-17 ) ) ;
#3300 = DIRECTION ( 'NONE',  ( -0.000000000000000000, -0.000000000000000000, 1.000000000000000000 ) ) ;
#3301 = LINE ( 'NONE', #1081, #2324 ) ;
#3302 = ORIENTED_EDGE ( 'NONE', *, *, #4519, .T. ) ;
#3303 = CARTESIAN_POINT ( 'NONE',  ( 22.04926735356654177, 3.200000000000000178, 0.000000000000000000 ) ) ;
#3304 = DIRECTION ( 'NONE',  ( 1.000000000000000000, 0.000000000000000000, 0.000000000000000000 ) ) ;
#3305 = EDGE_CURVE ( 'NONE', #4308, #2207, #3337, .T. ) ;
#3306 = LINE ( 'NONE', #2081, #2566 ) ;
#3307 = AXIS2_PLACEMENT_3D ( 'NONE', #3216, #99, #1277 ) ;
#3308 = CARTESIAN_POINT ( 'NONE',  ( 90.20000000000000284, 10.93425679556992591, 11.82341348801829994 ) ) ;
#3309 = CARTESIAN_POINT ( 'NONE',  ( 0.000000000000000000, 5.000000000000000000, 13.50000000000000000 ) ) ;
#3310 = EDGE_CURVE ( 'NONE', #2941, #597, #911, .T. ) ;
#3311 = ORIENTED_EDGE ( 'NONE', *, *, #4789, .F. ) ;
#3312 = AXIS2_PLACEMENT_3D ( 'NONE', #4508, #2930, #637 ) ;
#3313 = FACE_OUTER_BOUND ( 'NONE', #2904, .T. ) ;
#3314 = AXIS2_PLACEMENT_3D ( 'NONE', #1394, #581, #3690 ) ;
#3315 = PLANE ( 'NONE',  #1078 ) ;
#3316 = DIRECTION ( 'NONE',  ( -0.000000000000000000, -1.000000000000000000, -0.000000000000000000 ) ) ;
#3317 = CARTESIAN_POINT ( 'NONE',  ( 70.20000000000000284, 5.000000000000002665, 11.50000000000000355 ) ) ;
#3318 = CARTESIAN_POINT ( 'NONE',  ( 0.000000000000000000, -1.199999999999999956, -57.00000000000000000 ) ) ;
#3319 = DIRECTION ( 'NONE',  ( 0.000000000000000000, 0.000000000000000000, 1.000000000000000000 ) ) ;
#3320 = DIRECTION ( 'NONE',  ( 0.000000000000000000, -5.551115123125783935E-17, 1.000000000000000000 ) ) ;
#3321 = EDGE_CURVE ( 'NONE', #2653, #102, #973, .T. ) ;
#3322 = FACE_BOUND ( 'NONE', #1901, .T. ) ;
#3323 = ORIENTED_EDGE ( 'NONE', *, *, #3463, .T. ) ;
#3324 = DIRECTION ( 'NONE',  ( 0.000000000000000000, 0.000000000000000000, 1.000000000000000000 ) ) ;
#3325 = CARTESIAN_POINT ( 'NONE',  ( 72.12999999999900069, 7.580000000000111093, 0.000000000000000000 ) ) ;
#3326 = PLANE ( 'NONE',  #1836 ) ;
#3327 = VECTOR ( 'NONE', #3217, 1000.000000000000000 ) ;
#3328 = EDGE_CURVE ( 'NONE', #843, #1503, #2646, .T. ) ;
#3329 = FACE_OUTER_BOUND ( 'NONE', #4693, .T. ) ;
#3330 = ORIENTED_EDGE ( 'NONE', *, *, #2578, .T. ) ;
#3331 = CARTESIAN_POINT ( 'NONE',  ( 86.20000000000000284, 1.426341470367888942, 16.56645484669385482 ) ) ;
#3332 = FACE_OUTER_BOUND ( 'NONE', #3346, .T. ) ;
#3333 = DIRECTION ( 'NONE',  ( 0.9557790087219890651, -0.2940858488373964130, 0.000000000000000000 ) ) ;
#3334 = ORIENTED_EDGE ( 'NONE', *, *, #459, .F. ) ;
#3335 = CARTESIAN_POINT ( 'NONE',  ( 26.89999999999999858, -0.3999999999999999667, -4.299999999999998046 ) ) ;
#3336 = DIRECTION ( 'NONE',  ( 1.000000000000000000, 0.000000000000000000, 0.000000000000000000 ) ) ;
#3337 = LINE ( 'NONE', #829, #3940 ) ;
#3338 = CARTESIAN_POINT ( 'NONE',  ( 72.20000000000000284, 3.197185481169231291, 7.879245961033396917 ) ) ;
#3339 = EDGE_CURVE ( 'NONE', #4605, #1793, #1097, .T. ) ;
#3340 = CARTESIAN_POINT ( 'NONE',  ( -18.60000000000000142, 18.19999999999999929, -38.80000000000000426 ) ) ;
#3341 = CARTESIAN_POINT ( 'NONE',  ( 74.00999999999899615, 5.980000000000111449, 0.000000000000000000 ) ) ;
#3342 = CARTESIAN_POINT ( 'NONE',  ( 86.20000000000000284, 0.6159379566434146636, 15.88406204335660377 ) ) ;
#3343 = CIRCLE ( 'NONE', #1127, 2.450000000000000622 ) ;
#3344 = EDGE_LOOP ( 'NONE', ( #3353, #3177, #4767, #859, #4307, #2728 ) ) ;
#3345 = AXIS2_PLACEMENT_3D ( 'NONE', #1703, #2090, #4037 ) ;
#3346 = EDGE_LOOP ( 'NONE', ( #899, #4336, #3157, #367 ) ) ;
#3347 = ORIENTED_EDGE ( 'NONE', *, *, #7, .T. ) ;
#3348 = DIRECTION ( 'NONE',  ( 0.000000000000000000, 0.000000000000000000, -1.000000000000000000 ) ) ;
#3349 = EDGE_CURVE ( 'NONE', #4752, #1965, #4058, .T. ) ;
#3350 = CARTESIAN_POINT ( 'NONE',  ( 86.20000000000000284, -0.9599999999999994094, 10.95009091660530309 ) ) ;
#3351 = FACE_OUTER_BOUND ( 'NONE', #789, .T. ) ;
#3352 = DIRECTION ( 'NONE',  ( 0.000000000000000000, 0.000000000000000000, 1.000000000000000000 ) ) ;
#3353 = ORIENTED_EDGE ( 'NONE', *, *, #1745, .T. ) ;
#3354 = PRESENTATION_STYLE_ASSIGNMENT (( #2253 ) ) ;
#3355 = ORIENTED_EDGE ( 'NONE', *, *, #331, .F. ) ;
#3356 = AXIS2_PLACEMENT_3D ( 'NONE', #3389, #4853, #2951 ) ;
#3357 = CARTESIAN_POINT ( 'NONE',  ( 26.89999999999999858, -1.199999999999999956, -1.850000000000000533 ) ) ;
#3358 = ORIENTED_EDGE ( 'NONE', *, *, #4613, .F. ) ;
#3359 = CYLINDRICAL_SURFACE ( 'NONE', #3875, 2.450000000000000622 ) ;
#3360 = ORIENTED_EDGE ( 'NONE', *, *, #3554, .T. ) ;
#3361 = CARTESIAN_POINT ( 'NONE',  ( 0.000000000000000000, 12.30000000000000071, 0.000000000000000000 ) ) ;
#3362 = VERTEX_POINT ( 'NONE', #429 ) ;
#3363 = ORIENTED_EDGE ( 'NONE', *, *, #2354, .F. ) ;
#3364 = ORIENTED_EDGE ( 'NONE', *, *, #1660, .F. ) ;
#3365 = EDGE_CURVE ( 'NONE', #3907, #1514, #3880, .T. ) ;
#3366 = DIRECTION ( 'NONE',  ( 0.000000000000000000, -5.551115123125783935E-17, 1.000000000000000000 ) ) ;
#3367 = CIRCLE ( 'NONE', #3250, 0.5999999999999998668 ) ;
#3368 = DIRECTION ( 'NONE',  ( -0.000000000000000000, 1.000000000000000000, -0.000000000000000000 ) ) ;
#3369 = CARTESIAN_POINT ( 'NONE',  ( 86.20000000000000284, 5.883865081214208814, 17.23225806451612740 ) ) ;
#3370 = EDGE_CURVE ( 'NONE', #2918, #435, #3211, .T. ) ;
#3371 = FACE_OUTER_BOUND ( 'NONE', #4625, .T. ) ;
#3372 = ADVANCED_FACE ( 'NONE', ( #4750, #138, #840, #2303, #4868 ), #874, .F. ) ;
#3373 = CIRCLE ( 'NONE', #2614, 0.5999999999999998668 ) ;
#3374 = CARTESIAN_POINT ( 'NONE',  ( 86.20000000000000284, 11.19622312751839388, 11.28362312044449389 ) ) ;
#3375 = EDGE_CURVE ( 'NONE', #3540, #2251, #2780, .T. ) ;
#3376 = DIRECTION ( 'NONE',  ( 1.000000000000000000, 0.000000000000000000, 0.000000000000000000 ) ) ;
#3377 = CARTESIAN_POINT ( 'NONE',  ( 84.90000000000000568, -0.4000000000000000222, -1.350000000000001865 ) ) ;
#3378 = DIRECTION ( 'NONE',  ( 1.000000000000000000, -0.000000000000000000, 0.000000000000000000 ) ) ;
#3379 = LINE ( 'NONE', #4786, #1311 ) ;
#3380 = VECTOR ( 'NONE', #3366, 1000.000000000000000 ) ;
#3381 = VERTEX_POINT ( 'NONE', #2477 ) ;
#3382 = CARTESIAN_POINT ( 'NONE',  ( 0.000000000000000000, 12.30000000000000071, 0.000000000000000000 ) ) ;
#3383 = CARTESIAN_POINT ( 'NONE',  ( 84.90000000000000568, 0.000000000000000000, -53.29999999999999716 ) ) ;
#3384 = CARTESIAN_POINT ( 'NONE',  ( 86.20000000000000284, 1.689652777936718309, 16.66252047443136064 ) ) ;
#3385 = FACE_OUTER_BOUND ( 'NONE', #2508, .T. ) ;
#3386 = ORIENTED_EDGE ( 'NONE', *, *, #930, .T. ) ;
#3387 = AXIS2_PLACEMENT_3D ( 'NONE', #957, #2527, #4764 ) ;
#3388 = DIRECTION ( 'NONE',  ( 0.000000000000000000, 0.000000000000000000, 1.000000000000000000 ) ) ;
#3389 = CARTESIAN_POINT ( 'NONE',  ( 86.20000000000000284, 4.999999999999999112, 17.69999999999999929 ) ) ;
#3390 = CARTESIAN_POINT ( 'NONE',  ( 72.20000000000000284, 3.414194678138025463, 10.28130336787442367 ) ) ;
#3391 = CYLINDRICAL_SURFACE ( 'NONE', #2210, 2.449999999999997513 ) ;
#3392 = DIRECTION ( 'NONE',  ( 1.000000000000000000, -0.000000000000000000, 0.000000000000000000 ) ) ;
#3393 = VECTOR ( 'NONE', #520, 1000.000000000000000 ) ;
#3394 = EDGE_CURVE ( 'NONE', #1965, #4194, #3082, .T. ) ;
#3395 = LINE ( 'NONE', #4450, #2003 ) ;
#3396 = ORIENTED_EDGE ( 'NONE', *, *, #4386, .F. ) ;
#3397 = EDGE_LOOP ( 'NONE', ( #2442, #4377, #2611, #2577 ) ) ;
#3398 = ADVANCED_FACE ( 'NONE', ( #477 ), #2045, .F. ) ;
#3399 = ORIENTED_EDGE ( 'NONE', *, *, #4068, .T. ) ;
#3400 = CARTESIAN_POINT ( 'NONE',  ( 26.89999999999999858, -1.199999999999999956, -4.299999999999998046 ) ) ;
#3401 = CYLINDRICAL_SURFACE ( 'NONE', #3561, 1.399999999999989697 ) ;
#3402 = ORIENTED_EDGE ( 'NONE', *, *, #3819, .T. ) ;
#3403 = EDGE_CURVE ( 'NONE', #4752, #2653, #1886, .T. ) ;
#3404 = ORIENTED_EDGE ( 'NONE', *, *, #2998, .F. ) ;
#3405 = EDGE_CURVE ( 'NONE', #2546, #4254, #199, .T. ) ;
#3406 = VECTOR ( 'NONE', #1719, 1000.000000000000000 ) ;
#3407 = ORIENTED_EDGE ( 'NONE', *, *, #4782, .F. ) ;
#3408 = ORIENTED_EDGE ( 'NONE', *, *, #331, .T. ) ;
#3409 = DIRECTION ( 'NONE',  ( -0.000000000000000000, -1.000000000000000000, -0.000000000000000000 ) ) ;
#3410 = CARTESIAN_POINT ( 'NONE',  ( 72.20000000000000284, 3.197185481169231291, 7.879245961033396917 ) ) ;
#3411 = DIRECTION ( 'NONE',  ( 1.000000000000000000, -0.000000000000000000, -0.000000000000000000 ) ) ;
#3412 = VERTEX_POINT ( 'NONE', #2094 ) ;
#3413 = AXIS2_PLACEMENT_3D ( 'NONE', #3500, #799, #1991 ) ;
#3414 = ORIENTED_EDGE ( 'NONE', *, *, #2559, .T. ) ;
#3415 = AXIS2_PLACEMENT_3D ( 'NONE', #4602, #2662, #2683 ) ;
#3416 = CARTESIAN_POINT ( 'NONE',  ( 72.20000000000000284, 3.197185481169231291, 7.879245961033396917 ) ) ;
#3417 = DIRECTION ( 'NONE',  ( 0.000000000000000000, -5.551115123125783935E-17, 1.000000000000000000 ) ) ;
#3418 = ORIENTED_EDGE ( 'NONE', *, *, #969, .F. ) ;
#3419 = ORIENTED_EDGE ( 'NONE', *, *, #2541, .F. ) ;
#3420 = ORIENTED_EDGE ( 'NONE', *, *, #2768, .T. ) ;
#3421 = ORIENTED_EDGE ( 'NONE', *, *, #3917, .T. ) ;
#3422 = ADVANCED_FACE ( 'NONE', ( #4579 ), #543, .F. ) ;
#3423 = EDGE_LOOP ( 'NONE', ( #1174, #1143, #2567, #2234, #2316, #3807, #3718, #1832, #1663, #2022 ) ) ;
#3424 = ADVANCED_FACE ( 'NONE', ( #2126 ), #2450, .F. ) ;
#3425 = CARTESIAN_POINT ( 'NONE',  ( 24.04926735356654532, 12.30000000000000071, -0.8000000000000000444 ) ) ;
#3426 = EDGE_LOOP ( 'NONE', ( #1273, #1892, #1721, #2633, #3018, #1949 ) ) ;
#3427 = CARTESIAN_POINT ( 'NONE',  ( 26.89999999999999858, -1.199999999999999956, -5.799999999999998934 ) ) ;
#3428 = EDGE_CURVE ( 'NONE', #3971, #2739, #2710, .T. ) ;
#3429 = DIRECTION ( 'NONE',  ( 0.000000000000000000, 0.000000000000000000, 1.000000000000000000 ) ) ;
#3430 = EDGE_LOOP ( 'NONE', ( #847, #4040, #4022, #2620, #1410 ) ) ;
#3431 = ADVANCED_FACE ( 'NONE', ( #4113, #1704 ), #3210, .F. ) ;
#3432 = LINE ( 'NONE', #3894, #886 ) ;
#3433 = ORIENTED_EDGE ( 'NONE', *, *, #224, .F. ) ;
#3434 = EDGE_CURVE ( 'NONE', #3473, #2088, #2877, .T. ) ;
#3435 = CARTESIAN_POINT ( 'NONE',  ( 74.00999999998285261, 9.460000000000107434, -0.7999999999999999334 ) ) ;
#3436 = DIRECTION ( 'NONE',  ( 0.000000000000000000, 0.000000000000000000, -1.000000000000000000 ) ) ;
#3437 = CIRCLE ( 'NONE', #1199, 6.200000000000001066 ) ;
#3438 = ORIENTED_EDGE ( 'NONE', *, *, #3266, .T. ) ;
#3439 = CARTESIAN_POINT ( 'NONE',  ( 26.89999999999999858, 0.000000000000000000, -1.349999999999997424 ) ) ;
#3440 = DIRECTION ( 'NONE',  ( 0.000000000000000000, -5.551115123125781470E-17, -1.000000000000000000 ) ) ;
#3441 = VECTOR ( 'NONE', #2444, 1000.000000000000000 ) ;
#3442 = PRODUCT_DEFINITION_CONTEXT ( 'detailed design', #1741, 'design' ) ;
#3443 = ORIENTED_EDGE ( 'NONE', *, *, #1245, .F. ) ;
#3444 = EDGE_CURVE ( 'NONE', #334, #1735, #1641, .T. ) ;
#3445 = PLANE ( 'NONE',  #3808 ) ;
#3446 = VECTOR ( 'NONE', #3484, 1000.000000000000000 ) ;
#3447 = VECTOR ( 'NONE', #2463, 1000.000000000000000 ) ;
#3448 = CARTESIAN_POINT ( 'NONE',  ( 24.04926735356654532, 3.200000000000000178, -10.00000000000000000 ) ) ;
#3449 = FACE_BOUND ( 'NONE', #3234, .T. ) ;
#3450 = LINE ( 'NONE', #4525, #2531 ) ;
#3451 = DIRECTION ( 'NONE',  ( 0.000000000000000000, 0.000000000000000000, 1.000000000000000000 ) ) ;
#3452 = ADVANCED_FACE ( 'NONE', ( #1765, #3703, #718, #74 ), #2874, .T. ) ;
#3453 = LINE ( 'NONE', #4915, #4929 ) ;
#3454 = AXIS2_PLACEMENT_3D ( 'NONE', #4614, #1524, #2677 ) ;
#3455 = LINE ( 'NONE', #4596, #1255 ) ;
#3456 = CARTESIAN_POINT ( 'NONE',  ( 86.20000000000000284, 4.116134918785789409, 17.63225806451612954 ) ) ;
#3457 = EDGE_CURVE ( 'NONE', #1793, #4407, #600, .T. ) ;
#3458 = CARTESIAN_POINT ( 'NONE',  ( 5.799999999999999822, 11.20000000000000107, 11.50000000000000178 ) ) ;
#3459 = VECTOR ( 'NONE', #2522, 1000.000000000000000 ) ;
#3460 = ORIENTED_EDGE ( 'NONE', *, *, #4519, .F. ) ;
#3461 = EDGE_CURVE ( 'NONE', #100, #3683, #2542, .T. ) ;
#3462 = FACE_BOUND ( 'NONE', #2068, .T. ) ;
#3463 = EDGE_CURVE ( 'NONE', #907, #4342, #4454, .T. ) ;
#3464 = FACE_BOUND ( 'NONE', #493, .T. ) ;
#3465 = AXIS2_PLACEMENT_3D ( 'NONE', #2702, #404, #2310 ) ;
#3466 = PLANE ( 'NONE',  #3465 ) ;
#3467 = EDGE_CURVE ( 'NONE', #15, #971, #1512, .T. ) ;
#3468 = CARTESIAN_POINT ( 'NONE',  ( 88.59999999999999432, 8.050000000000029132, -18.38999999999996149 ) ) ;
#3469 = ADVANCED_FACE ( 'NONE', ( #4344 ), #1266, .F. ) ;
#3470 = DIRECTION ( 'NONE',  ( -1.000000000000000000, -0.000000000000000000, -0.000000000000000000 ) ) ;
#3471 = ORIENTED_EDGE ( 'NONE', *, *, #854, .F. ) ;
#3472 = EDGE_LOOP ( 'NONE', ( #2111, #621, #2538, #2457 ) ) ;
#3473 = VERTEX_POINT ( 'NONE', #4848 ) ;
#3474 = CARTESIAN_POINT ( 'NONE',  ( 80.39000000001074397, 4.100000000000113332, 0.5100000000009999868 ) ) ;
#3475 = CARTESIAN_POINT ( 'NONE',  ( 90.20000000000000284, 5.349999999999998757, 3.858025010572418584E-16 ) ) ;
#3476 = ORIENTED_EDGE ( 'NONE', *, *, #1382, .T. ) ;
#3477 = AXIS2_PLACEMENT_3D ( 'NONE', #4101, #4835, #290 ) ;
#3478 = VERTEX_POINT ( 'NONE', #1042 ) ;
#3479 = SURFACE_STYLE_FILL_AREA ( #699 ) ;
#3480 = ORIENTED_EDGE ( 'NONE', *, *, #2886, .T. ) ;
#3481 = VERTEX_POINT ( 'NONE', #4084 ) ;
#3482 = DIRECTION ( 'NONE',  ( 0.000000000000000000, -1.445602896647339508E-15, -1.000000000000000000 ) ) ;
#3483 = CIRCLE ( 'NONE', #4062, 1.879999999999992788 ) ;
#3484 = DIRECTION ( 'NONE',  ( 0.6606278948918830052, 0.7507135169228800198, 0.000000000000000000 ) ) ;
#3485 = DIRECTION ( 'NONE',  ( 0.000000000000000000, -5.551115123125783935E-17, 1.000000000000000000 ) ) ;
#3486 = CARTESIAN_POINT ( 'NONE',  ( 90.20000000000000284, 1.426341470367889830, 16.56645484669385482 ) ) ;
#3487 = AXIS2_PLACEMENT_3D ( 'NONE', #3148, #3168, #826 ) ;
#3488 = FACE_OUTER_BOUND ( 'NONE', #2966, .T. ) ;
#3489 = ORIENTED_EDGE ( 'NONE', *, *, #3006, .F. ) ;
#3490 = CARTESIAN_POINT ( 'NONE',  ( 84.90000000000000568, -1.199999999999999956, -4.299999999999998046 ) ) ;
#3491 = DIRECTION ( 'NONE',  ( -0.7071067811865473507, 0.7071067811865477948, 0.000000000000000000 ) ) ;
#3492 = DIRECTION ( 'NONE',  ( 0.000000000000000000, 0.000000000000000000, -1.000000000000000000 ) ) ;
#3493 = VERTEX_POINT ( 'NONE', #3350 ) ;
#3494 = EDGE_CURVE ( 'NONE', #441, #3816, #1387, .T. ) ;
#3495 = CARTESIAN_POINT ( 'NONE',  ( 86.20000000000000284, 0.2604132079315682469, 15.24309991481715443 ) ) ;
#3496 = LINE ( 'NONE', #1560, #3609 ) ;
#3497 = VECTOR ( 'NONE', #47, 1000.000000000000000 ) ;
#3498 = ORIENTED_EDGE ( 'NONE', *, *, #1210, .T. ) ;
#3499 = CARTESIAN_POINT ( 'NONE',  ( 84.22010101267767368, 1.278368402077609378, 16.11030506526413930 ) ) ;
#3500 = CARTESIAN_POINT ( 'NONE',  ( 84.90000000000000568, -0.7999999999999999334, -53.29999999999999716 ) ) ;
#3501 = VECTOR ( 'NONE', #2501, 1000.000000000000000 ) ;
#3502 = LINE ( 'NONE', #3868, #55 ) ;
#3503 = ORIENTED_EDGE ( 'NONE', *, *, #1095, .T. ) ;
#3504 = CARTESIAN_POINT ( 'NONE',  ( 5.799999999999999822, 11.20000000000000284, 0.000000000000000000 ) ) ;
#3505 = ADVANCED_FACE ( 'NONE', ( #3579 ), #2890, .T. ) ;
#3506 = LINE ( 'NONE', #3065, #2467 ) ;
#3507 = FACE_OUTER_BOUND ( 'NONE', #935, .T. ) ;
#3508 = AXIS2_PLACEMENT_3D ( 'NONE', #1575, #383, #365 ) ;
#3509 = DIRECTION ( 'NONE',  ( -0.000000000000000000, 1.000000000000000000, -0.000000000000000000 ) ) ;
#3510 = DIRECTION ( 'NONE',  ( 0.000000000000000000, 0.000000000000000000, 1.000000000000000000 ) ) ;
#3511 = CYLINDRICAL_SURFACE ( 'NONE', #2942, 0.6999999999999992895 ) ;
#3512 = LINE ( 'NONE', #4588, #963 ) ;
#3513 = UNCERTAINTY_MEASURE_WITH_UNIT (LENGTH_MEASURE( 1.000000000000000082E-05 ), #3004, 'distance_accuracy_value', 'NONE');
#3514 = CARTESIAN_POINT ( 'NONE',  ( 9.799999999999998934, 11.20000000000000107, 11.42393678815281710 ) ) ;
#3515 = FACE_OUTER_BOUND ( 'NONE', #1677, .T. ) ;
#3516 = EDGE_LOOP ( 'NONE', ( #4373, #1225, #30, #4346 ) ) ;
#3517 = VERTEX_POINT ( 'NONE', #4464 ) ;
#3518 = ORIENTED_EDGE ( 'NONE', *, *, #526, .F. ) ;
#3519 = DIRECTION ( 'NONE',  ( 0.000000000000000000, 0.000000000000000000, 1.000000000000000000 ) ) ;
#3520 = AXIS2_PLACEMENT_3D ( 'NONE', #4008, #4381, #4721 ) ;
#3521 = VECTOR ( 'NONE', #461, 1000.000000000000000 ) ;
#3522 = ORIENTED_EDGE ( 'NONE', *, *, #1147, .F. ) ;
#3523 = ORIENTED_EDGE ( 'NONE', *, *, #3600, .F. ) ;
#3524 = VECTOR ( 'NONE', #4390, 1000.000000000000000 ) ;
#3525 = EDGE_CURVE ( 'NONE', #1453, #2200, #244, .T. ) ;
#3526 = PLANE ( 'NONE',  #1950 ) ;
#3527 = DIRECTION ( 'NONE',  ( 0.000000000000000000, -5.551115123125783935E-17, 1.000000000000000000 ) ) ;
#3528 = ORIENTED_EDGE ( 'NONE', *, *, #3565, .F. ) ;
#3529 = CARTESIAN_POINT ( 'NONE',  ( 84.90000000000000568, -0.3999999999999999667, -4.299999999999998046 ) ) ;
#3530 = CIRCLE ( 'NONE', #341, 2.949999999999996625 ) ;
#3531 = EDGE_LOOP ( 'NONE', ( #320, #2838 ) ) ;
#3532 = EDGE_CURVE ( 'NONE', #2515, #3282, #2537, .T. ) ;
#3533 = CARTESIAN_POINT ( 'NONE',  ( 72.12999999999900069, 7.580000000000111093, 0.5100000000010000978 ) ) ;
#3534 = ORIENTED_EDGE ( 'NONE', *, *, #629, .F. ) ;
#3535 = PLANE ( 'NONE',  #2755 ) ;
#3536 = EDGE_LOOP ( 'NONE', ( #3713, #2726, #3223, #2439 ) ) ;
#3537 = DIRECTION ( 'NONE',  ( -1.000000000000000000, 0.000000000000000000, 0.000000000000000000 ) ) ;
#3538 = VECTOR ( 'NONE', #4441, 1000.000000000000000 ) ;
#3539 = ORIENTED_EDGE ( 'NONE', *, *, #437, .T. ) ;
#3540 = VERTEX_POINT ( 'NONE', #2127 ) ;
#3541 = ORIENTED_EDGE ( 'NONE', *, *, #3581, .T. ) ;
#3542 = DIRECTION ( 'NONE',  ( 0.000000000000000000, -0.000000000000000000, 1.000000000000000000 ) ) ;
#3543 = CARTESIAN_POINT ( 'NONE',  ( 90.20000000000000284, 5.350000000000009415, -9.389999999999961489 ) ) ;
#3544 = ORIENTED_EDGE ( 'NONE', *, *, #4279, .T. ) ;
#3545 = ORIENTED_EDGE ( 'NONE', *, *, #2861, .F. ) ;
#3546 = DIRECTION ( 'NONE',  ( 1.000000000000000000, 0.000000000000000000, -0.000000000000000000 ) ) ;
#3547 = AXIS2_PLACEMENT_3D ( 'NONE', #4104, #4457, #1400 ) ;
#3548 = CARTESIAN_POINT ( 'NONE',  ( 84.22010101267767368, -0.8260942488726313870, 13.62052488861915123 ) ) ;
#3549 = CIRCLE ( 'NONE', #2190, 6.200000000000001066 ) ;
#3550 = ADVANCED_FACE ( 'NONE', ( #363 ), #976, .F. ) ;
#3551 = LINE ( 'NONE', #2308, #1248 ) ;
#3552 = CYLINDRICAL_SURFACE ( 'NONE', #2212, 2.949999999999996625 ) ;
#3553 = ORIENTED_EDGE ( 'NONE', *, *, #1990, .T. ) ;
#3554 = EDGE_CURVE ( 'NONE', #2908, #1230, #1509, .T. ) ;
#3555 = CARTESIAN_POINT ( 'NONE',  ( 89.80000000000001137, 4.550000000000028244, -18.38999999999996149 ) ) ;
#3556 = VECTOR ( 'NONE', #4744, 1000.000000000000227 ) ;
#3557 = VECTOR ( 'NONE', #2717, 1000.000000000000000 ) ;
#3558 = CARTESIAN_POINT ( 'NONE',  ( 33.18973888125133698, 41.50697021549006394, 0.000000000000000000 ) ) ;
#3559 = EDGE_CURVE ( 'NONE', #3023, #2033, #4285, .T. ) ;
#3560 = DIRECTION ( 'NONE',  ( 0.000000000000000000, 0.000000000000000000, 1.000000000000000000 ) ) ;
#3561 = AXIS2_PLACEMENT_3D ( 'NONE', #4006, #2466, #4360 ) ;
#3562 = DIRECTION ( 'NONE',  ( 0.000000000000000000, 0.000000000000000000, -1.000000000000000000 ) ) ;
#3563 = VECTOR ( 'NONE', #3886, 1000.000000000000000 ) ;
#3564 = LINE ( 'NONE', #2034, #3447 ) ;
#3565 = EDGE_CURVE ( 'NONE', #4308, #2248, #4684, .T. ) ;
#3566 = DIRECTION ( 'NONE',  ( -0.000000000000000000, -1.000000000000000000, -0.000000000000000000 ) ) ;
#3567 = LINE ( 'NONE', #2510, #1942 ) ;
#3568 = ORIENTED_EDGE ( 'NONE', *, *, #4299, .T. ) ;
#3569 = AXIS2_PLACEMENT_3D ( 'NONE', #68, #4979, #3117 ) ;
#3570 = DIRECTION ( 'NONE',  ( -0.7071067811865475727, 0.7071067811865474617, 0.000000000000000000 ) ) ;
#3571 = PLANE ( 'NONE',  #2770 ) ;
#3572 = FACE_OUTER_BOUND ( 'NONE', #866, .T. ) ;
#3573 = DIRECTION ( 'NONE',  ( 1.000000000000000000, -0.000000000000000000, -0.000000000000000000 ) ) ;
#3574 = LINE ( 'NONE', #3427, #1262 ) ;
#3575 = DIRECTION ( 'NONE',  ( 0.000000000000000000, -1.000000000000000000, 0.000000000000000000 ) ) ;
#3576 = ORIENTED_EDGE ( 'NONE', *, *, #3898, .F. ) ;
#3577 = ADVANCED_FACE ( 'NONE', ( #592 ), #1451, .T. ) ;
#3578 = DIRECTION ( 'NONE',  ( 0.000000000000000000, 0.000000000000000000, 1.000000000000000000 ) ) ;
#3579 = FACE_OUTER_BOUND ( 'NONE', #4654, .T. ) ;
#3580 = AXIS2_PLACEMENT_3D ( 'NONE', #4951, #389, #3098 ) ;
#3581 = EDGE_CURVE ( 'NONE', #3607, #1541, #4340, .T. ) ;
#3582 = LINE ( 'NONE', #4542, #1576 ) ;
#3583 = EDGE_LOOP ( 'NONE', ( #927, #3360, #2479, #3709 ) ) ;
#3584 = ORIENTED_EDGE ( 'NONE', *, *, #1188, .T. ) ;
#3585 = EDGE_CURVE ( 'NONE', #431, #334, #3395, .T. ) ;
#3586 = VECTOR ( 'NONE', #4180, 1000.000000000000000 ) ;
#3587 = ORIENTED_EDGE ( 'NONE', *, *, #318, .F. ) ;
#3588 = DIRECTION ( 'NONE',  ( 1.000000000000000000, 0.000000000000000000, 0.000000000000000000 ) ) ;
#3589 = VERTEX_POINT ( 'NONE', #2260 ) ;
#3590 = DIRECTION ( 'NONE',  ( 0.000000000000000000, 0.000000000000000000, -1.000000000000000000 ) ) ;
#3591 = ORIENTED_EDGE ( 'NONE', *, *, #2009, .F. ) ;
#3592 = DIRECTION ( 'NONE',  ( -0.000000000000000000, -1.000000000000000000, -0.000000000000000000 ) ) ;
#3593 = EDGE_LOOP ( 'NONE', ( #4533, #1459, #3161, #2269 ) ) ;
#3594 = VERTEX_POINT ( 'NONE', #298 ) ;
#3595 = VERTEX_POINT ( 'NONE', #2996 ) ;
#3596 = ORIENTED_EDGE ( 'NONE', *, *, #2583, .F. ) ;
#3597 = AXIS2_PLACEMENT_3D ( 'NONE', #2889, #2143, #2543 ) ;
#3598 = DIRECTION ( 'NONE',  ( -1.000000000000000000, 0.000000000000000000, -0.000000000000000000 ) ) ;
#3599 = ORIENTED_EDGE ( 'NONE', *, *, #1336, .F. ) ;
#3600 = EDGE_CURVE ( 'NONE', #473, #1109, #2352, .T. ) ;
#3601 = ORIENTED_EDGE ( 'NONE', *, *, #3494, .F. ) ;
#3602 = DIRECTION ( 'NONE',  ( -1.000000000000000000, -0.000000000000000000, -0.000000000000000000 ) ) ;
#3603 = ORIENTED_EDGE ( 'NONE', *, *, #2196, .T. ) ;
#3604 = CARTESIAN_POINT ( 'NONE',  ( 84.90000000000000568, -0.7999999999999999334, -4.299999999999998046 ) ) ;
#3605 = DIRECTION ( 'NONE',  ( 0.000000000000000000, 0.000000000000000000, -1.000000000000000000 ) ) ;
#3606 = DIRECTION ( 'NONE',  ( -1.000000000000000000, 0.000000000000000000, 0.000000000000000000 ) ) ;
#3607 = VERTEX_POINT ( 'NONE', #1079 ) ;
#3608 = CARTESIAN_POINT ( 'NONE',  ( 90.20000000000000284, -0.08426094190888000490, 14.29110921939286172 ) ) ;
#3609 = VECTOR ( 'NONE', #1635, 1000.000000000000000 ) ;
#3610 = LINE ( 'NONE', #407, #3497 ) ;
#3611 = CARTESIAN_POINT ( 'NONE',  ( 48.29999999999999716, 6.098427603645005135, 0.000000000000000000 ) ) ;
#3612 = AXIS2_PLACEMENT_3D ( 'NONE', #754, #731, #2302 ) ;
#3613 = CARTESIAN_POINT ( 'NONE',  ( 89.40000000000000568, -1.199999999999999956, 10.58348486100883434 ) ) ;
#3614 = LINE ( 'NONE', #4554, #3188 ) ;
#3615 = VERTEX_POINT ( 'NONE', #1845 ) ;
#3616 = EDGE_CURVE ( 'NONE', #1399, #4200, #3271, .T. ) ;
#3617 = EDGE_CURVE ( 'NONE', #3993, #4535, #1197, .T. ) ;
#3618 = CARTESIAN_POINT ( 'NONE',  ( 63.51172018837745981, 7.436518215854268199, 0.000000000000000000 ) ) ;
#3619 = VECTOR ( 'NONE', #813, 1000.000000000000114 ) ;
#3620 = DIRECTION ( 'NONE',  ( 0.000000000000000000, 0.000000000000000000, 1.000000000000000000 ) ) ;
#3621 = ORIENTED_EDGE ( 'NONE', *, *, #3207, .F. ) ;
#3622 = DIRECTION ( 'NONE',  ( 0.000000000000000000, 0.000000000000000000, 1.000000000000000000 ) ) ;
#3623 = CARTESIAN_POINT ( 'NONE',  ( 63.51172018837745981, 7.436518215854275304, -0.8000000000000000444 ) ) ;
#3624 = LINE ( 'NONE', #4511, #234 ) ;
#3625 = ORIENTED_EDGE ( 'NONE', *, *, #1104, .T. ) ;
#3626 = EDGE_CURVE ( 'NONE', #1683, #4440, #1260, .T. ) ;
#3627 = FILL_AREA_STYLE_COLOUR ( '', #1077 ) ;
#3628 = PLANE ( 'NONE',  #4589 ) ;
#3629 = FACE_OUTER_BOUND ( 'NONE', #4770, .T. ) ;
#3630 = EDGE_CURVE ( 'NONE', #92, #3493, #185, .T. ) ;
#3631 = LINE ( 'NONE', #1346, #1700 ) ;
#3632 = ORIENTED_EDGE ( 'NONE', *, *, #4688, .F. ) ;
#3633 = DIRECTION ( 'NONE',  ( 0.000000000000000000, -8.393823270855516290E-16, 1.000000000000000000 ) ) ;
#3634 = FACE_BOUND ( 'NONE', #633, .T. ) ;
#3635 = ORIENTED_EDGE ( 'NONE', *, *, #3822, .F. ) ;
#3636 = DIRECTION ( 'NONE',  ( 0.000000000000000000, 5.551115123125781470E-17, 1.000000000000000000 ) ) ;
#3637 = ORIENTED_EDGE ( 'NONE', *, *, #2491, .F. ) ;
#3638 = EDGE_LOOP ( 'NONE', ( #634, #3399, #4198, #3040 ) ) ;
#3639 = ADVANCED_FACE ( 'NONE', ( #3332 ), #1461, .F. ) ;
#3640 = DIRECTION ( 'NONE',  ( -1.000000000000000000, -0.000000000000000000, -0.000000000000000000 ) ) ;
#3641 = DIRECTION ( 'NONE',  ( 0.000000000000000000, -5.551115123125781470E-17, -1.000000000000000000 ) ) ;
#3642 = CIRCLE ( 'NONE', #3731, 2.000000000000005329 ) ;
#3643 = VERTEX_POINT ( 'NONE', #2616 ) ;
#3644 = ORIENTED_EDGE ( 'NONE', *, *, #3114, .T. ) ;
#3645 = DIRECTION ( 'NONE',  ( -0.000000000000000000, -0.000000000000000000, 1.000000000000000000 ) ) ;
#3646 = PLANE ( 'NONE',  #3345 ) ;
#3647 = AXIS2_PLACEMENT_3D ( 'NONE', #319, #3792, #2230 ) ;
#3648 = FACE_OUTER_BOUND ( 'NONE', #2346, .T. ) ;
#3649 = ORIENTED_EDGE ( 'NONE', *, *, #1718, .F. ) ;
#3650 = VERTEX_POINT ( 'NONE', #1861 ) ;
#3651 = DIRECTION ( 'NONE',  ( 1.000000000000000000, 0.000000000000000000, -0.000000000000000000 ) ) ;
#3652 = EDGE_LOOP ( 'NONE', ( #2299, #4491, #1673, #4472 ) ) ;
#3653 = DIRECTION ( 'NONE',  ( -0.000000000000000000, -5.551115123125781470E-17, -1.000000000000000000 ) ) ;
#3654 = VERTEX_POINT ( 'NONE', #2226 ) ;
#3655 = ORIENTED_EDGE ( 'NONE', *, *, #4526, .T. ) ;
#3656 = EDGE_CURVE ( 'NONE', #1614, #800, #2243, .T. ) ;
#3657 = CARTESIAN_POINT ( 'NONE',  ( 48.29999999999999005, 2.620000000000006324, 1.110000000000001430 ) ) ;
#3658 = CARTESIAN_POINT ( 'NONE',  ( 0.000000000000000000, 4.100000000000011191, 0.000000000000000000 ) ) ;
#3659 = ORIENTED_EDGE ( 'NONE', *, *, #3000, .F. ) ;
#3660 = ORIENTED_EDGE ( 'NONE', *, *, #2583, .T. ) ;
#3661 = ADVANCED_FACE ( 'NONE', ( #1636 ), #665, .F. ) ;
#3662 = EDGE_CURVE ( 'NONE', #1513, #329, #1323, .T. ) ;
#3663 = ORIENTED_EDGE ( 'NONE', *, *, #65, .T. ) ;
#3664 = DIRECTION ( 'NONE',  ( 0.000000000000000000, 0.000000000000000000, 1.000000000000000000 ) ) ;
#3665 = DIRECTION ( 'NONE',  ( 0.000000000000000000, 0.000000000000000000, 1.000000000000000000 ) ) ;
#3666 = EDGE_CURVE ( 'NONE', #1642, #3110, #1882, .T. ) ;
#3667 =( NAMED_UNIT ( * ) PLANE_ANGLE_UNIT ( ) SI_UNIT ( $, .RADIAN. ) );
#3668 = DIRECTION ( 'NONE',  ( 0.000000000000000000, 0.000000000000000000, -1.000000000000000000 ) ) ;
#3669 = EDGE_CURVE ( 'NONE', #3788, #971, #967, .T. ) ;
#3670 = CARTESIAN_POINT ( 'NONE',  ( 72.20000000000000284, 5.000000000000000000, 11.50000000000000000 ) ) ;
#3671 = ORIENTED_EDGE ( 'NONE', *, *, #4719, .T. ) ;
#3672 = LINE ( 'NONE', #1685, #2391 ) ;
#3673 = AXIS2_PLACEMENT_3D ( 'NONE', #3681, #230, #610 ) ;
#3674 = DIRECTION ( 'NONE',  ( 0.000000000000000000, 1.000000000000000000, 0.000000000000000000 ) ) ;
#3675 = CYLINDRICAL_SURFACE ( 'NONE', #888, 0.4000000000000010214 ) ;
#3676 = VECTOR ( 'NONE', #4211, 1000.000000000000000 ) ;
#3677 = DIRECTION ( 'NONE',  ( 0.000000000000000000, 0.000000000000000000, 1.000000000000000000 ) ) ;
#3678 = ORIENTED_EDGE ( 'NONE', *, *, #224, .T. ) ;
#3679 = CARTESIAN_POINT ( 'NONE',  ( 63.10000000000000142, 6.098427603645005135, 1.110000000000001652 ) ) ;
#3680 = PLANE ( 'NONE',  #2905 ) ;
#3681 = CARTESIAN_POINT ( 'NONE',  ( 49.70000000000000284, 1.220000000000005747, 1.110000000000001430 ) ) ;
#3682 = LINE ( 'NONE', #3543, #232 ) ;
#3683 = VERTEX_POINT ( 'NONE', #2603 ) ;
#3684 = EDGE_CURVE ( 'NONE', #620, #1574, #3453, .T. ) ;
#3685 = CARTESIAN_POINT ( 'NONE',  ( 82.26999999999900126, 5.980000000000111449, 0.5100000000010000978 ) ) ;
#3686 = FACE_OUTER_BOUND ( 'NONE', #1961, .T. ) ;
#3687 = LINE ( 'NONE', #3009, #414 ) ;
#3688 = ORIENTED_EDGE ( 'NONE', *, *, #432, .T. ) ;
#3689 = DIRECTION ( 'NONE',  ( 0.000000000000000000, -5.551115123125783935E-17, 1.000000000000000000 ) ) ;
#3690 = DIRECTION ( 'NONE',  ( 0.000000000000000000, 0.000000000000000000, -1.000000000000000000 ) ) ;
#3691 = EDGE_CURVE ( 'NONE', #3589, #869, #3206, .T. ) ;
#3692 = DIRECTION ( 'NONE',  ( 0.000000000000000000, 0.000000000000000000, 1.000000000000000000 ) ) ;
#3693 = FACE_OUTER_BOUND ( 'NONE', #4504, .T. ) ;
#3694 = LINE ( 'NONE', #2452, #4569 ) ;
#3695 = DIRECTION ( 'NONE',  ( 0.000000000000000000, -5.551115123125783935E-17, 1.000000000000000000 ) ) ;
#3696 = FACE_OUTER_BOUND ( 'NONE', #2733, .T. ) ;
#3697 =( NAMED_UNIT ( * ) PLANE_ANGLE_UNIT ( ) SI_UNIT ( $, .RADIAN. ) );
#3698 = CIRCLE ( 'NONE', #361, 2.449999999999997957 ) ;
#3699 = VERTEX_POINT ( 'NONE', #689 ) ;
#3700 = AXIS2_PLACEMENT_3D ( 'NONE', #486, #4013, #3289 ) ;
#3701 = DIRECTION ( 'NONE',  ( 1.000000000000000000, 0.000000000000000000, 0.000000000000000000 ) ) ;
#3702 = EDGE_CURVE ( 'NONE', #1631, #2647, #4395, .T. ) ;
#3703 = FACE_BOUND ( 'NONE', #4706, .T. ) ;
#3704 = DIRECTION ( 'NONE',  ( -0.000000000000000000, -1.000000000000000000, -0.000000000000000000 ) ) ;
#3705 = ORIENTED_EDGE ( 'NONE', *, *, #3405, .T. ) ;
#3706 = EDGE_LOOP ( 'NONE', ( #2841, #4121, #3746, #41 ) ) ;
#3707 = AXIS2_PLACEMENT_3D ( 'NONE', #2072, #2459, #438 ) ;
#3708 = CARTESIAN_POINT ( 'NONE',  ( 22.04926735356654177, 2.200000000000000178, -10.00000000000000000 ) ) ;
#3709 = ORIENTED_EDGE ( 'NONE', *, *, #1755, .T. ) ;
#3710 = CARTESIAN_POINT ( 'NONE',  ( 86.20000000000000284, 5.000000000000000000, 11.50000000000000000 ) ) ;
#3711 = CYLINDRICAL_SURFACE ( 'NONE', #2057, 2.949999999999996625 ) ;
#3712 = VERTEX_POINT ( 'NONE', #1926 ) ;
#3713 = ORIENTED_EDGE ( 'NONE', *, *, #678, .F. ) ;
#3714 = CARTESIAN_POINT ( 'NONE',  ( 90.20000000000000284, 5.000000000000000000, 11.50000000000000000 ) ) ;
#3715 = DIRECTION ( 'NONE',  ( 0.000000000000000000, 1.000000000000000000, 0.000000000000000000 ) ) ;
#3716 = CARTESIAN_POINT ( 'NONE',  ( 26.89999999999999858, 0.000000000000000000, -4.299999999999998046 ) ) ;
#3717 = ORIENTED_EDGE ( 'NONE', *, *, #3728, .F. ) ;
#3718 = ORIENTED_EDGE ( 'NONE', *, *, #1815, .T. ) ;
#3719 = ORIENTED_EDGE ( 'NONE', *, *, #1276, .F. ) ;
#3720 = VERTEX_POINT ( 'NONE', #1122 ) ;
#3721 = FACE_OUTER_BOUND ( 'NONE', #1664, .T. ) ;
#3722 = EDGE_CURVE ( 'NONE', #993, #4734, #2418, .T. ) ;
#3723 = VERTEX_POINT ( 'NONE', #760 ) ;
#3724 = EDGE_LOOP ( 'NONE', ( #2753, #2794, #97, #4263 ) ) ;
#3725 = ORIENTED_EDGE ( 'NONE', *, *, #3405, .F. ) ;
#3726 = ORIENTED_EDGE ( 'NONE', *, *, #4688, .T. ) ;
#3727 = DIRECTION ( 'NONE',  ( 0.000000000000000000, 1.000000000000000000, 0.000000000000000000 ) ) ;
#3728 = EDGE_CURVE ( 'NONE', #2968, #3241, #3141, .T. ) ;
#3729 = ADVANCED_FACE ( 'NONE', ( #2773 ), #4231, .F. ) ;
#3730 = ORIENTED_EDGE ( 'NONE', *, *, #60, .T. ) ;
#3731 = AXIS2_PLACEMENT_3D ( 'NONE', #3303, #1748, #4815 ) ;
#3732 = ORIENTED_EDGE ( 'NONE', *, *, #3103, .F. ) ;
#3733 = DIRECTION ( 'NONE',  ( -0.000000000000000000, 1.000000000000000000, -0.000000000000000000 ) ) ;
#3734 = EDGE_CURVE ( 'NONE', #3381, #1106, #4175, .T. ) ;
#3735 = ORIENTED_EDGE ( 'NONE', *, *, #4079, .F. ) ;
#3736 = CARTESIAN_POINT ( 'NONE',  ( 84.90000000000000568, -0.4000000000000000222, -53.29999999999999716 ) ) ;
#3737 = CARTESIAN_POINT ( 'NONE',  ( 0.000000000000000000, 12.30000000000000071, 0.000000000000000000 ) ) ;
#3738 = ADVANCED_FACE ( 'NONE', ( #3696 ), #54, .T. ) ;
#3739 = AXIS2_PLACEMENT_3D ( 'NONE', #1233, #3573, #4720 ) ;
#3740 = DIRECTION ( 'NONE',  ( -1.000000000000000000, -0.000000000000000000, -0.000000000000000000 ) ) ;
#3741 = VECTOR ( 'NONE', #809, 1000.000000000000000 ) ;
#3742 = CARTESIAN_POINT ( 'NONE',  ( 61.18938018067199636, 7.570000000000004725, -0.8000000000000001554 ) ) ;
#3743 = DIRECTION ( 'NONE',  ( 0.000000000000000000, 0.000000000000000000, -1.000000000000000000 ) ) ;
#3744 = CARTESIAN_POINT ( 'NONE',  ( 90.20000000000000284, 5.350000000000009415, -32.38999999999995794 ) ) ;
#3745 = DIRECTION ( 'NONE',  ( -0.000000000000000000, -1.000000000000000000, -0.000000000000000000 ) ) ;
#3746 = ORIENTED_EDGE ( 'NONE', *, *, #4730, .F. ) ;
#3747 = DIRECTION ( 'NONE',  ( 1.000000000000000000, 0.000000000000000000, -0.000000000000000000 ) ) ;
#3748 = DIRECTION ( 'NONE',  ( -1.000000000000000000, 0.000000000000000000, 0.000000000000000000 ) ) ;
#3749 = CARTESIAN_POINT ( 'NONE',  ( 89.80000000000002558, 12.30000000000000071, -57.79999999999999716 ) ) ;
#3750 = FACE_OUTER_BOUND ( 'NONE', #1279, .T. ) ;
#3751 = LINE ( 'NONE', #995, #3380 ) ;
#3752 = ORIENTED_EDGE ( 'NONE', *, *, #2959, .T. ) ;
#3753 = CARTESIAN_POINT ( 'NONE',  ( 62.24037910436499743, 8.494879052847529977, -0.8000000000000001554 ) ) ;
#3754 = EDGE_CURVE ( 'NONE', #2985, #431, #2184, .T. ) ;
#3755 = CYLINDRICAL_SURFACE ( 'NONE', #264, 0.4000000000000010214 ) ;
#3756 = ORIENTED_EDGE ( 'NONE', *, *, #4532, .T. ) ;
#3757 = DIRECTION ( 'NONE',  ( 1.000000000000000000, 0.000000000000000000, -0.000000000000000000 ) ) ;
#3758 = ADVANCED_FACE ( 'NONE', ( #1142, #835, #2119, #135 ), #3899, .F. ) ;
#3759 = CIRCLE ( 'NONE', #2395, 2.000000000000000000 ) ;
#3760 = ORIENTED_EDGE ( 'NONE', *, *, #3207, .T. ) ;
#3761 = CARTESIAN_POINT ( 'NONE',  ( 84.90000000000000568, -0.4000000000000000222, -53.29999999999999716 ) ) ;
#3762 = FACE_OUTER_BOUND ( 'NONE', #3430, .T. ) ;
#3763 = ORIENTED_EDGE ( 'NONE', *, *, #4656, .T. ) ;
#3764 = CARTESIAN_POINT ( 'NONE',  ( 1.600000000000000089, 12.30000000000000071, -0.8000000000000000444 ) ) ;
#3765 = DIRECTION ( 'NONE',  ( -0.000000000000000000, 1.000000000000000000, -0.000000000000000000 ) ) ;
#3766 = CIRCLE ( 'NONE', #1657, 2.950000000000001066 ) ;
#3767 = EDGE_LOOP ( 'NONE', ( #2700, #3476, #1707, #1444 ) ) ;
#3768 = AXIS2_PLACEMENT_3D ( 'NONE', #1616, #2441, #3542 ) ;
#3769 = ORIENTED_EDGE ( 'NONE', *, *, #2759, .F. ) ;
#3770 = ORIENTED_EDGE ( 'NONE', *, *, #2169, .F. ) ;
#3771 = AXIS2_PLACEMENT_3D ( 'NONE', #3852, #370, #2342 ) ;
#3772 = DIRECTION ( 'NONE',  ( 1.000000000000000000, 0.000000000000000000, 0.000000000000000000 ) ) ;
#3773 = VECTOR ( 'NONE', #1116, 1000.000000000000000 ) ;
#3774 = DIRECTION ( 'NONE',  ( -1.000000000000000000, 0.000000000000000000, 0.000000000000000000 ) ) ;
#3775 = DIRECTION ( 'NONE',  ( 0.000000000000000000, -1.000000000000000000, -0.000000000000000000 ) ) ;
#3776 = DIRECTION ( 'NONE',  ( 0.000000000000000000, 1.000000000000000000, 0.000000000000000000 ) ) ;
#3777 = PLANE ( 'NONE',  #1041 ) ;
#3778 = ORIENTED_EDGE ( 'NONE', *, *, #3173, .F. ) ;
#3779 = ADVANCED_FACE ( 'NONE', ( #4632, #3634 ), #1977, .F. ) ;
#3780 = DIRECTION ( 'NONE',  ( -1.000000000000000000, 0.000000000000000000, 0.000000000000000000 ) ) ;
#3781 = DIRECTION ( 'NONE',  ( 0.000000000000000000, -0.8191520442889947962, 0.5735764363510418296 ) ) ;
#3782 = ORIENTED_EDGE ( 'NONE', *, *, #2451, .T. ) ;
#3783 = AXIS2_PLACEMENT_3D ( 'NONE', #3749, #276, #658 ) ;
#3784 = CARTESIAN_POINT ( 'NONE',  ( 26.89999999999999858, -0.4000000000000000222, -4.299999999999998046 ) ) ;
#3785 = EDGE_LOOP ( 'NONE', ( #4133, #4739, #4007, #2387 ) ) ;
#3786 = ORIENTED_EDGE ( 'NONE', *, *, #4636, .F. ) ;
#3787 = DIRECTION ( 'NONE',  ( 0.000000000000000000, 1.000000000000000000, 0.000000000000000000 ) ) ;
#3788 = VERTEX_POINT ( 'NONE', #4214 ) ;
#3789 = LINE ( 'NONE', #1865, #3242 ) ;
#3790 = ORIENTED_EDGE ( 'NONE', *, *, #4045, .F. ) ;
#3791 = EDGE_CURVE ( 'NONE', #1476, #1163, #1572, .T. ) ;
#3792 = DIRECTION ( 'NONE',  ( 0.000000000000000000, -5.551115123125783935E-17, 1.000000000000000000 ) ) ;
#3793 = EDGE_LOOP ( 'NONE', ( #2327, #2895, #3281, #548 ) ) ;
#3794 = LINE ( 'NONE', #3657, #4897 ) ;
#3795 = ORIENTED_EDGE ( 'NONE', *, *, #3559, .F. ) ;
#3796 = AXIS2_PLACEMENT_3D ( 'NONE', #2962, #4438, #217 ) ;
#3797 = VECTOR ( 'NONE', #1269, 1000.000000000000000 ) ;
#3798 = DIRECTION ( 'NONE',  ( -1.000000000000000000, -0.000000000000000000, -0.000000000000000000 ) ) ;
#3799 = EDGE_CURVE ( 'NONE', #1933, #193, #4048, .T. ) ;
#3800 = CARTESIAN_POINT ( 'NONE',  ( 1.600000000000000089, 4.100000000000011191, -0.8000000000000000444 ) ) ;
#3801 = LINE ( 'NONE', #4284, #696 ) ;
#3802 = ADVANCED_FACE ( 'NONE', ( #3572 ), #3091, .T. ) ;
#3803 = ADVANCED_FACE ( 'NONE', ( #3515, #2478 ), #3526, .F. ) ;
#3804 = CYLINDRICAL_SURFACE ( 'NONE', #4424, 1.399999999999999467 ) ;
#3805 = EDGE_CURVE ( 'NONE', #3362, #2804, #1381, .T. ) ;
#3806 = DIRECTION ( 'NONE',  ( -0.000000000000000000, -1.000000000000000000, -0.000000000000000000 ) ) ;
#3807 = ORIENTED_EDGE ( 'NONE', *, *, #3617, .F. ) ;
#3808 = AXIS2_PLACEMENT_3D ( 'NONE', #2290, #332, #4973 ) ;
#3809 = VECTOR ( 'NONE', #4093, 1000.000000000000000 ) ;
#3810 = VECTOR ( 'NONE', #3641, 1000.000000000000000 ) ;
#3811 = FACE_OUTER_BOUND ( 'NONE', #1480, .T. ) ;
#3812 = EDGE_CURVE ( 'NONE', #2241, #1485, #1780, .T. ) ;
#3813 = VECTOR ( 'NONE', #1061, 1000.000000000000000 ) ;
#3814 = CARTESIAN_POINT ( 'NONE',  ( 84.90000000000000568, -0.4000000000000000222, -4.299999999999998046 ) ) ;
#3815 = LINE ( 'NONE', #3475, #4177 ) ;
#3816 = VERTEX_POINT ( 'NONE', #411 ) ;
#3817 = DIRECTION ( 'NONE',  ( -0.000000000000000000, 1.102578480493733066E-16, -1.000000000000000000 ) ) ;
#3818 = VECTOR ( 'NONE', #3120, 1000.000000000000000 ) ;
#3819 = EDGE_CURVE ( 'NONE', #1101, #4242, #423, .T. ) ;
#3820 = ORIENTED_EDGE ( 'NONE', *, *, #4860, .F. ) ;
#3821 = AXIS2_PLACEMENT_3D ( 'NONE', #1834, #3806, #1487 ) ;
#3822 = EDGE_CURVE ( 'NONE', #3643, #4605, #4864, .T. ) ;
#3823 = ADVANCED_FACE ( 'NONE', ( #705 ), #67, .F. ) ;
#3824 = VECTOR ( 'NONE', #2402, 1000.000000000000000 ) ;
#3825 = ORIENTED_EDGE ( 'NONE', *, *, #2661, .T. ) ;
#3826 = CARTESIAN_POINT ( 'NONE',  ( 89.40000000000000568, -1.199999999999999956, 10.58348486100883434 ) ) ;
#3827 = ORIENTED_EDGE ( 'NONE', *, *, #2609, .T. ) ;
#3828 = AXIS2_PLACEMENT_3D ( 'NONE', #841, #1632, #3977 ) ;
#3829 = CARTESIAN_POINT ( 'NONE',  ( 89.80000000000001137, 8.050000000000029132, -27.38999999999995794 ) ) ;
#3830 = CIRCLE ( 'NONE', #406, 2.000000000000000000 ) ;
#3831 = ADVANCED_FACE ( 'NONE', ( #4278 ), #3391, .F. ) ;
#3832 = CARTESIAN_POINT ( 'NONE',  ( 90.10652038899344518, -0.4934796110065565733, 13.10380755409742903 ) ) ;
#3833 = ORIENTED_EDGE ( 'NONE', *, *, #3195, .F. ) ;
#3834 = ORIENTED_EDGE ( 'NONE', *, *, #4137, .F. ) ;
#3835 = ORIENTED_EDGE ( 'NONE', *, *, #233, .F. ) ;
#3836 = AXIS2_PLACEMENT_3D ( 'NONE', #4159, #1431, #1096 ) ;
#3837 = DIRECTION ( 'NONE',  ( 0.000000000000000000, 2.710505431213753985E-15, 1.000000000000000000 ) ) ;
#3838 = ORIENTED_EDGE ( 'NONE', *, *, #1372, .F. ) ;
#3839 = VERTEX_POINT ( 'NONE', #3143 ) ;
#3840 = DIRECTION ( 'NONE',  ( 0.000000000000000000, 0.000000000000000000, 1.000000000000000000 ) ) ;
#3841 = FACE_BOUND ( 'NONE', #4235, .T. ) ;
#3842 = DIRECTION ( 'NONE',  ( -0.000000000000000000, 1.000000000000000000, -0.000000000000000000 ) ) ;
#3843 = DIRECTION ( 'NONE',  ( -1.000000000000000000, 0.000000000000000000, 0.000000000000000000 ) ) ;
#3844 = DIRECTION ( 'NONE',  ( 0.000000000000000000, 0.000000000000000000, 1.000000000000000000 ) ) ;
#3845 = EDGE_CURVE ( 'NONE', #4808, #4814, #4924, .T. ) ;
#3846 = CARTESIAN_POINT ( 'NONE',  ( 24.04926735356654532, 2.200000000000000178, 0.000000000000000000 ) ) ;
#3847 = LINE ( 'NONE', #3081, #2866 ) ;
#3848 = DIRECTION ( 'NONE',  ( 1.000000000000000000, 0.000000000000000000, 0.000000000000000000 ) ) ;
#3849 = DIRECTION ( 'NONE',  ( 1.000000000000000000, -0.000000000000000000, -0.000000000000000000 ) ) ;
#3850 = ADVANCED_FACE ( 'NONE', ( #3693, #1086 ), #1597, .F. ) ;
#3851 = EDGE_LOOP ( 'NONE', ( #4265, #1204, #3591, #3969, #3034 ) ) ;
#3852 = CARTESIAN_POINT ( 'NONE',  ( 84.90000000000000568, -0.7999999999999999334, -4.299999999999998046 ) ) ;
#3853 = DIRECTION ( 'NONE',  ( 0.000000000000000000, 0.000000000000000000, 1.000000000000000000 ) ) ;
#3854 = CARTESIAN_POINT ( 'NONE',  ( 90.20000000000000284, 1.656900085182863913, 16.23958679206844735 ) ) ;
#3855 = CIRCLE ( 'NONE', #2791, 0.6999999999999992895 ) ;
#3856 = VECTOR ( 'NONE', #1925, 1000.000000000000227 ) ;
#3857 = VERTEX_POINT ( 'NONE', #86 ) ;
#3858 = AXIS2_PLACEMENT_3D ( 'NONE', #1108, #336, #2981 ) ;
#3859 = DIRECTION ( 'NONE',  ( 0.000000000000000000, 0.000000000000000000, -1.000000000000000000 ) ) ;
#3860 = SURFACE_STYLE_FILL_AREA ( #2898 ) ;
#3861 = VECTOR ( 'NONE', #4945, 1000.000000000000000 ) ;
#3862 = VERTEX_POINT ( 'NONE', #454 ) ;
#3863 = EDGE_CURVE ( 'NONE', #4200, #1399, #3759, .T. ) ;
#3864 = CARTESIAN_POINT ( 'NONE',  ( 48.29999999999999716, 12.30000000000000071, -0.8000000000000000444 ) ) ;
#3865 = DIRECTION ( 'NONE',  ( 0.000000000000000000, 0.000000000000000000, 1.000000000000000000 ) ) ;
#3866 = LINE ( 'NONE', #3186, #3259 ) ;
#3867 = ORIENTED_EDGE ( 'NONE', *, *, #1470, .T. ) ;
#3868 = CARTESIAN_POINT ( 'NONE',  ( 20.04926735356653467, 2.200000000000000622, -10.00000000000000000 ) ) ;
#3869 = CARTESIAN_POINT ( 'NONE',  ( 26.89999999999999858, -0.3999999999999999667, -53.29999999999999716 ) ) ;
#3870 = CARTESIAN_POINT ( 'NONE',  ( 84.22010101267767368, 11.19622312751839388, 11.28362312044449389 ) ) ;
#3871 = CIRCLE ( 'NONE', #4670, 0.6999999999999992895 ) ;
#3872 = VERTEX_POINT ( 'NONE', #1238 ) ;
#3873 = DIRECTION ( 'NONE',  ( 0.000000000000000000, 0.8191520442889947962, -0.5735764363510418296 ) ) ;
#3874 = CIRCLE ( 'NONE', #4610, 0.4000000000000010214 ) ;
#3875 = AXIS2_PLACEMENT_3D ( 'NONE', #858, #3575, #4740 ) ;
#3876 = CIRCLE ( 'NONE', #2678, 1.399999999999998579 ) ;
#3877 = ORIENTED_EDGE ( 'NONE', *, *, #4882, .T. ) ;
#3878 = CARTESIAN_POINT ( 'NONE',  ( 51.04999999999999716, -37.15000000000000568, -0.8000000000000000444 ) ) ;
#3879 = PLANE ( 'NONE',  #4147 ) ;
#3880 = CIRCLE ( 'NONE', #674, 1.499999999999996891 ) ;
#3881 = ORIENTED_EDGE ( 'NONE', *, *, #310, .F. ) ;
#3882 = EDGE_CURVE ( 'NONE', #956, #632, #418, .T. ) ;
#3883 = ADVANCED_FACE ( 'NONE', ( #4628 ), #2703, .F. ) ;
#3884 = DIRECTION ( 'NONE',  ( 0.000000000000000000, 1.000000000000000000, -5.551115123125781470E-17 ) ) ;
#3885 = LINE ( 'NONE', #2631, #2189 ) ;
#3886 = DIRECTION ( 'NONE',  ( 0.000000000000000000, 0.000000000000000000, -1.000000000000000000 ) ) ;
#3887 = ORIENTED_EDGE ( 'NONE', *, *, #1654, .T. ) ;
#3888 = DIRECTION ( 'NONE',  ( 0.000000000000000000, 0.000000000000000000, 1.000000000000000000 ) ) ;
#3889 = EDGE_CURVE ( 'NONE', #3857, #4934, #4172, .T. ) ;
#3890 = CYLINDRICAL_SURFACE ( 'NONE', #1287, 0.4000000000000010214 ) ;
#3891 = AXIS2_PLACEMENT_3D ( 'NONE', #2112, #3727, #188 ) ;
#3892 = VERTEX_POINT ( 'NONE', #2372 ) ;
#3893 = EDGE_CURVE ( 'NONE', #2470, #1842, #4044, .T. ) ;
#3894 = CARTESIAN_POINT ( 'NONE',  ( 84.90000000000000568, -1.199999999999999956, -5.799999999999995381 ) ) ;
#3895 = CARTESIAN_POINT ( 'NONE',  ( 26.89999999999999858, -0.3999999999999999667, -53.29999999999999716 ) ) ;
#3896 = EDGE_CURVE ( 'NONE', #1760, #3282, #1027, .T. ) ;
#3897 = ORIENTED_EDGE ( 'NONE', *, *, #1478, .F. ) ;
#3898 = EDGE_CURVE ( 'NONE', #4134, #3273, #2474, .T. ) ;
#3899 = PLANE ( 'NONE',  #2300 ) ;
#3900 = DIRECTION ( 'NONE',  ( 1.000000000000000000, 0.000000000000000000, 0.000000000000000000 ) ) ;
#3901 = ORIENTED_EDGE ( 'NONE', *, *, #4627, .F. ) ;
#3902 = ORIENTED_EDGE ( 'NONE', *, *, #4236, .F. ) ;
#3903 = DIRECTION ( 'NONE',  ( -0.000000000000000000, 0.9953961983671795188, 0.09584575252021718117 ) ) ;
#3904 = AXIS2_PLACEMENT_3D ( 'NONE', #287, #2563, #1047 ) ;
#3905 = ORIENTED_EDGE ( 'NONE', *, *, #3947, .F. ) ;
#3906 = CARTESIAN_POINT ( 'NONE',  ( 0.000000000000000000, 0.000000000000000000, 0.000000000000000000 ) ) ;
#3907 = VERTEX_POINT ( 'NONE', #2750 ) ;
#3908 = ADVANCED_FACE ( 'NONE', ( #4391 ), #4673, .F. ) ;
#3909 = CYLINDRICAL_SURFACE ( 'NONE', #948, 1.880000000000010996 ) ;
#3910 = ORIENTED_EDGE ( 'NONE', *, *, #3428, .F. ) ;
#3911 = ORIENTED_EDGE ( 'NONE', *, *, #3754, .F. ) ;
#3912 = EDGE_CURVE ( 'NONE', #1851, #3643, #1698, .T. ) ;
#3913 = CARTESIAN_POINT ( 'NONE',  ( 9.799999999999998934, 5.000000000000000888, 11.50000000000000000 ) ) ;
#3914 = VECTOR ( 'NONE', #512, 1000.000000000000000 ) ;
#3915 = ORIENTED_EDGE ( 'NONE', *, *, #513, .T. ) ;
#3916 = DIRECTION ( 'NONE',  ( 0.000000000000000000, 0.000000000000000000, -1.000000000000000000 ) ) ;
#3917 = EDGE_CURVE ( 'NONE', #4734, #3221, #2348, .T. ) ;
#3918 = DIRECTION ( 'NONE',  ( 0.000000000000000000, 0.000000000000000000, -1.000000000000000000 ) ) ;
#3919 = ADVANCED_FACE ( 'NONE', ( #2113 ), #1629, .F. ) ;
#3920 = VECTOR ( 'NONE', #1275, 1000.000000000000000 ) ;
#3921 = CARTESIAN_POINT ( 'NONE',  ( 49.28827981162193339, 7.436518215854029279, 0.000000000000000000 ) ) ;
#3922 = EDGE_CURVE ( 'NONE', #1851, #2515, #299, .T. ) ;
#3923 = DIRECTION ( 'NONE',  ( -0.000000000000000000, -1.000000000000000000, -0.000000000000000000 ) ) ;
#3924 = VECTOR ( 'NONE', #4481, 1000.000000000000000 ) ;
#3925 = ORIENTED_EDGE ( 'NONE', *, *, #1505, .F. ) ;
#3926 = AXIS2_PLACEMENT_3D ( 'NONE', #3253, #1764, #2530 ) ;
#3927 = CARTESIAN_POINT ( 'NONE',  ( 72.20000000000000284, 4.397177131284819573, 9.593011644253174097 ) ) ;
#3928 = AXIS2_PLACEMENT_3D ( 'NONE', #1208, #3198, #856 ) ;
#3929 = ORIENTED_EDGE ( 'NONE', *, *, #3691, .F. ) ;
#3930 = VECTOR ( 'NONE', #2825, 999.9999999999998863 ) ;
#3931 = CARTESIAN_POINT ( 'NONE',  ( 72.12999999999900069, 12.30000000000000071, 0.000000000000000000 ) ) ;
#3932 = DIRECTION ( 'NONE',  ( 1.000000000000000000, -0.000000000000000000, -0.000000000000000000 ) ) ;
#3933 = CARTESIAN_POINT ( 'NONE',  ( 86.20000000000000284, 12.30000000000000071, 0.000000000000000000 ) ) ;
#3934 = VECTOR ( 'NONE', #1479, 1000.000000000000000 ) ;
#3935 = ORIENTED_EDGE ( 'NONE', *, *, #3365, .F. ) ;
#3936 = CIRCLE ( 'NONE', #778, 0.4000000000000010214 ) ;
#3937 = DIRECTION ( 'NONE',  ( 0.000000000000000000, 0.000000000000000000, 1.000000000000000000 ) ) ;
#3938 = EDGE_CURVE ( 'NONE', #921, #4342, #3267, .T. ) ;
#3939 = CARTESIAN_POINT ( 'NONE',  ( 9.799999999999998934, 11.20000000000000107, 11.42393678815282243 ) ) ;
#3940 = VECTOR ( 'NONE', #1620, 1000.000000000000000 ) ;
#3941 = VERTEX_POINT ( 'NONE', #1754 ) ;
#3942 = ORIENTED_EDGE ( 'NONE', *, *, #98, .T. ) ;
#3943 = CARTESIAN_POINT ( 'NONE',  ( 86.20000000000000284, 3.374689063315322812, 17.48317343548498570 ) ) ;
#3944 = CARTESIAN_POINT ( 'NONE',  ( 5.799999999999999822, 5.000000000000000000, 11.50000000000000000 ) ) ;
#3945 = LINE ( 'NONE', #1232, #1462 ) ;
#3946 = VERTEX_POINT ( 'NONE', #2069 ) ;
#3947 = EDGE_CURVE ( 'NONE', #2132, #441, #3134, .T. ) ;
#3948 = CARTESIAN_POINT ( 'NONE',  ( 0.000000000000000000, 12.30000000000000071, -57.40000000000001279 ) ) ;
#3949 = ORIENTED_EDGE ( 'NONE', *, *, #1791, .T. ) ;
#3950 = CARTESIAN_POINT ( 'NONE',  ( 89.80000000000001137, 4.550000000000028244, -23.38999999999996149 ) ) ;
#3951 = ORIENTED_EDGE ( 'NONE', *, *, #3229, .F. ) ;
#3952 = DIRECTION ( 'NONE',  ( 0.000000000000000000, 0.000000000000000000, -1.000000000000000000 ) ) ;
#3953 = ORIENTED_EDGE ( 'NONE', *, *, #1569, .F. ) ;
#3954 = DIRECTION ( 'NONE',  ( 0.000000000000000000, 1.000000000000000000, 0.000000000000000000 ) ) ;
#3955 = ORIENTED_EDGE ( 'NONE', *, *, #4882, .F. ) ;
#3956 = AXIS2_PLACEMENT_3D ( 'NONE', #793, #1571, #734 ) ;
#3957 = CARTESIAN_POINT ( 'NONE',  ( 84.90000000000000568, -0.4000000000000000222, -50.35000000000000853 ) ) ;
#3958 = DIRECTION ( 'NONE',  ( -0.000000000000000000, -0.000000000000000000, 1.000000000000000000 ) ) ;
#3959 = ORIENTED_EDGE ( 'NONE', *, *, #2589, .T. ) ;
#3960 = DIRECTION ( 'NONE',  ( 0.000000000000000000, 0.000000000000000000, -1.000000000000000000 ) ) ;
#3961 = LINE ( 'NONE', #1324, #2862 ) ;
#3962 = DIRECTION ( 'NONE',  ( -0.000000000000000000, 0.08715574274765904017, -0.9961946980917455452 ) ) ;
#3963 = ORIENTED_EDGE ( 'NONE', *, *, #1774, .T. ) ;
#3964 = CARTESIAN_POINT ( 'NONE',  ( 84.90000000000000568, -0.4000000000000000222, -53.29999999999999716 ) ) ;
#3965 = CARTESIAN_POINT ( 'NONE',  ( 90.20000000000000284, 5.350000000000009415, -23.38999999999996149 ) ) ;
#3966 = CARTESIAN_POINT ( 'NONE',  ( 89.52472184767620433, -1.075278152323808856, 12.11283376058562133 ) ) ;
#3967 = AXIS2_PLACEMENT_3D ( 'NONE', #4911, #687, #4599 ) ;
#3968 = EDGE_CURVE ( 'NONE', #3026, #1399, #66, .T. ) ;
#3969 = ORIENTED_EDGE ( 'NONE', *, *, #4724, .F. ) ;
#3970 = CIRCLE ( 'NONE', #372, 2.000000000000005329 ) ;
#3971 = VERTEX_POINT ( 'NONE', #3623 ) ;
#3972 = EDGE_CURVE ( 'NONE', #1236, #2012, #1318, .T. ) ;
#3973 = CARTESIAN_POINT ( 'NONE',  ( 26.89999999999999858, -0.4000000000000000222, -56.25000000000000000 ) ) ;
#3974 = DIRECTION ( 'NONE',  ( 1.000000000000000000, -0.000000000000000000, -0.000000000000000000 ) ) ;
#3975 = VECTOR ( 'NONE', #2751, 1000.000000000000000 ) ;
#3976 = EDGE_CURVE ( 'NONE', #1330, #473, #659, .T. ) ;
#3977 = DIRECTION ( 'NONE',  ( 0.000000000000000000, 0.000000000000000000, 1.000000000000000000 ) ) ;
#3978 = AXIS2_PLACEMENT_3D ( 'NONE', #4592, #2326, #2294 ) ;
#3979 = ORIENTED_EDGE ( 'NONE', *, *, #2416, .T. ) ;
#3980 = CARTESIAN_POINT ( 'NONE',  ( 90.20000000000000284, 4.469680951271474356, 17.41935483870967616 ) ) ;
#3981 = LINE ( 'NONE', #1679, #1873 ) ;
#3982 = VECTOR ( 'NONE', #4288, 1000.000000000000000 ) ;
#3983 = EDGE_CURVE ( 'NONE', #3683, #1016, #3874, .T. ) ;
#3984 = FACE_OUTER_BOUND ( 'NONE', #3230, .T. ) ;
#3985 = LINE ( 'NONE', #268, #2525 ) ;
#3986 = AXIS2_PLACEMENT_3D ( 'NONE', #1103, #1472, #3058 ) ;
#3987 = DIRECTION ( 'NONE',  ( 1.000000000000000000, 0.000000000000000000, 0.000000000000000000 ) ) ;
#3988 = VECTOR ( 'NONE', #4655, 999.9999999999998863 ) ;
#3989 = DIRECTION ( 'NONE',  ( 0.000000000000000000, -1.000000000000000000, 0.000000000000000000 ) ) ;
#3990 = DIRECTION ( 'NONE',  ( -0.5773502691896257311, 0.5773502691896258421, -0.5773502691896257311 ) ) ;
#3991 = CARTESIAN_POINT ( 'NONE',  ( 70.20000000000000284, 4.825688514504681947, 13.49238939618349420 ) ) ;
#3992 = VECTOR ( 'NONE', #246, 1000.000000000000000 ) ;
#3993 = VERTEX_POINT ( 'NONE', #4799 ) ;
#3994 = ORIENTED_EDGE ( 'NONE', *, *, #3691, .T. ) ;
#3995 = DIRECTION ( 'NONE',  ( 0.000000000000000000, -1.000000000000000000, 5.551115123125781470E-17 ) ) ;
#3996 = CIRCLE ( 'NONE', #1980, 1.500000000000000444 ) ;
#3997 = EDGE_LOOP ( 'NONE', ( #4898, #1653 ) ) ;
#3998 = CARTESIAN_POINT ( 'NONE',  ( 89.48598645741543578, -1.114013542584572747, 12.53284605689441022 ) ) ;
#3999 = ORIENTED_EDGE ( 'NONE', *, *, #3467, .F. ) ;
#4000 = ADVANCED_FACE ( 'NONE', ( #3629 ), #3646, .F. ) ;
#4001 = EDGE_CURVE ( 'NONE', #4194, #2922, #4794, .T. ) ;
#4002 = ORIENTED_EDGE ( 'NONE', *, *, #4598, .T. ) ;
#4003 = DIRECTION ( 'NONE',  ( 0.000000000000000000, 0.000000000000000000, 1.000000000000000000 ) ) ;
#4004 = CIRCLE ( 'NONE', #2842, 1.880000000000006555 ) ;
#4005 = ORIENTED_EDGE ( 'NONE', *, *, #1470, .F. ) ;
#4006 = CARTESIAN_POINT ( 'NONE',  ( 61.18938018067199636, 7.570000000000004725, 1.110000000000001874 ) ) ;
#4007 = ORIENTED_EDGE ( 'NONE', *, *, #348, .F. ) ;
#4008 = CARTESIAN_POINT ( 'NONE',  ( 84.90000000000000568, -0.7999999999999999334, -53.29999999999999716 ) ) ;
#4009 = VECTOR ( 'NONE', #3409, 1000.000000000000000 ) ;
#4010 = ORIENTED_EDGE ( 'NONE', *, *, #3893, .F. ) ;
#4011 = CARTESIAN_POINT ( 'NONE',  ( 24.04926735356654532, 3.200000000000000178, 0.000000000000000000 ) ) ;
#4012 = VERTEX_POINT ( 'NONE', #1332 ) ;
#4013 = DIRECTION ( 'NONE',  ( 0.000000000000000000, 1.000000000000000000, 5.551115123125783935E-17 ) ) ;
#4014 = CARTESIAN_POINT ( 'NONE',  ( 90.20000000000000284, 5.944821293711741284, 17.62758620689655231 ) ) ;
#4015 = ORIENTED_EDGE ( 'NONE', *, *, #1984, .F. ) ;
#4016 = PLANE ( 'NONE',  #295 ) ;
#4017 = DIRECTION ( 'NONE',  ( -0.000000000000000000, 1.000000000000000000, -0.000000000000000000 ) ) ;
#4018 = CIRCLE ( 'NONE', #1896, 0.5999999999999998668 ) ;
#4019 = CARTESIAN_POINT ( 'NONE',  ( 89.50145243423578734, -1.098547565764208533, 12.62055797005836411 ) ) ;
#4020 = ORIENTED_EDGE ( 'NONE', *, *, #253, .F. ) ;
#4021 = CARTESIAN_POINT ( 'NONE',  ( 1.600000000000000089, 0.3999999999999837019, -0.8000000000000000444 ) ) ;
#4022 = ORIENTED_EDGE ( 'NONE', *, *, #1059, .T. ) ;
#4023 = CARTESIAN_POINT ( 'NONE',  ( 90.20000000000000284, 7.249999999999998224, 2.803313137178520659E-16 ) ) ;
#4024 = LINE ( 'NONE', #3878, #942 ) ;
#4025 = VERTEX_POINT ( 'NONE', #2897 ) ;
#4026 = DIRECTION ( 'NONE',  ( -0.000000000000000000, -1.000000000000000000, -0.000000000000000000 ) ) ;
#4027 = SURFACE_STYLE_USAGE ( .BOTH. , #586 ) ;
#4028 = VECTOR ( 'NONE', #4577, 1000.000000000000000 ) ;
#4029 = AXIS2_PLACEMENT_3D ( 'NONE', #2994, #1455, #4132 ) ;
#4030 = ADVANCED_FACE ( 'NONE', ( #180 ), #2458, .F. ) ;
#4031 = ORIENTED_EDGE ( 'NONE', *, *, #1290, .T. ) ;
#4032 = PLANE ( 'NONE',  #2340 ) ;
#4033 = EDGE_CURVE ( 'NONE', #3517, #956, #3010, .T. ) ;
#4034 = DIRECTION ( 'NONE',  ( 1.000000000000000000, 0.000000000000000000, 0.000000000000000000 ) ) ;
#4035 = CARTESIAN_POINT ( 'NONE',  ( 88.59999999999999432, 8.050000000000029132, -18.38999999999996149 ) ) ;
#4036 = ORIENTED_EDGE ( 'NONE', *, *, #4526, .F. ) ;
#4037 = DIRECTION ( 'NONE',  ( 0.000000000000000000, -0.8191520442889947962, 0.5735764363510417185 ) ) ;
#4038 = CARTESIAN_POINT ( 'NONE',  ( 84.22010101267767368, 10.93425679556992591, 11.82341348801829994 ) ) ;
#4039 = LINE ( 'NONE', #3384, #1561 ) ;
#4040 = ORIENTED_EDGE ( 'NONE', *, *, #3812, .T. ) ;
#4041 = DIRECTION ( 'NONE',  ( -1.000000000000000000, 0.000000000000000000, 0.000000000000000000 ) ) ;
#4042 = AXIS2_PLACEMENT_3D ( 'NONE', #3262, #941, #1307 ) ;
#4043 = CARTESIAN_POINT ( 'NONE',  ( 86.20000000000000284, -0.7322580645161279600, 12.38386508121421414 ) ) ;
#4044 = LINE ( 'NONE', #2007, #1998 ) ;
#4045 = EDGE_CURVE ( 'NONE', #3595, #4814, #830, .T. ) ;
#4046 = ORIENTED_EDGE ( 'NONE', *, *, #2937, .F. ) ;
#4047 = DIRECTION ( 'NONE',  ( 0.000000000000000000, -1.000000000000000000, -5.767032832369712461E-17 ) ) ;
#4048 = LINE ( 'NONE', #1559, #3014 ) ;
#4049 = ORIENTED_EDGE ( 'NONE', *, *, #2729, .T. ) ;
#4050 = AXIS2_PLACEMENT_3D ( 'NONE', #2686, #2389, #889 ) ;
#4051 = CARTESIAN_POINT ( 'NONE',  ( 90.20000000000000284, 5.350000000000009415, -18.38999999999996149 ) ) ;
#4052 = CARTESIAN_POINT ( 'NONE',  ( 89.80000000000001137, 0.000000000000000000, -9.000000000000000000 ) ) ;
#4053 = LINE ( 'NONE', #2637, #1762 ) ;
#4054 = ORIENTED_EDGE ( 'NONE', *, *, #310, .T. ) ;
#4055 = DIRECTION ( 'NONE',  ( -0.000000000000000000, 1.000000000000000000, -1.086380225050070171E-17 ) ) ;
#4056 = DIRECTION ( 'NONE',  ( 0.000000000000000000, 0.000000000000000000, -1.000000000000000000 ) ) ;
#4057 = ADVANCED_FACE ( 'NONE', ( #2593, #2765, #4678, #1564 ), #4078, .F. ) ;
#4058 = CIRCLE ( 'NONE', #2235, 0.3999999999999993006 ) ;
#4059 = ORIENTED_EDGE ( 'NONE', *, *, #2329, .T. ) ;
#4060 = ORIENTED_EDGE ( 'NONE', *, *, #4079, .T. ) ;
#4061 = CARTESIAN_POINT ( 'NONE',  ( 1.999999999999983569, 0.000000000000000000, -56.60000000000000853 ) ) ;
#4062 = AXIS2_PLACEMENT_3D ( 'NONE', #900, #3590, #120 ) ;
#4063 = FACE_OUTER_BOUND ( 'NONE', #4182, .T. ) ;
#4064 = ORIENTED_EDGE ( 'NONE', *, *, #2578, .F. ) ;
#4065 = ORIENTED_EDGE ( 'NONE', *, *, #4949, .T. ) ;
#4066 = CARTESIAN_POINT ( 'NONE',  ( 72.20000000000000284, 0.000000000000000000, 0.000000000000000000 ) ) ;
#4067 = ORIENTED_EDGE ( 'NONE', *, *, #4627, .T. ) ;
#4068 = EDGE_CURVE ( 'NONE', #2248, #142, #530, .T. ) ;
#4069 = DIRECTION ( 'NONE',  ( -0.000000000000000000, 1.470104640658311001E-16, -1.000000000000000000 ) ) ;
#4070 = PLANE ( 'NONE',  #1562 ) ;
#4071 = CARTESIAN_POINT ( 'NONE',  ( 86.20000000000000284, -0.3809942646943811351, 14.02287548708337717 ) ) ;
#4072 = VERTEX_POINT ( 'NONE', #3991 ) ;
#4073 = DIRECTION ( 'NONE',  ( -1.000000000000000000, 0.000000000000000000, 0.000000000000000000 ) ) ;
#4074 = ORIENTED_EDGE ( 'NONE', *, *, #3656, .T. ) ;
#4075 = EDGE_CURVE ( 'NONE', #3788, #1090, #2885, .T. ) ;
#4076 = ORIENTED_EDGE ( 'NONE', *, *, #4195, .T. ) ;
#4077 = AXIS2_PLACEMENT_3D ( 'NONE', #848, #3566, #3937 ) ;
#4078 = PLANE ( 'NONE',  #975 ) ;
#4079 = EDGE_CURVE ( 'NONE', #4903, #15, #4746, .T. ) ;
#4080 = DIRECTION ( 'NONE',  ( 1.000000000000000000, 0.000000000000000000, 0.000000000000000000 ) ) ;
#4081 = VECTOR ( 'NONE', #1412, 1000.000000000000000 ) ;
#4082 = DIRECTION ( 'NONE',  ( -1.000000000000000000, -0.000000000000000000, -0.000000000000000000 ) ) ;
#4083 = AXIS2_PLACEMENT_3D ( 'NONE', #2809, #4366, #3560 ) ;
#4084 = CARTESIAN_POINT ( 'NONE',  ( 1.600000000000000089, 0.3999999999999837019, -0.8000000000000000444 ) ) ;
#4085 = ORIENTED_EDGE ( 'NONE', *, *, #419, .F. ) ;
#4086 = LINE ( 'NONE', #1778, #4839 ) ;
#4087 = AXIS2_PLACEMENT_3D ( 'NONE', #4907, #325, #1100 ) ;
#4088 = DIRECTION ( 'NONE',  ( 0.000000000000000000, -1.000000000000000000, 0.000000000000000000 ) ) ;
#4089 = LINE ( 'NONE', #96, #1067 ) ;
#4090 = CARTESIAN_POINT ( 'NONE',  ( 89.80000000000001137, 4.550000000000028244, -14.38999999999996326 ) ) ;
#4091 = CARTESIAN_POINT ( 'NONE',  ( 86.20000000000000284, -0.9193548387096766028, 12.03031904872852920 ) ) ;
#4092 = CYLINDRICAL_SURFACE ( 'NONE', #1468, 2.000000000000000000 ) ;
#4093 = DIRECTION ( 'NONE',  ( -1.000000000000000000, -0.000000000000000000, 0.000000000000000000 ) ) ;
#4094 = CARTESIAN_POINT ( 'NONE',  ( 89.80000000000001137, 8.050000000000029132, -23.38999999999996149 ) ) ;
#4095 = CARTESIAN_POINT ( 'NONE',  ( 89.80000000000001137, 8.050000000000029132, -18.38999999999996149 ) ) ;
#4096 = EDGE_CURVE ( 'NONE', #2546, #4659, #960, .T. ) ;
#4097 = VECTOR ( 'NONE', #3849, 1000.000000000000000 ) ;
#4098 = CARTESIAN_POINT ( 'NONE',  ( 80.39000000001074397, 4.100000000000011191, -0.8000000000000000444 ) ) ;
#4099 = CARTESIAN_POINT ( 'NONE',  ( 26.89999999999999858, 0.000000000000000000, -7.249999999999999112 ) ) ;
#4100 = FACE_OUTER_BOUND ( 'NONE', #4869, .T. ) ;
#4101 = CARTESIAN_POINT ( 'NONE',  ( 86.20000000000000284, 3.479547833424012637, 17.09716224609885415 ) ) ;
#4102 = ADVANCED_FACE ( 'NONE', ( #4567, #1814 ), #4458, .F. ) ;
#4103 = EDGE_LOOP ( 'NONE', ( #3827, #3726 ) ) ;
#4104 = CARTESIAN_POINT ( 'NONE',  ( 84.90000000000000568, -0.7999999999999999334, -4.299999999999998046 ) ) ;
#4105 = CARTESIAN_POINT ( 'NONE',  ( 89.40000000000000568, -1.199999999999999956, -57.00000000000000000 ) ) ;
#4106 = LINE ( 'NONE', #277, #2833 ) ;
#4107 = DIRECTION ( 'NONE',  ( 0.000000000000000000, 0.000000000000000000, 1.000000000000000000 ) ) ;
#4108 = CYLINDRICAL_SURFACE ( 'NONE', #2781, 0.6999999999999992895 ) ;
#4109 = AXIS2_PLACEMENT_3D ( 'NONE', #966, #2500, #3238 ) ;
#4110 = DIRECTION ( 'NONE',  ( -0.000000000000000000, 1.000000000000000000, -0.000000000000000000 ) ) ;
#4111 = DIRECTION ( 'NONE',  ( 0.000000000000000000, -1.000000000000000000, -5.767032832369670553E-17 ) ) ;
#4112 = EDGE_CURVE ( 'NONE', #247, #3720, #4514, .T. ) ;
#4113 = FACE_OUTER_BOUND ( 'NONE', #2116, .T. ) ;
#4114 = EDGE_LOOP ( 'NONE', ( #2205, #1285, #4547, #3150 ) ) ;
#4115 = DIRECTION ( 'NONE',  ( 0.000000000000000000, 0.000000000000000000, -1.000000000000000000 ) ) ;
#4116 = EDGE_LOOP ( 'NONE', ( #4543, #1429, #3660, #1241 ) ) ;
#4117 = ORIENTED_EDGE ( 'NONE', *, *, #2800, .T. ) ;
#4118 = CARTESIAN_POINT ( 'NONE',  ( 49.70000000000000284, 2.620000000000005436, 1.110000000000001430 ) ) ;
#4119 = DIRECTION ( 'NONE',  ( 0.000000000000000000, 1.000000000000000000, 0.000000000000000000 ) ) ;
#4120 = LINE ( 'NONE', #2967, #2601 ) ;
#4121 = ORIENTED_EDGE ( 'NONE', *, *, #4437, .T. ) ;
#4122 = ORIENTED_EDGE ( 'NONE', *, *, #4532, .F. ) ;
#4123 = EDGE_LOOP ( 'NONE', ( #3719, #3460, #1978, #724 ) ) ;
#4124 = DIRECTION ( 'NONE',  ( -0.000000000000000000, 1.000000000000000000, 5.551115123125783935E-17 ) ) ;
#4125 = EDGE_CURVE ( 'NONE', #106, #4934, #4106, .T. ) ;
#4126 = ORIENTED_EDGE ( 'NONE', *, *, #3666, .T. ) ;
#4127 = ADVANCED_FACE ( 'NONE', ( #588 ), #2776, .F. ) ;
#4128 = FACE_OUTER_BOUND ( 'NONE', #3297, .T. ) ;
#4129 = ORIENTED_EDGE ( 'NONE', *, *, #2071, .F. ) ;
#4130 = CARTESIAN_POINT ( 'NONE',  ( 49.70000000000000284, 6.098427603645005135, 0.000000000000000000 ) ) ;
#4131 = PRESENTATION_LAYER_ASSIGNMENT (  '', '', ( #1022 ) ) ;
#4132 = DIRECTION ( 'NONE',  ( 0.000000000000000000, 0.000000000000000000, 1.000000000000000000 ) ) ;
#4133 = ORIENTED_EDGE ( 'NONE', *, *, #1529, .F. ) ;
#4134 = VERTEX_POINT ( 'NONE', #4105 ) ;
#4135 = ADVANCED_FACE ( 'NONE', ( #2056 ), #2204, .T. ) ;
#4136 = CARTESIAN_POINT ( 'NONE',  ( 80.20000000000000284, 5.350000000000009415, -23.38999999999996149 ) ) ;
#4137 = EDGE_CURVE ( 'NONE', #2922, #749, #4224, .T. ) ;
#4138 = DIRECTION ( 'NONE',  ( -0.6606278948918830052, -0.7507135169228799088, -4.167297156925542477E-17 ) ) ;
#4139 = LINE ( 'NONE', #2437, #4711 ) ;
#4140 = DIRECTION ( 'NONE',  ( 0.000000000000000000, 1.000000000000000000, 0.000000000000000000 ) ) ;
#4141 = DIRECTION ( 'NONE',  ( 1.000000000000000000, 0.000000000000000000, 0.000000000000000000 ) ) ;
#4142 = ORIENTED_EDGE ( 'NONE', *, *, #4229, .T. ) ;
#4143 = EDGE_CURVE ( 'NONE', #262, #2270, #2643, .T. ) ;
#4144 = ORIENTED_EDGE ( 'NONE', *, *, #3669, .F. ) ;
#4145 = CYLINDRICAL_SURFACE ( 'NONE', #3647, 1.879999999999998783 ) ;
#4146 = ORIENTED_EDGE ( 'NONE', *, *, #1542, .T. ) ;
#4147 = AXIS2_PLACEMENT_3D ( 'NONE', #4638, #1555, #1570 ) ;
#4148 = DIRECTION ( 'NONE',  ( 0.000000000000000000, 1.000000000000000000, 0.000000000000000000 ) ) ;
#4149 = DIRECTION ( 'NONE',  ( 0.000000000000000000, 0.000000000000000000, -1.000000000000000000 ) ) ;
#4150 = EDGE_CURVE ( 'NONE', #749, #4560, #2411, .T. ) ;
#4151 = ORIENTED_EDGE ( 'NONE', *, *, #1615, .T. ) ;
#4152 = CARTESIAN_POINT ( 'NONE',  ( 89.55317380823143480, -1.046826191768595260, 12.88094669120229696 ) ) ;
#4153 =( GEOMETRIC_REPRESENTATION_CONTEXT ( 3 ) GLOBAL_UNCERTAINTY_ASSIGNED_CONTEXT ( ( #1997 ) ) GLOBAL_UNIT_ASSIGNED_CONTEXT ( ( #990, #3697, #1724 ) ) REPRESENTATION_CONTEXT ( 'NONE', 'WORKASPACE' ) );
#4154 = DIRECTION ( 'NONE',  ( 0.000000000000000000, 0.000000000000000000, -1.000000000000000000 ) ) ;
#4155 = VECTOR ( 'NONE', #4965, 1000.000000000000000 ) ;
#4156 = CYLINDRICAL_SURFACE ( 'NONE', #3046, 0.5999999999999998668 ) ;
#4157 = EDGE_LOOP ( 'NONE', ( #1537, #3408, #1198, #1313 ) ) ;
#4158 = EDGE_CURVE ( 'NONE', #4184, #2012, #130, .T. ) ;
#4159 = CARTESIAN_POINT ( 'NONE',  ( 84.90000000000000568, -1.199999999999999956, -53.29999999999999716 ) ) ;
#4160 = DIRECTION ( 'NONE',  ( 0.5773502691896255090, -0.5773502691896258421, 0.5773502691896258421 ) ) ;
#4161 = CARTESIAN_POINT ( 'NONE',  ( 70.20000000000000284, 5.000000000000000000, 11.50000000000000000 ) ) ;
#4162 = ORIENTED_EDGE ( 'NONE', *, *, #772, .F. ) ;
#4163 = ADVANCED_FACE ( 'NONE', ( #4100 ), #2972, .F. ) ;
#4164 = AXIS2_PLACEMENT_3D ( 'NONE', #498, #3570, #1247 ) ;
#4165 = DIRECTION ( 'NONE',  ( 0.000000000000000000, 0.000000000000000000, 1.000000000000000000 ) ) ;
#4166 = CARTESIAN_POINT ( 'NONE',  ( 9.799999999999998934, 0.000000000000000000, 0.000000000000000000 ) ) ;
#4167 = CARTESIAN_POINT ( 'NONE',  ( 89.80000000000001137, 4.550000000000028244, -27.38999999999995794 ) ) ;
#4168 = EDGE_CURVE ( 'NONE', #4712, #4968, #1375, .T. ) ;
#4169 = CYLINDRICAL_SURFACE ( 'NONE', #4581, 6.200000000000001066 ) ;
#4170 = CYLINDRICAL_SURFACE ( 'NONE', #1924, 0.3999999999999993006 ) ;
#4171 = DIRECTION ( 'NONE',  ( 0.000000000000000000, -1.000000000000000000, -1.960139520877748001E-16 ) ) ;
#4172 = CIRCLE ( 'NONE', #2635, 1.499999999999994449 ) ;
#4173 = EDGE_CURVE ( 'NONE', #2547, #3478, #2052, .T. ) ;
#4174 = CARTESIAN_POINT ( 'NONE',  ( 26.89999999999999858, 0.000000000000000000, -53.29999999999999716 ) ) ;
#4175 = CIRCLE ( 'NONE', #1352, 0.5999999999999998668 ) ;
#4176 = EDGE_CURVE ( 'NONE', #1373, #2121, #2539, .T. ) ;
#4177 = VECTOR ( 'NONE', #4227, 1000.000000000000000 ) ;
#4178 = EDGE_LOOP ( 'NONE', ( #1880, #1045, #2774, #114, #4772, #544 ) ) ;
#4179 = CARTESIAN_POINT ( 'NONE',  ( 84.90000000000000568, -0.7999999999999999334, -53.29999999999999716 ) ) ;
#4180 = DIRECTION ( 'NONE',  ( -1.000000000000000000, 0.000000000000000000, 0.000000000000000000 ) ) ;
#4181 = CIRCLE ( 'NONE', #1549, 1.500000000000001332 ) ;
#4182 = EDGE_LOOP ( 'NONE', ( #3438, #2711 ) ) ;
#4183 = AXIS2_PLACEMENT_3D ( 'NONE', #1137, #3527, #1169 ) ;
#4184 = VERTEX_POINT ( 'NONE', #4193 ) ;
#4185 = AXIS2_PLACEMENT_3D ( 'NONE', #2064, #1309, #559 ) ;
#4186 = DIRECTION ( 'NONE',  ( 1.000000000000000000, 0.000000000000000000, 0.000000000000000000 ) ) ;
#4187 = LINE ( 'NONE', #3943, #4937 ) ;
#4188 = CARTESIAN_POINT ( 'NONE',  ( 26.89999999999999858, -0.7999999999999999334, -2.799999999999997602 ) ) ;
#4189 = CARTESIAN_POINT ( 'NONE',  ( 86.20000000000000284, 5.944821293711741284, 17.62758620689655231 ) ) ;
#4190 = FACE_BOUND ( 'NONE', #1452, .T. ) ;
#4191 = DIRECTION ( 'NONE',  ( 0.000000000000000000, 0.000000000000000000, -1.000000000000000000 ) ) ;
#4192 = VECTOR ( 'NONE', #1520, 1000.000000000000000 ) ;
#4193 = CARTESIAN_POINT ( 'NONE',  ( 84.90000000000000568, -1.199999999999999956, -55.75000000000000000 ) ) ;
#4194 = VERTEX_POINT ( 'NONE', #4923 ) ;
#4195 = EDGE_CURVE ( 'NONE', #533, #376, #4053, .T. ) ;
#4196 = CARTESIAN_POINT ( 'NONE',  ( 70.20000000000000284, 3.197185481169231291, 7.879245961033396917 ) ) ;
#4197 = VERTEX_POINT ( 'NONE', #1074 ) ;
#4198 = ORIENTED_EDGE ( 'NONE', *, *, #964, .T. ) ;
#4199 = DIRECTION ( 'NONE',  ( 0.000000000000000000, 0.000000000000000000, 1.000000000000000000 ) ) ;
#4200 = VERTEX_POINT ( 'NONE', #2255 ) ;
#4201 = EDGE_CURVE ( 'NONE', #1799, #2449, #3455, .T. ) ;
#4202 = VECTOR ( 'NONE', #176, 1000.000000000000000 ) ;
#4203 = ADVANCED_FACE ( 'NONE', ( #236 ), #3016, .T. ) ;
#4204 = AXIS2_PLACEMENT_3D ( 'NONE', #3670, #1339, #1661 ) ;
#4205 = VECTOR ( 'NONE', #3246, 1000.000000000000000 ) ;
#4206 = PLANE ( 'NONE',  #3612 ) ;
#4207 = LINE ( 'NONE', #1511, #4226 ) ;
#4208 = ORIENTED_EDGE ( 'NONE', *, *, #3203, .F. ) ;
#4209 = DIRECTION ( 'NONE',  ( 0.000000000000000000, 0.000000000000000000, 1.000000000000000000 ) ) ;
#4210 = PLANE ( 'NONE',  #4710 ) ;
#4211 = DIRECTION ( 'NONE',  ( 0.000000000000000000, 0.000000000000000000, -1.000000000000000000 ) ) ;
#4212 = VECTOR ( 'NONE', #958, 1000.000000000000000 ) ;
#4213 = ORIENTED_EDGE ( 'NONE', *, *, #4748, .T. ) ;
#4214 = CARTESIAN_POINT ( 'NONE',  ( 64.50000000000000000, 2.620000000000007212, -0.8000000000000001554 ) ) ;
#4215 = ORIENTED_EDGE ( 'NONE', *, *, #2319, .F. ) ;
#4216 = DIRECTION ( 'NONE',  ( -1.000000000000000000, 0.000000000000000000, 0.000000000000000000 ) ) ;
#4217 = CARTESIAN_POINT ( 'NONE',  ( 90.20000000000000284, 7.250000000000007994, -23.38999999999996149 ) ) ;
#4218 = FACE_OUTER_BOUND ( 'NONE', #708, .T. ) ;
#4219 = FACE_OUTER_BOUND ( 'NONE', #280, .T. ) ;
#4220 =( GEOMETRIC_REPRESENTATION_CONTEXT ( 3 ) GLOBAL_UNCERTAINTY_ASSIGNED_CONTEXT ( ( #3513 ) ) GLOBAL_UNIT_ASSIGNED_CONTEXT ( ( #3004, #1538, #1114 ) ) REPRESENTATION_CONTEXT ( 'NONE', 'WORKASPACE' ) );
#4221 = CARTESIAN_POINT ( 'NONE',  ( -4.350000000000008527, 6.349999999999994316, -0.8000000000000000444 ) ) ;
#4222 = CARTESIAN_POINT ( 'NONE',  ( 86.20000000000000284, -0.06645484669384055243, 15.07365852963213193 ) ) ;
#4223 = CARTESIAN_POINT ( 'NONE',  ( 89.80000000000001137, 5.349999999999997868, -10.19000000000000838 ) ) ;
#4224 = LINE ( 'NONE', #4477, #366 ) ;
#4225 = CARTESIAN_POINT ( 'NONE',  ( 90.20000000000000284, 12.30000000000000071, -57.40000000000001279 ) ) ;
#4226 = VECTOR ( 'NONE', #2645, 1000.000000000000114 ) ;
#4227 = DIRECTION ( 'NONE',  ( 0.000000000000000000, 5.551115123125781470E-17, 1.000000000000000000 ) ) ;
#4228 = EDGE_LOOP ( 'NONE', ( #1916, #3825, #2145, #4365 ) ) ;
#4229 = EDGE_CURVE ( 'NONE', #1573, #3175, #3936, .T. ) ;
#4230 = VECTOR ( 'NONE', #3378, 1000.000000000000000 ) ;
#4231 = PLANE ( 'NONE',  #4787 ) ;
#4232 = PLANE ( 'NONE',  #4665 ) ;
#4233 = CARTESIAN_POINT ( 'NONE',  ( 90.20000000000000284, -0.4000000000000042411, 13.19809892933436402 ) ) ;
#4234 = VECTOR ( 'NONE', #4328, 1000.000000000000000 ) ;
#4235 = EDGE_LOOP ( 'NONE', ( #2386, #922 ) ) ;
#4236 = EDGE_CURVE ( 'NONE', #843, #4715, #472, .T. ) ;
#4237 = DIRECTION ( 'NONE',  ( 1.000000000000000000, -0.000000000000000000, -0.000000000000000000 ) ) ;
#4238 = EDGE_CURVE ( 'NONE', #1113, #860, #970, .T. ) ;
#4239 = LINE ( 'NONE', #3744, #1392 ) ;
#4240 = ORIENTED_EDGE ( 'NONE', *, *, #1364, .F. ) ;
#4241 = CARTESIAN_POINT ( 'NONE',  ( 86.20000000000000284, 11.19622312751839388, 10.68362312044449425 ) ) ;
#4242 = VERTEX_POINT ( 'NONE', #3390 ) ;
#4243 = AXIS2_PLACEMENT_3D ( 'NONE', #999, #3336, #4124 ) ;
#4244 = FACE_OUTER_BOUND ( 'NONE', #3516, .T. ) ;
#4245 = ORIENTED_EDGE ( 'NONE', *, *, #4168, .F. ) ;
#4246 = VERTEX_POINT ( 'NONE', #1493 ) ;
#4247 = CARTESIAN_POINT ( 'NONE',  ( 72.12999999999900069, 5.979999999985422754, 0.000000000000000000 ) ) ;
#4248 = CARTESIAN_POINT ( 'NONE',  ( 0.000000000000000000, 12.30000000000000071, 0.000000000000000000 ) ) ;
#4249 = ORIENTED_EDGE ( 'NONE', *, *, #2839, .T. ) ;
#4250 = CIRCLE ( 'NONE', #1439, 1.499999999999994449 ) ;
#4251 = CARTESIAN_POINT ( 'NONE',  ( 89.80000000000001137, 4.550000000000028244, -27.38999999999995794 ) ) ;
#4252 = VERTEX_POINT ( 'NONE', #3458 ) ;
#4253 = AXIS2_PLACEMENT_3D ( 'NONE', #2141, #4846, #4436 ) ;
#4254 = VERTEX_POINT ( 'NONE', #2654 ) ;
#4255 = CARTESIAN_POINT ( 'NONE',  ( 89.80000000000001137, 5.350000000000009415, -32.38999999999995794 ) ) ;
#4256 = ORIENTED_EDGE ( 'NONE', *, *, #2625, .T. ) ;
#4257 = ORIENTED_EDGE ( 'NONE', *, *, #4975, .F. ) ;
#4258 = ORIENTED_EDGE ( 'NONE', *, *, #564, .F. ) ;
#4259 = CARTESIAN_POINT ( 'NONE',  ( 86.20000000000000284, -0.08426094190888000490, 14.29110921939286172 ) ) ;
#4260 = EDGE_LOOP ( 'NONE', ( #4144, #2198, #4361, #255 ) ) ;
#4261 = EDGE_CURVE ( 'NONE', #3650, #4134, #4803, .T. ) ;
#4262 = DIRECTION ( 'NONE',  ( 0.000000000000000000, 1.000000000000000000, 0.000000000000000000 ) ) ;
#4263 = ORIENTED_EDGE ( 'NONE', *, *, #1405, .F. ) ;
#4264 = FACE_OUTER_BOUND ( 'NONE', #2362, .T. ) ;
#4265 = ORIENTED_EDGE ( 'NONE', *, *, #3457, .F. ) ;
#4266 = DIRECTION ( 'NONE',  ( -0.000000000000000000, -1.000000000000000000, -5.551115123125783935E-17 ) ) ;
#4267 = DIRECTION ( 'NONE',  ( 0.000000000000000000, -0.000000000000000000, -1.000000000000000000 ) ) ;
#4268 = DIRECTION ( 'NONE',  ( -1.000000000000000000, 0.000000000000000000, -0.000000000000000000 ) ) ;
#4269 = CARTESIAN_POINT ( 'NONE',  ( 86.20000000000000284, 0.6159379566434146636, 15.88406204335660377 ) ) ;
#4270 = DIRECTION ( 'NONE',  ( 1.000000000000000000, 0.000000000000000000, 0.000000000000000000 ) ) ;
#4271 = DIRECTION ( 'NONE',  ( 1.000000000000000000, -0.000000000000000000, -0.000000000000000000 ) ) ;
#4272 = DIRECTION ( 'NONE',  ( -1.000000000000000000, 0.000000000000000000, 0.000000000000000000 ) ) ;
#4273 = EDGE_LOOP ( 'NONE', ( #735, #2331, #857, #4421 ) ) ;
#4274 = DIRECTION ( 'NONE',  ( -0.000000000000000000, -1.000000000000000000, -0.000000000000000000 ) ) ;
#4275 = EDGE_LOOP ( 'NONE', ( #1092, #373, #4759, #4834 ) ) ;
#4276 = DIRECTION ( 'NONE',  ( 1.000000000000000000, 0.000000000000000000, 0.000000000000000000 ) ) ;
#4277 = PLANE ( 'NONE',  #2013 ) ;
#4278 = FACE_OUTER_BOUND ( 'NONE', #4657, .T. ) ;
#4279 = EDGE_CURVE ( 'NONE', #1973, #921, #3574, .T. ) ;
#4280 = FACE_OUTER_BOUND ( 'NONE', #1344, .T. ) ;
#4281 = CYLINDRICAL_SURFACE ( 'NONE', #545, 2.000000000000000000 ) ;
#4282 = PLANE ( 'NONE',  #1766 ) ;
#4283 = ADVANCED_FACE ( 'NONE', ( #2529 ), #4971, .F. ) ;
#4284 = CARTESIAN_POINT ( 'NONE',  ( 86.20000000000000284, 11.15682723456549574, 12.23039605948595288 ) ) ;
#4285 = CIRCLE ( 'NONE', #3796, 2.949999999999996625 ) ;
#4286 = VERTEX_POINT ( 'NONE', #4531 ) ;
#4287 = ORIENTED_EDGE ( 'NONE', *, *, #154, .T. ) ;
#4288 = DIRECTION ( 'NONE',  ( -0.000000000000000000, -1.000000000000000000, -0.000000000000000000 ) ) ;
#4289 = EDGE_CURVE ( 'NONE', #1016, #3816, #3200, .T. ) ;
#4290 = VECTOR ( 'NONE', #694, 1000.000000000000000 ) ;
#4291 = VERTEX_POINT ( 'NONE', #4958 ) ;
#4292 = CARTESIAN_POINT ( 'NONE',  ( 90.20000000000000284, 11.15682723456549574, 12.23039605948595288 ) ) ;
#4293 = VERTEX_POINT ( 'NONE', #4304 ) ;
#4294 = DIRECTION ( 'NONE',  ( 1.000000000000000000, 0.000000000000000000, 0.000000000000000000 ) ) ;
#4295 = VECTOR ( 'NONE', #4961, 1000.000000000000000 ) ;
#4296 = AXIS2_PLACEMENT_3D ( 'NONE', #129, #953, #3598 ) ;
#4297 = CARTESIAN_POINT ( 'NONE',  ( 84.22010101267767368, 0.6159379566434146636, 15.18406204335660448 ) ) ;
#4298 = ADVANCED_FACE ( 'NONE', ( #465 ), #4108, .F. ) ;
#4299 = EDGE_CURVE ( 'NONE', #2476, #1711, #3698, .T. ) ;
#4300 = CARTESIAN_POINT ( 'NONE',  ( 63.10000000000000142, 1.220000000000005747, -0.8000000000000000444 ) ) ;
#4301 = VECTOR ( 'NONE', #3392, 1000.000000000000000 ) ;
#4302 = ORIENTED_EDGE ( 'NONE', *, *, #2831, .T. ) ;
#4303 = CARTESIAN_POINT ( 'NONE',  ( 89.80000000000001137, 4.550000000000028244, -32.38999999999995794 ) ) ;
#4304 = CARTESIAN_POINT ( 'NONE',  ( 89.80000000000001137, 4.550000000000028244, -23.38999999999996149 ) ) ;
#4305 = ORIENTED_EDGE ( 'NONE', *, *, #969, .T. ) ;
#4306 = DIRECTION ( 'NONE',  ( -1.000000000000000000, 0.000000000000000000, -0.000000000000000000 ) ) ;
#4307 = ORIENTED_EDGE ( 'NONE', *, *, #1844, .F. ) ;
#4308 = VERTEX_POINT ( 'NONE', #836 ) ;
#4309 = CARTESIAN_POINT ( 'NONE',  ( 80.20000000000000284, 7.250000000000007994, -14.38999999999996326 ) ) ;
#4310 = ADVANCED_FACE ( 'NONE', ( #4448, #1639, #3449, #596 ), #4318, .T. ) ;
#4311 = DIRECTION ( 'NONE',  ( 1.000000000000000000, 0.000000000000000000, 0.000000000000000000 ) ) ;
#4312 = AXIS2_PLACEMENT_3D ( 'NONE', #3056, #2652, #3019 ) ;
#4313 = ORIENTED_EDGE ( 'NONE', *, *, #3339, .F. ) ;
#4314 = PLANE ( 'NONE',  #2443 ) ;
#4315 = ORIENTED_EDGE ( 'NONE', *, *, #7, .F. ) ;
#4316 = EDGE_CURVE ( 'NONE', #4197, #3473, #4574, .T. ) ;
#4317 = DIRECTION ( 'NONE',  ( 0.000000000000000000, 0.000000000000000000, 1.000000000000000000 ) ) ;
#4318 = PLANE ( 'NONE',  #2873 ) ;
#4319 = CARTESIAN_POINT ( 'NONE',  ( 70.20000000000000284, 5.000000000000002665, 13.50000000000000355 ) ) ;
#4320 = DIRECTION ( 'NONE',  ( -0.000000000000000000, 1.000000000000000000, -0.000000000000000000 ) ) ;
#4321 = LINE ( 'NONE', #972, #2280 ) ;
#4322 = ADVANCED_FACE ( 'NONE', ( #2955 ), #2115, .T. ) ;
#4323 = CARTESIAN_POINT ( 'NONE',  ( 26.89999999999999858, -0.7999999999999999334, -4.299999999999998046 ) ) ;
#4324 = EDGE_CURVE ( 'NONE', #100, #1541, #4516, .T. ) ;
#4325 = AXIS2_PLACEMENT_3D ( 'NONE', #161, #4761, #3653 ) ;
#4326 = CARTESIAN_POINT ( 'NONE',  ( 84.90000000000000568, -0.7999999999999999334, -53.29999999999999716 ) ) ;
#4327 = EDGE_CURVE ( 'NONE', #435, #1476, #906, .T. ) ;
#4328 = DIRECTION ( 'NONE',  ( 0.000000000000000000, -1.000000000000000000, 0.000000000000000000 ) ) ;
#4329 = VECTOR ( 'NONE', #105, 1000.000000000000000 ) ;
#4330 = FACE_OUTER_BOUND ( 'NONE', #1060, .T. ) ;
#4331 = AXIS2_PLACEMENT_3D ( 'NONE', #3410, #3781, #1921 ) ;
#4332 = DIRECTION ( 'NONE',  ( -0.000000000000000000, 1.000000000000000000, -0.000000000000000000 ) ) ;
#4333 = AXIS2_PLACEMENT_3D ( 'NONE', #3122, #2330, #2001 ) ;
#4334 = CARTESIAN_POINT ( 'NONE',  ( 63.10000000000000142, 6.098427603645005135, 0.000000000000000000 ) ) ;
#4335 = DIRECTION ( 'NONE',  ( 0.000000000000000000, 1.000000000000000000, 0.000000000000000000 ) ) ;
#4336 = ORIENTED_EDGE ( 'NONE', *, *, #4975, .T. ) ;
#4337 = VECTOR ( 'NONE', #2168, 1000.000000000000114 ) ;
#4338 = VECTOR ( 'NONE', #145, 1000.000000000000000 ) ;
#4339 = AXIS2_PLACEMENT_3D ( 'NONE', #4326, #1992, #2754 ) ;
#4340 = LINE ( 'NONE', #3331, #2295 ) ;
#4341 = VECTOR ( 'NONE', #1868, 1000.000000000000000 ) ;
#4342 = VERTEX_POINT ( 'NONE', #136 ) ;
#4343 = EDGE_CURVE ( 'NONE', #1711, #2476, #300, .T. ) ;
#4344 = FACE_OUTER_BOUND ( 'NONE', #23, .T. ) ;
#4345 = CARTESIAN_POINT ( 'NONE',  ( 89.80000000000001137, 8.050000000000029132, -23.38999999999996149 ) ) ;
#4346 = ORIENTED_EDGE ( 'NONE', *, *, #1446, .F. ) ;
#4347 = ORIENTED_EDGE ( 'NONE', *, *, #144, .F. ) ;
#4348 = DIRECTION ( 'NONE',  ( 0.000000000000000000, 1.000000000000000000, 0.000000000000000000 ) ) ;
#4349 = CIRCLE ( 'NONE', #256, 2.000000000000000000 ) ;
#4350 = ORIENTED_EDGE ( 'NONE', *, *, #3126, .F. ) ;
#4351 = CARTESIAN_POINT ( 'NONE',  ( 90.20000000000000284, 0.2604132079315682469, 15.24309991481715443 ) ) ;
#4352 = ORIENTED_EDGE ( 'NONE', *, *, #2481, .T. ) ;
#4353 = ORIENTED_EDGE ( 'NONE', *, *, #3799, .F. ) ;
#4354 = CARTESIAN_POINT ( 'NONE',  ( 0.1999999999999883815, -0.5999999999999928724, -57.60000000000000142 ) ) ;
#4355 = EDGE_LOOP ( 'NONE', ( #3024, #3178, #84, #323 ) ) ;
#4356 = EDGE_CURVE ( 'NONE', #2712, #1923, #1449, .T. ) ;
#4357 = ORIENTED_EDGE ( 'NONE', *, *, #759, .F. ) ;
#4358 = VECTOR ( 'NONE', #1034, 999.9999999999998863 ) ;
#4359 = ORIENTED_EDGE ( 'NONE', *, *, #1884, .F. ) ;
#4360 = DIRECTION ( 'NONE',  ( 0.000000000000000000, -1.000000000000000000, 0.000000000000000000 ) ) ;
#4361 = ORIENTED_EDGE ( 'NONE', *, *, #3000, .T. ) ;
#4362 = DIRECTION ( 'NONE',  ( 0.000000000000000000, 0.000000000000000000, -1.000000000000000000 ) ) ;
#4363 = VERTEX_POINT ( 'NONE', #4685 ) ;
#4364 = ADVANCED_FACE ( 'NONE', ( #3013 ), #3511, .F. ) ;
#4365 = ORIENTED_EDGE ( 'NONE', *, *, #4033, .F. ) ;
#4366 = DIRECTION ( 'NONE',  ( 0.000000000000000000, 1.000000000000000000, 0.000000000000000000 ) ) ;
#4367 = ORIENTED_EDGE ( 'NONE', *, *, #3037, .F. ) ;
#4368 = VECTOR ( 'NONE', #3333, 1000.000000000000114 ) ;
#4369 = VERTEX_POINT ( 'NONE', #2419 ) ;
#4370 = DIRECTION ( 'NONE',  ( 0.000000000000000000, 0.000000000000000000, -1.000000000000000000 ) ) ;
#4371 = CARTESIAN_POINT ( 'NONE',  ( 89.39999999999999147, -1.199999999999999734, 10.74739267500261342 ) ) ;
#4372 = CYLINDRICAL_SURFACE ( 'NONE', #1498, 0.3999999999999993006 ) ;
#4373 = ORIENTED_EDGE ( 'NONE', *, *, #184, .F. ) ;
#4374 = ORIENTED_EDGE ( 'NONE', *, *, #4942, .F. ) ;
#4375 = DIRECTION ( 'NONE',  ( 0.000000000000000000, 1.604619215278546562E-14, -1.000000000000000000 ) ) ;
#4376 = ADVANCED_FACE ( 'NONE', ( #2058 ), #3269, .F. ) ;
#4377 = ORIENTED_EDGE ( 'NONE', *, *, #1378, .F. ) ;
#4378 = EDGE_CURVE ( 'NONE', #971, #745, #3876, .T. ) ;
#4379 = CARTESIAN_POINT ( 'NONE',  ( 84.90000000000000568, -0.7999999999999999334, -2.800000000000001155 ) ) ;
#4380 = DIRECTION ( 'NONE',  ( 0.000000000000000000, 1.000000000000000000, 0.000000000000000000 ) ) ;
#4381 = DIRECTION ( 'NONE',  ( 0.000000000000000000, 1.000000000000000000, 0.000000000000000000 ) ) ;
#4382 = DIRECTION ( 'NONE',  ( 0.000000000000000000, 0.000000000000000000, 1.000000000000000000 ) ) ;
#4383 = DIRECTION ( 'NONE',  ( 0.000000000000000000, -1.000000000000000000, 0.000000000000000000 ) ) ;
#4384 = AXIS2_PLACEMENT_3D ( 'NONE', #1014, #4793, #1395 ) ;
#4385 = VECTOR ( 'NONE', #3240, 1000.000000000000000 ) ;
#4386 = EDGE_CURVE ( 'NONE', #1735, #3712, #2887, .T. ) ;
#4387 = CARTESIAN_POINT ( 'NONE',  ( 89.64000000000001478, -0.9599999999999997424, 10.95009091660530309 ) ) ;
#4388 = VERTEX_POINT ( 'NONE', #2436 ) ;
#4389 = AXIS2_PLACEMENT_3D ( 'NONE', #3256, #1367, #4080 ) ;
#4390 = DIRECTION ( 'NONE',  ( 1.000000000000000000, -0.000000000000000000, -0.000000000000000000 ) ) ;
#4391 = FACE_OUTER_BOUND ( 'NONE', #1473, .T. ) ;
#4392 = CARTESIAN_POINT ( 'NONE',  ( 72.20000000000000284, 5.000000000000002665, 11.50000000000000355 ) ) ;
#4393 = VECTOR ( 'NONE', #4780, 1000.000000000000000 ) ;
#4394 = ORIENTED_EDGE ( 'NONE', *, *, #1245, .T. ) ;
#4395 = LINE ( 'NONE', #3416, #1091 ) ;
#4396 = AXIS2_PLACEMENT_3D ( 'NONE', #3870, #1895, #4568 ) ;
#4397 = CARTESIAN_POINT ( 'NONE',  ( 61.18938018067199636, 8.970000000000005969, 1.110000000000001874 ) ) ;
#4398 = VERTEX_POINT ( 'NONE', #101 ) ;
#4399 = ORIENTED_EDGE ( 'NONE', *, *, #1345, .F. ) ;
#4400 = EDGE_LOOP ( 'NONE', ( #209, #539, #2246, #1665 ) ) ;
#4401 = ADVANCED_FACE ( 'NONE', ( #4280 ), #2834, .F. ) ;
#4402 = DIRECTION ( 'NONE',  ( 1.000000000000000000, -0.000000000000000000, -0.000000000000000000 ) ) ;
#4403 = LINE ( 'NONE', #2580, #3219 ) ;
#4404 = CARTESIAN_POINT ( 'NONE',  ( 86.20000000000000284, 1.461352969518560085, 16.59097016232317756 ) ) ;
#4405 = VERTEX_POINT ( 'NONE', #2134 ) ;
#4406 = ORIENTED_EDGE ( 'NONE', *, *, #250, .F. ) ;
#4407 = VERTEX_POINT ( 'NONE', #4768 ) ;
#4408 = EDGE_CURVE ( 'NONE', #573, #431, #1088, .T. ) ;
#4409 = FACE_OUTER_BOUND ( 'NONE', #893, .T. ) ;
#4410 = ORIENTED_EDGE ( 'NONE', *, *, #4437, .F. ) ;
#4411 = DIRECTION ( 'NONE',  ( -0.9557790087219890651, 0.2940858488373964130, 1.632504402978554109E-17 ) ) ;
#4412 = CARTESIAN_POINT ( 'NONE',  ( 86.20000000000000284, 5.000000000000000000, 11.50000000000000000 ) ) ;
#4413 = EDGE_CURVE ( 'NONE', #473, #1784, #421, .T. ) ;
#4414 = ORIENTED_EDGE ( 'NONE', *, *, #2742, .F. ) ;
#4415 = DIRECTION ( 'NONE',  ( 1.000000000000000000, 0.000000000000000000, 0.000000000000000000 ) ) ;
#4416 = EDGE_CURVE ( 'NONE', #2033, #3023, #962, .T. ) ;
#4417 = DIRECTION ( 'NONE',  ( 0.000000000000000000, 1.000000000000000000, 5.551115123125783935E-17 ) ) ;
#4418 = ORIENTED_EDGE ( 'NONE', *, *, #144, .T. ) ;
#4419 = ORIENTED_EDGE ( 'NONE', *, *, #4913, .F. ) ;
#4420 = CARTESIAN_POINT ( 'NONE',  ( 89.80000000000001137, 7.250000000000007994, -32.38999999999995794 ) ) ;
#4421 = ORIENTED_EDGE ( 'NONE', *, *, #818, .F. ) ;
#4422 = DIRECTION ( 'NONE',  ( -0.000000000000000000, -0.000000000000000000, 1.000000000000000000 ) ) ;
#4423 = ORIENTED_EDGE ( 'NONE', *, *, #2388, .T. ) ;
#4424 = AXIS2_PLACEMENT_3D ( 'NONE', #763, #3485, #981 ) ;
#4425 = ORIENTED_EDGE ( 'NONE', *, *, #3037, .T. ) ;
#4426 = DIRECTION ( 'NONE',  ( 0.000000000000000000, -5.551115123125783935E-17, 1.000000000000000000 ) ) ;
#4427 = CARTESIAN_POINT ( 'NONE',  ( 50.55962089563533368, 8.494879052848077094, 1.110000000000001874 ) ) ;
#4428 = DIRECTION ( 'NONE',  ( 0.2940858488373964130, 0.9557790087219890651, 5.305639309682804101E-17 ) ) ;
#4429 = DIRECTION ( 'NONE',  ( 0.000000000000000000, 0.000000000000000000, -1.000000000000000000 ) ) ;
#4430 = CARTESIAN_POINT ( 'NONE',  ( 88.59999999999999432, 8.050000000000029132, -9.389999999999961489 ) ) ;
#4431 = ORIENTED_EDGE ( 'NONE', *, *, #3099, .T. ) ;
#4432 = DIRECTION ( 'NONE',  ( -1.000000000000000000, -0.000000000000000000, -0.000000000000000000 ) ) ;
#4433 = CARTESIAN_POINT ( 'NONE',  ( 64.50000000000000000, 12.30000000000000071, -0.8000000000000000444 ) ) ;
#4434 = VECTOR ( 'NONE', #3636, 1000.000000000000000 ) ;
#4435 = VERTEX_POINT ( 'NONE', #2114 ) ;
#4436 = DIRECTION ( 'NONE',  ( -1.000000000000000000, 0.000000000000000000, 0.000000000000000000 ) ) ;
#4437 = EDGE_CURVE ( 'NONE', #4369, #620, #4796, .T. ) ;
#4438 = DIRECTION ( 'NONE',  ( 0.000000000000000000, 1.000000000000000000, 0.000000000000000000 ) ) ;
#4439 = FACE_OUTER_BOUND ( 'NONE', #4116, .T. ) ;
#4440 = VERTEX_POINT ( 'NONE', #2482 ) ;
#4441 = DIRECTION ( 'NONE',  ( -0.000000000000000000, -1.000000000000000000, -0.000000000000000000 ) ) ;
#4442 = EDGE_CURVE ( 'NONE', #2062, #3872, #3631, .T. ) ;
#4443 = VECTOR ( 'NONE', #825, 1000.000000000000000 ) ;
#4444 = CIRCLE ( 'NONE', #3771, 2.450000000000012168 ) ;
#4445 = ORIENTED_EDGE ( 'NONE', *, *, #437, .F. ) ;
#4446 = DIRECTION ( 'NONE',  ( 0.000000000000000000, 1.000000000000000000, -5.551115123125781470E-17 ) ) ;
#4447 = DIRECTION ( 'NONE',  ( 1.000000000000000000, 0.000000000000000000, -0.000000000000000000 ) ) ;
#4448 = FACE_BOUND ( 'NONE', #3583, .T. ) ;
#4449 = AXIS2_PLACEMENT_3D ( 'NONE', #717, #2318, #777 ) ;
#4450 = CARTESIAN_POINT ( 'NONE',  ( 72.20000000000000284, 5.000000000000000000, 11.50000000000000000 ) ) ;
#4451 = VECTOR ( 'NONE', #681, 1000.000000000000000 ) ;
#4452 = ORIENTED_EDGE ( 'NONE', *, *, #3394, .T. ) ;
#4453 = DIRECTION ( 'NONE',  ( -0.000000000000000000, -0.000000000000000000, 1.000000000000000000 ) ) ;
#4454 = LINE ( 'NONE', #265, #3459 ) ;
#4455 = ORIENTED_EDGE ( 'NONE', *, *, #4777, .T. ) ;
#4456 = CARTESIAN_POINT ( 'NONE',  ( 84.90000000000000568, -0.4000000000000000222, -53.29999999999999716 ) ) ;
#4457 = DIRECTION ( 'NONE',  ( 0.000000000000000000, 1.000000000000000000, 0.000000000000000000 ) ) ;
#4458 = PLANE ( 'NONE',  #613 ) ;
#4459 = MECHANICAL_DESIGN_GEOMETRIC_PRESENTATION_REPRESENTATION (  '', ( #1022 ), #4220 ) ;
#4460 = DIRECTION ( 'NONE',  ( -0.6606278948918830052, 0.7507135169228799088, 4.167297156925542477E-17 ) ) ;
#4461 = LINE ( 'NONE', #1068, #669 ) ;
#4462 = CARTESIAN_POINT ( 'NONE',  ( 49.90300377106947138, 7.625664049529478739, 1.110000000000001652 ) ) ;
#4463 = ADVANCED_FACE ( 'NONE', ( #1565 ), #1028, .F. ) ;
#4464 = CARTESIAN_POINT ( 'NONE',  ( 74.01000000000199464, 4.100000000000100009, 0.000000000000000000 ) ) ;
#4465 = FACE_OUTER_BOUND ( 'NONE', #3767, .T. ) ;
#4466 = VERTEX_POINT ( 'NONE', #945 ) ;
#4467 = EDGE_CURVE ( 'NONE', #2121, #4435, #4926, .T. ) ;
#4468 = ORIENTED_EDGE ( 'NONE', *, *, #555, .T. ) ;
#4469 = FACE_OUTER_BOUND ( 'NONE', #785, .T. ) ;
#4470 = DIRECTION ( 'NONE',  ( 0.000000000000000000, 1.000000000000000000, 0.000000000000000000 ) ) ;
#4471 = ORIENTED_EDGE ( 'NONE', *, *, #395, .T. ) ;
#4472 = ORIENTED_EDGE ( 'NONE', *, *, #4719, .F. ) ;
#4473 = EDGE_CURVE ( 'NONE', #3241, #1373, #3567, .T. ) ;
#4474 = AXIS2_PLACEMENT_3D ( 'NONE', #3555, #1179, #433 ) ;
#4475 = CARTESIAN_POINT ( 'NONE',  ( 86.20000000000000284, 0.2604132079315682469, 14.84309991481715407 ) ) ;
#4476 = ORIENTED_EDGE ( 'NONE', *, *, #1810, .F. ) ;
#4477 = CARTESIAN_POINT ( 'NONE',  ( 84.22010101267767368, -0.3809942646943809685, 14.02287548708337717 ) ) ;
#4478 = EDGE_CURVE ( 'NONE', #1200, #1637, #8, .T. ) ;
#4479 = DIRECTION ( 'NONE',  ( 0.000000000000000000, 0.000000000000000000, 1.000000000000000000 ) ) ;
#4480 = EDGE_LOOP ( 'NONE', ( #796, #3887, #1716, #2564 ) ) ;
#4481 = DIRECTION ( 'NONE',  ( -0.000000000000000000, -0.000000000000000000, 1.000000000000000000 ) ) ;
#4482 = CARTESIAN_POINT ( 'NONE',  ( 88.59999999999999432, 4.550000000000028244, -27.38999999999995794 ) ) ;
#4483 = ADVANCED_FACE ( 'NONE', ( #1193 ), #1720, .F. ) ;
#4484 = VERTEX_POINT ( 'NONE', #1737 ) ;
#4485 = ORIENTED_EDGE ( 'NONE', *, *, #3114, .F. ) ;
#4486 = CARTESIAN_POINT ( 'NONE',  ( 90.20000000000000284, 0.3896949347358760751, 15.22163159792241061 ) ) ;
#4487 = VECTOR ( 'NONE', #1743, 999.9999999999998863 ) ;
#4488 = VECTOR ( 'NONE', #4751, 1000.000000000000000 ) ;
#4489 = ORIENTED_EDGE ( 'NONE', *, *, #3662, .T. ) ;
#4490 = CARTESIAN_POINT ( 'NONE',  ( 20.86666666666665648, -18.86666666666667780, -37.73333333333333428 ) ) ;
#4491 = ORIENTED_EDGE ( 'NONE', *, *, #2268, .T. ) ;
#4492 = CARTESIAN_POINT ( 'NONE',  ( 9.799999999999998934, -1.200000000000000178, -1.242638296370980028E-15 ) ) ;
#4493 = ADVANCED_FACE ( 'NONE', ( #1376 ), #4169, .T. ) ;
#4494 = AXIS2_PLACEMENT_3D ( 'NONE', #685, #251, #2999 ) ;
#4495 = DIRECTION ( 'NONE',  ( 0.000000000000000000, 0.000000000000000000, 1.000000000000000000 ) ) ;
#4496 = FACE_OUTER_BOUND ( 'NONE', #3025, .T. ) ;
#4497 = ORIENTED_EDGE ( 'NONE', *, *, #1372, .T. ) ;
#4498 = DIRECTION ( 'NONE',  ( -1.000000000000000000, 0.000000000000000000, -0.000000000000000000 ) ) ;
#4499 = CARTESIAN_POINT ( 'NONE',  ( 5.799999999999999822, 5.000000000000000888, 11.50000000000000000 ) ) ;
#4500 = DIRECTION ( 'NONE',  ( 0.000000000000000000, 0.000000000000000000, -1.000000000000000000 ) ) ;
#4501 = EDGE_CURVE ( 'NONE', #4405, #384, #1442, .T. ) ;
#4502 = DIRECTION ( 'NONE',  ( 0.000000000000000000, 1.807003620809174583E-15, -1.000000000000000000 ) ) ;
#4503 = VECTOR ( 'NONE', #4069, 1000.000000000000000 ) ;
#4504 = EDGE_LOOP ( 'NONE', ( #2154, #4129 ) ) ;
#4505 = CARTESIAN_POINT ( 'NONE',  ( 90.20000000000000284, 7.250000000000007994, -18.38999999999996149 ) ) ;
#4506 = DIRECTION ( 'NONE',  ( 0.000000000000000000, -1.000000000000000000, -5.551115123125783935E-17 ) ) ;
#4507 = CARTESIAN_POINT ( 'NONE',  ( 89.64000000000001478, -0.9599999999999997424, 10.95009091660530309 ) ) ;
#4508 = CARTESIAN_POINT ( 'NONE',  ( 26.89999999999999858, -0.4000000000000000222, -4.299999999999998046 ) ) ;
#4509 = VECTOR ( 'NONE', #965, 1000.000000000000000 ) ;
#4510 = ADVANCED_FACE ( 'NONE', ( #4742 ), #2177, .T. ) ;
#4511 = CARTESIAN_POINT ( 'NONE',  ( 89.80000000000001137, 8.050000000000029132, -18.38999999999996149 ) ) ;
#4512 = ADVANCED_FACE ( 'NONE', ( #132 ), #1315, .T. ) ;
#4513 = PLANE ( 'NONE',  #3783 ) ;
#4514 = CIRCLE ( 'NONE', #1666, 0.5999999999999998668 ) ;
#4515 = CARTESIAN_POINT ( 'NONE',  ( 90.20000000000000284, 12.29999999999999893, -1.655004218536094944E-16 ) ) ;
#4516 = CIRCLE ( 'NONE', #3739, 6.200000000000001066 ) ;
#4517 = VECTOR ( 'NONE', #3491, 999.9999999999998863 ) ;
#4518 = AXIS2_PLACEMENT_3D ( 'NONE', #1556, #3180, #3747 ) ;
#4519 = EDGE_CURVE ( 'NONE', #1453, #313, #3263, .T. ) ;
#4520 = VECTOR ( 'NONE', #3787, 1000.000000000000000 ) ;
#4521 = ORIENTED_EDGE ( 'NONE', *, *, #766, .T. ) ;
#4522 = CARTESIAN_POINT ( 'NONE',  ( 84.90000000000000568, -1.199999999999999956, -51.80000000000000426 ) ) ;
#4523 = LINE ( 'NONE', #1414, #4290 ) ;
#4524 = ORIENTED_EDGE ( 'NONE', *, *, #1382, .F. ) ;
#4525 = CARTESIAN_POINT ( 'NONE',  ( 88.59999999999999432, 4.550000000000028244, -9.389999999999961489 ) ) ;
#4526 = EDGE_CURVE ( 'NONE', #1532, #2556, #3450, .T. ) ;
#4527 = LINE ( 'NONE', #3864, #21 ) ;
#4528 = ORIENTED_EDGE ( 'NONE', *, *, #4966, .F. ) ;
#4529 = ORIENTED_EDGE ( 'NONE', *, *, #930, .F. ) ;
#4530 = DIRECTION ( 'NONE',  ( 0.7071067811865475727, -0.7071067811865475727, 0.000000000000000000 ) ) ;
#4531 = CARTESIAN_POINT ( 'NONE',  ( 84.90000000000000568, -0.4000000000000000222, -7.249999999999995559 ) ) ;
#4532 = EDGE_CURVE ( 'NONE', #3288, #2429, #3132, .T. ) ;
#4533 = ORIENTED_EDGE ( 'NONE', *, *, #4789, .T. ) ;
#4534 = LINE ( 'NONE', #4515, #488 ) ;
#4535 = VERTEX_POINT ( 'NONE', #4492 ) ;
#4536 = EDGE_LOOP ( 'NONE', ( #2011, #4162, #3295, #2641 ) ) ;
#4537 = ADVANCED_FACE ( 'NONE', ( #1695 ), #2232, .F. ) ;
#4538 = CIRCLE ( 'NONE', #1709, 6.200000000000001066 ) ;
#4539 = EDGE_CURVE ( 'NONE', #1734, #1573, #527, .T. ) ;
#4540 = VERTEX_POINT ( 'NONE', #599 ) ;
#4541 = ORIENTED_EDGE ( 'NONE', *, *, #4847, .F. ) ;
#4542 = CARTESIAN_POINT ( 'NONE',  ( 4.125872812095590980, 25.70908663931699323, 0.000000000000000000 ) ) ;
#4543 = ORIENTED_EDGE ( 'NONE', *, *, #3027, .F. ) ;
#4544 = ORIENTED_EDGE ( 'NONE', *, *, #2228, .F. ) ;
#4545 = AXIS2_PLACEMENT_3D ( 'NONE', #1407, #1775, #2160 ) ;
#4546 = DIRECTION ( 'NONE',  ( 0.000000000000000000, 0.000000000000000000, 1.000000000000000000 ) ) ;
#4547 = ORIENTED_EDGE ( 'NONE', *, *, #3532, .T. ) ;
#4548 = EDGE_CURVE ( 'NONE', #3079, #1631, #358, .T. ) ;
#4549 = CARTESIAN_POINT ( 'NONE',  ( 89.80000000000002558, -0.4000000000000045186, -57.79999999999999716 ) ) ;
#4550 = ORIENTED_EDGE ( 'NONE', *, *, #1017, .T. ) ;
#4551 = MECHANICAL_DESIGN_GEOMETRIC_PRESENTATION_REPRESENTATION (  '', ( #4896 ), #4153 ) ;
#4552 = CARTESIAN_POINT ( 'NONE',  ( 74.00999999998285261, 9.460000000000107434, 0.5100000000010002088 ) ) ;
#4553 = VECTOR ( 'NONE', #4402, 1000.000000000000000 ) ;
#4554 = CARTESIAN_POINT ( 'NONE',  ( 26.89999999999999858, -1.199999999999999956, -51.79999999999999716 ) ) ;
#4555 = LINE ( 'NONE', #3272, #2514 ) ;
#4556 = AXIS2_PLACEMENT_3D ( 'NONE', #3944, #1250, #3622 ) ;
#4557 = ADVANCED_FACE ( 'NONE', ( #2412 ), #3755, .T. ) ;
#4558 = CARTESIAN_POINT ( 'NONE',  ( 26.89999999999999858, -0.7999999999999999334, -4.299999999999998046 ) ) ;
#4559 = FACE_OUTER_BOUND ( 'NONE', #2995, .T. ) ;
#4560 = VERTEX_POINT ( 'NONE', #672 ) ;
#4561 = DIRECTION ( 'NONE',  ( 0.000000000000000000, -5.551115123125783935E-17, 1.000000000000000000 ) ) ;
#4562 = EDGE_CURVE ( 'NONE', #2956, #1016, #4039, .T. ) ;
#4563 = ADVANCED_FACE ( 'NONE', ( #655 ), #3777, .F. ) ;
#4564 = CIRCLE ( 'NONE', #444, 0.4000000000000010214 ) ;
#4565 = LINE ( 'NONE', #3174, #898 ) ;
#4566 = DIRECTION ( 'NONE',  ( -1.000000000000000000, -0.000000000000000000, -0.000000000000000000 ) ) ;
#4567 = FACE_OUTER_BOUND ( 'NONE', #2777, .T. ) ;
#4568 = DIRECTION ( 'NONE',  ( 0.000000000000000000, 0.000000000000000000, -1.000000000000000000 ) ) ;
#4569 = VECTOR ( 'NONE', #515, 1000.000000000000000 ) ;
#4570 = EDGE_CURVE ( 'NONE', #3699, #1799, #1025, .T. ) ;
#4571 = AXIS2_PLACEMENT_3D ( 'NONE', #3196, #882, #2048 ) ;
#4572 = VECTOR ( 'NONE', #4603, 1000.000000000000000 ) ;
#4573 = EDGE_CURVE ( 'NONE', #3540, #339, #3074, .T. ) ;
#4574 = LINE ( 'NONE', #883, #3327 ) ;
#4575 = SURFACE_SIDE_STYLE ('',( #3479 ) ) ;
#4576 = CARTESIAN_POINT ( 'NONE',  ( 80.20000000000000284, 5.350000000000009415, -14.38999999999996326 ) ) ;
#4577 = DIRECTION ( 'NONE',  ( -1.000000000000000000, 0.000000000000000000, 0.000000000000000000 ) ) ;
#4578 = CARTESIAN_POINT ( 'NONE',  ( 84.90000000000000568, -0.7999999999999999334, -55.75000000000000000 ) ) ;
#4579 = FACE_OUTER_BOUND ( 'NONE', #1824, .T. ) ;
#4580 = ORIENTED_EDGE ( 'NONE', *, *, #4150, .F. ) ;
#4581 = AXIS2_PLACEMENT_3D ( 'NONE', #4412, #2085, #4784 ) ;
#4582 = ORIENTED_EDGE ( 'NONE', *, *, #27, .T. ) ;
#4583 = DIRECTION ( 'NONE',  ( 0.000000000000000000, -1.000000000000000000, -0.000000000000000000 ) ) ;
#4584 = ORIENTED_EDGE ( 'NONE', *, *, #1355, .T. ) ;
#4585 = ADVANCED_FACE ( 'NONE', ( #3984 ), #413, .F. ) ;
#4586 = CYLINDRICAL_SURFACE ( 'NONE', #4384, 2.450000000000000622 ) ;
#4587 = ORIENTED_EDGE ( 'NONE', *, *, #2264, .T. ) ;
#4588 = CARTESIAN_POINT ( 'NONE',  ( 61.18938018067199636, 8.970000000000005969, 1.110000000000001874 ) ) ;
#4589 = AXIS2_PLACEMENT_3D ( 'NONE', #1306, #3995, #2490 ) ;
#4590 = FACE_BOUND ( 'NONE', #2658, .T. ) ;
#4591 = EDGE_LOOP ( 'NONE', ( #2504, #3030, #4208, #4410 ) ) ;
#4592 = CARTESIAN_POINT ( 'NONE',  ( 0.000000000000000000, 12.29999999999999893, 0.000000000000000000 ) ) ;
#4593 = ORIENTED_EDGE ( 'NONE', *, *, #1684, .F. ) ;
#4594 = CARTESIAN_POINT ( 'NONE',  ( 89.80000000000001137, 4.550000000000028244, -9.389999999999961489 ) ) ;
#4595 = CYLINDRICAL_SURFACE ( 'NONE', #2993, 2.000000000000000000 ) ;
#4596 = CARTESIAN_POINT ( 'NONE',  ( 49.75450197585804801, 7.579971189464445480, 1.110000000000001652 ) ) ;
#4597 = ORIENTED_EDGE ( 'NONE', *, *, #4748, .F. ) ;
#4598 = EDGE_CURVE ( 'NONE', #795, #2680, #1082, .T. ) ;
#4599 = DIRECTION ( 'NONE',  ( 0.000000000000000000, -0.000000000000000000, 1.000000000000000000 ) ) ;
#4600 = ORIENTED_EDGE ( 'NONE', *, *, #3938, .T. ) ;
#4601 = ORIENTED_EDGE ( 'NONE', *, *, #3, .F. ) ;
#4602 = CARTESIAN_POINT ( 'NONE',  ( 84.90000000000000568, -0.7999999999999999334, -4.299999999999998046 ) ) ;
#4603 = DIRECTION ( 'NONE',  ( -0.000000000000000000, -0.000000000000000000, 1.000000000000000000 ) ) ;
#4604 = VECTOR ( 'NONE', #2884, 1000.000000000000000 ) ;
#4605 = VERTEX_POINT ( 'NONE', #272 ) ;
#4606 = EDGE_LOOP ( 'NONE', ( #3433, #1408, #1658, #382 ) ) ;
#4607 = LINE ( 'NONE', #3283, #2454 ) ;
#4608 = ORIENTED_EDGE ( 'NONE', *, *, #1126, .T. ) ;
#4609 = CARTESIAN_POINT ( 'NONE',  ( 49.70000000000000284, 2.620000000000005436, -0.8000000000000001554 ) ) ;
#4611 = CARTESIAN_POINT ( 'NONE',  ( 26.89999999999999858, -0.4000000000000000222, -50.35000000000000142 ) ) ;
#4610 = AXIS2_PLACEMENT_3D ( 'NONE', #1347, #4432, #3665 ) ;
#4612 = FACE_OUTER_BOUND ( 'NONE', #219, .T. ) ;
#4613 = EDGE_CURVE ( 'NONE', #4308, #1605, #583, .T. ) ;
#4614 = CARTESIAN_POINT ( 'NONE',  ( 84.22010101267767368, -1.199999999999999734, 11.50000000000000355 ) ) ;
#4615 = DIRECTION ( 'NONE',  ( 0.000000000000000000, 0.000000000000000000, 1.000000000000000000 ) ) ;
#4616 = DIRECTION ( 'NONE',  ( -1.000000000000000000, 0.000000000000000000, 0.000000000000000000 ) ) ;
#4617 = DIRECTION ( 'NONE',  ( 1.000000000000000000, 0.000000000000000000, 0.000000000000000000 ) ) ;
#4618 = LINE ( 'NONE', #744, #3067 ) ;
#4619 = CARTESIAN_POINT ( 'NONE',  ( 72.20000000000000284, 4.508508773426605387, 11.84414586181062745 ) ) ;
#4620 = LINE ( 'NONE', #286, #1557 ) ;
#4621 = AXIS2_PLACEMENT_3D ( 'NONE', #3714, #2535, #3319 ) ;
#4622 = DIRECTION ( 'NONE',  ( 1.000000000000000000, -0.000000000000000000, -0.000000000000000000 ) ) ;
#4623 = VECTOR ( 'NONE', #1015, 1000.000000000000114 ) ;
#4624 = LINE ( 'NONE', #1071, #2948 ) ;
#4625 = EDGE_LOOP ( 'NONE', ( #3763, #1551, #151, #3901 ) ) ;
#4626 = CARTESIAN_POINT ( 'NONE',  ( 89.80000000000001137, 8.050000000000029132, -27.38999999999995794 ) ) ;
#4627 = EDGE_CURVE ( 'NONE', #18, #4184, #3506, .T. ) ;
#4628 = FACE_OUTER_BOUND ( 'NONE', #3054, .T. ) ;
#4629 = PLANE ( 'NONE',  #2524 ) ;
#4630 = DIRECTION ( 'NONE',  ( 0.000000000000000000, 0.000000000000000000, -1.000000000000000000 ) ) ;
#4631 = CARTESIAN_POINT ( 'NONE',  ( 89.47241379310345621, -1.127586206896550980, 12.44482129371174572 ) ) ;
#4632 = FACE_OUTER_BOUND ( 'NONE', #2557, .T. ) ;
#4633 = ORIENTED_EDGE ( 'NONE', *, *, #1552, .F. ) ;
#4634 = ORIENTED_EDGE ( 'NONE', *, *, #4416, .F. ) ;
#4635 = DIRECTION ( 'NONE',  ( 0.000000000000000000, 0.000000000000000000, 1.000000000000000000 ) ) ;
#4636 = EDGE_CURVE ( 'NONE', #1799, #1330, #4919, .T. ) ;
#4637 = CIRCLE ( 'NONE', #3307, 0.3999999999999993006 ) ;
#4638 = CARTESIAN_POINT ( 'NONE',  ( 89.80000000000001137, 0.000000000000000000, 0.000000000000000000 ) ) ;
#4639 = FACE_OUTER_BOUND ( 'NONE', #4480, .T. ) ;
#4640 = DIRECTION ( 'NONE',  ( 0.000000000000000000, -0.000000000000000000, 1.000000000000000000 ) ) ;
#4641 = CARTESIAN_POINT ( 'NONE',  ( 80.20000000000000284, 5.350000000000009415, -32.38999999999995794 ) ) ;
#4642 = EDGE_LOOP ( 'NONE', ( #3659, #4287, #4779, #3534 ) ) ;
#4643 = CARTESIAN_POINT ( 'NONE',  ( 70.20000000000000284, 5.000000000000002665, 9.500000000000003553 ) ) ;
#4644 = ORIENTED_EDGE ( 'NONE', *, *, #184, .T. ) ;
#4645 = VERTEX_POINT ( 'NONE', #1183 ) ;
#4646 = ORIENTED_EDGE ( 'NONE', *, *, #2839, .F. ) ;
#4647 = CARTESIAN_POINT ( 'NONE',  ( 49.70000000000000284, 6.098427603645005135, -0.7999999999999999334 ) ) ;
#4648 = ORIENTED_EDGE ( 'NONE', *, *, #508, .F. ) ;
#4649 = EDGE_CURVE ( 'NONE', #4672, #4242, #1932, .T. ) ;
#4650 = CARTESIAN_POINT ( 'NONE',  ( 89.80000000000001137, 5.349999999999997868, -19.19000000000001194 ) ) ;
#4651 = ORIENTED_EDGE ( 'NONE', *, *, #1884, .T. ) ;
#4652 = LINE ( 'NONE', #1483, #2385 ) ;
#4653 = VERTEX_POINT ( 'NONE', #1578 ) ;
#4654 = EDGE_LOOP ( 'NONE', ( #2480, #1205, #3215, #333 ) ) ;
#4655 = DIRECTION ( 'NONE',  ( 0.5773502691896257311, 0.5773502691896258421, -0.5773502691896257311 ) ) ;
#4656 = EDGE_CURVE ( 'NONE', #18, #1236, #2049, .T. ) ;
#4657 = EDGE_LOOP ( 'NONE', ( #4350, #1809, #2144, #2888 ) ) ;
#4658 = VECTOR ( 'NONE', #4088, 1000.000000000000000 ) ;
#4659 = VERTEX_POINT ( 'NONE', #385 ) ;
#4660 = CARTESIAN_POINT ( 'NONE',  ( 88.20000000000001705, 0.000000000000000000, -0.8000000000000000444 ) ) ;
#4661 = EDGE_CURVE ( 'NONE', #2149, #795, #4676, .T. ) ;
#4662 = CARTESIAN_POINT ( 'NONE',  ( 90.20000000000000284, 0.2604132079315682469, 14.84309991481715407 ) ) ;
#4663 = FACE_OUTER_BOUND ( 'NONE', #4909, .T. ) ;
#4664 = ORIENTED_EDGE ( 'NONE', *, *, #2032, .F. ) ;
#4666 = DIRECTION ( 'NONE',  ( 0.000000000000000000, 0.000000000000000000, 1.000000000000000000 ) ) ;
#4665 = AXIS2_PLACEMENT_3D ( 'NONE', #2337, #1528, #2307 ) ;
#4667 = DIRECTION ( 'NONE',  ( 0.000000000000000000, 0.000000000000000000, 1.000000000000000000 ) ) ;
#4668 = ADVANCED_FACE ( 'NONE', ( #3750 ), #2291, .F. ) ;
#4669 = VECTOR ( 'NONE', #3064, 1000.000000000000000 ) ;
#4670 = AXIS2_PLACEMENT_3D ( 'NONE', #4905, #2610, #638 ) ;
#4671 = CARTESIAN_POINT ( 'NONE',  ( 74.00999999999899615, 5.980000000000111449, -0.7999999999999999334 ) ) ;
#4672 = VERTEX_POINT ( 'NONE', #1154 ) ;
#4673 = PLANE ( 'NONE',  #3700 ) ;
#4674 = CARTESIAN_POINT ( 'NONE',  ( 89.80000000000001137, 8.050000000000029132, -9.389999999999961489 ) ) ;
#4675 = DIRECTION ( 'NONE',  ( 1.000000000000000000, -0.000000000000000000, -0.000000000000000000 ) ) ;
#4676 = CIRCLE ( 'NONE', #46, 2.999999999999999112 ) ;
#4677 = CARTESIAN_POINT ( 'NONE',  ( 0.000000000000000000, 12.30000000000000071, -57.40000000000001279 ) ) ;
#4678 = FACE_BOUND ( 'NONE', #1177, .T. ) ;
#4679 = EDGE_CURVE ( 'NONE', #3110, #3288, #897, .T. ) ;
#4680 = FACE_OUTER_BOUND ( 'NONE', #3426, .T. ) ;
#4681 = ORIENTED_EDGE ( 'NONE', *, *, #4343, .T. ) ;
#4682 = PLANE ( 'NONE',  #4164 ) ;
#4683 = DIRECTION ( 'NONE',  ( 0.000000000000000000, 0.000000000000000000, -1.000000000000000000 ) ) ;
#4684 = CIRCLE ( 'NONE', #642, 0.5999999999999998668 ) ;
#4685 = CARTESIAN_POINT ( 'NONE',  ( 9.799999999999998934, 5.000000000000000888, 17.69999999999999929 ) ) ;
#4686 = ORIENTED_EDGE ( 'NONE', *, *, #2491, .T. ) ;
#4687 = DIRECTION ( 'NONE',  ( 0.000000000000000000, 0.000000000000000000, -1.000000000000000000 ) ) ;
#4688 = EDGE_CURVE ( 'NONE', #1923, #3172, #1993, .T. ) ;
#4689 = ORIENTED_EDGE ( 'NONE', *, *, #1801, .T. ) ;
#4690 = ADVANCED_FACE ( 'NONE', ( #2882, #769 ), #2732, .T. ) ;
#4691 = DIRECTION ( 'NONE',  ( -1.000000000000000000, 0.000000000000000000, 0.000000000000000000 ) ) ;
#4692 = LINE ( 'NONE', #1763, #788 ) ;
#4693 = EDGE_LOOP ( 'NONE', ( #3897, #3541, #4952, #1299 ) ) ;
#4694 = AXIS2_PLACEMENT_3D ( 'NONE', #2642, #3047, #722 ) ;
#4695 = DIRECTION ( 'NONE',  ( -1.000000000000000000, -0.000000000000000000, -0.000000000000000000 ) ) ;
#4696 = AXIS2_PLACEMENT_3D ( 'NONE', #1133, #2709, #29 ) ;
#4697 = CARTESIAN_POINT ( 'NONE',  ( 86.20000000000000284, -0.7999999999999999334, 10.58348486100883434 ) ) ;
#4698 = CARTESIAN_POINT ( 'NONE',  ( 9.799999999999998934, 12.30000000000000071, 0.000000000000000000 ) ) ;
#4699 = ORIENTED_EDGE ( 'NONE', *, *, #381, .T. ) ;
#4700 = DIRECTION ( 'NONE',  ( 1.000000000000000000, 0.000000000000000000, 0.000000000000000000 ) ) ;
#4701 = DIRECTION ( 'NONE',  ( 1.000000000000000000, -0.000000000000000000, -0.000000000000000000 ) ) ;
#4702 = PLANE ( 'NONE',  #3928 ) ;
#4703 = ORIENTED_EDGE ( 'NONE', *, *, #3968, .F. ) ;
#4704 = CIRCLE ( 'NONE', #159, 0.4000000000000010214 ) ;
#4705 = VERTEX_POINT ( 'NONE', #1546 ) ;
#4706 = EDGE_LOOP ( 'NONE', ( #3596, #4485, #2392, #741, #4528, #3953, #317, #4524, #3334, #3523, #2247, #3786, #1349, #243 ) ) ;
#4707 = ORIENTED_EDGE ( 'NONE', *, *, #3882, .F. ) ;
#4708 = EDGE_CURVE ( 'NONE', #4653, #1305, #4564, .T. ) ;
#4709 = CIRCLE ( 'NONE', #3356, 0.5999999999999998668 ) ;
#4710 = AXIS2_PLACEMENT_3D ( 'NONE', #1902, #2640, #1474 ) ;
#4711 = VECTOR ( 'NONE', #3990, 999.9999999999998863 ) ;
#4712 = VERTEX_POINT ( 'NONE', #4292 ) ;
#4713 = ORIENTED_EDGE ( 'NONE', *, *, #801, .T. ) ;
#4714 = CARTESIAN_POINT ( 'NONE',  ( 84.90000000000000568, -0.7999999999999999334, -4.299999999999998046 ) ) ;
#4715 = VERTEX_POINT ( 'NONE', #781 ) ;
#4716 = DIRECTION ( 'NONE',  ( 0.000000000000000000, 1.000000000000000000, 0.000000000000000000 ) ) ;
#4717 = CIRCLE ( 'NONE', #2688, 2.949999999999994404 ) ;
#4718 = ADVANCED_FACE ( 'NONE', ( #3686, #3322 ), #4232, .T. ) ;
#4719 = EDGE_CURVE ( 'NONE', #4934, #3857, #827, .T. ) ;
#4720 = DIRECTION ( 'NONE',  ( 0.000000000000000000, -1.958558763199620547E-14, 1.000000000000000000 ) ) ;
#4721 = DIRECTION ( 'NONE',  ( 0.000000000000000000, 0.000000000000000000, 1.000000000000000000 ) ) ;
#4722 = LINE ( 'NONE', #1708, #1005 ) ;
#4723 = ORIENTED_EDGE ( 'NONE', *, *, #356, .T. ) ;
#4724 = EDGE_CURVE ( 'NONE', #3892, #3650, #2761, .T. ) ;
#4725 = CARTESIAN_POINT ( 'NONE',  ( 48.29999999999999716, 2.620000000000005880, 0.000000000000000000 ) ) ;
#4726 = AXIS2_PLACEMENT_3D ( 'NONE', #4619, #3873, #748 ) ;
#4727 = LINE ( 'NONE', #1186, #1686 ) ;
#4728 = LINE ( 'NONE', #3533, #2576 ) ;
#4729 = DIRECTION ( 'NONE',  ( 0.000000000000000000, 0.000000000000000000, 1.000000000000000000 ) ) ;
#4730 = EDGE_CURVE ( 'NONE', #3248, #620, #3981, .T. ) ;
#4731 = DIRECTION ( 'NONE',  ( 1.000000000000000000, -0.000000000000000000, -0.000000000000000000 ) ) ;
#4732 = ADVANCED_FACE ( 'NONE', ( #4218 ), #2826, .F. ) ;
#4733 = CIRCLE ( 'NONE', #614, 1.879999999999992788 ) ;
#4734 = VERTEX_POINT ( 'NONE', #3965 ) ;
#4735 = AXIS2_PLACEMENT_3D ( 'NONE', #3235, #4380, #914 ) ;
#4736 = DIRECTION ( 'NONE',  ( -0.000000000000000000, 1.000000000000000000, 1.002127658363693388E-16 ) ) ;
#4737 = CARTESIAN_POINT ( 'NONE',  ( 88.59999999999999432, 4.550000000000028244, -27.38999999999995794 ) ) ;
#4738 = VECTOR ( 'NONE', #2407, 1000.000000000000000 ) ;
#4739 = ORIENTED_EDGE ( 'NONE', *, *, #1976, .T. ) ;
#4740 = DIRECTION ( 'NONE',  ( 0.000000000000000000, 0.000000000000000000, -1.000000000000000000 ) ) ;
#4741 = DIRECTION ( 'NONE',  ( 0.000000000000000000, 1.000000000000000000, 0.000000000000000000 ) ) ;
#4742 = FACE_OUTER_BOUND ( 'NONE', #4536, .T. ) ;
#4743 = VECTOR ( 'NONE', #2585, 1000.000000000000000 ) ;
#4744 = DIRECTION ( 'NONE',  ( 0.000000000000000000, -0.5735764363510418296, -0.8191520442889947962 ) ) ;
#4745 = CARTESIAN_POINT ( 'NONE',  ( 24.04926735356654532, 3.200000000000000178, 0.000000000000000000 ) ) ;
#4746 = LINE ( 'NONE', #1366, #1878 ) ;
#4747 = FACE_OUTER_BOUND ( 'NONE', #4178, .T. ) ;
#4748 = EDGE_CURVE ( 'NONE', #1305, #2132, #4855, .T. ) ;
#4749 = CARTESIAN_POINT ( 'NONE',  ( 5.799999999999999822, 11.20000000000000107, 11.42393678815281710 ) ) ;
#4750 = FACE_OUTER_BOUND ( 'NONE', #1640, .T. ) ;
#4751 = DIRECTION ( 'NONE',  ( 0.000000000000000000, -5.551115123125781470E-17, -1.000000000000000000 ) ) ;
#4752 = VERTEX_POINT ( 'NONE', #4351 ) ;
#4753 = CARTESIAN_POINT ( 'NONE',  ( 80.20000000000000284, 5.350000000000009415, -9.389999999999961489 ) ) ;
#4754 = LINE ( 'NONE', #1806, #2965 ) ;
#4755 = CARTESIAN_POINT ( 'NONE',  ( 5.799999999999999822, 11.20000000000000107, 11.42393678815282243 ) ) ;
#4756 = LINE ( 'NONE', #4650, #2719 ) ;
#4757 = ORIENTED_EDGE ( 'NONE', *, *, #772, .T. ) ;
#4758 = CARTESIAN_POINT ( 'NONE',  ( 49.75450197585804801, 7.579971189464443704, -0.8000000000000000444 ) ) ;
#4759 = ORIENTED_EDGE ( 'NONE', *, *, #1911, .F. ) ;
#4760 = AXIS2_PLACEMENT_3D ( 'NONE', #4161, #4617, #4630 ) ;
#4761 = DIRECTION ( 'NONE',  ( 0.000000000000000000, -1.000000000000000000, 5.551115123125781470E-17 ) ) ;
#4762 = EDGE_LOOP ( 'NONE', ( #878, #850 ) ) ;
#4763 = AXIS2_PLACEMENT_3D ( 'NONE', #212, #946, #2089 ) ;
#4764 = DIRECTION ( 'NONE',  ( 0.000000000000000000, 2.222614453595278410E-14, 1.000000000000000000 ) ) ;
#4765 = ADVANCED_FACE ( 'NONE', ( #1749 ), #410, .F. ) ;
#4766 = DIRECTION ( 'NONE',  ( 0.5773502691896257311, -0.5773502691896258421, 0.5773502691896257311 ) ) ;
#4767 = ORIENTED_EDGE ( 'NONE', *, *, #1017, .F. ) ;
#4768 = CARTESIAN_POINT ( 'NONE',  ( 0.000000000000000000, -0.4000000000000045186, 0.000000000000000000 ) ) ;
#4769 = ORIENTED_EDGE ( 'NONE', *, *, #4562, .T. ) ;
#4770 = EDGE_LOOP ( 'NONE', ( #2382, #1263, #2101, #562 ) ) ;
#4771 = CARTESIAN_POINT ( 'NONE',  ( 0.000000000000000000, 12.30000000000000071, -57.79999999999999716 ) ) ;
#4772 = ORIENTED_EDGE ( 'NONE', *, *, #3444, .T. ) ;
#4773 = APPLICATION_CONTEXT ( 'automotive_design' ) ;
#4774 = ORIENTED_EDGE ( 'NONE', *, *, #3554, .F. ) ;
#4775 = DIRECTION ( 'NONE',  ( 0.000000000000000000, 0.8191520442889946851, -0.5735764363510417185 ) ) ;
#4776 = CARTESIAN_POINT ( 'NONE',  ( 86.20000000000000284, 11.15682723456549574, 12.23039605948595288 ) ) ;
#4777 = EDGE_CURVE ( 'NONE', #1920, #4200, #3866, .T. ) ;
#4778 = FACE_OUTER_BOUND ( 'NONE', #1481, .T. ) ;
#4779 = ORIENTED_EDGE ( 'NONE', *, *, #831, .T. ) ;
#4780 = DIRECTION ( 'NONE',  ( 0.000000000000000000, 0.000000000000000000, -1.000000000000000000 ) ) ;
#4781 = EDGE_LOOP ( 'NONE', ( #2213, #3083, #4838, #1580 ) ) ;
#4782 = EDGE_CURVE ( 'NONE', #1656, #4435, #3066, .T. ) ;
#4783 = DIRECTION ( 'NONE',  ( 0.000000000000000000, 0.000000000000000000, 1.000000000000000000 ) ) ;
#4784 = DIRECTION ( 'NONE',  ( 0.000000000000000000, 0.000000000000000000, 1.000000000000000000 ) ) ;
#4785 = DIRECTION ( 'NONE',  ( -0.000000000000000000, -0.000000000000000000, 1.000000000000000000 ) ) ;
#4786 = CARTESIAN_POINT ( 'NONE',  ( 90.20000000000000284, 5.350000000000009415, -18.38999999999996149 ) ) ;
#4787 = AXIS2_PLACEMENT_3D ( 'NONE', #1182, #3884, #4978 ) ;
#4788 = DIRECTION ( 'NONE',  ( 1.000000000000000000, 0.000000000000000000, 0.000000000000000000 ) ) ;
#4789 = EDGE_CURVE ( 'NONE', #860, #1113, #1500, .T. ) ;
#4790 = FACE_OUTER_BOUND ( 'NONE', #943, .T. ) ;
#4791 = PRODUCT_RELATED_PRODUCT_CATEGORY ( 'part', '', ( #2438 ) ) ;
#4792 = CARTESIAN_POINT ( 'NONE',  ( 80.38999999999900581, 5.980000000000111449, -0.7999999999999999334 ) ) ;
#4793 = DIRECTION ( 'NONE',  ( 0.000000000000000000, -1.000000000000000000, 0.000000000000000000 ) ) ;
#4794 = CIRCLE ( 'NONE', #4858, 0.3999999999999993006 ) ;
#4795 = DIRECTION ( 'NONE',  ( 1.000000000000000000, 0.000000000000000000, 0.000000000000000000 ) ) ;
#4796 = LINE ( 'NONE', #2099, #3077 ) ;
#4797 = LINE ( 'NONE', #4870, #2704 ) ;
#4798 = CARTESIAN_POINT ( 'NONE',  ( 86.20000000000000284, 0.3896949347358760751, 15.22163159792241061 ) ) ;
#4799 = CARTESIAN_POINT ( 'NONE',  ( 9.799999999999998934, -1.200000000000001510, 11.50000000000000000 ) ) ;
#4800 = VECTOR ( 'NONE', #2730, 1000.000000000000000 ) ;
#4801 = AXIS2_PLACEMENT_3D ( 'NONE', #1783, #240, #4165 ) ;
#4802 = CARTESIAN_POINT ( 'NONE',  ( 84.90000000000000568, -0.3999999999999999667, -54.79999999999999716 ) ) ;
#4803 = LINE ( 'NONE', #2676, #711 ) ;
#4804 = LINE ( 'NONE', #3060, #3274 ) ;
#4805 = ORIENTED_EDGE ( 'NONE', *, *, #4960, .F. ) ;
#4806 = DIRECTION ( 'NONE',  ( 0.000000000000000000, 0.000000000000000000, 1.000000000000000000 ) ) ;
#4807 = LINE ( 'NONE', #786, #2008 ) ;
#4808 = VERTEX_POINT ( 'NONE', #2010 ) ;
#4809 = ORIENTED_EDGE ( 'NONE', *, *, #3467, .T. ) ;
#4810 = ORIENTED_EDGE ( 'NONE', *, *, #3349, .F. ) ;
#4811 = EDGE_CURVE ( 'NONE', #4293, #9, #2288, .T. ) ;
#4812 = CARTESIAN_POINT ( 'NONE',  ( 84.90000000000000568, 0.000000000000000000, -53.29999999999999716 ) ) ;
#4813 = LINE ( 'NONE', #2417, #3824 ) ;
#4814 = VERTEX_POINT ( 'NONE', #139 ) ;
#4815 = DIRECTION ( 'NONE',  ( 1.000000000000000000, 0.000000000000000000, 0.000000000000000000 ) ) ;
#4816 = DIRECTION ( 'NONE',  ( -1.000000000000000000, 0.000000000000000000, 0.000000000000000000 ) ) ;
#4817 = EDGE_CURVE ( 'NONE', #2121, #4388, #3682, .T. ) ;
#4818 = CIRCLE ( 'NONE', #845, 6.200000000000001066 ) ;
#4819 = AXIS2_PLACEMENT_3D ( 'NONE', #3383, #303, #4866 ) ;
#4820 = DIRECTION ( 'NONE',  ( 1.000000000000000000, -0.000000000000000000, -0.000000000000000000 ) ) ;
#4821 = CARTESIAN_POINT ( 'NONE',  ( 0.000000000000000000, -1.199999999999999956, 10.58348486100883434 ) ) ;
#4822 = EDGE_CURVE ( 'NONE', #3241, #1532, #3191, .T. ) ;
#4823 = EDGE_LOOP ( 'NONE', ( #391, #4015, #2618, #683, #3820, #2670, #2425, #2737 ) ) ;
#4824 = PLANE ( 'NONE',  #3673 ) ;
#4825 = VERTEX_POINT ( 'NONE', #509 ) ;
#4826 = CARTESIAN_POINT ( 'NONE',  ( 90.20000000000000284, 5.350000000000009415, -14.38999999999996326 ) ) ;
#4827 = AXIS2_PLACEMENT_3D ( 'NONE', #3869, #742, #1599 ) ;
#4828 = DIRECTION ( 'NONE',  ( 0.000000000000000000, 2.891205793294679017E-15, -1.000000000000000000 ) ) ;
#4829 = AXIS2_PLACEMENT_3D ( 'NONE', #3736, #4110, #1818 ) ;
#4830 = FACE_OUTER_BOUND ( 'NONE', #156, .T. ) ;
#4831 = CARTESIAN_POINT ( 'NONE',  ( 89.80000000000001137, 5.350000000000009415, -18.38999999999996149 ) ) ;
#4832 = LINE ( 'NONE', #4522, #1293 ) ;
#4833 = ORIENTED_EDGE ( 'NONE', *, *, #3298, .F. ) ;
#4834 = ORIENTED_EDGE ( 'NONE', *, *, #1542, .F. ) ;
#4835 = DIRECTION ( 'NONE',  ( 1.000000000000000000, -0.000000000000000000, -0.000000000000000000 ) ) ;
#4836 = ORIENTED_EDGE ( 'NONE', *, *, #1796, .T. ) ;
#4837 = AXIS2_PLACEMENT_3D ( 'NONE', #4647, #77, #1606 ) ;
#4838 = ORIENTED_EDGE ( 'NONE', *, *, #864, .F. ) ;
#4839 = VECTOR ( 'NONE', #4453, 1000.000000000000000 ) ;
#4840 = CARTESIAN_POINT ( 'NONE',  ( 74.00999999998285261, 9.460000000000107434, 0.000000000000000000 ) ) ;
#4841 = VERTEX_POINT ( 'NONE', #4725 ) ;
#4842 = DIRECTION ( 'NONE',  ( 0.000000000000000000, 0.000000000000000000, -1.000000000000000000 ) ) ;
#4843 = CARTESIAN_POINT ( 'NONE',  ( 63.14814144638209115, 7.463330936919439829, 1.110000000000001652 ) ) ;
#4844 = VECTOR ( 'NONE', #1007, 1000.000000000000000 ) ;
#4845 = ORIENTED_EDGE ( 'NONE', *, *, #2142, .T. ) ;
#4846 = DIRECTION ( 'NONE',  ( 0.000000000000000000, 0.000000000000000000, -1.000000000000000000 ) ) ;
#4847 = EDGE_CURVE ( 'NONE', #4672, #2705, #2756, .T. ) ;
#4848 = CARTESIAN_POINT ( 'NONE',  ( 89.47241379310345621, -1.127586206896550980, 12.44482129371174572 ) ) ;
#4849 = LINE ( 'NONE', #3338, #3856 ) ;
#4850 = CYLINDRICAL_SURFACE ( 'NONE', #4829, 2.949999999999994404 ) ;
#4851 = CARTESIAN_POINT ( 'NONE',  ( 7.091424485193610572, -5.547129576887651403, -0.8000000000000000444 ) ) ;
#4852 = CARTESIAN_POINT ( 'NONE',  ( 84.90000000000000568, -0.7999999999999999334, -54.79999999999999716 ) ) ;
#4853 = DIRECTION ( 'NONE',  ( -1.000000000000000000, -0.000000000000000000, -0.000000000000000000 ) ) ;
#4854 = DIRECTION ( 'NONE',  ( -1.000000000000000000, 0.000000000000000000, 0.000000000000000000 ) ) ;
#4855 = LINE ( 'NONE', #1267, #4738 ) ;
#4856 = CIRCLE ( 'NONE', #807, 1.399999999999991473 ) ;
#4857 = DIRECTION ( 'NONE',  ( -0.000000000000000000, 1.000000000000000000, -0.000000000000000000 ) ) ;
#4858 = AXIS2_PLACEMENT_3D ( 'NONE', #3608, #2471, #569 ) ;
#4859 = DIRECTION ( 'NONE',  ( -0.2940858488373964130, 0.9557790087219890651, 5.305639309682804101E-17 ) ) ;
#4860 = EDGE_CURVE ( 'NONE', #3941, #863, #2878, .T. ) ;
#4861 = LINE ( 'NONE', #987, #2632 ) ;
#4862 = CARTESIAN_POINT ( 'NONE',  ( 89.80000000000001137, 8.050000000000029132, -27.38999999999995794 ) ) ;
#4863 = DIRECTION ( 'NONE',  ( 0.000000000000000000, 0.000000000000000000, -1.000000000000000000 ) ) ;
#4864 = LINE ( 'NONE', #2421, #1447 ) ;
#4865 = ORIENTED_EDGE ( 'NONE', *, *, #4860, .T. ) ;
#4866 = DIRECTION ( 'NONE',  ( 0.000000000000000000, 0.000000000000000000, 1.000000000000000000 ) ) ;
#4867 = DIRECTION ( 'NONE',  ( 0.000000000000000000, 0.000000000000000000, -1.000000000000000000 ) ) ;
#4868 = FACE_BOUND ( 'NONE', #95, .T. ) ;
#4869 = EDGE_LOOP ( 'NONE', ( #1258, #4529, #4893, #3330 ) ) ;
#4870 = CARTESIAN_POINT ( 'NONE',  ( 90.20000000000000284, 12.30000000000000071, -57.40000000000001279 ) ) ;
#4871 = ORIENTED_EDGE ( 'NONE', *, *, #1742, .T. ) ;
#4872 = CARTESIAN_POINT ( 'NONE',  ( 26.89999999999999858, -0.4000000000000000222, -7.249999999999999112 ) ) ;
#4873 = CARTESIAN_POINT ( 'NONE',  ( 84.90000000000000568, -0.4000000000000000222, -4.299999999999998046 ) ) ;
#4874 = CARTESIAN_POINT ( 'NONE',  ( 90.20000000000000284, 11.19622312751839388, 11.28362312044449389 ) ) ;
#4875 = CARTESIAN_POINT ( 'NONE',  ( 26.89999999999999858, -0.4000000000000000222, -7.249999999999999112 ) ) ;
#4876 = VECTOR ( 'NONE', #4073, 1000.000000000000000 ) ;
#4877 = ORIENTED_EDGE ( 'NONE', *, *, #3947, .T. ) ;
#4878 = CARTESIAN_POINT ( 'NONE',  ( 89.85624614119669218, -0.7437538588033064668, 13.02620169357858160 ) ) ;
#4879 = DIRECTION ( 'NONE',  ( -1.000000000000000000, -0.000000000000000000, -0.000000000000000000 ) ) ;
#4880 = CIRCLE ( 'NONE', #1535, 1.500000000000001332 ) ;
#4881 = EDGE_LOOP ( 'NONE', ( #1119, #3544, #1751, #2000 ) ) ;
#4882 = EDGE_CURVE ( 'NONE', #1048, #9, #1869, .T. ) ;
#4883 = CARTESIAN_POINT ( 'NONE',  ( 5.799999999999999822, 5.000000000000000000, 13.50000000000000000 ) ) ;
#4884 = ORIENTED_EDGE ( 'NONE', *, *, #3151, .F. ) ;
#4885 = EDGE_LOOP ( 'NONE', ( #3587, #2713, #736, #628 ) ) ;
#4886 = ORIENTED_EDGE ( 'NONE', *, *, #667, .T. ) ;
#4887 = AXIS2_PLACEMENT_3D ( 'NONE', #768, #3068, #1515 ) ;
#4888 = CARTESIAN_POINT ( 'NONE',  ( 88.20000000000001705, 0.000000000000000000, 0.000000000000000000 ) ) ;
#4889 = CIRCLE ( 'NONE', #91, 1.399999999999998579 ) ;
#4890 = EDGE_CURVE ( 'NONE', #1252, #2856, #2519, .T. ) ;
#4891 = CARTESIAN_POINT ( 'NONE',  ( 89.80000000000001137, 0.000000000000000000, -9.000000000000000000 ) ) ;
#4892 = ORIENTED_EDGE ( 'NONE', *, *, #1281, .T. ) ;
#4893 = ORIENTED_EDGE ( 'NONE', *, *, #3702, .T. ) ;
#4894 = ORIENTED_EDGE ( 'NONE', *, *, #1446, .T. ) ;
#4895 = ORIENTED_EDGE ( 'NONE', *, *, #1355, .F. ) ;
#4896 = STYLED_ITEM ( 'NONE', ( #2224 ), #1244 ) ;
#4897 = VECTOR ( 'NONE', #3689, 1000.000000000000000 ) ;
#4898 = ORIENTED_EDGE ( 'NONE', *, *, #688, .T. ) ;
#4899 = DIRECTION ( 'NONE',  ( 0.9557790087219890651, 0.2940858488373964130, 0.000000000000000000 ) ) ;
#4900 = LINE ( 'NONE', #2848, #4434 ) ;
#4901 = ORIENTED_EDGE ( 'NONE', *, *, #1128, .F. ) ;
#4902 = CARTESIAN_POINT ( 'NONE',  ( 84.90000000000000568, 0.000000000000000000, -7.249999999999995559 ) ) ;
#4903 = VERTEX_POINT ( 'NONE', #3165 ) ;
#4904 = AXIS2_PLACEMENT_3D ( 'NONE', #3194, #1667, #2453 ) ;
#4905 = CARTESIAN_POINT ( 'NONE',  ( 90.20000000000000284, 2.379766777207654727, 17.11910827962722337 ) ) ;
#4906 = CARTESIAN_POINT ( 'NONE',  ( 86.20000000000000284, -0.8260942488726313870, 13.62052488861915123 ) ) ;
#4907 = CARTESIAN_POINT ( 'NONE',  ( 86.20000000000000284, 3.479547833424012637, 17.09716224609885415 ) ) ;
#4908 = FACE_OUTER_BOUND ( 'NONE', #4228, .T. ) ;
#4909 = EDGE_LOOP ( 'NONE', ( #3833, #743, #1913, #386 ) ) ;
#4910 = CARTESIAN_POINT ( 'NONE',  ( 80.20000000000000284, 7.250000000000007994, -9.389999999999961489 ) ) ;
#4911 = CARTESIAN_POINT ( 'NONE',  ( 0.000000000000000000, -1.199999999999999956, 0.000000000000000000 ) ) ;
#4912 = FACE_OUTER_BOUND ( 'NONE', #3593, .T. ) ;
#4913 = EDGE_CURVE ( 'NONE', #4012, #533, #1929, .T. ) ;
#4914 = ADVANCED_FACE ( 'NONE', ( #4559 ), #2025, .F. ) ;
#4915 = CARTESIAN_POINT ( 'NONE',  ( 88.59999999999999432, 0.3999999999999837019, -0.8000000000000000444 ) ) ;
#4916 = ORIENTED_EDGE ( 'NONE', *, *, #3160, .F. ) ;
#4917 = CARTESIAN_POINT ( 'NONE',  ( 89.80000000000001137, 7.250000000000007994, -9.389999999999961489 ) ) ;
#4918 = EDGE_CURVE ( 'NONE', #1370, #4968, #1621, .T. ) ;
#4919 = LINE ( 'NONE', #653, #3446 ) ;
#4920 = ORIENTED_EDGE ( 'NONE', *, *, #2517, .T. ) ;
#4921 = EDGE_CURVE ( 'NONE', #3175, #3723, #121, .T. ) ;
#4922 = DIRECTION ( 'NONE',  ( 0.000000000000000000, 0.000000000000000000, 1.000000000000000000 ) ) ;
#4923 = CARTESIAN_POINT ( 'NONE',  ( 90.20000000000000284, -0.4348996275577677872, 14.48359951038547244 ) ) ;
#4924 = LINE ( 'NONE', #3558, #2953 ) ;
#4925 = CARTESIAN_POINT ( 'NONE',  ( 1.600000000000000089, 12.30000000000000071, -56.99999999999999289 ) ) ;
#4926 = LINE ( 'NONE', #4023, #3810 ) ;
#4927 = VERTEX_POINT ( 'NONE', #537 ) ;
#4928 = AXIS2_PLACEMENT_3D ( 'NONE', #4259, #4271, #1951 ) ;
#4929 = VECTOR ( 'NONE', #4199, 1000.000000000000000 ) ;
#4930 = CARTESIAN_POINT ( 'NONE',  ( 1.600000000000000089, 8.970000000000005969, -0.8000000000000000444 ) ) ;
#4931 = ORIENTED_EDGE ( 'NONE', *, *, #667, .F. ) ;
#4932 = ORIENTED_EDGE ( 'NONE', *, *, #766, .F. ) ;
#4933 = FACE_OUTER_BOUND ( 'NONE', #2279, .T. ) ;
#4934 = VERTEX_POINT ( 'NONE', #4802 ) ;
#4935 = EDGE_LOOP ( 'NONE', ( #1162, #1843, #4699, #4932 ) ) ;
#4936 = DIRECTION ( 'NONE',  ( 1.000000000000000000, -0.000000000000000000, 0.000000000000000000 ) ) ;
#4937 = VECTOR ( 'NONE', #28, 1000.000000000000000 ) ;
#4938 = ORIENTED_EDGE ( 'NONE', *, *, #104, .T. ) ;
#4939 = CARTESIAN_POINT ( 'NONE',  ( 89.80000000000001137, 4.550000000000028244, -32.38999999999995794 ) ) ;
#4940 = ORIENTED_EDGE ( 'NONE', *, *, #3195, .T. ) ;
#4941 = DIRECTION ( 'NONE',  ( 0.000000000000000000, 0.000000000000000000, 1.000000000000000000 ) ) ;
#4942 = EDGE_CURVE ( 'NONE', #1288, #4252, #1437, .T. ) ;
#4943 = DIRECTION ( 'NONE',  ( 0.000000000000000000, 1.000000000000000000, 0.000000000000000000 ) ) ;
#4944 = VERTEX_POINT ( 'NONE', #2869 ) ;
#4945 = DIRECTION ( 'NONE',  ( -1.000000000000000000, 0.000000000000000000, 0.000000000000000000 ) ) ;
#4946 = ORIENTED_EDGE ( 'NONE', *, *, #678, .T. ) ;
#4947 = VECTOR ( 'NONE', #713, 1000.000000000000000 ) ;
#4948 = ORIENTED_EDGE ( 'NONE', *, *, #4777, .F. ) ;
#4949 = EDGE_CURVE ( 'NONE', #499, #937, #3379, .T. ) ;
#4950 = ORIENTED_EDGE ( 'NONE', *, *, #1523, .T. ) ;
#4951 = CARTESIAN_POINT ( 'NONE',  ( 86.20000000000000284, 5.000000000000000000, 11.50000000000000000 ) ) ;
#4952 = ORIENTED_EDGE ( 'NONE', *, *, #4324, .F. ) ;
#4953 = PLANE ( 'NONE',  #4726 ) ;
#4954 = LINE ( 'NONE', #2211, #3105 ) ;
#4955 = ORIENTED_EDGE ( 'NONE', *, *, #4921, .T. ) ;
#4956 = AXIS2_PLACEMENT_3D ( 'NONE', #13, #4616, #2684 ) ;
#4957 = ADVANCED_FACE ( 'NONE', ( #3127 ), #1303, .F. ) ;
#4958 = CARTESIAN_POINT ( 'NONE',  ( 9.799999999999998934, 11.20000000000000107, 11.50000000000000178 ) ) ;
#4959 = EDGE_CURVE ( 'NONE', #1106, #312, #4555, .T. ) ;
#4960 = EDGE_CURVE ( 'NONE', #1966, #110, #577, .T. ) ;
#4961 = DIRECTION ( 'NONE',  ( -0.000000000000000000, -1.000000000000000000, -0.000000000000000000 ) ) ;
#4962 = ADVANCED_FACE ( 'NONE', ( #2400 ), #3680, .T. ) ;
#4963 = DIRECTION ( 'NONE',  ( 0.000000000000000000, 1.000000000000000000, 0.000000000000000000 ) ) ;
#4964 = CARTESIAN_POINT ( 'NONE',  ( 90.20000000000000284, -0.4000000000000042411, 13.19809892933436402 ) ) ;
#4965 = DIRECTION ( 'NONE',  ( -0.000000000000000000, 1.000000000000000000, 1.002127658363693388E-16 ) ) ;
#4966 = EDGE_CURVE ( 'NONE', #4903, #3788, #2581, .T. ) ;
#4967 = LINE ( 'NONE', #4626, #3121 ) ;
#4968 = VERTEX_POINT ( 'NONE', #4014 ) ;
#4969 = AXIS2_PLACEMENT_3D ( 'NONE', #1885, #702, #3429 ) ;
#4970 = DIRECTION ( 'NONE',  ( 1.000000000000000000, -0.000000000000000000, -0.000000000000000000 ) ) ;
#4971 = PLANE ( 'NONE',  #202 ) ;
#4972 = VECTOR ( 'NONE', #1024, 1000.000000000000000 ) ;
#4973 = DIRECTION ( 'NONE',  ( 0.000000000000000000, -0.000000000000000000, 1.000000000000000000 ) ) ;
#4974 = CARTESIAN_POINT ( 'NONE',  ( 88.59999999999999432, 4.550000000000028244, -23.38999999999996149 ) ) ;
#4975 = EDGE_CURVE ( 'NONE', #148, #1288, #695, .T. ) ;
#4976 = EDGE_LOOP ( 'NONE', ( #3635, #108, #143, #568, #4313 ) ) ;
#4977 = CARTESIAN_POINT ( 'NONE',  ( 26.89999999999999858, 0.000000000000000000, -4.299999999999998046 ) ) ;
#4978 = DIRECTION ( 'NONE',  ( -0.000000000000000000, 5.551115123125781470E-17, 1.000000000000000000 ) ) ;
#4979 = DIRECTION ( 'NONE',  ( -0.000000000000000000, -1.000000000000000000, -0.000000000000000000 ) ) ;
ENDSEC;
END-ISO-10303-21;
