ISO-10303-21;
HEADER;
FILE_DESCRIPTION (( 'STEP AP214' ),
    '1' );
FILE_NAME ('face_plate.STEP',
    '2026-09-20T11:09:45',
    ( '' ),
    ( '' ),
    'SwSTEP 2.0',
    'SolidWorks 2018',
    '' );
FILE_SCHEMA (( 'AUTOMOTIVE_DESIGN' ));
ENDSEC;

DATA;
#1 = ORIENTED_EDGE ( 'NONE', *, *, #232, .T. ) ;
#2 = VERTEX_POINT ( 'NONE', #3080 ) ;
#3 = ORIENTED_EDGE ( 'NONE', *, *, #3319, .T. ) ;
#4 = VECTOR ( 'NONE', #2370, 1000.000000000000000 ) ;
#5 = FACE_OUTER_BOUND ( 'NONE', #746, .T. ) ;
#6 = DIRECTION ( 'NONE',  ( -0.000000000000000000, 1.000000000000000000, -0.000000000000000000 ) ) ;
#7 = ORIENTED_EDGE ( 'NONE', *, *, #3208, .F. ) ;
#8 = CARTESIAN_POINT ( 'NONE',  ( 151.0230788128466202, 0.09999999999999939493, 56.20000000000000284 ) ) ;
#9 = ORIENTED_EDGE ( 'NONE', *, *, #811, .T. ) ;
#10 = LINE ( 'NONE', #3062, #4 ) ;
#11 = DIRECTION ( 'NONE',  ( -0.000000000000000000, -0.000000000000000000, -1.000000000000000000 ) ) ;
#12 = CARTESIAN_POINT ( 'NONE',  ( 151.0230788128466202, 2.700000000000001066, -2.168404344971008868E-16 ) ) ;
#13 = CARTESIAN_POINT ( 'NONE',  ( 70.40000000000000568, -3.000000000000000000, 0.000000000000000000 ) ) ;
#14 = CARTESIAN_POINT ( 'NONE',  ( -0.2000000000000000111, 0.000000000000000000, 0.000000000000000000 ) ) ;
#15 = CARTESIAN_POINT ( 'NONE',  ( 14.36999999999957645, -1.049999999999900346, -1.800000000000000044 ) ) ;
#16 = LINE ( 'NONE', #3246, #651 ) ;
#17 = CARTESIAN_POINT ( 'NONE',  ( -1.400000000000012346, 4.299999999999992717, 57.79999999999999716 ) ) ;
#18 = ORIENTED_EDGE ( 'NONE', *, *, #1739, .T. ) ;
#19 = CARTESIAN_POINT ( 'NONE',  ( 82.00000000000001421, 4.299999999999992717, 55.79999999999999716 ) ) ;
#20 = EDGE_CURVE ( 'NONE', #3780, #4188, #469, .T. ) ;
#21 = CIRCLE ( 'NONE', #3753, 1.600000000000000089 ) ;
#22 = ORIENTED_EDGE ( 'NONE', *, *, #1484, .F. ) ;
#23 = CARTESIAN_POINT ( 'NONE',  ( -1.800000000000000266, 0.1000000000000000056, 0.000000000000000000 ) ) ;
#24 = CARTESIAN_POINT ( 'NONE',  ( 151.0230788128466202, 2.700000000000001066, 1.800000237999992869 ) ) ;
#25 = EDGE_CURVE ( 'NONE', #3393, #4180, #132, .T. ) ;
#26 = CARTESIAN_POINT ( 'NONE',  ( -1.000000000000000000, -4.299999999999999822, 3.399999999999998579 ) ) ;
#27 = AXIS2_PLACEMENT_3D ( 'NONE', #1522, #4085, #1856 ) ;
#28 = ORIENTED_EDGE ( 'NONE', *, *, #1919, .T. ) ;
#30 = LINE ( 'NONE', #4500, #4265 ) ;
#29 = LINE ( 'NONE', #1435, #1456 ) ;
#31 = DIRECTION ( 'NONE',  ( 1.400000000000014387E-14, 1.000000000000000000, 0.000000000000000000 ) ) ;
#32 = AXIS2_PLACEMENT_3D ( 'NONE', #192, #3994, #1328 ) ;
#34 = LINE ( 'NONE', #3959, #3034 ) ;
#33 = LINE ( 'NONE', #4686, #3907 ) ;
#35 = CARTESIAN_POINT ( 'NONE',  ( 68.19999999999998863, -12.37987846336829456, -1.000000000000000000 ) ) ;
#36 = DIRECTION ( 'NONE',  ( -0.7071067811865459074, -8.488821684060222358E-17, 0.7071067811865491270 ) ) ;
#37 = LINE ( 'NONE', #2393, #3146 ) ;
#38 = VERTEX_POINT ( 'NONE', #1265 ) ;
#39 = DIRECTION ( 'NONE',  ( 0.000000000000000000, 1.000000000000000000, 0.000000000000000000 ) ) ;
#40 = LINE ( 'NONE', #1234, #1822 ) ;
#41 = EDGE_CURVE ( 'NONE', #1710, #1862, #4130, .T. ) ;
#42 = ORIENTED_EDGE ( 'NONE', *, *, #3616, .T. ) ;
#43 = EDGE_LOOP ( 'NONE', ( #160, #1889, #1354, #3996 ) ) ;
#44 = DIRECTION ( 'NONE',  ( -0.000000000000000000, 0.000000000000000000, -1.000000000000000000 ) ) ;
#45 = EDGE_LOOP ( 'NONE', ( #3184, #4465, #355, #1118, #979, #554 ) ) ;
#46 = CARTESIAN_POINT ( 'NONE',  ( 80.40000000000000568, 2.700000000000001066, 56.20000000000000284 ) ) ;
#47 = VERTEX_POINT ( 'NONE', #3552 ) ;
#48 = EDGE_CURVE ( 'NONE', #2180, #1539, #2093, .T. ) ;
#49 = CARTESIAN_POINT ( 'NONE',  ( -0.1999999999999950984, 4.301999999999993385, 48.00000000000000000 ) ) ;
#51 = ORIENTED_EDGE ( 'NONE', *, *, #4589, .T. ) ;
#50 = VERTEX_POINT ( 'NONE', #568 ) ;
#52 = EDGE_CURVE ( 'NONE', #4498, #529, #3888, .T. ) ;
#54 = ORIENTED_EDGE ( 'NONE', *, *, #470, .F. ) ;
#53 = ORIENTED_EDGE ( 'NONE', *, *, #1186, .T. ) ;
#55 = ORIENTED_EDGE ( 'NONE', *, *, #937, .F. ) ;
#56 = AXIS2_PLACEMENT_3D ( 'NONE', #1659, #2058, #3543 ) ;
#57 = CARTESIAN_POINT ( 'NONE',  ( 21.99999999999999289, 2.700000000000001066, 56.20000000000000284 ) ) ;
#58 = CARTESIAN_POINT ( 'NONE',  ( -0.2000000000000009548, 1.449999999999999956, 8.000000000000000000 ) ) ;
#59 = ORIENTED_EDGE ( 'NONE', *, *, #3372, .T. ) ;
#60 = EDGE_LOOP ( 'NONE', ( #1534, #2571, #3965, #2698, #3611, #4084, #1796, #1579, #4220, #3717, #1777, #3405, #1, #2013, #3479, #1217, #3224, #572, #4689, #2063, #3439, #4572, #1567, #180, #2549, #3528, #4861, #1747, #986, #4287, #3326, #1594, #1869, #55 ) ) ;
#61 = DIRECTION ( 'NONE',  ( -1.399999999999999714E-14, -9.999999999999999988E-15, -1.000000000000000000 ) ) ;
#62 = AXIS2_PLACEMENT_3D ( 'NONE', #4379, #995, #3579 ) ;
#63 = CARTESIAN_POINT ( 'NONE',  ( 86.79999999999999716, 4.299999999999999822, 39.39999999999972147 ) ) ;
#64 = CARTESIAN_POINT ( 'NONE',  ( -1.800000000000000266, -0.1300000000003213307, 21.69999999999940599 ) ) ;
#65 = CARTESIAN_POINT ( 'NONE',  ( 52.00000000000000000, 3.500000000000011546, 56.20000000000000284 ) ) ;
#66 = EDGE_LOOP ( 'NONE', ( #3783, #108, #1479, #3009 ) ) ;
#67 = EDGE_CURVE ( 'NONE', #1429, #3489, #768, .T. ) ;
#68 = VECTOR ( 'NONE', #1564, 1000.000000000000000 ) ;
#69 = CARTESIAN_POINT ( 'NONE',  ( 15.99999999999998579, -10.10000000000001918, 57.39999999999999858 ) ) ;
#70 = CARTESIAN_POINT ( 'NONE',  ( 2.399999999999999467, -10.10000000000001918, 57.80000000000000426 ) ) ;
#71 = ORIENTED_EDGE ( 'NONE', *, *, #821, .F. ) ;
#72 = DIRECTION ( 'NONE',  ( 1.000000000000000000, 0.000000000000000000, 0.000000000000000000 ) ) ;
#73 = AXIS2_PLACEMENT_3D ( 'NONE', #4216, #421, #3837 ) ;
#74 = DIRECTION ( 'NONE',  ( 1.000000000000000000, 0.000000000000000000, 0.000000000000000000 ) ) ;
#75 = ADVANCED_FACE ( 'NONE', ( #3394 ), #4283, .F. ) ;
#76 = EDGE_CURVE ( 'NONE', #1476, #3474, #3120, .T. ) ;
#77 = ORIENTED_EDGE ( 'NONE', *, *, #1546, .T. ) ;
#78 = PLANE ( 'NONE',  #2467 ) ;
#79 = ORIENTED_EDGE ( 'NONE', *, *, #3964, .F. ) ;
#80 = LINE ( 'NONE', #2009, #365 ) ;
#81 = CARTESIAN_POINT ( 'NONE',  ( 37.04448777176146024, -1.900000000000043432, -1.800000000000000044 ) ) ;
#82 = ORIENTED_EDGE ( 'NONE', *, *, #3225, .T. ) ;
#83 = EDGE_CURVE ( 'NONE', #3194, #3692, #4301, .T. ) ;
#84 = CARTESIAN_POINT ( 'NONE',  ( 3.999999999999989786, -8.300000000000002487, 57.80000000000000426 ) ) ;
#85 = CARTESIAN_POINT ( 'NONE',  ( -1.800000000000000266, 0.1000000000000000056, 8.400000000000000355 ) ) ;
#86 = VECTOR ( 'NONE', #152, 1000.000000000000000 ) ;
#87 = CARTESIAN_POINT ( 'NONE',  ( 85.47213690899958749, 4.299999999999992717, 54.99999999999997868 ) ) ;
#88 = EDGE_CURVE ( 'NONE', #143, #938, #311, .T. ) ;
#90 = VECTOR ( 'NONE', #3704, 1000.000000000000000 ) ;
#89 = LINE ( 'NONE', #3878, #3536 ) ;
#91 = CARTESIAN_POINT ( 'NONE',  ( 3.999999999999989786, 0.09999999999999939493, 57.00000000000000000 ) ) ;
#92 = AXIS2_PLACEMENT_3D ( 'NONE', #1931, #3039, #3098 ) ;
#93 = DIRECTION ( 'NONE',  ( 1.000000000000000000, 0.000000000000000000, -0.000000000000000000 ) ) ;
#94 = CARTESIAN_POINT ( 'NONE',  ( 56.19999999999998863, -3.000000000000001776, -1.800000000000000044 ) ) ;
#95 = DIRECTION ( 'NONE',  ( 0.000000000000000000, 0.000000000000000000, 1.000000000000000000 ) ) ;
#96 = FACE_OUTER_BOUND ( 'NONE', #45, .T. ) ;
#97 = CARTESIAN_POINT ( 'NONE',  ( 41.35551222820425465, -1.900000000000095612, -1.800000000000000044 ) ) ;
#98 = ADVANCED_FACE ( 'NONE', ( #3015 ), #3318, .F. ) ;
#99 = CARTESIAN_POINT ( 'NONE',  ( 114.2615395254233164, 4.300000000000004263, -36.76153928742331800 ) ) ;
#100 = DIRECTION ( 'NONE',  ( -1.000000000000000000, -0.000000000000000000, -0.000000000000000000 ) ) ;
#101 = LINE ( 'NONE', #1814, #3095 ) ;
#102 = DIRECTION ( 'NONE',  ( 1.240954293808709686E-16, -1.000000000000000000, 0.000000000000000000 ) ) ;
#103 = LINE ( 'NONE', #1619, #4217 ) ;
#104 = ORIENTED_EDGE ( 'NONE', *, *, #2119, .T. ) ;
#105 = CARTESIAN_POINT ( 'NONE',  ( -1.400000000000012346, 4.299999999999992717, 57.79999999999999716 ) ) ;
#106 = CARTESIAN_POINT ( 'NONE',  ( 14.36999999999955158, -2.749999999999894307, -1.189999999999551639 ) ) ;
#107 = DIRECTION ( 'NONE',  ( 1.000000000000000000, 0.000000000000000000, 0.000000000000000000 ) ) ;
#108 = ORIENTED_EDGE ( 'NONE', *, *, #3341, .T. ) ;
#109 = ORIENTED_EDGE ( 'NONE', *, *, #1952, .T. ) ;
#110 = EDGE_CURVE ( 'NONE', #1127, #1558, #950, .T. ) ;
#111 = DIRECTION ( 'NONE',  ( -0.6880060194648398575, 0.7257049794373375828, 0.000000000000000000 ) ) ;
#112 = CARTESIAN_POINT ( 'NONE',  ( 70.60000000000000853, -10.10000000000001918, 57.39999999999999858 ) ) ;
#113 = FACE_OUTER_BOUND ( 'NONE', #60, .T. ) ;
#115 = ORIENTED_EDGE ( 'NONE', *, *, #984, .F. ) ;
#114 = ORIENTED_EDGE ( 'NONE', *, *, #3172, .F. ) ;
#116 = CARTESIAN_POINT ( 'NONE',  ( -1.800000000000000266, -4.299999999999999822, 6.799999999999999822 ) ) ;
#117 = VERTEX_POINT ( 'NONE', #350 ) ;
#118 = EDGE_CURVE ( 'NONE', #2378, #1497, #2913, .T. ) ;
#119 = VECTOR ( 'NONE', #3688, 1000.000000000000000 ) ;
#120 = AXIS2_PLACEMENT_3D ( 'NONE', #3282, #286, #3641 ) ;
#121 = ORIENTED_EDGE ( 'NONE', *, *, #728, .T. ) ;
#122 = VECTOR ( 'NONE', #3561, 1000.000000000000000 ) ;
#123 = CARTESIAN_POINT ( 'NONE',  ( 81.00000095400000077, 2.400000000000000355, 7.000000237999992159 ) ) ;
#124 = ADVANCED_FACE ( 'NONE', ( #1859 ), #295, .F. ) ;
#125 = AXIS2_PLACEMENT_3D ( 'NONE', #1769, #3227, #987 ) ;
#126 = CARTESIAN_POINT ( 'NONE',  ( 85.09878126038384494, 3.500000000000012434, 54.19999999999999574 ) ) ;
#127 = CARTESIAN_POINT ( 'NONE',  ( 22.34999999999954312, -3.900000000003918110, -0.9999999999996511679 ) ) ;
#128 = VECTOR ( 'NONE', #2102, 1000.000000000000000 ) ;
#129 = EDGE_CURVE ( 'NONE', #704, #4672, #4587, .T. ) ;
#130 = CARTESIAN_POINT ( 'NONE',  ( 35.74999999999953815, -3.000000000000004441, -1.799999999999514877 ) ) ;
#131 = CARTESIAN_POINT ( 'NONE',  ( 86.79999999999999716, -1.399999999999999911, 54.19999999999972573 ) ) ;
#132 = LINE ( 'NONE', #1173, #1073 ) ;
#133 = PLANE ( 'NONE',  #1573 ) ;
#134 = DIRECTION ( 'NONE',  ( -0.000000000000000000, -0.000000000000000000, 1.000000000000000000 ) ) ;
#135 = LINE ( 'NONE', #1364, #3117 ) ;
#136 = CARTESIAN_POINT ( 'NONE',  ( -1.000000000000000000, -4.299999999999999822, 6.799999999999999822 ) ) ;
#137 = AXIS2_PLACEMENT_3D ( 'NONE', #97, #1253, #2134 ) ;
#138 = VERTEX_POINT ( 'NONE', #2750 ) ;
#139 = CARTESIAN_POINT ( 'NONE',  ( 1.627461240481753668, 4.031944868711204499, 5.000000000000000000 ) ) ;
#140 = DIRECTION ( 'NONE',  ( 0.000000000000000000, 0.000000000000000000, 1.000000000000000000 ) ) ;
#141 = DIRECTION ( 'NONE',  ( -0.000000000000000000, 1.000000000000000000, -0.000000000000000000 ) ) ;
#142 = FACE_OUTER_BOUND ( 'NONE', #2206, .T. ) ;
#143 = VERTEX_POINT ( 'NONE', #3786 ) ;
#144 = EDGE_CURVE ( 'NONE', #3243, #1127, #2670, .T. ) ;
#146 = LINE ( 'NONE', #3478, #86 ) ;
#145 = VECTOR ( 'NONE', #611, 1000.000000000000000 ) ;
#147 = CARTESIAN_POINT ( 'NONE',  ( 37.04448777176148155, -1.249999999999859224, -0.1999999999999999833 ) ) ;
#148 = VECTOR ( 'NONE', #715, 1000.000000000000000 ) ;
#149 = ADVANCED_FACE ( 'NONE', ( #709 ), #3108, .F. ) ;
#150 = EDGE_CURVE ( 'NONE', #225, #333, #4783, .T. ) ;
#151 = AXIS2_PLACEMENT_3D ( 'NONE', #4172, #3711, #1493 ) ;
#152 = DIRECTION ( 'NONE',  ( 0.000000000000000000, 0.000000000000000000, -1.000000000000000000 ) ) ;
#153 = CARTESIAN_POINT ( 'NONE',  ( 22.00000000000000000, 2.700000000000000178, 56.20000000000000284 ) ) ;
#154 = PLANE ( 'NONE',  #56 ) ;
#155 = VECTOR ( 'NONE', #2827, 1000.000000000000000 ) ;
#156 = EDGE_LOOP ( 'NONE', ( #3074, #3289, #4747, #3331 ) ) ;
#157 = CARTESIAN_POINT ( 'NONE',  ( 54.59999999999999432, -13.20000000000001172, -1.800000000000000044 ) ) ;
#158 = CARTESIAN_POINT ( 'NONE',  ( 1.800000000000006484, 2.699999999999997513, 51.00000000000000000 ) ) ;
#159 = VECTOR ( 'NONE', #2379, 1000.000000000000000 ) ;
#160 = ORIENTED_EDGE ( 'NONE', *, *, #2017, .F. ) ;
#161 = CARTESIAN_POINT ( 'NONE',  ( 3.999999999999989786, -8.300000000000002487, 57.80000000000000426 ) ) ;
#162 = CIRCLE ( 'NONE', #3639, 0.6500000000001713296 ) ;
#163 = PLANE ( 'NONE',  #2434 ) ;
#164 = ORIENTED_EDGE ( 'NONE', *, *, #644, .T. ) ;
#165 = DIRECTION ( 'NONE',  ( -1.000000000000000000, 0.000000000000000000, 1.403085164393005543E-14 ) ) ;
#166 = CARTESIAN_POINT ( 'NONE',  ( 4.800000000000000711, 2.700000000000000178, 5.000000000000000000 ) ) ;
#167 = DIRECTION ( 'NONE',  ( -0.000000000000000000, -1.000000000000000000, -0.000000000000000000 ) ) ;
#168 = CARTESIAN_POINT ( 'NONE',  ( 36.57277953512709701, -1.452796087347767218, -0.1999999999999999833 ) ) ;
#169 = CARTESIAN_POINT ( 'NONE',  ( 70.40000000000000568, -3.000000000000000000, -1.800000000000000044 ) ) ;
#170 = VERTEX_POINT ( 'NONE', #4262 ) ;
#171 = ORIENTED_EDGE ( 'NONE', *, *, #3070, .T. ) ;
#172 = CARTESIAN_POINT ( 'NONE',  ( 88.40000000000000568, 0.1000000000000000056, 0.000000000000000000 ) ) ;
#173 = DIRECTION ( 'NONE',  ( 0.000000000000000000, -1.000000000000000000, -1.008560160451632221E-16 ) ) ;
#174 = DIRECTION ( 'NONE',  ( 0.000000000000000000, 1.000000000000000000, -2.085004177856736973E-17 ) ) ;
#175 = EDGE_CURVE ( 'NONE', #4453, #4036, #3758, .T. ) ;
#176 = VECTOR ( 'NONE', #835, 1000.000000000000000 ) ;
#177 = DIRECTION ( 'NONE',  ( 0.000000000000000000, -0.000000000000000000, -1.000000000000000000 ) ) ;
#178 = VECTOR ( 'NONE', #3706, 1000.000000000000000 ) ;
#179 = ADVANCED_FACE ( 'NONE', ( #2621 ), #430, .T. ) ;
#181 = ORIENTED_EDGE ( 'NONE', *, *, #3883, .T. ) ;
#180 = ORIENTED_EDGE ( 'NONE', *, *, #3261, .T. ) ;
#182 = VECTOR ( 'NONE', #2812, 1000.000000000000000 ) ;
#183 = CARTESIAN_POINT ( 'NONE',  ( 3.200000000000000622, 2.700000000000000178, 5.000000000000000000 ) ) ;
#184 = EDGE_CURVE ( 'NONE', #3799, #4081, #3698, .T. ) ;
#185 = CARTESIAN_POINT ( 'NONE',  ( 88.40000000000000568, -1.399999999999999911, 36.69999999999971863 ) ) ;
#186 = CARTESIAN_POINT ( 'NONE',  ( 86.79999999999999716, 4.301999999999993385, 47.99999999999998579 ) ) ;
#188 = ORIENTED_EDGE ( 'NONE', *, *, #4466, .T. ) ;
#187 = ORIENTED_EDGE ( 'NONE', *, *, #3781, .F. ) ;
#189 = CARTESIAN_POINT ( 'NONE',  ( -0.2000000000000000111, 2.699999999999994404, 56.20000000000000284 ) ) ;
#190 = ADVANCED_FACE ( 'NONE', ( #3349 ), #3825, .T. ) ;
#191 = CARTESIAN_POINT ( 'NONE',  ( 86.79999999999999716, -18.20000000000000284, 56.20000000000000284 ) ) ;
#192 = CARTESIAN_POINT ( 'NONE',  ( 0.000000000000000000, 1.449999999999999956, 0.000000000000000000 ) ) ;
#193 = VECTOR ( 'NONE', #4050, 1000.000000000000000 ) ;
#194 = ORIENTED_EDGE ( 'NONE', *, *, #2704, .T. ) ;
#195 = EDGE_CURVE ( 'NONE', #4305, #1422, #3241, .T. ) ;
#196 = AXIS2_PLACEMENT_3D ( 'NONE', #2723, #518, #3492 ) ;
#197 = CARTESIAN_POINT ( 'NONE',  ( 14.00000000000000000, 2.700000000000000178, 3.500000000000000000 ) ) ;
#198 = EDGE_LOOP ( 'NONE', ( #2675, #3161, #2979, #4292 ) ) ;
#199 = CARTESIAN_POINT ( 'NONE',  ( 84.20000000000000284, -10.10000000000001918, 57.80000000000000426 ) ) ;
#200 = PLANE ( 'NONE',  #1136 ) ;
#201 = CARTESIAN_POINT ( 'NONE',  ( 2.200000099166676382, 2.400000000000000355, 5.000000000000000000 ) ) ;
#202 = VECTOR ( 'NONE', #2845, 1000.000000000000000 ) ;
#203 = ADVANCED_FACE ( 'NONE', ( #823, #2804 ), #200, .F. ) ;
#204 = CARTESIAN_POINT ( 'NONE',  ( 82.60000000000000853, -8.300000000000000711, 57.80000000000000426 ) ) ;
#205 = CARTESIAN_POINT ( 'NONE',  ( 151.0230788128466202, 0.1000000000000002554, 57.79999999999999716 ) ) ;
#206 = CARTESIAN_POINT ( 'NONE',  ( 0.000000000000000000, -12.37987846336829456, -1.000000000000000000 ) ) ;
#207 = PLANE ( 'NONE',  #2273 ) ;
#208 = LINE ( 'NONE', #4115, #1499 ) ;
#209 = EDGE_LOOP ( 'NONE', ( #1784, #2747, #4218, #3591 ) ) ;
#210 = EDGE_LOOP ( 'NONE', ( #1366, #3129, #4858, #3597 ) ) ;
#211 = EDGE_CURVE ( 'NONE', #1370, #4188, #258, .T. ) ;
#212 = DIRECTION ( 'NONE',  ( -1.000000000000000000, 0.000000000000000000, 1.241321026861389276E-16 ) ) ;
#213 = CARTESIAN_POINT ( 'NONE',  ( 88.40000000000000568, -1.399999999999999911, 18.55000000000047322 ) ) ;
#214 = LINE ( 'NONE', #4200, #2583 ) ;
#215 = ORIENTED_EDGE ( 'NONE', *, *, #1213, .F. ) ;
#216 = CARTESIAN_POINT ( 'NONE',  ( 86.79999999999999716, 0.1000000000000000056, 18.55000000000047322 ) ) ;
#217 = CARTESIAN_POINT ( 'NONE',  ( -1.749999999999102708E-14, -1.249999999999358735, -1.800000000000000044 ) ) ;
#218 = ORIENTED_EDGE ( 'NONE', *, *, #4782, .T. ) ;
#219 = EDGE_CURVE ( 'NONE', #333, #2248, #2265, .T. ) ;
#220 = LINE ( 'NONE', #12, #4615 ) ;
#221 = AXIS2_PLACEMENT_3D ( 'NONE', #3593, #287, #1194 ) ;
#222 = CARTESIAN_POINT ( 'NONE',  ( 37.04448777176148155, -1.249999999999869438, -0.9999999999998829825 ) ) ;
#223 = CARTESIAN_POINT ( 'NONE',  ( 72.20000000000000284, -8.300000000000002487, 57.80000000000000426 ) ) ;
#224 = CARTESIAN_POINT ( 'NONE',  ( 0.8952441286850345570, 1.579999999999735172, 21.69999999999940599 ) ) ;
#225 = VERTEX_POINT ( 'NONE', #959 ) ;
#226 = PLANE ( 'NONE',  #868 ) ;
#227 = CARTESIAN_POINT ( 'NONE',  ( 36.39999999999954383, -2.579802170216121571, -1.800000000000000044 ) ) ;
#229 = ORIENTED_EDGE ( 'NONE', *, *, #20, .T. ) ;
#228 = ORIENTED_EDGE ( 'NONE', *, *, #4871, .F. ) ;
#230 = ADVANCED_FACE ( 'NONE', ( #654 ), #1731, .T. ) ;
#231 = ORIENTED_EDGE ( 'NONE', *, *, #4002, .T. ) ;
#232 = EDGE_CURVE ( 'NONE', #2374, #3712, #1123, .T. ) ;
#233 = DIRECTION ( 'NONE',  ( 1.000000000000000000, 0.000000000000000000, 0.000000000000000000 ) ) ;
#234 = ORIENTED_EDGE ( 'NONE', *, *, #1178, .F. ) ;
#235 = DIRECTION ( 'NONE',  ( 0.000000000000000000, -0.000000000000000000, 1.000000000000000000 ) ) ;
#236 = VECTOR ( 'NONE', #4622, 1000.000000000000000 ) ;
#237 = EDGE_CURVE ( 'NONE', #3917, #1761, #4127, .T. ) ;
#238 = ADVANCED_FACE ( 'NONE', ( #4650 ), #886, .F. ) ;
#240 = ORIENTED_EDGE ( 'NONE', *, *, #2765, .F. ) ;
#239 = ORIENTED_EDGE ( 'NONE', *, *, #1733, .T. ) ;
#241 = VERTEX_POINT ( 'NONE', #272 ) ;
#242 = DIRECTION ( 'NONE',  ( 1.000000000000000000, 0.000000000000000000, 0.000000000000000000 ) ) ;
#243 = DIRECTION ( 'NONE',  ( -1.000000000000000000, -1.668003342285390318E-16, 0.000000000000000000 ) ) ;
#244 = LINE ( 'NONE', #3860, #1528 ) ;
#245 = ORIENTED_EDGE ( 'NONE', *, *, #4104, .F. ) ;
#246 = VECTOR ( 'NONE', #2865, 1000.000000000000000 ) ;
#247 = CARTESIAN_POINT ( 'NONE',  ( 3.200000000000000622, 4.299999999999999822, 5.000000000000000000 ) ) ;
#248 = EDGE_CURVE ( 'NONE', #2239, #1997, #3634, .T. ) ;
#249 = ORIENTED_EDGE ( 'NONE', *, *, #1286, .T. ) ;
#250 = ORIENTED_EDGE ( 'NONE', *, *, #88, .T. ) ;
#251 = CARTESIAN_POINT ( 'NONE',  ( -1.000000000000000000, 0.000000000000000000, 0.000000000000000000 ) ) ;
#252 = CARTESIAN_POINT ( 'NONE',  ( 54.59999999999999432, 0.7794357583781009735, 5.418226389123998565 ) ) ;
#253 = LINE ( 'NONE', #1094, #3623 ) ;
#254 = DIRECTION ( 'NONE',  ( 0.7071067811865459074, -0.000000000000000000, -0.7071067811865491270 ) ) ;
#255 = EDGE_CURVE ( 'NONE', #1394, #2665, #692, .T. ) ;
#256 = LINE ( 'NONE', #1974, #1961 ) ;
#257 = ADVANCED_FACE ( 'NONE', ( #4274 ), #2947, .F. ) ;
#258 = LINE ( 'NONE', #1351, #533 ) ;
#259 =( NAMED_UNIT ( * ) SI_UNIT ( $, .STERADIAN. ) SOLID_ANGLE_UNIT ( ) );
#260 = ORIENTED_EDGE ( 'NONE', *, *, #4782, .F. ) ;
#261 = ORIENTED_EDGE ( 'NONE', *, *, #3381, .F. ) ;
#262 = CARTESIAN_POINT ( 'NONE',  ( -0.2000000000000000111, 0.09999999999999999167, 21.69999999999940599 ) ) ;
#263 = VECTOR ( 'NONE', #516, 1000.000000000000000 ) ;
#264 = ORIENTED_EDGE ( 'NONE', *, *, #41, .F. ) ;
#265 = DIRECTION ( 'NONE',  ( -1.000000000000000000, 0.000000000000000000, 0.000000000000000000 ) ) ;
#266 = DIRECTION ( 'NONE',  ( 1.000000000000000000, 0.000000000000000000, -0.000000000000000000 ) ) ;
#267 = ORIENTED_EDGE ( 'NONE', *, *, #3063, .T. ) ;
#268 = CARTESIAN_POINT ( 'NONE',  ( -1.000000000000000000, 0.1000000000000020040, 3.399999999999999023 ) ) ;
#269 = ORIENTED_EDGE ( 'NONE', *, *, #2879, .F. ) ;
#270 = DIRECTION ( 'NONE',  ( 0.000000000000000000, -0.000000000000000000, 1.000000000000000000 ) ) ;
#271 = CARTESIAN_POINT ( 'NONE',  ( 84.20000000000000284, -10.10000000000001918, 57.80000000000000426 ) ) ;
#272 = CARTESIAN_POINT ( 'NONE',  ( 70.40000000000000568, 4.300000000000001599, -1.800000000000000044 ) ) ;
#273 = EDGE_LOOP ( 'NONE', ( #4442, #412, #1620, #1332 ) ) ;
#274 = ADVANCED_FACE ( 'NONE', ( #435 ), #2521, .T. ) ;
#275 = LINE ( 'NONE', #2634, #2047 ) ;
#276 = ORIENTED_EDGE ( 'NONE', *, *, #3144, .F. ) ;
#277 = EDGE_CURVE ( 'NONE', #4360, #4453, #3727, .T. ) ;
#278 = LINE ( 'NONE', #4607, #2640 ) ;
#279 = DIRECTION ( 'NONE',  ( -1.000000000000000000, 0.000000000000000000, 0.000000000000000000 ) ) ;
#280 = PLANE ( 'NONE',  #4033 ) ;
#281 = LINE ( 'NONE', #2626, #2185 ) ;
#282 = CARTESIAN_POINT ( 'NONE',  ( 44.00000047700000749, 2.400000000000000355, 1.800000237999992869 ) ) ;
#283 = ORIENTED_EDGE ( 'NONE', *, *, #3242, .T. ) ;
#284 = EDGE_CURVE ( 'NONE', #2254, #3744, #3215, .T. ) ;
#285 = AXIS2_PLACEMENT_3D ( 'NONE', #2068, #3940, #4876 ) ;
#286 = DIRECTION ( 'NONE',  ( 0.000000000000000000, 1.668003342285390072E-16, -1.000000000000000000 ) ) ;
#287 = DIRECTION ( 'NONE',  ( -0.000000000000000000, 1.000000000000000000, 1.200500675416475525E-16 ) ) ;
#288 = CARTESIAN_POINT ( 'NONE',  ( 41.82722046483864631, -1.452796087347826504, -0.9999999999999479305 ) ) ;
#289 = AXIS2_PLACEMENT_3D ( 'NONE', #3956, #964, #4732 ) ;
#290 = LINE ( 'NONE', #404, #2196 ) ;
#291 = ORIENTED_EDGE ( 'NONE', *, *, #2390, .T. ) ;
#292 = ORIENTED_EDGE ( 'NONE', *, *, #4675, .F. ) ;
#293 = LINE ( 'NONE', #4212, #3617 ) ;
#294 = CARTESIAN_POINT ( 'NONE',  ( 70.40000000000000568, 4.300000000000001599, -1.800000000000000044 ) ) ;
#295 = PLANE ( 'NONE',  #4100 ) ;
#296 = EDGE_CURVE ( 'NONE', #1987, #4052, #101, .T. ) ;
#297 = ADVANCED_FACE ( 'NONE', ( #332 ), #1011, .F. ) ;
#298 =( NAMED_UNIT ( * ) PLANE_ANGLE_UNIT ( ) SI_UNIT ( $, .RADIAN. ) );
#299 = DIRECTION ( 'NONE',  ( 0.000000000000000000, 0.000000000000000000, -1.000000000000000000 ) ) ;
#300 = LINE ( 'NONE', #1237, #3056 ) ;
#302 = ORIENTED_EDGE ( 'NONE', *, *, #4576, .F. ) ;
#301 = ORIENTED_EDGE ( 'NONE', *, *, #2736, .F. ) ;
#303 = CARTESIAN_POINT ( 'NONE',  ( 14.39999999999999680, 4.300000000000001599, 57.80000000000000426 ) ) ;
#304 = CARTESIAN_POINT ( 'NONE',  ( 23.64448777176148297, -1.249999999999682032, -0.9999999999996960209 ) ) ;
#305 = EDGE_CURVE ( 'NONE', #1891, #750, #2532, .T. ) ;
#306 = ORIENTED_EDGE ( 'NONE', *, *, #3569, .T. ) ;
#307 = LINE ( 'NONE', #3952, #4840 ) ;
#308 = FACE_OUTER_BOUND ( 'NONE', #4795, .T. ) ;
#309 = DIRECTION ( 'NONE',  ( 1.000000000000000000, 0.000000000000000000, 0.000000000000000000 ) ) ;
#310 = DIRECTION ( 'NONE',  ( 0.000000000000000000, -1.000000000000000000, -2.879209088758185681E-16 ) ) ;
#311 = LINE ( 'NONE', #1649, #4184 ) ;
#312 = EDGE_CURVE ( 'NONE', #576, #981, #2835, .T. ) ;
#313 = LINE ( 'NONE', #130, #3702 ) ;
#314 = CARTESIAN_POINT ( 'NONE',  ( 0.8952441286850345570, 1.579999999999733618, 34.24999999999941025 ) ) ;
#315 = ORIENTED_EDGE ( 'NONE', *, *, #4203, .T. ) ;
#316 = VERTEX_POINT ( 'NONE', #643 ) ;
#317 = EDGE_CURVE ( 'NONE', #1527, #1394, #3978, .T. ) ;
#318 = ORIENTED_EDGE ( 'NONE', *, *, #470, .T. ) ;
#319 = CARTESIAN_POINT ( 'NONE',  ( 72.20000000000000284, -8.300000000000002487, 57.00000000000000000 ) ) ;
#320 = ORIENTED_EDGE ( 'NONE', *, *, #4816, .T. ) ;
#321 = CARTESIAN_POINT ( 'NONE',  ( 16.06999999999954909, -2.749999999999918288, -1.189999999999576064 ) ) ;
#322 = EDGE_LOOP ( 'NONE', ( #1673, #2192, #1189, #687 ) ) ;
#323 = ORIENTED_EDGE ( 'NONE', *, *, #621, .F. ) ;
#324 = CARTESIAN_POINT ( 'NONE',  ( 7.000000000000006217, 3.499999999999984901, 51.00000000000000000 ) ) ;
#325 = DIRECTION ( 'NONE',  ( 1.000000000000000000, 0.000000000000000000, -0.000000000000000000 ) ) ;
#326 = EDGE_CURVE ( 'NONE', #3101, #3903, #4688, .T. ) ;
#327 = CARTESIAN_POINT ( 'NONE',  ( 54.59999999999999432, -13.20000000000001172, -1.400000000000004574 ) ) ;
#328 = ORIENTED_EDGE ( 'NONE', *, *, #2631, .T. ) ;
#329 = EDGE_CURVE ( 'NONE', #4162, #2974, #2764, .T. ) ;
#330 = DIRECTION ( 'NONE',  ( -1.000000000000000000, 0.000000000000000000, 0.000000000000000000 ) ) ;
#331 = DIRECTION ( 'NONE',  ( -0.7071067811865474617, 0.7071067811865474617, 0.000000000000000000 ) ) ;
#332 = FACE_OUTER_BOUND ( 'NONE', #2542, .T. ) ;
#333 = VERTEX_POINT ( 'NONE', #3644 ) ;
#334 = ORIENTED_EDGE ( 'NONE', *, *, #83, .T. ) ;
#335 = CARTESIAN_POINT ( 'NONE',  ( 22.00000000000000000, 2.700000000000000178, 53.19999999999999574 ) ) ;
#336 = LINE ( 'NONE', #1680, #2241 ) ;
#337 = EDGE_CURVE ( 'NONE', #4036, #3744, #2643, .T. ) ;
#339 = ORIENTED_EDGE ( 'NONE', *, *, #1362, .F. ) ;
#338 = ORIENTED_EDGE ( 'NONE', *, *, #1020, .T. ) ;
#340 = AXIS2_PLACEMENT_3D ( 'NONE', #1549, #4167, #2310 ) ;
#341 = PLANE ( 'NONE',  #1711 ) ;
#342 = ORIENTED_EDGE ( 'NONE', *, *, #3453, .T. ) ;
#344 = ORIENTED_EDGE ( 'NONE', *, *, #772, .T. ) ;
#343 = ORIENTED_EDGE ( 'NONE', *, *, #362, .T. ) ;
#345 = ORIENTED_EDGE ( 'NONE', *, *, #1728, .F. ) ;
#346 = CARTESIAN_POINT ( 'NONE',  ( 3.200000000000000622, 4.299999999999999822, 3.400000000000000355 ) ) ;
#347 = ORIENTED_EDGE ( 'NONE', *, *, #4452, .F. ) ;
#348 = ORIENTED_EDGE ( 'NONE', *, *, #563, .F. ) ;
#349 = DIRECTION ( 'NONE',  ( 1.000000000000000000, 0.000000000000000000, -0.000000000000000000 ) ) ;
#350 = CARTESIAN_POINT ( 'NONE',  ( 80.40000000000001990, 2.700000000000000178, 55.80000000000001137 ) ) ;
#351 = DIRECTION ( 'NONE',  ( 0.000000000000000000, 0.000000000000000000, -1.000000000000000000 ) ) ;
#353 = ORIENTED_EDGE ( 'NONE', *, *, #2216, .T. ) ;
#352 = VERTEX_POINT ( 'NONE', #4502 ) ;
#354 = DIRECTION ( 'NONE',  ( -0.7071067811865536790, -0.7071067811865414665, 0.000000000000000000 ) ) ;
#355 = ORIENTED_EDGE ( 'NONE', *, *, #2620, .F. ) ;
#356 = DIRECTION ( 'NONE',  ( 1.000000000000000000, -0.000000000000000000, 0.000000000000000000 ) ) ;
#357 = EDGE_CURVE ( 'NONE', #1006, #3566, #3484, .T. ) ;
#358 = LINE ( 'NONE', #2444, #3700 ) ;
#359 = ORIENTED_EDGE ( 'NONE', *, *, #1498, .T. ) ;
#360 = CARTESIAN_POINT ( 'NONE',  ( 88.40000000000000568, 4.299999999999999822, 18.55000000000047322 ) ) ;
#361 = DIRECTION ( 'NONE',  ( 1.000000000000000000, -0.000000000000000000, 0.000000000000000000 ) ) ;
#362 = EDGE_CURVE ( 'NONE', #2527, #3673, #3603, .T. ) ;
#363 = AXIS2_PLACEMENT_3D ( 'NONE', #1846, #3655, #1473 ) ;
#364 = ORIENTED_EDGE ( 'NONE', *, *, #2268, .F. ) ;
#365 = VECTOR ( 'NONE', #3963, 1000.000000000000000 ) ;
#366 = DIRECTION ( 'NONE',  ( 1.000000000000000000, 0.000000000000000000, 0.000000000000000000 ) ) ;
#367 = VERTEX_POINT ( 'NONE', #2646 ) ;
#368 = AXIS2_PLACEMENT_3D ( 'NONE', #288, #2118, #2539 ) ;
#369 = ORIENTED_EDGE ( 'NONE', *, *, #1420, .F. ) ;
#370 = EDGE_CURVE ( 'NONE', #383, #3456, #3667, .T. ) ;
#371 = LINE ( 'NONE', #3459, #2278 ) ;
#372 = DIRECTION ( 'NONE',  ( 1.000000000000000000, 0.000000000000000000, 0.000000000000000000 ) ) ;
#373 = VERTEX_POINT ( 'NONE', #1866 ) ;
#374 = DIRECTION ( 'NONE',  ( 0.000000000000000000, 1.000000000000000000, 0.000000000000000000 ) ) ;
#375 = AXIS2_PLACEMENT_3D ( 'NONE', #4064, #2227, #325 ) ;
#376 = DIRECTION ( 'NONE',  ( 0.000000000000000000, 0.000000000000000000, 1.000000000000000000 ) ) ;
#377 = EDGE_LOOP ( 'NONE', ( #3139, #2810, #1565, #2559, #1651 ) ) ;
#378 = CARTESIAN_POINT ( 'NONE',  ( 70.60000000000000853, 4.299999999999999822, 57.00000000000000000 ) ) ;
#379 = EDGE_CURVE ( 'NONE', #1941, #3205, #2346, .T. ) ;
#380 = EDGE_LOOP ( 'NONE', ( #1936, #3503, #1079, #3356 ) ) ;
#381 = CARTESIAN_POINT ( 'NONE',  ( 88.40000000000000568, 0.1000000000000002554, 18.55000000000047322 ) ) ;
#382 = CARTESIAN_POINT ( 'NONE',  ( 70.40000000000000568, 0.1999999999999999833, -0.2000000000000000111 ) ) ;
#383 = VERTEX_POINT ( 'NONE', #2721 ) ;
#384 = EDGE_CURVE ( 'NONE', #831, #2495, #2465, .T. ) ;
#385 = CARTESIAN_POINT ( 'NONE',  ( 3.999999999999989786, -8.300000000000002487, 57.80000000000000426 ) ) ;
#386 = VERTEX_POINT ( 'NONE', #35 ) ;
#387 = VERTEX_POINT ( 'NONE', #4543 ) ;
#388 = VECTOR ( 'NONE', #777, 1000.000000000000000 ) ;
#389 = AXIS2_PLACEMENT_3D ( 'NONE', #494, #1648, #95 ) ;
#390 = PLANE ( 'NONE',  #2684 ) ;
#391 = PLANE ( 'NONE',  #2060 ) ;
#392 = VECTOR ( 'NONE', #3725, 1000.000000000000000 ) ;
#393 = DIRECTION ( 'NONE',  ( -1.399999999999999714E-14, -9.999999999999999988E-15, -1.000000000000000000 ) ) ;
#394 = ORIENTED_EDGE ( 'NONE', *, *, #3103, .F. ) ;
#395 = VECTOR ( 'NONE', #539, 1000.000000000000000 ) ;
#397 = EDGE_LOOP ( 'NONE', ( #571, #231, #2233, #4537 ) ) ;
#396 = ORIENTED_EDGE ( 'NONE', *, *, #2002, .F. ) ;
#398 = PLANE ( 'NONE',  #27 ) ;
#399 = EDGE_LOOP ( 'NONE', ( #4777, #765, #1766, #1757 ) ) ;
#400 = CARTESIAN_POINT ( 'NONE',  ( 22.99999999999954881, -2.579802170215934165, -1.800000000000000044 ) ) ;
#401 = FACE_OUTER_BOUND ( 'NONE', #4348, .T. ) ;
#402 = VECTOR ( 'NONE', #2666, 1000.000000000000000 ) ;
#403 = EDGE_CURVE ( 'NONE', #3336, #4152, #4448, .T. ) ;
#404 = CARTESIAN_POINT ( 'NONE',  ( 88.40000000000000568, 4.299999999999992717, 57.40000000000001279 ) ) ;
#405 = VECTOR ( 'NONE', #1233, 1000.000000000000000 ) ;
#406 = ORIENTED_EDGE ( 'NONE', *, *, #2268, .T. ) ;
#407 = CARTESIAN_POINT ( 'NONE',  ( 1.000000000000000888, 4.299999999999993605, 51.00000000000000000 ) ) ;
#408 = EDGE_CURVE ( 'NONE', #1752, #2281, #985, .T. ) ;
#409 = LINE ( 'NONE', #321, #1190 ) ;
#410 = DIRECTION ( 'NONE',  ( -1.000000000000000000, 0.000000000000000000, 0.000000000000000000 ) ) ;
#411 = VECTOR ( 'NONE', #3168, 1000.000000000000000 ) ;
#412 = ORIENTED_EDGE ( 'NONE', *, *, #2324, .F. ) ;
#413 = EDGE_CURVE ( 'NONE', #4599, #4343, #1696, .T. ) ;
#414 = ORIENTED_EDGE ( 'NONE', *, *, #3081, .F. ) ;
#415 = EDGE_LOOP ( 'NONE', ( #2198, #4463, #3458, #1602 ) ) ;
#416 = VECTOR ( 'NONE', #2946, 1000.000000000000000 ) ;
#417 = DIRECTION ( 'NONE',  ( 0.000000000000000000, -1.000000000000000000, 0.000000000000000000 ) ) ;
#418 = ORIENTED_EDGE ( 'NONE', *, *, #1506, .F. ) ;
#419 = DIRECTION ( 'NONE',  ( 0.7071067811865486830, 8.488821684060190310E-17, -0.7071067811865464625 ) ) ;
#420 = EDGE_LOOP ( 'NONE', ( #3311, #343, #261, #2897 ) ) ;
#421 = DIRECTION ( 'NONE',  ( -1.000000000000000000, 0.000000000000000000, 0.000000000000000000 ) ) ;
#422 = ORIENTED_EDGE ( 'NONE', *, *, #1603, .F. ) ;
#423 = CARTESIAN_POINT ( 'NONE',  ( -0.2000000000000009548, 1.449999999999999956, 8.000000000000000000 ) ) ;
#424 = ADVANCED_FACE ( 'NONE', ( #1095 ), #857, .F. ) ;
#425 = DIRECTION ( 'NONE',  ( 1.000000000000000000, 0.000000000000000000, 0.000000000000000000 ) ) ;
#426 = ORIENTED_EDGE ( 'NONE', *, *, #2354, .T. ) ;
#427 = VECTOR ( 'NONE', #428, 1000.000000000000000 ) ;
#428 = DIRECTION ( 'NONE',  ( 1.000000000000000000, 0.000000000000000000, -0.000000000000000000 ) ) ;
#429 = CARTESIAN_POINT ( 'NONE',  ( 87.00000095400001499, 4.299999999999998934, 7.000000237999993935 ) ) ;
#430 = PLANE ( 'NONE',  #4668 ) ;
#431 = VECTOR ( 'NONE', #1984, 1000.000000000000000 ) ;
#432 = ORIENTED_EDGE ( 'NONE', *, *, #3403, .T. ) ;
#433 = DIRECTION ( 'NONE',  ( 0.000000000000000000, 0.4383711467890813451, 0.8987940462991650392 ) ) ;
#434 = VECTOR ( 'NONE', #2282, 1000.000000000000000 ) ;
#435 = FACE_OUTER_BOUND ( 'NONE', #1444, .T. ) ;
#436 = VERTEX_POINT ( 'NONE', #2023 ) ;
#437 = CARTESIAN_POINT ( 'NONE',  ( 70.40000000000000568, -3.000000000000000000, 0.000000000000000000 ) ) ;
#438 = CARTESIAN_POINT ( 'NONE',  ( 2.399999999999999467, -10.10000000000001918, 57.39999999999999858 ) ) ;
#439 = DIRECTION ( 'NONE',  ( -1.000000000000000000, -0.000000000000000000, -0.000000000000000000 ) ) ;
#440 = EDGE_CURVE ( 'NONE', #1513, #4096, #1575, .T. ) ;
#441 = CARTESIAN_POINT ( 'NONE',  ( 0.000000000000000000, 0.1000000000000000056, 57.00000000000000000 ) ) ;
#442 = VECTOR ( 'NONE', #1463, 1000.000000000000000 ) ;
#443 = EDGE_LOOP ( 'NONE', ( #2780, #1044, #4843, #2285, #1027 ) ) ;
#444 = ORIENTED_EDGE ( 'NONE', *, *, #1907, .T. ) ;
#445 = DIRECTION ( 'NONE',  ( -0.000000000000000000, -1.000000000000000000, -0.000000000000000000 ) ) ;
#446 = LINE ( 'NONE', #2778, #3333 ) ;
#447 = DIRECTION ( 'NONE',  ( -0.000000000000000000, -0.000000000000000000, 1.000000000000000000 ) ) ;
#448 = VECTOR ( 'NONE', #3675, 1000.000000000000000 ) ;
#449 = EDGE_CURVE ( 'NONE', #4486, #1392, #1282, .T. ) ;
#450 = ORIENTED_EDGE ( 'NONE', *, *, #2557, .T. ) ;
#451 = AXIS2_PLACEMENT_3D ( 'NONE', #3229, #3989, #4373 ) ;
#452 = CARTESIAN_POINT ( 'NONE',  ( 22.99999999999957012, -2.579802170215918622, -0.1999999999999999833 ) ) ;
#453 = ORIENTED_EDGE ( 'NONE', *, *, #2757, .F. ) ;
#454 = ADVANCED_FACE ( 'NONE', ( #2695 ), #498, .T. ) ;
#455 = DIRECTION ( 'NONE',  ( 0.000000000000000000, -0.000000000000000000, 1.000000000000000000 ) ) ;
#456 = ORIENTED_EDGE ( 'NONE', *, *, #1852, .F. ) ;
#457 = EDGE_CURVE ( 'NONE', #2665, #1422, #4157, .T. ) ;
#458 = FACE_OUTER_BOUND ( 'NONE', #3869, .T. ) ;
#459 = DIRECTION ( 'NONE',  ( 1.000000000000000000, 0.000000000000000000, -0.000000000000000000 ) ) ;
#460 = LINE ( 'NONE', #2651, #2372 ) ;
#461 = VECTOR ( 'NONE', #1944, 1000.000000000000000 ) ;
#462 = CARTESIAN_POINT ( 'NONE',  ( 1.800000000000000044, -1.420000000000264828, 34.24999999999941025 ) ) ;
#463 = CARTESIAN_POINT ( 'NONE',  ( 86.79999999999999716, -1.399999999999999911, 54.19999999999972573 ) ) ;
#464 = EDGE_CURVE ( 'NONE', #2655, #3566, #4328, .T. ) ;
#465 = FACE_OUTER_BOUND ( 'NONE', #968, .T. ) ;
#466 = CARTESIAN_POINT ( 'NONE',  ( 29.07170823660058545, -2.132598257563964594, -0.1999999999999999833 ) ) ;
#467 = CARTESIAN_POINT ( 'NONE',  ( 7.000000000000006217, 2.700000000000001066, 1.800000237999992869 ) ) ;
#468 = VECTOR ( 'NONE', #927, 1000.000000000000000 ) ;
#469 = LINE ( 'NONE', #65, #4371 ) ;
#470 = EDGE_CURVE ( 'NONE', #4631, #2256, #2284, .T. ) ;
#471 = LINE ( 'NONE', #3656, #4658 ) ;
#472 = ORIENTED_EDGE ( 'NONE', *, *, #821, .T. ) ;
#473 = CARTESIAN_POINT ( 'NONE',  ( 4.000000000000000888, -3.000000000000000000, -0.2000000000000000111 ) ) ;
#474 = DIRECTION ( 'NONE',  ( 0.000000000000000000, 0.000000000000000000, 1.000000000000000000 ) ) ;
#475 = DIRECTION ( 'NONE',  ( 0.000000000000000000, 2.282530889443167022E-16, -1.000000000000000000 ) ) ;
#476 = VECTOR ( 'NONE', #1623, 1000.000000000000000 ) ;
#477 = DIRECTION ( 'NONE',  ( 0.2810846377148215058, 0.6785983445458468877, 0.6785983445458465546 ) ) ;
#478 = ADVANCED_FACE ( 'NONE', ( #4555 ), #3789, .F. ) ;
#479 = EDGE_CURVE ( 'NONE', #698, #1191, #4094, .T. ) ;
#480 = AXIS2_PLACEMENT_3D ( 'NONE', #4595, #433, #1130 ) ;
#481 = DIRECTION ( 'NONE',  ( 0.000000000000000000, 1.008560160451632221E-16, -1.000000000000000000 ) ) ;
#482 = CARTESIAN_POINT ( 'NONE',  ( 23.64448777176148297, -1.249999999999674483, -0.1999999999999999833 ) ) ;
#483 = FACE_OUTER_BOUND ( 'NONE', #210, .T. ) ;
#484 = EDGE_LOOP ( 'NONE', ( #4090, #2688, #51, #4275 ) ) ;
#485 = ORIENTED_EDGE ( 'NONE', *, *, #305, .T. ) ;
#486 = DIRECTION ( 'NONE',  ( 1.000000000000000000, 0.000000000000000000, -0.000000000000000000 ) ) ;
#487 = CARTESIAN_POINT ( 'NONE',  ( 0.8952441286850345570, 1.579999999999735172, 21.69999999999940599 ) ) ;
#488 = ORIENTED_EDGE ( 'NONE', *, *, #4675, .T. ) ;
#490 = VECTOR ( 'NONE', #1906, 1000.000000000000000 ) ;
#489 = LINE ( 'NONE', #197, #2179 ) ;
#491 = AXIS2_PLACEMENT_3D ( 'NONE', #2861, #3228, #2497 ) ;
#492 = EDGE_LOOP ( 'NONE', ( #3851, #4678, #2451, #3782 ) ) ;
#493 = DIRECTION ( 'NONE',  ( 0.000000000000000000, 0.000000000000000000, -1.000000000000000000 ) ) ;
#494 = CARTESIAN_POINT ( 'NONE',  ( 54.59999999999999432, 4.299999999999999822, -1.800000000000000044 ) ) ;
#495 = LINE ( 'NONE', #2676, #1817 ) ;
#496 = CARTESIAN_POINT ( 'NONE',  ( 2.200000099166676382, 2.700000000000000178, 5.000000000000000000 ) ) ;
#497 = VERTEX_POINT ( 'NONE', #3852 ) ;
#498 = PLANE ( 'NONE',  #375 ) ;
#499 = DIRECTION ( 'NONE',  ( 0.000000000000000000, -1.200500675416475525E-16, 1.000000000000000000 ) ) ;
#500 = DIRECTION ( 'NONE',  ( 0.000000000000000000, 1.000000000000000000, 0.000000000000000000 ) ) ;
#501 = EDGE_LOOP ( 'NONE', ( #2690, #2895, #4015, #3740, #394, #3226, #4464, #2901, #4231, #1117, #2759, #1977, #1626, #3148, #414, #1139, #993, #2051, #4056, #2725 ) ) ;
#502 = VECTOR ( 'NONE', #2108, 1000.000000000000000 ) ;
#503 = DIRECTION ( 'NONE',  ( 0.000000000000000000, -1.157511216176695077E-16, 1.000000000000000000 ) ) ;
#504 = PLANE ( 'NONE',  #660 ) ;
#505 = EDGE_CURVE ( 'NONE', #1075, #961, #162, .T. ) ;
#506 = LINE ( 'NONE', #1226, #3277 ) ;
#507 = CARTESIAN_POINT ( 'NONE',  ( 80.40000000000001990, 3.499999999999993783, 55.80000000000001137 ) ) ;
#508 = ADVANCED_FACE ( 'NONE', ( #1043 ), #4253, .T. ) ;
#509 = ORIENTED_EDGE ( 'NONE', *, *, #2224, .T. ) ;
#510 = VECTOR ( 'NONE', #4748, 1000.000000000000000 ) ;
#511 = DIRECTION ( 'NONE',  ( 0.000000000000000000, 0.000000000000000000, 1.000000000000000000 ) ) ;
#512 = FACE_OUTER_BOUND ( 'NONE', #380, .T. ) ;
#513 = EDGE_CURVE ( 'NONE', #4527, #3971, #40, .T. ) ;
#514 = EDGE_LOOP ( 'NONE', ( #2298, #3498, #1815, #2795 ) ) ;
#515 = CARTESIAN_POINT ( 'NONE',  ( 7.000000000000006217, 3.499999999999990230, 7.000000237999992159 ) ) ;
#516 = DIRECTION ( 'NONE',  ( 0.000000000000000000, 1.000000000000000000, 0.000000000000000000 ) ) ;
#517 = LINE ( 'NONE', #4709, #4765 ) ;
#518 = DIRECTION ( 'NONE',  ( 0.000000000000000000, 0.000000000000000000, 1.000000000000000000 ) ) ;
#519 = ORIENTED_EDGE ( 'NONE', *, *, #2017, .T. ) ;
#520 = CARTESIAN_POINT ( 'NONE',  ( 0.000000000000000000, 0.1000000000000000056, 54.19999999999972573 ) ) ;
#521 = ORIENTED_EDGE ( 'NONE', *, *, #1494, .T. ) ;
#522 = LINE ( 'NONE', #4178, #4412 ) ;
#523 = EDGE_CURVE ( 'NONE', #2364, #3194, #1465, .T. ) ;
#524 = AXIS2_PLACEMENT_3D ( 'NONE', #1400, #1369, #2884 ) ;
#526 = ORIENTED_EDGE ( 'NONE', *, *, #3164, .T. ) ;
#525 = ORIENTED_EDGE ( 'NONE', *, *, #3070, .F. ) ;
#527 = DIRECTION ( 'NONE',  ( -1.000000000000000000, -0.000000000000000000, -0.000000000000000000 ) ) ;
#528 = LINE ( 'NONE', #830, #1065 ) ;
#529 = VERTEX_POINT ( 'NONE', #1252 ) ;
#530 = FACE_OUTER_BOUND ( 'NONE', #209, .T. ) ;
#531 = AXIS2_PLACEMENT_3D ( 'NONE', #2890, #3600, #1391 ) ;
#532 = DIRECTION ( 'NONE',  ( -1.000000000000000000, 0.000000000000000000, 1.401122807519389633E-14 ) ) ;
#533 = VECTOR ( 'NONE', #2440, 1000.000000000000000 ) ;
#534 = FACE_OUTER_BOUND ( 'NONE', #3260, .T. ) ;
#535 = VECTOR ( 'NONE', #4815, 1000.000000000000000 ) ;
#536 = ADVANCED_FACE ( 'NONE', ( #2057 ), #3870, .T. ) ;
#537 = PLANE ( 'NONE',  #4520 ) ;
#538 = DIRECTION ( 'NONE',  ( -1.400000000000014387E-14, -1.000000000000000000, 0.000000000000000000 ) ) ;
#539 = DIRECTION ( 'NONE',  ( 1.000000000000000000, 0.000000000000000000, 0.000000000000000000 ) ) ;
#540 = VERTEX_POINT ( 'NONE', #2720 ) ;
#541 = EDGE_CURVE ( 'NONE', #1349, #702, #4151, .T. ) ;
#542 = ORIENTED_EDGE ( 'NONE', *, *, #2963, .F. ) ;
#543 = DIRECTION ( 'NONE',  ( 0.000000000000000000, 0.7071067811865396902, -0.7071067811865554553 ) ) ;
#544 = CARTESIAN_POINT ( 'NONE',  ( 86.79999999999999716, -1.399999999999999911, 36.69999999999971863 ) ) ;
#545 = VECTOR ( 'NONE', #916, 1000.000000000000000 ) ;
#546 = ADVANCED_FACE ( 'NONE', ( #680 ), #2739, .F. ) ;
#547 = ORIENTED_EDGE ( 'NONE', *, *, #1502, .T. ) ;
#548 = EDGE_CURVE ( 'NONE', #2358, #1089, #1569, .T. ) ;
#549 = LINE ( 'NONE', #1838, #3192 ) ;
#550 = DIRECTION ( 'NONE',  ( -0.000000000000000000, -0.000000000000000000, -1.000000000000000000 ) ) ;
#551 = DIRECTION ( 'NONE',  ( -1.000000000000000000, -9.007218048338739409E-15, 0.000000000000000000 ) ) ;
#552 = CARTESIAN_POINT ( 'NONE',  ( 19.98633653146745104, -18.94808528303233430, -1.800000000000000044 ) ) ;
#553 = CARTESIAN_POINT ( 'NONE',  ( 1.800000000000004929, 1.449999999999999956, 48.00000000000000000 ) ) ;
#554 = ORIENTED_EDGE ( 'NONE', *, *, #1461, .F. ) ;
#555 = LINE ( 'NONE', #2313, #2636 ) ;
#556 = EDGE_CURVE ( 'NONE', #559, #2599, #911, .T. ) ;
#557 = PLANE ( 'NONE',  #2167 ) ;
#558 = DIRECTION ( 'NONE',  ( 0.000000000000000000, 1.000000000000000000, 0.000000000000000000 ) ) ;
#559 = VERTEX_POINT ( 'NONE', #70 ) ;
#560 = LINE ( 'NONE', #3378, #4201 ) ;
#561 = DIRECTION ( 'NONE',  ( -0.000000000000000000, -0.000000000000000000, 1.000000000000000000 ) ) ;
#562 = AXIS2_PLACEMENT_3D ( 'NONE', #2844, #566, #4331 ) ;
#563 = EDGE_CURVE ( 'NONE', #1532, #2254, #278, .T. ) ;
#565 = ORIENTED_EDGE ( 'NONE', *, *, #2048, .T. ) ;
#564 = ORIENTED_EDGE ( 'NONE', *, *, #3586, .T. ) ;
#566 = DIRECTION ( 'NONE',  ( -0.000000000000000000, 1.000000000000000000, 1.157511216176695077E-16 ) ) ;
#567 = DIRECTION ( 'NONE',  ( -0.4383711467890813451, -0.8987940462991650392, 1.873989341566520333E-17 ) ) ;
#568 = CARTESIAN_POINT ( 'NONE',  ( 29.24999999996619238, -2.579802170215997670, -0.1999999999999999833 ) ) ;
#569 = CARTESIAN_POINT ( 'NONE',  ( 14.36999999999954269, -2.749999999999900524, -1.800000000000000044 ) ) ;
#570 = VECTOR ( 'NONE', #3636, 1000.000000000000000 ) ;
#571 = ORIENTED_EDGE ( 'NONE', *, *, #3472, .F. ) ;
#572 = ORIENTED_EDGE ( 'NONE', *, *, #563, .T. ) ;
#573 = DIRECTION ( 'NONE',  ( 1.000000000000000000, -1.400000000000014387E-14, -1.399999999999985673E-14 ) ) ;
#574 = FACE_OUTER_BOUND ( 'NONE', #377, .T. ) ;
#575 = VECTOR ( 'NONE', #354, 1000.000000000000000 ) ;
#577 = ORIENTED_EDGE ( 'NONE', *, *, #1451, .T. ) ;
#576 = VERTEX_POINT ( 'NONE', #3817 ) ;
#578 = ORIENTED_EDGE ( 'NONE', *, *, #4644, .T. ) ;
#579 = CARTESIAN_POINT ( 'NONE',  ( 48.66862915010148782, 4.299999999999993605, 53.99999999999997868 ) ) ;
#580 = DIRECTION ( 'NONE',  ( -1.000000000000000000, 0.000000000000000000, 1.401122807519389633E-14 ) ) ;
#581 = EDGE_CURVE ( 'NONE', #4496, #1325, #624, .T. ) ;
#582 = VECTOR ( 'NONE', #4605, 1000.000000000000000 ) ;
#583 = LINE ( 'NONE', #3292, #3792 ) ;
#585 = ORIENTED_EDGE ( 'NONE', *, *, #1066, .F. ) ;
#584 = ORIENTED_EDGE ( 'NONE', *, *, #2959, .T. ) ;
#586 = LINE ( 'NONE', #63, #3436 ) ;
#587 = CARTESIAN_POINT ( 'NONE',  ( 86.29359727611002029, 4.031576708519032159, 4.799999999999999822 ) ) ;
#588 = VECTOR ( 'NONE', #3494, 1000.000000000000000 ) ;
#589 = CARTESIAN_POINT ( 'NONE',  ( 39.10000000000005826, 2.700000000000000178, 39.09999999999988063 ) ) ;
#590 = EDGE_CURVE ( 'NONE', #1394, #871, #37, .T. ) ;
#591 = CARTESIAN_POINT ( 'NONE',  ( 37.04448777176148866, -1.900000000000027223, -0.1999999999999999833 ) ) ;
#592 = CARTESIAN_POINT ( 'NONE',  ( 1.800000000000001599, 2.699999999999999734, 7.000000237999993935 ) ) ;
#593 = ORIENTED_EDGE ( 'NONE', *, *, #1446, .F. ) ;
#594 = ADVANCED_FACE ( 'NONE', ( #2050 ), #1927, .F. ) ;
#595 = CARTESIAN_POINT ( 'NONE',  ( 86.79999999999999716, 1.449999999999999956, 8.000000000000000000 ) ) ;
#596 = EDGE_LOOP ( 'NONE', ( #2242, #121, #1015, #3770 ) ) ;
#597 = CARTESIAN_POINT ( 'NONE',  ( 4.799999999999998934, 4.299999999999999822, 2.288312642244096917 ) ) ;
#598 = ORIENTED_EDGE ( 'NONE', *, *, #2186, .T. ) ;
#599 = EDGE_CURVE ( 'NONE', #1789, #3570, #3367, .T. ) ;
#600 = DIRECTION ( 'NONE',  ( 0.7071067811865413555, 0.000000000000000000, -0.7071067811865536790 ) ) ;
#601 = ORIENTED_EDGE ( 'NONE', *, *, #1693, .F. ) ;
#603 = VECTOR ( 'NONE', #2832, 1000.000000000000000 ) ;
#602 = VECTOR ( 'NONE', #3301, 1000.000000000000000 ) ;
#604 = VECTOR ( 'NONE', #3880, 1000.000000000000000 ) ;
#605 = LINE ( 'NONE', #2430, #1495 ) ;
#606 = CARTESIAN_POINT ( 'NONE',  ( -1.000000000000000000, 0.1000000000000000056, 0.000000000000000000 ) ) ;
#607 = DIRECTION ( 'NONE',  ( 0.000000000000000000, -1.200500675416475525E-16, 1.000000000000000000 ) ) ;
#608 = DIRECTION ( 'NONE',  ( -0.000000000000000000, 0.000000000000000000, -1.000000000000000000 ) ) ;
#609 = ORIENTED_EDGE ( 'NONE', *, *, #2059, .F. ) ;
#610 = PLANE ( 'NONE',  #451 ) ;
#611 = DIRECTION ( 'NONE',  ( 0.4383711467890813451, 0.8987940462991650392, 1.499191473253217006E-16 ) ) ;
#612 = CARTESIAN_POINT ( 'NONE',  ( 2.200000099166676382, 3.499999999999990230, 5.000000000000000000 ) ) ;
#613 = LINE ( 'NONE', #191, #3023 ) ;
#614 = ADVANCED_FACE ( 'NONE', ( #1038 ), #1966, .T. ) ;
#615 = EDGE_CURVE ( 'NONE', #1086, #2590, #3036, .T. ) ;
#616 = CARTESIAN_POINT ( 'NONE',  ( 15.99999999999998579, -10.10000000000001918, 57.80000000000000426 ) ) ;
#617 = CARTESIAN_POINT ( 'NONE',  ( 1.800000000000004929, 2.699999999999995293, 48.00000000000000000 ) ) ;
#618 = DIRECTION ( 'NONE',  ( 1.000000000000000000, -0.000000000000000000, 0.000000000000000000 ) ) ;
#619 = DIRECTION ( 'NONE',  ( -0.000000000000000000, -1.000000000000000000, -0.000000000000000000 ) ) ;
#620 = CARTESIAN_POINT ( 'NONE',  ( 23.64448777176148297, -1.249999999999674039, -0.1999999999999999833 ) ) ;
#621 = EDGE_CURVE ( 'NONE', #1894, #755, #214, .T. ) ;
#622 = ADVANCED_FACE ( 'NONE', ( #4504 ), #3178, .F. ) ;
#623 = DIRECTION ( 'NONE',  ( -1.000000000000000000, 0.000000000000000000, 0.000000000000000000 ) ) ;
#624 = LINE ( 'NONE', #1196, #159 ) ;
#625 = EDGE_LOOP ( 'NONE', ( #181, #4345, #2001, #565 ) ) ;
#626 = ORIENTED_EDGE ( 'NONE', *, *, #859, .T. ) ;
#627 = CARTESIAN_POINT ( 'NONE',  ( 35.74999999999953815, -3.900000000004105516, -0.9999999999998384625 ) ) ;
#628 = AXIS2_PLACEMENT_3D ( 'NONE', #661, #4727, #1386 ) ;
#629 = ORIENTED_EDGE ( 'NONE', *, *, #630, .T. ) ;
#630 = EDGE_CURVE ( 'NONE', #4324, #1848, #34, .T. ) ;
#631 = VECTOR ( 'NONE', #233, 1000.000000000000000 ) ;
#632 = DIRECTION ( 'NONE',  ( -0.000000000000000000, -0.000000000000000000, -1.000000000000000000 ) ) ;
#633 = DIRECTION ( 'NONE',  ( 1.000000000000000000, 0.000000000000000000, -0.000000000000000000 ) ) ;
#634 = CARTESIAN_POINT ( 'NONE',  ( 82.60000000000000853, 4.300000000000001599, 57.80000000000000426 ) ) ;
#635 = ORIENTED_EDGE ( 'NONE', *, *, #2094, .T. ) ;
#636 = LINE ( 'NONE', #437, #1224 ) ;
#637 = AXIS2_PLACEMENT_3D ( 'NONE', #131, #2701, #2326 ) ;
#638 = ADVANCED_FACE ( 'NONE', ( #2401 ), #2819, .F. ) ;
#639 = VERTEX_POINT ( 'NONE', #189 ) ;
#640 = LINE ( 'NONE', #3251, #3682 ) ;
#641 = VERTEX_POINT ( 'NONE', #2181 ) ;
#642 = CARTESIAN_POINT ( 'NONE',  ( 29.24999999996617106, -3.000000000000000000, -0.2000000000000000111 ) ) ;
#643 = CARTESIAN_POINT ( 'NONE',  ( 84.20000000000000284, -10.10000000000001918, 57.39999999999999858 ) ) ;
#644 = EDGE_CURVE ( 'NONE', #1891, #3190, #908, .T. ) ;
#645 = EDGE_LOOP ( 'NONE', ( #2104, #1508, #4705, #4454, #3371, #4225, #218 ) ) ;
#646 = LINE ( 'NONE', #463, #2258 ) ;
#647 = ORIENTED_EDGE ( 'NONE', *, *, #449, .F. ) ;
#648 = DIRECTION ( 'NONE',  ( -1.245113975359227837E-14, -1.000000000000000000, 0.000000000000000000 ) ) ;
#649 = DIRECTION ( 'NONE',  ( 0.000000000000000000, -0.000000000000000000, 1.000000000000000000 ) ) ;
#650 = EDGE_CURVE ( 'NONE', #4036, #2239, #3084, .T. ) ;
#651 = VECTOR ( 'NONE', #3987, 1000.000000000000000 ) ;
#652 = AXIS2_PLACEMENT_3D ( 'NONE', #335, #351, #2954 ) ;
#653 = FACE_OUTER_BOUND ( 'NONE', #4702, .T. ) ;
#654 = FACE_OUTER_BOUND ( 'NONE', #3473, .T. ) ;
#655 = SURFACE_SIDE_STYLE ('',( #2576 ) ) ;
#656 = DIRECTION ( 'NONE',  ( 1.000000000000000000, 0.000000000000000000, -0.000000000000000000 ) ) ;
#657 = LINE ( 'NONE', #1158, #461 ) ;
#658 = ORIENTED_EDGE ( 'NONE', *, *, #2488, .F. ) ;
#659 = VECTOR ( 'NONE', #3665, 1000.000000000000000 ) ;
#660 = AXIS2_PLACEMENT_3D ( 'NONE', #2420, #543, #2749 ) ;
#661 = CARTESIAN_POINT ( 'NONE',  ( 151.0230788128466202, 2.700000000000001066, -2.168404344971008868E-16 ) ) ;
#662 = EDGE_LOOP ( 'NONE', ( #4146, #229, #2424, #114 ) ) ;
#663 = VECTOR ( 'NONE', #2437, 1000.000000000000000 ) ;
#664 = DIRECTION ( 'NONE',  ( 0.000000000000000000, 1.000000000000000000, 0.000000000000000000 ) ) ;
#665 = ORIENTED_EDGE ( 'NONE', *, *, #3982, .F. ) ;
#666 = DIRECTION ( 'NONE',  ( 0.000000000000000000, 0.000000000000000000, -1.000000000000000000 ) ) ;
#667 = DIRECTION ( 'NONE',  ( 0.000000000000000000, -1.382249781654825882E-16, 1.000000000000000000 ) ) ;
#668 = ORIENTED_EDGE ( 'NONE', *, *, #2631, .F. ) ;
#669 = LINE ( 'NONE', #2909, #2223 ) ;
#670 = ORIENTED_EDGE ( 'NONE', *, *, #4457, .F. ) ;
#671 = PRODUCT_CONTEXT ( 'NONE', #1778, 'mechanical' ) ;
#672 = PLANE ( 'NONE',  #2225 ) ;
#673 = ORIENTED_EDGE ( 'NONE', *, *, #3063, .F. ) ;
#674 = VERTEX_POINT ( 'NONE', #4447 ) ;
#675 = EDGE_CURVE ( 'NONE', #2556, #3434, #3142, .T. ) ;
#676 = DIRECTION ( 'NONE',  ( -0.000000000000000000, -1.000000000000000000, -0.000000000000000000 ) ) ;
#677 = CYLINDRICAL_SURFACE ( 'NONE', #1302, 0.6500000000001713296 ) ;
#678 = DIRECTION ( 'NONE',  ( -1.400000000000000345E-14, -1.000000000000000000, 9.999999999999999988E-15 ) ) ;
#679 = EDGE_CURVE ( 'NONE', #1658, #2880, #3314, .T. ) ;
#680 = FACE_OUTER_BOUND ( 'NONE', #2502, .T. ) ;
#681 = ORIENTED_EDGE ( 'NONE', *, *, #1990, .F. ) ;
#682 = DIRECTION ( 'NONE',  ( 0.000000000000000000, -1.000000000000000000, 0.000000000000000000 ) ) ;
#683 = DIRECTION ( 'NONE',  ( 0.000000000000000000, -0.000000000000000000, 1.000000000000000000 ) ) ;
#684 = LINE ( 'NONE', #23, #2461 ) ;
#685 = VECTOR ( 'NONE', #3064, 1000.000000000000000 ) ;
#687 = ORIENTED_EDGE ( 'NONE', *, *, #1914, .F. ) ;
#686 = VERTEX_POINT ( 'NONE', #15 ) ;
#688 = EDGE_CURVE ( 'NONE', #540, #1976, #2825, .T. ) ;
#689 = AXIS2_PLACEMENT_3D ( 'NONE', #952, #3889, #2838 ) ;
#690 = APPLICATION_CONTEXT ( 'automotive_design' ) ;
#691 = CARTESIAN_POINT ( 'NONE',  ( 8.029999999999574811, -1.049999999999809752, -1.189999999999480140 ) ) ;
#692 = LINE ( 'NONE', #3932, #3547 ) ;
#694 = VERTEX_POINT ( 'NONE', #742 ) ;
#693 = ORIENTED_EDGE ( 'NONE', *, *, #2704, .F. ) ;
#695 = LINE ( 'NONE', #3174, #1774 ) ;
#696 = DIRECTION ( 'NONE',  ( 0.000000000000000000, 1.000000000000000000, 0.000000000000000000 ) ) ;
#697 = LINE ( 'NONE', #2585, #2422 ) ;
#699 = ORIENTED_EDGE ( 'NONE', *, *, #3720, .F. ) ;
#698 = VERTEX_POINT ( 'NONE', #4136 ) ;
#700 = VERTEX_POINT ( 'NONE', #2658 ) ;
#701 = CARTESIAN_POINT ( 'NONE',  ( 12.29999999999994920, 4.299999999999999822, 1.800000237999992869 ) ) ;
#702 = VERTEX_POINT ( 'NONE', #762 ) ;
#703 = EDGE_CURVE ( 'NONE', #1476, #714, #1273, .T. ) ;
#704 = VERTEX_POINT ( 'NONE', #1140 ) ;
#705 = DIRECTION ( 'NONE',  ( 0.5000000000000012212, -0.7071067811865476838, 0.4999999999999988343 ) ) ;
#706 = CARTESIAN_POINT ( 'NONE',  ( 86.79999999999999716, 0.1000000000000000056, 0.000000000000000000 ) ) ;
#707 = CARTESIAN_POINT ( 'NONE',  ( 151.0230788128466202, 4.299999999999999822, -2.168404344971008868E-16 ) ) ;
#708 = DIRECTION ( 'NONE',  ( 0.000000000000000000, -1.000000000000000000, 0.000000000000000000 ) ) ;
#709 = FACE_OUTER_BOUND ( 'NONE', #4440, .T. ) ;
#710 = EDGE_CURVE ( 'NONE', #3708, #674, #1341, .T. ) ;
#711 = AXIS2_PLACEMENT_3D ( 'NONE', #3167, #558, #2036 ) ;
#712 = CARTESIAN_POINT ( 'NONE',  ( -1.000000000000000000, 0.1000000000000000056, 0.000000000000000000 ) ) ;
#713 = EDGE_LOOP ( 'NONE', ( #1592, #2567, #2800, #3679, #2930 ) ) ;
#714 = VERTEX_POINT ( 'NONE', #407 ) ;
#715 = DIRECTION ( 'NONE',  ( -0.000000000000000000, 1.157511216176695077E-16, -1.000000000000000000 ) ) ;
#716 = EDGE_CURVE ( 'NONE', #1429, #2974, #560, .T. ) ;
#717 = ORIENTED_EDGE ( 'NONE', *, *, #175, .T. ) ;
#719 = VECTOR ( 'NONE', #1271, 1000.000000000000000 ) ;
#718 = LINE ( 'NONE', #4030, #4597 ) ;
#720 = DIRECTION ( 'NONE',  ( -0.000000000000000000, 1.000000000000000000, 1.200500675416475525E-16 ) ) ;
#721 = ORIENTED_EDGE ( 'NONE', *, *, #4549, .F. ) ;
#722 = DIRECTION ( 'NONE',  ( -1.000000000000000000, 0.000000000000000000, 0.000000000000000000 ) ) ;
#723 = PRESENTATION_STYLE_ASSIGNMENT (( #1723 ) ) ;
#724 = VERTEX_POINT ( 'NONE', #729 ) ;
#725 = PLANE ( 'NONE',  #892 ) ;
#726 = LINE ( 'NONE', #1419, #4608 ) ;
#727 = DIRECTION ( 'NONE',  ( -0.000000000000000000, -1.000000000000000000, -0.000000000000000000 ) ) ;
#728 = EDGE_CURVE ( 'NONE', #1055, #700, #495, .T. ) ;
#729 = CARTESIAN_POINT ( 'NONE',  ( -0.1999999999999950984, 2.699999999999995293, 48.00000000000000000 ) ) ;
#730 = VECTOR ( 'NONE', #3703, 1000.000000000000000 ) ;
#731 = ORIENTED_EDGE ( 'NONE', *, *, #362, .F. ) ;
#732 = EDGE_CURVE ( 'NONE', #4867, #3504, #1512, .T. ) ;
#733 = LINE ( 'NONE', #3359, #4392 ) ;
#734 = AXIS2_PLACEMENT_3D ( 'NONE', #1707, #896, #1330 ) ;
#735 = CARTESIAN_POINT ( 'NONE',  ( 1.799999999999999156, 1.449999999999999956, 8.000000000000000000 ) ) ;
#736 = DIRECTION ( 'NONE',  ( -0.7071067811865414665, 0.7071067811865536790, 8.488821684060276592E-17 ) ) ;
#737 = DIRECTION ( 'NONE',  ( 0.000000000000000000, 1.000000000000000000, 0.000000000000000000 ) ) ;
#738 = EDGE_LOOP ( 'NONE', ( #1924, #521, #2842, #609 ) ) ;
#739 = ORIENTED_EDGE ( 'NONE', *, *, #3693, .F. ) ;
#740 = DIRECTION ( 'NONE',  ( 0.6880060194648398575, -0.7257049794373375828, -2.375034478134523269E-15 ) ) ;
#741 = FACE_OUTER_BOUND ( 'NONE', #4827, .T. ) ;
#742 = CARTESIAN_POINT ( 'NONE',  ( 1.800000000000000044, 1.449999999999999956, 21.69999999999940599 ) ) ;
#743 = CIRCLE ( 'NONE', #833, 3.000000000000000000 ) ;
#744 = AXIS2_PLACEMENT_3D ( 'NONE', #2680, #3767, #4561 ) ;
#745 = DIRECTION ( 'NONE',  ( 0.000000000000000000, -1.000000000000000000, -1.668003342285389825E-16 ) ) ;
#746 = EDGE_LOOP ( 'NONE', ( #1450, #3414, #1464, #1743, #3086, #3526, #4488, #3177, #2973, #4517, #2575, #215 ) ) ;
#747 = LINE ( 'NONE', #806, #4633 ) ;
#749 = ORIENTED_EDGE ( 'NONE', *, *, #3462, .T. ) ;
#748 = ORIENTED_EDGE ( 'NONE', *, *, #3790, .T. ) ;
#750 = VERTEX_POINT ( 'NONE', #381 ) ;
#751 = FACE_OUTER_BOUND ( 'NONE', #198, .T. ) ;
#752 = ORIENTED_EDGE ( 'NONE', *, *, #703, .T. ) ;
#753 = VECTOR ( 'NONE', #1310, 1000.000000000000000 ) ;
#754 = CARTESIAN_POINT ( 'NONE',  ( 66.59999999999999432, 4.300000000000001599, -1.000000000000000000 ) ) ;
#755 = VERTEX_POINT ( 'NONE', #2295 ) ;
#756 = CARTESIAN_POINT ( 'NONE',  ( 52.00000000000000000, 3.500000000000011546, 56.20000000000000284 ) ) ;
#757 = DIRECTION ( 'NONE',  ( 1.000000000000000000, 0.000000000000000000, -0.000000000000000000 ) ) ;
#758 = LINE ( 'NONE', #3410, #2551 ) ;
#759 = EDGE_LOOP ( 'NONE', ( #4868, #2898, #4434, #813 ) ) ;
#760 = VECTOR ( 'NONE', #1358, 1000.000000000000000 ) ;
#761 = ORIENTED_EDGE ( 'NONE', *, *, #4516, .T. ) ;
#762 = CARTESIAN_POINT ( 'NONE',  ( 15.00000000000000711, 1.449999999999999956, 1.800000000000006928 ) ) ;
#763 = EDGE_CURVE ( 'NONE', #2259, #702, #4806, .T. ) ;
#764 = VECTOR ( 'NONE', #254, 1000.000000000000000 ) ;
#765 = ORIENTED_EDGE ( 'NONE', *, *, #4082, .T. ) ;
#766 = LINE ( 'NONE', #2339, #1666 ) ;
#767 = EDGE_CURVE ( 'NONE', #1000, #367, #275, .T. ) ;
#768 = LINE ( 'NONE', #201, #3298 ) ;
#769 = DIRECTION ( 'NONE',  ( 0.000000000000000000, 0.000000000000000000, 1.000000000000000000 ) ) ;
#770 = EDGE_LOOP ( 'NONE', ( #3519, #2995, #1843, #2920, #1517, #2602, #658, #2340, #4034, #4743, #1179, #1805, #2624, #1404, #1570, #3949, #2717, #4735, #2112, #1895, #3328, #264, #2455, #3960, #2615, #4057, #3097, #1159, #2876, #601 ) ) ;
#771 = CARTESIAN_POINT ( 'NONE',  ( 128.2448639763972835, -50.41326034835535808, 56.20000000000000284 ) ) ;
#772 = EDGE_CURVE ( 'NONE', #2359, #38, #555, .T. ) ;
#773 = CARTESIAN_POINT ( 'NONE',  ( 35.92829176336527297, -2.132598257563980582, -0.9999999999998588907 ) ) ;
#774 = DIRECTION ( 'NONE',  ( 0.000000000000000000, -1.000000000000000000, 0.000000000000000000 ) ) ;
#775 = ORIENTED_EDGE ( 'NONE', *, *, #370, .F. ) ;
#776 = LINE ( 'NONE', #2110, #202 ) ;
#777 = DIRECTION ( 'NONE',  ( -1.000000000000000000, 0.000000000000000000, 0.000000000000000000 ) ) ;
#778 = DIRECTION ( 'NONE',  ( 0.7071067811865491270, -0.000000000000000000, 0.7071067811865459074 ) ) ;
#779 = LINE ( 'NONE', #4459, #2630 ) ;
#780 = AXIS2_PLACEMENT_3D ( 'NONE', #452, #1992, #2748 ) ;
#781 = DIRECTION ( 'NONE',  ( 0.000000000000000000, 0.000000000000000000, -1.000000000000000000 ) ) ;
#782 = ORIENTED_EDGE ( 'NONE', *, *, #2785, .T. ) ;
#783 = ORIENTED_EDGE ( 'NONE', *, *, #2824, .T. ) ;
#784 = LINE ( 'NONE', #3024, #4674 ) ;
#785 = ORIENTED_EDGE ( 'NONE', *, *, #688, .T. ) ;
#786 = DIRECTION ( 'NONE',  ( 0.000000000000000000, 1.000000000000000000, 0.000000000000000000 ) ) ;
#787 = VECTOR ( 'NONE', #1518, 1000.000000000000000 ) ;
#789 = EDGE_LOOP ( 'NONE', ( #1611, #3873, #1782, #2200, #3110 ) ) ;
#788 = ORIENTED_EDGE ( 'NONE', *, *, #3346, .F. ) ;
#790 = ORIENTED_EDGE ( 'NONE', *, *, #2989, .T. ) ;
#791 = DIRECTION ( 'NONE',  ( -0.000000000000000000, 1.000000000000000000, -0.000000000000000000 ) ) ;
#792 = CARTESIAN_POINT ( 'NONE',  ( 37.04448777176148155, -1.249999999999869438, -0.9999999999998833156 ) ) ;
#793 = VECTOR ( 'NONE', #3859, 1000.000000000000000 ) ;
#794 = EDGE_CURVE ( 'NONE', #1539, #4631, #30, .T. ) ;
#795 = ORIENTED_EDGE ( 'NONE', *, *, #1004, .T. ) ;
#796 = CARTESIAN_POINT ( 'NONE',  ( 7.000000000000006217, 4.299999999999998934, 7.000000237999992159 ) ) ;
#797 = ORIENTED_EDGE ( 'NONE', *, *, #2843, .T. ) ;
#798 = EDGE_CURVE ( 'NONE', #3309, #1520, #3029, .T. ) ;
#799 = ORIENTED_EDGE ( 'NONE', *, *, #284, .F. ) ;
#800 = AXIS2_PLACEMENT_3D ( 'NONE', #4325, #2404, #177 ) ;
#801 = VECTOR ( 'NONE', #3918, 1000.000000000000000 ) ;
#802 = CARTESIAN_POINT ( 'NONE',  ( 4.000000000000003553, -3.000000000000008438, -1.800000000000000044 ) ) ;
#803 = ORIENTED_EDGE ( 'NONE', *, *, #4725, .T. ) ;
#804 = ADVANCED_FACE ( 'NONE', ( #3774 ), #4742, .F. ) ;
#805 = LINE ( 'NONE', #2292, #3677 ) ;
#806 = CARTESIAN_POINT ( 'NONE',  ( 86.79999999999999716, 4.299999999999999822, 36.69999999999971863 ) ) ;
#807 = DIRECTION ( 'NONE',  ( -1.399999999999999714E-14, -9.999999999999999988E-15, -1.000000000000000000 ) ) ;
#808 = VECTOR ( 'NONE', #2197, 1000.000000000000000 ) ;
#810 = ORIENTED_EDGE ( 'NONE', *, *, #3254, .F. ) ;
#809 = ORIENTED_EDGE ( 'NONE', *, *, #1231, .T. ) ;
#811 = EDGE_CURVE ( 'NONE', #724, #4152, #2931, .T. ) ;
#812 = CARTESIAN_POINT ( 'NONE',  ( 1.800000000000006484, 3.499999999999984901, 51.00000000000000000 ) ) ;
#813 = ORIENTED_EDGE ( 'NONE', *, *, #150, .F. ) ;
#814 = ORIENTED_EDGE ( 'NONE', *, *, #3421, .F. ) ;
#815 = DIRECTION ( 'NONE',  ( 1.000000000000000000, 0.000000000000000000, 0.000000000000000000 ) ) ;
#816 = CARTESIAN_POINT ( 'NONE',  ( 84.20000000000000284, 0.1000000000000002554, 57.79999999999999716 ) ) ;
#817 = AXIS2_PLACEMENT_3D ( 'NONE', #1344, #890, #4721 ) ;
#818 = DIRECTION ( 'NONE',  ( 0.000000000000000000, 1.000000000000000000, 0.000000000000000000 ) ) ;
#819 = CARTESIAN_POINT ( 'NONE',  ( 27.95551222820428450, -1.899999999999892220, -0.1999999999999999833 ) ) ;
#820 = ORIENTED_EDGE ( 'NONE', *, *, #1925, .F. ) ;
#821 = EDGE_CURVE ( 'NONE', #4804, #755, #1142, .T. ) ;
#822 = PLANE ( 'NONE',  #3401 ) ;
#823 = FACE_BOUND ( 'NONE', #3154, .T. ) ;
#824 = ADVANCED_FACE ( 'NONE', ( #4860 ), #1560, .T. ) ;
#825 = EDGE_CURVE ( 'NONE', #1360, #4509, #784, .T. ) ;
#826 = UNCERTAINTY_MEASURE_WITH_UNIT (LENGTH_MEASURE( 1.000000000000000082E-05 ), #2928, 'distance_accuracy_value', 'NONE');
#827 = DIRECTION ( 'NONE',  ( 0.000000000000000000, 1.000000000000000000, 0.000000000000000000 ) ) ;
#828 = DIRECTION ( 'NONE',  ( -0.000000000000000000, 0.8987940462991650392, -0.4383711467890813451 ) ) ;
#829 = EDGE_LOOP ( 'NONE', ( #2523, #2580, #2814, #3076 ) ) ;
#830 = CARTESIAN_POINT ( 'NONE',  ( 80.40000000000001990, 2.700000000000000178, 56.20000000000000284 ) ) ;
#831 = VERTEX_POINT ( 'NONE', #1146 ) ;
#832 = EDGE_CURVE ( 'NONE', #4509, #1191, #978, .T. ) ;
#833 = AXIS2_PLACEMENT_3D ( 'NONE', #4370, #1339, #944 ) ;
#834 = ORIENTED_EDGE ( 'NONE', *, *, #1634, .T. ) ;
#835 = DIRECTION ( 'NONE',  ( 1.245113975359227837E-14, 1.000000000000000000, 0.000000000000000000 ) ) ;
#836 = VERTEX_POINT ( 'NONE', #3765 ) ;
#837 = CARTESIAN_POINT ( 'NONE',  ( 74.00000000000000000, 2.700000000000000178, 3.500000000000000000 ) ) ;
#838 = PLANE ( 'NONE',  #1152 ) ;
#839 = MECHANICAL_DESIGN_GEOMETRIC_PRESENTATION_REPRESENTATION (  '', ( #3213 ), #4129 ) ;
#840 = DIRECTION ( 'NONE',  ( 0.000000000000000000, -0.000000000000000000, 1.000000000000000000 ) ) ;
#841 = VECTOR ( 'NONE', #3513, 1000.000000000000000 ) ;
#842 = CARTESIAN_POINT ( 'NONE',  ( 70.40000000000000568, -3.000000000000000000, -1.800000000000000044 ) ) ;
#843 = CARTESIAN_POINT ( 'NONE',  ( -1.800000000000000266, 0.1000000000000000056, 57.39999999999999858 ) ) ;
#844 = EDGE_LOOP ( 'NONE', ( #3900, #3813, #1956, #4790 ) ) ;
#845 = CARTESIAN_POINT ( 'NONE',  ( 86.79999999999999716, -1.399999999999999911, 39.39999999999972147 ) ) ;
#846 = CARTESIAN_POINT ( 'NONE',  ( 66.59999999999999432, -11.40000000000000568, -1.800000000000000044 ) ) ;
#847 = DIRECTION ( 'NONE',  ( 2.668805347656626087E-15, 0.000000000000000000, -1.000000000000000000 ) ) ;
#848 = EDGE_LOOP ( 'NONE', ( #1487, #4700, #1068, #302 ) ) ;
#849 = ADVANCED_FACE ( 'NONE', ( #4438 ), #2280, .F. ) ;
#850 = CARTESIAN_POINT ( 'NONE',  ( 7.000000000000006217, 2.700000000000000178, 7.000000237999992159 ) ) ;
#852 = ORIENTED_EDGE ( 'NONE', *, *, #4142, .T. ) ;
#851 = VERTEX_POINT ( 'NONE', #3011 ) ;
#853 = CARTESIAN_POINT ( 'NONE',  ( 151.0230788128466202, 0.1000000000000002554, 57.79999999999999716 ) ) ;
#854 = DIRECTION ( 'NONE',  ( -1.000000000000000000, 0.000000000000000000, 0.000000000000000000 ) ) ;
#855 = EDGE_CURVE ( 'NONE', #4564, #2279, #3407, .T. ) ;
#856 = CARTESIAN_POINT ( 'NONE',  ( 151.0230788128466202, 2.700000000000001066, -2.168404344971008868E-16 ) ) ;
#857 = PLANE ( 'NONE',  #4420 ) ;
#858 = DIRECTION ( 'NONE',  ( 0.7071067811865474617, 8.488821684060202636E-17, -0.7071067811865474617 ) ) ;
#859 = EDGE_CURVE ( 'NONE', #938, #1240, #1457, .T. ) ;
#861 = ORIENTED_EDGE ( 'NONE', *, *, #1144, .T. ) ;
#860 = EDGE_LOOP ( 'NONE', ( #3357, #269, #3565, #2943 ) ) ;
#862 = AXIS2_PLACEMENT_3D ( 'NONE', #1760, #4013, #623 ) ;
#863 = DIRECTION ( 'NONE',  ( 1.000000000000000000, 0.000000000000000000, -0.000000000000000000 ) ) ;
#864 = DIRECTION ( 'NONE',  ( 1.000000000000000000, 1.240954293808709686E-16, 0.000000000000000000 ) ) ;
#865 = PLANE ( 'NONE',  #800 ) ;
#866 = VECTOR ( 'NONE', #965, 1000.000000000000000 ) ;
#867 = ORIENTED_EDGE ( 'NONE', *, *, #2426, .T. ) ;
#868 = AXIS2_PLACEMENT_3D ( 'NONE', #1350, #1405, #4017 ) ;
#869 = DIRECTION ( 'NONE',  ( 0.000000000000000000, 0.000000000000000000, 1.000000000000000000 ) ) ;
#870 = DIRECTION ( 'NONE',  ( 1.400000000000000345E-14, 1.000000000000000000, -9.999999999999999988E-15 ) ) ;
#871 = VERTEX_POINT ( 'NONE', #1199 ) ;
#872 = EDGE_CURVE ( 'NONE', #2591, #1513, #4609, .T. ) ;
#873 = LINE ( 'NONE', #3204, #4359 ) ;
#874 = VECTOR ( 'NONE', #4193, 1000.000000000000114 ) ;
#875 = CARTESIAN_POINT ( 'NONE',  ( 82.60000000000000853, -8.300000000000000711, 57.00000000000000000 ) ) ;
#876 = ADVANCED_FACE ( 'NONE', ( #2395 ), #3104, .F. ) ;
#877 = CIRCLE ( 'NONE', #1220, 0.6500000000001713296 ) ;
#878 = CARTESIAN_POINT ( 'NONE',  ( 151.0230788128466202, 4.299999999999993605, 53.99999999999997868 ) ) ;
#879 = CARTESIAN_POINT ( 'NONE',  ( 86.20000095400001783, 2.700000000000001066, -2.168404344971008868E-16 ) ) ;
#880 = AXIS2_PLACEMENT_3D ( 'NONE', #3689, #2221, #4431 ) ;
#881 = DIRECTION ( 'NONE',  ( 0.000000000000000000, -8.340016711426952823E-17, 1.000000000000000000 ) ) ;
#882 = ORIENTED_EDGE ( 'NONE', *, *, #4291, .F. ) ;
#883 = DIRECTION ( 'NONE',  ( -0.000000000000000000, 0.000000000000000000, -1.000000000000000000 ) ) ;
#884 = DIRECTION ( 'NONE',  ( 0.000000000000000000, -0.000000000000000000, 1.000000000000000000 ) ) ;
#885 = VECTOR ( 'NONE', #2531, 1000.000000000000000 ) ;
#886 = CYLINDRICAL_SURFACE ( 'NONE', #1660, 5.199999999999996625 ) ;
#887 = EDGE_CURVE ( 'NONE', #1422, #4375, #2518, .T. ) ;
#888 = DIRECTION ( 'NONE',  ( 0.000000000000000000, 0.000000000000000000, -1.000000000000000000 ) ) ;
#889 = B_SPLINE_CURVE_WITH_KNOTS ( 'NONE', 3,
 ( #3576, #1019, #4740, #1415 ),
 .UNSPECIFIED., .F., .F.,
 ( 4, 4 ),
 ( 0.000000000000000000, 0.001191383414503172740 ),
 .UNSPECIFIED. ) ;
#890 = DIRECTION ( 'NONE',  ( 0.4067366430758031504, 0.9135454576425996454, 1.262748009358241411E-16 ) ) ;
#891 = EDGE_CURVE ( 'NONE', #559, #1086, #371, .T. ) ;
#892 = AXIS2_PLACEMENT_3D ( 'NONE', #26, #774, #4620 ) ;
#893 = DIRECTION ( 'NONE',  ( 0.000000000000000000, -0.000000000000000000, 1.000000000000000000 ) ) ;
#894 = DIRECTION ( 'NONE',  ( 1.240954293808709686E-16, -1.000000000000000000, 0.000000000000000000 ) ) ;
#895 = ORIENTED_EDGE ( 'NONE', *, *, #4503, .F. ) ;
#896 = DIRECTION ( 'NONE',  ( 0.000000000000000000, -1.000000000000000000, -1.200500675416475525E-16 ) ) ;
#897 = VECTOR ( 'NONE', #827, 1000.000000000000000 ) ;
#898 = VERTEX_POINT ( 'NONE', #4575 ) ;
#899 = PLANE ( 'NONE',  #2373 ) ;
#900 = PLANE ( 'NONE',  #1067 ) ;
#901 = VECTOR ( 'NONE', #3286, 1000.000000000000000 ) ;
#902 = AXIS2_PLACEMENT_3D ( 'NONE', #2802, #3901, #1669 ) ;
#903 = ORIENTED_EDGE ( 'NONE', *, *, #3366, .F. ) ;
#904 = ADVANCED_FACE ( 'NONE', ( #2926 ), #2706, .F. ) ;
#905 = CARTESIAN_POINT ( 'NONE',  ( 15.00000000000000711, 4.301999999999993385, 6.722053469410127491E-15 ) ) ;
#906 = DIRECTION ( 'NONE',  ( 0.000000000000000000, -0.000000000000000000, 1.000000000000000000 ) ) ;
#908 = LINE ( 'NONE', #2513, #90 ) ;
#907 = LINE ( 'NONE', #4244, #3313 ) ;
#909 = ORIENTED_EDGE ( 'NONE', *, *, #4363, .F. ) ;
#910 = DIRECTION ( 'NONE',  ( -0.000000000000000000, -0.000000000000000000, -1.000000000000000000 ) ) ;
#911 = LINE ( 'NONE', #4590, #3910 ) ;
#912 = LINE ( 'NONE', #3736, #3087 ) ;
#913 = CARTESIAN_POINT ( 'NONE',  ( 81.00000095400000077, 4.299999999999998934, 7.000000237999992159 ) ) ;
#914 = CARTESIAN_POINT ( 'NONE',  ( 72.20000000000000284, 0.09999999999999939493, 57.00000000000000000 ) ) ;
#915 = VECTOR ( 'NONE', #4254, 1000.000000000000000 ) ;
#916 = DIRECTION ( 'NONE',  ( 9.505334114941404819E-16, -1.000000000000000000, -0.000000000000000000 ) ) ;
#917 = VECTOR ( 'NONE', #265, 1000.000000000000000 ) ;
#918 = DIRECTION ( 'NONE',  ( -1.000000000000000000, 0.000000000000000000, 1.401122807519359499E-14 ) ) ;
#919 = CARTESIAN_POINT ( 'NONE',  ( -1.800000000000000266, 4.299999999999999822, 3.399999999999999467 ) ) ;
#920 = DIRECTION ( 'NONE',  ( 0.000000000000000000, 1.000000000000000000, -0.000000000000000000 ) ) ;
#921 = EDGE_CURVE ( 'NONE', #3468, #3902, #3199, .T. ) ;
#922 = FACE_OUTER_BOUND ( 'NONE', #759, .T. ) ;
#923 = ORIENTED_EDGE ( 'NONE', *, *, #1538, .T. ) ;
#924 = CARTESIAN_POINT ( 'NONE',  ( 79.80000000000001137, 2.700000000000000178, 4.799999999999999822 ) ) ;
#925 = DIRECTION ( 'NONE',  ( -0.000000000000000000, -0.000000000000000000, -1.000000000000000000 ) ) ;
#926 = DIRECTION ( 'NONE',  ( -1.400000000000014387E-14, -1.000000000000000000, 0.000000000000000000 ) ) ;
#927 = DIRECTION ( 'NONE',  ( -1.000000000000000000, 1.358957646467426048E-14, 0.000000000000000000 ) ) ;
#928 = EDGE_CURVE ( 'NONE', #1884, #4025, #1261, .T. ) ;
#929 = DIRECTION ( 'NONE',  ( 0.2810846377148193964, 0.6785983445458463326, 0.6785983445458479979 ) ) ;
#930 = ADVANCED_FACE ( 'NONE', ( #4737 ), #1215, .F. ) ;
#931 = ORIENTED_EDGE ( 'NONE', *, *, #1733, .F. ) ;
#932 = CARTESIAN_POINT ( 'NONE',  ( 3.999999999999989786, 0.1000000000000000056, 0.000000000000000000 ) ) ;
#933 = PLANE ( 'NONE',  #2250 ) ;
#934 = VERTEX_POINT ( 'NONE', #84 ) ;
#935 = CARTESIAN_POINT ( 'NONE',  ( -1.399999999999997691, -6.100000000000012079, 8.399999999999998579 ) ) ;
#936 = LINE ( 'NONE', #1972, #4118 ) ;
#937 = EDGE_CURVE ( 'NONE', #4767, #241, #4140, .T. ) ;
#939 = ORIENTED_EDGE ( 'NONE', *, *, #3815, .F. ) ;
#938 = VERTEX_POINT ( 'NONE', #1622 ) ;
#940 = CARTESIAN_POINT ( 'NONE',  ( 41.35551222820428308, -1.900000000000079625, -0.1999999999999999833 ) ) ;
#941 = DIRECTION ( 'NONE',  ( 0.000000000000000000, 0.000000000000000000, 1.000000000000000000 ) ) ;
#942 = CARTESIAN_POINT ( 'NONE',  ( 88.40000000000000568, -1.652666016947199034E-14, 57.40000000000001279 ) ) ;
#943 = ADVANCED_FACE ( 'NONE', ( #3255 ), #1138, .F. ) ;
#944 = DIRECTION ( 'NONE',  ( 0.000000000000000000, -1.445602896647339163E-16, 1.000000000000000000 ) ) ;
#945 = DIRECTION ( 'NONE',  ( 0.000000000000000000, -0.000000000000000000, 1.000000000000000000 ) ) ;
#946 = CARTESIAN_POINT ( 'NONE',  ( 86.79999999999999716, 2.699999999999995293, 47.99999999999998579 ) ) ;
#947 = ORIENTED_EDGE ( 'NONE', *, *, #2996, .T. ) ;
#949 = LINE ( 'NONE', #754, #1315 ) ;
#948 = LINE ( 'NONE', #2891, #1239 ) ;
#950 = LINE ( 'NONE', #4484, #4366 ) ;
#951 = FILL_AREA_STYLE_COLOUR ( '', #1201 ) ;
#952 = CARTESIAN_POINT ( 'NONE',  ( 151.0230788128466202, 2.700000000000001066, -2.168404344971008868E-16 ) ) ;
#953 = VECTOR ( 'NONE', #2375, 1000.000000000000000 ) ;
#954 = ORIENTED_EDGE ( 'NONE', *, *, #219, .F. ) ;
#955 = CARTESIAN_POINT ( 'NONE',  ( 70.40000000000000568, -3.000000000000000000, -1.000000000000000000 ) ) ;
#956 = ORIENTED_EDGE ( 'NONE', *, *, #3366, .T. ) ;
#957 = DIRECTION ( 'NONE',  ( 0.000000000000000000, -1.000000000000000000, -2.879209088758185681E-16 ) ) ;
#958 = CARTESIAN_POINT ( 'NONE',  ( 80.40000000000001990, 2.700000000000000178, 55.80000000000001137 ) ) ;
#959 = CARTESIAN_POINT ( 'NONE',  ( -1.000000000000000000, -5.279878463368306463, 8.399999999999998579 ) ) ;
#960 = LINE ( 'NONE', #2596, #1864 ) ;
#961 = VERTEX_POINT ( 'NONE', #3820 ) ;
#962 = ADVANCED_FACE ( 'NONE', ( #2333 ), #133, .T. ) ;
#963 = EDGE_CURVE ( 'NONE', #2123, #1423, #1980, .T. ) ;
#964 = DIRECTION ( 'NONE',  ( -1.000000000000000000, -9.505334114941404819E-16, 0.000000000000000000 ) ) ;
#965 = DIRECTION ( 'NONE',  ( 0.000000000000000000, 0.000000000000000000, -1.000000000000000000 ) ) ;
#966 = CARTESIAN_POINT ( 'NONE',  ( 15.99999999999998579, -9.279878463368314456, 57.00000000000000000 ) ) ;
#967 = CARTESIAN_POINT ( 'NONE',  ( 14.36999999999957645, -1.049999999999885913, -0.2000000000000000944 ) ) ;
#968 = EDGE_LOOP ( 'NONE', ( #3304, #2415, #4703, #348 ) ) ;
#969 = ORIENTED_EDGE ( 'NONE', *, *, #129, .F. ) ;
#970 = VECTOR ( 'NONE', #3926, 1000.000000000000000 ) ;
#971 = ORIENTED_EDGE ( 'NONE', *, *, #2757, .T. ) ;
#972 = EDGE_CURVE ( 'NONE', #2123, #540, #3310, .T. ) ;
#973 = CARTESIAN_POINT ( 'NONE',  ( 42.64999999996616964, -2.579802170216193957, -1.800000000000000044 ) ) ;
#974 = AXIS2_PLACEMENT_3D ( 'NONE', #4058, #2568, #3653 ) ;
#975 = CARTESIAN_POINT ( 'NONE',  ( -1.800000000000000266, 0.09999999999999999167, 34.24999999999941025 ) ) ;
#976 = PLANE ( 'NONE',  #4652 ) ;
#977 = ORIENTED_EDGE ( 'NONE', *, *, #2194, .F. ) ;
#978 = LINE ( 'NONE', #1934, #3594 ) ;
#979 = ORIENTED_EDGE ( 'NONE', *, *, #464, .F. ) ;
#980 = CARTESIAN_POINT ( 'NONE',  ( 0.000000000000000000, 0.1000000000000000056, 0.000000000000000000 ) ) ;
#981 = VERTEX_POINT ( 'NONE', #1954 ) ;
#982 = AXIS2_PLACEMENT_3D ( 'NONE', #123, #1957, #2729 ) ;
#983 = VECTOR ( 'NONE', #4482, 1000.000000000000000 ) ;
#984 = EDGE_CURVE ( 'NONE', #2982, #3642, #146, .T. ) ;
#985 = CIRCLE ( 'NONE', #137, 0.6500000000001573408 ) ;
#986 = ORIENTED_EDGE ( 'NONE', *, *, #184, .T. ) ;
#987 = DIRECTION ( 'NONE',  ( -1.400000000000000345E-14, -1.000000000000000000, 9.999999999999999988E-15 ) ) ;
#988 = DIRECTION ( 'NONE',  ( -1.000000000000000000, -0.000000000000000000, -0.000000000000000000 ) ) ;
#989 = AXIS2_PLACEMENT_3D ( 'NONE', #4531, #6, #3729 ) ;
#990 = EDGE_LOOP ( 'NONE', ( #4468, #1466, #53, #3363 ) ) ;
#991 = ADVANCED_FACE ( 'NONE', ( #1084 ), #2446, .F. ) ;
#992 = CARTESIAN_POINT ( 'NONE',  ( 0.000000000000000000, 1.449999999999999956, 0.000000000000000000 ) ) ;
#993 = ORIENTED_EDGE ( 'NONE', *, *, #1563, .T. ) ;
#994 = ORIENTED_EDGE ( 'NONE', *, *, #2240, .F. ) ;
#995 = DIRECTION ( 'NONE',  ( 0.000000000000000000, -0.000000000000000000, 1.000000000000000000 ) ) ;
#996 = EDGE_CURVE ( 'NONE', #3784, #2180, #3589, .T. ) ;
#997 = VECTOR ( 'NONE', #2184, 1000.000000000000000 ) ;
#998 = ADVANCED_FACE ( 'NONE', ( #3469 ), #537, .T. ) ;
#999 = ORIENTED_EDGE ( 'NONE', *, *, #1641, .T. ) ;
#1000 = VERTEX_POINT ( 'NONE', #3131 ) ;
#1001 = LINE ( 'NONE', #520, #1298 ) ;
#1002 = CARTESIAN_POINT ( 'NONE',  ( 70.40000000000000568, -3.000000000000000000, -1.000000000000000000 ) ) ;
#1003 = FACE_OUTER_BOUND ( 'NONE', #2662, .T. ) ;
#1004 = EDGE_CURVE ( 'NONE', #3749, #1006, #613, .T. ) ;
#1005 = CARTESIAN_POINT ( 'NONE',  ( 88.40000000000000568, 2.700000000000001066, -2.168404344971008868E-16 ) ) ;
#1006 = VERTEX_POINT ( 'NONE', #3493 ) ;
#1007 = ORIENTED_EDGE ( 'NONE', *, *, #996, .F. ) ;
#1008 = CARTESIAN_POINT ( 'NONE',  ( 0.000000000000000000, 0.000000000000000000, -1.800000000000000044 ) ) ;
#1009 = LINE ( 'NONE', #879, #2204 ) ;
#1010 = VECTOR ( 'NONE', #608, 1000.000000000000000 ) ;
#1011 = PLANE ( 'NONE',  #4508 ) ;
#1012 = ADVANCED_FACE ( 'NONE', ( #3134 ), #3361, .T. ) ;
#1013 = CARTESIAN_POINT ( 'NONE',  ( 88.00000000000002842, 4.299999999999992717, 57.79999999999999716 ) ) ;
#1014 = LINE ( 'NONE', #3724, #3454 ) ;
#1015 = ORIENTED_EDGE ( 'NONE', *, *, #2494, .T. ) ;
#1016 = CARTESIAN_POINT ( 'NONE',  ( 70.00000000000000000, 1.449999999999999956, -1.052121783275130338E-16 ) ) ;
#1017 = VECTOR ( 'NONE', #3941, 1000.000000000000000 ) ;
#1018 = ORIENTED_EDGE ( 'NONE', *, *, #4611, .T. ) ;
#1019 = CARTESIAN_POINT ( 'NONE',  ( 85.35238905609008953, 4.032235660734746041, 54.73223566073474444 ) ) ;
#1020 = EDGE_CURVE ( 'NONE', #1325, #2022, #3969, .T. ) ;
#1021 = ORIENTED_EDGE ( 'NONE', *, *, #144, .T. ) ;
#1022 = DIRECTION ( 'NONE',  ( 0.000000000000000000, 0.000000000000000000, -1.000000000000000000 ) ) ;
#1023 = CARTESIAN_POINT ( 'NONE',  ( 1.799999999999999156, 1.449999999999999956, 8.000000000000000000 ) ) ;
#1024 = VERTEX_POINT ( 'NONE', #2546 ) ;
#1025 = CONICAL_SURFACE ( 'NONE', #3898, 5.999999999999991118, 0.7853981633974548293 ) ;
#1026 = EDGE_CURVE ( 'NONE', #3309, #4599, #2874, .T. ) ;
#1027 = ORIENTED_EDGE ( 'NONE', *, *, #3312, .T. ) ;
#1028 = CARTESIAN_POINT ( 'NONE',  ( 4.000000000000000888, 0.1999999999999999833, 0.000000000000000000 ) ) ;
#1029 = VECTOR ( 'NONE', #1022, 1000.000000000000000 ) ;
#1030 = ORIENTED_EDGE ( 'NONE', *, *, #83, .F. ) ;
#1031 = EDGE_CURVE ( 'NONE', #694, #576, #3467, .T. ) ;
#1032 = LINE ( 'NONE', #4779, #3773 ) ;
#1033 = DIRECTION ( 'NONE',  ( -0.7257049794373309215, 0.6880060194648467409, 3.279809517474164440E-15 ) ) ;
#1034 = AXIS2_PLACEMENT_3D ( 'NONE', #1008, #270, #656 ) ;
#1035 = FILL_AREA_STYLE_COLOUR ( '', #2737 ) ;
#1036 = VERTEX_POINT ( 'NONE', #1790 ) ;
#1037 = CARTESIAN_POINT ( 'NONE',  ( 4.800000000000000711, 2.700000000000000178, 5.000000000000000000 ) ) ;
#1038 = FACE_OUTER_BOUND ( 'NONE', #3592, .T. ) ;
#1040 = EDGE_LOOP ( 'NONE', ( #4646, #4829, #4666, #803 ) ) ;
#1039 = ORIENTED_EDGE ( 'NONE', *, *, #2059, .T. ) ;
#1041 = VECTOR ( 'NONE', #4799, 1000.000000000000000 ) ;
#1042 = CARTESIAN_POINT ( 'NONE',  ( 14.39999999999999680, -8.300000000000000711, 57.80000000000000426 ) ) ;
#1043 = FACE_OUTER_BOUND ( 'NONE', #514, .T. ) ;
#1044 = ORIENTED_EDGE ( 'NONE', *, *, #2937, .T. ) ;
#1045 = AXIS2_PLACEMENT_3D ( 'NONE', #4560, #2711, #1184 ) ;
#1046 = DIRECTION ( 'NONE',  ( -1.000000000000000000, 0.000000000000000000, 2.312964634635730276E-14 ) ) ;
#1047 = VECTOR ( 'NONE', #4382, 1000.000000000000000 ) ;
#1048 = DIRECTION ( 'NONE',  ( -1.463672932855430986E-16, -0.000000000000000000, -1.000000000000000000 ) ) ;
#1049 = CARTESIAN_POINT ( 'NONE',  ( 86.79999999999999716, 0.1000000000000000056, 2.150000000000471534 ) ) ;
#1050 = ORIENTED_EDGE ( 'NONE', *, *, #2412, .T. ) ;
#1051 = ORIENTED_EDGE ( 'NONE', *, *, #1810, .F. ) ;
#1052 = CYLINDRICAL_SURFACE ( 'NONE', #2632, 1.700000000000000178 ) ;
#1053 = LINE ( 'NONE', #2659, #2598 ) ;
#1054 = LINE ( 'NONE', #2536, #997 ) ;
#1055 = VERTEX_POINT ( 'NONE', #2952 ) ;
#1056 = DIRECTION ( 'NONE',  ( 0.000000000000000000, 1.000000000000000000, 0.000000000000000000 ) ) ;
#1057 = EDGE_CURVE ( 'NONE', #3723, #2533, #4598, .T. ) ;
#1058 = EDGE_LOOP ( 'NONE', ( #4629, #834, #2609, #3057 ) ) ;
#1059 = ORIENTED_EDGE ( 'NONE', *, *, #4018, .F. ) ;
#1060 = DIRECTION ( 'NONE',  ( 1.000000000000000000, -1.400000000000014387E-14, -1.399999999999985673E-14 ) ) ;
#1061 = CARTESIAN_POINT ( 'NONE',  ( 56.19999999999998863, -11.40000000000000568, -1.000000000000000000 ) ) ;
#1062 = CARTESIAN_POINT ( 'NONE',  ( 70.60000000000000853, 0.1000000000000000056, 57.00000000000000000 ) ) ;
#1063 = PLANE ( 'NONE',  #2538 ) ;
#1064 = DIRECTION ( 'NONE',  ( -0.000000000000000000, -1.000000000000000000, -0.000000000000000000 ) ) ;
#1065 = VECTOR ( 'NONE', #39, 1000.000000000000000 ) ;
#1066 = EDGE_CURVE ( 'NONE', #4081, #367, #3705, .T. ) ;
#1067 = AXIS2_PLACEMENT_3D ( 'NONE', #942, #1087, #4109 ) ;
#1068 = ORIENTED_EDGE ( 'NONE', *, *, #2105, .F. ) ;
#1069 = CARTESIAN_POINT ( 'NONE',  ( 70.40000000000000568, -3.000000000000000000, -1.800000000000000044 ) ) ;
#1070 = LINE ( 'NONE', #2089, #3819 ) ;
#1071 = ORIENTED_EDGE ( 'NONE', *, *, #556, .T. ) ;
#1072 = FACE_OUTER_BOUND ( 'NONE', #397, .T. ) ;
#1073 = VECTOR ( 'NONE', #439, 1000.000000000000000 ) ;
#1074 = EDGE_CURVE ( 'NONE', #4564, #1761, #2738, .T. ) ;
#1075 = VERTEX_POINT ( 'NONE', #2189 ) ;
#1076 = VERTEX_POINT ( 'NONE', #1390 ) ;
#1077 = LINE ( 'NONE', #3183, #663 ) ;
#1078 = DIRECTION ( 'NONE',  ( -1.000000000000000000, -1.175640909924040626E-16, 0.000000000000000000 ) ) ;
#1079 = ORIENTED_EDGE ( 'NONE', *, *, #4241, .F. ) ;
#1080 = CARTESIAN_POINT ( 'NONE',  ( 22.34999999999957154, -2.579802170215917734, -0.1999999999999999833 ) ) ;
#1081 = ORIENTED_EDGE ( 'NONE', *, *, #464, .T. ) ;
#1082 = EDGE_CURVE ( 'NONE', #836, #1392, #669, .T. ) ;
#1084 = FACE_OUTER_BOUND ( 'NONE', #625, .T. ) ;
#1083 = VECTOR ( 'NONE', #167, 1000.000000000000000 ) ;
#1085 = DIRECTION ( 'NONE',  ( 0.000000000000000000, 0.000000000000000000, 1.000000000000000000 ) ) ;
#1086 = VERTEX_POINT ( 'NONE', #616 ) ;
#1087 = DIRECTION ( 'NONE',  ( 0.7071067811865464625, -2.035908271114856540E-16, 0.7071067811865486830 ) ) ;
#1088 = VERTEX_POINT ( 'NONE', #2922 ) ;
#1089 = VERTEX_POINT ( 'NONE', #3649 ) ;
#1090 = DIRECTION ( 'NONE',  ( 0.000000000000000000, -1.000000000000000000, 0.000000000000000000 ) ) ;
#1091 = EDGE_CURVE ( 'NONE', #3549, #2045, #549, .T. ) ;
#1092 = ORIENTED_EDGE ( 'NONE', *, *, #2488, .T. ) ;
#1093 = CARTESIAN_POINT ( 'NONE',  ( 4.800000000000000711, 2.700000000000000178, 3.400000000000000355 ) ) ;
#1094 = CARTESIAN_POINT ( 'NONE',  ( 2.399999999999999467, -10.10000000000001918, 57.39999999999999858 ) ) ;
#1095 = FACE_OUTER_BOUND ( 'NONE', #415, .T. ) ;
#1096 = ORIENTED_EDGE ( 'NONE', *, *, #2272, .T. ) ;
#1097 = EDGE_CURVE ( 'NONE', #2279, #2956, #2972, .T. ) ;
#1098 = AXIS2_PLACEMENT_3D ( 'NONE', #2234, #4506, #2964 ) ;
#1099 = CARTESIAN_POINT ( 'NONE',  ( 86.20000000000000284, 1.449999999999999956, 48.00000000000000000 ) ) ;
#1100 = ORIENTED_EDGE ( 'NONE', *, *, #3853, .F. ) ;
#1101 = FACE_OUTER_BOUND ( 'NONE', #2306, .T. ) ;
#1102 = PRODUCT_DEFINITION ( 'UNKNOWN', '', #1880, #1439 ) ;
#1103 = ORIENTED_EDGE ( 'NONE', *, *, #703, .F. ) ;
#1104 = CARTESIAN_POINT ( 'NONE',  ( 22.52829176336527439, -2.132598257563794952, -0.1999999999999999833 ) ) ;
#1105 = ORIENTED_EDGE ( 'NONE', *, *, #1178, .T. ) ;
#1106 = FACE_OUTER_BOUND ( 'NONE', #3622, .T. ) ;
#1107 = CARTESIAN_POINT ( 'NONE',  ( 79.80000000000001137, 2.700000000000000178, 1.800000237999992869 ) ) ;
#1108 = EDGE_LOOP ( 'NONE', ( #4165, #4594, #1141, #2486 ) ) ;
#1109 = DIRECTION ( 'NONE',  ( -0.000000000000000000, 1.157511216176695077E-16, -1.000000000000000000 ) ) ;
#1110 = ORIENTED_EDGE ( 'NONE', *, *, #2043, .T. ) ;
#1111 = EDGE_LOOP ( 'NONE', ( #2408, #1970, #3621, #670 ) ) ;
#1112 = VERTEX_POINT ( 'NONE', #2999 ) ;
#1113 = LINE ( 'NONE', #3385, #1245 ) ;
#1114 = DIRECTION ( 'NONE',  ( 1.000000000000000000, 1.240954293808709933E-16, -0.000000000000000000 ) ) ;
#1115 = LINE ( 'NONE', #2742, #2429 ) ;
#1116 = EDGE_CURVE ( 'NONE', #3902, #4637, #208, .T. ) ;
#1118 = ORIENTED_EDGE ( 'NONE', *, *, #4466, .F. ) ;
#1117 = ORIENTED_EDGE ( 'NONE', *, *, #3646, .F. ) ;
#1119 = CARTESIAN_POINT ( 'NONE',  ( 82.80000000000001137, 4.299999999999999822, 4.799999999999999822 ) ) ;
#1120 = LINE ( 'NONE', #1897, #3111 ) ;
#1121 = ORIENTED_EDGE ( 'NONE', *, *, #4175, .T. ) ;
#1122 = VECTOR ( 'NONE', #1989, 1000.000000000000000 ) ;
#1123 = CIRCLE ( 'NONE', #3153, 0.6499999999999978018 ) ;
#1124 = EDGE_CURVE ( 'NONE', #1086, #1434, #779, .T. ) ;
#1125 = AXIS2_PLACEMENT_3D ( 'NONE', #691, #4450, #2968 ) ;
#1126 = DIRECTION ( 'NONE',  ( -0.7071067811865536790, -0.7071067811865414665, 0.000000000000000000 ) ) ;
#1127 = VERTEX_POINT ( 'NONE', #3686 ) ;
#1128 = VECTOR ( 'NONE', #708, 1000.000000000000000 ) ;
#1129 = ORIENTED_EDGE ( 'NONE', *, *, #3047, .T. ) ;
#1130 = DIRECTION ( 'NONE',  ( 1.000000000000000000, 0.000000000000000000, -0.000000000000000000 ) ) ;
#1131 = DIRECTION ( 'NONE',  ( -1.000000000000000000, 0.000000000000000000, 0.000000000000000000 ) ) ;
#1132 = EDGE_CURVE ( 'NONE', #50, #4360, #2868, .T. ) ;
#1133 = VERTEX_POINT ( 'NONE', #3856 ) ;
#1134 = FACE_OUTER_BOUND ( 'NONE', #3038, .T. ) ;
#1135 = DIRECTION ( 'NONE',  ( -0.4999999999999946154, -0.7071067811865536790, 0.4999999999999967804 ) ) ;
#1136 = AXIS2_PLACEMENT_3D ( 'NONE', #1334, #4310, #3158 ) ;
#1138 = CYLINDRICAL_SURFACE ( 'NONE', #4272, 0.6500000000000221156 ) ;
#1137 = LINE ( 'NONE', #3541, #1979 ) ;
#1139 = ORIENTED_EDGE ( 'NONE', *, *, #2625, .T. ) ;
#1140 = CARTESIAN_POINT ( 'NONE',  ( 86.20000095400001783, 3.500000000000017764, 7.000000237999993935 ) ) ;
#1141 = ORIENTED_EDGE ( 'NONE', *, *, #3319, .F. ) ;
#1142 = LINE ( 'NONE', #2645, #148 ) ;
#1143 = DIRECTION ( 'NONE',  ( 0.000000000000000000, 1.000000000000000000, 0.000000000000000000 ) ) ;
#1144 = EDGE_CURVE ( 'NONE', #3434, #367, #3073, .T. ) ;
#1145 = ORIENTED_EDGE ( 'NONE', *, *, #4208, .T. ) ;
#1146 = CARTESIAN_POINT ( 'NONE',  ( 42.64999999996616964, -3.000000000000003553, -1.800000000000000044 ) ) ;
#1147 = VECTOR ( 'NONE', #527, 1000.000000000000000 ) ;
#1148 = DIRECTION ( 'NONE',  ( 1.399999999999985673E-14, 1.737336011332175954E-30, 1.000000000000000000 ) ) ;
#1149 = ORIENTED_EDGE ( 'NONE', *, *, #1667, .F. ) ;
#1150 = EDGE_CURVE ( 'NONE', #3902, #4767, #1744, .T. ) ;
#1151 = VECTOR ( 'NONE', #2262, 1000.000000000000000 ) ;
#1152 = AXIS2_PLACEMENT_3D ( 'NONE', #3850, #475, #3884 ) ;
#1153 = CARTESIAN_POINT ( 'NONE',  ( 72.84585398147430624, 4.299999999999990052, 78.17722483137268341 ) ) ;
#1154 = VECTOR ( 'NONE', #477, 1000.000000000000114 ) ;
#1155 = DIRECTION ( 'NONE',  ( 1.000000000000000000, 0.000000000000000000, 0.000000000000000000 ) ) ;
#1156 = LINE ( 'NONE', #1410, #570 ) ;
#1157 = LINE ( 'NONE', #3124, #2062 ) ;
#1158 = CARTESIAN_POINT ( 'NONE',  ( 54.59999999999999432, -3.000000000000002220, -1.800000000000000044 ) ) ;
#1159 = ORIENTED_EDGE ( 'NONE', *, *, #1832, .F. ) ;
#1160 = DIRECTION ( 'NONE',  ( 1.000000000000000000, 0.000000000000000000, 0.000000000000000000 ) ) ;
#1161 = CARTESIAN_POINT ( 'NONE',  ( -1.800000000000000266, 4.299999999999998934, 8.400000000000000355 ) ) ;
#1162 = ORIENTED_EDGE ( 'NONE', *, *, #1091, .T. ) ;
#1163 = FACE_OUTER_BOUND ( 'NONE', #3490, .T. ) ;
#1164 = LINE ( 'NONE', #792, #2839 ) ;
#1165 = LINE ( 'NONE', #4155, #176 ) ;
#1166 = ORIENTED_EDGE ( 'NONE', *, *, #4232, .F. ) ;
#1167 = CARTESIAN_POINT ( 'NONE',  ( 85.09878126038384494, 2.699999999999994404, 54.19999999999999574 ) ) ;
#1168 = LINE ( 'NONE', #3931, #4706 ) ;
#1169 = LINE ( 'NONE', #2056, #1662 ) ;
#1170 = ORIENTED_EDGE ( 'NONE', *, *, #2669, .F. ) ;
#1171 = EDGE_CURVE ( 'NONE', #1976, #1176, #4669, .T. ) ;
#1172 = DIRECTION ( 'NONE',  ( 0.000000000000000000, -0.000000000000000000, 1.000000000000000000 ) ) ;
#1173 = CARTESIAN_POINT ( 'NONE',  ( 80.40000000000000568, 2.700000000000000178, 54.19999999999999574 ) ) ;
#1174 = EDGE_LOOP ( 'NONE', ( #2269, #3663, #3518, #2719 ) ) ;
#1175 = VECTOR ( 'NONE', #4451, 1000.000000000000000 ) ;
#1176 = VERTEX_POINT ( 'NONE', #2744 ) ;
#1177 = ORIENTED_EDGE ( 'NONE', *, *, #2247, .T. ) ;
#1178 = EDGE_CURVE ( 'NONE', #2353, #961, #80, .T. ) ;
#1179 = ORIENTED_EDGE ( 'NONE', *, *, #4493, .T. ) ;
#1180 = CARTESIAN_POINT ( 'NONE',  ( -1.000000000000000000, 0.1000000000000002554, 1.800000000000000266 ) ) ;
#1181 = VECTOR ( 'NONE', #1806, 1000.000000000000000 ) ;
#1182 = ORIENTED_EDGE ( 'NONE', *, *, #3738, .T. ) ;
#1183 = LINE ( 'NONE', #1192, #4076 ) ;
#1184 = DIRECTION ( 'NONE',  ( -1.000000000000000000, 0.000000000000000000, -0.000000000000000000 ) ) ;
#1185 = CARTESIAN_POINT ( 'NONE',  ( -1.000000000000000000, -5.279878463368307351, 1.800000000000000488 ) ) ;
#1186 = EDGE_CURVE ( 'NONE', #2392, #3799, #2450, .T. ) ;
#1187 = AXIS2_PLACEMENT_3D ( 'NONE', #166, #3079, #4661 ) ;
#1188 = PLANE ( 'NONE',  #3722 ) ;
#1189 = ORIENTED_EDGE ( 'NONE', *, *, #4089, .T. ) ;
#1190 = VECTOR ( 'NONE', #3350, 1000.000000000000000 ) ;
#1191 = VERTEX_POINT ( 'NONE', #4289 ) ;
#1192 = CARTESIAN_POINT ( 'NONE',  ( 68.19999999999998863, -13.20000000000001172, -1.000000000000000000 ) ) ;
#1193 = CARTESIAN_POINT ( 'NONE',  ( -1.800000000000000266, 0.09999999999999939493, 0.000000000000000000 ) ) ;
#1194 = DIRECTION ( 'NONE',  ( 0.000000000000000000, 0.000000000000000000, -1.000000000000000000 ) ) ;
#1195 = VECTOR ( 'NONE', #648, 1000.000000000000000 ) ;
#1196 = CARTESIAN_POINT ( 'NONE',  ( 0.000000000000000000, 0.1000000000000000056, 57.00000000000000000 ) ) ;
#1197 = VERTEX_POINT ( 'NONE', #3218 ) ;
#1198 = ORIENTED_EDGE ( 'NONE', *, *, #2948, .T. ) ;
#1199 = CARTESIAN_POINT ( 'NONE',  ( -1.800000000000000266, 0.09999999999999993616, 34.24999999999941025 ) ) ;
#1200 = CARTESIAN_POINT ( 'NONE',  ( 6.329999999999551541, -2.749999999999786393, -1.189999999999439728 ) ) ;
#1202 = VECTOR ( 'NONE', #2330, 1000.000000000000000 ) ;
#1201 = COLOUR_RGB ( '',0.7921568627450980005, 0.8196078431372548767, 0.9333333333333333481 ) ;
#1203 = ORIENTED_EDGE ( 'NONE', *, *, #129, .T. ) ;
#1204 = ORIENTED_EDGE ( 'NONE', *, *, #2433, .T. ) ;
#1205 = DIRECTION ( 'NONE',  ( -0.000000000000000000, 0.000000000000000000, -1.000000000000000000 ) ) ;
#1206 = CARTESIAN_POINT ( 'NONE',  ( 54.59999999999999432, -13.20000000000001172, -1.800000000000000044 ) ) ;
#1207 = ORIENTED_EDGE ( 'NONE', *, *, #1942, .T. ) ;
#1208 = CARTESIAN_POINT ( 'NONE',  ( 1.800000000000000044, -1.420000000000264828, 21.69999999999940599 ) ) ;
#1209 = ORIENTED_EDGE ( 'NONE', *, *, #2343, .F. ) ;
#1210 = ADVANCED_FACE ( 'NONE', ( #142 ), #154, .F. ) ;
#1211 = DIRECTION ( 'NONE',  ( 0.000000000000000000, -0.000000000000000000, 1.000000000000000000 ) ) ;
#1212 = CARTESIAN_POINT ( 'NONE',  ( 88.40000000000000568, -1.399999999999999911, 2.150000000000471090 ) ) ;
#1213 = EDGE_CURVE ( 'NONE', #4637, #3101, #2103, .T. ) ;
#1214 = ORIENTED_EDGE ( 'NONE', *, *, #2996, .F. ) ;
#1215 = PLANE ( 'NONE',  #1740 ) ;
#1216 = DIRECTION ( 'NONE',  ( 0.000000000000000000, -1.157511216176695077E-16, 1.000000000000000000 ) ) ;
#1218 = ORIENTED_EDGE ( 'NONE', *, *, #3429, .T. ) ;
#1217 = ORIENTED_EDGE ( 'NONE', *, *, #3964, .T. ) ;
#1219 = EDGE_CURVE ( 'NONE', #241, #4399, #1077, .T. ) ;
#1220 = AXIS2_PLACEMENT_3D ( 'NONE', #591, #1624, #551 ) ;
#1221 = CARTESIAN_POINT ( 'NONE',  ( 79.80000000000001137, 4.299999999999999822, 4.799999999999999822 ) ) ;
#1222 = FACE_OUTER_BOUND ( 'NONE', #2544, .T. ) ;
#1223 = ORIENTED_EDGE ( 'NONE', *, *, #767, .T. ) ;
#1224 = VECTOR ( 'NONE', #1963, 1000.000000000000000 ) ;
#1225 = CARTESIAN_POINT ( 'NONE',  ( 25.00000000000000000, 2.700000000000000178, 53.19999999999999574 ) ) ;
#1226 = CARTESIAN_POINT ( 'NONE',  ( -1.800000000000000266, -1.652666016947198403E-14, 57.39999999999999858 ) ) ;
#1227 = LINE ( 'NONE', #4421, #808 ) ;
#1229 = ORIENTED_EDGE ( 'NONE', *, *, #4822, .F. ) ;
#1228 = ORIENTED_EDGE ( 'NONE', *, *, #2595, .F. ) ;
#1230 = ORIENTED_EDGE ( 'NONE', *, *, #3066, .F. ) ;
#1231 = EDGE_CURVE ( 'NONE', #1658, #4333, #4079, .T. ) ;
#1232 = ORIENTED_EDGE ( 'NONE', *, *, #4877, .T. ) ;
#1233 = DIRECTION ( 'NONE',  ( 0.000000000000000000, -1.000000000000000000, 0.000000000000000000 ) ) ;
#1234 = CARTESIAN_POINT ( 'NONE',  ( 151.0230788128466202, 2.700000000000001066, -2.168404344971008868E-16 ) ) ;
#1235 = ADVANCED_FACE ( 'NONE', ( #1803 ), #207, .T. ) ;
#1236 = DIRECTION ( 'NONE',  ( 0.000000000000000000, 1.000000000000000000, 0.000000000000000000 ) ) ;
#1237 = CARTESIAN_POINT ( 'NONE',  ( 66.59999999999999432, -11.40000000000000568, -1.800000000000000044 ) ) ;
#1238 = AXIS2_PLACEMENT_3D ( 'NONE', #282, #4771, #4401 ) ;
#1239 = VECTOR ( 'NONE', #618, 1000.000000000000000 ) ;
#1240 = VERTEX_POINT ( 'NONE', #2867 ) ;
#1241 = LINE ( 'NONE', #206, #122 ) ;
#1242 = EDGE_LOOP ( 'NONE', ( #3833, #1121, #2368, #4759, #748, #3715, #1516, #4263, #488, #239, #3742, #4221 ) ) ;
#1243 = DIRECTION ( 'NONE',  ( 0.000000000000000000, 0.000000000000000000, 1.000000000000000000 ) ) ;
#1244 = CARTESIAN_POINT ( 'NONE',  ( 82.80000000000001137, 2.700000000000000178, 1.799999999999999600 ) ) ;
#1245 = VECTOR ( 'NONE', #1545, 1000.000000000000000 ) ;
#1246 = ORIENTED_EDGE ( 'NONE', *, *, #1186, .F. ) ;
#1247 = LINE ( 'NONE', #4612, #4126 ) ;
#1248 = EDGE_CURVE ( 'NONE', #3723, #4624, #2921, .T. ) ;
#1249 = DIRECTION ( 'NONE',  ( 0.000000000000000000, -1.000000000000000000, -1.200500675416475525E-16 ) ) ;
#1250 = VECTOR ( 'NONE', #174, 1000.000000000000000 ) ;
#1251 = ORIENTED_EDGE ( 'NONE', *, *, #1427, .F. ) ;
#1252 = CARTESIAN_POINT ( 'NONE',  ( 86.79999999999999716, 0.1000000000000000056, 21.49999999999971934 ) ) ;
#1253 = DIRECTION ( 'NONE',  ( 0.000000000000000000, -0.000000000000000000, 1.000000000000000000 ) ) ;
#1254 = EDGE_CURVE ( 'NONE', #2665, #3514, #4023, .T. ) ;
#1255 = DIRECTION ( 'NONE',  ( 0.000000000000000000, 0.000000000000000000, 1.000000000000000000 ) ) ;
#1256 = CARTESIAN_POINT ( 'NONE',  ( 37.04448777176147445, -1.900000000000035438, -0.9999999999998768763 ) ) ;
#1257 = DIRECTION ( 'NONE',  ( 0.000000000000000000, 1.000000000000000000, 0.000000000000000000 ) ) ;
#1258 = FACE_OUTER_BOUND ( 'NONE', #4398, .T. ) ;
#1259 = ADVANCED_FACE ( 'NONE', ( #1258 ), #2038, .F. ) ;
#1260 = ORIENTED_EDGE ( 'NONE', *, *, #2371, .F. ) ;
#1261 = LINE ( 'NONE', #3442, #1202 ) ;
#1262 = PLANE ( 'NONE',  #4690 ) ;
#1263 = ORIENTED_EDGE ( 'NONE', *, *, #1389, .T. ) ;
#1264 = DIRECTION ( 'NONE',  ( -1.000000000000000000, 0.000000000000000000, 1.401122807519733577E-14 ) ) ;
#1265 = CARTESIAN_POINT ( 'NONE',  ( 23.17277953512708422, -1.452796087347580922, -1.800000000000000044 ) ) ;
#1266 = CARTESIAN_POINT ( 'NONE',  ( 82.60000000000000853, 4.300000000000001599, 57.00000000000000000 ) ) ;
#1267 = VERTEX_POINT ( 'NONE', #935 ) ;
#1268 = DIRECTION ( 'NONE',  ( 0.000000000000000000, 1.000000000000000000, 0.000000000000000000 ) ) ;
#1269 = ORIENTED_EDGE ( 'NONE', *, *, #1326, .T. ) ;
#1270 = PLANE ( 'NONE',  #3893 ) ;
#1271 = DIRECTION ( 'NONE',  ( -1.399999999999987250E-14, -1.737336011332177706E-30, -1.000000000000000000 ) ) ;
#1273 = LINE ( 'NONE', #2639, #3412 ) ;
#1272 = LINE ( 'NONE', #1296, #155 ) ;
#1274 = ORIENTED_EDGE ( 'NONE', *, *, #4171, .T. ) ;
#1275 = DIRECTION ( 'NONE',  ( -1.000000000000000000, 8.006416042967941212E-15, 0.000000000000000000 ) ) ;
#1276 = CARTESIAN_POINT ( 'NONE',  ( 3.999999999999996447, 4.299999999999993605, -1.800000000000000044 ) ) ;
#1277 = CARTESIAN_POINT ( 'NONE',  ( 81.00000095400000077, 2.400000000000000355, 51.00000000000000000 ) ) ;
#1278 = VECTOR ( 'NONE', #2760, 1000.000000000000000 ) ;
#1279 = EDGE_CURVE ( 'NONE', #3794, #3971, #2320, .T. ) ;
#1280 = ORIENTED_EDGE ( 'NONE', *, *, #2967, .T. ) ;
#1281 = VECTOR ( 'NONE', #3031, 1000.000000000000000 ) ;
#1282 = LINE ( 'NONE', #3440, #915 ) ;
#1284 = VERTEX_POINT ( 'NONE', #3527 ) ;
#1283 = VERTEX_POINT ( 'NONE', #4306 ) ;
#1285 = DIRECTION ( 'NONE',  ( -1.399999999999985673E-14, -1.737336011332175954E-30, -1.000000000000000000 ) ) ;
#1286 = EDGE_CURVE ( 'NONE', #2353, #1401, #3187, .T. ) ;
#1287 = CARTESIAN_POINT ( 'NONE',  ( -1.800000000000000266, 2.779999999999734683, 21.69999999999940599 ) ) ;
#1288 = ADVANCED_FACE ( 'NONE', ( #1447 ), #4485, .T. ) ;
#1289 = DIRECTION ( 'NONE',  ( 0.000000000000000000, 1.000000000000000000, 2.879209088758185681E-16 ) ) ;
#1290 = VECTOR ( 'NONE', #4660, 1000.000000000000000 ) ;
#1291 = LINE ( 'NONE', #1918, #4821 ) ;
#1292 = EDGE_CURVE ( 'NONE', #2378, #1300, #409, .T. ) ;
#1293 = EDGE_LOOP ( 'NONE', ( #4619, #2526, #4518, #2205, #1593, #2772, #1788, #267 ) ) ;
#1294 = VERTEX_POINT ( 'NONE', #2990 ) ;
#1295 = ORIENTED_EDGE ( 'NONE', *, *, #679, .T. ) ;
#1296 = CARTESIAN_POINT ( 'NONE',  ( 4.000000000000000888, -3.000000000000000000, -0.2000000000000000111 ) ) ;
#1297 = CARTESIAN_POINT ( 'NONE',  ( 86.79999999999999716, 2.699999999999995293, 47.99999999999998579 ) ) ;
#1298 = VECTOR ( 'NONE', #4586, 1000.000000000000000 ) ;
#1299 = ADVANCED_FACE ( 'NONE', ( #4311 ), #1459, .F. ) ;
#1301 = ORIENTED_EDGE ( 'NONE', *, *, #48, .F. ) ;
#1300 = VERTEX_POINT ( 'NONE', #4075 ) ;
#1302 = AXIS2_PLACEMENT_3D ( 'NONE', #1256, #4308, #918 ) ;
#1303 = DIRECTION ( 'NONE',  ( -0.000000000000000000, 0.000000000000000000, 1.000000000000000000 ) ) ;
#1304 = DIRECTION ( 'NONE',  ( 0.000000000000000000, -1.000000000000000000, -1.200500675416475525E-16 ) ) ;
#1305 = VERTEX_POINT ( 'NONE', #2287 ) ;
#1306 = LINE ( 'NONE', #3443, #3445 ) ;
#1307 = DIRECTION ( 'NONE',  ( -0.000000000000000000, -0.000000000000000000, -1.000000000000000000 ) ) ;
#1308 = DIRECTION ( 'NONE',  ( 0.000000000000000000, -1.000000000000000000, 0.000000000000000000 ) ) ;
#1309 = EDGE_LOOP ( 'NONE', ( #3432, #4798, #318, #1051, #2681, #2672, #2534 ) ) ;
#1310 = DIRECTION ( 'NONE',  ( 0.000000000000000000, 1.157511216176695077E-16, -1.000000000000000000 ) ) ;
#1311 = DIRECTION ( 'NONE',  ( 1.000000000000000000, 1.240954293808709686E-16, 0.000000000000000000 ) ) ;
#1312 = CARTESIAN_POINT ( 'NONE',  ( 7.000000000000006217, 2.699999999999994404, 56.19999999999999574 ) ) ;
#1313 = CARTESIAN_POINT ( 'NONE',  ( 88.40000000000000568, 0.000000000000000000, 0.000000000000000000 ) ) ;
#1314 = DIRECTION ( 'NONE',  ( -1.000000000000000000, 0.000000000000000000, -0.000000000000000000 ) ) ;
#1315 = VECTOR ( 'NONE', #1090, 1000.000000000000000 ) ;
#1316 = ADVANCED_FACE ( 'NONE', ( #1324 ), #725, .F. ) ;
#1317 = VECTOR ( 'NONE', #1064, 1000.000000000000000 ) ;
#1318 = EDGE_CURVE ( 'NONE', #694, #4305, #3832, .T. ) ;
#1319 = LINE ( 'NONE', #2146, #2381 ) ;
#1320 = EDGE_LOOP ( 'NONE', ( #2041, #3555, #1922, #593 ) ) ;
#1321 = CARTESIAN_POINT ( 'NONE',  ( 44.00000047700000749, 2.700000000000000178, 1.800000237999992869 ) ) ;
#1322 = CARTESIAN_POINT ( 'NONE',  ( -1.800000000000000266, 0.1000000000000000056, 0.000000000000000000 ) ) ;
#1323 = CARTESIAN_POINT ( 'NONE',  ( -0.2000000000000000111, 0.09999999999999939493, 0.000000000000000000 ) ) ;
#1324 = FACE_OUTER_BOUND ( 'NONE', #3092, .T. ) ;
#1325 = VERTEX_POINT ( 'NONE', #91 ) ;
#1326 = EDGE_CURVE ( 'NONE', #698, #3780, #960, .T. ) ;
#1327 = DIRECTION ( 'NONE',  ( 0.000000000000000000, 0.000000000000000000, 1.000000000000000000 ) ) ;
#1328 = DIRECTION ( 'NONE',  ( 0.000000000000000000, -0.000000000000000000, 1.000000000000000000 ) ) ;
#1329 = CARTESIAN_POINT ( 'NONE',  ( 0.000000000000000000, 0.1000000000000000056, 0.000000000000000000 ) ) ;
#1330 = DIRECTION ( 'NONE',  ( 0.000000000000000000, 1.445602896647342861E-16, -1.000000000000000000 ) ) ;
#1331 = VECTOR ( 'NONE', #1048, 1000.000000000000000 ) ;
#1332 = ORIENTED_EDGE ( 'NONE', *, *, #3483, .F. ) ;
#1333 = DIRECTION ( 'NONE',  ( -0.000000000000000000, 1.000000000000000000, 1.157511216176695077E-16 ) ) ;
#1334 = CARTESIAN_POINT ( 'NONE',  ( 151.0230788128466202, 4.299999999999999822, -2.168404344971008868E-16 ) ) ;
#1335 = VECTOR ( 'NONE', #3175, 1000.000000000000000 ) ;
#1336 = VERTEX_POINT ( 'NONE', #2774 ) ;
#1337 = EDGE_CURVE ( 'NONE', #2527, #497, #2271, .T. ) ;
#1338 = CARTESIAN_POINT ( 'NONE',  ( 1.800000000000001599, 2.400000000000000355, 7.000000237999993935 ) ) ;
#1339 = DIRECTION ( 'NONE',  ( 0.000000000000000000, -1.000000000000000000, -1.157511216176695077E-16 ) ) ;
#1341 = LINE ( 'NONE', #3342, #2183 ) ;
#1340 = LINE ( 'NONE', #4323, #1566 ) ;
#1342 = CARTESIAN_POINT ( 'NONE',  ( 88.40000000000000568, 0.1000000000000000056, 2.150000000000471978 ) ) ;
#1343 = CARTESIAN_POINT ( 'NONE',  ( 88.40000000000000568, 0.1000000000000000056, 57.40000000000001279 ) ) ;
#1344 = CARTESIAN_POINT ( 'NONE',  ( -1.800000000000000266, 2.779999999999737348, 3.842654393000052745E-16 ) ) ;
#1345 = ADVANCED_FACE ( 'NONE', ( #1134 ), #1377, .T. ) ;
#1346 = DIRECTION ( 'NONE',  ( 0.000000000000000000, -1.000000000000000000, 0.000000000000000000 ) ) ;
#1347 = FILL_AREA_STYLE ('',( #951 ) ) ;
#1348 = CARTESIAN_POINT ( 'NONE',  ( 23.17277953512709132, -1.452796087347581144, -0.1999999999999999833 ) ) ;
#1349 = VERTEX_POINT ( 'NONE', #3583 ) ;
#1350 = CARTESIAN_POINT ( 'NONE',  ( 151.0230788128466202, 2.700000000000001066, -2.168404344971008868E-16 ) ) ;
#1351 = CARTESIAN_POINT ( 'NONE',  ( 52.00000000000000000, 2.700000000000000178, 56.20000000000000284 ) ) ;
#1352 = EDGE_CURVE ( 'NONE', #4559, #1284, #21, .T. ) ;
#1353 = VECTOR ( 'NONE', #3818, 1000.000000000000000 ) ;
#1355 = VERTEX_POINT ( 'NONE', #1119 ) ;
#1354 = ORIENTED_EDGE ( 'NONE', *, *, #1407, .T. ) ;
#1356 = VERTEX_POINT ( 'NONE', #2140 ) ;
#1357 = DIRECTION ( 'NONE',  ( -0.000000000000000000, 0.000000000000000000, 1.000000000000000000 ) ) ;
#1358 = DIRECTION ( 'NONE',  ( 6.938893903907222067E-15, 0.000000000000000000, 1.000000000000000000 ) ) ;
#1359 = LINE ( 'NONE', #2428, #2991 ) ;
#1361 = EDGE_LOOP ( 'NONE', ( #665, #2290, #2293, #2073, #1684, #3845, #3054, #4144, #3981, #1703, #2836, #3485 ) ) ;
#1360 = VERTEX_POINT ( 'NONE', #4070 ) ;
#1362 = EDGE_CURVE ( 'NONE', #871, #2327, #1737, .T. ) ;
#1363 = ORIENTED_EDGE ( 'NONE', *, *, #4185, .F. ) ;
#1364 = CARTESIAN_POINT ( 'NONE',  ( 56.75550821540009849, -15.22345311671390355, 34.47654688328609041 ) ) ;
#1365 = VECTOR ( 'NONE', #1561, 1000.000000000000000 ) ;
#1366 = ORIENTED_EDGE ( 'NONE', *, *, #2664, .F. ) ;
#1367 = ORIENTED_EDGE ( 'NONE', *, *, #2454, .F. ) ;
#1368 = PLANE ( 'NONE',  #32 ) ;
#1369 = DIRECTION ( 'NONE',  ( -0.000000000000000000, -0.000000000000000000, 1.000000000000000000 ) ) ;
#1370 = VERTEX_POINT ( 'NONE', #3369 ) ;
#1371 = EDGE_CURVE ( 'NONE', #4343, #2337, #4789, .T. ) ;
#1372 = ORIENTED_EDGE ( 'NONE', *, *, #2165, .T. ) ;
#1373 = FACE_OUTER_BOUND ( 'NONE', #1948, .T. ) ;
#1374 = ORIENTED_EDGE ( 'NONE', *, *, #4271, .F. ) ;
#1375 = CARTESIAN_POINT ( 'NONE',  ( 15.99999999999998579, -10.10000000000001918, 57.39999999999999858 ) ) ;
#1376 = DIRECTION ( 'NONE',  ( 0.000000000000000000, -1.000000000000000000, -1.157511216176695077E-16 ) ) ;
#1377 = PLANE ( 'NONE',  #2597 ) ;
#1378 = ADVANCED_FACE ( 'NONE', ( #2030 ), #4476, .F. ) ;
#1379 = ORIENTED_EDGE ( 'NONE', *, *, #2625, .F. ) ;
#1380 = LINE ( 'NONE', #4614, #3877 ) ;
#1381 = CARTESIAN_POINT ( 'NONE',  ( 86.79999999999999716, -1.399999999999999911, 21.49999999999971934 ) ) ;
#1382 = FACE_OUTER_BOUND ( 'NONE', #1293, .T. ) ;
#1383 = CARTESIAN_POINT ( 'NONE',  ( 70.60000000000000853, -10.10000000000001918, 57.80000000000000426 ) ) ;
#1384 = LINE ( 'NONE', #1104, #2091 ) ;
#1385 = DIRECTION ( 'NONE',  ( 0.000000000000000000, -0.000000000000000000, -1.000000000000000000 ) ) ;
#1386 = DIRECTION ( 'NONE',  ( 1.000000000000000000, 0.000000000000000000, -0.000000000000000000 ) ) ;
#1387 = DIRECTION ( 'NONE',  ( 0.000000000000000000, 1.000000000000000000, 0.000000000000000000 ) ) ;
#1388 = LINE ( 'NONE', #3455, #405 ) ;
#1389 = EDGE_CURVE ( 'NONE', #1336, #2358, #471, .T. ) ;
#1390 = CARTESIAN_POINT ( 'NONE',  ( 41.82722046483866052, -1.452796087347815623, -0.1999999999999999833 ) ) ;
#1391 = DIRECTION ( 'NONE',  ( 1.000000000000000000, 0.000000000000000000, -0.000000000000000000 ) ) ;
#1392 = VERTEX_POINT ( 'NONE', #327 ) ;
#1393 = PLANE ( 'NONE',  #3431 ) ;
#1394 = VERTEX_POINT ( 'NONE', #1448 ) ;
#1395 = LINE ( 'NONE', #2463, #145 ) ;
#1396 = VERTEX_POINT ( 'NONE', #4437 ) ;
#1397 = ADVANCED_FACE ( 'NONE', ( #3890 ), #2809, .F. ) ;
#1398 = EDGE_CURVE ( 'NONE', #934, #2022, #4304, .T. ) ;
#1399 = PLANE ( 'NONE',  #1485 ) ;
#1400 = CARTESIAN_POINT ( 'NONE',  ( 8.029999999999565929, -2.749999999999799716, -0.2000000000000000944 ) ) ;
#1401 = VERTEX_POINT ( 'NONE', #2325 ) ;
#1402 = ORIENTED_EDGE ( 'NONE', *, *, #25, .T. ) ;
#1403 = FACE_OUTER_BOUND ( 'NONE', #1108, .T. ) ;
#1404 = ORIENTED_EDGE ( 'NONE', *, *, #1952, .F. ) ;
#1405 = DIRECTION ( 'NONE',  ( -0.000000000000000000, 1.000000000000000000, 1.157511216176695077E-16 ) ) ;
#1406 = AXIS2_PLACEMENT_3D ( 'NONE', #251, #633, #4005 ) ;
#1407 = EDGE_CURVE ( 'NONE', #1267, #2982, #1551, .T. ) ;
#1408 = VECTOR ( 'NONE', #4186, 1000.000000000000000 ) ;
#1409 = EDGE_LOOP ( 'NONE', ( #3615, #4038, #82, #3876, #4551, #4095, #4563, #3613, #1367, #4510, #2139, #1039, #2291, #1433, #472, #3934, #2793, #761, #3967, #3657, #3026, #1374, #3604, #2705, #994, #4111 ) ) ;
#1410 = CARTESIAN_POINT ( 'NONE',  ( 8.029999999999574811, -1.049999999999799760, -0.2000000000000000944 ) ) ;
#1411 = CARTESIAN_POINT ( 'NONE',  ( 2.399999999999985256, 0.1000000000000002554, 57.79999999999999716 ) ) ;
#1412 = CARTESIAN_POINT ( 'NONE',  ( -1.000000000000000000, -4.299999999999999822, 6.799999999999999822 ) ) ;
#1413 = VECTOR ( 'NONE', #3919, 1000.000000000000000 ) ;
#1414 = ORIENTED_EDGE ( 'NONE', *, *, #2433, .F. ) ;
#1415 = CARTESIAN_POINT ( 'NONE',  ( 85.09878126038384494, 3.500000000000012434, 54.19999999999999574 ) ) ;
#1416 = VECTOR ( 'NONE', #4786, 1000.000000000000000 ) ;
#1417 = LINE ( 'NONE', #2046, #4757 ) ;
#1418 = VERTEX_POINT ( 'NONE', #4554 ) ;
#1419 = CARTESIAN_POINT ( 'NONE',  ( 151.0230788128466202, 0.1000000000000002554, 57.79999999999999716 ) ) ;
#1420 = EDGE_CURVE ( 'NONE', #3903, #4882, #1388, .T. ) ;
#1421 = ADVANCED_FACE ( 'NONE', ( #1911 ), #838, .T. ) ;
#1423 = VERTEX_POINT ( 'NONE', #4198 ) ;
#1422 = VERTEX_POINT ( 'NONE', #2391 ) ;
#1424 = FACE_OUTER_BOUND ( 'NONE', #3198, .T. ) ;
#1425 = CARTESIAN_POINT ( 'NONE',  ( 27.95551222820443016, -1.249999999999734435, -0.1999999999999999833 ) ) ;
#1426 = CARTESIAN_POINT ( 'NONE',  ( 4.800000000000000711, 4.299999999999999822, 5.000000000000000000 ) ) ;
#1427 = EDGE_CURVE ( 'NONE', #851, #373, #1618, .T. ) ;
#1429 = VERTEX_POINT ( 'NONE', #496 ) ;
#1428 = ORIENTED_EDGE ( 'NONE', *, *, #1279, .T. ) ;
#1430 = ORIENTED_EDGE ( 'NONE', *, *, #4848, .T. ) ;
#1431 = AXIS2_PLACEMENT_3D ( 'NONE', #4196, #1995, #4604 ) ;
#1432 =( LENGTH_UNIT ( ) NAMED_UNIT ( * ) SI_UNIT ( .MILLI., .METRE. ) );
#1433 = ORIENTED_EDGE ( 'NONE', *, *, #3472, .T. ) ;
#1434 = VERTEX_POINT ( 'NONE', #69 ) ;
#1435 = CARTESIAN_POINT ( 'NONE',  ( 29.24999999996617817, -2.579802170216008328, -0.9999999999997613020 ) ) ;
#1436 = CARTESIAN_POINT ( 'NONE',  ( 151.0230788128466202, 2.700000000000001066, -2.168404344971008868E-16 ) ) ;
#1437 = ORIENTED_EDGE ( 'NONE', *, *, #1074, .F. ) ;
#1438 = ORIENTED_EDGE ( 'NONE', *, *, #4425, .T. ) ;
#1439 = PRODUCT_DEFINITION_CONTEXT ( 'detailed design', #690, 'design' ) ;
#1440 = LINE ( 'NONE', #773, #402 ) ;
#1441 = CARTESIAN_POINT ( 'NONE',  ( 86.79999999999999716, 4.299999999999999822, 54.19999999999972573 ) ) ;
#1442 = DIRECTION ( 'NONE',  ( 1.000000000000000000, 0.000000000000000000, 0.000000000000000000 ) ) ;
#1443 = VERTEX_POINT ( 'NONE', #2758 ) ;
#1444 = EDGE_LOOP ( 'NONE', ( #1504, #18, #3798, #1402 ) ) ;
#1445 = CARTESIAN_POINT ( 'NONE',  ( 151.0230788128466202, 4.299999999999992717, 56.19999999999999574 ) ) ;
#1446 = EDGE_CURVE ( 'NONE', #1862, #2533, #313, .T. ) ;
#1447 = FACE_OUTER_BOUND ( 'NONE', #2332, .T. ) ;
#1448 = CARTESIAN_POINT ( 'NONE',  ( -1.800000000000000266, 2.779999999999732907, 34.24999999999941025 ) ) ;
#1449 = PLANE ( 'NONE',  #1998 ) ;
#1450 = ORIENTED_EDGE ( 'NONE', *, *, #1116, .F. ) ;
#1451 = EDGE_CURVE ( 'NONE', #2358, #4599, #2505, .T. ) ;
#1452 = ORIENTED_EDGE ( 'NONE', *, *, #3730, .T. ) ;
#1453 = CARTESIAN_POINT ( 'NONE',  ( 0.000000000000000000, 0.1000000000000000056, 39.39999999999972147 ) ) ;
#1454 = CARTESIAN_POINT ( 'NONE',  ( 6.329999999999542659, -2.749999999999786393, -1.800000000000000044 ) ) ;
#1455 = DIRECTION ( 'NONE',  ( 0.000000000000000000, 0.000000000000000000, -1.000000000000000000 ) ) ;
#1457 = LINE ( 'NONE', #99, #1813 ) ;
#1456 = VECTOR ( 'NONE', #3643, 1000.000000000000000 ) ;
#1458 = CARTESIAN_POINT ( 'NONE',  ( 15.99999999999998579, 0.09999999999999939493, 57.00000000000000000 ) ) ;
#1459 = PLANE ( 'NONE',  #974 ) ;
#1460 = ORIENTED_EDGE ( 'NONE', *, *, #2872, .T. ) ;
#1461 = EDGE_CURVE ( 'NONE', #3336, #2655, #4374, .T. ) ;
#1462 = LINE ( 'NONE', #2474, #3847 ) ;
#1463 = DIRECTION ( 'NONE',  ( 1.000000000000000000, 1.240954293808709933E-16, -0.000000000000000000 ) ) ;
#1464 = ORIENTED_EDGE ( 'NONE', *, *, #4232, .T. ) ;
#1465 = LINE ( 'NONE', #856, #431 ) ;
#1466 = ORIENTED_EDGE ( 'NONE', *, *, #4053, .T. ) ;
#1467 = PRESENTATION_LAYER_ASSIGNMENT (  '', '', ( #3437 ) ) ;
#1468 = FACE_OUTER_BOUND ( 'NONE', #2203, .T. ) ;
#1469 = PLANE ( 'NONE',  #2138 ) ;
#1470 = CARTESIAN_POINT ( 'NONE',  ( 1.800000000000006484, 2.400000000000000355, 51.00000000000000000 ) ) ;
#1471 = VECTOR ( 'NONE', #676, 1000.000000000000000 ) ;
#1472 = VERTEX_POINT ( 'NONE', #946 ) ;
#1473 = DIRECTION ( 'NONE',  ( 0.000000000000000000, -8.340016711426952823E-17, 1.000000000000000000 ) ) ;
#1474 = ORIENTED_EDGE ( 'NONE', *, *, #2390, .F. ) ;
#1475 = LINE ( 'NONE', #3324, #4462 ) ;
#1476 = VERTEX_POINT ( 'NONE', #812 ) ;
#1477 = ORIENTED_EDGE ( 'NONE', *, *, #1584, .F. ) ;
#1478 = EDGE_CURVE ( 'NONE', #1894, #4631, #4593, .T. ) ;
#1479 = ORIENTED_EDGE ( 'NONE', *, *, #4268, .F. ) ;
#1480 = VERTEX_POINT ( 'NONE', #4351 ) ;
#1481 = VERTEX_POINT ( 'NONE', #592 ) ;
#1482 = CARTESIAN_POINT ( 'NONE',  ( 0.000000000000000000, -12.37987846336829456, -1.000000000000000000 ) ) ;
#1483 = PLANE ( 'NONE',  #4528 ) ;
#1484 = EDGE_CURVE ( 'NONE', #2281, #1075, #4019, .T. ) ;
#1485 = AXIS2_PLACEMENT_3D ( 'NONE', #4336, #1033, #4012 ) ;
#1487 = ORIENTED_EDGE ( 'NONE', *, *, #2925, .F. ) ;
#1486 = VERTEX_POINT ( 'NONE', #2818 ) ;
#1488 = LINE ( 'NONE', #707, #3006 ) ;
#1489 = VERTEX_POINT ( 'NONE', #3214 ) ;
#1490 = LINE ( 'NONE', #2608, #535 ) ;
#1491 = DIRECTION ( 'NONE',  ( -0.000000000000000000, 0.000000000000000000, -1.000000000000000000 ) ) ;
#1492 = AXIS2_PLACEMENT_3D ( 'NONE', #2170, #3219, #1799 ) ;
#1493 = DIRECTION ( 'NONE',  ( -1.000000000000000000, 0.000000000000000000, -0.000000000000000000 ) ) ;
#1494 = EDGE_CURVE ( 'NONE', #3489, #1283, #3248, .T. ) ;
#1495 = VECTOR ( 'NONE', #3539, 1000.000000000000000 ) ;
#1496 = CARTESIAN_POINT ( 'NONE',  ( 86.20000095400001783, 3.500000000000015099, 29.00000011899999564 ) ) ;
#1497 = VERTEX_POINT ( 'NONE', #967 ) ;
#1498 = EDGE_CURVE ( 'NONE', #3780, #4509, #135, .T. ) ;
#1499 = VECTOR ( 'NONE', #3370, 1000.000000000000000 ) ;
#1500 = CARTESIAN_POINT ( 'NONE',  ( 72.20000000000000284, 0.1000000000000002554, 57.79999999999999716 ) ) ;
#1501 = EDGE_LOOP ( 'NONE', ( #1100, #4114, #3055, #775 ) ) ;
#1502 = EDGE_CURVE ( 'NONE', #3971, #755, #2160, .T. ) ;
#1503 = FACE_OUTER_BOUND ( 'NONE', #2841, .T. ) ;
#1504 = ORIENTED_EDGE ( 'NONE', *, *, #3381, .T. ) ;
#1505 = ORIENTED_EDGE ( 'NONE', *, *, #3586, .F. ) ;
#1506 = EDGE_CURVE ( 'NONE', #1877, #2527, #4653, .T. ) ;
#1507 = AXIS2_PLACEMENT_3D ( 'NONE', #4566, #93, #44 ) ;
#1508 = ORIENTED_EDGE ( 'NONE', *, *, #255, .T. ) ;
#1509 = DIRECTION ( 'NONE',  ( 0.000000000000000000, 1.445602896647341382E-16, -1.000000000000000000 ) ) ;
#1510 = DIRECTION ( 'NONE',  ( 0.000000000000000000, 1.000000000000000000, 0.000000000000000000 ) ) ;
#1512 = LINE ( 'NONE', #4160, #2338 ) ;
#1511 = LINE ( 'NONE', #3000, #983 ) ;
#1513 = VERTEX_POINT ( 'NONE', #4317 ) ;
#1514 = AXIS2_PLACEMENT_3D ( 'NONE', #4819, #4026, #1442 ) ;
#1515 = CARTESIAN_POINT ( 'NONE',  ( 15.00000000000000711, 4.301999999999993385, 1.800000000000006928 ) ) ;
#1517 = ORIENTED_EDGE ( 'NONE', *, *, #4503, .T. ) ;
#1516 = ORIENTED_EDGE ( 'NONE', *, *, #599, .T. ) ;
#1518 = DIRECTION ( 'NONE',  ( -0.000000000000000000, -0.000000000000000000, 1.000000000000000000 ) ) ;
#1519 = ORIENTED_EDGE ( 'NONE', *, *, #2213, .T. ) ;
#1520 = VERTEX_POINT ( 'NONE', #2069 ) ;
#1521 = VERTEX_POINT ( 'NONE', #1343 ) ;
#1522 = CARTESIAN_POINT ( 'NONE',  ( -1.000000000000000000, -6.100000000000012079, 1.800000000000000488 ) ) ;
#1523 = DIRECTION ( 'NONE',  ( -0.7071067811865491270, 8.488821684060181682E-17, -0.7071067811865459074 ) ) ;
#1524 = CARTESIAN_POINT ( 'NONE',  ( 52.00000000000000000, 2.700000000000000178, 56.20000000000000284 ) ) ;
#1525 = ORIENTED_EDGE ( 'NONE', *, *, #2288, .F. ) ;
#1526 = ORIENTED_EDGE ( 'NONE', *, *, #4752, .T. ) ;
#1527 = VERTEX_POINT ( 'NONE', #1287 ) ;
#1528 = VECTOR ( 'NONE', #561, 1000.000000000000000 ) ;
#1529 = DIRECTION ( 'NONE',  ( 0.000000000000000000, -1.000000000000000000, 0.000000000000000000 ) ) ;
#1530 = FACE_BOUND ( 'NONE', #3398, .T. ) ;
#1532 = VERTEX_POINT ( 'NONE', #4285 ) ;
#1531 = VERTEX_POINT ( 'NONE', #553 ) ;
#1533 = ORIENTED_EDGE ( 'NONE', *, *, #317, .T. ) ;
#1534 = ORIENTED_EDGE ( 'NONE', *, *, #1150, .F. ) ;
#1535 = LINE ( 'NONE', #4309, #3875 ) ;
#1536 = DIRECTION ( 'NONE',  ( 0.000000000000000000, -1.000000000000000000, 0.000000000000000000 ) ) ;
#1537 = EDGE_LOOP ( 'NONE', ( #240, #931, #3252, #3714 ) ) ;
#1538 = EDGE_CURVE ( 'NONE', #4153, #352, #3577, .T. ) ;
#1540 = VERTEX_POINT ( 'NONE', #4298 ) ;
#1539 = VERTEX_POINT ( 'NONE', #1701 ) ;
#1541 = VECTOR ( 'NONE', #3428, 999.9999999999998863 ) ;
#1542 = VECTOR ( 'NONE', #3551, 1000.000000000000000 ) ;
#1543 = LINE ( 'NONE', #1061, #1175 ) ;
#1544 = CARTESIAN_POINT ( 'NONE',  ( -1.399999999999997691, -6.100000000000012079, 1.800000000000000488 ) ) ;
#1545 = DIRECTION ( 'NONE',  ( -0.000000000000000000, 1.000000000000000000, -0.000000000000000000 ) ) ;
#1546 = EDGE_CURVE ( 'NONE', #3430, #1036, #358, .T. ) ;
#1547 = AXIS2_PLACEMENT_3D ( 'NONE', #324, #2981, #3353 ) ;
#1548 = FACE_OUTER_BOUND ( 'NONE', #4479, .T. ) ;
#1549 = CARTESIAN_POINT ( 'NONE',  ( 28.59999999996614761, -2.579802170216006552, -1.800000000000000044 ) ) ;
#1550 = DIRECTION ( 'NONE',  ( -0.7071067811865399122, 0.000000000000000000, -0.7071067811865551223 ) ) ;
#1551 = LINE ( 'NONE', #1585, #3299 ) ;
#1552 = ORIENTED_EDGE ( 'NONE', *, *, #2653, .F. ) ;
#1553 = ORIENTED_EDGE ( 'NONE', *, *, #3295, .T. ) ;
#1554 = ORIENTED_EDGE ( 'NONE', *, *, #2604, .T. ) ;
#1555 = DIRECTION ( 'NONE',  ( -0.000000000000000000, 0.000000000000000000, -1.000000000000000000 ) ) ;
#1556 = VECTOR ( 'NONE', #2528, 1000.000000000000000 ) ;
#1557 = ORIENTED_EDGE ( 'NONE', *, *, #2094, .F. ) ;
#1558 = VERTEX_POINT ( 'NONE', #3922 ) ;
#1560 = CONICAL_SURFACE ( 'NONE', #1591, 0.8000000000000229150, 0.7853981633974342902 ) ;
#1559 = FACE_OUTER_BOUND ( 'NONE', #3418, .T. ) ;
#1561 = DIRECTION ( 'NONE',  ( -0.7071067811865459074, -8.488821684060222358E-17, 0.7071067811865491270 ) ) ;
#1562 = DIRECTION ( 'NONE',  ( 0.000000000000000000, 0.000000000000000000, -1.000000000000000000 ) ) ;
#1563 = EDGE_CURVE ( 'NONE', #3096, #3271, #3954, .T. ) ;
#1564 = DIRECTION ( 'NONE',  ( 1.463672932855430986E-16, 0.000000000000000000, 1.000000000000000000 ) ) ;
#1565 = ORIENTED_EDGE ( 'NONE', *, *, #4710, .T. ) ;
#1566 = VECTOR ( 'NONE', #3210, 1000.000000000000000 ) ;
#1567 = ORIENTED_EDGE ( 'NONE', *, *, #3395, .T. ) ;
#1568 = DIRECTION ( 'NONE',  ( -1.000000000000000000, 0.000000000000000000, 0.000000000000000000 ) ) ;
#1569 = LINE ( 'NONE', #441, #4618 ) ;
#1571 = ORIENTED_EDGE ( 'NONE', *, *, #2765, .T. ) ;
#1570 = ORIENTED_EDGE ( 'NONE', *, *, #2907, .F. ) ;
#1572 = EDGE_CURVE ( 'NONE', #1481, #3805, #605, .T. ) ;
#1573 = AXIS2_PLACEMENT_3D ( 'NONE', #878, #3422, #815 ) ;
#1574 = DIRECTION ( 'NONE',  ( 0.000000000000000000, 1.000000000000000000, 0.000000000000000000 ) ) ;
#1575 = LINE ( 'NONE', #112, #2187 ) ;
#1576 = LINE ( 'NONE', #2145, #502 ) ;
#1577 = VECTOR ( 'NONE', #3253, 1000.000000000000000 ) ;
#1578 = PLANE ( 'NONE',  #1507 ) ;
#1579 = ORIENTED_EDGE ( 'NONE', *, *, #3559, .T. ) ;
#1580 = AXIS2_PLACEMENT_3D ( 'NONE', #2124, #1357, #3585 ) ;
#1581 = DIRECTION ( 'NONE',  ( -1.000000000000000000, 1.245113975359227837E-14, 1.399999999999987250E-14 ) ) ;
#1582 = DIRECTION ( 'NONE',  ( 0.000000000000000000, -0.000000000000000000, 1.000000000000000000 ) ) ;
#1583 = ORIENTED_EDGE ( 'NONE', *, *, #413, .F. ) ;
#1584 = EDGE_CURVE ( 'NONE', #1489, #436, #3635, .T. ) ;
#1585 = CARTESIAN_POINT ( 'NONE',  ( -1.000000000000000000, -6.100000000000012079, 8.399999999999998579 ) ) ;
#1586 = CARTESIAN_POINT ( 'NONE',  ( 70.60000000000000853, -10.10000000000001918, 57.80000000000000426 ) ) ;
#1587 = ADVANCED_FACE ( 'NONE', ( #465 ), #1886, .F. ) ;
#1588 = DIRECTION ( 'NONE',  ( 0.000000000000000000, -0.000000000000000000, 1.000000000000000000 ) ) ;
#1589 = DIRECTION ( 'NONE',  ( -1.399999999999999714E-14, -9.999999999999999988E-15, -1.000000000000000000 ) ) ;
#1590 = LINE ( 'NONE', #3123, #582 ) ;
#1591 = AXIS2_PLACEMENT_3D ( 'NONE', #19, #1536, #781 ) ;
#1592 = ORIENTED_EDGE ( 'NONE', *, *, #2746, .T. ) ;
#1593 = ORIENTED_EDGE ( 'NONE', *, *, #4716, .T. ) ;
#1594 = ORIENTED_EDGE ( 'NONE', *, *, #3329, .F. ) ;
#1595 = CARTESIAN_POINT ( 'NONE',  ( 81.00000095400000077, 4.299999999999998934, 7.000000237999992159 ) ) ;
#1596 = DIRECTION ( 'NONE',  ( -1.399999999999999714E-14, -9.999999999999999988E-15, -1.000000000000000000 ) ) ;
#1597 = DIRECTION ( 'NONE',  ( -1.000000000000000000, 0.000000000000000000, 0.000000000000000000 ) ) ;
#1598 = DIRECTION ( 'NONE',  ( -1.000000000000000000, 2.668805347655980404E-15, 0.000000000000000000 ) ) ;
#1599 = ORIENTED_EDGE ( 'NONE', *, *, #4175, .F. ) ;
#1600 = FACE_OUTER_BOUND ( 'NONE', #1309, .T. ) ;
#1602 = ORIENTED_EDGE ( 'NONE', *, *, #3745, .T. ) ;
#1601 = ORIENTED_EDGE ( 'NONE', *, *, #615, .F. ) ;
#1603 = EDGE_CURVE ( 'NONE', #4411, #497, #2097, .T. ) ;
#1604 = DIRECTION ( 'NONE',  ( -1.399999999999999714E-14, -9.999999999999999988E-15, -1.000000000000000000 ) ) ;
#1605 = ORIENTED_EDGE ( 'NONE', *, *, #1700, .F. ) ;
#1606 = CIRCLE ( 'NONE', #1991, 3.000000000000000000 ) ;
#1607 = DIRECTION ( 'NONE',  ( 0.000000000000000000, 1.000000000000000000, 0.000000000000000000 ) ) ;
#1608 = DIRECTION ( 'NONE',  ( 1.000000000000000000, 1.240954293808709686E-16, 0.000000000000000000 ) ) ;
#1609 = LINE ( 'NONE', #13, #2790 ) ;
#1610 = EDGE_CURVE ( 'NONE', #1284, #4162, #1014, .T. ) ;
#1611 = ORIENTED_EDGE ( 'NONE', *, *, #716, .T. ) ;
#1612 = CARTESIAN_POINT ( 'NONE',  ( 88.40000000000000568, 0.1000000000000000056, 39.39999999999972147 ) ) ;
#1613 = CARTESIAN_POINT ( 'NONE',  ( 0.000000000000000000, 0.1000000000000000056, 57.00000000000000000 ) ) ;
#1614 = CARTESIAN_POINT ( 'NONE',  ( 80.76153928742449750, 4.299999999999990941, 70.26153952542335901 ) ) ;
#1615 = EDGE_CURVE ( 'NONE', #3308, #2281, #2214, .T. ) ;
#1616 = AXIS2_PLACEMENT_3D ( 'NONE', #2452, #2854, #580 ) ;
#1617 = ADVANCED_FACE ( 'NONE', ( #4367 ), #1908, .F. ) ;
#1618 = LINE ( 'NONE', #4626, #3638 ) ;
#1619 = CARTESIAN_POINT ( 'NONE',  ( 151.0230788128466202, 4.299999999999999822, 1.800000237999992869 ) ) ;
#1620 = ORIENTED_EDGE ( 'NONE', *, *, #4877, .F. ) ;
#1621 = DIRECTION ( 'NONE',  ( 1.000000000000000000, 0.000000000000000000, 0.000000000000000000 ) ) ;
#1622 = CARTESIAN_POINT ( 'NONE',  ( 74.00000000000000000, 4.299999999999999822, 3.500000000000000000 ) ) ;
#1623 = DIRECTION ( 'NONE',  ( 1.000000000000000000, 1.240954293808709933E-16, -0.000000000000000000 ) ) ;
#1624 = DIRECTION ( 'NONE',  ( -0.000000000000000000, -0.000000000000000000, 1.000000000000000000 ) ) ;
#1625 = VERTEX_POINT ( 'NONE', #2321 ) ;
#1626 = ORIENTED_EDGE ( 'NONE', *, *, #2824, .F. ) ;
#1627 = CARTESIAN_POINT ( 'NONE',  ( -1.800000000000000266, 4.299999999999992717, 57.39999999999999858 ) ) ;
#1628 = DIRECTION ( 'NONE',  ( 1.000000000000000000, 0.000000000000000000, -0.000000000000000000 ) ) ;
#1630 = VECTOR ( 'NONE', #3068, 1000.000000000000000 ) ;
#1629 = VECTOR ( 'NONE', #2154, 1000.000000000000000 ) ;
#1631 = DIRECTION ( 'NONE',  ( 0.000000000000000000, -8.340016711426956521E-17, 1.000000000000000000 ) ) ;
#1632 = CARTESIAN_POINT ( 'NONE',  ( 4.000000000000000888, -3.000000000000000000, -0.2000000000000000111 ) ) ;
#1633 = DIRECTION ( 'NONE',  ( 0.000000000000000000, 1.000000000000000000, 0.000000000000000000 ) ) ;
#1634 = EDGE_CURVE ( 'NONE', #4199, #1176, #4014, .T. ) ;
#1635 = ORIENTED_EDGE ( 'NONE', *, *, #3745, .F. ) ;
#1636 = DIRECTION ( 'NONE',  ( -0.000000000000000000, -0.000000000000000000, -1.000000000000000000 ) ) ;
#1637 = ADVANCED_FACE ( 'NONE', ( #2965 ), #1578, .F. ) ;
#1638 = LINE ( 'NONE', #360, #1151 ) ;
#1639 = DIRECTION ( 'NONE',  ( -1.000000000000000000, 0.000000000000000000, 0.000000000000000000 ) ) ;
#1640 = ORIENTED_EDGE ( 'NONE', *, *, #4082, .F. ) ;
#1641 = EDGE_CURVE ( 'NONE', #386, #4637, #1183, .T. ) ;
#1642 = DIRECTION ( 'NONE',  ( 0.000000000000000000, 1.000000000000000000, 0.000000000000000000 ) ) ;
#1643 = DIRECTION ( 'NONE',  ( -1.000000000000000000, -1.668003342285390318E-16, 0.000000000000000000 ) ) ;
#1644 = ORIENTED_EDGE ( 'NONE', *, *, #2297, .T. ) ;
#1645 = EDGE_LOOP ( 'NONE', ( #3838, #4565, #1477, #3278 ) ) ;
#1646 = AXIS2_PLACEMENT_3D ( 'NONE', #2208, #2577, #4073 ) ;
#1647 = DIRECTION ( 'NONE',  ( -1.000000000000000000, -0.000000000000000000, -0.000000000000000000 ) ) ;
#1648 = DIRECTION ( 'NONE',  ( -1.000000000000000000, 0.000000000000000000, 0.000000000000000000 ) ) ;
#1649 = CARTESIAN_POINT ( 'NONE',  ( 14.00000000000000000, 4.299999999999999822, 3.500000000000000000 ) ) ;
#1650 = VECTOR ( 'NONE', #3052, 1000.000000000000000 ) ;
#1652 = ORIENTED_EDGE ( 'NONE', *, *, #3196, .T. ) ;
#1651 = ORIENTED_EDGE ( 'NONE', *, *, #3951, .T. ) ;
#1653 = EDGE_CURVE ( 'NONE', #2860, #938, #3759, .T. ) ;
#1654 = LINE ( 'NONE', #846, #3995 ) ;
#1655 = FACE_OUTER_BOUND ( 'NONE', #4219, .T. ) ;
#1656 = ORIENTED_EDGE ( 'NONE', *, *, #763, .T. ) ;
#1657 = CARTESIAN_POINT ( 'NONE',  ( 86.20000000000000284, 4.301999999999993385, 48.00000000000000000 ) ) ;
#1658 = VERTEX_POINT ( 'NONE', #2355 ) ;
#1659 = CARTESIAN_POINT ( 'NONE',  ( 75.70000000000000284, 2.400000000000000355, 1.800000237999992869 ) ) ;
#1660 = AXIS2_PLACEMENT_3D ( 'NONE', #1277, #3895, #1664 ) ;
#1661 = ORIENTED_EDGE ( 'NONE', *, *, #996, .T. ) ;
#1662 = VECTOR ( 'NONE', #2464, 1000.000000000000000 ) ;
#1663 = CARTESIAN_POINT ( 'NONE',  ( 151.0230788128466202, 2.699999999999994404, 56.20000000000000284 ) ) ;
#1664 = DIRECTION ( 'NONE',  ( 1.000000000000000000, 0.000000000000000000, 0.000000000000000000 ) ) ;
#1665 = ADVANCED_FACE ( 'NONE', ( #2852 ), #1978, .F. ) ;
#1666 = VECTOR ( 'NONE', #2299, 1000.000000000000000 ) ;
#1667 = EDGE_CURVE ( 'NONE', #1283, #1476, #3512, .T. ) ;
#1668 = CARTESIAN_POINT ( 'NONE',  ( 27.95551222820442661, -1.249999999999750422, -1.800000000000000044 ) ) ;
#1669 = DIRECTION ( 'NONE',  ( 0.000000000000000000, 0.000000000000000000, 1.000000000000000000 ) ) ;
#1670 = DIRECTION ( 'NONE',  ( -1.000000000000000000, 0.000000000000000000, 0.000000000000000000 ) ) ;
#1671 = LINE ( 'NONE', #1412, #4478 ) ;
#1672 = DIRECTION ( 'NONE',  ( -6.938893903907222067E-15, 1.200500675416475525E-16, -1.000000000000000000 ) ) ;
#1673 = ORIENTED_EDGE ( 'NONE', *, *, #1292, .F. ) ;
#1674 = ORIENTED_EDGE ( 'NONE', *, *, #3835, .T. ) ;
#1675 = EDGE_CURVE ( 'NONE', #1941, #2644, #657, .T. ) ;
#1676 = DIRECTION ( 'NONE',  ( -0.000000000000000000, 1.000000000000000000, 0.000000000000000000 ) ) ;
#1677 = ORIENTED_EDGE ( 'NONE', *, *, #357, .F. ) ;
#1678 = CARTESIAN_POINT ( 'NONE',  ( 68.19999999999998863, -13.20000000000001172, -1.800000000000000044 ) ) ;
#1679 = ORIENTED_EDGE ( 'NONE', *, *, #2677, .T. ) ;
#1680 = CARTESIAN_POINT ( 'NONE',  ( 88.40000000000000568, 4.299999999999999822, 2.150000000000472422 ) ) ;
#1681 = DIRECTION ( 'NONE',  ( 0.000000000000000000, 1.668003342285391304E-16, -1.000000000000000000 ) ) ;
#1682 = DIRECTION ( 'NONE',  ( 0.000000000000000000, 1.000000000000000000, 0.000000000000000000 ) ) ;
#1683 = ORIENTED_EDGE ( 'NONE', *, *, #825, .F. ) ;
#1684 = ORIENTED_EDGE ( 'NONE', *, *, #1925, .T. ) ;
#1685 = ADVANCED_FACE ( 'NONE', ( #3948 ), #163, .F. ) ;
#1686 = CARTESIAN_POINT ( 'NONE',  ( 4.000000000000000888, 0.1999999999999999833, -0.2000000000000000111 ) ) ;
#1687 = CARTESIAN_POINT ( 'NONE',  ( 22.34999999999955378, -3.900000000003918110, -0.1999999999999999833 ) ) ;
#1688 = CARTESIAN_POINT ( 'NONE',  ( 22.34999999999956088, -2.579802170215917734, -0.9999999999996646016 ) ) ;
#1689 = ORIENTED_EDGE ( 'NONE', *, *, #3094, .F. ) ;
#1690 = DIRECTION ( 'NONE',  ( -0.6880060194648467409, -0.7257049794373309215, 0.000000000000000000 ) ) ;
#1691 = DIRECTION ( 'NONE',  ( -1.399999999999999714E-14, -9.999999999999999988E-15, -1.000000000000000000 ) ) ;
#1692 = CARTESIAN_POINT ( 'NONE',  ( 8.029999999999542837, -2.749999999999816147, -1.800000000000000044 ) ) ;
#1693 = EDGE_CURVE ( 'NONE', #2495, #4314, #2315, .T. ) ;
#1694 = ORIENTED_EDGE ( 'NONE', *, *, #2959, .F. ) ;
#1695 = ADVANCED_FACE ( 'NONE', ( #2261 ), #2801, .F. ) ;
#1696 = LINE ( 'NONE', #875, #4746 ) ;
#1697 = CARTESIAN_POINT ( 'NONE',  ( 35.74999999999957367, -2.579802170216105139, -0.1999999999999999833 ) ) ;
#1698 = DIRECTION ( 'NONE',  ( 1.400000000000014387E-14, 1.000000000000000000, 0.000000000000000000 ) ) ;
#1699 = CARTESIAN_POINT ( 'NONE',  ( 86.20000095400001783, 3.500000000000017764, 7.000000237999993935 ) ) ;
#1700 = EDGE_CURVE ( 'NONE', #702, #3456, #2438, .T. ) ;
#1701 = CARTESIAN_POINT ( 'NONE',  ( -1.800000000000000266, 0.09999999999999999167, 21.69999999999940599 ) ) ;
#1703 = ORIENTED_EDGE ( 'NONE', *, *, #1031, .T. ) ;
#1702 = ORIENTED_EDGE ( 'NONE', *, *, #891, .F. ) ;
#1704 = ORIENTED_EDGE ( 'NONE', *, *, #4018, .T. ) ;
#1705 = DIRECTION ( 'NONE',  ( 1.400000000000000345E-14, 1.000000000000000000, -1.000000000000019563E-14 ) ) ;
#1706 = DIRECTION ( 'NONE',  ( 0.000000000000000000, -0.000000000000000000, 1.000000000000000000 ) ) ;
#1707 = CARTESIAN_POINT ( 'NONE',  ( 81.00000095400000077, 4.299999999999993605, 51.00000000000000000 ) ) ;
#1708 = LINE ( 'NONE', #1161, #4051 ) ;
#1709 = EDGE_CURVE ( 'NONE', #4453, #2254, #256, .T. ) ;
#1710 = VERTEX_POINT ( 'NONE', #1697 ) ;
#1711 = AXIS2_PLACEMENT_3D ( 'NONE', #4839, #3007, #1861 ) ;
#1712 = DIRECTION ( 'NONE',  ( 1.000000000000000000, 0.000000000000000000, -0.000000000000000000 ) ) ;
#1713 = CARTESIAN_POINT ( 'NONE',  ( 66.59999999999999432, 4.300000000000001599, -1.800000000000000044 ) ) ;
#1714 = LINE ( 'NONE', #3775, #1365 ) ;
#1715 = ADVANCED_FACE ( 'NONE', ( #401 ), #865, .T. ) ;
#1716 = ORIENTED_EDGE ( 'NONE', *, *, #2176, .F. ) ;
#1717 = EDGE_LOOP ( 'NONE', ( #1246, #1092, #2130, #2969 ) ) ;
#1718 = LINE ( 'NONE', #1297, #182 ) ;
#1719 = MECHANICAL_DESIGN_GEOMETRIC_PRESENTATION_REPRESENTATION (  '', ( #3437 ), #4475 ) ;
#1720 = DIRECTION ( 'NONE',  ( -0.000000000000000000, 0.8987940462991649282, 0.4383711467890815117 ) ) ;
#1721 = CARTESIAN_POINT ( 'NONE',  ( 1.800000000000004929, 4.301999999999993385, 48.00000000000000000 ) ) ;
#1722 = DIRECTION ( 'NONE',  ( -0.6880060194648467409, -0.7257049794373309215, 0.000000000000000000 ) ) ;
#1723 = SURFACE_STYLE_USAGE ( .BOTH. , #3961 ) ;
#1724 = EDGE_LOOP ( 'NONE', ( #444, #3670, #647, #749 ) ) ;
#1725 = CARTESIAN_POINT ( 'NONE',  ( 82.60000000000000853, 0.1000000000000000056, 57.00000000000000000 ) ) ;
#1726 = LINE ( 'NONE', #2763, #2026 ) ;
#1727 = CARTESIAN_POINT ( 'NONE',  ( 8.029999999999574811, -1.049999999999809752, -1.189999999999480584 ) ) ;
#1728 = EDGE_CURVE ( 'NONE', #352, #387, #3347, .T. ) ;
#1729 = VECTOR ( 'NONE', #1722, 1000.000000000000000 ) ;
#1730 = DIRECTION ( 'NONE',  ( 0.000000000000000000, -1.157511216176695077E-16, 1.000000000000000000 ) ) ;
#1731 = PLANE ( 'NONE',  #2010 ) ;
#1732 = FACE_OUTER_BOUND ( 'NONE', #399, .T. ) ;
#1733 = EDGE_CURVE ( 'NONE', #1879, #1987, #307, .T. ) ;
#1734 = ORIENTED_EDGE ( 'NONE', *, *, #1863, .T. ) ;
#1735 = CARTESIAN_POINT ( 'NONE',  ( 151.0230788128466202, 4.299999999999999822, 1.800000237999992869 ) ) ;
#1737 = LINE ( 'NONE', #4097, #3581 ) ;
#1736 = SHAPE_DEFINITION_REPRESENTATION ( #1836, #3377 ) ;
#1738 = ADVANCED_FACE ( 'NONE', ( #4236 ), #900, .T. ) ;
#1739 = EDGE_CURVE ( 'NONE', #3673, #3735, #1070, .T. ) ;
#1740 = AXIS2_PLACEMENT_3D ( 'NONE', #2741, #3841, #2344 ) ;
#1741 = DIRECTION ( 'NONE',  ( -0.000000000000000000, 1.000000000000000000, -0.000000000000000000 ) ) ;
#1742 = CARTESIAN_POINT ( 'NONE',  ( 75.70000000000000284, 2.700000000000001066, 1.800000237999992869 ) ) ;
#1743 = ORIENTED_EDGE ( 'NONE', *, *, #3126, .F. ) ;
#1744 = LINE ( 'NONE', #2366, #476 ) ;
#1745 = DIRECTION ( 'NONE',  ( -2.312964634635730276E-14, 0.000000000000000000, -1.000000000000000000 ) ) ;
#1746 = ORIENTED_EDGE ( 'NONE', *, *, #2363, .F. ) ;
#1747 = ORIENTED_EDGE ( 'NONE', *, *, #1892, .T. ) ;
#1748 = DIRECTION ( 'NONE',  ( -1.000000000000000000, -0.000000000000000000, -0.000000000000000000 ) ) ;
#1749 = VECTOR ( 'NONE', #1236, 1000.000000000000000 ) ;
#1750 = DIRECTION ( 'NONE',  ( -0.7071067811865550112, 0.7071067811865401342, 4.991427150227445614E-15 ) ) ;
#1751 = AXIS2_PLACEMENT_3D ( 'NONE', #4066, #3976, #4302 ) ;
#1752 = VERTEX_POINT ( 'NONE', #2480 ) ;
#1753 = EDGE_CURVE ( 'NONE', #961, #2374, #4124, .T. ) ;
#1754 = DIRECTION ( 'NONE',  ( 1.000000000000000000, 0.000000000000000000, -0.000000000000000000 ) ) ;
#1755 = CARTESIAN_POINT ( 'NONE',  ( 80.40000000000000568, 2.700000000000000178, 54.19999999999999574 ) ) ;
#1756 = VECTOR ( 'NONE', #4339, 1000.000000000000000 ) ;
#1757 = ORIENTED_EDGE ( 'NONE', *, *, #4576, .T. ) ;
#1758 = AXIS2_PLACEMENT_3D ( 'NONE', #1244, #920, #3185 ) ;
#1759 = CARTESIAN_POINT ( 'NONE',  ( 2.399999999999999467, -10.10000000000001918, 57.39999999999999858 ) ) ;
#1760 = CARTESIAN_POINT ( 'NONE',  ( 7.000000000000006217, 2.400000000000000355, 51.00000000000000000 ) ) ;
#1761 = VERTEX_POINT ( 'NONE', #185 ) ;
#1762 = LINE ( 'NONE', #4024, #2238 ) ;
#1763 = DIRECTION ( 'NONE',  ( 1.000000000000000000, -0.000000000000000000, 0.000000000000000000 ) ) ;
#1764 = EDGE_CURVE ( 'NONE', #4324, #1521, #4717, .T. ) ;
#1765 = VECTOR ( 'NONE', #3287, 1000.000000000000000 ) ;
#1766 = ORIENTED_EDGE ( 'NONE', *, *, #3225, .F. ) ;
#1767 = ADVANCED_FACE ( 'NONE', ( #2671 ), #2938, .F. ) ;
#1768 = VECTOR ( 'NONE', #3650, 999.9999999999998863 ) ;
#1769 = CARTESIAN_POINT ( 'NONE',  ( 42.64999999996617674, -2.579802170216195289, -0.9999999999999481526 ) ) ;
#1770 = VECTOR ( 'NONE', #1582, 1000.000000000000000 ) ;
#1771 = ORIENTED_EDGE ( 'NONE', *, *, #2664, .T. ) ;
#1772 = EDGE_CURVE ( 'NONE', #1976, #3125, #1671, .T. ) ;
#1773 = CARTESIAN_POINT ( 'NONE',  ( 0.000000000000000000, 1.449999999999999956, 21.69999999999940599 ) ) ;
#1774 = VECTOR ( 'NONE', #550, 1000.000000000000000 ) ;
#1775 = LINE ( 'NONE', #378, #2652 ) ;
#1776 = ORIENTED_EDGE ( 'NONE', *, *, #859, .F. ) ;
#1777 = ORIENTED_EDGE ( 'NONE', *, *, #505, .T. ) ;
#1778 = APPLICATION_CONTEXT ( 'automotive_design' ) ;
#1779 = ORIENTED_EDGE ( 'NONE', *, *, #1219, .F. ) ;
#1780 = CYLINDRICAL_SURFACE ( 'NONE', #4467, 0.6500000000001573408 ) ;
#1781 = AXIS2_PLACEMENT_3D ( 'NONE', #3868, #4250, #1264 ) ;
#1782 = ORIENTED_EDGE ( 'NONE', *, *, #3616, .F. ) ;
#1783 = LINE ( 'NONE', #1688, #1847 ) ;
#1784 = ORIENTED_EDGE ( 'NONE', *, *, #1584, .T. ) ;
#1785 = CARTESIAN_POINT ( 'NONE',  ( 0.000000000000000000, 0.1000000000000000056, 18.55000000000047322 ) ) ;
#1786 = VECTOR ( 'NONE', #2318, 1000.000000000000000 ) ;
#1787 = FACE_OUTER_BOUND ( 'NONE', #4032, .T. ) ;
#1788 = ORIENTED_EDGE ( 'NONE', *, *, #2426, .F. ) ;
#1789 = VERTEX_POINT ( 'NONE', #1383 ) ;
#1790 = CARTESIAN_POINT ( 'NONE',  ( 16.06999999999955264, -3.000000000000000000, -0.2000000000000000111 ) ) ;
#1791 = DIRECTION ( 'NONE',  ( 0.000000000000000000, -1.000000000000000000, 0.000000000000000000 ) ) ;
#1792 = DIRECTION ( 'NONE',  ( 0.000000000000000000, 1.000000000000000000, 0.000000000000000000 ) ) ;
#1793 = LINE ( 'NONE', #589, #764 ) ;
#1794 = ADVANCED_FACE ( 'NONE', ( #534 ), #610, .F. ) ;
#1795 = FILL_AREA_STYLE ('',( #1035 ) ) ;
#1796 = ORIENTED_EDGE ( 'NONE', *, *, #4093, .T. ) ;
#1797 = LINE ( 'NONE', #4775, #3244 ) ;
#1798 = EDGE_CURVE ( 'NONE', #3447, #2249, #3630, .T. ) ;
#1799 = DIRECTION ( 'NONE',  ( 1.000000000000000000, 1.668003342285390318E-16, 0.000000000000000000 ) ) ;
#1800 = ORIENTED_EDGE ( 'NONE', *, *, #581, .F. ) ;
#1801 = PLANE ( 'NONE',  #4405 ) ;
#1802 = EDGE_CURVE ( 'NONE', #3308, #2878, #2912, .T. ) ;
#1803 = FACE_OUTER_BOUND ( 'NONE', #3294, .T. ) ;
#1804 = CARTESIAN_POINT ( 'NONE',  ( 88.40000000000000568, -1.399999999999999911, 21.49999999999971934 ) ) ;
#1805 = ORIENTED_EDGE ( 'NONE', *, *, #4752, .F. ) ;
#1806 = DIRECTION ( 'NONE',  ( 0.000000000000000000, -1.200500675416475525E-16, 1.000000000000000000 ) ) ;
#1807 = CARTESIAN_POINT ( 'NONE',  ( 14.36999999999956579, -2.749999999999884537, -0.2000000000000000944 ) ) ;
#1808 = VERTEX_POINT ( 'NONE', #1821 ) ;
#1809 = LINE ( 'NONE', #3234, #2039 ) ;
#1810 = EDGE_CURVE ( 'NONE', #694, #2256, #4016, .T. ) ;
#1811 = DIRECTION ( 'NONE',  ( 0.000000000000000000, -0.000000000000000000, 1.000000000000000000 ) ) ;
#1812 = PLANE ( 'NONE',  #1034 ) ;
#1813 = VECTOR ( 'NONE', #858, 1000.000000000000114 ) ;
#1814 = CARTESIAN_POINT ( 'NONE',  ( 151.0230788128466202, 4.299999999999992717, 57.79999999999999716 ) ) ;
#1815 = ORIENTED_EDGE ( 'NONE', *, *, #4110, .T. ) ;
#1816 = ADVANCED_FACE ( 'NONE', ( #4530 ), #1399, .F. ) ;
#1817 = VECTOR ( 'NONE', #3355, 1000.000000000000000 ) ;
#1818 = ORIENTED_EDGE ( 'NONE', *, *, #3646, .T. ) ;
#1819 = CARTESIAN_POINT ( 'NONE',  ( -1.400000000000012346, 4.299999999999992717, 57.79999999999999716 ) ) ;
#1820 = LINE ( 'NONE', #1613, #427 ) ;
#1821 = CARTESIAN_POINT ( 'NONE',  ( 86.20000095400000362, 2.699999999999997513, 51.00000000000000000 ) ) ;
#1822 = VECTOR ( 'NONE', #3115, 1000.000000000000000 ) ;
#1824 = ORIENTED_EDGE ( 'NONE', *, *, #2919, .T. ) ;
#1823 = ORIENTED_EDGE ( 'NONE', *, *, #4425, .F. ) ;
#1825 = DIRECTION ( 'NONE',  ( -0.9135454576425995343, 0.4067366430758030948, -0.000000000000000000 ) ) ;
#1826 = CARTESIAN_POINT ( 'NONE',  ( 23.64448777176146166, -1.899999999999856026, -1.800000000000000044 ) ) ;
#1827 = CARTESIAN_POINT ( 'NONE',  ( -1.800000000000000266, 1.579999999999735172, 21.69999999999940599 ) ) ;
#1828 = CIRCLE ( 'NONE', #1646, 0.6500000000000185629 ) ;
#1829 = DIRECTION ( 'NONE',  ( -1.399999999999999714E-14, -9.999999999999999988E-15, -1.000000000000000000 ) ) ;
#1830 = ORIENTED_EDGE ( 'NONE', *, *, #1292, .T. ) ;
#1831 = DIRECTION ( 'NONE',  ( 0.000000000000000000, -1.000000000000000000, 0.000000000000000000 ) ) ;
#1832 = EDGE_CURVE ( 'NONE', #4046, #1076, #3013, .T. ) ;
#1833 = LINE ( 'NONE', #1632, #1290 ) ;
#1834 = ORIENTED_EDGE ( 'NONE', *, *, #2775, .T. ) ;
#1835 = DIRECTION ( 'NONE',  ( -1.000000000000000000, 0.000000000000000000, 0.000000000000000000 ) ) ;
#1836 = PRODUCT_DEFINITION_SHAPE ( 'NONE', 'NONE',  #1102 ) ;
#1837 = CIRCLE ( 'NONE', #340, 0.6500000000000221156 ) ;
#1838 = CARTESIAN_POINT ( 'NONE',  ( 22.52829176336527439, -2.132598257563793176, -0.9999999999996714850 ) ) ;
#1839 = CARTESIAN_POINT ( 'NONE',  ( 70.60000000000000853, -10.10000000000001918, 57.39999999999999858 ) ) ;
#1840 = CARTESIAN_POINT ( 'NONE',  ( 0.000000000000000000, 0.1000000000000000056, 36.69999999999971863 ) ) ;
#1841 = CIRCLE ( 'NONE', #363, 5.200000000000002842 ) ;
#1842 = EDGE_CURVE ( 'NONE', #4409, #3708, #1909, .T. ) ;
#1843 = ORIENTED_EDGE ( 'NONE', *, *, #4439, .T. ) ;
#1844 = FACE_OUTER_BOUND ( 'NONE', #596, .T. ) ;
#1845 = ORIENTED_EDGE ( 'NONE', *, *, #1728, .T. ) ;
#1846 = CARTESIAN_POINT ( 'NONE',  ( 7.000000000000006217, 2.699999999999994849, 51.00000000000000000 ) ) ;
#1847 = VECTOR ( 'NONE', #2808, 1000.000000000000000 ) ;
#1849 = ORIENTED_EDGE ( 'NONE', *, *, #2775, .F. ) ;
#1848 = VERTEX_POINT ( 'NONE', #4404 ) ;
#1850 = AXIS2_PLACEMENT_3D ( 'NONE', #1153, #1135, #1523 ) ;
#1851 = VERTEX_POINT ( 'NONE', #973 ) ;
#1852 = EDGE_CURVE ( 'NONE', #3514, #1527, #1797, .T. ) ;
#1853 = LINE ( 'NONE', #1200, #2718 ) ;
#1854 = VECTOR ( 'NONE', #2125, 1000.000000000000000 ) ;
#1855 = LINE ( 'NONE', #2529, #119 ) ;
#1856 = DIRECTION ( 'NONE',  ( 0.000000000000000000, -1.000000000000000000, 2.085004177856736973E-17 ) ) ;
#1857 = CARTESIAN_POINT ( 'NONE',  ( 16.06999999999955264, -2.749999999999917399, -1.189999999999575619 ) ) ;
#1858 = AXIS2_PLACEMENT_3D ( 'NONE', #2351, #141, #847 ) ;
#1859 = FACE_OUTER_BOUND ( 'NONE', #2445, .T. ) ;
#1860 = ORIENTED_EDGE ( 'NONE', *, *, #3421, .T. ) ;
#1861 = DIRECTION ( 'NONE',  ( 6.938893903907222067E-15, 0.000000000000000000, 1.000000000000000000 ) ) ;
#1862 = VERTEX_POINT ( 'NONE', #2166 ) ;
#1863 = EDGE_CURVE ( 'NONE', #2878, #2353, #877, .T. ) ;
#1864 = VECTOR ( 'NONE', #1975, 1000.000000000000000 ) ;
#1865 = ORIENTED_EDGE ( 'NONE', *, *, #2288, .T. ) ;
#1866 = CARTESIAN_POINT ( 'NONE',  ( 70.40000000000000568, 0.1999999999999999833, -0.2000000000000000111 ) ) ;
#1867 = CARTESIAN_POINT ( 'NONE',  ( 81.00000095400000077, 4.299999999999993605, 51.00000000000000000 ) ) ;
#1868 = EDGE_CURVE ( 'NONE', #1336, #3309, #16, .T. ) ;
#1869 = ORIENTED_EDGE ( 'NONE', *, *, #4149, .F. ) ;
#1870 = PLANE ( 'NONE',  #3633 ) ;
#1871 = CARTESIAN_POINT ( 'NONE',  ( 86.20000095400001783, 2.400000000000000355, 29.00000011899999564 ) ) ;
#1872 = VECTOR ( 'NONE', #2007, 1000.000000000000000 ) ;
#1873 = ORIENTED_EDGE ( 'NONE', *, *, #2048, .F. ) ;
#1874 = EDGE_CURVE ( 'NONE', #4245, #1267, #3762, .T. ) ;
#1876 = FACE_OUTER_BOUND ( 'NONE', #3560, .T. ) ;
#1875 = LINE ( 'NONE', #4260, #841 ) ;
#1877 = VERTEX_POINT ( 'NONE', #2126 ) ;
#1878 = DIRECTION ( 'NONE',  ( -0.000000000000000000, -1.000000000000000000, -0.000000000000000000 ) ) ;
#1879 = VERTEX_POINT ( 'NONE', #2087 ) ;
#1880 = PRODUCT_DEFINITION_FORMATION_WITH_SPECIFIED_SOURCE ( 'ANY', '', #1981, .NOT_KNOWN. ) ;
#1881 = DIRECTION ( 'NONE',  ( 0.000000000000000000, 0.4383711467890815672, -0.8987940462991650392 ) ) ;
#1882 = DIRECTION ( 'NONE',  ( 0.000000000000000000, 0.000000000000000000, 1.000000000000000000 ) ) ;
#1883 = VECTOR ( 'NONE', #4424, 1000.000000000000000 ) ;
#1884 = VERTEX_POINT ( 'NONE', #1342 ) ;
#1885 = EDGE_LOOP ( 'NONE', ( #4101, #3042, #1679, #2492 ) ) ;
#1886 = PLANE ( 'NONE',  #4577 ) ;
#1887 = CYLINDRICAL_SURFACE ( 'NONE', #3834, 5.200000000000000178 ) ;
#1888 = FACE_OUTER_BOUND ( 'NONE', #4166, .T. ) ;
#1889 = ORIENTED_EDGE ( 'NONE', *, *, #1874, .T. ) ;
#1890 = VERTEX_POINT ( 'NONE', #966 ) ;
#1891 = VERTEX_POINT ( 'NONE', #216 ) ;
#1892 = EDGE_CURVE ( 'NONE', #686, #3799, #4008, .T. ) ;
#1893 = CYLINDRICAL_SURFACE ( 'NONE', #862, 5.200000000000000178 ) ;
#1894 = VERTEX_POINT ( 'NONE', #1323 ) ;
#1895 = ORIENTED_EDGE ( 'NONE', *, *, #2119, .F. ) ;
#1896 = DIRECTION ( 'NONE',  ( 0.000000000000000000, 0.000000000000000000, 1.000000000000000000 ) ) ;
#1897 = CARTESIAN_POINT ( 'NONE',  ( 81.19999999999998863, 4.299999999999992717, 56.19999999999999574 ) ) ;
#1898 = EDGE_CURVE ( 'NONE', #2053, #4071, #2153, .T. ) ;
#1899 = AXIS2_PLACEMENT_3D ( 'NONE', #2951, #3316, #4796 ) ;
#1900 = ORIENTED_EDGE ( 'NONE', *, *, #688, .F. ) ;
#1901 = LINE ( 'NONE', #1755, #760 ) ;
#1902 = VECTOR ( 'NONE', #722, 1000.000000000000000 ) ;
#1903 = CARTESIAN_POINT ( 'NONE',  ( 3.999999999999989786, -8.300000000000002487, 57.00000000000000000 ) ) ;
#1904 = VECTOR ( 'NONE', #3538, 1000.000000000000000 ) ;
#1905 = ORIENTED_EDGE ( 'NONE', *, *, #1958, .T. ) ;
#1906 = DIRECTION ( 'NONE',  ( -0.000000000000000000, -1.000000000000000000, -0.000000000000000000 ) ) ;
#1907 = EDGE_CURVE ( 'NONE', #3468, #836, #4656, .T. ) ;
#1908 = CYLINDRICAL_SURFACE ( 'NONE', #1431, 0.6500000000001643352 ) ;
#1909 = LINE ( 'NONE', #2113, #3352 ) ;
#1910 = VECTOR ( 'NONE', #1670, 1000.000000000000000 ) ;
#1911 = FACE_OUTER_BOUND ( 'NONE', #4471, .T. ) ;
#1912 = DIRECTION ( 'NONE',  ( -1.000000000000000000, -0.000000000000000000, -0.000000000000000000 ) ) ;
#1913 = DIRECTION ( 'NONE',  ( -0.7071067811865459074, 0.000000000000000000, 0.7071067811865491270 ) ) ;
#1914 = EDGE_CURVE ( 'NONE', #1300, #686, #4778, .T. ) ;
#1915 = ORIENTED_EDGE ( 'NONE', *, *, #921, .T. ) ;
#1916 = VERTEX_POINT ( 'NONE', #3571 ) ;
#1917 = CARTESIAN_POINT ( 'NONE',  ( 72.20000000000000284, 0.1000000000000000056, 0.000000000000000000 ) ) ;
#1918 = CARTESIAN_POINT ( 'NONE',  ( 41.82722046483864631, -1.452796087347826948, -0.9999999999999483746 ) ) ;
#1919 = EDGE_CURVE ( 'NONE', #3344, #3605, #1793, .T. ) ;
#1920 = SURFACE_STYLE_FILL_AREA ( #1347 ) ;
#1921 = DIRECTION ( 'NONE',  ( -0.7071067811865491270, 8.488821684060181682E-17, -0.7071067811865459074 ) ) ;
#1922 = ORIENTED_EDGE ( 'NONE', *, *, #1057, .T. ) ;
#1923 = FACE_OUTER_BOUND ( 'NONE', #4103, .T. ) ;
#1924 = ORIENTED_EDGE ( 'NONE', *, *, #67, .T. ) ;
#1925 = EDGE_CURVE ( 'NONE', #1480, #1531, #2806, .T. ) ;
#1926 = CARTESIAN_POINT ( 'NONE',  ( 68.19999999999998863, -13.35760215072135537, -1.476867704934873293 ) ) ;
#1927 = CONICAL_SURFACE ( 'NONE', #4701, 6.000000000000008882, 0.7853981633974482790 ) ;
#1928 = ORIENTED_EDGE ( 'NONE', *, *, #4809, .T. ) ;
#1929 = CARTESIAN_POINT ( 'NONE',  ( 0.000000000000000000, 0.1000000000000000056, 6.799999999999999822 ) ) ;
#1930 = AXIS2_PLACEMENT_3D ( 'NONE', #3984, #1304, #1681 ) ;
#1931 = CARTESIAN_POINT ( 'NONE',  ( -0.2000000000000000111, 2.700000000000000178, 5.000000000000000000 ) ) ;
#1932 = CIRCLE ( 'NONE', #4342, 0.6499999999999978018 ) ;
#1933 = EDGE_LOOP ( 'NONE', ( #71, #1198, #1372, #54, #3540, #4238 ) ) ;
#1934 = CARTESIAN_POINT ( 'NONE',  ( 25.00000000000000000, 4.299999999999993605, 53.99999999999997868 ) ) ;
#1935 = CIRCLE ( 'NONE', #1959, 6.000000000000008882 ) ;
#1936 = ORIENTED_EDGE ( 'NONE', *, *, #4195, .T. ) ;
#1937 = CARTESIAN_POINT ( 'NONE',  ( 42.47170823660054140, -2.132598257564150224, -1.800000000000000044 ) ) ;
#1938 = DIRECTION ( 'NONE',  ( 0.000000000000000000, 1.000000000000000000, 0.000000000000000000 ) ) ;
#1939 = DIRECTION ( 'NONE',  ( -1.399999999999999714E-14, -9.999999999999999988E-15, -1.000000000000000000 ) ) ;
#1940 = LINE ( 'NONE', #4568, #2418 ) ;
#1941 = VERTEX_POINT ( 'NONE', #2512 ) ;
#1942 = EDGE_CURVE ( 'NONE', #2163, #1489, #4362, .T. ) ;
#1943 = LINE ( 'NONE', #1917, #2649 ) ;
#1944 = DIRECTION ( 'NONE',  ( 0.000000000000000000, 0.000000000000000000, -1.000000000000000000 ) ) ;
#1945 = DIRECTION ( 'NONE',  ( 0.000000000000000000, -1.000000000000000000, 0.000000000000000000 ) ) ;
#1946 = CARTESIAN_POINT ( 'NONE',  ( 70.40000000000000568, 0.2000000000000000944, 0.000000000000000000 ) ) ;
#1947 = CARTESIAN_POINT ( 'NONE',  ( 35.74999999999955236, -3.900000000004105516, -0.1999999999999999833 ) ) ;
#1948 = EDGE_LOOP ( 'NONE', ( #3358, #1800, #2894, #681, #971, #339, #260, #1081, #1677, #783, #3496, #2052, #4319, #292, #4227, #2840, #2484, #7, #4259, #4141, #3979, #3411, #2243, #2766, #4643, #3315 ) ) ;
#1949 = ORIENTED_EDGE ( 'NONE', *, *, #1772, .F. ) ;
#1950 = ORIENTED_EDGE ( 'NONE', *, *, #2557, .F. ) ;
#1951 = FACE_OUTER_BOUND ( 'NONE', #829, .T. ) ;
#1952 = EDGE_CURVE ( 'NONE', #2359, #3549, #1384, .T. ) ;
#1953 = ORIENTED_EDGE ( 'NONE', *, *, #4788, .F. ) ;
#1954 = CARTESIAN_POINT ( 'NONE',  ( -0.2000000000000009548, 1.449999999999999956, 8.000000000000000000 ) ) ;
#1955 = LINE ( 'NONE', #735, #3058 ) ;
#1956 = ORIENTED_EDGE ( 'NONE', *, *, #3483, .T. ) ;
#1957 = DIRECTION ( 'NONE',  ( 0.000000000000000000, -1.000000000000000000, 0.000000000000000000 ) ) ;
#1958 = EDGE_CURVE ( 'NONE', #3101, #3279, #949, .T. ) ;
#1959 = AXIS2_PLACEMENT_3D ( 'NONE', #2377, #1249, #3882 ) ;
#1960 = ADVANCED_FACE ( 'NONE', ( #308 ), #4582, .F. ) ;
#1961 = VECTOR ( 'NONE', #1939, 1000.000000000000000 ) ;
#1962 = FACE_OUTER_BOUND ( 'NONE', #1058, .T. ) ;
#1963 = DIRECTION ( 'NONE',  ( 0.000000000000000000, 1.000000000000000000, 0.000000000000000000 ) ) ;
#1964 = VECTOR ( 'NONE', #666, 1000.000000000000000 ) ;
#1965 = AXIS2_PLACEMENT_3D ( 'NONE', #1826, #1811, #2940 ) ;
#1966 = PLANE ( 'NONE',  #3574 ) ;
#1967 = CARTESIAN_POINT ( 'NONE',  ( 0.000000000000000000, -9.279878463368314456, 57.00000000000000000 ) ) ;
#1968 = CARTESIAN_POINT ( 'NONE',  ( 15.00000000000000711, 1.449999999999999956, 6.722053469410127491E-15 ) ) ;
#1969 = VECTOR ( 'NONE', #2851, 1000.000000000000000 ) ;
#1970 = ORIENTED_EDGE ( 'NONE', *, *, #1610, .F. ) ;
#1971 = CARTESIAN_POINT ( 'NONE',  ( 8.029999999999551719, -2.749999999999809930, -1.189999999999463265 ) ) ;
#1972 = CARTESIAN_POINT ( 'NONE',  ( 82.00000000000001421, 2.700000000000000178, 54.19999999999999574 ) ) ;
#1973 = DIRECTION ( 'NONE',  ( 0.000000000000000000, -1.000000000000000000, 0.000000000000000000 ) ) ;
#1974 = CARTESIAN_POINT ( 'NONE',  ( 28.42722046483865483, -1.452796087347638654, -0.9999999999997610800 ) ) ;
#1975 = DIRECTION ( 'NONE',  ( 1.000000000000000000, 0.000000000000000000, 0.000000000000000000 ) ) ;
#1976 = VERTEX_POINT ( 'NONE', #2962 ) ;
#1977 = ORIENTED_EDGE ( 'NONE', *, *, #4044, .F. ) ;
#1978 = PLANE ( 'NONE',  #3925 ) ;
#1980 = LINE ( 'NONE', #3855, #1872 ) ;
#1979 = VECTOR ( 'NONE', #242, 1000.000000000000000 ) ;
#1981 = PRODUCT ( 'face_plate', 'face_plate', '', ( #671 ) ) ;
#1982 = EDGE_CURVE ( 'NONE', #4046, #4385, #3240, .T. ) ;
#1983 = DIRECTION ( 'NONE',  ( -0.000000000000000000, -1.000000000000000000, -0.000000000000000000 ) ) ;
#1984 = DIRECTION ( 'NONE',  ( -1.000000000000000000, -0.000000000000000000, -0.000000000000000000 ) ) ;
#1986 = VECTOR ( 'NONE', #1126, 1000.000000000000000 ) ;
#1985 = CIRCLE ( 'NONE', #2409, 5.200000000000002842 ) ;
#1987 = VERTEX_POINT ( 'NONE', #1013 ) ;
#1988 = ADVANCED_FACE ( 'NONE', ( #2565 ), #1801, .F. ) ;
#1989 = DIRECTION ( 'NONE',  ( 0.000000000000000000, 1.200500675416475525E-16, -1.000000000000000000 ) ) ;
#1990 = EDGE_CURVE ( 'NONE', #1133, #3138, #2856, .T. ) ;
#1991 = AXIS2_PLACEMENT_3D ( 'NONE', #2210, #3305, #4138 ) ;
#1992 = DIRECTION ( 'NONE',  ( -0.000000000000000000, -0.000000000000000000, 1.000000000000000000 ) ) ;
#1993 = CARTESIAN_POINT ( 'NONE',  ( 66.59999999999999432, -11.40000000000000568, -1.000000000000000000 ) ) ;
#1994 = LINE ( 'NONE', #3291, #3325 ) ;
#1995 = DIRECTION ( 'NONE',  ( -1.399999999999999714E-14, -9.999999999999999988E-15, -1.000000000000000000 ) ) ;
#1997 = VERTEX_POINT ( 'NONE', #4456 ) ;
#1996 = ORIENTED_EDGE ( 'NONE', *, *, #2963, .T. ) ;
#1998 = AXIS2_PLACEMENT_3D ( 'NONE', #4048, #1831, #2201 ) ;
#1999 = CARTESIAN_POINT ( 'NONE',  ( 86.79999999999999716, 2.699999999999994404, 56.20000000000000284 ) ) ;
#2000 = CARTESIAN_POINT ( 'NONE',  ( 82.80000000000001137, 2.700000000000000178, 4.799999999999999822 ) ) ;
#2001 = ORIENTED_EDGE ( 'NONE', *, *, #4439, .F. ) ;
#2002 = EDGE_CURVE ( 'NONE', #1558, #47, #3348, .T. ) ;
#2003 = FACE_OUTER_BOUND ( 'NONE', #4137, .T. ) ;
#2004 = LINE ( 'NONE', #4347, #4507 ) ;
#2005 = ORIENTED_EDGE ( 'NONE', *, *, #3517, .T. ) ;
#2006 = ORIENTED_EDGE ( 'NONE', *, *, #2127, .T. ) ;
#2007 = DIRECTION ( 'NONE',  ( -1.000000000000000000, 0.000000000000000000, 0.000000000000000000 ) ) ;
#2008 = DIRECTION ( 'NONE',  ( 0.000000000000000000, 0.7071067811865585639, 0.7071067811865364705 ) ) ;
#2009 = CARTESIAN_POINT ( 'NONE',  ( 36.57277953512708990, -1.452796087347770548, -0.9999999999998748779 ) ) ;
#2010 = AXIS2_PLACEMENT_3D ( 'NONE', #3532, #4340, #1314 ) ;
#2011 = LINE ( 'NONE', #4062, #4407 ) ;
#2013 = ORIENTED_EDGE ( 'NONE', *, *, #3159, .T. ) ;
#2012 = ORIENTED_EDGE ( 'NONE', *, *, #772, .F. ) ;
#2014 = DIRECTION ( 'NONE',  ( 1.000000000000000000, 0.000000000000000000, 0.000000000000000000 ) ) ;
#2015 = ADVANCED_FACE ( 'NONE', ( #1732 ), #3683, .F. ) ;
#2016 = ORIENTED_EDGE ( 'NONE', *, *, #4432, .F. ) ;
#2017 = EDGE_CURVE ( 'NONE', #4245, #3642, #1490, .T. ) ;
#2018 = CYLINDRICAL_SURFACE ( 'NONE', #3694, 1.599999999999999867 ) ;
#2019 = VECTOR ( 'NONE', #4687, 1000.000000000000000 ) ;
#2020 = CARTESIAN_POINT ( 'NONE',  ( -1.000000000000000000, 0.1000000000000002554, 8.400000000000000355 ) ) ;
#2021 = DIRECTION ( 'NONE',  ( -0.000000000000000000, -0.000000000000000000, 1.000000000000000000 ) ) ;
#2022 = VERTEX_POINT ( 'NONE', #2215 ) ;
#2023 = CARTESIAN_POINT ( 'NONE',  ( 22.33137084989843046, 4.299999999999992717, 57.00000000000000711 ) ) ;
#2024 = EDGE_CURVE ( 'NONE', #3281, #1658, #1247, .T. ) ;
#2025 = DIRECTION ( 'NONE',  ( -1.000000000000000000, 0.000000000000000000, 1.401122807519681196E-14 ) ) ;
#2026 = VECTOR ( 'NONE', #72, 1000.000000000000000 ) ;
#2027 = CARTESIAN_POINT ( 'NONE',  ( 88.40000000000000568, 0.1000000000000000056, 21.49999999999971934 ) ) ;
#2028 = DIRECTION ( 'NONE',  ( 1.000000000000000000, 0.000000000000000000, 0.000000000000000000 ) ) ;
#2029 = DIRECTION ( 'NONE',  ( 0.000000000000000000, 1.000000000000000000, 2.879209088758185681E-16 ) ) ;
#2030 = FACE_OUTER_BOUND ( 'NONE', #3162, .T. ) ;
#2031 = DIRECTION ( 'NONE',  ( -1.000000000000000000, 1.400000000000014387E-14, 1.399999999999985673E-14 ) ) ;
#2032 = ORIENTED_EDGE ( 'NONE', *, *, #1352, .T. ) ;
#2033 = VECTOR ( 'NONE', #4021, 1000.000000000000114 ) ;
#2034 = ORIENTED_EDGE ( 'NONE', *, *, #219, .T. ) ;
#2035 = ADVANCED_FACE ( 'NONE', ( #3573 ), #557, .T. ) ;
#2036 = DIRECTION ( 'NONE',  ( 0.000000000000000000, 0.000000000000000000, 1.000000000000000000 ) ) ;
#2037 = CARTESIAN_POINT ( 'NONE',  ( 8.029999999999434479, -1.049999999999799760, -0.2000000000000000944 ) ) ;
#2038 = PLANE ( 'NONE',  #2095 ) ;
#2040 = LINE ( 'NONE', #1381, #1335 ) ;
#2039 = VECTOR ( 'NONE', #3590, 1000.000000000000000 ) ;
#2041 = ORIENTED_EDGE ( 'NONE', *, *, #3848, .F. ) ;
#2042 = DIRECTION ( 'NONE',  ( 0.9135454576425995343, -0.4067366430758030948, -0.000000000000000000 ) ) ;
#2043 = EDGE_CURVE ( 'NONE', #1401, #2374, #1440, .T. ) ;
#2044 = FACE_OUTER_BOUND ( 'NONE', #4197, .T. ) ;
#2045 = VERTEX_POINT ( 'NONE', #2416 ) ;
#2046 = CARTESIAN_POINT ( 'NONE',  ( 82.00000000000001421, 4.299999999999992717, 54.99999999999997868 ) ) ;
#2047 = VECTOR ( 'NONE', #1114, 1000.000000000000000 ) ;
#2048 = EDGE_CURVE ( 'NONE', #373, #2682, #4300, .T. ) ;
#2049 = CARTESIAN_POINT ( 'NONE',  ( 11.95723970147506776, -20.74536811636090405, 31.95463188363906326 ) ) ;
#2050 = FACE_OUTER_BOUND ( 'NONE', #860, .T. ) ;
#2052 = ORIENTED_EDGE ( 'NONE', *, *, #1764, .T. ) ;
#2051 = ORIENTED_EDGE ( 'NONE', *, *, #3453, .F. ) ;
#2053 = VERTEX_POINT ( 'NONE', #4119 ) ;
#2054 = FACE_OUTER_BOUND ( 'NONE', #3929, .T. ) ;
#2055 = DIRECTION ( 'NONE',  ( -1.000000000000000000, -1.668003342285390318E-16, 0.000000000000000000 ) ) ;
#2056 = CARTESIAN_POINT ( 'NONE',  ( 70.60000000000000853, -10.10000000000001918, 57.80000000000000426 ) ) ;
#2057 = FACE_OUTER_BOUND ( 'NONE', #1320, .T. ) ;
#2058 = DIRECTION ( 'NONE',  ( -0.7071067811865475727, -0.000000000000000000, -0.7071067811865475727 ) ) ;
#2059 = EDGE_CURVE ( 'NONE', #1429, #1481, #4423, .T. ) ;
#2060 = AXIS2_PLACEMENT_3D ( 'NONE', #4168, #778, #1143 ) ;
#2061 = PLANE ( 'NONE',  #2441 ) ;
#2062 = VECTOR ( 'NONE', #2389, 1000.000000000000000 ) ;
#2063 = ORIENTED_EDGE ( 'NONE', *, *, #4822, .T. ) ;
#2064 = ADVANCED_FACE ( 'NONE', ( #4181 ), #4176, .F. ) ;
#2065 = ORIENTED_EDGE ( 'NONE', *, *, #2879, .T. ) ;
#2066 = DIRECTION ( 'NONE',  ( -1.000000000000000000, -0.000000000000000000, -0.000000000000000000 ) ) ;
#2067 = VECTOR ( 'NONE', #2311, 1000.000000000000114 ) ;
#2068 = CARTESIAN_POINT ( 'NONE',  ( 0.000000000000000000, 0.1000000000000000056, 0.000000000000000000 ) ) ;
#2069 = CARTESIAN_POINT ( 'NONE',  ( 72.20000000000000284, -8.300000000000002487, 57.80000000000000426 ) ) ;
#2070 = VECTOR ( 'NONE', #2410, 1000.000000000000000 ) ;
#2071 = VECTOR ( 'NONE', #4869, 1000.000000000000000 ) ;
#2072 = ADVANCED_FACE ( 'NONE', ( #1962 ), #3800, .F. ) ;
#2074 = ORIENTED_EDGE ( 'NONE', *, *, #3346, .T. ) ;
#2073 = ORIENTED_EDGE ( 'NONE', *, *, #4651, .F. ) ;
#2075 = ORIENTED_EDGE ( 'NONE', *, *, #4149, .T. ) ;
#2076 = DIRECTION ( 'NONE',  ( -1.000000000000000000, 0.000000000000000000, 0.000000000000000000 ) ) ;
#2077 = PLANE ( 'NONE',  #4499 ) ;
#2078 = CARTESIAN_POINT ( 'NONE',  ( 70.00000000000000000, 2.700000000000001066, 1.799999999999999822 ) ) ;
#2079 = ORIENTED_EDGE ( 'NONE', *, *, #1641, .F. ) ;
#2080 = EDGE_LOOP ( 'NONE', ( #2870, #4648, #3905, #3680 ) ) ;
#2081 = CARTESIAN_POINT ( 'NONE',  ( 81.00000095400000077, 2.700000000000000178, 7.000000237999992159 ) ) ;
#2082 = DIRECTION ( 'NONE',  ( 0.000000000000000000, 0.000000000000000000, -1.000000000000000000 ) ) ;
#2083 = LINE ( 'NONE', #58, #68 ) ;
#2084 = EDGE_CURVE ( 'NONE', #3238, #3281, #3691, .T. ) ;
#2085 = CARTESIAN_POINT ( 'NONE',  ( 68.19999999999998863, -3.000000000000000444, -1.800000000000000044 ) ) ;
#2086 = PLANE ( 'NONE',  #491 ) ;
#2087 = CARTESIAN_POINT ( 'NONE',  ( 88.00000000000002842, 0.1000000000000002554, 57.79999999999999716 ) ) ;
#2088 = LINE ( 'NONE', #1699, #1854 ) ;
#2089 = CARTESIAN_POINT ( 'NONE',  ( 85.09878126038384494, 3.499999999999993783, 54.19999999999999574 ) ) ;
#2091 = VECTOR ( 'NONE', #3014, 1000.000000000000000 ) ;
#2090 = FACE_OUTER_BOUND ( 'NONE', #3614, .T. ) ;
#2092 = DIRECTION ( 'NONE',  ( 0.000000000000000000, -0.000000000000000000, -1.000000000000000000 ) ) ;
#2093 = LINE ( 'NONE', #1322, #4246 ) ;
#2094 = EDGE_CURVE ( 'NONE', #1894, #2789, #4293, .T. ) ;
#2095 = AXIS2_PLACEMENT_3D ( 'NONE', #4649, #2823, #3152 ) ;
#2096 = DIRECTION ( 'NONE',  ( -1.000000000000000000, 0.000000000000000000, 0.000000000000000000 ) ) ;
#2097 = CIRCLE ( 'NONE', #221, 0.8000000000000229150 ) ;
#2098 = EDGE_LOOP ( 'NONE', ( #3761, #4150, #4143, #3105, #4316, #345, #3992, #3776 ) ) ;
#2099 = EDGE_LOOP ( 'NONE', ( #1824, #1519, #3862, #4680, #3283 ) ) ;
#2100 = DIRECTION ( 'NONE',  ( 0.000000000000000000, -8.340016711426956521E-17, 1.000000000000000000 ) ) ;
#2101 = DIRECTION ( 'NONE',  ( -0.000000000000000000, -1.000000000000000000, -0.000000000000000000 ) ) ;
#2102 = DIRECTION ( 'NONE',  ( -0.000000000000000000, -0.000000000000000000, 1.000000000000000000 ) ) ;
#2103 = LINE ( 'NONE', #955, #4536 ) ;
#2104 = ORIENTED_EDGE ( 'NONE', *, *, #590, .F. ) ;
#2105 = EDGE_CURVE ( 'NONE', #4266, #1355, #1606, .T. ) ;
#2106 = VERTEX_POINT ( 'NONE', #3671 ) ;
#2107 = VECTOR ( 'NONE', #3195, 1000.000000000000000 ) ;
#2108 = DIRECTION ( 'NONE',  ( -0.000000000000000000, -1.000000000000000000, -0.000000000000000000 ) ) ;
#2109 = VERTEX_POINT ( 'NONE', #1458 ) ;
#2110 = CARTESIAN_POINT ( 'NONE',  ( 7.000000000000006217, 2.400000000000000355, 56.19999999999999574 ) ) ;
#2111 = CARTESIAN_POINT ( 'NONE',  ( 151.0230788128466202, 3.499999999999985789, 56.20000000000000284 ) ) ;
#2112 = ORIENTED_EDGE ( 'NONE', *, *, #1132, .F. ) ;
#2113 = CARTESIAN_POINT ( 'NONE',  ( 56.19999999999998863, -11.40000000000000568, -1.800000000000000044 ) ) ;
#2114 = DIRECTION ( 'NONE',  ( 1.000000000000000000, 0.000000000000000000, -0.000000000000000000 ) ) ;
#2115 = CARTESIAN_POINT ( 'NONE',  ( 35.92829176336517349, -2.132598257564084054, -1.800000000000000044 ) ) ;
#2116 = ORIENTED_EDGE ( 'NONE', *, *, #1116, .T. ) ;
#2117 = VECTOR ( 'NONE', #3481, 1000.000000000000000 ) ;
#2118 = DIRECTION ( 'NONE',  ( 0.7257049794373375828, 0.6880060194648398575, -1.703992990677112052E-14 ) ) ;
#2119 = EDGE_CURVE ( 'NONE', #4624, #50, #766, .T. ) ;
#2120 = ORIENTED_EDGE ( 'NONE', *, *, #2127, .F. ) ;
#2121 = ADVANCED_FACE ( 'NONE', ( #653 ), #398, .F. ) ;
#2122 = FACE_OUTER_BOUND ( 'NONE', #1717, .T. ) ;
#2123 = VERTEX_POINT ( 'NONE', #268 ) ;
#2124 = CARTESIAN_POINT ( 'NONE',  ( 86.79999999999999716, 4.299999999999999822, 18.55000000000047322 ) ) ;
#2125 = DIRECTION ( 'NONE',  ( 0.000000000000000000, 1.200500675416475525E-16, -1.000000000000000000 ) ) ;
#2126 = CARTESIAN_POINT ( 'NONE',  ( 80.40000000000001990, 3.499999999999993783, 56.20000000000000284 ) ) ;
#2127 = EDGE_CURVE ( 'NONE', #934, #387, #4838, .T. ) ;
#2128 = DIRECTION ( 'NONE',  ( -0.000000000000000000, 1.000000000000000000, -0.000000000000000000 ) ) ;
#2130 = ORIENTED_EDGE ( 'NONE', *, *, #2176, .T. ) ;
#2129 = ORIENTED_EDGE ( 'NONE', *, *, #150, .T. ) ;
#2131 = ADVANCED_FACE ( 'NONE', ( #2561 ), #2893, .F. ) ;
#2132 = CARTESIAN_POINT ( 'NONE',  ( 70.60000000000000853, 4.299999999999999822, 57.80000000000000426 ) ) ;
#2133 = DIRECTION ( 'NONE',  ( -1.000000000000000000, 0.000000000000000000, -0.000000000000000000 ) ) ;
#2134 = DIRECTION ( 'NONE',  ( 1.000000000000000000, 0.000000000000000000, 0.000000000000000000 ) ) ;
#2135 = EDGE_CURVE ( 'NONE', #1088, #674, #1543, .T. ) ;
#2137 = ORIENTED_EDGE ( 'NONE', *, *, #3550, .T. ) ;
#2136 = ORIENTED_EDGE ( 'NONE', *, *, #1446, .T. ) ;
#2138 = AXIS2_PLACEMENT_3D ( 'NONE', #4133, #4483, #2976 ) ;
#2139 = ORIENTED_EDGE ( 'NONE', *, *, #716, .F. ) ;
#2140 = CARTESIAN_POINT ( 'NONE',  ( 4.000000000000000888, -3.000000000000000000, -0.2000000000000000111 ) ) ;
#2141 = FACE_OUTER_BOUND ( 'NONE', #990, .T. ) ;
#2142 = ORIENTED_EDGE ( 'NONE', *, *, #4493, .F. ) ;
#2143 = VECTOR ( 'NONE', #2101, 1000.000000000000000 ) ;
#2144 =( GEOMETRIC_REPRESENTATION_CONTEXT ( 3 ) GLOBAL_UNCERTAINTY_ASSIGNED_CONTEXT ( ( #826 ) ) GLOBAL_UNIT_ASSIGNED_CONTEXT ( ( #2928, #4061, #259 ) ) REPRESENTATION_CONTEXT ( 'NONE', 'WORKASPACE' ) );
#2145 = CARTESIAN_POINT ( 'NONE',  ( 1.799999999999999156, 4.301999999999993385, 8.000000000000000000 ) ) ;
#2146 = CARTESIAN_POINT ( 'NONE',  ( -1.000000000000000000, -5.279878463368307351, 1.800000000000000488 ) ) ;
#2147 = LINE ( 'NONE', #4715, #866 ) ;
#2148 = DIRECTION ( 'NONE',  ( 0.000000000000000000, 0.000000000000000000, 1.000000000000000000 ) ) ;
#2149 = ADVANCED_FACE ( 'NONE', ( #2961 ), #4739, .F. ) ;
#2150 = LINE ( 'NONE', #2220, #3697 ) ;
#2151 = CARTESIAN_POINT ( 'NONE',  ( 42.64999999996615543, -3.000000000000000000, -0.2000000000000000111 ) ) ;
#2152 = ORIENTED_EDGE ( 'NONE', *, *, #3290, .F. ) ;
#2153 = LINE ( 'NONE', #4734, #1010 ) ;
#2154 = DIRECTION ( 'NONE',  ( -0.000000000000000000, 0.8987940462991650392, -0.4383711467890813451 ) ) ;
#2155 = EDGE_LOOP ( 'NONE', ( #4724, #1363, #4436, #1953 ) ) ;
#2156 = DIRECTION ( 'NONE',  ( -0.6880060194648398575, 0.7257049794373375828, 0.000000000000000000 ) ) ;
#2157 = VECTOR ( 'NONE', #3466, 1000.000000000000000 ) ;
#2158 = ADVANCED_FACE ( 'NONE', ( #530 ), #1188, .F. ) ;
#2159 = EDGE_CURVE ( 'NONE', #1531, #4375, #1955, .T. ) ;
#2160 = LINE ( 'NONE', #3176, #2805 ) ;
#2161 = VECTOR ( 'NONE', #2478, 1000.000000000000000 ) ;
#2162 = CARTESIAN_POINT ( 'NONE',  ( 151.0230788128466202, 0.09999999999999982514, -2.168404344971008868E-16 ) ) ;
#2163 = VERTEX_POINT ( 'NONE', #4154 ) ;
#2164 = VECTOR ( 'NONE', #4663, 1000.000000000000000 ) ;
#2165 = EDGE_CURVE ( 'NONE', #981, #2256, #2083, .T. ) ;
#2166 = CARTESIAN_POINT ( 'NONE',  ( 35.74999999999957367, -3.000000000000000000, -0.2000000000000000111 ) ) ;
#2167 = AXIS2_PLACEMENT_3D ( 'NONE', #14, #4134, #3019 ) ;
#2168 =( LENGTH_UNIT ( ) NAMED_UNIT ( * ) SI_UNIT ( .MILLI., .METRE. ) );
#2169 = DIRECTION ( 'NONE',  ( 0.000000000000000000, -0.000000000000000000, -1.000000000000000000 ) ) ;
#2170 = CARTESIAN_POINT ( 'NONE',  ( 82.60000000000000853, -8.300000000000000711, 57.80000000000000426 ) ) ;
#2171 = CARTESIAN_POINT ( 'NONE',  ( 28.42722046483866194, -1.452796087347629328, -0.1999999999999999833 ) ) ;
#2172 = ORIENTED_EDGE ( 'NONE', *, *, #3144, .T. ) ;
#2173 = LINE ( 'NONE', #975, #4139 ) ;
#2174 = AXIS2_PLACEMENT_3D ( 'NONE', #1971, #1596, #2317 ) ;
#2175 = ADVANCED_FACE ( 'NONE', ( #3173 ), #2589, .T. ) ;
#2176 = EDGE_CURVE ( 'NONE', #2556, #4081, #1853, .T. ) ;
#2177 = CARTESIAN_POINT ( 'NONE',  ( 75.70000000000000284, 2.400000000000000355, 1.800000237999992869 ) ) ;
#2178 = PLANE ( 'NONE',  #1514 ) ;
#2179 = VECTOR ( 'NONE', #2902, 1000.000000000000000 ) ;
#2180 = VERTEX_POINT ( 'NONE', #85 ) ;
#2181 = CARTESIAN_POINT ( 'NONE',  ( 86.20000095400001783, 2.699999999999999734, 7.000000237999993935 ) ) ;
#2183 = VECTOR ( 'NONE', #4105, 1000.000000000000000 ) ;
#2182 = LINE ( 'NONE', #1663, #1147 ) ;
#2184 = DIRECTION ( 'NONE',  ( 0.000000000000000000, -1.000000000000000000, 0.000000000000000000 ) ) ;
#2185 = VECTOR ( 'NONE', #1896, 1000.000000000000000 ) ;
#2186 = EDGE_CURVE ( 'NONE', #714, #1294, #2613, .T. ) ;
#2187 = VECTOR ( 'NONE', #2866, 1000.000000000000000 ) ;
#2188 = CARTESIAN_POINT ( 'NONE',  ( 29.24999999996617817, -2.579802170216007884, -0.9999999999997608580 ) ) ;
#2189 = CARTESIAN_POINT ( 'NONE',  ( 37.04448777176148155, -1.249999999999875433, -1.800000000000000044 ) ) ;
#2190 = CARTESIAN_POINT ( 'NONE',  ( 12.92925712125352078, -12.25760740063839016, -1.800000000000000044 ) ) ;
#2191 = DIRECTION ( 'NONE',  ( -0.000000000000000000, -0.000000000000000000, 1.000000000000000000 ) ) ;
#2193 = VERTEX_POINT ( 'NONE', #816 ) ;
#2192 = ORIENTED_EDGE ( 'NONE', *, *, #118, .T. ) ;
#2194 = EDGE_CURVE ( 'NONE', #3190, #1396, #1726, .T. ) ;
#2195 = LINE ( 'NONE', #1321, #801 ) ;
#2196 = VECTOR ( 'NONE', #419, 999.9999999999998863 ) ;
#2197 = DIRECTION ( 'NONE',  ( 0.000000000000000000, 1.000000000000000000, 0.000000000000000000 ) ) ;
#2198 = ORIENTED_EDGE ( 'NONE', *, *, #1371, .T. ) ;
#2199 = AXIS2_PLACEMENT_3D ( 'NONE', #2566, #683, #266 ) ;
#2200 = ORIENTED_EDGE ( 'NONE', *, *, #4544, .T. ) ;
#2201 = DIRECTION ( 'NONE',  ( 0.000000000000000000, -0.000000000000000000, -1.000000000000000000 ) ) ;
#2202 = ORIENTED_EDGE ( 'NONE', *, *, #4059, .T. ) ;
#2203 = EDGE_LOOP ( 'NONE', ( #3933, #2472, #4581, #1209 ) ) ;
#2204 = VECTOR ( 'NONE', #1216, 1000.000000000000000 ) ;
#2206 = EDGE_LOOP ( 'NONE', ( #1776, #4449, #4041, #1640 ) ) ;
#2205 = ORIENTED_EDGE ( 'NONE', *, *, #2240, .T. ) ;
#2207 = ORIENTED_EDGE ( 'NONE', *, *, #855, .F. ) ;
#2208 = CARTESIAN_POINT ( 'NONE',  ( 41.99999999996614974, -2.579802170216193957, -1.800000000000000044 ) ) ;
#2209 = ORIENTED_EDGE ( 'NONE', *, *, #2024, .T. ) ;
#2210 = CARTESIAN_POINT ( 'NONE',  ( 82.80000000000001137, 4.299999999999999822, 1.799999999999999600 ) ) ;
#2211 = CARTESIAN_POINT ( 'NONE',  ( 87.00000095400000077, 4.299999999999998934, 7.000000237999993935 ) ) ;
#2212 = VECTOR ( 'NONE', #3399, 1000.000000000000000 ) ;
#2213 = EDGE_CURVE ( 'NONE', #316, #2591, #4781, .T. ) ;
#2214 = LINE ( 'NONE', #4211, #3012 ) ;
#2215 = CARTESIAN_POINT ( 'NONE',  ( 3.999999999999976019, 0.1000000000000002554, 57.79999999999999716 ) ) ;
#2216 = EDGE_CURVE ( 'NONE', #1197, #529, #4009, .T. ) ;
#2217 = VECTOR ( 'NONE', #1690, 1000.000000000000000 ) ;
#2218 = CARTESIAN_POINT ( 'NONE',  ( 1.799999999999999156, 1.449999999999999956, 8.000000000000000000 ) ) ;
#2219 = CARTESIAN_POINT ( 'NONE',  ( -0.1999999999999950984, 1.449999999999999956, 48.00000000000000000 ) ) ;
#2220 = CARTESIAN_POINT ( 'NONE',  ( 35.74999999999958078, -5.004999999999992305E-13, -1.800000000000000044 ) ) ;
#2221 = DIRECTION ( 'NONE',  ( 0.000000000000000000, 0.000000000000000000, 1.000000000000000000 ) ) ;
#2222 = DIRECTION ( 'NONE',  ( -1.245113975359227837E-14, -1.000000000000000000, 0.000000000000000000 ) ) ;
#2223 = VECTOR ( 'NONE', #279, 1000.000000000000000 ) ;
#2224 = EDGE_CURVE ( 'NONE', #117, #4180, #2307, .T. ) ;
#2225 = AXIS2_PLACEMENT_3D ( 'NONE', #992, #2896, #2169 ) ;
#2226 = CARTESIAN_POINT ( 'NONE',  ( -0.2000000000000000111, 0.09999999999999993616, 34.24999999999941025 ) ) ;
#2227 = DIRECTION ( 'NONE',  ( 0.000000000000000000, 0.000000000000000000, 1.000000000000000000 ) ) ;
#2228 = ORIENTED_EDGE ( 'NONE', *, *, #3521, .F. ) ;
#2230 = VECTOR ( 'NONE', #4557, 1000.000000000000000 ) ;
#2229 = LINE ( 'NONE', #1042, #3968 ) ;
#2231 = CIRCLE ( 'NONE', #4584, 0.6500000000001573408 ) ;
#2232 = ORIENTED_EDGE ( 'NONE', *, *, #4327, .F. ) ;
#2233 = ORIENTED_EDGE ( 'NONE', *, *, #312, .T. ) ;
#2234 = CARTESIAN_POINT ( 'NONE',  ( 56.19999999999998863, -11.40000000000000568, -1.800000000000000044 ) ) ;
#2235 = DIRECTION ( 'NONE',  ( 1.000000000000000000, -1.245113975359227837E-14, -1.399999999999987250E-14 ) ) ;
#2236 = VECTOR ( 'NONE', #1682, 1000.000000000000000 ) ;
#2237 = ORIENTED_EDGE ( 'NONE', *, *, #675, .T. ) ;
#2238 = VECTOR ( 'NONE', #1791, 1000.000000000000000 ) ;
#2239 = VERTEX_POINT ( 'NONE', #482 ) ;
#2240 = EDGE_CURVE ( 'NONE', #641, #47, #1009, .T. ) ;
#2241 = VECTOR ( 'NONE', #2831, 1000.000000000000000 ) ;
#2242 = ORIENTED_EDGE ( 'NONE', *, *, #4693, .F. ) ;
#2243 = ORIENTED_EDGE ( 'NONE', *, *, #2713, .F. ) ;
#2244 = LINE ( 'NONE', #853, #2070 ) ;
#2245 = DIRECTION ( 'NONE',  ( 0.000000000000000000, -1.000000000000000000, 0.000000000000000000 ) ) ;
#2246 = CARTESIAN_POINT ( 'NONE',  ( 86.79999999999999716, 1.449999999999999956, 8.000000000000000000 ) ) ;
#2247 = EDGE_CURVE ( 'NONE', #2, #3504, #1115, .T. ) ;
#2248 = VERTEX_POINT ( 'NONE', #1180 ) ;
#2249 = VERTEX_POINT ( 'NONE', #4239 ) ;
#2250 = AXIS2_PLACEMENT_3D ( 'NONE', #2821, #894, #4338 ) ;
#2251 = ORIENTED_EDGE ( 'NONE', *, *, #2084, .F. ) ;
#2252 = ORIENTED_EDGE ( 'NONE', *, *, #1709, .F. ) ;
#2253 = LINE ( 'NONE', #2078, #753 ) ;
#2255 = ORIENTED_EDGE ( 'NONE', *, *, #4549, .T. ) ;
#2254 = VERTEX_POINT ( 'NONE', #3423 ) ;
#2256 = VERTEX_POINT ( 'NONE', #3822 ) ;
#2257 = EDGE_CURVE ( 'NONE', #1540, #1848, #646, .T. ) ;
#2258 = VECTOR ( 'NONE', #2726, 1000.000000000000000 ) ;
#2259 = VERTEX_POINT ( 'NONE', #1968 ) ;
#2260 = LINE ( 'NONE', #1926, #874 ) ;
#2261 = FACE_OUTER_BOUND ( 'NONE', #2425, .T. ) ;
#2262 = DIRECTION ( 'NONE',  ( 0.000000000000000000, -1.000000000000000000, 0.000000000000000000 ) ) ;
#2263 = DIRECTION ( 'NONE',  ( -0.000000000000000000, 1.000000000000000000, 2.282530889443167022E-16 ) ) ;
#2264 = AXIS2_PLACEMENT_3D ( 'NONE', #980, #1387, #3632 ) ;
#2265 = LINE ( 'NONE', #2491, #1250 ) ;
#2266 = DIRECTION ( 'NONE',  ( -1.000000000000000000, 1.400000000000000345E-14, 0.000000000000000000 ) ) ;
#2267 = DIRECTION ( 'NONE',  ( -0.000000000000000000, -1.000000000000000000, -0.000000000000000000 ) ) ;
#2268 = EDGE_CURVE ( 'NONE', #3673, #4411, #1306, .T. ) ;
#2269 = ORIENTED_EDGE ( 'NONE', *, *, #3392, .T. ) ;
#2270 = DIRECTION ( 'NONE',  ( -0.7071067811865439090, 0.7071067811865512365, 0.000000000000000000 ) ) ;
#2271 = LINE ( 'NONE', #507, #2033 ) ;
#2272 = EDGE_CURVE ( 'NONE', #436, #1625, #1380, .T. ) ;
#2273 = AXIS2_PLACEMENT_3D ( 'NONE', #169, #4685, #1311 ) ;
#2274 = UNCERTAINTY_MEASURE_WITH_UNIT (LENGTH_MEASURE( 1.000000000000000082E-05 ), #2168, 'distance_accuracy_value', 'NONE');
#2275 = CARTESIAN_POINT ( 'NONE',  ( 88.40000000000000568, 4.299999999999992717, 57.40000000000001279 ) ) ;
#2276 = CARTESIAN_POINT ( 'NONE',  ( 29.24999999996617106, -2.579802170216006552, -1.800000000000000044 ) ) ;
#2277 = LINE ( 'NONE', #2849, #3768 ) ;
#2278 = VECTOR ( 'NONE', #4255, 1000.000000000000000 ) ;
#2279 = VERTEX_POINT ( 'NONE', #1612 ) ;
#2280 = PLANE ( 'NONE',  #151 ) ;
#2281 = VERTEX_POINT ( 'NONE', #4592 ) ;
#2282 = DIRECTION ( 'NONE',  ( 0.000000000000000000, 1.000000000000000000, 0.000000000000000000 ) ) ;
#2283 = CARTESIAN_POINT ( 'NONE',  ( 86.79999999999999716, 0.09999999999999939493, 0.000000000000000000 ) ) ;
#2284 = LINE ( 'NONE', #4588, #2236 ) ;
#2286 = VERTEX_POINT ( 'NONE', #2365 ) ;
#2285 = ORIENTED_EDGE ( 'NONE', *, *, #1675, .T. ) ;
#2287 = CARTESIAN_POINT ( 'NONE',  ( 82.80000000000001137, 2.700000000000000178, 4.799999999999999822 ) ) ;
#2288 = EDGE_CURVE ( 'NONE', #4882, #4409, #300, .T. ) ;
#2289 = LINE ( 'NONE', #3113, #2771 ) ;
#2291 = ORIENTED_EDGE ( 'NONE', *, *, #1572, .T. ) ;
#2290 = ORIENTED_EDGE ( 'NONE', *, *, #1667, .T. ) ;
#2292 = CARTESIAN_POINT ( 'NONE',  ( 2.399999999999999467, 4.299999999999999822, 57.00000000000000000 ) ) ;
#2293 = ORIENTED_EDGE ( 'NONE', *, *, #76, .T. ) ;
#2294 = VECTOR ( 'NONE', #1647, 1000.000000000000000 ) ;
#2295 = CARTESIAN_POINT ( 'NONE',  ( -0.2000000000000000111, 2.699999999999997513, 0.000000000000000000 ) ) ;
#2296 = ORIENTED_EDGE ( 'NONE', *, *, #379, .T. ) ;
#2297 = EDGE_CURVE ( 'NONE', #540, #4524, #4120, .T. ) ;
#2298 = ORIENTED_EDGE ( 'NONE', *, *, #4611, .F. ) ;
#2299 = DIRECTION ( 'NONE',  ( 1.400000000000014387E-14, 1.000000000000000000, 0.000000000000000000 ) ) ;
#2300 = FACE_OUTER_BOUND ( 'NONE', #789, .T. ) ;
#2301 = ORIENTED_EDGE ( 'NONE', *, *, #2907, .T. ) ;
#2302 = CARTESIAN_POINT ( 'NONE',  ( 81.00000095400000077, 3.500000000000012434, 51.00000000000000000 ) ) ;
#2303 = VECTOR ( 'NONE', #3072, 1000.000000000000000 ) ;
#2304 = EDGE_CURVE ( 'NONE', #4314, #4046, #2794, .T. ) ;
#2305 = AXIS2_PLACEMENT_3D ( 'NONE', #4603, #61, #3866 ) ;
#2306 = EDGE_LOOP ( 'NONE', ( #2137, #2232, #3701, #3985, #3351, #3135, #939 ) ) ;
#2307 = CIRCLE ( 'NONE', #4242, 1.599999999999997202 ) ;
#2308 = ORIENTED_EDGE ( 'NONE', *, *, #3010, .T. ) ;
#2309 = DIRECTION ( 'NONE',  ( 1.000000000000000000, 0.000000000000000000, 0.000000000000000000 ) ) ;
#2310 = DIRECTION ( 'NONE',  ( 1.000000000000000000, 0.000000000000000000, 0.000000000000000000 ) ) ;
#2311 = DIRECTION ( 'NONE',  ( 0.7071067811865399122, -8.488821684060292615E-17, 0.7071067811865551223 ) ) ;
#2312 = VECTOR ( 'NONE', #4443, 1000.000000000000000 ) ;
#2313 = CARTESIAN_POINT ( 'NONE',  ( 23.17277953512708777, -1.452796087347582477, -0.9999999999996875832 ) ) ;
#2314 = VERTEX_POINT ( 'NONE', #3872 ) ;
#2315 = LINE ( 'NONE', #4315, #3065 ) ;
#2316 = VECTOR ( 'NONE', #926, 1000.000000000000000 ) ;
#2317 = DIRECTION ( 'NONE',  ( -1.000000000000000000, 0.000000000000000000, 1.403085164393005543E-14 ) ) ;
#2318 = DIRECTION ( 'NONE',  ( 0.7071067811865536790, -8.488821684060127448E-17, 0.7071067811865414665 ) ) ;
#2319 = CARTESIAN_POINT ( 'NONE',  ( -0.2000000000000000111, 0.1000000000000000056, 0.000000000000000000 ) ) ;
#2320 = LINE ( 'NONE', #3563, #545 ) ;
#2321 = CARTESIAN_POINT ( 'NONE',  ( 7.000000000000006217, 4.299999999999992717, 57.00000000000000711 ) ) ;
#2322 = CARTESIAN_POINT ( 'NONE',  ( 84.20000000000000284, -10.10000000000001918, 57.80000000000000426 ) ) ;
#2323 = VERTEX_POINT ( 'NONE', #4205 ) ;
#2324 = EDGE_CURVE ( 'NONE', #3125, #4199, #4525, .T. ) ;
#2325 = CARTESIAN_POINT ( 'NONE',  ( 35.92829176336518771, -2.132598257564089383, -0.1999999999999999833 ) ) ;
#2326 = DIRECTION ( 'NONE',  ( 0.000000000000000000, -0.000000000000000000, -1.000000000000000000 ) ) ;
#2327 = VERTEX_POINT ( 'NONE', #843 ) ;
#2328 = ADVANCED_FACE ( 'NONE', ( #458 ), #933, .T. ) ;
#2329 = ORIENTED_EDGE ( 'NONE', *, *, #1753, .F. ) ;
#2330 = DIRECTION ( 'NONE',  ( -1.000000000000000000, 0.000000000000000000, 0.000000000000000000 ) ) ;
#2331 = CARTESIAN_POINT ( 'NONE',  ( 82.00000000000001421, 2.699999999999994404, 55.79999999999999716 ) ) ;
#2332 = EDGE_LOOP ( 'NONE', ( #2603, #1269, #59, #947 ) ) ;
#2333 = FACE_OUTER_BOUND ( 'NONE', #156, .T. ) ;
#2334 = EDGE_LOOP ( 'NONE', ( #1689, #1452, #3273, #1437 ) ) ;
#2335 = EDGE_CURVE ( 'NONE', #3784, #225, #873, .T. ) ;
#2336 = DIRECTION ( 'NONE',  ( 0.000000000000000000, -0.000000000000000000, 1.000000000000000000 ) ) ;
#2337 = VERTEX_POINT ( 'NONE', #914 ) ;
#2338 = VECTOR ( 'NONE', #1131, 1000.000000000000000 ) ;
#2339 = CARTESIAN_POINT ( 'NONE',  ( 29.24999999996618882, -2.579802170216007884, -0.1999999999999999833 ) ) ;
#2340 = ORIENTED_EDGE ( 'NONE', *, *, #4053, .F. ) ;
#2341 = DIRECTION ( 'NONE',  ( 0.000000000000000000, 1.000000000000000000, 0.000000000000000000 ) ) ;
#2342 = AXIS2_PLACEMENT_3D ( 'NONE', #4177, #410, #3061 ) ;
#2343 = EDGE_CURVE ( 'NONE', #3205, #386, #1241, .T. ) ;
#2344 = DIRECTION ( 'NONE',  ( 0.6880060194648467409, 0.7257049794373309215, -1.688913406688101835E-14 ) ) ;
#2345 = DIRECTION ( 'NONE',  ( -0.000000000000000000, 1.000000000000000000, -0.000000000000000000 ) ) ;
#2346 = LINE ( 'NONE', #3699, #1353 ) ;
#2347 = EDGE_CURVE ( 'NONE', #1789, #4096, #1169, .T. ) ;
#2348 = ORIENTED_EDGE ( 'NONE', *, *, #4327, .T. ) ;
#2349 = LINE ( 'NONE', #4294, #3217 ) ;
#2350 = CARTESIAN_POINT ( 'NONE',  ( 4.000000000000003553, -3.000000000000008438, 0.000000000000000000 ) ) ;
#2351 = CARTESIAN_POINT ( 'NONE',  ( 81.00000095400000077, 3.500000000000017764, 7.000000237999992159 ) ) ;
#2352 = ADVANCED_FACE ( 'NONE', ( #3343, #2367, #3387 ), #3904, .F. ) ;
#2353 = VERTEX_POINT ( 'NONE', #168 ) ;
#2354 = EDGE_CURVE ( 'NONE', #3344, #1370, #2554, .T. ) ;
#2355 = CARTESIAN_POINT ( 'NONE',  ( 87.00000095400001499, 4.299999999999993605, 51.00000000000000000 ) ) ;
#2356 = DIRECTION ( 'NONE',  ( 0.000000000000000000, 1.000000000000000000, 2.879209088758185681E-16 ) ) ;
#2357 = LINE ( 'NONE', #1069, #442 ) ;
#2359 = VERTEX_POINT ( 'NONE', #1348 ) ;
#2358 = VERTEX_POINT ( 'NONE', #1725 ) ;
#2360 = VERTEX_POINT ( 'NONE', #597 ) ;
#2361 = DIRECTION ( 'NONE',  ( -1.000000000000000000, -0.000000000000000000, -0.000000000000000000 ) ) ;
#2362 = VECTOR ( 'NONE', #2501, 1000.000000000000000 ) ;
#2363 = EDGE_CURVE ( 'NONE', #2660, #2498, #1783, .T. ) ;
#2364 = VERTEX_POINT ( 'NONE', #3927 ) ;
#2365 = CARTESIAN_POINT ( 'NONE',  ( 88.40000000000000568, -1.399999999999999911, 39.39999999999972147 ) ) ;
#2366 = CARTESIAN_POINT ( 'NONE',  ( 70.40000000000000568, -3.000000000000000000, -1.800000000000000044 ) ) ;
#2367 = FACE_OUTER_BOUND ( 'NONE', #1242, .T. ) ;
#2368 = ORIENTED_EDGE ( 'NONE', *, *, #891, .T. ) ;
#2369 = CARTESIAN_POINT ( 'NONE',  ( 7.000000000000006217, 4.299999999999993605, 51.00000000000000000 ) ) ;
#2370 = DIRECTION ( 'NONE',  ( 0.000000000000000000, -1.000000000000000000, 0.000000000000000000 ) ) ;
#2371 = EDGE_CURVE ( 'NONE', #383, #3194, #2253, .T. ) ;
#2372 = VECTOR ( 'NONE', #4846, 1000.000000000000000 ) ;
#2373 = AXIS2_PLACEMENT_3D ( 'NONE', #3879, #102, #864 ) ;
#2374 = VERTEX_POINT ( 'NONE', #2115 ) ;
#2375 = DIRECTION ( 'NONE',  ( 0.000000000000000000, 1.000000000000000000, 0.000000000000000000 ) ) ;
#2376 = DIRECTION ( 'NONE',  ( 1.000000000000000000, 0.000000000000000000, 0.000000000000000000 ) ) ;
#2377 = CARTESIAN_POINT ( 'NONE',  ( 7.000000000000006217, 4.299999999999998934, 7.000000237999992159 ) ) ;
#2378 = VERTEX_POINT ( 'NONE', #2850 ) ;
#2379 = DIRECTION ( 'NONE',  ( 1.000000000000000000, 0.000000000000000000, -0.000000000000000000 ) ) ;
#2380 = ADVANCED_FACE ( 'NONE', ( #1003 ), #2448, .F. ) ;
#2381 = VECTOR ( 'NONE', #567, 1000.000000000000000 ) ;
#2382 = EDGE_LOOP ( 'NONE', ( #3209, #3053, #1996, #4852 ) ) ;
#2383 = CARTESIAN_POINT ( 'NONE',  ( 1.800000000000000044, 1.449999999999999956, 34.24999999999941025 ) ) ;
#2384 = CARTESIAN_POINT ( 'NONE',  ( 86.79999999999999716, 0.000000000000000000, 0.000000000000000000 ) ) ;
#2386 = LINE ( 'NONE', #2511, #2107 ) ;
#2385 = VECTOR ( 'NONE', #2915, 1000.000000000000000 ) ;
#2387 = ORIENTED_EDGE ( 'NONE', *, *, #3826, .T. ) ;
#2388 = CARTESIAN_POINT ( 'NONE',  ( 151.0230788128466202, 4.299999999999999822, -2.168404344971008868E-16 ) ) ;
#2389 = DIRECTION ( 'NONE',  ( 0.7071067811865459074, 8.488821684060222358E-17, -0.7071067811865491270 ) ) ;
#2390 = EDGE_CURVE ( 'NONE', #4152, #1531, #2899, .T. ) ;
#2391 = CARTESIAN_POINT ( 'NONE',  ( 1.800000000000000044, 1.579999999999735172, 34.24999999999941025 ) ) ;
#2392 = VERTEX_POINT ( 'NONE', #2037 ) ;
#2393 = CARTESIAN_POINT ( 'NONE',  ( -1.800000000000000266, -0.1300000000003228295, 34.24999999999941025 ) ) ;
#2395 = FACE_OUTER_BOUND ( 'NONE', #844, .T. ) ;
#2394 = LINE ( 'NONE', #271, #4264 ) ;
#2396 = CARTESIAN_POINT ( 'NONE',  ( 28.59999999996615827, -2.579802170215999002, -0.9999999999997519762 ) ) ;
#2397 = CARTESIAN_POINT ( 'NONE',  ( 41.99999999996617817, -2.579802170216178414, -0.1999999999999999833 ) ) ;
#2398 = ORIENTED_EDGE ( 'NONE', *, *, #1610, .T. ) ;
#2399 = EDGE_CURVE ( 'NONE', #2449, #4867, #4349, .T. ) ;
#2401 = FACE_OUTER_BOUND ( 'NONE', #3764, .T. ) ;
#2400 = LINE ( 'NONE', #845, #793 ) ;
#2402 = CARTESIAN_POINT ( 'NONE',  ( -1.800000000000000266, -4.299999999999999822, 3.399999999999998579 ) ) ;
#2403 = CARTESIAN_POINT ( 'NONE',  ( 14.39999999999999680, 4.300000000000001599, 57.80000000000000426 ) ) ;
#2404 = DIRECTION ( 'NONE',  ( 0.000000000000000000, -1.000000000000000000, 0.000000000000000000 ) ) ;
#2405 = ADVANCED_FACE ( 'NONE', ( #1373 ), #3542, .F. ) ;
#2406 = LINE ( 'NONE', #2679, #1281 ) ;
#2407 = LINE ( 'NONE', #905, #1413 ) ;
#2408 = ORIENTED_EDGE ( 'NONE', *, *, #329, .F. ) ;
#2409 = AXIS2_PLACEMENT_3D ( 'NONE', #3169, #4671, #881 ) ;
#2410 = DIRECTION ( 'NONE',  ( 1.000000000000000000, -0.000000000000000000, 0.000000000000000000 ) ) ;
#2411 = DIRECTION ( 'NONE',  ( 1.000000000000000000, -0.000000000000000000, 0.000000000000000000 ) ) ;
#2412 = EDGE_CURVE ( 'NONE', #3447, #1884, #3620, .T. ) ;
#2413 = DIRECTION ( 'NONE',  ( 8.340016711426957261E-16, 0.000000000000000000, -1.000000000000000000 ) ) ;
#2414 = ORIENTED_EDGE ( 'NONE', *, *, #4716, .F. ) ;
#2415 = ORIENTED_EDGE ( 'NONE', *, *, #277, .T. ) ;
#2416 = CARTESIAN_POINT ( 'NONE',  ( 22.52829176336517136, -2.132598257563893096, -1.800000000000000044 ) ) ;
#2417 = CARTESIAN_POINT ( 'NONE',  ( 1.800000000000004929, 1.449999999999999956, 48.00000000000000000 ) ) ;
#2418 = VECTOR ( 'NONE', #1550, 1000.000000000000114 ) ;
#2419 = ORIENTED_EDGE ( 'NONE', *, *, #1634, .F. ) ;
#2420 = CARTESIAN_POINT ( 'NONE',  ( 151.0230788128466202, 4.299999999999992717, 54.99999999999997868 ) ) ;
#2421 = FACE_OUTER_BOUND ( 'NONE', #4121, .T. ) ;
#2422 = VECTOR ( 'NONE', #1878, 1000.000000000000000 ) ;
#2424 = ORIENTED_EDGE ( 'NONE', *, *, #211, .F. ) ;
#2423 = EDGE_LOOP ( 'NONE', ( #2519, #2301, #344, #228 ) ) ;
#2425 = EDGE_LOOP ( 'NONE', ( #693, #2830, #453, #3383 ) ) ;
#2426 = EDGE_CURVE ( 'NONE', #1024, #2594, #2548, .T. ) ;
#2427 = DIRECTION ( 'NONE',  ( -1.399999999999999714E-14, -9.999999999999999988E-15, -1.000000000000000000 ) ) ;
#2428 = CARTESIAN_POINT ( 'NONE',  ( 84.20000000000000284, -10.10000000000001918, 57.80000000000000426 ) ) ;
#2429 = VECTOR ( 'NONE', #445, 1000.000000000000000 ) ;
#2430 = CARTESIAN_POINT ( 'NONE',  ( 1.799999999999996048, 2.700000000000001066, -2.168404344971008868E-16 ) ) ;
#2431 = ORIENTED_EDGE ( 'NONE', *, *, #2653, .T. ) ;
#2432 = ADVANCED_FACE ( 'NONE', ( #1600 ), #1270, .F. ) ;
#2433 = EDGE_CURVE ( 'NONE', #2286, #2279, #3871, .T. ) ;
#2434 = AXIS2_PLACEMENT_3D ( 'NONE', #4695, #2777, #3915 ) ;
#2435 = PLANE ( 'NONE',  #2754 ) ;
#2436 = VERTEX_POINT ( 'NONE', #3608 ) ;
#2437 = DIRECTION ( 'NONE',  ( 0.000000000000000000, 0.000000000000000000, 1.000000000000000000 ) ) ;
#2438 = LINE ( 'NONE', #3045, #2212 ) ;
#2439 = CARTESIAN_POINT ( 'NONE',  ( 86.20000095400001783, 2.400000000000000355, 7.000000237999993935 ) ) ;
#2440 = DIRECTION ( 'NONE',  ( 0.000000000000000000, 1.000000000000000000, 0.000000000000000000 ) ) ;
#2441 = AXIS2_PLACEMENT_3D ( 'NONE', #2384, #3107, #140 ) ;
#2442 = ADVANCED_FACE ( 'NONE', ( #3441 ), #1893, .F. ) ;
#2443 = DIRECTION ( 'NONE',  ( 0.000000000000000000, -0.000000000000000000, 1.000000000000000000 ) ) ;
#2444 = CARTESIAN_POINT ( 'NONE',  ( 16.06999999999954909, -3.000000000000007105, -1.799999999999239320 ) ) ;
#2445 = EDGE_LOOP ( 'NONE', ( #77, #2692, #1830, #739 ) ) ;
#2446 = PLANE ( 'NONE',  #4849 ) ;
#2447 = CARTESIAN_POINT ( 'NONE',  ( -0.2000000000000009548, 2.699999999999997513, 8.000000000000000000 ) ) ;
#2448 = PLANE ( 'NONE',  #689 ) ;
#2449 = VERTEX_POINT ( 'NONE', #4808 ) ;
#2450 = LINE ( 'NONE', #1727, #411 ) ;
#2451 = ORIENTED_EDGE ( 'NONE', *, *, #1615, .T. ) ;
#2452 = CARTESIAN_POINT ( 'NONE',  ( 27.95551222820427384, -1.899999999999900213, -0.9999999999997493116 ) ) ;
#2453 = ORIENTED_EDGE ( 'NONE', *, *, #3037, .T. ) ;
#2454 = EDGE_CURVE ( 'NONE', #4162, #3881, #4768, .T. ) ;
#2455 = ORIENTED_EDGE ( 'NONE', *, *, #4171, .F. ) ;
#2456 = ADVANCED_FACE ( 'NONE', ( #1655, #4226 ), #976, .F. ) ;
#2457 = EDGE_LOOP ( 'NONE', ( #2846, #1554, #3212, #2483 ) ) ;
#2458 = CARTESIAN_POINT ( 'NONE',  ( 85.71168843862798781, 3.500000000000017764, 4.799999999999999822 ) ) ;
#2459 = FACE_OUTER_BOUND ( 'NONE', #1361, .T. ) ;
#2460 = EDGE_CURVE ( 'NONE', #1710, #3712, #640, .T. ) ;
#2461 = VECTOR ( 'NONE', #2650, 1000.000000000000000 ) ;
#2462 = ADVANCED_FACE ( 'NONE', ( #113, #1530 ), #1812, .F. ) ;
#2463 = CARTESIAN_POINT ( 'NONE',  ( -1.000000000000000666, -5.279878463368308239, 8.399999999999998579 ) ) ;
#2464 = DIRECTION ( 'NONE',  ( -0.000000000000000000, -0.000000000000000000, -1.000000000000000000 ) ) ;
#2465 = LINE ( 'NONE', #3380, #2939 ) ;
#2466 = EDGE_CURVE ( 'NONE', #2517, #2860, #3939, .T. ) ;
#2467 = AXIS2_PLACEMENT_3D ( 'NONE', #1515, #2411, #4642 ) ;
#2468 = CARTESIAN_POINT ( 'NONE',  ( -0.2000000000000000111, 0.09999999999999939493, 56.20000000000000284 ) ) ;
#2469 = DIRECTION ( 'NONE',  ( 1.000000000000000000, 0.000000000000000000, 0.000000000000000000 ) ) ;
#2470 = VECTOR ( 'NONE', #2560, 1000.000000000000000 ) ;
#2472 = ORIENTED_EDGE ( 'NONE', *, *, #1082, .F. ) ;
#2471 = ORIENTED_EDGE ( 'NONE', *, *, #440, .F. ) ;
#2473 = PLANE ( 'NONE',  #1406 ) ;
#2474 = CARTESIAN_POINT ( 'NONE',  ( -0.2000000000000009548, 4.301999999999993385, 8.000000000000000000 ) ) ;
#2475 = LINE ( 'NONE', #4183, #4562 ) ;
#2477 = ORIENTED_EDGE ( 'NONE', *, *, #3781, .T. ) ;
#2476 = ORIENTED_EDGE ( 'NONE', *, *, #25, .F. ) ;
#2478 = DIRECTION ( 'NONE',  ( 0.000000000000000000, 0.000000000000000000, 1.000000000000000000 ) ) ;
#2479 = ORIENTED_EDGE ( 'NONE', *, *, #2460, .T. ) ;
#2480 = CARTESIAN_POINT ( 'NONE',  ( 41.82722046483863920, -1.452796087347835163, -1.800000000000000044 ) ) ;
#2481 = LINE ( 'NONE', #473, #236 ) ;
#2482 = ADVANCED_FACE ( 'NONE', ( #1951 ), #672, .T. ) ;
#2483 = ORIENTED_EDGE ( 'NONE', *, *, #2247, .F. ) ;
#2484 = ORIENTED_EDGE ( 'NONE', *, *, #1389, .F. ) ;
#2485 = CARTESIAN_POINT ( 'NONE',  ( 70.40000000000000568, -3.000000000000000000, -1.800000000000000044 ) ) ;
#2486 = ORIENTED_EDGE ( 'NONE', *, *, #4764, .F. ) ;
#2487 = CARTESIAN_POINT ( 'NONE',  ( 29.24999999996615685, -3.000000000000005329, -1.799999999999423839 ) ) ;
#2488 = EDGE_CURVE ( 'NONE', #2392, #2556, #2709, .T. ) ;
#2489 = ORIENTED_EDGE ( 'NONE', *, *, #4764, .T. ) ;
#2490 = EDGE_LOOP ( 'NONE', ( #456, #3165, #2885, #4736 ) ) ;
#2491 = CARTESIAN_POINT ( 'NONE',  ( -1.000000000000000000, -6.100000000000012079, 1.800000000000000488 ) ) ;
#2492 = ORIENTED_EDGE ( 'NONE', *, *, #3559, .F. ) ;
#2493 = VECTOR ( 'NONE', #500, 1000.000000000000000 ) ;
#2494 = EDGE_CURVE ( 'NONE', #700, #352, #1054, .T. ) ;
#2495 = VERTEX_POINT ( 'NONE', #2151 ) ;
#2496 = CARTESIAN_POINT ( 'NONE',  ( 0.000000000000000000, 0.1000000000000000056, 57.00000000000000000 ) ) ;
#2497 = DIRECTION ( 'NONE',  ( 1.000000000000000000, 1.668003342285390318E-16, 0.000000000000000000 ) ) ;
#2498 = VERTEX_POINT ( 'NONE', #2553 ) ;
#2499 = VECTOR ( 'NONE', #2263, 1000.000000000000000 ) ;
#2500 = EDGE_CURVE ( 'NONE', #4052, #1133, #3285, .T. ) ;
#2501 = DIRECTION ( 'NONE',  ( 0.000000000000000000, 0.000000000000000000, -1.000000000000000000 ) ) ;
#2502 = EDGE_LOOP ( 'NONE', ( #4458, #578, #1218, #3810, #1601 ) ) ;
#2503 = VECTOR ( 'NONE', #4446, 1000.000000000000000 ) ;
#2504 = CARTESIAN_POINT ( 'NONE',  ( 82.60000000000000853, -8.300000000000000711, 57.00000000000000000 ) ) ;
#2505 = LINE ( 'NONE', #1266, #4131 ) ;
#2506 = ORIENTED_EDGE ( 'NONE', *, *, #3751, .T. ) ;
#2507 = ADVANCED_FACE ( 'NONE', ( #3222 ), #4031, .F. ) ;
#2508 = EDGE_CURVE ( 'NONE', #2789, #1486, #1227, .T. ) ;
#2510 = VECTOR ( 'NONE', #330, 1000.000000000000000 ) ;
#2509 = CIRCLE ( 'NONE', #1965, 0.6500000000001643352 ) ;
#2511 = CARTESIAN_POINT ( 'NONE',  ( 86.20000095400001783, 2.700000000000001066, -2.168404344971008868E-16 ) ) ;
#2512 = CARTESIAN_POINT ( 'NONE',  ( 54.59999999999999432, -3.000000000000000888, -1.000000000000000000 ) ) ;
#2513 = CARTESIAN_POINT ( 'NONE',  ( 86.79999999999999716, 4.299999999999999822, 18.55000000000047322 ) ) ;
#2514 = ORIENTED_EDGE ( 'NONE', *, *, #3041, .F. ) ;
#2515 = APPLICATION_PROTOCOL_DEFINITION ( 'draft international standard', 'automotive_design', 1998, #1778 ) ;
#2516 = DIRECTION ( 'NONE',  ( -0.000000000000000000, 0.000000000000000000, -1.000000000000000000 ) ) ;
#2517 = VERTEX_POINT ( 'NONE', #1742 ) ;
#2518 = LINE ( 'NONE', #462, #3362 ) ;
#2519 = ORIENTED_EDGE ( 'NONE', *, *, #248, .F. ) ;
#2520 = CARTESIAN_POINT ( 'NONE',  ( 88.40000000000000568, 0.1000000000000002554, 36.69999999999971863 ) ) ;
#2521 = PLANE ( 'NONE',  #3480 ) ;
#2522 = EDGE_CURVE ( 'NONE', #4333, #3735, #889, .T. ) ;
#2523 = ORIENTED_EDGE ( 'NONE', *, *, #1031, .F. ) ;
#2524 = FACE_OUTER_BOUND ( 'NONE', #3582, .T. ) ;
#2525 = FACE_OUTER_BOUND ( 'NONE', #1645, .T. ) ;
#2527 = VERTEX_POINT ( 'NONE', #3307 ) ;
#2526 = ORIENTED_EDGE ( 'NONE', *, *, #2984, .T. ) ;
#2528 = DIRECTION ( 'NONE',  ( 1.000000000000000000, 1.240954293808709933E-16, -0.000000000000000000 ) ) ;
#2529 = CARTESIAN_POINT ( 'NONE',  ( -2.100000000000123102, 2.700000000000000178, 2.100000000000132427 ) ) ;
#2530 = EDGE_CURVE ( 'NONE', #3474, #4542, #1841, .T. ) ;
#2531 = DIRECTION ( 'NONE',  ( -1.000000000000000000, 1.400000000000000345E-14, 0.000000000000000000 ) ) ;
#2532 = LINE ( 'NONE', #1785, #4872 ) ;
#2534 = ORIENTED_EDGE ( 'NONE', *, *, #1852, .T. ) ;
#2533 = VERTEX_POINT ( 'NONE', #2570 ) ;
#2535 = ADVANCED_FACE ( 'NONE', ( #2953 ), #341, .T. ) ;
#2536 = CARTESIAN_POINT ( 'NONE',  ( 14.39999999999999680, 4.300000000000001599, 57.00000000000000000 ) ) ;
#2537 = VECTOR ( 'NONE', #3317, 1000.000000000000000 ) ;
#2538 = AXIS2_PLACEMENT_3D ( 'NONE', #4864, #3719, #349 ) ;
#2539 = DIRECTION ( 'NONE',  ( 0.6880060194648398575, -0.7257049794373375828, -2.375034478134523269E-15 ) ) ;
#2540 = LINE ( 'NONE', #606, #510 ) ;
#2541 = FACE_OUTER_BOUND ( 'NONE', #2099, .T. ) ;
#2542 = EDGE_LOOP ( 'NONE', ( #3734, #4770, #2136, #3339 ) ) ;
#2543 = ORIENTED_EDGE ( 'NONE', *, *, #457, .F. ) ;
#2544 = EDGE_LOOP ( 'NONE', ( #1230, #2398, #3578, #3972 ) ) ;
#2545 = LINE ( 'NONE', #4553, #388 ) ;
#2546 = CARTESIAN_POINT ( 'NONE',  ( 86.20000095400001783, 2.699999999999995293, 47.99999999999999289 ) ) ;
#2547 = CARTESIAN_POINT ( 'NONE',  ( 88.40000000000000568, 0.1000000000000000056, 57.40000000000001279 ) ) ;
#2548 = LINE ( 'NONE', #1657, #246 ) ;
#2549 = ORIENTED_EDGE ( 'NONE', *, *, #4251, .F. ) ;
#2550 = ORIENTED_EDGE ( 'NONE', *, *, #1231, .F. ) ;
#2551 = VECTOR ( 'NONE', #1574, 1000.000000000000000 ) ;
#2552 = CARTESIAN_POINT ( 'NONE',  ( 0.000000000000000000, 0.000000000000000000, 0.000000000000000000 ) ) ;
#2553 = CARTESIAN_POINT ( 'NONE',  ( 22.34999999999955023, -2.579802170215917734, -1.800000000000000044 ) ) ;
#2554 = LINE ( 'NONE', #153, #395 ) ;
#2556 = VERTEX_POINT ( 'NONE', #2958 ) ;
#2555 = ORIENTED_EDGE ( 'NONE', *, *, #4452, .T. ) ;
#2557 = EDGE_CURVE ( 'NONE', #2123, #2248, #4826, .T. ) ;
#2558 = LINE ( 'NONE', #771, #1541 ) ;
#2559 = ORIENTED_EDGE ( 'NONE', *, *, #3676, .F. ) ;
#2560 = DIRECTION ( 'NONE',  ( -1.000000000000000000, 0.000000000000000000, 0.000000000000000000 ) ) ;
#2561 = FACE_OUTER_BOUND ( 'NONE', #4753, .T. ) ;
#2562 = ADVANCED_FACE ( 'NONE', ( #2141 ), #4851, .F. ) ;
#2563 = CARTESIAN_POINT ( 'NONE',  ( 151.0230788128466202, 0.1000000000000002554, 57.79999999999999716 ) ) ;
#2564 = EDGE_CURVE ( 'NONE', #3514, #4305, #3163, .T. ) ;
#2565 = FACE_OUTER_BOUND ( 'NONE', #4621, .T. ) ;
#2566 = CARTESIAN_POINT ( 'NONE',  ( 1.799999999999999156, 4.301999999999993385, 8.000000000000000000 ) ) ;
#2567 = ORIENTED_EDGE ( 'NONE', *, *, #440, .T. ) ;
#2568 = DIRECTION ( 'NONE',  ( -0.000000000000000000, 1.000000000000000000, 0.000000000000000000 ) ) ;
#2569 = EDGE_CURVE ( 'NONE', #2591, #1089, #3558, .T. ) ;
#2570 = CARTESIAN_POINT ( 'NONE',  ( 35.74999999999955946, -3.000000000000004441, -1.800000000000000044 ) ) ;
#2571 = ORIENTED_EDGE ( 'NONE', *, *, #921, .F. ) ;
#2572 = VECTOR ( 'NONE', #3206, 1000.000000000000000 ) ;
#2573 = CARTESIAN_POINT ( 'NONE',  ( 79.80000000000001137, 2.700000000000000178, 4.799999999999999822 ) ) ;
#2574 = CARTESIAN_POINT ( 'NONE',  ( 3.200000000000000622, 2.700000000000000622, 3.400000000000000355 ) ) ;
#2575 = ORIENTED_EDGE ( 'NONE', *, *, #326, .F. ) ;
#2576 = SURFACE_STYLE_FILL_AREA ( #1795 ) ;
#2577 = DIRECTION ( 'NONE',  ( 0.000000000000000000, -0.000000000000000000, 1.000000000000000000 ) ) ;
#2578 = CARTESIAN_POINT ( 'NONE',  ( 4.000000000000000888, -3.000000000000000000, -0.2000000000000000111 ) ) ;
#2579 = ORIENTED_EDGE ( 'NONE', *, *, #4535, .F. ) ;
#2580 = ORIENTED_EDGE ( 'NONE', *, *, #1810, .T. ) ;
#2581 = ORIENTED_EDGE ( 'NONE', *, *, #3037, .F. ) ;
#2583 = VECTOR ( 'NONE', #1268, 1000.000000000000000 ) ;
#2582 = VECTOR ( 'NONE', #1748, 1000.000000000000000 ) ;
#2584 = DIRECTION ( 'NONE',  ( 0.000000000000000000, 0.000000000000000000, 1.000000000000000000 ) ) ;
#2585 = CARTESIAN_POINT ( 'NONE',  ( 86.79999999999999716, 4.301999999999993385, 47.99999999999998579 ) ) ;
#2586 = EDGE_LOOP ( 'NONE', ( #3235, #4823, #1674, #584 ) ) ;
#2587 = VECTOR ( 'NONE', #4547, 1000.000000000000000 ) ;
#2588 = EDGE_CURVE ( 'NONE', #1476, #2163, #3990, .T. ) ;
#2589 = PLANE ( 'NONE',  #4494 ) ;
#2591 = VERTEX_POINT ( 'NONE', #3296 ) ;
#2590 = VERTEX_POINT ( 'NONE', #3338 ) ;
#2592 = CARTESIAN_POINT ( 'NONE',  ( 1.800000000000006928, 3.499999999999990230, 7.000000237999993935 ) ) ;
#2593 = VECTOR ( 'NONE', #4828, 1000.000000000000000 ) ;
#2594 = VERTEX_POINT ( 'NONE', #1099 ) ;
#2595 = EDGE_CURVE ( 'NONE', #1360, #898, #2601, .T. ) ;
#2596 = CARTESIAN_POINT ( 'NONE',  ( 48.99999999999997868, 3.500000000000012434, 53.19999999999999574 ) ) ;
#2597 = AXIS2_PLACEMENT_3D ( 'NONE', #3980, #1750, #4364 ) ;
#2598 = VECTOR ( 'NONE', #3021, 1000.000000000000000 ) ;
#2599 = VERTEX_POINT ( 'NONE', #4825 ) ;
#2600 = AXIS2_PLACEMENT_3D ( 'NONE', #2081, #1333, #2100 ) ;
#2601 = LINE ( 'NONE', #1445, #3678 ) ;
#2603 = ORIENTED_EDGE ( 'NONE', *, *, #4241, .T. ) ;
#2602 = ORIENTED_EDGE ( 'NONE', *, *, #675, .F. ) ;
#2604 = EDGE_CURVE ( 'NONE', #2360, #3881, #2011, .T. ) ;
#2605 = ORIENTED_EDGE ( 'NONE', *, *, #710, .T. ) ;
#2606 = LINE ( 'NONE', #958, #2143 ) ;
#2607 = VERTEX_POINT ( 'NONE', #701 ) ;
#2608 = CARTESIAN_POINT ( 'NONE',  ( -1.000000000000000000, -6.100000000000012079, 1.800000000000000488 ) ) ;
#2609 = ORIENTED_EDGE ( 'NONE', *, *, #1171, .F. ) ;
#2610 = DIRECTION ( 'NONE',  ( -0.000000000000000000, -0.000000000000000000, 1.000000000000000000 ) ) ;
#2611 = CARTESIAN_POINT ( 'NONE',  ( 86.79999999999999716, -1.399999999999999911, 18.55000000000047322 ) ) ;
#2612 = AXIS2_PLACEMENT_3D ( 'NONE', #4662, #906, #3920 ) ;
#2613 = LINE ( 'NONE', #3069, #1122 ) ;
#2615 = ORIENTED_EDGE ( 'NONE', *, *, #1863, .F. ) ;
#2614 = ORIENTED_EDGE ( 'NONE', *, *, #4191, .F. ) ;
#2616 = FACE_OUTER_BOUND ( 'NONE', #3025, .T. ) ;
#2617 = VECTOR ( 'NONE', #2148, 1000.000000000000000 ) ;
#2618 = EDGE_LOOP ( 'NONE', ( #3955, #1274, #2479, #3497 ) ) ;
#2619 = LINE ( 'NONE', #4055, #602 ) ;
#2620 = EDGE_CURVE ( 'NONE', #639, #724, #1475, .T. ) ;
#2621 = FACE_OUTER_BOUND ( 'NONE', #1724, .T. ) ;
#2622 = VERTEX_POINT ( 'NONE', #1500 ) ;
#2623 = DIRECTION ( 'NONE',  ( 0.000000000000000000, -0.000000000000000000, 1.000000000000000000 ) ) ;
#2624 = ORIENTED_EDGE ( 'NONE', *, *, #4296, .F. ) ;
#2625 = EDGE_CURVE ( 'NONE', #1472, #3096, #697, .T. ) ;
#2626 = CARTESIAN_POINT ( 'NONE',  ( 70.40000000000000568, -3.000000000000000000, -1.800000000000000044 ) ) ;
#2627 = CARTESIAN_POINT ( 'NONE',  ( 86.79999999999999716, 4.299999999999999822, 2.150000000000472422 ) ) ;
#2628 = DIRECTION ( 'NONE',  ( 0.000000000000000000, -1.157511216176695077E-16, 1.000000000000000000 ) ) ;
#2629 = ORIENTED_EDGE ( 'NONE', *, *, #1097, .T. ) ;
#2630 = VECTOR ( 'NONE', #11, 1000.000000000000000 ) ;
#2631 = EDGE_CURVE ( 'NONE', #3642, #4837, #3382, .T. ) ;
#2632 = AXIS2_PLACEMENT_3D ( 'NONE', #106, #2427, #165 ) ;
#2633 = LINE ( 'NONE', #1687, #3588 ) ;
#2634 = CARTESIAN_POINT ( 'NONE',  ( 70.40000000000000568, -3.000000000000000000, -1.800000000000000044 ) ) ;
#2636 = VECTOR ( 'NONE', #393, 1000.000000000000000 ) ;
#2635 = LINE ( 'NONE', #1375, #1629 ) ;
#2637 = DIRECTION ( 'NONE',  ( 1.000000000000000000, -0.000000000000000000, -2.312964634635729960E-14 ) ) ;
#2638 = VECTOR ( 'NONE', #4222, 1000.000000000000000 ) ;
#2639 = CARTESIAN_POINT ( 'NONE',  ( 1.800000000000001599, 3.499999999999984901, 51.00000000000000000 ) ) ;
#2640 = VECTOR ( 'NONE', #111, 1000.000000000000000 ) ;
#2641 = ORIENTED_EDGE ( 'NONE', *, *, #928, .F. ) ;
#2642 = LINE ( 'NONE', #3044, #434 ) ;
#2643 = LINE ( 'NONE', #4812, #2593 ) ;
#2644 = VERTEX_POINT ( 'NONE', #4497 ) ;
#2645 = CARTESIAN_POINT ( 'NONE',  ( -0.2000000000000000111, 2.700000000000001066, -2.168404344971008868E-16 ) ) ;
#2646 = CARTESIAN_POINT ( 'NONE',  ( 6.329999999999571969, -3.000000000000007994, -1.800000000000000044 ) ) ;
#2647 = EDGE_CURVE ( 'NONE', #3708, #3903, #2357, .T. ) ;
#2648 = ORIENTED_EDGE ( 'NONE', *, *, #3136, .T. ) ;
#2649 = VECTOR ( 'NONE', #1172, 1000.000000000000000 ) ;
#2650 = DIRECTION ( 'NONE',  ( 0.000000000000000000, -0.000000000000000000, 1.000000000000000000 ) ) ;
#2651 = CARTESIAN_POINT ( 'NONE',  ( 22.34999999999958931, -3.128999999999974348E-13, -1.800000000000000044 ) ) ;
#2652 = VECTOR ( 'NONE', #1529, 1000.000000000000000 ) ;
#2653 = EDGE_CURVE ( 'NONE', #3281, #704, #3280, .T. ) ;
#2654 = ORIENTED_EDGE ( 'NONE', *, *, #2817, .T. ) ;
#2655 = VERTEX_POINT ( 'NONE', #2226 ) ;
#2656 = AXIS2_PLACEMENT_3D ( 'NONE', #2397, #134, #2788 ) ;
#2657 = VERTEX_POINT ( 'NONE', #4123 ) ;
#2658 = CARTESIAN_POINT ( 'NONE',  ( 14.39999999999999680, 0.1000000000000000056, 57.00000000000000000 ) ) ;
#2659 = CARTESIAN_POINT ( 'NONE',  ( 15.99999999999998579, 0.1000000000000000056, 0.000000000000000000 ) ) ;
#2660 = VERTEX_POINT ( 'NONE', #1080 ) ;
#2661 = ORIENTED_EDGE ( 'NONE', *, *, #2522, .T. ) ;
#2662 = EDGE_LOOP ( 'NONE', ( #4329, #509, #2476, #3365, #673, #1860, #3537, #2255 ) ) ;
#2663 = DIRECTION ( 'NONE',  ( -1.000000000000000000, -1.668003342285390318E-16, 0.000000000000000000 ) ) ;
#2664 = EDGE_CURVE ( 'NONE', #1916, #2599, #3739, .T. ) ;
#2665 = VERTEX_POINT ( 'NONE', #314 ) ;
#2666 = DIRECTION ( 'NONE',  ( -1.399999999999999714E-14, -9.999999999999999988E-15, -1.000000000000000000 ) ) ;
#2667 = EDGE_LOOP ( 'NONE', ( #3082, #3322, #2648, #699 ) ) ;
#2668 = CARTESIAN_POINT ( 'NONE',  ( 1.800000000000000044, 1.579999999999735172, 21.69999999999940599 ) ) ;
#2669 = EDGE_CURVE ( 'NONE', #2180, #2982, #1708, .T. ) ;
#2670 = LINE ( 'NONE', #3757, #2157 ) ;
#2671 = FACE_OUTER_BOUND ( 'NONE', #3843, .T. ) ;
#2672 = ORIENTED_EDGE ( 'NONE', *, *, #2564, .F. ) ;
#2673 = DIRECTION ( 'NONE',  ( 0.000000000000000000, -1.000000000000000000, 0.000000000000000000 ) ) ;
#2674 = EDGE_CURVE ( 'NONE', #387, #1325, #2950, .T. ) ;
#2675 = ORIENTED_EDGE ( 'NONE', *, *, #2347, .T. ) ;
#2676 = CARTESIAN_POINT ( 'NONE',  ( 14.39999999999999680, 0.1000000000000000056, 0.000000000000000000 ) ) ;
#2677 = EDGE_CURVE ( 'NONE', #1076, #1752, #1291, .T. ) ;
#2678 = ORIENTED_EDGE ( 'NONE', *, *, #4788, .T. ) ;
#2679 = CARTESIAN_POINT ( 'NONE',  ( 86.79999999999999716, -1.399999999999999911, 2.150000000000471090 ) ) ;
#2680 = CARTESIAN_POINT ( 'NONE',  ( 1.000000000000000888, 4.299999999999999822, -2.168404344971008868E-16 ) ) ;
#2681 = ORIENTED_EDGE ( 'NONE', *, *, #1318, .T. ) ;
#2682 = VERTEX_POINT ( 'NONE', #1946 ) ;
#2683 = FACE_OUTER_BOUND ( 'NONE', #4698, .T. ) ;
#2684 = AXIS2_PLACEMENT_3D ( 'NONE', #4529, #1581, #3389 ) ;
#2685 = DIRECTION ( 'NONE',  ( 1.245113975359227837E-14, 1.000000000000000000, 0.000000000000000000 ) ) ;
#2686 = DIRECTION ( 'NONE',  ( 1.000000000000000000, 0.000000000000000000, 0.000000000000000000 ) ) ;
#2687 = DIRECTION ( 'NONE',  ( -1.000000000000000000, 0.000000000000000000, 1.401122807519688769E-14 ) ) ;
#2688 = ORIENTED_EDGE ( 'NONE', *, *, #3231, .F. ) ;
#2689 = FACE_OUTER_BOUND ( 'NONE', #3804, .T. ) ;
#2690 = ORIENTED_EDGE ( 'NONE', *, *, #4059, .F. ) ;
#2691 = DIRECTION ( 'NONE',  ( 1.463672932855430986E-16, 0.000000000000000000, 1.000000000000000000 ) ) ;
#2693 = VERTEX_POINT ( 'NONE', #3364 ) ;
#2692 = ORIENTED_EDGE ( 'NONE', *, *, #3626, .T. ) ;
#2694 = PLANE ( 'NONE',  #744 ) ;
#2695 = FACE_OUTER_BOUND ( 'NONE', #484, .T. ) ;
#2696 = VECTOR ( 'NONE', #4429, 1000.000000000000000 ) ;
#2697 = EDGE_CURVE ( 'NONE', #831, #1851, #4634, .T. ) ;
#2698 = ORIENTED_EDGE ( 'NONE', *, *, #3312, .F. ) ;
#2699 = FACE_OUTER_BOUND ( 'NONE', #3408, .T. ) ;
#2700 = CARTESIAN_POINT ( 'NONE',  ( -0.2000000000000000111, -0.1300000000003228295, 34.24999999999941025 ) ) ;
#2701 = DIRECTION ( 'NONE',  ( 0.000000000000000000, -1.000000000000000000, 0.000000000000000000 ) ) ;
#2703 = ORIENTED_EDGE ( 'NONE', *, *, #52, .F. ) ;
#2702 = ORIENTED_EDGE ( 'NONE', *, *, #963, .F. ) ;
#2704 = EDGE_CURVE ( 'NONE', #4322, #4052, #3046, .T. ) ;
#2705 = ORIENTED_EDGE ( 'NONE', *, *, #2002, .T. ) ;
#2706 = PLANE ( 'NONE',  #4028 ) ;
#2707 = DIRECTION ( 'NONE',  ( 0.000000000000000000, -1.000000000000000000, -1.157511216176695077E-16 ) ) ;
#2708 = LINE ( 'NONE', #4585, #2776 ) ;
#2709 = CIRCLE ( 'NONE', #524, 1.700000000000000178 ) ;
#2710 = ORIENTED_EDGE ( 'NONE', *, *, #1371, .F. ) ;
#2711 = DIRECTION ( 'NONE',  ( 0.000000000000000000, 0.000000000000000000, -1.000000000000000000 ) ) ;
#2712 = DIRECTION ( 'NONE',  ( -1.000000000000000000, 0.000000000000000000, -0.000000000000000000 ) ) ;
#2713 = EDGE_CURVE ( 'NONE', #2109, #2590, #1053, .T. ) ;
#2714 = DIRECTION ( 'NONE',  ( 0.000000000000000000, 1.000000000000000000, 0.000000000000000000 ) ) ;
#2715 = DIRECTION ( 'NONE',  ( 1.000000000000000000, 1.240954293808709933E-16, -0.000000000000000000 ) ) ;
#2716 = DIRECTION ( 'NONE',  ( 0.000000000000000000, 1.000000000000000000, 0.000000000000000000 ) ) ;
#2717 = ORIENTED_EDGE ( 'NONE', *, *, #175, .F. ) ;
#2718 = VECTOR ( 'NONE', #1589, 1000.000000000000000 ) ;
#2719 = ORIENTED_EDGE ( 'NONE', *, *, #798, .T. ) ;
#2720 = CARTESIAN_POINT ( 'NONE',  ( -1.000000000000000000, -4.299999999999999822, 3.399999999999998579 ) ) ;
#2721 = CARTESIAN_POINT ( 'NONE',  ( 70.00000000000000000, 2.700000000000000178, 1.800000000000000044 ) ) ;
#2722 = ADVANCED_FACE ( 'NONE', ( #512 ), #391, .F. ) ;
#2723 = CARTESIAN_POINT ( 'NONE',  ( -1.000000000000000000, -4.299999999999999822, 6.799999999999999822 ) ) ;
#2724 = DIRECTION ( 'NONE',  ( -0.000000000000000000, -1.000000000000000000, -0.000000000000000000 ) ) ;
#2725 = ORIENTED_EDGE ( 'NONE', *, *, #144, .F. ) ;
#2726 = DIRECTION ( 'NONE',  ( 1.000000000000000000, 0.000000000000000000, 0.000000000000000000 ) ) ;
#2727 = FACE_OUTER_BOUND ( 'NONE', #1501, .T. ) ;
#2728 = DIRECTION ( 'NONE',  ( 0.000000000000000000, -1.000000000000000000, -1.200500675416475525E-16 ) ) ;
#2729 = DIRECTION ( 'NONE',  ( -1.000000000000000000, 0.000000000000000000, 0.000000000000000000 ) ) ;
#2730 = CARTESIAN_POINT ( 'NONE',  ( 82.60000000000000853, -8.300000000000000711, 57.80000000000000426 ) ) ;
#2731 = DIRECTION ( 'NONE',  ( 0.000000000000000000, -0.000000000000000000, -1.000000000000000000 ) ) ;
#2732 = DIRECTION ( 'NONE',  ( -0.000000000000000000, 1.000000000000000000, 1.157511216176695077E-16 ) ) ;
#2733 = CARTESIAN_POINT ( 'NONE',  ( 35.74999999999954525, -2.579802170216105139, -1.800000000000000044 ) ) ;
#2734 = CARTESIAN_POINT ( 'NONE',  ( 86.20000095400000362, 3.500000000000012434, 51.00000000000000000 ) ) ;
#2735 = ORIENTED_EDGE ( 'NONE', *, *, #2669, .T. ) ;
#2736 = EDGE_CURVE ( 'NONE', #2163, #1625, #2475, .T. ) ;
#2738 = LINE ( 'NONE', #4835, #3769 ) ;
#2737 = COLOUR_RGB ( '',0.7921568627450980005, 0.8196078431372548767, 0.9333333333333333481 ) ;
#2739 = PLANE ( 'NONE',  #73 ) ;
#2740 = ORIENTED_EDGE ( 'NONE', *, *, #872, .F. ) ;
#2741 = CARTESIAN_POINT ( 'NONE',  ( 35.92829176336527297, -2.132598257563980582, -0.9999999999998588907 ) ) ;
#2742 = CARTESIAN_POINT ( 'NONE',  ( 7.000000000000006217, 2.400000000000000355, 1.800000237999992425 ) ) ;
#2743 = ORIENTED_EDGE ( 'NONE', *, *, #4185, .T. ) ;
#2744 = CARTESIAN_POINT ( 'NONE',  ( -1.000000000000000000, 0.09999999999999853451, 6.799999999999999822 ) ) ;
#2745 = FACE_OUTER_BOUND ( 'NONE', #2773, .T. ) ;
#2746 = EDGE_CURVE ( 'NONE', #4071, #1513, #1775, .T. ) ;
#2747 = ORIENTED_EDGE ( 'NONE', *, *, #3738, .F. ) ;
#2748 = DIRECTION ( 'NONE',  ( -1.000000000000000000, 0.000000000000000000, 0.000000000000000000 ) ) ;
#2749 = DIRECTION ( 'NONE',  ( 1.000000000000000000, 0.000000000000000000, 0.000000000000000000 ) ) ;
#2750 = CARTESIAN_POINT ( 'NONE',  ( 86.79999999999999716, -1.399999999999999911, 2.150000000000471090 ) ) ;
#2751 = FACE_OUTER_BOUND ( 'NONE', #3067, .T. ) ;
#2752 = ADVANCED_FACE ( 'NONE', ( #2541 ), #3763, .F. ) ;
#2753 = ORIENTED_EDGE ( 'NONE', *, *, #3826, .F. ) ;
#2754 = AXIS2_PLACEMENT_3D ( 'NONE', #4337, #1308, #1385 ) ;
#2755 = DIRECTION ( 'NONE',  ( 1.000000000000000000, 0.000000000000000000, -0.000000000000000000 ) ) ;
#2756 = CARTESIAN_POINT ( 'NONE',  ( 86.79999999999999716, 0.1000000000000000056, 0.000000000000000000 ) ) ;
#2757 = EDGE_CURVE ( 'NONE', #1133, #2327, #1940, .T. ) ;
#2758 = CARTESIAN_POINT ( 'NONE',  ( 22.34999999999956444, -3.000000000000006217, -1.800000000000000044 ) ) ;
#2759 = ORIENTED_EDGE ( 'NONE', *, *, #4110, .F. ) ;
#2760 = DIRECTION ( 'NONE',  ( 1.000000000000000000, 0.000000000000000000, 0.000000000000000000 ) ) ;
#2761 = VECTOR ( 'NONE', #2637, 1000.000000000000000 ) ;
#2762 = CARTESIAN_POINT ( 'NONE',  ( 0.000000000000000000, 0.1000000000000000056, 0.000000000000000000 ) ) ;
#2763 = CARTESIAN_POINT ( 'NONE',  ( 86.79999999999999716, -1.399999999999999911, 18.55000000000047322 ) ) ;
#2764 = CIRCLE ( 'NONE', #4772, 1.599999999999999867 ) ;
#2765 = EDGE_CURVE ( 'NONE', #1987, #4247, #290, .T. ) ;
#2766 = ORIENTED_EDGE ( 'NONE', *, *, #3914, .F. ) ;
#2767 = ORIENTED_EDGE ( 'NONE', *, *, #2647, .F. ) ;
#2768 = FACE_OUTER_BOUND ( 'NONE', #2457, .T. ) ;
#2769 = CARTESIAN_POINT ( 'NONE',  ( -0.2000000000000000111, 0.000000000000000000, 0.000000000000000000 ) ) ;
#2770 = CARTESIAN_POINT ( 'NONE',  ( 54.59999999999999432, -13.20000000000001172, -1.800000000000000044 ) ) ;
#2771 = VECTOR ( 'NONE', #474, 1000.000000000000000 ) ;
#2773 = EDGE_LOOP ( 'NONE', ( #3923, #969, #1552, #2251 ) ) ;
#2772 = ORIENTED_EDGE ( 'NONE', *, *, #3772, .T. ) ;
#2774 = CARTESIAN_POINT ( 'NONE',  ( 82.60000000000000853, 0.1000000000000002554, 57.79999999999999716 ) ) ;
#2775 = EDGE_CURVE ( 'NONE', #2878, #1075, #1164, .T. ) ;
#2776 = VECTOR ( 'NONE', #417, 1000.000000000000000 ) ;
#2777 = DIRECTION ( 'NONE',  ( 1.400000000000000345E-14, 1.000000000000000000, -1.000000000000019563E-14 ) ) ;
#2778 = CARTESIAN_POINT ( 'NONE',  ( 22.34999999999954312, -3.000000000000006217, -1.799999999999327249 ) ) ;
#2779 = VECTOR ( 'NONE', #31, 1000.000000000000000 ) ;
#2780 = ORIENTED_EDGE ( 'NONE', *, *, #449, .T. ) ;
#2781 = ORIENTED_EDGE ( 'NONE', *, *, #3713, .T. ) ;
#2782 = FACE_OUTER_BOUND ( 'NONE', #492, .T. ) ;
#2783 = DIRECTION ( 'NONE',  ( -0.000000000000000000, -1.000000000000000000, -0.000000000000000000 ) ) ;
#2784 = ADVANCED_FACE ( 'NONE', ( #3495 ), #3795, .T. ) ;
#2785 = EDGE_CURVE ( 'NONE', #2789, #4837, #3373, .T. ) ;
#2786 = ORIENTED_EDGE ( 'NONE', *, *, #2933, .T. ) ;
#2787 = AXIS2_PLACEMENT_3D ( 'NONE', #4240, #447, #3874 ) ;
#2788 = DIRECTION ( 'NONE',  ( -1.000000000000000000, 1.334402673828274981E-14, 0.000000000000000000 ) ) ;
#2789 = VERTEX_POINT ( 'NONE', #1193 ) ;
#2790 = VECTOR ( 'NONE', #374, 1000.000000000000000 ) ;
#2791 = CARTESIAN_POINT ( 'NONE',  ( 6.329999999999530225, -3.000000000000007994, -1.799999999999102984 ) ) ;
#2792 = LINE ( 'NONE', #2439, #3747 ) ;
#2793 = ORIENTED_EDGE ( 'NONE', *, *, #513, .F. ) ;
#2794 = CIRCLE ( 'NONE', #2656, 0.6500000000000185629 ) ;
#2795 = ORIENTED_EDGE ( 'NONE', *, *, #4372, .T. ) ;
#2796 = CARTESIAN_POINT ( 'NONE',  ( -0.2000000000000000111, -18.20000000000000284, 56.20000000000000284 ) ) ;
#2797 = PLANE ( 'NONE',  #2945 ) ;
#2798 = DIRECTION ( 'NONE',  ( 0.000000000000000000, 0.000000000000000000, -1.000000000000000000 ) ) ;
#2799 = AXIS2_PLACEMENT_3D ( 'NONE', #1524, #1913, #696 ) ;
#2800 = ORIENTED_EDGE ( 'NONE', *, *, #2347, .F. ) ;
#2801 = PLANE ( 'NONE',  #4433 ) ;
#2802 = CARTESIAN_POINT ( 'NONE',  ( -1.000000000000000000, -5.279878463368307351, 0.000000000000000000 ) ) ;
#2803 = CARTESIAN_POINT ( 'NONE',  ( 0.000000000000000000, 0.1000000000000000056, 21.49999999999971934 ) ) ;
#2804 = FACE_OUTER_BOUND ( 'NONE', #3816, .T. ) ;
#2805 = VECTOR ( 'NONE', #3556, 1000.000000000000000 ) ;
#2806 = LINE ( 'NONE', #1721, #3752 ) ;
#2807 = ORIENTED_EDGE ( 'NONE', *, *, #1420, .T. ) ;
#2808 = DIRECTION ( 'NONE',  ( -1.399999999999999714E-14, -9.999999999999999988E-15, -1.000000000000000000 ) ) ;
#2809 = CYLINDRICAL_SURFACE ( 'NONE', #4683, 0.6500000000000185629 ) ;
#2810 = ORIENTED_EDGE ( 'NONE', *, *, #2914, .T. ) ;
#2811 = CARTESIAN_POINT ( 'NONE',  ( 70.40000000000000568, 4.300000000000001599, 0.000000000000000000 ) ) ;
#2812 = DIRECTION ( 'NONE',  ( 1.000000000000000000, 2.677282507210889194E-30, -2.312964634635730276E-14 ) ) ;
#2813 = EDGE_CURVE ( 'NONE', #1539, #1527, #3861, .T. ) ;
#2814 = ORIENTED_EDGE ( 'NONE', *, *, #2165, .F. ) ;
#2815 = ADVANCED_FACE ( 'NONE', ( #4455 ), #78, .F. ) ;
#2816 = DIRECTION ( 'NONE',  ( -0.000000000000000000, -1.000000000000000000, 0.000000000000000000 ) ) ;
#2817 = EDGE_CURVE ( 'NONE', #4333, #4411, #1417, .T. ) ;
#2818 = CARTESIAN_POINT ( 'NONE',  ( -1.800000000000000266, 4.299999999999999822, 0.000000000000000000 ) ) ;
#2819 = PLANE ( 'NONE',  #1238 ) ;
#2820 = ADVANCED_FACE ( 'NONE', ( #3488 ), #4623, .F. ) ;
#2821 = CARTESIAN_POINT ( 'NONE',  ( 70.40000000000000568, -3.000000000000000000, -1.800000000000000044 ) ) ;
#2822 = ORIENTED_EDGE ( 'NONE', *, *, #2746, .F. ) ;
#2823 = DIRECTION ( 'NONE',  ( -1.000000000000000000, 0.000000000000000000, 0.000000000000000000 ) ) ;
#2824 = EDGE_CURVE ( 'NONE', #1006, #2323, #3732, .T. ) ;
#2825 = LINE ( 'NONE', #3760, #4677 ) ;
#2826 = ORIENTED_EDGE ( 'NONE', *, *, #2186, .F. ) ;
#2827 = DIRECTION ( 'NONE',  ( 1.000000000000000000, 0.000000000000000000, 0.000000000000000000 ) ) ;
#2828 = DIRECTION ( 'NONE',  ( 1.000000000000000000, 0.000000000000000000, 0.000000000000000000 ) ) ;
#2829 = VECTOR ( 'NONE', #2691, 1000.000000000000000 ) ;
#2830 = ORIENTED_EDGE ( 'NONE', *, *, #2843, .F. ) ;
#2831 = DIRECTION ( 'NONE',  ( -0.000000000000000000, 1.000000000000000000, 2.282530889443167022E-16 ) ) ;
#2832 = DIRECTION ( 'NONE',  ( -1.000000000000000000, -0.000000000000000000, -0.000000000000000000 ) ) ;
#2833 = CARTESIAN_POINT ( 'NONE',  ( 86.79999999999999716, 1.449999999999999956, 8.000000000000000000 ) ) ;
#2834 = DIRECTION ( 'NONE',  ( 0.000000000000000000, 1.000000000000000000, 0.000000000000000000 ) ) ;
#2835 = LINE ( 'NONE', #1023, #2470 ) ;
#2836 = ORIENTED_EDGE ( 'NONE', *, *, #4002, .F. ) ;
#2837 = ADVANCED_FACE ( 'NONE', ( #1222 ), #3433, .T. ) ;
#2838 = DIRECTION ( 'NONE',  ( 0.000000000000000000, -1.157511216176695077E-16, 1.000000000000000000 ) ) ;
#2839 = VECTOR ( 'NONE', #807, 1000.000000000000000 ) ;
#2841 = EDGE_LOOP ( 'NONE', ( #4519, #4389, #1834, #22 ) ) ;
#2840 = ORIENTED_EDGE ( 'NONE', *, *, #548, .F. ) ;
#2842 = ORIENTED_EDGE ( 'NONE', *, *, #3982, .T. ) ;
#2843 = EDGE_CURVE ( 'NONE', #2327, #4322, #506, .T. ) ;
#2844 = CARTESIAN_POINT ( 'NONE',  ( 7.000000000000006217, 2.700000000000000178, 7.000000237999992159 ) ) ;
#2845 = DIRECTION ( 'NONE',  ( 0.000000000000000000, -1.000000000000000000, 0.000000000000000000 ) ) ;
#2846 = ORIENTED_EDGE ( 'NONE', *, *, #3047, .F. ) ;
#2847 = EDGE_LOOP ( 'NONE', ( #2296, #3043, #999, #3027, #1905, #564, #3337, #526 ) ) ;
#2848 = EDGE_CURVE ( 'NONE', #1000, #1356, #2289, .T. ) ;
#2849 = CARTESIAN_POINT ( 'NONE',  ( 12.29999999999996341, 2.400000000000000355, 1.800000237999992869 ) ) ;
#2850 = CARTESIAN_POINT ( 'NONE',  ( 16.06999999999956330, -2.749999999999818368, -0.2000000000000000944 ) ) ;
#2851 = DIRECTION ( 'NONE',  ( 1.399999999999985673E-14, 1.737336011332175954E-30, 1.000000000000000000 ) ) ;
#2852 = FACE_OUTER_BOUND ( 'NONE', #2098, .T. ) ;
#2853 = CARTESIAN_POINT ( 'NONE',  ( 28.42722046483866194, -1.452796087347630882, -0.1999999999999999833 ) ) ;
#2854 = DIRECTION ( 'NONE',  ( -1.399999999999999714E-14, -9.999999999999999988E-15, -1.000000000000000000 ) ) ;
#2856 = LINE ( 'NONE', #2563, #4480 ) ;
#2855 = VECTOR ( 'NONE', #4006, 1000.000000000000000 ) ;
#2857 = ADVANCED_FACE ( 'NONE', ( #4161 ), #4229, .T. ) ;
#2858 = EDGE_CURVE ( 'NONE', #1489, #698, #1157, .T. ) ;
#2859 = VECTOR ( 'NONE', #910, 1000.000000000000000 ) ;
#2860 = VERTEX_POINT ( 'NONE', #837 ) ;
#2861 = CARTESIAN_POINT ( 'NONE',  ( 14.39999999999999680, -8.300000000000000711, 57.80000000000000426 ) ) ;
#2862 = CARTESIAN_POINT ( 'NONE',  ( 68.19999999999998863, -13.20000000000001172, -1.800000000000000044 ) ) ;
#2863 = DIRECTION ( 'NONE',  ( 1.000000000000000000, 0.000000000000000000, 0.000000000000000000 ) ) ;
#2864 = CARTESIAN_POINT ( 'NONE',  ( 66.59999999999999432, -11.40000000000000568, -1.800000000000000044 ) ) ;
#2865 = DIRECTION ( 'NONE',  ( -0.000000000000000000, -1.000000000000000000, -0.000000000000000000 ) ) ;
#2866 = DIRECTION ( 'NONE',  ( 0.000000000000000000, -0.8987940462991650392, 0.4383711467890813451 ) ) ;
#2867 = CARTESIAN_POINT ( 'NONE',  ( 75.70000000000000284, 4.299999999999999822, 1.800000237999992869 ) ) ;
#2868 = CIRCLE ( 'NONE', #2787, 0.6500000000000221156 ) ;
#2869 = ORIENTED_EDGE ( 'NONE', *, *, #2159, .F. ) ;
#2870 = ORIENTED_EDGE ( 'NONE', *, *, #1091, .F. ) ;
#2871 = CARTESIAN_POINT ( 'NONE',  ( 12.29999999999996341, 2.400000000000000355, 1.800000237999992869 ) ) ;
#2872 = EDGE_CURVE ( 'NONE', #1240, #4266, #103, .T. ) ;
#2874 = LINE ( 'NONE', #204, #4731 ) ;
#2873 = FACE_OUTER_BOUND ( 'NONE', #2155, .T. ) ;
#2875 = VERTEX_POINT ( 'NONE', #1212 ) ;
#2876 = ORIENTED_EDGE ( 'NONE', *, *, #2304, .F. ) ;
#2877 = VECTOR ( 'NONE', #1642, 1000.000000000000000 ) ;
#2878 = VERTEX_POINT ( 'NONE', #147 ) ;
#2879 = EDGE_CURVE ( 'NONE', #1294, #1418, #1935, .T. ) ;
#2880 = VERTEX_POINT ( 'NONE', #2734 ) ;
#2881 = ADVANCED_FACE ( 'NONE', ( #4045 ), #4627, .F. ) ;
#2882 = LINE ( 'NONE', #3427, #2587 ) ;
#2883 = DIRECTION ( 'NONE',  ( -1.000000000000000000, 0.000000000000000000, 0.000000000000000000 ) ) ;
#2884 = DIRECTION ( 'NONE',  ( -1.000000000000000000, 0.000000000000000000, 0.000000000000000000 ) ) ;
#2885 = ORIENTED_EDGE ( 'NONE', *, *, #255, .F. ) ;
#2886 = AXIS2_PLACEMENT_3D ( 'NONE', #3867, #2443, #2755 ) ;
#2887 = PLANE ( 'NONE',  #368 ) ;
#2888 = ORIENTED_EDGE ( 'NONE', *, *, #3341, .F. ) ;
#2889 = VERTEX_POINT ( 'NONE', #3141 ) ;
#2890 = CARTESIAN_POINT ( 'NONE',  ( 151.0230788128466202, 2.700000000000001066, -2.168404344971008868E-16 ) ) ;
#2891 = CARTESIAN_POINT ( 'NONE',  ( 0.000000000000000000, 0.1000000000000000056, 1.800000000000000266 ) ) ;
#2892 = VECTOR ( 'NONE', #2716, 1000.000000000000000 ) ;
#2893 = PLANE ( 'NONE',  #285 ) ;
#2894 = ORIENTED_EDGE ( 'NONE', *, *, #4307, .F. ) ;
#2895 = ORIENTED_EDGE ( 'NONE', *, *, #3186, .F. ) ;
#2896 = DIRECTION ( 'NONE',  ( 0.000000000000000000, -1.000000000000000000, 0.000000000000000000 ) ) ;
#2897 = ORIENTED_EDGE ( 'NONE', *, *, #2224, .F. ) ;
#2898 = ORIENTED_EDGE ( 'NONE', *, *, #1874, .F. ) ;
#2899 = LINE ( 'NONE', #2417, #3501 ) ;
#2901 = ORIENTED_EDGE ( 'NONE', *, *, #3730, .F. ) ;
#2900 = ORIENTED_EDGE ( 'NONE', *, *, #3529, .F. ) ;
#2902 = DIRECTION ( 'NONE',  ( 1.000000000000000000, 0.000000000000000000, 0.000000000000000000 ) ) ;
#2903 = CARTESIAN_POINT ( 'NONE',  ( 80.40000000000000568, 2.700000000000000178, 54.19999999999999574 ) ) ;
#2904 = VECTOR ( 'NONE', #173, 1000.000000000000000 ) ;
#2905 = ADVANCED_FACE ( 'NONE', ( #922 ), #4270, .T. ) ;
#2906 = VECTOR ( 'NONE', #100, 1000.000000000000000 ) ;
#2907 = EDGE_CURVE ( 'NONE', #2239, #2359, #3330, .T. ) ;
#2908 = ORIENTED_EDGE ( 'NONE', *, *, #3924, .F. ) ;
#2909 = CARTESIAN_POINT ( 'NONE',  ( 54.59999999999999432, -13.20000000000001172, -1.400000000000004574 ) ) ;
#2910 = PLANE ( 'NONE',  #531 ) ;
#2911 = DIRECTION ( 'NONE',  ( 1.000000000000000000, -0.000000000000000000, 0.000000000000000000 ) ) ;
#2912 = LINE ( 'NONE', #4386, #885 ) ;
#2913 = CIRCLE ( 'NONE', #3906, 1.700000000000000178 ) ;
#2914 = EDGE_CURVE ( 'NONE', #1355, #1305, #4102, .T. ) ;
#2915 = DIRECTION ( 'NONE',  ( 0.000000000000000000, 0.000000000000000000, 1.000000000000000000 ) ) ;
#2916 = DIRECTION ( 'NONE',  ( 1.000000000000000000, 0.000000000000000000, -0.000000000000000000 ) ) ;
#2917 = VECTOR ( 'NONE', #2309, 1000.000000000000000 ) ;
#2918 = AXIS2_PLACEMENT_3D ( 'NONE', #3829, #863, #3106 ) ;
#2919 = EDGE_CURVE ( 'NONE', #3570, #316, #1359, .T. ) ;
#2920 = ORIENTED_EDGE ( 'NONE', *, *, #3815, .T. ) ;
#2921 = LINE ( 'NONE', #2487, #1969 ) ;
#2922 = CARTESIAN_POINT ( 'NONE',  ( 56.19999999999998863, -11.40000000000000568, -1.000000000000000000 ) ) ;
#2923 = ORIENTED_EDGE ( 'NONE', *, *, #513, .T. ) ;
#2924 = PLANE ( 'NONE',  #3268 ) ;
#2925 = EDGE_CURVE ( 'NONE', #1305, #3200, #743, .T. ) ;
#2926 = FACE_OUTER_BOUND ( 'NONE', #4179, .T. ) ;
#2927 = ADVANCED_FACE ( 'NONE', ( #1888 ), #2086, .F. ) ;
#2928 =( LENGTH_UNIT ( ) NAMED_UNIT ( * ) SI_UNIT ( .MILLI., .METRE. ) );
#2929 = DIRECTION ( 'NONE',  ( -0.000000000000000000, 1.000000000000000000, -0.000000000000000000 ) ) ;
#2930 = ORIENTED_EDGE ( 'NONE', *, *, #1898, .T. ) ;
#2931 = LINE ( 'NONE', #49, #490 ) ;
#2932 = CARTESIAN_POINT ( 'NONE',  ( 1.912872603215809653, 3.765040760017428489, 5.000000000000000000 ) ) ;
#2933 = EDGE_CURVE ( 'NONE', #4527, #2259, #2407, .T. ) ;
#2934 = DIRECTION ( 'NONE',  ( 1.000000000000000000, -0.000000000000000000, 0.000000000000000000 ) ) ;
#2935 = VECTOR ( 'NONE', #2834, 1000.000000000000000 ) ;
#2936 = CARTESIAN_POINT ( 'NONE',  ( 2.399999999999999467, -10.10000000000001918, 57.80000000000000426 ) ) ;
#2937 = EDGE_CURVE ( 'NONE', #1392, #3205, #3090, .T. ) ;
#2938 = PLANE ( 'NONE',  #3827 ) ;
#2939 = VECTOR ( 'NONE', #1148, 1000.000000000000000 ) ;
#2940 = DIRECTION ( 'NONE',  ( 1.000000000000000000, 0.000000000000000000, 0.000000000000000000 ) ) ;
#2941 = CARTESIAN_POINT ( 'NONE',  ( 88.40000000000000568, 4.299999999999999822, 39.39999999999972147 ) ) ;
#2942 = LINE ( 'NONE', #1338, #1047 ) ;
#2944 = ORIENTED_EDGE ( 'NONE', *, *, #3041, .T. ) ;
#2943 = ORIENTED_EDGE ( 'NONE', *, *, #1494, .F. ) ;
#2945 = AXIS2_PLACEMENT_3D ( 'NONE', #1713, #3950, #941 ) ;
#2946 = DIRECTION ( 'NONE',  ( 1.000000000000000000, 0.000000000000000000, 0.000000000000000000 ) ) ;
#2947 = PLANE ( 'NONE',  #2264 ) ;
#2948 = EDGE_CURVE ( 'NONE', #4804, #981, #1462, .T. ) ;
#2949 = LINE ( 'NONE', #3534, #3160 ) ;
#2950 = LINE ( 'NONE', #1903, #4696 ) ;
#2951 = CARTESIAN_POINT ( 'NONE',  ( 44.00000047700000749, 2.400000000000000355, 1.800000237999992869 ) ) ;
#2952 = CARTESIAN_POINT ( 'NONE',  ( 14.39999999999999680, 0.1000000000000002554, 57.79999999999999716 ) ) ;
#2953 = FACE_OUTER_BOUND ( 'NONE', #3896, .T. ) ;
#2954 = DIRECTION ( 'NONE',  ( -1.000000000000000000, 0.000000000000000000, -0.000000000000000000 ) ) ;
#2955 = EDGE_LOOP ( 'NONE', ( #3977, #2786, #1656, #3375 ) ) ;
#2956 = VERTEX_POINT ( 'NONE', #3535 ) ;
#2957 = SURFACE_STYLE_USAGE ( .BOTH. , #655 ) ;
#2958 = CARTESIAN_POINT ( 'NONE',  ( 6.329999999999564864, -2.749999999999799716, -0.2000000000000000944 ) ) ;
#2959 = EDGE_CURVE ( 'NONE', #1197, #4067, #2040, .T. ) ;
#2960 = ORIENTED_EDGE ( 'NONE', *, *, #1506, .T. ) ;
#2961 = FACE_OUTER_BOUND ( 'NONE', #3004, .T. ) ;
#2962 = CARTESIAN_POINT ( 'NONE',  ( -1.000000000000000000, -4.299999999999999822, 6.799999999999999822 ) ) ;
#2963 = EDGE_CURVE ( 'NONE', #2163, #4542, #776, .T. ) ;
#2964 = DIRECTION ( 'NONE',  ( 0.000000000000000000, 0.000000000000000000, -1.000000000000000000 ) ) ;
#2965 = FACE_OUTER_BOUND ( 'NONE', #4854, .T. ) ;
#2966 = ORIENTED_EDGE ( 'NONE', *, *, #3491, .T. ) ;
#2967 = EDGE_CURVE ( 'NONE', #333, #4245, #1319, .T. ) ;
#2968 = DIRECTION ( 'NONE',  ( 1.000000000000000000, -1.358957646467440089E-14, -1.399999999999986146E-14 ) ) ;
#2969 = ORIENTED_EDGE ( 'NONE', *, *, #184, .F. ) ;
#2970 = EDGE_LOOP ( 'NONE', ( #3648, #1928, #3865, #1661, #2735 ) ) ;
#2972 = LINE ( 'NONE', #1453, #2510 ) ;
#2971 = LINE ( 'NONE', #3265, #2385 ) ;
#2973 = ORIENTED_EDGE ( 'NONE', *, *, #710, .F. ) ;
#2974 = VERTEX_POINT ( 'NONE', #183 ) ;
#2975 = DIRECTION ( 'NONE',  ( -1.000000000000000000, -1.134242272754070061E-14, 0.000000000000000000 ) ) ;
#2976 = DIRECTION ( 'NONE',  ( 1.000000000000000000, 0.000000000000000000, 0.000000000000000000 ) ) ;
#2977 = VECTOR ( 'NONE', #3943, 1000.000000000000000 ) ;
#2978 = ORIENTED_EDGE ( 'NONE', *, *, #1842, .F. ) ;
#2979 = ORIENTED_EDGE ( 'NONE', *, *, #2919, .F. ) ;
#2980 = ORIENTED_EDGE ( 'NONE', *, *, #505, .F. ) ;
#2981 = DIRECTION ( 'NONE',  ( -0.000000000000000000, 1.000000000000000000, -0.000000000000000000 ) ) ;
#2982 = VERTEX_POINT ( 'NONE', #3957 ) ;
#2983 = DIRECTION ( 'NONE',  ( 0.000000000000000000, -1.000000000000000000, 0.000000000000000000 ) ) ;
#2984 = EDGE_CURVE ( 'NONE', #2880, #704, #2088, .T. ) ;
#2985 = ORIENTED_EDGE ( 'NONE', *, *, #1097, .F. ) ;
#2986 = VECTOR ( 'NONE', #331, 1000.000000000000114 ) ;
#2987 = CARTESIAN_POINT ( 'NONE',  ( 7.000000000000006217, 2.400000000000000355, 7.000000237999992159 ) ) ;
#2988 = ORIENTED_EDGE ( 'NONE', *, *, #732, .F. ) ;
#2989 = EDGE_CURVE ( 'NONE', #1396, #2875, #4647, .T. ) ;
#2990 = CARTESIAN_POINT ( 'NONE',  ( 1.000000000000000888, 4.299999999999998934, 7.000000237999993935 ) ) ;
#2991 = VECTOR ( 'NONE', #925, 1000.000000000000000 ) ;
#2992 = LINE ( 'NONE', #4182, #3050 ) ;
#2993 = AXIS2_PLACEMENT_3D ( 'NONE', #2369, #3118, #3785 ) ;
#2994 = DIRECTION ( 'NONE',  ( -1.000000000000000000, 0.000000000000000000, 0.000000000000000000 ) ) ;
#2995 = ORIENTED_EDGE ( 'NONE', *, *, #1427, .T. ) ;
#2996 = EDGE_CURVE ( 'NONE', #2657, #3605, #3116, .T. ) ;
#2997 = ORIENTED_EDGE ( 'NONE', *, *, #3242, .F. ) ;
#2998 = FACE_OUTER_BOUND ( 'NONE', #1111, .T. ) ;
#2999 = CARTESIAN_POINT ( 'NONE',  ( 86.79999999999999716, 0.1000000000000000056, 36.69999999999971863 ) ) ;
#3000 = CARTESIAN_POINT ( 'NONE',  ( 70.40000000000000568, -3.000000000000000000, -1.800000000000000044 ) ) ;
#3001 = DIRECTION ( 'NONE',  ( -1.000000000000000000, -0.000000000000000000, -0.000000000000000000 ) ) ;
#3002 = CIRCLE ( 'NONE', #4793, 0.6499999999999978018 ) ;
#3003 = DIRECTION ( 'NONE',  ( 0.7257049794373375828, 0.6880060194648398575, -1.703992990677112052E-14 ) ) ;
#3004 = EDGE_LOOP ( 'NONE', ( #814, #867, #2743, #1379 ) ) ;
#3005 = CARTESIAN_POINT ( 'NONE',  ( 87.00000095400001499, 4.299999999999993605, 51.00000000000000000 ) ) ;
#3006 = VECTOR ( 'NONE', #3001, 1000.000000000000000 ) ;
#3007 = DIRECTION ( 'NONE',  ( -1.000000000000000000, 0.000000000000000000, 6.938893903907222067E-15 ) ) ;
#3008 = LINE ( 'NONE', #4418, #1181 ) ;
#3009 = ORIENTED_EDGE ( 'NONE', *, *, #4487, .F. ) ;
#3010 = EDGE_CURVE ( 'NONE', #117, #3595, #1901, .T. ) ;
#3011 = CARTESIAN_POINT ( 'NONE',  ( 70.40000000000000568, -3.000000000000000000, -0.2000000000000000111 ) ) ;
#3012 = VECTOR ( 'NONE', #3415, 1000.000000000000000 ) ;
#3013 = LINE ( 'NONE', #3303, #2503 ) ;
#3014 = DIRECTION ( 'NONE',  ( -0.6880060194648467409, -0.7257049794373309215, 0.000000000000000000 ) ) ;
#3015 = FACE_OUTER_BOUND ( 'NONE', #645, .T. ) ;
#3016 = EDGE_CURVE ( 'NONE', #2956, #1112, #2147, .T. ) ;
#3017 = AXIS2_PLACEMENT_3D ( 'NONE', #569, #235, #4750 ) ;
#3018 = PLANE ( 'NONE',  #1850 ) ;
#3019 = DIRECTION ( 'NONE',  ( -0.000000000000000000, 0.000000000000000000, -1.000000000000000000 ) ) ;
#3020 = ORIENTED_EDGE ( 'NONE', *, *, #650, .T. ) ;
#3021 = DIRECTION ( 'NONE',  ( 0.000000000000000000, -0.000000000000000000, 1.000000000000000000 ) ) ;
#3023 = VECTOR ( 'NONE', #1346, 1000.000000000000000 ) ;
#3022 = FACE_OUTER_BOUND ( 'NONE', #3645, .T. ) ;
#3024 = CARTESIAN_POINT ( 'NONE',  ( 48.43431457505074889, 4.299999999999993605, 53.76568542494923975 ) ) ;
#3025 = EDGE_LOOP ( 'NONE', ( #4691, #2605, #4004, #2900 ) ) ;
#3026 = ORIENTED_EDGE ( 'NONE', *, *, #523, .F. ) ;
#3027 = ORIENTED_EDGE ( 'NONE', *, *, #1213, .T. ) ;
#3029 = LINE ( 'NONE', #3778, #4802 ) ;
#3028 = FACE_OUTER_BOUND ( 'NONE', #2847, .T. ) ;
#3030 = ORIENTED_EDGE ( 'NONE', *, *, #1337, .F. ) ;
#3031 = DIRECTION ( 'NONE',  ( 1.000000000000000000, 0.000000000000000000, 0.000000000000000000 ) ) ;
#3032 = CARTESIAN_POINT ( 'NONE',  ( 48.99999999999997868, 2.700000000000000178, 53.19999999999999574 ) ) ;
#3034 = VECTOR ( 'NONE', #3128, 1000.000000000000000 ) ;
#3033 = LINE ( 'NONE', #172, #4859 ) ;
#3035 = ORIENTED_EDGE ( 'NONE', *, *, #794, .F. ) ;
#3036 = LINE ( 'NONE', #3886, #2935 ) ;
#3037 = EDGE_CURVE ( 'NONE', #2, #2607, #3335, .T. ) ;
#3038 = EDGE_LOOP ( 'NONE', ( #3587, #3368, #3030, #418 ) ) ;
#3039 = DIRECTION ( 'NONE',  ( 0.000000000000000000, 0.000000000000000000, 1.000000000000000000 ) ) ;
#3040 = DIRECTION ( 'NONE',  ( -0.000000000000000000, 0.000000000000000000, 1.000000000000000000 ) ) ;
#3041 = EDGE_CURVE ( 'NONE', #2249, #4247, #2004, .T. ) ;
#3043 = ORIENTED_EDGE ( 'NONE', *, *, #2343, .T. ) ;
#3042 = ORIENTED_EDGE ( 'NONE', *, *, #1832, .T. ) ;
#3044 = CARTESIAN_POINT ( 'NONE',  ( 22.00000000000000000, 2.700000000000000178, 56.20000000000000284 ) ) ;
#3045 = CARTESIAN_POINT ( 'NONE',  ( 70.00000000000000000, 1.449999999999999956, 1.800000000000000044 ) ) ;
#3046 = LINE ( 'NONE', #17, #2067 ) ;
#3047 = EDGE_CURVE ( 'NONE', #2360, #2, #4441, .T. ) ;
#3048 = ORIENTED_EDGE ( 'NONE', *, *, #4271, .T. ) ;
#3049 = EDGE_LOOP ( 'NONE', ( #4546, #4125, #3400, #334, #4422, #4213, #2923, #2348 ) ) ;
#3050 = VECTOR ( 'NONE', #2715, 1000.000000000000000 ) ;
#3051 = CARTESIAN_POINT ( 'NONE',  ( 70.60000000000000853, -10.10000000000001918, 57.80000000000000426 ) ) ;
#3052 = DIRECTION ( 'NONE',  ( 0.000000000000000000, -0.8987940462991650392, 0.4383711467890813451 ) ) ;
#3054 = ORIENTED_EDGE ( 'NONE', *, *, #887, .F. ) ;
#3053 = ORIENTED_EDGE ( 'NONE', *, *, #2588, .T. ) ;
#3055 = ORIENTED_EDGE ( 'NONE', *, *, #1700, .T. ) ;
#3056 = VECTOR ( 'NONE', #1639, 1000.000000000000000 ) ;
#3057 = ORIENTED_EDGE ( 'NONE', *, *, #1772, .T. ) ;
#3058 = VECTOR ( 'NONE', #4481, 1000.000000000000000 ) ;
#3059 = ORIENTED_EDGE ( 'NONE', *, *, #2024, .F. ) ;
#3060 = CARTESIAN_POINT ( 'NONE',  ( 151.0230788128466202, 0.09999999999999982514, -2.168404344971008868E-16 ) ) ;
#3061 = DIRECTION ( 'NONE',  ( 0.000000000000000000, 1.000000000000000000, 0.000000000000000000 ) ) ;
#3062 = CARTESIAN_POINT ( 'NONE',  ( 54.59999999999999432, 4.299999999999999822, -1.800000000000000044 ) ) ;
#3063 = EDGE_CURVE ( 'NONE', #1024, #1808, #2386, .T. ) ;
#3064 = DIRECTION ( 'NONE',  ( 0.000000000000000000, -0.000000000000000000, 1.000000000000000000 ) ) ;
#3065 = VECTOR ( 'NONE', #3112, 1000.000000000000000 ) ;
#3066 = EDGE_CURVE ( 'NONE', #1284, #2360, #4243, .T. ) ;
#3067 = EDGE_LOOP ( 'NONE', ( #4395, #4092, #2822, #3857, #2710, #1583, #4122, #3997 ) ) ;
#3068 = DIRECTION ( 'NONE',  ( -1.000000000000000000, 0.000000000000000000, 0.000000000000000000 ) ) ;
#3069 = CARTESIAN_POINT ( 'NONE',  ( 1.000000000000000888, 4.299999999999999822, -2.168404344971008868E-16 ) ) ;
#3070 = EDGE_CURVE ( 'NONE', #1486, #4322, #3008, .T. ) ;
#3071 = AXIS2_PLACEMENT_3D ( 'NONE', #515, #2128, #2413 ) ;
#3072 = DIRECTION ( 'NONE',  ( 1.000000000000000000, 0.000000000000000000, 0.000000000000000000 ) ) ;
#3073 = LINE ( 'NONE', #2791, #719 ) ;
#3074 = ORIENTED_EDGE ( 'NONE', *, *, #479, .T. ) ;
#3075 = ADVANCED_FACE ( 'NONE', ( #1876 ), #1393, .F. ) ;
#3076 = ORIENTED_EDGE ( 'NONE', *, *, #312, .F. ) ;
#3077 = CARTESIAN_POINT ( 'NONE',  ( 74.00000000000000000, 2.700000000000000178, 3.500000000000000000 ) ) ;
#3078 = CARTESIAN_POINT ( 'NONE',  ( 16.06999999999958106, -2.000898158402226900E-13, -1.800000000000000044 ) ) ;
#3079 = DIRECTION ( 'NONE',  ( 1.000000000000000000, -0.000000000000000000, 0.000000000000000000 ) ) ;
#3080 = CARTESIAN_POINT ( 'NONE',  ( 7.000000000000006217, 4.299999999999999822, 1.800000237999992425 ) ) ;
#3081 = EDGE_CURVE ( 'NONE', #1472, #3749, #583, .T. ) ;
#3082 = ORIENTED_EDGE ( 'NONE', *, *, #4682, .F. ) ;
#3083 = CARTESIAN_POINT ( 'NONE',  ( 15.29244469028891196, -19.93611168619125351, 29.76388831380877420 ) ) ;
#3084 = LINE ( 'NONE', #620, #3264 ) ;
#3085 = DIRECTION ( 'NONE',  ( 0.000000000000000000, 1.000000000000000000, 0.000000000000000000 ) ) ;
#3086 = ORIENTED_EDGE ( 'NONE', *, *, #384, .F. ) ;
#3087 = VECTOR ( 'NONE', #1510, 1000.000000000000000 ) ;
#3088 = CARTESIAN_POINT ( 'NONE',  ( 72.20000000000000284, -8.300000000000002487, 57.00000000000000000 ) ) ;
#3089 = CARTESIAN_POINT ( 'NONE',  ( 1.800000000000004929, 4.301999999999993385, 48.00000000000000000 ) ) ;
#3090 = LINE ( 'NONE', #252, #3321 ) ;
#3092 = EDGE_LOOP ( 'NONE', ( #1232, #1949, #1900, #1644 ) ) ;
#3091 = ORIENTED_EDGE ( 'NONE', *, *, #1144, .F. ) ;
#3093 = LINE ( 'NONE', #294, #4870 ) ;
#3094 = EDGE_CURVE ( 'NONE', #1112, #4564, #4853, .T. ) ;
#3095 = VECTOR ( 'NONE', #3239, 1000.000000000000000 ) ;
#3097 = ORIENTED_EDGE ( 'NONE', *, *, #4403, .F. ) ;
#3096 = VERTEX_POINT ( 'NONE', #3666 ) ;
#3098 = DIRECTION ( 'NONE',  ( 1.000000000000000000, 0.000000000000000000, -0.000000000000000000 ) ) ;
#3099 = LINE ( 'NONE', #1016, #4049 ) ;
#3100 = VECTOR ( 'NONE', #2816, 1000.000000000000000 ) ;
#3101 = VERTEX_POINT ( 'NONE', #4800 ) ;
#3102 = ADVANCED_FACE ( 'NONE', ( #2525 ), #2178, .F. ) ;
#3103 = EDGE_CURVE ( 'NONE', #529, #1891, #4069, .T. ) ;
#3104 = PLANE ( 'NONE',  #3396 ) ;
#3105 = ORIENTED_EDGE ( 'NONE', *, *, #581, .T. ) ;
#3106 = DIRECTION ( 'NONE',  ( -0.000000000000000000, 0.000000000000000000, -1.000000000000000000 ) ) ;
#3107 = DIRECTION ( 'NONE',  ( -1.000000000000000000, 0.000000000000000000, 0.000000000000000000 ) ) ;
#3108 = PLANE ( 'NONE',  #3842 ) ;
#3109 = VECTOR ( 'NONE', #4723, 1000.000000000000000 ) ;
#3110 = ORIENTED_EDGE ( 'NONE', *, *, #67, .F. ) ;
#3111 = VECTOR ( 'NONE', #4087, 1000.000000000000000 ) ;
#3112 = DIRECTION ( 'NONE',  ( 1.400000000000014387E-14, 1.000000000000000000, 0.000000000000000000 ) ) ;
#3113 = CARTESIAN_POINT ( 'NONE',  ( 4.000000000000003553, -3.000000000000008438, -1.800000000000000044 ) ) ;
#3114 = LINE ( 'NONE', #2578, #4719 ) ;
#3115 = DIRECTION ( 'NONE',  ( -1.000000000000000000, -0.000000000000000000, -0.000000000000000000 ) ) ;
#3116 = LINE ( 'NONE', #4332, #603 ) ;
#3117 = VECTOR ( 'NONE', #3145, 1000.000000000000000 ) ;
#3118 = DIRECTION ( 'NONE',  ( 0.000000000000000000, -1.000000000000000000, -1.200500675416475525E-16 ) ) ;
#3119 = ADVANCED_FACE ( 'NONE', ( #1548 ), #280, .F. ) ;
#3120 = LINE ( 'NONE', #1470, #1128 ) ;
#3121 = VECTOR ( 'NONE', #1983, 1000.000000000000000 ) ;
#3122 = ORIENTED_EDGE ( 'NONE', *, *, #2257, .T. ) ;
#3123 = CARTESIAN_POINT ( 'NONE',  ( 86.79999999999999716, -1.399999999999999911, 18.55000000000047322 ) ) ;
#3124 = CARTESIAN_POINT ( 'NONE',  ( 25.00000000000000000, 3.500000000000029754, 53.19999999999999574 ) ) ;
#3125 = VERTEX_POINT ( 'NONE', #4383 ) ;
#3126 = EDGE_CURVE ( 'NONE', #2495, #851, #3114, .T. ) ;
#3127 = DIRECTION ( 'NONE',  ( -1.399999999999985673E-14, -1.737336011332175954E-30, -1.000000000000000000 ) ) ;
#3128 = DIRECTION ( 'NONE',  ( 0.000000000000000000, -1.000000000000000000, 0.000000000000000000 ) ) ;
#3129 = ORIENTED_EDGE ( 'NONE', *, *, #4344, .F. ) ;
#3130 = DIRECTION ( 'NONE',  ( 0.000000000000000000, 0.000000000000000000, 1.000000000000000000 ) ) ;
#3131 = CARTESIAN_POINT ( 'NONE',  ( 4.000000000000003553, -3.000000000000008438, -1.800000000000000044 ) ) ;
#3132 = CARTESIAN_POINT ( 'NONE',  ( -1.000000000000000000, -4.299999999999999822, 3.399999999999998579 ) ) ;
#3133 = ORIENTED_EDGE ( 'NONE', *, *, #1739, .F. ) ;
#3134 = FACE_OUTER_BOUND ( 'NONE', #420, .T. ) ;
#3135 = ORIENTED_EDGE ( 'NONE', *, *, #2848, .T. ) ;
#3136 = EDGE_CURVE ( 'NONE', #4360, #1532, #2619, .T. ) ;
#3137 = PLANE ( 'NONE',  #4726 ) ;
#3138 = VERTEX_POINT ( 'NONE', #1411 ) ;
#3139 = ORIENTED_EDGE ( 'NONE', *, *, #3403, .F. ) ;
#3140 = DIRECTION ( 'NONE',  ( 1.000000000000000000, 0.000000000000000000, -0.000000000000000000 ) ) ;
#3141 = CARTESIAN_POINT ( 'NONE',  ( 86.79999999999999716, -1.399999999999999911, 39.39999999999972147 ) ) ;
#3142 = LINE ( 'NONE', #4883, #3974 ) ;
#3143 = ORIENTED_EDGE ( 'NONE', *, *, #1219, .T. ) ;
#3144 = EDGE_CURVE ( 'NONE', #4837, #2248, #948, .T. ) ;
#3145 = DIRECTION ( 'NONE',  ( -0.2810846377148350506, 0.6785983445458441121, 0.6785983445458437791 ) ) ;
#3146 = VECTOR ( 'NONE', #2783, 1000.000000000000000 ) ;
#3148 = ORIENTED_EDGE ( 'NONE', *, *, #1004, .F. ) ;
#3147 = ORIENTED_EDGE ( 'NONE', *, *, #4093, .F. ) ;
#3149 = DIRECTION ( 'NONE',  ( 0.000000000000000000, -1.000000000000000000, 0.000000000000000000 ) ) ;
#3150 = ADVANCED_FACE ( 'NONE', ( #1072 ), #4787, .F. ) ;
#3151 = DIRECTION ( 'NONE',  ( 0.000000000000000000, -1.000000000000000000, -1.668003342285389825E-16 ) ) ;
#3152 = DIRECTION ( 'NONE',  ( 0.000000000000000000, 0.000000000000000000, 1.000000000000000000 ) ) ;
#3153 = AXIS2_PLACEMENT_3D ( 'NONE', #227, #884, #3499 ) ;
#3154 = EDGE_LOOP ( 'NONE', ( #1096, #4063, #598, #2065, #42, #2032, #4020, #1129, #2453, #3, #250, #626, #1460, #4845, #432, #3562, #2209, #809, #2654, #3257, #1652, #1228, #4532, #3509, #1182 ) ) ;
#3155 = LINE ( 'NONE', #2162, #917 ) ;
#3156 = CARTESIAN_POINT ( 'NONE',  ( 56.19999999999998863, -11.40000000000000568, -1.800000000000000044 ) ) ;
#3157 = DIRECTION ( 'NONE',  ( 0.000000000000000000, 1.000000000000000000, 0.000000000000000000 ) ) ;
#3158 = DIRECTION ( 'NONE',  ( 0.000000000000000000, 1.200500675416475525E-16, -1.000000000000000000 ) ) ;
#3159 = EDGE_CURVE ( 'NONE', #3712, #2533, #2150, .T. ) ;
#3160 = VECTOR ( 'NONE', #493, 1000.000000000000000 ) ;
#3161 = ORIENTED_EDGE ( 'NONE', *, *, #4535, .T. ) ;
#3162 = EDGE_LOOP ( 'NONE', ( #2471, #2740, #4591, #2579 ) ) ;
#3163 = LINE ( 'NONE', #1827, #392 ) ;
#3164 = EDGE_CURVE ( 'NONE', #674, #1941, #3823, .T. ) ;
#3165 = ORIENTED_EDGE ( 'NONE', *, *, #1254, .F. ) ;
#3166 = ORIENTED_EDGE ( 'NONE', *, *, #2984, .F. ) ;
#3167 = CARTESIAN_POINT ( 'NONE',  ( 82.00000000000001421, 2.700000000000000178, 55.79999999999999716 ) ) ;
#3168 = DIRECTION ( 'NONE',  ( -1.399999999999999714E-14, -9.999999999999999988E-15, -1.000000000000000000 ) ) ;
#3169 = CARTESIAN_POINT ( 'NONE',  ( 81.00000095400000077, 2.699999999999994849, 51.00000000000000000 ) ) ;
#3170 = PLANE ( 'NONE',  #3500 ) ;
#3171 = ADVANCED_FACE ( 'NONE', ( #3572 ), #2924, .T. ) ;
#3172 = EDGE_CURVE ( 'NONE', #2657, #1370, #1855, .T. ) ;
#3173 = FACE_OUTER_BOUND ( 'NONE', #2334, .T. ) ;
#3174 = CARTESIAN_POINT ( 'NONE',  ( 72.20000000000000284, -8.300000000000002487, 57.80000000000000426 ) ) ;
#3175 = DIRECTION ( 'NONE',  ( 1.000000000000000000, 0.000000000000000000, 0.000000000000000000 ) ) ;
#3176 = CARTESIAN_POINT ( 'NONE',  ( 151.0230788128466202, 2.700000000000001066, -2.168404344971008868E-16 ) ) ;
#3177 = ORIENTED_EDGE ( 'NONE', *, *, #3164, .F. ) ;
#3178 = PLANE ( 'NONE',  #817 ) ;
#3179 = ADVANCED_FACE ( 'NONE', ( #2090 ), #1063, .F. ) ;
#3180 = CARTESIAN_POINT ( 'NONE',  ( 86.20000000000000284, 4.301999999999993385, 8.000000000000000000 ) ) ;
#3181 = CARTESIAN_POINT ( 'NONE',  ( 80.76153928742449750, 2.699999999999992628, 70.26153952542335901 ) ) ;
#3182 = EDGE_LOOP ( 'NONE', ( #2431, #3166, #3690, #3059 ) ) ;
#3183 = CARTESIAN_POINT ( 'NONE',  ( 70.40000000000000568, 4.300000000000001599, -1.800000000000000044 ) ) ;
#3184 = ORIENTED_EDGE ( 'NONE', *, *, #403, .T. ) ;
#3185 = DIRECTION ( 'NONE',  ( 0.000000000000000000, 0.000000000000000000, 1.000000000000000000 ) ) ;
#3186 = EDGE_CURVE ( 'NONE', #138, #4025, #3450, .T. ) ;
#3187 = LINE ( 'NONE', #3928, #2217 ) ;
#3188 = CARTESIAN_POINT ( 'NONE',  ( 14.39999999999999680, -8.300000000000000711, 57.00000000000000000 ) ) ;
#3189 = ORIENTED_EDGE ( 'NONE', *, *, #3935, .F. ) ;
#3190 = VERTEX_POINT ( 'NONE', #2611 ) ;
#3192 = VECTOR ( 'NONE', #4490, 1000.000000000000000 ) ;
#3191 = VECTOR ( 'NONE', #3250, 1000.000000000000000 ) ;
#3193 = CARTESIAN_POINT ( 'NONE',  ( 4.000000000000003553, 2.700000000000001066, -2.168404344971008868E-16 ) ) ;
#3194 = VERTEX_POINT ( 'NONE', #4523 ) ;
#3195 = DIRECTION ( 'NONE',  ( 0.000000000000000000, -1.157511216176695077E-16, 1.000000000000000000 ) ) ;
#3196 = EDGE_CURVE ( 'NONE', #497, #898, #1120, .T. ) ;
#3197 = EDGE_LOOP ( 'NONE', ( #2985, #1414, #4730, #1818 ) ) ;
#3198 = EDGE_LOOP ( 'NONE', ( #2252, #717, #4047, #799 ) ) ;
#3199 = LINE ( 'NONE', #3801, #897 ) ;
#3200 = VERTEX_POINT ( 'NONE', #1107 ) ;
#3201 = ADVANCED_FACE ( 'NONE', ( #2727 ), #1469, .F. ) ;
#3202 = CARTESIAN_POINT ( 'NONE',  ( 0.000000000000000000, 0.1000000000000000056, 8.400000000000000355 ) ) ;
#3203 = CARTESIAN_POINT ( 'NONE',  ( 70.00000000000000000, 1.449999999999999956, 1.800000000000000044 ) ) ;
#3204 = CARTESIAN_POINT ( 'NONE',  ( -1.000000000000000000, 4.299999999999998934, 8.400000000000000355 ) ) ;
#3205 = VERTEX_POINT ( 'NONE', #4461 ) ;
#3207 = VERTEX_POINT ( 'NONE', #2276 ) ;
#3206 = DIRECTION ( 'NONE',  ( 0.000000000000000000, 1.382249781654825882E-16, -1.000000000000000000 ) ) ;
#3208 = EDGE_CURVE ( 'NONE', #2622, #1336, #4354, .T. ) ;
#3209 = ORIENTED_EDGE ( 'NONE', *, *, #76, .F. ) ;
#3210 = DIRECTION ( 'NONE',  ( 0.000000000000000000, 1.000000000000000000, -0.000000000000000000 ) ) ;
#3211 = VECTOR ( 'NONE', #1155, 1000.000000000000000 ) ;
#3212 = ORIENTED_EDGE ( 'NONE', *, *, #3991, .F. ) ;
#3213 = STYLED_ITEM ( 'NONE', ( #4428 ), #3377 ) ;
#3214 = CARTESIAN_POINT ( 'NONE',  ( 22.00000000000000000, 3.499999999999985789, 56.20000000000000284 ) ) ;
#3215 = CIRCLE ( 'NONE', #4257, 0.6500000000001573408 ) ;
#3216 = DIRECTION ( 'NONE',  ( 0.000000000000000000, 1.000000000000000000, 0.000000000000000000 ) ) ;
#3217 = VECTOR ( 'NONE', #2066, 1000.000000000000000 ) ;
#3218 = CARTESIAN_POINT ( 'NONE',  ( 86.79999999999999716, -1.399999999999999911, 21.49999999999971934 ) ) ;
#3219 = DIRECTION ( 'NONE',  ( 1.668003342285390318E-16, -1.000000000000000000, 0.000000000000000000 ) ) ;
#3220 = DIRECTION ( 'NONE',  ( 0.000000000000000000, -0.000000000000000000, 1.000000000000000000 ) ) ;
#3221 = LINE ( 'NONE', #4249, #3557 ) ;
#3222 = FACE_OUTER_BOUND ( 'NONE', #2970, .T. ) ;
#3223 = ADVANCED_FACE ( 'NONE', ( #4230 ), #3505, .F. ) ;
#3224 = ORIENTED_EDGE ( 'NONE', *, *, #3720, .T. ) ;
#3225 = EDGE_CURVE ( 'NONE', #3200, #2517, #4521, .T. ) ;
#3226 = ORIENTED_EDGE ( 'NONE', *, *, #2216, .F. ) ;
#3227 = DIRECTION ( 'NONE',  ( 1.000000000000000000, -1.400000000000014387E-14, -1.399999999999985673E-14 ) ) ;
#3228 = DIRECTION ( 'NONE',  ( 1.668003342285390318E-16, -1.000000000000000000, 0.000000000000000000 ) ) ;
#3229 = CARTESIAN_POINT ( 'NONE',  ( 0.000000000000000000, 0.1000000000000000056, 0.000000000000000000 ) ) ;
#3230 = ORIENTED_EDGE ( 'NONE', *, *, #4432, .T. ) ;
#3231 = EDGE_CURVE ( 'NONE', #2449, #143, #4477, .T. ) ;
#3232 = ADVANCED_FACE ( 'NONE', ( #2998 ), #2018, .T. ) ;
#3233 = AXIS2_PLACEMENT_3D ( 'NONE', #186, #1745, #1046 ) ;
#3234 = CARTESIAN_POINT ( 'NONE',  ( -1.749999999999103024E-14, -1.249999999999358957, -1.800000000000000044 ) ) ;
#3235 = ORIENTED_EDGE ( 'NONE', *, *, #4396, .F. ) ;
#3236 = CARTESIAN_POINT ( 'NONE',  ( 41.35551222820426887, -1.900000000000087619, -0.9999999999999367173 ) ) ;
#3237 = PLANE ( 'NONE',  #62 ) ;
#3238 = VERTEX_POINT ( 'NONE', #4491 ) ;
#3239 = DIRECTION ( 'NONE',  ( -1.000000000000000000, -0.000000000000000000, -0.000000000000000000 ) ) ;
#3240 = LINE ( 'NONE', #4415, #659 ) ;
#3241 = LINE ( 'NONE', #3516, #128 ) ;
#3242 = EDGE_CURVE ( 'NONE', #2249, #4399, #1488, .T. ) ;
#3243 = VERTEX_POINT ( 'NONE', #2283 ) ;
#3244 = VECTOR ( 'NONE', #1825, 1000.000000000000000 ) ;
#3245 = DIRECTION ( 'NONE',  ( -1.400000000000014387E-14, -1.000000000000000000, 0.000000000000000000 ) ) ;
#3246 = CARTESIAN_POINT ( 'NONE',  ( 82.60000000000000853, 4.300000000000001599, 57.80000000000000426 ) ) ;
#3247 = CARTESIAN_POINT ( 'NONE',  ( 88.40000000000000568, 0.1000000000000000056, 0.000000000000000000 ) ) ;
#3248 = CIRCLE ( 'NONE', #3071, 5.200000000000000178 ) ;
#3249 = ADVANCED_FACE ( 'NONE', ( #2616 ), #3334, .T. ) ;
#3250 = DIRECTION ( 'NONE',  ( 0.000000000000000000, 0.000000000000000000, -1.000000000000000000 ) ) ;
#3251 = CARTESIAN_POINT ( 'NONE',  ( 35.74999999999955946, -2.579802170216105139, -0.9999999999998518962 ) ) ;
#3252 = ORIENTED_EDGE ( 'NONE', *, *, #4027, .F. ) ;
#3253 = DIRECTION ( 'NONE',  ( -1.399999999999999714E-14, -9.999999999999999988E-15, -1.000000000000000000 ) ) ;
#3254 = EDGE_CURVE ( 'NONE', #2364, #4399, #1609, .T. ) ;
#3255 = FACE_OUTER_BOUND ( 'NONE', #2667, .T. ) ;
#3256 = ADVANCED_FACE ( 'NONE', ( #3345 ), #3756, .F. ) ;
#3257 = ORIENTED_EDGE ( 'NONE', *, *, #1603, .T. ) ;
#3258 = CARTESIAN_POINT ( 'NONE',  ( 86.79999999999999716, -1.399999999999999911, 36.69999999999971863 ) ) ;
#3259 = DIRECTION ( 'NONE',  ( -0.000000000000000000, 0.000000000000000000, -1.000000000000000000 ) ) ;
#3260 = EDGE_LOOP ( 'NONE', ( #4833, #485, #1438, #4707 ) ) ;
#3261 = EDGE_CURVE ( 'NONE', #2498, #1443, #460, .T. ) ;
#3262 = AXIS2_PLACEMENT_3D ( 'NONE', #1867, #3716, #3332 ) ;
#3264 = VECTOR ( 'NONE', #2266, 1000.000000000000000 ) ;
#3263 = VECTOR ( 'NONE', #503, 1000.000000000000000 ) ;
#3265 = CARTESIAN_POINT ( 'NONE',  ( -1.800000000000000266, -4.299999999999999822, 3.399999999999998579 ) ) ;
#3266 = DIRECTION ( 'NONE',  ( 0.000000000000000000, -1.000000000000000000, -2.879209088758185681E-16 ) ) ;
#3267 = ORIENTED_EDGE ( 'NONE', *, *, #4682, .T. ) ;
#3268 = AXIS2_PLACEMENT_3D ( 'NONE', #3601, #3276, #4074 ) ;
#3269 = DIRECTION ( 'NONE',  ( 0.000000000000000000, 1.000000000000000000, 0.000000000000000000 ) ) ;
#3270 = CARTESIAN_POINT ( 'NONE',  ( -1.800000000000000266, 2.779999999999737348, 3.842654393000052745E-16 ) ) ;
#3271 = VERTEX_POINT ( 'NONE', #2246 ) ;
#3272 = ADVANCED_FACE ( 'NONE', ( #1382 ), #1483, .T. ) ;
#3273 = ORIENTED_EDGE ( 'NONE', *, *, #237, .T. ) ;
#3274 = VECTOR ( 'NONE', #1698, 1000.000000000000000 ) ;
#3275 = CARTESIAN_POINT ( 'NONE',  ( 42.47170823660056982, -2.132598257564150224, -0.1999999999999999833 ) ) ;
#3276 = DIRECTION ( 'NONE',  ( 1.000000000000000000, 0.000000000000000000, 0.000000000000000000 ) ) ;
#3277 = VECTOR ( 'NONE', #2356, 1000.000000000000000 ) ;
#3278 = ORIENTED_EDGE ( 'NONE', *, *, #1942, .F. ) ;
#3279 = VERTEX_POINT ( 'NONE', #1993 ) ;
#3280 = LINE ( 'NONE', #2211, #575 ) ;
#3281 = VERTEX_POINT ( 'NONE', #429 ) ;
#3282 = CARTESIAN_POINT ( 'NONE',  ( -1.000000000000000000, 4.299999999999998934, 8.400000000000000355 ) ) ;
#3283 = ORIENTED_EDGE ( 'NONE', *, *, #4602, .F. ) ;
#3284 = EDGE_CURVE ( 'NONE', #2599, #1434, #253, .T. ) ;
#3285 = LINE ( 'NONE', #4776, #4169 ) ;
#3286 = DIRECTION ( 'NONE',  ( 0.000000000000000000, -1.000000000000000000, 0.000000000000000000 ) ) ;
#3287 = DIRECTION ( 'NONE',  ( 0.000000000000000000, 0.000000000000000000, -1.000000000000000000 ) ) ;
#3288 = LINE ( 'NONE', #1276, #2019 ) ;
#3289 = ORIENTED_EDGE ( 'NONE', *, *, #832, .F. ) ;
#3290 = EDGE_CURVE ( 'NONE', #4067, #4498, #1113, .T. ) ;
#3291 = CARTESIAN_POINT ( 'NONE',  ( 86.79999999999999716, -1.399999999999999911, 54.19999999999972573 ) ) ;
#3292 = CARTESIAN_POINT ( 'NONE',  ( 86.79999999999999716, 2.700000000000001066, -2.168404344971008868E-16 ) ) ;
#3293 = ADVANCED_FACE ( 'NONE', ( #3750 ), #2694, .F. ) ;
#3294 = EDGE_LOOP ( 'NONE', ( #895, #4173, #1223, #3091 ) ) ;
#3295 = EDGE_CURVE ( 'NONE', #386, #836, #2260, .T. ) ;
#3296 = CARTESIAN_POINT ( 'NONE',  ( 84.20000000000000284, -9.279878463368314456, 57.00000000000000000 ) ) ;
#3297 = VECTOR ( 'NONE', #3731, 1000.000000000000000 ) ;
#3298 = VECTOR ( 'NONE', #1633, 1000.000000000000000 ) ;
#3299 = VECTOR ( 'NONE', #2361, 1000.000000000000000 ) ;
#3300 = PRODUCT_RELATED_PRODUCT_CATEGORY ( 'part', '', ( #1981 ) ) ;
#3301 = DIRECTION ( 'NONE',  ( -1.399999999999999714E-14, -9.999999999999999988E-15, -1.000000000000000000 ) ) ;
#3302 = CARTESIAN_POINT ( 'NONE',  ( 70.00000000000000000, 4.301999999999993385, -1.052121783275130338E-16 ) ) ;
#3303 = CARTESIAN_POINT ( 'NONE',  ( 41.82722046483865341, -1.452796087347817178, -0.1999999999999999833 ) ) ;
#3304 = ORIENTED_EDGE ( 'NONE', *, *, #3136, .F. ) ;
#3305 = DIRECTION ( 'NONE',  ( -0.000000000000000000, 1.000000000000000000, 1.200500675416475525E-16 ) ) ;
#3306 = CARTESIAN_POINT ( 'NONE',  ( 66.59999999999999432, -11.40000000000000568, -1.800000000000000044 ) ) ;
#3307 = CARTESIAN_POINT ( 'NONE',  ( 80.40000000000001990, 3.499999999999993783, 55.80000000000001137 ) ) ;
#3308 = VERTEX_POINT ( 'NONE', #4548 ) ;
#3309 = VERTEX_POINT ( 'NONE', #2730 ) ;
#3310 = LINE ( 'NONE', #4237, #2230 ) ;
#3311 = ORIENTED_EDGE ( 'NONE', *, *, #3569, .F. ) ;
#3312 = EDGE_CURVE ( 'NONE', #2644, #4486, #10, .T. ) ;
#3314 = LINE ( 'NONE', #3005, #1986 ) ;
#3313 = VECTOR ( 'NONE', #3409, 1000.000000000000000 ) ;
#3315 = ORIENTED_EDGE ( 'NONE', *, *, #4841, .F. ) ;
#3316 = DIRECTION ( 'NONE',  ( 0.000000000000000000, 0.000000000000000000, -1.000000000000000000 ) ) ;
#3317 = DIRECTION ( 'NONE',  ( 0.000000000000000000, 0.000000000000000000, -1.000000000000000000 ) ) ;
#3318 = PLANE ( 'NONE',  #880 ) ;
#3319 = EDGE_CURVE ( 'NONE', #2607, #143, #3746, .T. ) ;
#3320 = FACE_OUTER_BOUND ( 'NONE', #3182, .T. ) ;
#3321 = VECTOR ( 'NONE', #1720, 1000.000000000000114 ) ;
#3323 = ORIENTED_EDGE ( 'NONE', *, *, #3521, .T. ) ;
#3322 = ORIENTED_EDGE ( 'NONE', *, *, #1132, .T. ) ;
#3324 = CARTESIAN_POINT ( 'NONE',  ( -0.2000000000000000111, 2.700000000000001066, -2.168404344971008868E-16 ) ) ;
#3325 = VECTOR ( 'NONE', #4836, 1000.000000000000000 ) ;
#3326 = ORIENTED_EDGE ( 'NONE', *, *, #767, .F. ) ;
#3327 = AXIS2_PLACEMENT_3D ( 'NONE', #385, #4116, #769 ) ;
#3328 = ORIENTED_EDGE ( 'NONE', *, *, #3848, .T. ) ;
#3329 = EDGE_CURVE ( 'NONE', #2314, #1000, #4472, .T. ) ;
#3330 = CIRCLE ( 'NONE', #3658, 0.6500000000001643352 ) ;
#3331 = ORIENTED_EDGE ( 'NONE', *, *, #1326, .F. ) ;
#3332 = DIRECTION ( 'NONE',  ( 0.000000000000000000, 0.000000000000000000, 1.000000000000000000 ) ) ;
#3333 = VECTOR ( 'NONE', #1285, 1000.000000000000000 ) ;
#3334 = PLANE ( 'NONE',  #1098 ) ;
#3335 = LINE ( 'NONE', #1735, #4402 ) ;
#3336 = VERTEX_POINT ( 'NONE', #4596 ) ;
#3337 = ORIENTED_EDGE ( 'NONE', *, *, #2135, .T. ) ;
#3338 = CARTESIAN_POINT ( 'NONE',  ( 15.99999999999998579, 0.1000000000000002554, 57.79999999999999716 ) ) ;
#3340 = ORIENTED_EDGE ( 'NONE', *, *, #2522, .F. ) ;
#3339 = ORIENTED_EDGE ( 'NONE', *, *, #3159, .F. ) ;
#3341 = EDGE_CURVE ( 'NONE', #3735, #2880, #4353, .T. ) ;
#3342 = CARTESIAN_POINT ( 'NONE',  ( 56.19999999999998863, -3.000000000000001776, -1.800000000000000044 ) ) ;
#3343 = FACE_BOUND ( 'NONE', #1040, .T. ) ;
#3344 = VERTEX_POINT ( 'NONE', #57 ) ;
#3345 = FACE_OUTER_BOUND ( 'NONE', #662, .T. ) ;
#3346 = EDGE_CURVE ( 'NONE', #4188, #1360, #2558, .T. ) ;
#3347 = LINE ( 'NONE', #3188, #4297 ) ;
#3348 = LINE ( 'NONE', #4037, #4720 ) ;
#3349 = FACE_OUTER_BOUND ( 'NONE', #848, .T. ) ;
#3350 = DIRECTION ( 'NONE',  ( -1.399999999999999714E-14, -9.999999999999999988E-15, -1.000000000000000000 ) ) ;
#3351 = ORIENTED_EDGE ( 'NONE', *, *, #3329, .T. ) ;
#3352 = VECTOR ( 'NONE', #4355, 1000.000000000000000 ) ;
#3353 = DIRECTION ( 'NONE',  ( 0.000000000000000000, 0.000000000000000000, -1.000000000000000000 ) ) ;
#3354 = VECTOR ( 'NONE', #1607, 1000.000000000000000 ) ;
#3355 = DIRECTION ( 'NONE',  ( -0.000000000000000000, 0.000000000000000000, -1.000000000000000000 ) ) ;
#3356 = ORIENTED_EDGE ( 'NONE', *, *, #1919, .F. ) ;
#3357 = ORIENTED_EDGE ( 'NONE', *, *, #4544, .F. ) ;
#3358 = ORIENTED_EDGE ( 'NONE', *, *, #1020, .F. ) ;
#3359 = CARTESIAN_POINT ( 'NONE',  ( 104.8615394064225654, 27.96153940642307845, 56.20000000000000284 ) ) ;
#3360 = CARTESIAN_POINT ( 'NONE',  ( 3.200000000000000622, 2.700000000000000178, 3.400000000000000355 ) ) ;
#3361 = CYLINDRICAL_SURFACE ( 'NONE', #711, 1.599999999999997202 ) ;
#3362 = VECTOR ( 'NONE', #2724, 1000.000000000000000 ) ;
#3363 = ORIENTED_EDGE ( 'NONE', *, *, #1892, .F. ) ;
#3364 = CARTESIAN_POINT ( 'NONE',  ( 22.34999999999958575, -3.000000000000000000, -0.2000000000000000111 ) ) ;
#3365 = ORIENTED_EDGE ( 'NONE', *, *, #4487, .T. ) ;
#3366 = EDGE_CURVE ( 'NONE', #3595, #1877, #528, .T. ) ;
#3367 = LINE ( 'NONE', #1586, #1278 ) ;
#3368 = ORIENTED_EDGE ( 'NONE', *, *, #3196, .F. ) ;
#3369 = CARTESIAN_POINT ( 'NONE',  ( 51.99999999999999289, 2.700000000000001066, 56.20000000000000284 ) ) ;
#3370 = DIRECTION ( 'NONE',  ( -0.000000000000000000, 0.000000000000000000, 1.000000000000000000 ) ) ;
#3371 = ORIENTED_EDGE ( 'NONE', *, *, #4816, .F. ) ;
#3372 = EDGE_CURVE ( 'NONE', #3780, #2657, #4419, .T. ) ;
#3373 = LINE ( 'NONE', #3812, #1770 ) ;
#3375 = ORIENTED_EDGE ( 'NONE', *, *, #541, .F. ) ;
#3374 = ORIENTED_EDGE ( 'NONE', *, *, #4651, .T. ) ;
#3376 = DIRECTION ( 'NONE',  ( -1.399999999999999714E-14, -9.999999999999999988E-15, -1.000000000000000000 ) ) ;
#3377 = ADVANCED_BREP_SHAPE_REPRESENTATION ( 'face_plate', ( #4830, #4215 ), #2144 ) ;
#3378 = CARTESIAN_POINT ( 'NONE',  ( -0.2000000000000000111, 2.700000000000000178, 5.000000000000000000 ) ) ;
#3379 = ORIENTED_EDGE ( 'NONE', *, *, #3254, .T. ) ;
#3380 = CARTESIAN_POINT ( 'NONE',  ( 42.64999999996616253, -3.000000000000003553, -1.799999999999611466 ) ) ;
#3381 = EDGE_CURVE ( 'NONE', #4180, #3673, #936, .T. ) ;
#3382 = LINE ( 'NONE', #3695, #448 ) ;
#3383 = ORIENTED_EDGE ( 'NONE', *, *, #2500, .F. ) ;
#3384 = ORIENTED_EDGE ( 'NONE', *, *, #3284, .T. ) ;
#3385 = CARTESIAN_POINT ( 'NONE',  ( 88.40000000000000568, 4.299999999999999822, 21.49999999999971934 ) ) ;
#3386 = AXIS2_PLACEMENT_3D ( 'NONE', #1436, #4202, #4610 ) ;
#3387 = FACE_BOUND ( 'NONE', #1174, .T. ) ;
#3388 = VECTOR ( 'NONE', #4580, 1000.000000000000000 ) ;
#3389 = DIRECTION ( 'NONE',  ( 1.245113975359213795E-14, 1.000000000000000000, -9.999999999999977900E-15 ) ) ;
#3390 = DIRECTION ( 'NONE',  ( -1.000000000000000000, 0.000000000000000000, 0.000000000000000000 ) ) ;
#3391 = ORIENTED_EDGE ( 'NONE', *, *, #1798, .T. ) ;
#3392 = EDGE_CURVE ( 'NONE', #1520, #2622, #758, .T. ) ;
#3393 = VERTEX_POINT ( 'NONE', #1167 ) ;
#3394 = FACE_OUTER_BOUND ( 'NONE', #4170, .T. ) ;
#3395 = EDGE_CURVE ( 'NONE', #2045, #2498, #3002, .T. ) ;
#3396 = AXIS2_PLACEMENT_3D ( 'NONE', #4613, #481, #4204 ) ;
#3397 = PLANE ( 'NONE',  #3470 ) ;
#3398 = EDGE_LOOP ( 'NONE', ( #2767, #2978, #1525, #369 ) ) ;
#3399 = DIRECTION ( 'NONE',  ( 1.000000000000000000, -0.000000000000000000, -1.261617073437677999E-16 ) ) ;
#3400 = ORIENTED_EDGE ( 'NONE', *, *, #523, .T. ) ;
#3401 = AXIS2_PLACEMENT_3D ( 'NONE', #3051, #3416, #1211 ) ;
#3402 = CARTESIAN_POINT ( 'NONE',  ( 42.64999999996619806, -5.970999999995329441E-13, -1.800000000000000044 ) ) ;
#3403 = EDGE_CURVE ( 'NONE', #1355, #3238, #3681, .T. ) ;
#3404 = DIRECTION ( 'NONE',  ( 0.000000000000000000, 0.000000000000000000, 1.000000000000000000 ) ) ;
#3405 = ORIENTED_EDGE ( 'NONE', *, *, #1753, .T. ) ;
#3407 = LINE ( 'NONE', #4632, #4384 ) ;
#3406 = LINE ( 'NONE', #4361, #1029 ) ;
#3408 = EDGE_LOOP ( 'NONE', ( #3629, #3885, #2555, #3685 ) ) ;
#3409 = DIRECTION ( 'NONE',  ( 0.000000000000000000, 0.000000000000000000, -1.000000000000000000 ) ) ;
#3410 = CARTESIAN_POINT ( 'NONE',  ( 72.20000000000000284, -8.300000000000002487, 57.80000000000000426 ) ) ;
#3411 = ORIENTED_EDGE ( 'NONE', *, *, #3790, .F. ) ;
#3412 = VECTOR ( 'NONE', #2270, 1000.000000000000000 ) ;
#3413 = EDGE_CURVE ( 'NONE', #3393, #3735, #522, .T. ) ;
#3414 = ORIENTED_EDGE ( 'NONE', *, *, #1150, .T. ) ;
#3415 = DIRECTION ( 'NONE',  ( -1.399999999999999714E-14, -9.999999999999999988E-15, -1.000000000000000000 ) ) ;
#3416 = DIRECTION ( 'NONE',  ( 0.000000000000000000, 1.000000000000000000, 0.000000000000000000 ) ) ;
#3417 = CYLINDRICAL_SURFACE ( 'NONE', #982, 5.199999999999996625 ) ;
#3418 = EDGE_LOOP ( 'NONE', ( #3891, #1635, #4857, #3733 ) ) ;
#3419 = DIRECTION ( 'NONE',  ( 1.240954293808709686E-16, -1.000000000000000000, 0.000000000000000000 ) ) ;
#3420 = ADVANCED_FACE ( 'NONE', ( #5 ), #899, .T. ) ;
#3421 = EDGE_CURVE ( 'NONE', #1024, #1472, #1718, .T. ) ;
#3422 = DIRECTION ( 'NONE',  ( 0.000000000000000000, 0.7071067811865473507, -0.7071067811865477948 ) ) ;
#3423 = CARTESIAN_POINT ( 'NONE',  ( 28.42722046483864418, -1.452796087347649090, -1.800000000000000044 ) ) ;
#3424 = VECTOR ( 'NONE', #2156, 1000.000000000000000 ) ;
#3425 = ORIENTED_EDGE ( 'NONE', *, *, #195, .T. ) ;
#3426 = FACE_OUTER_BOUND ( 'NONE', #322, .T. ) ;
#3427 = CARTESIAN_POINT ( 'NONE',  ( -68.20000000000001705, -9.279878463368314456, 57.00000000000000000 ) ) ;
#3428 = DIRECTION ( 'NONE',  ( -0.8164965809277313635, 0.5773502691896182926, -0.000000000000000000 ) ) ;
#3429 = EDGE_CURVE ( 'NONE', #1890, #2109, #4570, .T. ) ;
#3430 = VERTEX_POINT ( 'NONE', #3830 ) ;
#3431 = AXIS2_PLACEMENT_3D ( 'NONE', #2936, #1792, #649 ) ;
#3432 = ORIENTED_EDGE ( 'NONE', *, *, #2813, .F. ) ;
#3433 = PLANE ( 'NONE',  #1187 ) ;
#3435 = ORIENTED_EDGE ( 'NONE', *, *, #3958, .F. ) ;
#3434 = VERTEX_POINT ( 'NONE', #4290 ) ;
#3436 = VECTOR ( 'NONE', #791, 1000.000000000000000 ) ;
#3437 = STYLED_ITEM ( 'NONE', ( #723 ), #4830 ) ;
#3438 = CARTESIAN_POINT ( 'NONE',  ( 70.40000000000000568, -3.000000000000000000, -1.800000000000000044 ) ) ;
#3439 = ORIENTED_EDGE ( 'NONE', *, *, #4871, .T. ) ;
#3440 = CARTESIAN_POINT ( 'NONE',  ( 54.59999999999999432, -13.20000000000001172, -1.800000000000000044 ) ) ;
#3441 = FACE_OUTER_BOUND ( 'NONE', #2382, .T. ) ;
#3442 = CARTESIAN_POINT ( 'NONE',  ( 0.000000000000000000, 0.1000000000000000056, 2.150000000000471534 ) ) ;
#3443 = CARTESIAN_POINT ( 'NONE',  ( 82.00000000000001421, 3.499999999999993783, 54.19999999999999574 ) ) ;
#3444 = EDGE_LOOP ( 'NONE', ( #2079, #1553, #4862, #1915, #2116 ) ) ;
#3445 = VECTOR ( 'NONE', #2008, 1000.000000000000114 ) ;
#3447 = VERTEX_POINT ( 'NONE', #3482 ) ;
#3446 = ORIENTED_EDGE ( 'NONE', *, *, #1074, .T. ) ;
#3448 = CARTESIAN_POINT ( 'NONE',  ( 2.399999999999999467, 0.1000000000000000056, 0.000000000000000000 ) ) ;
#3449 = ADVANCED_FACE ( 'NONE', ( #4640 ), #2061, .T. ) ;
#3450 = LINE ( 'NONE', #2627, #2499 ) ;
#3451 = DIRECTION ( 'NONE',  ( 1.000000000000000000, 0.000000000000000000, -0.000000000000000000 ) ) ;
#3452 = CARTESIAN_POINT ( 'NONE',  ( 82.00000000000001421, 3.499999999999993783, 54.19999999999999574 ) ) ;
#3453 = EDGE_CURVE ( 'NONE', #1558, #3271, #1168, .T. ) ;
#3454 = VECTOR ( 'NONE', #2267, 1000.000000000000000 ) ;
#3455 = CARTESIAN_POINT ( 'NONE',  ( 66.59999999999999432, 4.300000000000001599, -1.800000000000000044 ) ) ;
#3456 = VERTEX_POINT ( 'NONE', #4636 ) ;
#3457 = DIRECTION ( 'NONE',  ( -0.000000000000000000, 1.000000000000000000, -0.000000000000000000 ) ) ;
#3458 = ORIENTED_EDGE ( 'NONE', *, *, #3392, .F. ) ;
#3459 = CARTESIAN_POINT ( 'NONE',  ( 2.399999999999999467, -10.10000000000001918, 57.80000000000000426 ) ) ;
#3460 = CARTESIAN_POINT ( 'NONE',  ( 86.79999999999999716, 4.299999999999999822, 21.49999999999971934 ) ) ;
#3461 = ORIENTED_EDGE ( 'NONE', *, *, #4396, .T. ) ;
#3462 = EDGE_CURVE ( 'NONE', #4486, #3468, #4773, .T. ) ;
#3463 = ORIENTED_EDGE ( 'NONE', *, *, #2588, .F. ) ;
#3464 = PLANE ( 'NONE',  #2342 ) ;
#3465 = CARTESIAN_POINT ( 'NONE',  ( 56.19999999999998863, -11.40000000000000568, -1.800000000000000044 ) ) ;
#3466 = DIRECTION ( 'NONE',  ( 0.000000000000000000, 1.000000000000000000, 0.000000000000000000 ) ) ;
#3467 = LINE ( 'NONE', #2218, #1331 ) ;
#3468 = VERTEX_POINT ( 'NONE', #1678 ) ;
#3469 = FACE_OUTER_BOUND ( 'NONE', #4758, .T. ) ;
#3470 = AXIS2_PLACEMENT_3D ( 'NONE', #1482, #1881, #4147 ) ;
#3471 = PLANE ( 'NONE',  #4209 ) ;
#3472 = EDGE_CURVE ( 'NONE', #3805, #4804, #1535, .T. ) ;
#3473 = EDGE_LOOP ( 'NONE', ( #2703, #2152, #1694, #353 ) ) ;
#3474 = VERTEX_POINT ( 'NONE', #158 ) ;
#3475 = LINE ( 'NONE', #303, #901 ) ;
#3476 = ORIENTED_EDGE ( 'NONE', *, *, #337, .F. ) ;
#3477 = ADVANCED_FACE ( 'NONE', ( #1844 ), #3137, .F. ) ;
#3478 = CARTESIAN_POINT ( 'NONE',  ( -1.800000000000000266, -6.100000000000012079, 8.399999999999998579 ) ) ;
#3479 = ORIENTED_EDGE ( 'NONE', *, *, #1057, .F. ) ;
#3480 = AXIS2_PLACEMENT_3D ( 'NONE', #2903, #4794, #4000 ) ;
#3481 = DIRECTION ( 'NONE',  ( -1.000000000000000000, -0.000000000000000000, -0.000000000000000000 ) ) ;
#3482 = CARTESIAN_POINT ( 'NONE',  ( 88.40000000000000568, 0.09999999999999982514, -2.168404344971008868E-16 ) ) ;
#3483 = EDGE_CURVE ( 'NONE', #1423, #4524, #3808, .T. ) ;
#3484 = LINE ( 'NONE', #8, #4394 ) ;
#3485 = ORIENTED_EDGE ( 'NONE', *, *, #1572, .F. ) ;
#3486 = CARTESIAN_POINT ( 'NONE',  ( 48.99999999999997868, 3.500000000000012434, 53.19999999999999574 ) ) ;
#3487 = VECTOR ( 'NONE', #682, 1000.000000000000000 ) ;
#3488 = FACE_OUTER_BOUND ( 'NONE', #3554, .T. ) ;
#3490 = EDGE_LOOP ( 'NONE', ( #3766, #164, #4284, #2614 ) ) ;
#3489 = VERTEX_POINT ( 'NONE', #3531 ) ;
#3491 = EDGE_CURVE ( 'NONE', #641, #704, #2792, .T. ) ;
#3492 = DIRECTION ( 'NONE',  ( 1.000000000000000000, 0.000000000000000000, -0.000000000000000000 ) ) ;
#3493 = CARTESIAN_POINT ( 'NONE',  ( 86.79999999999999716, 0.09999999999999939493, 56.20000000000000284 ) ) ;
#3494 = DIRECTION ( 'NONE',  ( 0.000000000000000000, 0.000000000000000000, 1.000000000000000000 ) ) ;
#3495 = FACE_OUTER_BOUND ( 'NONE', #3553, .T. ) ;
#3496 = ORIENTED_EDGE ( 'NONE', *, *, #3580, .T. ) ;
#3497 = ORIENTED_EDGE ( 'NONE', *, *, #232, .F. ) ;
#3498 = ORIENTED_EDGE ( 'NONE', *, *, #2257, .F. ) ;
#3499 = DIRECTION ( 'NONE',  ( 1.000000000000000000, 0.000000000000000000, 0.000000000000000000 ) ) ;
#3500 = AXIS2_PLACEMENT_3D ( 'NONE', #1313, #2014, #2082 ) ;
#3501 = VECTOR ( 'NONE', #4303, 1000.000000000000000 ) ;
#3502 = ADVANCED_FACE ( 'NONE', ( #1787 ), #3170, .T. ) ;
#3504 = VERTEX_POINT ( 'NONE', #467 ) ;
#3503 = ORIENTED_EDGE ( 'NONE', *, *, #2858, .T. ) ;
#3505 = CYLINDRICAL_SURFACE ( 'NONE', #3863, 5.200000000000000178 ) ;
#3506 = VECTOR ( 'NONE', #1455, 1000.000000000000000 ) ;
#3507 = CARTESIAN_POINT ( 'NONE',  ( 80.40000000000001990, 3.499999999999993783, 55.80000000000001847 ) ) ;
#3509 = ORIENTED_EDGE ( 'NONE', *, *, #832, .T. ) ;
#3508 = ORIENTED_EDGE ( 'NONE', *, *, #928, .T. ) ;
#3510 = VECTOR ( 'NONE', #4533, 1000.000000000000000 ) ;
#3511 = VECTOR ( 'NONE', #4769, 1000.000000000000000 ) ;
#3512 = LINE ( 'NONE', #3793, #3696 ) ;
#3513 = DIRECTION ( 'NONE',  ( 1.000000000000000000, 0.000000000000000000, 0.000000000000000000 ) ) ;
#3514 = VERTEX_POINT ( 'NONE', #487 ) ;
#3515 = DIRECTION ( 'NONE',  ( -1.000000000000000000, 0.000000000000000000, 0.000000000000000000 ) ) ;
#3516 = CARTESIAN_POINT ( 'NONE',  ( 1.800000000000000044, 1.579999999999735172, 34.24999999999941025 ) ) ;
#3517 = EDGE_CURVE ( 'NONE', #2314, #3794, #3288, .T. ) ;
#3518 = ORIENTED_EDGE ( 'NONE', *, *, #1868, .T. ) ;
#3519 = ORIENTED_EDGE ( 'NONE', *, *, #3126, .T. ) ;
#3520 = CARTESIAN_POINT ( 'NONE',  ( 4.800000000000000711, 2.700000000000000178, 2.288312642244096473 ) ) ;
#3521 = EDGE_CURVE ( 'NONE', #4882, #3279, #1654, .T. ) ;
#3522 = CARTESIAN_POINT ( 'NONE',  ( 14.39999999999999680, -8.300000000000000711, 57.80000000000000426 ) ) ;
#3523 = ORIENTED_EDGE ( 'NONE', *, *, #3261, .F. ) ;
#3524 = ADVANCED_FACE ( 'NONE', ( #2421 ), #504, .T. ) ;
#3525 = CARTESIAN_POINT ( 'NONE',  ( 151.0230788128466202, 4.299999999999992717, 57.79999999999999716 ) ) ;
#3526 = ORIENTED_EDGE ( 'NONE', *, *, #3684, .T. ) ;
#3527 = CARTESIAN_POINT ( 'NONE',  ( 4.800000000000000711, 4.299999999999999822, 3.400000000000000355 ) ) ;
#3528 = ORIENTED_EDGE ( 'NONE', *, *, #3693, .T. ) ;
#3529 = EDGE_CURVE ( 'NONE', #4409, #1088, #3564, .T. ) ;
#3530 = AXIS2_PLACEMENT_3D ( 'NONE', #2322, #3390, #4156 ) ;
#3531 = CARTESIAN_POINT ( 'NONE',  ( 2.200000099166676382, 3.499999999999990230, 5.000000000000000000 ) ) ;
#3532 = CARTESIAN_POINT ( 'NONE',  ( 86.79999999999999716, 4.299999999999999822, 21.49999999999971934 ) ) ;
#3533 = LINE ( 'NONE', #2573, #416 ) ;
#3534 = CARTESIAN_POINT ( 'NONE',  ( 86.79999999999999716, -1.399999999999999911, 36.69999999999971863 ) ) ;
#3535 = CARTESIAN_POINT ( 'NONE',  ( 86.79999999999999716, 0.1000000000000000056, 39.39999999999972147 ) ) ;
#3536 = VECTOR ( 'NONE', #1691, 1000.000000000000000 ) ;
#3537 = ORIENTED_EDGE ( 'NONE', *, *, #3081, .T. ) ;
#3538 = DIRECTION ( 'NONE',  ( 0.000000000000000000, 0.000000000000000000, 1.000000000000000000 ) ) ;
#3539 = DIRECTION ( 'NONE',  ( 0.000000000000000000, -1.157511216176695077E-16, 1.000000000000000000 ) ) ;
#3540 = ORIENTED_EDGE ( 'NONE', *, *, #1478, .F. ) ;
#3541 = CARTESIAN_POINT ( 'NONE',  ( -0.000000000000000000, 1.449999999999999956, 34.24999999999941025 ) ) ;
#3542 = PLANE ( 'NONE',  #3627 ) ;
#3543 = DIRECTION ( 'NONE',  ( 0.000000000000000000, -1.000000000000000000, 0.000000000000000000 ) ) ;
#3544 = LINE ( 'NONE', #1441, #3487 ) ;
#3545 = DIRECTION ( 'NONE',  ( -0.000000000000000000, -0.000000000000000000, 1.000000000000000000 ) ) ;
#3546 = DIRECTION ( 'NONE',  ( -0.6880060194648398575, 0.7257049794373375828, 0.000000000000000000 ) ) ;
#3547 = VECTOR ( 'NONE', #2042, 1000.000000000000114 ) ;
#3548 = ADVANCED_FACE ( 'NONE', ( #4515 ), #2797, .T. ) ;
#3549 = VERTEX_POINT ( 'NONE', #4617 ) ;
#3550 = EDGE_CURVE ( 'NONE', #2436, #4113, #244, .T. ) ;
#3551 = DIRECTION ( 'NONE',  ( 0.000000000000000000, 0.000000000000000000, -1.000000000000000000 ) ) ;
#3552 = CARTESIAN_POINT ( 'NONE',  ( 86.20000095400001783, 2.700000000000000178, 8.000000000000000000 ) ) ;
#3554 = EDGE_LOOP ( 'NONE', ( #1746, #1526, #2477, #3523 ) ) ;
#3553 = EDGE_LOOP ( 'NONE', ( #1873, #1251, #1166, #4228, #3143, #810, #4578 ) ) ;
#3555 = ORIENTED_EDGE ( 'NONE', *, *, #1248, .F. ) ;
#3556 = DIRECTION ( 'NONE',  ( -1.000000000000000000, -0.000000000000000000, -0.000000000000000000 ) ) ;
#3557 = VECTOR ( 'NONE', #869, 1000.000000000000000 ) ;
#3558 = LINE ( 'NONE', #4469, #2071 ) ;
#3559 = EDGE_CURVE ( 'NONE', #4385, #1752, #517, .T. ) ;
#3560 = EDGE_LOOP ( 'NONE', ( #1071, #3384, #4874, #1702 ) ) ;
#3561 = DIRECTION ( 'NONE',  ( 1.000000000000000000, 0.000000000000000000, 0.000000000000000000 ) ) ;
#3562 = ORIENTED_EDGE ( 'NONE', *, *, #2084, .T. ) ;
#3563 = CARTESIAN_POINT ( 'NONE',  ( 4.000000000000003553, -3.000000000000008438, 0.000000000000000000 ) ) ;
#3564 = LINE ( 'NONE', #3465, #4224 ) ;
#3566 = VERTEX_POINT ( 'NONE', #2468 ) ;
#3565 = ORIENTED_EDGE ( 'NONE', *, *, #4142, .F. ) ;
#3567 = CARTESIAN_POINT ( 'NONE',  ( 79.80000000000001137, 2.400000000000000355, 1.800000237999992869 ) ) ;
#3568 = ORIENTED_EDGE ( 'NONE', *, *, #3580, .F. ) ;
#3569 = EDGE_CURVE ( 'NONE', #2527, #117, #2606, .T. ) ;
#3570 = VERTEX_POINT ( 'NONE', #199 ) ;
#3571 = CARTESIAN_POINT ( 'NONE',  ( 2.399999999999999467, -9.279878463368314456, 57.00000000000000000 ) ) ;
#3573 = FACE_OUTER_BOUND ( 'NONE', #1933, .T. ) ;
#3572 = FACE_OUTER_BOUND ( 'NONE', #3444, .T. ) ;
#3574 = AXIS2_PLACEMENT_3D ( 'NONE', #4571, #3149, #2092 ) ;
#3575 = ADVANCED_FACE ( 'NONE', ( #1424 ), #4884, .F. ) ;
#3576 = CARTESIAN_POINT ( 'NONE',  ( 85.47213690899958749, 4.299999999999992717, 54.99999999999997868 ) ) ;
#3577 = LINE ( 'NONE', #3522, #3828 ) ;
#3578 = ORIENTED_EDGE ( 'NONE', *, *, #2454, .T. ) ;
#3579 = DIRECTION ( 'NONE',  ( 1.000000000000000000, 0.000000000000000000, -0.000000000000000000 ) ) ;
#3580 = EDGE_CURVE ( 'NONE', #2323, #4324, #1001, .T. ) ;
#3581 = VECTOR ( 'NONE', #2623, 1000.000000000000000 ) ;
#3582 = EDGE_LOOP ( 'NONE', ( #2966, #1203, #4670, #4810 ) ) ;
#3583 = CARTESIAN_POINT ( 'NONE',  ( 15.00000000000000711, 2.700000000000000178, 1.800000000000006928 ) ) ;
#3584 = ADVANCED_FACE ( 'NONE', ( #2782 ), #1780, .F. ) ;
#3585 = DIRECTION ( 'NONE',  ( 1.000000000000000000, 0.000000000000000000, 0.000000000000000000 ) ) ;
#3586 = EDGE_CURVE ( 'NONE', #3279, #1088, #2545, .T. ) ;
#3587 = ORIENTED_EDGE ( 'NONE', *, *, #4203, .F. ) ;
#3589 = LINE ( 'NONE', #3202, #3710 ) ;
#3588 = VECTOR ( 'NONE', #538, 1000.000000000000000 ) ;
#3590 = DIRECTION ( 'NONE',  ( -1.000000000000000000, 1.400000000000000345E-14, 0.000000000000000000 ) ) ;
#3591 = ORIENTED_EDGE ( 'NONE', *, *, #2858, .F. ) ;
#3592 = EDGE_LOOP ( 'NONE', ( #4697, #320, #2869, #1474 ) ) ;
#3593 = CARTESIAN_POINT ( 'NONE',  ( 82.00000000000001421, 4.299999999999992717, 55.79999999999999716 ) ) ;
#3594 = VECTOR ( 'NONE', #2994, 1000.000000000000000 ) ;
#3595 = VERTEX_POINT ( 'NONE', #46 ) ;
#3596 = PLANE ( 'NONE',  #628 ) ;
#3597 = ORIENTED_EDGE ( 'NONE', *, *, #3284, .F. ) ;
#3598 = CIRCLE ( 'NONE', #780, 0.6499999999999978018 ) ;
#3599 = ORIENTED_EDGE ( 'NONE', *, *, #1398, .F. ) ;
#3600 = DIRECTION ( 'NONE',  ( 0.000000000000000000, 0.000000000000000000, 1.000000000000000000 ) ) ;
#3601 = CARTESIAN_POINT ( 'NONE',  ( 68.19999999999998863, -13.20000000000001172, -1.800000000000000044 ) ) ;
#3602 = FACE_OUTER_BOUND ( 'NONE', #4233, .T. ) ;
#3603 = CIRCLE ( 'NONE', #3668, 1.599999999999997202 ) ;
#3604 = ORIENTED_EDGE ( 'NONE', *, *, #110, .T. ) ;
#3605 = VERTEX_POINT ( 'NONE', #1225 ) ;
#3606 = ADVANCED_FACE ( 'NONE', ( #4054 ), #390, .F. ) ;
#3607 =( NAMED_UNIT ( * ) SI_UNIT ( $, .STERADIAN. ) SOLID_ANGLE_UNIT ( ) );
#3608 = CARTESIAN_POINT ( 'NONE',  ( 4.000000000000000888, 0.1999999999999999833, -0.2000000000000000111 ) ) ;
#3609 = LINE ( 'NONE', #617, #631 ) ;
#3610 = VECTOR ( 'NONE', #888, 1000.000000000000000 ) ;
#3611 = ORIENTED_EDGE ( 'NONE', *, *, #3684, .F. ) ;
#3612 = DIRECTION ( 'NONE',  ( -1.000000000000000000, 1.400000000000014387E-14, 1.399999999999985673E-14 ) ) ;
#3614 = EDGE_LOOP ( 'NONE', ( #542, #1207, #4312, #426, #4820, #2074, #4408, #315, #903, #721, #795, #3945, #188, #2016 ) ) ;
#3613 = ORIENTED_EDGE ( 'NONE', *, *, #3991, .T. ) ;
#3615 = ORIENTED_EDGE ( 'NONE', *, *, #4710, .F. ) ;
#3616 = EDGE_CURVE ( 'NONE', #1418, #4559, #293, .T. ) ;
#3617 = VECTOR ( 'NONE', #1160, 1000.000000000000000 ) ;
#3618 = CARTESIAN_POINT ( 'NONE',  ( 66.59999999999999432, -3.000000000000000444, -1.800000000000000044 ) ) ;
#3619 = CARTESIAN_POINT ( 'NONE',  ( 86.79999999999999716, 0.1000000000000000056, 0.000000000000000000 ) ) ;
#3620 = LINE ( 'NONE', #4321, #588 ) ;
#3621 = ORIENTED_EDGE ( 'NONE', *, *, #1352, .F. ) ;
#3622 = EDGE_LOOP ( 'NONE', ( #3568, #4712, #3122, #4106 ) ) ;
#3623 = VECTOR ( 'NONE', #757, 1000.000000000000000 ) ;
#3624 = VECTOR ( 'NONE', #2028, 1000.000000000000000 ) ;
#3625 = ADVANCED_FACE ( 'NONE', ( #751 ), #822, .F. ) ;
#3626 = EDGE_CURVE ( 'NONE', #1036, #2378, #1165, .T. ) ;
#3627 = AXIS2_PLACEMENT_3D ( 'NONE', #1329, #3946, #1706 ) ;
#3628 =( NAMED_UNIT ( * ) PLANE_ANGLE_UNIT ( ) SI_UNIT ( $, .RADIAN. ) );
#3629 = ORIENTED_EDGE ( 'NONE', *, *, #384, .T. ) ;
#3630 = LINE ( 'NONE', #1005, #3511 ) ;
#3631 = DIRECTION ( 'NONE',  ( 1.000000000000000000, -0.000000000000000000, 0.000000000000000000 ) ) ;
#3632 = DIRECTION ( 'NONE',  ( 0.000000000000000000, -0.000000000000000000, 1.000000000000000000 ) ) ;
#3633 = AXIS2_PLACEMENT_3D ( 'NONE', #4879, #2245, #4863 ) ;
#3634 = LINE ( 'NONE', #304, #1577 ) ;
#3635 = LINE ( 'NONE', #2049, #4784 ) ;
#3636 = DIRECTION ( 'NONE',  ( -1.000000000000000000, 1.358957646467426048E-14, 0.000000000000000000 ) ) ;
#3637 = DIRECTION ( 'NONE',  ( 0.000000000000000000, -1.157511216176695077E-16, 1.000000000000000000 ) ) ;
#3638 = VECTOR ( 'NONE', #4252, 1000.000000000000000 ) ;
#3639 = AXIS2_PLACEMENT_3D ( 'NONE', #81, #840, #1621 ) ;
#3640 = DIRECTION ( 'NONE',  ( 1.000000000000000000, -0.000000000000000000, 0.000000000000000000 ) ) ;
#3641 = DIRECTION ( 'NONE',  ( 0.000000000000000000, 1.000000000000000000, 1.668003342285390072E-16 ) ) ;
#3642 = VERTEX_POINT ( 'NONE', #3811 ) ;
#3643 = DIRECTION ( 'NONE',  ( -1.399999999999999714E-14, -9.999999999999999988E-15, -1.000000000000000000 ) ) ;
#3644 = CARTESIAN_POINT ( 'NONE',  ( -1.000000000000000000, -5.279878463368307351, 1.800000000000000488 ) ) ;
#3645 = EDGE_LOOP ( 'NONE', ( #3998, #1605, #4426, #2908 ) ) ;
#3646 = EDGE_CURVE ( 'NONE', #2889, #2956, #586, .T. ) ;
#3647 = ADVANCED_FACE ( 'NONE', ( #2300 ), #4567, .T. ) ;
#3648 = ORIENTED_EDGE ( 'NONE', *, *, #1407, .F. ) ;
#3649 = CARTESIAN_POINT ( 'NONE',  ( 84.20000000000000284, 0.09999999999999939493, 57.00000000000000000 ) ) ;
#3650 = DIRECTION ( 'NONE',  ( -0.7071067811865486830, 0.000000000000000000, 0.7071067811865464625 ) ) ;
#3651 = VECTOR ( 'NONE', #1730, 1000.000000000000000 ) ;
#3652 = EDGE_CURVE ( 'NONE', #2337, #2622, #1943, .T. ) ;
#3653 = DIRECTION ( 'NONE',  ( 0.000000000000000000, -0.000000000000000000, 1.000000000000000000 ) ) ;
#3654 = APPLICATION_PROTOCOL_DEFINITION ( 'draft international standard', 'automotive_design', 1998, #690 ) ;
#3655 = DIRECTION ( 'NONE',  ( -0.000000000000000000, 1.000000000000000000, 1.157511216176695077E-16 ) ) ;
#3656 = CARTESIAN_POINT ( 'NONE',  ( 82.60000000000000853, 0.1000000000000000056, 0.000000000000000000 ) ) ;
#3657 = ORIENTED_EDGE ( 'NONE', *, *, #2371, .T. ) ;
#3658 = AXIS2_PLACEMENT_3D ( 'NONE', #4606, #2021, #4282 ) ;
#3659 = LINE ( 'NONE', #4098, #730 ) ;
#3660 = PLANE ( 'NONE',  #1751 ) ;
#3661 = EDGE_CURVE ( 'NONE', #2682, #2364, #636, .T. ) ;
#3663 = ORIENTED_EDGE ( 'NONE', *, *, #3208, .T. ) ;
#3662 = ORIENTED_EDGE ( 'NONE', *, *, #3172, .T. ) ;
#3664 = DIRECTION ( 'NONE',  ( 0.000000000000000000, 0.000000000000000000, -1.000000000000000000 ) ) ;
#3665 = DIRECTION ( 'NONE',  ( -1.399999999999999714E-14, -9.999999999999999988E-15, -1.000000000000000000 ) ) ;
#3666 = CARTESIAN_POINT ( 'NONE',  ( 86.79999999999999716, 1.449999999999999956, 47.99999999999998579 ) ) ;
#3667 = LINE ( 'NONE', #4473, #1471 ) ;
#3668 = AXIS2_PLACEMENT_3D ( 'NONE', #4068, #2983, #4855 ) ;
#3669 = ORIENTED_EDGE ( 'NONE', *, *, #3529, .T. ) ;
#3670 = ORIENTED_EDGE ( 'NONE', *, *, #1082, .T. ) ;
#3671 = CARTESIAN_POINT ( 'NONE',  ( 85.71168843862798781, 2.700000000000000178, 4.799999999999999822 ) ) ;
#3672 = VECTOR ( 'NONE', #1754, 1000.000000000000000 ) ;
#3674 = ORIENTED_EDGE ( 'NONE', *, *, #4208, .F. ) ;
#3673 = VERTEX_POINT ( 'NONE', #3452 ) ;
#3675 = DIRECTION ( 'NONE',  ( 0.000000000000000000, 1.000000000000000000, -2.085004177856736973E-17 ) ) ;
#3676 = EDGE_CURVE ( 'NONE', #4672, #2106, #2708, .T. ) ;
#3677 = VECTOR ( 'NONE', #1945, 1000.000000000000000 ) ;
#3678 = VECTOR ( 'NONE', #366, 1000.000000000000000 ) ;
#3679 = ORIENTED_EDGE ( 'NONE', *, *, #4745, .F. ) ;
#3680 = ORIENTED_EDGE ( 'NONE', *, *, #3395, .F. ) ;
#3681 = LINE ( 'NONE', #1221, #2303 ) ;
#3682 = VECTOR ( 'NONE', #4358, 1000.000000000000000 ) ;
#3683 = PLANE ( 'NONE',  #1899 ) ;
#3684 = EDGE_CURVE ( 'NONE', #831, #2644, #2992, .T. ) ;
#3685 = ORIENTED_EDGE ( 'NONE', *, *, #2697, .F. ) ;
#3686 = CARTESIAN_POINT ( 'NONE',  ( 86.79999999999999716, 2.699999999999997513, 0.000000000000000000 ) ) ;
#3687 = CARTESIAN_POINT ( 'NONE',  ( 14.36999999999957645, -1.049999999999894795, -1.189999999999569180 ) ) ;
#3688 = DIRECTION ( 'NONE',  ( 0.7071067811865491270, -0.000000000000000000, 0.7071067811865459074 ) ) ;
#3689 = CARTESIAN_POINT ( 'NONE',  ( -1.800000000000000266, -0.1300000000003228295, 34.24999999999941025 ) ) ;
#3690 = ORIENTED_EDGE ( 'NONE', *, *, #679, .F. ) ;
#3691 = CIRCLE ( 'NONE', #4824, 5.999999999999991118 ) ;
#3692 = VERTEX_POINT ( 'NONE', #3849 ) ;
#3693 = EDGE_CURVE ( 'NONE', #3430, #1300, #4878, .T. ) ;
#3694 = AXIS2_PLACEMENT_3D ( 'NONE', #3360, #4099, #1882 ) ;
#3695 = CARTESIAN_POINT ( 'NONE',  ( -1.800000000000000266, -6.100000000000012079, 1.800000000000000488 ) ) ;
#3696 = VECTOR ( 'NONE', #4552, 1000.000000000000000 ) ;
#3697 = VECTOR ( 'NONE', #3245, 1000.000000000000000 ) ;
#3698 = CIRCLE ( 'NONE', #4010, 1.700000000000000178 ) ;
#3699 = CARTESIAN_POINT ( 'NONE',  ( 54.59999999999999432, 4.299999999999999822, -1.000000000000000000 ) ) ;
#3700 = VECTOR ( 'NONE', #4679, 1000.000000000000000 ) ;
#3701 = ORIENTED_EDGE ( 'NONE', *, *, #1279, .F. ) ;
#3702 = VECTOR ( 'NONE', #3127, 1000.000000000000000 ) ;
#3703 = DIRECTION ( 'NONE',  ( 0.000000000000000000, 1.000000000000000000, 0.000000000000000000 ) ) ;
#3704 = DIRECTION ( 'NONE',  ( 0.000000000000000000, -1.000000000000000000, 0.000000000000000000 ) ) ;
#3705 = LINE ( 'NONE', #4039, #1195 ) ;
#3706 = DIRECTION ( 'NONE',  ( 0.000000000000000000, 0.000000000000000000, -1.000000000000000000 ) ) ;
#3707 = ORIENTED_EDGE ( 'NONE', *, *, #248, .T. ) ;
#3708 = VERTEX_POINT ( 'NONE', #94 ) ;
#3710 = VECTOR ( 'NONE', #2076, 1000.000000000000000 ) ;
#3709 = LINE ( 'NONE', #595, #3897 ) ;
#3711 = DIRECTION ( 'NONE',  ( 0.000000000000000000, 0.000000000000000000, -1.000000000000000000 ) ) ;
#3712 = VERTEX_POINT ( 'NONE', #2733 ) ;
#3713 = EDGE_CURVE ( 'NONE', #4496, #1916, #805, .T. ) ;
#3714 = ORIENTED_EDGE ( 'NONE', *, *, #4569, .F. ) ;
#3715 = ORIENTED_EDGE ( 'NONE', *, *, #4745, .T. ) ;
#3716 = DIRECTION ( 'NONE',  ( -0.000000000000000000, 1.000000000000000000, -0.000000000000000000 ) ) ;
#3717 = ORIENTED_EDGE ( 'NONE', *, *, #1484, .T. ) ;
#3718 = PLANE ( 'NONE',  #4762 ) ;
#3719 = DIRECTION ( 'NONE',  ( 0.000000000000000000, 0.000000000000000000, 1.000000000000000000 ) ) ;
#3720 = EDGE_CURVE ( 'NONE', #3207, #1532, #1837, .T. ) ;
#3721 = LINE ( 'NONE', #3448, #4744 ) ;
#3722 = AXIS2_PLACEMENT_3D ( 'NONE', #4083, #705, #36 ) ;
#3723 = VERTEX_POINT ( 'NONE', #4538 ) ;
#3724 = CARTESIAN_POINT ( 'NONE',  ( 4.800000000000000711, 2.700000000000000178, 3.400000000000000355 ) ) ;
#3725 = DIRECTION ( 'NONE',  ( 1.000000000000000000, 0.000000000000000000, 0.000000000000000000 ) ) ;
#3726 = LINE ( 'NONE', #4417, #2761 ) ;
#3727 = LINE ( 'NONE', #2171, #3424 ) ;
#3728 = AXIS2_PLACEMENT_3D ( 'NONE', #1759, #4684, #2114 ) ;
#3729 = DIRECTION ( 'NONE',  ( 0.000000000000000000, 0.000000000000000000, 1.000000000000000000 ) ) ;
#3730 = EDGE_CURVE ( 'NONE', #1112, #3917, #747, .T. ) ;
#3731 = DIRECTION ( 'NONE',  ( -0.000000000000000000, -0.000000000000000000, 1.000000000000000000 ) ) ;
#3732 = LINE ( 'NONE', #2756, #3610 ) ;
#3734 = ORIENTED_EDGE ( 'NONE', *, *, #2460, .F. ) ;
#3733 = ORIENTED_EDGE ( 'NONE', *, *, #1026, .T. ) ;
#3735 = VERTEX_POINT ( 'NONE', #126 ) ;
#3736 = CARTESIAN_POINT ( 'NONE',  ( 86.20000095400000362, 2.400000000000000355, 51.00000000000000000 ) ) ;
#3737 = CARTESIAN_POINT ( 'NONE',  ( 151.0230788128466202, 0.1000000000000002554, 57.79999999999999716 ) ) ;
#3738 = EDGE_CURVE ( 'NONE', #1191, #436, #1714, .T. ) ;
#3739 = LINE ( 'NONE', #438, #1650 ) ;
#3741 = ORIENTED_EDGE ( 'NONE', *, *, #590, .T. ) ;
#3740 = ORIENTED_EDGE ( 'NONE', *, *, #644, .F. ) ;
#3742 = ORIENTED_EDGE ( 'NONE', *, *, #296, .T. ) ;
#3743 = VECTOR ( 'NONE', #4390, 1000.000000000000114 ) ;
#3744 = VERTEX_POINT ( 'NONE', #1668 ) ;
#3745 = EDGE_CURVE ( 'NONE', #1520, #4343, #695, .T. ) ;
#3746 = LINE ( 'NONE', #1614, #1786 ) ;
#3747 = VECTOR ( 'NONE', #3157, 1000.000000000000000 ) ;
#3748 = CARTESIAN_POINT ( 'NONE',  ( 15.00000000000000711, 1.449999999999999956, 1.800000000000006928 ) ) ;
#3749 = VERTEX_POINT ( 'NONE', #1999 ) ;
#3750 = FACE_OUTER_BOUND ( 'NONE', #4357, .T. ) ;
#3751 = EDGE_CURVE ( 'NONE', #3190, #138, #1590, .T. ) ;
#3752 = VECTOR ( 'NONE', #619, 1000.000000000000000 ) ;
#3753 = AXIS2_PLACEMENT_3D ( 'NONE', #346, #720, #3664 ) ;
#3754 = VECTOR ( 'NONE', #2345, 1000.000000000000000 ) ;
#3755 = CARTESIAN_POINT ( 'NONE',  ( -1.800000000000000266, 0.09999999999999766020, 6.799999999999999822 ) ) ;
#3756 = PLANE ( 'NONE',  #2799 ) ;
#3757 = CARTESIAN_POINT ( 'NONE',  ( 86.79999999999999716, -19.80000000000000071, 0.000000000000000000 ) ) ;
#3758 = CIRCLE ( 'NONE', #4164, 0.6500000000001573408 ) ;
#3759 = LINE ( 'NONE', #3077, #953 ) ;
#3760 = CARTESIAN_POINT ( 'NONE',  ( -1.000000000000000000, -4.299999999999999822, 3.399999999999998579 ) ) ;
#3761 = ORIENTED_EDGE ( 'NONE', *, *, #3429, .F. ) ;
#3762 = LINE ( 'NONE', #4350, #2161 ) ;
#3763 = PLANE ( 'NONE',  #3530 ) ;
#3764 = EDGE_LOOP ( 'NONE', ( #2988, #2489, #2581, #1177 ) ) ;
#3765 = CARTESIAN_POINT ( 'NONE',  ( 68.19999999999998863, -13.20000000000001172, -1.400000000000004574 ) ) ;
#3766 = ORIENTED_EDGE ( 'NONE', *, *, #305, .F. ) ;
#3767 = DIRECTION ( 'NONE',  ( -0.7071067811865511255, -0.7071067811865439090, -8.488821684060159495E-17 ) ) ;
#3769 = VECTOR ( 'NONE', #4397, 1000.000000000000000 ) ;
#3768 = VECTOR ( 'NONE', #3216, 1000.000000000000000 ) ;
#3770 = ORIENTED_EDGE ( 'NONE', *, *, #1538, .F. ) ;
#3771 = ORIENTED_EDGE ( 'NONE', *, *, #296, .F. ) ;
#3772 = EDGE_CURVE ( 'NONE', #170, #2594, #3221, .T. ) ;
#3774 = FACE_OUTER_BOUND ( 'NONE', #3986, .T. ) ;
#3773 = VECTOR ( 'NONE', #957, 1000.000000000000000 ) ;
#3775 = CARTESIAN_POINT ( 'NONE',  ( 22.56568542494921914, 4.299999999999992717, 56.76568542494921843 ) ) ;
#3776 = ORIENTED_EDGE ( 'NONE', *, *, #3914, .T. ) ;
#3777 = DIRECTION ( 'NONE',  ( 0.000000000000000000, 0.7071067811865471286, 0.7071067811865479058 ) ) ;
#3778 = CARTESIAN_POINT ( 'NONE',  ( 82.60000000000000853, -8.300000000000000711, 57.80000000000000426 ) ) ;
#3779 = LINE ( 'NONE', #4708, #2582 ) ;
#3780 = VERTEX_POINT ( 'NONE', #3486 ) ;
#3781 = EDGE_CURVE ( 'NONE', #2693, #1443, #446, .T. ) ;
#3783 = ORIENTED_EDGE ( 'NONE', *, *, #3413, .T. ) ;
#3782 = ORIENTED_EDGE ( 'NONE', *, *, #408, .F. ) ;
#3784 = VERTEX_POINT ( 'NONE', #2020 ) ;
#3785 = DIRECTION ( 'NONE',  ( 0.000000000000000000, 1.445602896647336205E-16, -1.000000000000000000 ) ) ;
#3786 = CARTESIAN_POINT ( 'NONE',  ( 14.00000000000000000, 4.299999999999999822, 3.500000000000000000 ) ) ;
#3788 = EDGE_LOOP ( 'NONE', ( #347, #4381, #4628, #3147 ) ) ;
#3787 = ORIENTED_EDGE ( 'NONE', *, *, #4191, .T. ) ;
#3789 = PLANE ( 'NONE',  #3386 ) ;
#3790 = EDGE_CURVE ( 'NONE', #2590, #2053, #2244, .T. ) ;
#3791 = LINE ( 'NONE', #3687, #2696 ) ;
#3792 = VECTOR ( 'NONE', #3637, 1000.000000000000000 ) ;
#3793 = CARTESIAN_POINT ( 'NONE',  ( 1.800000000000001599, 3.499999999999987566, 29.00000011899999564 ) ) ;
#3794 = VERTEX_POINT ( 'NONE', #4269 ) ;
#3795 = PLANE ( 'NONE',  #4060 ) ;
#3796 = DIRECTION ( 'NONE',  ( 0.7071067811865491270, -8.488821684060181682E-17, 0.7071067811865459074 ) ) ;
#3797 = CARTESIAN_POINT ( 'NONE',  ( 3.999999999999989786, -8.300000000000002487, 57.80000000000000426 ) ) ;
#3798 = ORIENTED_EDGE ( 'NONE', *, *, #3413, .F. ) ;
#3799 = VERTEX_POINT ( 'NONE', #4281 ) ;
#3800 = PLANE ( 'NONE',  #196 ) ;
#3801 = CARTESIAN_POINT ( 'NONE',  ( 68.19999999999998863, -13.20000000000001172, -1.800000000000000044 ) ) ;
#3802 = DIRECTION ( 'NONE',  ( 0.000000000000000000, 0.000000000000000000, 1.000000000000000000 ) ) ;
#3803 = VECTOR ( 'NONE', #2685, 1000.000000000000000 ) ;
#3805 = VERTEX_POINT ( 'NONE', #3899 ) ;
#3804 = EDGE_LOOP ( 'NONE', ( #1849, #1734, #1105, #2980 ) ) ;
#3806 = PLANE ( 'NONE',  #2918 ) ;
#3807 = DIRECTION ( 'NONE',  ( -0.000000000000000000, 1.000000000000000000, -0.000000000000000000 ) ) ;
#3808 = LINE ( 'NONE', #919, #2904 ) ;
#3809 = ADVANCED_FACE ( 'NONE', ( #1106 ), #1262, .T. ) ;
#3810 = ORIENTED_EDGE ( 'NONE', *, *, #2713, .T. ) ;
#3811 = CARTESIAN_POINT ( 'NONE',  ( -1.800000000000000266, -6.100000000000012079, 1.800000000000000488 ) ) ;
#3812 = CARTESIAN_POINT ( 'NONE',  ( -1.800000000000000266, 0.1000000000000000056, 0.000000000000000000 ) ) ;
#3813 = ORIENTED_EDGE ( 'NONE', *, *, #963, .T. ) ;
#3814 = VECTOR ( 'NONE', #828, 1000.000000000000000 ) ;
#3815 = EDGE_CURVE ( 'NONE', #2436, #1356, #2481, .T. ) ;
#3816 = EDGE_LOOP ( 'NONE', ( #194, #3771, #1571, #2514, #283, #1779, #2075, #2005, #2387, #171 ) ) ;
#3817 = CARTESIAN_POINT ( 'NONE',  ( 1.799999999999999156, 1.449999999999999956, 8.000000000000000000 ) ) ;
#3818 = DIRECTION ( 'NONE',  ( 0.000000000000000000, -1.000000000000000000, 0.000000000000000000 ) ) ;
#3819 = VECTOR ( 'NONE', #2863, 1000.000000000000000 ) ;
#3820 = CARTESIAN_POINT ( 'NONE',  ( 36.57277953512708280, -1.452796087347766996, -1.800000000000000044 ) ) ;
#3821 = ORIENTED_EDGE ( 'NONE', *, *, #972, .T. ) ;
#3822 = CARTESIAN_POINT ( 'NONE',  ( -0.1999999999999989564, 1.449999999999999956, 21.69999999999940599 ) ) ;
#3824 = VECTOR ( 'NONE', #372, 1000.000000000000000 ) ;
#3823 = LINE ( 'NONE', #1002, #2855 ) ;
#3825 = CYLINDRICAL_SURFACE ( 'NONE', #1758, 3.000000000000000000 ) ;
#3826 = EDGE_CURVE ( 'NONE', #3794, #1486, #4280, .T. ) ;
#3827 = AXIS2_PLACEMENT_3D ( 'NONE', #4803, #4751, #667 ) ;
#3828 = VECTOR ( 'NONE', #1307, 1000.000000000000000 ) ;
#3829 = CARTESIAN_POINT ( 'NONE',  ( 70.60000000000000853, 4.299999999999999822, 57.80000000000000426 ) ) ;
#3830 = CARTESIAN_POINT ( 'NONE',  ( 16.06999999999955620, -3.000000000000007105, -1.800000000000000044 ) ) ;
#3831 = DIRECTION ( 'NONE',  ( -0.000000000000000000, -0.000000000000000000, 1.000000000000000000 ) ) ;
#3832 = LINE ( 'NONE', #1208, #4729 ) ;
#3833 = ORIENTED_EDGE ( 'NONE', *, *, #1990, .T. ) ;
#3834 = AXIS2_PLACEMENT_3D ( 'NONE', #4818, #664, #309 ) ;
#3835 = EDGE_CURVE ( 'NONE', #3917, #1197, #2949, .T. ) ;
#3836 = LINE ( 'NONE', #205, #4850 ) ;
#3837 = DIRECTION ( 'NONE',  ( 0.000000000000000000, 0.000000000000000000, 1.000000000000000000 ) ) ;
#3838 = ORIENTED_EDGE ( 'NONE', *, *, #2736, .T. ) ;
#3839 = DIRECTION ( 'NONE',  ( -1.000000000000000000, 0.000000000000000000, 0.000000000000000000 ) ) ;
#3840 = ADVANCED_FACE ( 'NONE', ( #574 ), #3471, .T. ) ;
#3841 = DIRECTION ( 'NONE',  ( -0.7257049794373309215, 0.6880060194648467409, 3.279809517474164440E-15 ) ) ;
#3842 = AXIS2_PLACEMENT_3D ( 'NONE', #3089, #2798, #2712 ) ;
#3843 = EDGE_LOOP ( 'NONE', ( #2543, #3938, #4514, #3425 ) ) ;
#3844 = PLANE ( 'NONE',  #1045 ) ;
#3845 = ORIENTED_EDGE ( 'NONE', *, *, #2159, .T. ) ;
#3847 = VECTOR ( 'NONE', #4749, 1000.000000000000000 ) ;
#3846 = LINE ( 'NONE', #4654, #3263 ) ;
#3848 = EDGE_CURVE ( 'NONE', #4624, #1862, #1833, .T. ) ;
#3849 = CARTESIAN_POINT ( 'NONE',  ( 70.00000000000000000, 1.449999999999999956, -1.052121783275130338E-16 ) ) ;
#3850 = CARTESIAN_POINT ( 'NONE',  ( 86.79999999999999716, 4.299999999999999822, 2.150000000000472422 ) ) ;
#3851 = ORIENTED_EDGE ( 'NONE', *, *, #2677, .F. ) ;
#3852 = CARTESIAN_POINT ( 'NONE',  ( 81.19999999999998863, 4.299999999999992717, 55.80000000000000426 ) ) ;
#3853 = EDGE_CURVE ( 'NONE', #1349, #383, #2195, .T. ) ;
#3854 = LINE ( 'NONE', #2592, #2986 ) ;
#3855 = CARTESIAN_POINT ( 'NONE',  ( 0.000000000000000000, 0.1000000000000000056, 3.399999999999999023 ) ) ;
#3856 = CARTESIAN_POINT ( 'NONE',  ( -1.400000000000012346, 0.1000000000000002554, 57.79999999999999716 ) ) ;
#3857 = ORIENTED_EDGE ( 'NONE', *, *, #4335, .T. ) ;
#3858 = ORIENTED_EDGE ( 'NONE', *, *, #2508, .T. ) ;
#3859 = DIRECTION ( 'NONE',  ( 1.000000000000000000, 0.000000000000000000, 0.000000000000000000 ) ) ;
#3860 = CARTESIAN_POINT ( 'NONE',  ( 4.000000000000000888, 0.1999999999999999833, -0.2000000000000000111 ) ) ;
#3861 = LINE ( 'NONE', #64, #2892 ) ;
#3862 = ORIENTED_EDGE ( 'NONE', *, *, #2569, .T. ) ;
#3863 = AXIS2_PLACEMENT_3D ( 'NONE', #2987, #737, #4148 ) ;
#3864 = ADVANCED_FACE ( 'NONE', ( #3426 ), #1052, .F. ) ;
#3865 = ORIENTED_EDGE ( 'NONE', *, *, #2335, .F. ) ;
#3866 = DIRECTION ( 'NONE',  ( -1.000000000000000000, 0.000000000000000000, 1.401122807519733577E-14 ) ) ;
#3867 = CARTESIAN_POINT ( 'NONE',  ( 0.000000000000000000, 0.000000000000000000, 0.000000000000000000 ) ) ;
#3868 = CARTESIAN_POINT ( 'NONE',  ( 22.99999999999955946, -2.579802170215926171, -0.9999999999996730393 ) ) ;
#3869 = EDGE_LOOP ( 'NONE', ( #2142, #4278, #4077, #187 ) ) ;
#3870 = PLANE ( 'NONE',  #4865 ) ;
#3871 = LINE ( 'NONE', #2941, #4470 ) ;
#3872 = CARTESIAN_POINT ( 'NONE',  ( 3.999999999999996447, 4.299999999999993605, -1.800000000000000044 ) ) ;
#3873 = ORIENTED_EDGE ( 'NONE', *, *, #4457, .T. ) ;
#3874 = DIRECTION ( 'NONE',  ( -1.000000000000000000, 7.339214706055472557E-15, 0.000000000000000000 ) ) ;
#3875 = VECTOR ( 'NONE', #3515, 1000.000000000000000 ) ;
#3876 = ORIENTED_EDGE ( 'NONE', *, *, #2466, .T. ) ;
#3877 = VECTOR ( 'NONE', #1568, 1000.000000000000000 ) ;
#3878 = CARTESIAN_POINT ( 'NONE',  ( 42.64999999996617674, -2.579802170216195734, -0.9999999999999485967 ) ) ;
#3879 = CARTESIAN_POINT ( 'NONE',  ( 70.40000000000000568, -3.000000000000000000, -1.800000000000000044 ) ) ;
#3880 = DIRECTION ( 'NONE',  ( 0.000000000000000000, 0.000000000000000000, -1.000000000000000000 ) ) ;
#3881 = VERTEX_POINT ( 'NONE', #3520 ) ;
#3882 = DIRECTION ( 'NONE',  ( 0.000000000000000000, 1.445602896647337191E-16, -1.000000000000000000 ) ) ;
#3883 = EDGE_CURVE ( 'NONE', #2682, #4113, #2349, .T. ) ;
#3884 = DIRECTION ( 'NONE',  ( 0.000000000000000000, 1.000000000000000000, 2.282530889443167022E-16 ) ) ;
#3885 = ORIENTED_EDGE ( 'NONE', *, *, #1693, .T. ) ;
#3886 = CARTESIAN_POINT ( 'NONE',  ( 15.99999999999998579, -10.10000000000001918, 57.80000000000000426 ) ) ;
#3887 = ADVANCED_FACE ( 'NONE', ( #4694 ), #4676, .T. ) ;
#3888 = LINE ( 'NONE', #2803, #1910 ) ;
#3889 = DIRECTION ( 'NONE',  ( -0.000000000000000000, 1.000000000000000000, 1.157511216176695077E-16 ) ) ;
#3890 = FACE_OUTER_BOUND ( 'NONE', #3788, .T. ) ;
#3891 = ORIENTED_EDGE ( 'NONE', *, *, #413, .T. ) ;
#3892 = EDGE_CURVE ( 'NONE', #2875, #1884, #336, .T. ) ;
#3893 = AXIS2_PLACEMENT_3D ( 'NONE', #4273, #299, #2133 ) ;
#3894 = DIRECTION ( 'NONE',  ( 0.000000000000000000, 0.000000000000000000, 1.000000000000000000 ) ) ;
#3895 = DIRECTION ( 'NONE',  ( 0.000000000000000000, 1.000000000000000000, 0.000000000000000000 ) ) ;
#3896 = EDGE_LOOP ( 'NONE', ( #956, #2960, #306, #2308 ) ) ;
#3897 = VECTOR ( 'NONE', #2883, 1000.000000000000000 ) ;
#3898 = AXIS2_PLACEMENT_3D ( 'NONE', #913, #1741, #4356 ) ;
#3899 = CARTESIAN_POINT ( 'NONE',  ( 1.799999999999999156, 2.699999999999997513, 8.000000000000000000 ) ) ;
#3900 = ORIENTED_EDGE ( 'NONE', *, *, #972, .F. ) ;
#3901 = DIRECTION ( 'NONE',  ( 0.8987940462991650392, -0.4383711467890813451, 0.000000000000000000 ) ) ;
#3902 = VERTEX_POINT ( 'NONE', #2085 ) ;
#3903 = VERTEX_POINT ( 'NONE', #3618 ) ;
#3904 = PLANE ( 'NONE',  #4754 ) ;
#3905 = ORIENTED_EDGE ( 'NONE', *, *, #2363, .T. ) ;
#3906 = AXIS2_PLACEMENT_3D ( 'NONE', #1807, #2191, #4801 ) ;
#3907 = VECTOR ( 'NONE', #1712, 1000.000000000000000 ) ;
#3908 = CARTESIAN_POINT ( 'NONE',  ( 15.00000000000001421, 2.700000000000001066, -2.168404344971008868E-16 ) ) ;
#3909 = CARTESIAN_POINT ( 'NONE',  ( 15.99999999999998579, -10.10000000000001918, 57.00000000000000000 ) ) ;
#3910 = VECTOR ( 'NONE', #1636, 1000.000000000000000 ) ;
#3911 = ORIENTED_EDGE ( 'NONE', *, *, #3290, .T. ) ;
#3912 = ADVANCED_FACE ( 'NONE', ( #1101 ), #3936, .T. ) ;
#3913 = LINE ( 'NONE', #2190, #1041 ) ;
#3914 = EDGE_CURVE ( 'NONE', #700, #2109, #4400, .T. ) ;
#3915 = DIRECTION ( 'NONE',  ( 1.000000000000000000, -1.400000000000014387E-14, -1.399999999999985673E-14 ) ) ;
#3917 = VERTEX_POINT ( 'NONE', #3258 ) ;
#3916 = ORIENTED_EDGE ( 'NONE', *, *, #1026, .F. ) ;
#3918 = DIRECTION ( 'NONE',  ( 1.000000000000000000, -0.000000000000000000, 0.000000000000000000 ) ) ;
#3919 = DIRECTION ( 'NONE',  ( -0.000000000000000000, -1.000000000000000000, -0.000000000000000000 ) ) ;
#3920 = DIRECTION ( 'NONE',  ( 1.000000000000000000, 0.000000000000000000, -0.000000000000000000 ) ) ;
#3921 = CIRCLE ( 'NONE', #562, 5.200000000000000178 ) ;
#3922 = CARTESIAN_POINT ( 'NONE',  ( 86.79999999999999716, 2.700000000000000178, 8.000000000000000000 ) ) ;
#3923 = ORIENTED_EDGE ( 'NONE', *, *, #3951, .F. ) ;
#3924 = EDGE_CURVE ( 'NONE', #3692, #2259, #3099, .T. ) ;
#3925 = AXIS2_PLACEMENT_3D ( 'NONE', #4583, #455, #3451 ) ;
#3926 = DIRECTION ( 'NONE',  ( 0.000000000000000000, -1.000000000000000000, 0.000000000000000000 ) ) ;
#3927 = CARTESIAN_POINT ( 'NONE',  ( 70.40000000000000568, 2.699999999999999289, 0.000000000000000000 ) ) ;
#3928 = CARTESIAN_POINT ( 'NONE',  ( 35.92829176336527297, -2.132598257563982358, -0.1999999999999999833 ) ) ;
#3929 = EDGE_LOOP ( 'NONE', ( #788, #4785, #359, #1683 ) ) ;
#3930 = CARTESIAN_POINT ( 'NONE',  ( 1.343145834653326043, 4.299999999999998934, 5.000000000000000000 ) ) ;
#3931 = CARTESIAN_POINT ( 'NONE',  ( 86.79999999999999716, 4.301999999999993385, 8.000000000000000000 ) ) ;
#3932 = CARTESIAN_POINT ( 'NONE',  ( -0.7187242789303645019, 2.298585032251855509, 34.24999999999941025 ) ) ;
#3933 = ORIENTED_EDGE ( 'NONE', *, *, #2937, .F. ) ;
#3934 = ORIENTED_EDGE ( 'NONE', *, *, #1502, .F. ) ;
#3935 = EDGE_CURVE ( 'NONE', #3784, #1176, #2540, .T. ) ;
#3936 = PLANE ( 'NONE',  #289 ) ;
#3937 = DIRECTION ( 'NONE',  ( 1.000000000000000000, 0.000000000000000000, 0.000000000000000000 ) ) ;
#3938 = ORIENTED_EDGE ( 'NONE', *, *, #1254, .T. ) ;
#3939 = LINE ( 'NONE', #4406, #3743 ) ;
#3940 = DIRECTION ( 'NONE',  ( 0.000000000000000000, 1.000000000000000000, 0.000000000000000000 ) ) ;
#3941 = DIRECTION ( 'NONE',  ( -1.000000000000000000, 1.400000000000000345E-14, 0.000000000000000000 ) ) ;
#3942 = ADVANCED_FACE ( 'NONE', ( #2699 ), #3983, .F. ) ;
#3943 = DIRECTION ( 'NONE',  ( 0.000000000000000000, -0.000000000000000000, 1.000000000000000000 ) ) ;
#3944 = CARTESIAN_POINT ( 'NONE',  ( -1.800000000000000266, 0.09999999999999939493, 1.800000000000000266 ) ) ;
#3945 = ORIENTED_EDGE ( 'NONE', *, *, #357, .T. ) ;
#3946 = DIRECTION ( 'NONE',  ( 0.000000000000000000, 1.000000000000000000, 0.000000000000000000 ) ) ;
#3947 = UNCERTAINTY_MEASURE_WITH_UNIT (LENGTH_MEASURE( 1.000000000000000082E-05 ), #1432, 'distance_accuracy_value', 'NONE');
#3948 = FACE_OUTER_BOUND ( 'NONE', #4040, .T. ) ;
#3949 = ORIENTED_EDGE ( 'NONE', *, *, #650, .F. ) ;
#3950 = DIRECTION ( 'NONE',  ( -1.000000000000000000, 0.000000000000000000, 0.000000000000000000 ) ) ;
#3951 = EDGE_CURVE ( 'NONE', #4672, #3238, #4540, .T. ) ;
#3952 = CARTESIAN_POINT ( 'NONE',  ( 88.00000000000002842, 4.299999999999992717, 57.79999999999999716 ) ) ;
#3953 = ADVANCED_FACE ( 'NONE', ( #1163 ), #4714, .T. ) ;
#3954 = LINE ( 'NONE', #2833, #2859 ) ;
#3955 = ORIENTED_EDGE ( 'NONE', *, *, #2043, .F. ) ;
#3956 = CARTESIAN_POINT ( 'NONE',  ( 4.000000000000003553, -3.000000000000008438, -1.800000000000000044 ) ) ;
#3957 = CARTESIAN_POINT ( 'NONE',  ( -1.800000000000000266, -6.100000000000012079, 8.399999999999998579 ) ) ;
#3958 = EDGE_CURVE ( 'NONE', #724, #1480, #3609, .T. ) ;
#3959 = CARTESIAN_POINT ( 'NONE',  ( 88.40000000000000568, 4.299999999999999822, 54.19999999999972573 ) ) ;
#3960 = ORIENTED_EDGE ( 'NONE', *, *, #1286, .F. ) ;
#3961 = SURFACE_SIDE_STYLE ('',( #1920 ) ) ;
#3962 = DIRECTION ( 'NONE',  ( 0.000000000000000000, 2.879209088758185681E-16, -1.000000000000000000 ) ) ;
#3963 = DIRECTION ( 'NONE',  ( -1.399999999999999714E-14, -9.999999999999999988E-15, -1.000000000000000000 ) ) ;
#3964 = EDGE_CURVE ( 'NONE', #3723, #3207, #4043, .T. ) ;
#3965 = ORIENTED_EDGE ( 'NONE', *, *, #3462, .F. ) ;
#3966 = PLANE ( 'NONE',  #4001 ) ;
#3967 = ORIENTED_EDGE ( 'NONE', *, *, #3853, .T. ) ;
#3969 = LINE ( 'NONE', #932, #2977 ) ;
#3968 = VECTOR ( 'NONE', #2055, 1000.000000000000000 ) ;
#3970 = ADVANCED_FACE ( 'NONE', ( #741 ), #2910, .F. ) ;
#3971 = VERTEX_POINT ( 'NONE', #3193 ) ;
#3972 = ORIENTED_EDGE ( 'NONE', *, *, #2604, .F. ) ;
#3974 = VECTOR ( 'NONE', #2222, 1000.000000000000000 ) ;
#3973 = LINE ( 'NONE', #2796, #2877 ) ;
#3975 = ADVANCED_FACE ( 'NONE', ( #2003 ), #2473, .T. ) ;
#3976 = DIRECTION ( 'NONE',  ( 0.000000000000000000, -0.000000000000000000, 1.000000000000000000 ) ) ;
#3977 = ORIENTED_EDGE ( 'NONE', *, *, #4516, .F. ) ;
#3978 = LINE ( 'NONE', #3270, #1883 ) ;
#3979 = ORIENTED_EDGE ( 'NONE', *, *, #1898, .F. ) ;
#3980 = CARTESIAN_POINT ( 'NONE',  ( 81.19999999999960494, 4.299999999999999822, 4.842780954920006097E-13 ) ) ;
#3981 = ORIENTED_EDGE ( 'NONE', *, *, #1318, .F. ) ;
#3982 = EDGE_CURVE ( 'NONE', #1283, #1481, #2942, .T. ) ;
#3983 = PLANE ( 'NONE',  #125 ) ;
#3984 = CARTESIAN_POINT ( 'NONE',  ( 7.000000000000006217, 4.299999999999998934, 7.000000237999992159 ) ) ;
#3986 = EDGE_LOOP ( 'NONE', ( #752, #909, #301, #3463 ) ) ;
#3985 = ORIENTED_EDGE ( 'NONE', *, *, #3517, .F. ) ;
#3987 = DIRECTION ( 'NONE',  ( 0.000000000000000000, -1.000000000000000000, 0.000000000000000000 ) ) ;
#3988 = ORIENTED_EDGE ( 'NONE', *, *, #2674, .T. ) ;
#3989 = DIRECTION ( 'NONE',  ( 0.000000000000000000, 1.000000000000000000, 0.000000000000000000 ) ) ;
#3990 = CIRCLE ( 'NONE', #1547, 5.200000000000002842 ) ;
#3991 = EDGE_CURVE ( 'NONE', #3504, #3881, #3921, .T. ) ;
#3992 = ORIENTED_EDGE ( 'NONE', *, *, #2494, .F. ) ;
#3993 = AXIS2_PLACEMENT_3D ( 'NONE', #850, #2732, #1631 ) ;
#3994 = DIRECTION ( 'NONE',  ( 0.000000000000000000, 1.000000000000000000, 0.000000000000000000 ) ) ;
#3995 = VECTOR ( 'NONE', #4655, 1000.000000000000000 ) ;
#3996 = ORIENTED_EDGE ( 'NONE', *, *, #984, .T. ) ;
#3998 = ORIENTED_EDGE ( 'NONE', *, *, #4848, .F. ) ;
#3997 = ORIENTED_EDGE ( 'NONE', *, *, #548, .T. ) ;
#3999 = CARTESIAN_POINT ( 'NONE',  ( 68.19999999999998863, -3.000000000000000444, -1.000000000000000000 ) ) ;
#4000 = DIRECTION ( 'NONE',  ( -1.000000000000000000, 0.000000000000000000, -0.000000000000000000 ) ) ;
#4001 = AXIS2_PLACEMENT_3D ( 'NONE', #2871, #600, #1056 ) ;
#4002 = EDGE_CURVE ( 'NONE', #3805, #576, #1576, .T. ) ;
#4004 = ORIENTED_EDGE ( 'NONE', *, *, #2135, .F. ) ;
#4003 = ORIENTED_EDGE ( 'NONE', *, *, #2989, .F. ) ;
#4005 = DIRECTION ( 'NONE',  ( -0.000000000000000000, 0.000000000000000000, -1.000000000000000000 ) ) ;
#4006 = DIRECTION ( 'NONE',  ( -1.000000000000000000, -1.240954293808709686E-16, 0.000000000000000000 ) ) ;
#4007 = VECTOR ( 'NONE', #4880, 1000.000000000000000 ) ;
#4008 = LINE ( 'NONE', #4699, #468 ) ;
#4009 = LINE ( 'NONE', #3460, #3754 ) ;
#4010 = AXIS2_PLACEMENT_3D ( 'NONE', #1692, #4728, #2828 ) ;
#4011 = VECTOR ( 'NONE', #2469, 1000.000000000000000 ) ;
#4012 = DIRECTION ( 'NONE',  ( 0.6880060194648467409, 0.7257049794373309215, -1.688913406688101835E-14 ) ) ;
#4013 = DIRECTION ( 'NONE',  ( 0.000000000000000000, -1.000000000000000000, 0.000000000000000000 ) ) ;
#4014 = LINE ( 'NONE', #1929, #2917 ) ;
#4015 = ORIENTED_EDGE ( 'NONE', *, *, #3751, .F. ) ;
#4016 = LINE ( 'NONE', #1773, #4128 ) ;
#4017 = DIRECTION ( 'NONE',  ( 0.000000000000000000, -1.157511216176695077E-16, 1.000000000000000000 ) ) ;
#4018 = EDGE_CURVE ( 'NONE', #3447, #3243, #3155, .T. ) ;
#4019 = LINE ( 'NONE', #217, #1017 ) ;
#4020 = ORIENTED_EDGE ( 'NONE', *, *, #3066, .T. ) ;
#4021 = DIRECTION ( 'NONE',  ( 0.7071067811865395791, 0.7071067811865554553, -6.133173666733571889E-15 ) ) ;
#4022 = ADVANCED_FACE ( 'NONE', ( #2768 ), #1887, .F. ) ;
#4023 = LINE ( 'NONE', #224, #2572 ) ;
#4024 = CARTESIAN_POINT ( 'NONE',  ( 2.399999999999999467, 4.299999999999999822, 57.80000000000000426 ) ) ;
#4025 = VERTEX_POINT ( 'NONE', #1049 ) ;
#4026 = DIRECTION ( 'NONE',  ( 0.000000000000000000, -0.7071067811865483499, 0.7071067811865467956 ) ) ;
#4027 = EDGE_CURVE ( 'NONE', #1521, #1879, #4511, .T. ) ;
#4028 = AXIS2_PLACEMENT_3D ( 'NONE', #2762, #3085, #1588 ) ;
#4029 = LINE ( 'NONE', #2132, #970 ) ;
#4030 = CARTESIAN_POINT ( 'NONE',  ( 84.20000000000000284, 0.1000000000000000056, 0.000000000000000000 ) ) ;
#4031 = PLANE ( 'NONE',  #120 ) ;
#4032 = EDGE_LOOP ( 'NONE', ( #2944, #4318, #4792, #629, #1018, #1204, #2207, #3446, #3461, #3911, #1823, #3787, #790, #4174, #4416, #3391 ) ) ;
#4033 = AXIS2_PLACEMENT_3D ( 'NONE', #634, #4444, #3259 ) ;
#4034 = ORIENTED_EDGE ( 'NONE', *, *, #118, .F. ) ;
#4035 = DIRECTION ( 'NONE',  ( 1.400000000000000345E-14, 1.000000000000000000, -9.999999999999999988E-15 ) ) ;
#4036 = VERTEX_POINT ( 'NONE', #1425 ) ;
#4037 = CARTESIAN_POINT ( 'NONE',  ( 86.79999999999999716, 2.700000000000000178, 8.000000000000000000 ) ) ;
#4038 = ORIENTED_EDGE ( 'NONE', *, *, #2925, .T. ) ;
#4039 = CARTESIAN_POINT ( 'NONE',  ( 6.329999999999576410, -7.881571464023384410E-14, -1.800000000000000044 ) ) ;
#4041 = ORIENTED_EDGE ( 'NONE', *, *, #2466, .F. ) ;
#4040 = EDGE_LOOP ( 'NONE', ( #3476, #3020, #3707, #1229 ) ) ;
#4042 = CARTESIAN_POINT ( 'NONE',  ( 12.29999999999994920, 2.700000000000001066, 1.800000237999992869 ) ) ;
#4043 = LINE ( 'NONE', #4766, #3274 ) ;
#4044 = EDGE_CURVE ( 'NONE', #2323, #1540, #3544, .T. ) ;
#4045 = FACE_OUTER_BOUND ( 'NONE', #2080, .T. ) ;
#4046 = VERTEX_POINT ( 'NONE', #3275 ) ;
#4047 = ORIENTED_EDGE ( 'NONE', *, *, #337, .T. ) ;
#4048 = CARTESIAN_POINT ( 'NONE',  ( 86.79999999999999716, -1.399999999999999911, 18.55000000000047322 ) ) ;
#4049 = VECTOR ( 'NONE', #212, 1000.000000000000000 ) ;
#4050 = DIRECTION ( 'NONE',  ( -0.000000000000000000, -0.000000000000000000, -1.000000000000000000 ) ) ;
#4051 = VECTOR ( 'NONE', #745, 1000.000000000000000 ) ;
#4052 = VERTEX_POINT ( 'NONE', #1819 ) ;
#4053 = EDGE_CURVE ( 'NONE', #1497, #2392, #1156, .T. ) ;
#4054 = FACE_OUTER_BOUND ( 'NONE', #4427, .T. ) ;
#4055 = CARTESIAN_POINT ( 'NONE',  ( 29.07170823660047176, -2.132598257563864674, -0.9999999999997629674 ) ) ;
#4057 = ORIENTED_EDGE ( 'NONE', *, *, #1802, .F. ) ;
#4056 = ORIENTED_EDGE ( 'NONE', *, *, #110, .F. ) ;
#4058 = CARTESIAN_POINT ( 'NONE',  ( -1.000000000000000000, -6.100000000000012079, 8.399999999999998579 ) ) ;
#4059 = EDGE_CURVE ( 'NONE', #4025, #3243, #4817, .T. ) ;
#4060 = AXIS2_PLACEMENT_3D ( 'NONE', #4539, #2686, #1562 ) ;
#4061 =( NAMED_UNIT ( * ) PLANE_ANGLE_UNIT ( ) SI_UNIT ( $, .RADIAN. ) );
#4062 = CARTESIAN_POINT ( 'NONE',  ( 4.800000000000000711, 2.400000000000000355, 2.288312642244096473 ) ) ;
#4063 = ORIENTED_EDGE ( 'NONE', *, *, #4363, .T. ) ;
#4064 = CARTESIAN_POINT ( 'NONE',  ( 14.00000000000000000, 2.700000000000000178, 3.500000000000000000 ) ) ;
#4065 = CARTESIAN_POINT ( 'NONE',  ( 41.99999999996616395, -2.579802170216185964, -0.9999999999999392708 ) ) ;
#4066 = CARTESIAN_POINT ( 'NONE',  ( 0.000000000000000000, 0.000000000000000000, 57.00000000000000000 ) ) ;
#4067 = VERTEX_POINT ( 'NONE', #1804 ) ;
#4068 = CARTESIAN_POINT ( 'NONE',  ( 82.00000000000001421, 3.499999999999993783, 55.79999999999999716 ) ) ;
#4069 = LINE ( 'NONE', #3619, #3506 ) ;
#4070 = CARTESIAN_POINT ( 'NONE',  ( 50.86862915010151198, 4.299999999999992717, 56.19999999999999574 ) ) ;
#4071 = VERTEX_POINT ( 'NONE', #1062 ) ;
#4072 = CARTESIAN_POINT ( 'NONE',  ( 70.40000000000000568, -3.000000000000000000, -1.800000000000000044 ) ) ;
#4073 = DIRECTION ( 'NONE',  ( 1.000000000000000000, 0.000000000000000000, 0.000000000000000000 ) ) ;
#4074 = DIRECTION ( 'NONE',  ( 0.000000000000000000, 0.000000000000000000, -1.000000000000000000 ) ) ;
#4075 = CARTESIAN_POINT ( 'NONE',  ( 16.06999999999954554, -2.749999999999818368, -1.800000000000000044 ) ) ;
#4076 = VECTOR ( 'NONE', #2341, 1000.000000000000000 ) ;
#4077 = ORIENTED_EDGE ( 'NONE', *, *, #4251, .T. ) ;
#4078 = DIRECTION ( 'NONE',  ( 0.000000000000000000, -0.000000000000000000, 1.000000000000000000 ) ) ;
#4079 = CIRCLE ( 'NONE', #734, 5.999999999999984901 ) ;
#4080 = EDGE_LOOP ( 'NONE', ( #234, #249, #1110, #2329 ) ) ;
#4081 = VERTEX_POINT ( 'NONE', #1454 ) ;
#4082 = EDGE_CURVE ( 'NONE', #1240, #2517, #4625, .T. ) ;
#4083 = CARTESIAN_POINT ( 'NONE',  ( 115.1772248313722429, 4.300000000000004263, -35.84585398147422097 ) ) ;
#4084 = ORIENTED_EDGE ( 'NONE', *, *, #2697, .T. ) ;
#4085 = DIRECTION ( 'NONE',  ( -0.000000000000000000, 2.085004177856736973E-17, 1.000000000000000000 ) ) ;
#4086 = CARTESIAN_POINT ( 'NONE',  ( 82.00000000000001421, 2.700000000000000178, 54.19999999999999574 ) ) ;
#4087 = DIRECTION ( 'NONE',  ( 6.938893903907222067E-15, -1.200500675416475525E-16, 1.000000000000000000 ) ) ;
#4088 = LINE ( 'NONE', #3180, #1083 ) ;
#4089 = EDGE_CURVE ( 'NONE', #1497, #686, #3791, .T. ) ;
#4090 = ORIENTED_EDGE ( 'NONE', *, *, #88, .F. ) ;
#4091 = LINE ( 'NONE', #4277, #2117 ) ;
#4092 = ORIENTED_EDGE ( 'NONE', *, *, #872, .T. ) ;
#4093 = EDGE_CURVE ( 'NONE', #1851, #4385, #1828, .T. ) ;
#4094 = LINE ( 'NONE', #3083, #1154 ) ;
#4096 = VERTEX_POINT ( 'NONE', #1839 ) ;
#4095 = ORIENTED_EDGE ( 'NONE', *, *, #2399, .T. ) ;
#4097 = CARTESIAN_POINT ( 'NONE',  ( -1.800000000000000266, 0.1000000000000000056, 0.000000000000000000 ) ) ;
#4098 = CARTESIAN_POINT ( 'NONE',  ( 25.00000000000000000, 2.700000000000000178, 53.19999999999999574 ) ) ;
#4099 = DIRECTION ( 'NONE',  ( 0.000000000000000000, 1.000000000000000000, -0.000000000000000000 ) ) ;
#4100 = AXIS2_PLACEMENT_3D ( 'NONE', #1857, #2235, #4847 ) ;
#4101 = ORIENTED_EDGE ( 'NONE', *, *, #1982, .F. ) ;
#4102 = LINE ( 'NONE', #2000, #3100 ) ;
#4103 = EDGE_LOOP ( 'NONE', ( #4003, #977, #2506, #1145 ) ) ;
#4104 = EDGE_CURVE ( 'NONE', #38, #2045, #3913, .T. ) ;
#4105 = DIRECTION ( 'NONE',  ( -0.000000000000000000, 0.000000000000000000, 1.000000000000000000 ) ) ;
#4106 = ORIENTED_EDGE ( 'NONE', *, *, #630, .F. ) ;
#4107 = ORIENTED_EDGE ( 'NONE', *, *, #556, .F. ) ;
#4108 = ORIENTED_EDGE ( 'NONE', *, *, #1868, .F. ) ;
#4109 = DIRECTION ( 'NONE',  ( -0.000000000000000000, 1.000000000000000000, 2.879209088758185681E-16 ) ) ;
#4110 = EDGE_CURVE ( 'NONE', #1540, #2889, #1994, .T. ) ;
#4112 = ORIENTED_EDGE ( 'NONE', *, *, #2817, .F. ) ;
#4111 = ORIENTED_EDGE ( 'NONE', *, *, #4513, .T. ) ;
#4113 = VERTEX_POINT ( 'NONE', #1028 ) ;
#4114 = ORIENTED_EDGE ( 'NONE', *, *, #541, .T. ) ;
#4115 = CARTESIAN_POINT ( 'NONE',  ( 68.19999999999998863, -3.000000000000000444, -1.800000000000000044 ) ) ;
#4116 = DIRECTION ( 'NONE',  ( -1.000000000000000000, 0.000000000000000000, 0.000000000000000000 ) ) ;
#4117 = CARTESIAN_POINT ( 'NONE',  ( 14.00000000000000000, 2.700000000000000178, 3.500000000000000000 ) ) ;
#4118 = VECTOR ( 'NONE', #786, 1000.000000000000000 ) ;
#4119 = CARTESIAN_POINT ( 'NONE',  ( 70.60000000000000853, 0.1000000000000002554, 57.79999999999999716 ) ) ;
#4120 = LINE ( 'NONE', #3132, #2906 ) ;
#4122 = ORIENTED_EDGE ( 'NONE', *, *, #1451, .F. ) ;
#4121 = EDGE_LOOP ( 'NONE', ( #2661, #3133, #406, #4112 ) ) ;
#4123 = CARTESIAN_POINT ( 'NONE',  ( 48.99999999999997868, 2.700000000000000178, 53.19999999999999574 ) ) ;
#4124 = LINE ( 'NONE', #552, #1729 ) ;
#4125 = ORIENTED_EDGE ( 'NONE', *, *, #3661, .T. ) ;
#4126 = VECTOR ( 'NONE', #499, 1000.000000000000000 ) ;
#4127 = LINE ( 'NONE', #544, #4011 ) ;
#4128 = VECTOR ( 'NONE', #4377, 1000.000000000000000 ) ;
#4129 =( GEOMETRIC_REPRESENTATION_CONTEXT ( 3 ) GLOBAL_UNCERTAINTY_ASSIGNED_CONTEXT ( ( #2274 ) ) GLOBAL_UNIT_ASSIGNED_CONTEXT ( ( #2168, #298, #3607 ) ) REPRESENTATION_CONTEXT ( 'NONE', 'WORKASPACE' ) );
#4130 = LINE ( 'NONE', #1947, #2316 ) ;
#4131 = VECTOR ( 'NONE', #4645, 1000.000000000000000 ) ;
#4132 = DIRECTION ( 'NONE',  ( 0.000000000000000000, -1.200500675416475525E-16, 1.000000000000000000 ) ) ;
#4133 = CARTESIAN_POINT ( 'NONE',  ( 44.00000047700000749, 2.400000000000000355, 1.800000237999992869 ) ) ;
#4134 = DIRECTION ( 'NONE',  ( 1.000000000000000000, 0.000000000000000000, -0.000000000000000000 ) ) ;
#4135 = ORIENTED_EDGE ( 'NONE', *, *, #2335, .T. ) ;
#4136 = CARTESIAN_POINT ( 'NONE',  ( 25.00000000000000000, 3.500000000000029754, 53.19999999999999574 ) ) ;
#4137 = EDGE_LOOP ( 'NONE', ( #4135, #2129, #2034, #1950, #3821, #785, #4741, #3189 ) ) ;
#4138 = DIRECTION ( 'NONE',  ( 0.000000000000000000, 0.000000000000000000, -1.000000000000000000 ) ) ;
#4140 = LINE ( 'NONE', #842, #1749 ) ;
#4139 = VECTOR ( 'NONE', #2096, 1000.000000000000000 ) ;
#4141 = ORIENTED_EDGE ( 'NONE', *, *, #4335, .F. ) ;
#4142 = EDGE_CURVE ( 'NONE', #1283, #1294, #3854, .T. ) ;
#4143 = ORIENTED_EDGE ( 'NONE', *, *, #3713, .F. ) ;
#4144 = ORIENTED_EDGE ( 'NONE', *, *, #195, .F. ) ;
#4145 = FACE_OUTER_BOUND ( 'NONE', #1885, .T. ) ;
#4146 = ORIENTED_EDGE ( 'NONE', *, *, #3372, .F. ) ;
#4147 = DIRECTION ( 'NONE',  ( 1.000000000000000000, 0.000000000000000000, 0.000000000000000000 ) ) ;
#4148 = DIRECTION ( 'NONE',  ( 1.000000000000000000, 0.000000000000000000, 0.000000000000000000 ) ) ;
#4149 = EDGE_CURVE ( 'NONE', #241, #2314, #3093, .T. ) ;
#4150 = ORIENTED_EDGE ( 'NONE', *, *, #4344, .T. ) ;
#4151 = LINE ( 'NONE', #4234, #1408 ) ;
#4153 = VERTEX_POINT ( 'NONE', #4460 ) ;
#4152 = VERTEX_POINT ( 'NONE', #2219 ) ;
#4154 = CARTESIAN_POINT ( 'NONE',  ( 7.000000000000006217, 3.499999999999984901, 56.19999999999999574 ) ) ;
#4155 = CARTESIAN_POINT ( 'NONE',  ( 16.06999999999956685, -2.749999999999917399, -0.2000000000000000944 ) ) ;
#4156 = DIRECTION ( 'NONE',  ( 0.000000000000000000, 0.000000000000000000, 1.000000000000000000 ) ) ;
#4157 = LINE ( 'NONE', #4214, #3211 ) ;
#4159 = EDGE_LOOP ( 'NONE', ( #2012, #109, #1162, #245 ) ) ;
#4158 = ORIENTED_EDGE ( 'NONE', *, *, #3892, .F. ) ;
#4160 = CARTESIAN_POINT ( 'NONE',  ( 151.0230788128466202, 2.700000000000001066, 1.800000237999992869 ) ) ;
#4161 = FACE_OUTER_BOUND ( 'NONE', #443, .T. ) ;
#4162 = VERTEX_POINT ( 'NONE', #1093 ) ;
#4163 = DIRECTION ( 'NONE',  ( -0.7071067811865401342, -0.7071067811865550112, 0.000000000000000000 ) ) ;
#4164 = AXIS2_PLACEMENT_3D ( 'NONE', #819, #3831, #1598 ) ;
#4165 = ORIENTED_EDGE ( 'NONE', *, *, #2399, .F. ) ;
#4166 = EDGE_LOOP ( 'NONE', ( #1845, #2120, #4299, #923 ) ) ;
#4167 = DIRECTION ( 'NONE',  ( 0.000000000000000000, -0.000000000000000000, 1.000000000000000000 ) ) ;
#4168 = CARTESIAN_POINT ( 'NONE',  ( 25.00000000000000000, 2.700000000000000178, 53.19999999999999574 ) ) ;
#4169 = VECTOR ( 'NONE', #3266, 1000.000000000000000 ) ;
#4170 = EDGE_LOOP ( 'NONE', ( #396, #342, #2678, #2414 ) ) ;
#4171 = EDGE_CURVE ( 'NONE', #1401, #1710, #1932, .T. ) ;
#4172 = CARTESIAN_POINT ( 'NONE',  ( 0.000000000000000000, 0.000000000000000000, -0.2000000000000000111 ) ) ;
#4174 = ORIENTED_EDGE ( 'NONE', *, *, #3892, .T. ) ;
#4173 = ORIENTED_EDGE ( 'NONE', *, *, #2848, .F. ) ;
#4175 = EDGE_CURVE ( 'NONE', #3138, #559, #1762, .T. ) ;
#4176 = CYLINDRICAL_SURFACE ( 'NONE', #2305, 0.6499999999999978018 ) ;
#4177 = CARTESIAN_POINT ( 'NONE',  ( 1.800000000000001599, 2.400000000000000355, 29.00000011899999564 ) ) ;
#4178 = CARTESIAN_POINT ( 'NONE',  ( 85.09878126038384494, 2.400000000000000355, 54.19999999999999574 ) ) ;
#4179 = EDGE_LOOP ( 'NONE', ( #1050, #3508, #2202, #1059 ) ) ;
#4180 = VERTEX_POINT ( 'NONE', #4086 ) ;
#4181 = FACE_OUTER_BOUND ( 'NONE', #2618, .T. ) ;
#4182 = CARTESIAN_POINT ( 'NONE',  ( 70.40000000000000568, -3.000000000000000000, -1.800000000000000044 ) ) ;
#4183 = CARTESIAN_POINT ( 'NONE',  ( 7.000000000000006217, 3.499999999999984901, 56.20000000000000284 ) ) ;
#4184 = VECTOR ( 'NONE', #4445, 1000.000000000000000 ) ;
#4185 = EDGE_CURVE ( 'NONE', #2594, #3096, #3726, .T. ) ;
#4186 = DIRECTION ( 'NONE',  ( -0.000000000000000000, -1.000000000000000000, -0.000000000000000000 ) ) ;
#4187 = ADVANCED_FACE ( 'NONE', ( #3602 ), #4522, .F. ) ;
#4188 = VERTEX_POINT ( 'NONE', #756 ) ;
#4189 = DIRECTION ( 'NONE',  ( -1.399999999999999714E-14, -9.999999999999999988E-15, -1.000000000000000000 ) ) ;
#4190 = DIRECTION ( 'NONE',  ( 0.000000000000000000, 1.000000000000000000, 0.000000000000000000 ) ) ;
#4191 = EDGE_CURVE ( 'NONE', #750, #1396, #1638, .T. ) ;
#4192 = CARTESIAN_POINT ( 'NONE',  ( 82.00000000000001421, 4.299999999999992717, 54.99999999999997868 ) ) ;
#4193 = DIRECTION ( 'NONE',  ( 0.000000000000000000, -0.8987940462991649282, -0.4383711467890815117 ) ) ;
#4194 = ORIENTED_EDGE ( 'NONE', *, *, #3016, .T. ) ;
#4195 = EDGE_CURVE ( 'NONE', #3344, #1489, #2642, .T. ) ;
#4196 = CARTESIAN_POINT ( 'NONE',  ( 23.64448777176147232, -1.899999999999848033, -0.9999999999996894706 ) ) ;
#4197 = EDGE_LOOP ( 'NONE', ( #2753, #1428, #547, #323, #635, #3858 ) ) ;
#4198 = CARTESIAN_POINT ( 'NONE',  ( -1.800000000000000266, 0.1000000000000000056, 3.399999999999999467 ) ) ;
#4199 = VERTEX_POINT ( 'NONE', #3755 ) ;
#4200 = CARTESIAN_POINT ( 'NONE',  ( -0.2000000000000000111, -19.80000000000000071, 0.000000000000000000 ) ) ;
#4201 = VECTOR ( 'NONE', #4873, 1000.000000000000000 ) ;
#4202 = DIRECTION ( 'NONE',  ( -0.000000000000000000, 1.000000000000000000, 1.157511216176695077E-16 ) ) ;
#4203 = EDGE_CURVE ( 'NONE', #898, #1877, #733, .T. ) ;
#4204 = DIRECTION ( 'NONE',  ( 0.000000000000000000, 1.000000000000000000, 1.008560160451632221E-16 ) ) ;
#4205 = CARTESIAN_POINT ( 'NONE',  ( 86.79999999999999716, 0.1000000000000000056, 54.19999999999972573 ) ) ;
#4206 = FACE_OUTER_BOUND ( 'NONE', #2586, .T. ) ;
#4207 = CARTESIAN_POINT ( 'NONE',  ( 42.64999999996619096, -2.579802170216185075, -0.1999999999999999833 ) ) ;
#4208 = EDGE_CURVE ( 'NONE', #138, #2875, #2406, .T. ) ;
#4209 = AXIS2_PLACEMENT_3D ( 'NONE', #924, #511, #3140 ) ;
#4210 = ADVANCED_FACE ( 'NONE', ( #1468 ), #3397, .F. ) ;
#4211 = CARTESIAN_POINT ( 'NONE',  ( 41.35551222820427597, -1.249999999999929612, -0.9999999999999436007 ) ) ;
#4212 = CARTESIAN_POINT ( 'NONE',  ( -0.2000000000000000111, 4.299999999999999822, 5.000000000000000000 ) ) ;
#4213 = ORIENTED_EDGE ( 'NONE', *, *, #2933, .F. ) ;
#4214 = CARTESIAN_POINT ( 'NONE',  ( -1.800000000000000266, 1.579999999999733618, 34.24999999999941025 ) ) ;
#4215 = AXIS2_PLACEMENT_3D ( 'NONE', #2552, #2584, #4755 ) ;
#4216 = CARTESIAN_POINT ( 'NONE',  ( 15.99999999999998579, -10.10000000000001918, 57.80000000000000426 ) ) ;
#4217 = VECTOR ( 'NONE', #107, 1000.000000000000000 ) ;
#4218 = ORIENTED_EDGE ( 'NONE', *, *, #479, .F. ) ;
#4220 = ORIENTED_EDGE ( 'NONE', *, *, #408, .T. ) ;
#4219 = EDGE_LOOP ( 'NONE', ( #1533, #3741, #4391, #797, #525, #4495, #782, #668, #115, #1170, #4574, #4414 ) ) ;
#4221 = ORIENTED_EDGE ( 'NONE', *, *, #2500, .T. ) ;
#4222 = DIRECTION ( 'NONE',  ( 9.505334114941404819E-16, -1.000000000000000000, -0.000000000000000000 ) ) ;
#4223 = DIRECTION ( 'NONE',  ( 0.000000000000000000, 0.000000000000000000, -1.000000000000000000 ) ) ;
#4224 = VECTOR ( 'NONE', #1243, 1000.000000000000000 ) ;
#4225 = ORIENTED_EDGE ( 'NONE', *, *, #1461, .T. ) ;
#4226 = FACE_BOUND ( 'NONE', #273, .T. ) ;
#4227 = ORIENTED_EDGE ( 'NONE', *, *, #4856, .F. ) ;
#4228 = ORIENTED_EDGE ( 'NONE', *, *, #937, .T. ) ;
#4229 = PLANE ( 'NONE',  #389 ) ;
#4230 = FACE_OUTER_BOUND ( 'NONE', #738, .T. ) ;
#4231 = ORIENTED_EDGE ( 'NONE', *, *, #3016, .F. ) ;
#4232 = EDGE_CURVE ( 'NONE', #4767, #851, #281, .T. ) ;
#4233 = EDGE_LOOP ( 'NONE', ( #3988, #338, #3599, #2006 ) ) ;
#4234 = CARTESIAN_POINT ( 'NONE',  ( 15.00000000000000711, 4.301999999999993385, 1.800000000000006928 ) ) ;
#4235 = ADVANCED_FACE ( 'NONE', ( #2054 ), #3018, .F. ) ;
#4236 = FACE_OUTER_BOUND ( 'NONE', #1537, .T. ) ;
#4237 = CARTESIAN_POINT ( 'NONE',  ( -1.000000000000000000, 4.299999999999999822, 3.399999999999999467 ) ) ;
#4238 = ORIENTED_EDGE ( 'NONE', *, *, #621, .T. ) ;
#4239 = CARTESIAN_POINT ( 'NONE',  ( 88.40000000000000568, 4.299999999999999822, -2.168404344971008868E-16 ) ) ;
#4240 = CARTESIAN_POINT ( 'NONE',  ( 28.59999999996616893, -2.579802170215991008, -0.1999999999999999833 ) ) ;
#4241 = EDGE_CURVE ( 'NONE', #3605, #698, #3659, .T. ) ;
#4242 = AXIS2_PLACEMENT_3D ( 'NONE', #2331, #2707, #3802 ) ;
#4243 = LINE ( 'NONE', #1426, #1964 ) ;
#4244 = CARTESIAN_POINT ( 'NONE',  ( 88.40000000000000568, -1.399999999999999911, 36.69999999999971863 ) ) ;
#4245 = VERTEX_POINT ( 'NONE', #1544 ) ;
#4246 = VECTOR ( 'NONE', #945, 1000.000000000000000 ) ;
#4247 = VERTEX_POINT ( 'NONE', #2275 ) ;
#4248 = DIRECTION ( 'NONE',  ( 0.7071067811865551223, 2.035908271114831395E-16, -0.7071067811865399122 ) ) ;
#4249 = CARTESIAN_POINT ( 'NONE',  ( 86.20000000000000284, 1.449999999999999956, 8.000000000000000000 ) ) ;
#4250 = DIRECTION ( 'NONE',  ( -1.399999999999999714E-14, -9.999999999999999988E-15, -1.000000000000000000 ) ) ;
#4251 = EDGE_CURVE ( 'NONE', #3430, #1443, #1511, .T. ) ;
#4252 = DIRECTION ( 'NONE',  ( 0.000000000000000000, 1.000000000000000000, 0.000000000000000000 ) ) ;
#4253 = PLANE ( 'NONE',  #637 ) ;
#4254 = DIRECTION ( 'NONE',  ( 0.000000000000000000, 0.000000000000000000, 1.000000000000000000 ) ) ;
#4255 = DIRECTION ( 'NONE',  ( 1.000000000000000000, 0.000000000000000000, 0.000000000000000000 ) ) ;
#4256 = ORIENTED_EDGE ( 'NONE', *, *, #370, .T. ) ;
#4257 = AXIS2_PLACEMENT_3D ( 'NONE', #4380, #3220, #4761 ) ;
#4258 = ORIENTED_EDGE ( 'NONE', *, *, #1958, .F. ) ;
#4259 = ORIENTED_EDGE ( 'NONE', *, *, #3652, .F. ) ;
#4260 = CARTESIAN_POINT ( 'NONE',  ( 4.000000000000000888, -3.000000000000000000, -0.2000000000000000111 ) ) ;
#4261 = DIRECTION ( 'NONE',  ( -0.000000000000000000, -1.000000000000000000, -0.000000000000000000 ) ) ;
#4262 = CARTESIAN_POINT ( 'NONE',  ( 86.20000000000000284, 1.449999999999999956, 8.000000000000000000 ) ) ;
#4263 = ORIENTED_EDGE ( 'NONE', *, *, #4602, .T. ) ;
#4265 = VECTOR ( 'NONE', #356, 1000.000000000000000 ) ;
#4264 = VECTOR ( 'NONE', #3269, 1000.000000000000000 ) ;
#4266 = VERTEX_POINT ( 'NONE', #4505 ) ;
#4267 = ADVANCED_FACE ( 'NONE', ( #4206 ), #1870, .T. ) ;
#4268 = EDGE_CURVE ( 'NONE', #1808, #2880, #912, .T. ) ;
#4269 = CARTESIAN_POINT ( 'NONE',  ( 3.999999999999996447, 4.299999999999993605, 0.000000000000000000 ) ) ;
#4270 = PLANE ( 'NONE',  #902 ) ;
#4271 = EDGE_CURVE ( 'NONE', #1127, #2364, #220, .T. ) ;
#4272 = AXIS2_PLACEMENT_3D ( 'NONE', #2396, #4189, #2025 ) ;
#4273 = CARTESIAN_POINT ( 'NONE',  ( -1.800000000000000266, -0.1300000000003213307, 21.69999999999940599 ) ) ;
#4274 = FACE_OUTER_BOUND ( 'NONE', #4556, .T. ) ;
#4276 = ORIENTED_EDGE ( 'NONE', *, *, #3935, .T. ) ;
#4275 = ORIENTED_EDGE ( 'NONE', *, *, #1653, .T. ) ;
#4277 = CARTESIAN_POINT ( 'NONE',  ( 4.000000000000000888, 0.1999999999999999833, -0.2000000000000000111 ) ) ;
#4278 = ORIENTED_EDGE ( 'NONE', *, *, #1546, .F. ) ;
#4279 = AXIS2_PLACEMENT_3D ( 'NONE', #2302, #3807, #4223 ) ;
#4280 = LINE ( 'NONE', #2388, #2294 ) ;
#4281 = CARTESIAN_POINT ( 'NONE',  ( 8.029999999999434479, -1.049999999999815747, -1.800000000000000044 ) ) ;
#4282 = DIRECTION ( 'NONE',  ( -1.000000000000000000, -1.000802005370981805E-15, 0.000000000000000000 ) ) ;
#4283 = PLANE ( 'NONE',  #2612 ) ;
#4284 = ORIENTED_EDGE ( 'NONE', *, *, #2194, .T. ) ;
#4285 = CARTESIAN_POINT ( 'NONE',  ( 29.07170823660054282, -2.132598257563964594, -1.800000000000000044 ) ) ;
#4286 = ADVANCED_FACE ( 'NONE', ( #3320 ), #3718, .T. ) ;
#4287 = ORIENTED_EDGE ( 'NONE', *, *, #1066, .T. ) ;
#4288 = ORIENTED_EDGE ( 'NONE', *, *, #3094, .T. ) ;
#4289 = CARTESIAN_POINT ( 'NONE',  ( 25.33137084989844467, 4.299999999999993605, 53.99999999999997868 ) ) ;
#4290 = CARTESIAN_POINT ( 'NONE',  ( 6.329999999999598614, -3.000000000000000000, -0.2000000000000000111 ) ) ;
#4291 = EDGE_CURVE ( 'NONE', #1423, #4199, #684, .T. ) ;
#4292 = ORIENTED_EDGE ( 'NONE', *, *, #599, .F. ) ;
#4293 = LINE ( 'NONE', #3060, #2312 ) ;
#4294 = CARTESIAN_POINT ( 'NONE',  ( 4.000000000000000888, 0.1999999999999999833, 0.000000000000000000 ) ) ;
#4295 = B_SPLINE_CURVE_WITH_KNOTS ( 'NONE', 3,
 ( #3930, #139, #2932, #612 ),
 .UNSPECIFIED., .F., .F.,
 ( 4, 4 ),
 ( 0.000000000000000000, 0.001172262441015120777 ),
 .UNSPECIFIED. ) ;
#4296 = EDGE_CURVE ( 'NONE', #3549, #2660, #3598, .T. ) ;
#4297 = VECTOR ( 'NONE', #1643, 1000.000000000000000 ) ;
#4298 = CARTESIAN_POINT ( 'NONE',  ( 86.79999999999999716, -1.399999999999999911, 54.19999999999972573 ) ) ;
#4299 = ORIENTED_EDGE ( 'NONE', *, *, #4725, .F. ) ;
#4300 = LINE ( 'NONE', #382, #3297 ) ;
#4301 = LINE ( 'NONE', #3302, #1317 ) ;
#4302 = DIRECTION ( 'NONE',  ( 1.000000000000000000, 0.000000000000000000, -0.000000000000000000 ) ) ;
#4303 = DIRECTION ( 'NONE',  ( 1.000000000000000000, -0.000000000000000000, -0.000000000000000000 ) ) ;
#4304 = LINE ( 'NONE', #3797, #3354 ) ;
#4305 = VERTEX_POINT ( 'NONE', #2668 ) ;
#4306 = CARTESIAN_POINT ( 'NONE',  ( 1.800000000000001599, 3.499999999999990230, 7.000000237999993935 ) ) ;
#4307 = EDGE_CURVE ( 'NONE', #3138, #4496, #3721, .T. ) ;
#4308 = DIRECTION ( 'NONE',  ( -1.399999999999999714E-14, -9.999999999999999988E-15, -1.000000000000000000 ) ) ;
#4309 = CARTESIAN_POINT ( 'NONE',  ( 1.799999999999999156, 2.700000000000000178, 8.000000000000000000 ) ) ;
#4310 = DIRECTION ( 'NONE',  ( 0.000000000000000000, -1.000000000000000000, -1.200500675416475525E-16 ) ) ;
#4311 = FACE_OUTER_BOUND ( 'NONE', #43, .T. ) ;
#4312 = ORIENTED_EDGE ( 'NONE', *, *, #4195, .F. ) ;
#4313 = ADVANCED_FACE ( 'NONE', ( #4501 ), #3844, .T. ) ;
#4314 = VERTEX_POINT ( 'NONE', #4207 ) ;
#4315 = CARTESIAN_POINT ( 'NONE',  ( 42.64999999996619096, -2.579802170216195289, -0.1999999999999999833 ) ) ;
#4316 = ORIENTED_EDGE ( 'NONE', *, *, #2674, .F. ) ;
#4317 = CARTESIAN_POINT ( 'NONE',  ( 70.60000000000000853, -9.279878463368314456, 57.00000000000000000 ) ) ;
#4318 = ORIENTED_EDGE ( 'NONE', *, *, #4569, .T. ) ;
#4319 = ORIENTED_EDGE ( 'NONE', *, *, #4027, .T. ) ;
#4320 = ADVANCED_FACE ( 'NONE', ( #2122 ), #4388, .F. ) ;
#4321 = CARTESIAN_POINT ( 'NONE',  ( 88.40000000000000568, 0.1000000000000000056, 0.000000000000000000 ) ) ;
#4322 = VERTEX_POINT ( 'NONE', #1627 ) ;
#4323 = CARTESIAN_POINT ( 'NONE',  ( 3.200000000000000622, 2.700000000000000178, 5.000000000000000000 ) ) ;
#4324 = VERTEX_POINT ( 'NONE', #4579 ) ;
#4325 = CARTESIAN_POINT ( 'NONE',  ( 0.000000000000000000, 2.700000000000000178, 0.000000000000000000 ) ) ;
#4326 = CIRCLE ( 'NONE', #2993, 6.000000000000012434 ) ;
#4327 = EDGE_CURVE ( 'NONE', #3971, #4113, #4866, .T. ) ;
#4328 = LINE ( 'NONE', #2319, #685 ) ;
#4330 = ORIENTED_EDGE ( 'NONE', *, *, #2530, .T. ) ;
#4329 = ORIENTED_EDGE ( 'NONE', *, *, #3010, .F. ) ;
#4331 = DIRECTION ( 'NONE',  ( 0.000000000000000000, -8.340016711426956521E-17, 1.000000000000000000 ) ) ;
#4332 = CARTESIAN_POINT ( 'NONE',  ( 22.00000000000000000, 2.700000000000000178, 53.19999999999999574 ) ) ;
#4333 = VERTEX_POINT ( 'NONE', #87 ) ;
#4334 = ADVANCED_FACE ( 'NONE', ( #2524 ), #3417, .F. ) ;
#4335 = EDGE_CURVE ( 'NONE', #4071, #2337, #1820, .T. ) ;
#4336 = CARTESIAN_POINT ( 'NONE',  ( 22.52829176336527439, -2.132598257563793176, -0.9999999999996714850 ) ) ;
#4337 = CARTESIAN_POINT ( 'NONE',  ( 0.000000000000000000, 1.449999999999999956, 0.000000000000000000 ) ) ;
#4338 = DIRECTION ( 'NONE',  ( 1.000000000000000000, 1.240954293808709686E-16, 0.000000000000000000 ) ) ;
#4339 = DIRECTION ( 'NONE',  ( 0.000000000000000000, 1.000000000000000000, 0.000000000000000000 ) ) ;
#4340 = DIRECTION ( 'NONE',  ( 0.000000000000000000, 0.000000000000000000, -1.000000000000000000 ) ) ;
#4341 = CARTESIAN_POINT ( 'NONE',  ( 86.79999999999999716, 4.299999999999999822, 36.69999999999971863 ) ) ;
#4342 = AXIS2_PLACEMENT_3D ( 'NONE', #4844, #2610, #2975 ) ;
#4343 = VERTEX_POINT ( 'NONE', #3088 ) ;
#4344 = EDGE_CURVE ( 'NONE', #1890, #1916, #2882, .T. ) ;
#4345 = ORIENTED_EDGE ( 'NONE', *, *, #3550, .F. ) ;
#4346 = CARTESIAN_POINT ( 'NONE',  ( 86.58211515498155109, 4.299999999999998934, 4.799999999999999822 ) ) ;
#4347 = CARTESIAN_POINT ( 'NONE',  ( 88.40000000000000568, 4.299999999999999822, -2.168404344971008868E-16 ) ) ;
#4348 = EDGE_LOOP ( 'NONE', ( #1214, #3662, #4713, #28 ) ) ;
#4349 = LINE ( 'NONE', #3181, #3109 ) ;
#4350 = CARTESIAN_POINT ( 'NONE',  ( -1.399999999999997691, -6.100000000000012079, 8.399999999999998579 ) ) ;
#4351 = CARTESIAN_POINT ( 'NONE',  ( 1.800000000000004929, 2.699999999999997513, 48.00000000000000000 ) ) ;
#4352 = EDGE_LOOP ( 'NONE', ( #4258, #4492, #2807, #3323 ) ) ;
#4353 = CIRCLE ( 'NONE', #4279, 5.200000000000002842 ) ;
#4354 = LINE ( 'NONE', #3737, #4639 ) ;
#4355 = DIRECTION ( 'NONE',  ( 0.000000000000000000, 1.000000000000000000, 0.000000000000000000 ) ) ;
#4356 = DIRECTION ( 'NONE',  ( 0.000000000000000000, 0.000000000000000000, 1.000000000000000000 ) ) ;
#4357 = EDGE_LOOP ( 'NONE', ( #852, #2826, #1103, #1149 ) ) ;
#4358 = DIRECTION ( 'NONE',  ( -1.399999999999999714E-14, -9.999999999999999988E-15, -1.000000000000000000 ) ) ;
#4359 = VECTOR ( 'NONE', #3151, 1000.000000000000000 ) ;
#4360 = VERTEX_POINT ( 'NONE', #466 ) ;
#4361 = CARTESIAN_POINT ( 'NONE',  ( 88.40000000000000568, -1.399999999999999911, 54.19999999999972573 ) ) ;
#4362 = LINE ( 'NONE', #2111, #3824 ) ;
#4363 = EDGE_CURVE ( 'NONE', #1625, #714, #4326, .T. ) ;
#4364 = DIRECTION ( 'NONE',  ( -6.938893903907222067E-15, 1.200500675416475525E-16, -1.000000000000000000 ) ) ;
#4365 = ADVANCED_FACE ( 'NONE', ( #4811 ), #3806, .F. ) ;
#4366 = VECTOR ( 'NONE', #2628, 1000.000000000000000 ) ;
#4367 = FACE_OUTER_BOUND ( 'NONE', #2423, .T. ) ;
#4368 = ORIENTED_EDGE ( 'NONE', *, *, #855, .T. ) ;
#4369 = CARTESIAN_POINT ( 'NONE',  ( 86.00371418780579802, 3.764602705305814645, 4.799999999999999822 ) ) ;
#4370 = CARTESIAN_POINT ( 'NONE',  ( 82.80000000000001137, 2.700000000000001066, 1.799999999999999600 ) ) ;
#4371 = VECTOR ( 'NONE', #3796, 1000.000000000000000 ) ;
#4372 = EDGE_CURVE ( 'NONE', #2889, #2286, #2400, .T. ) ;
#4373 = DIRECTION ( 'NONE',  ( 0.000000000000000000, -0.000000000000000000, 1.000000000000000000 ) ) ;
#4374 = LINE ( 'NONE', #2700, #3121 ) ;
#4375 = VERTEX_POINT ( 'NONE', #2383 ) ;
#4376 = ADVANCED_FACE ( 'NONE', ( #96 ), #4616, .T. ) ;
#4377 = DIRECTION ( 'NONE',  ( -1.000000000000000000, 0.000000000000000000, 0.000000000000000000 ) ) ;
#4378 = ORIENTED_EDGE ( 'NONE', *, *, #2785, .F. ) ;
#4379 = CARTESIAN_POINT ( 'NONE',  ( 0.000000000000000000, 0.000000000000000000, -1.000000000000000000 ) ) ;
#4380 = CARTESIAN_POINT ( 'NONE',  ( 27.95551222820426318, -1.899999999999908207, -1.800000000000000044 ) ) ;
#4381 = ORIENTED_EDGE ( 'NONE', *, *, #2304, .T. ) ;
#4382 = DIRECTION ( 'NONE',  ( -0.000000000000000000, -1.000000000000000000, -0.000000000000000000 ) ) ;
#4383 = CARTESIAN_POINT ( 'NONE',  ( -1.800000000000000266, -4.299999999999999822, 6.799999999999999822 ) ) ;
#4384 = VECTOR ( 'NONE', #1255, 1000.000000000000000 ) ;
#4385 = VERTEX_POINT ( 'NONE', #1937 ) ;
#4386 = CARTESIAN_POINT ( 'NONE',  ( 37.04448777176148155, -1.249999999999861444, -0.1999999999999999833 ) ) ;
#4387 = ADVANCED_FACE ( 'NONE', ( #2459 ), #3464, .F. ) ;
#4388 = CYLINDRICAL_SURFACE ( 'NONE', #2174, 1.700000000000000178 ) ;
#4389 = ORIENTED_EDGE ( 'NONE', *, *, #1802, .T. ) ;
#4390 = DIRECTION ( 'NONE',  ( -0.7071067811865474617, -8.184840302580287884E-17, 0.7071067811865474617 ) ) ;
#4391 = ORIENTED_EDGE ( 'NONE', *, *, #1362, .T. ) ;
#4392 = VECTOR ( 'NONE', #4163, 1000.000000000000114 ) ;
#4393 = PLANE ( 'NONE',  #1492 ) ;
#4394 = VECTOR ( 'NONE', #4875, 1000.000000000000000 ) ;
#4395 = ORIENTED_EDGE ( 'NONE', *, *, #2569, .F. ) ;
#4396 = EDGE_CURVE ( 'NONE', #1761, #4067, #907, .T. ) ;
#4397 = DIRECTION ( 'NONE',  ( 0.000000000000000000, -1.000000000000000000, 0.000000000000000000 ) ) ;
#4398 = EDGE_LOOP ( 'NONE', ( #1260, #4256, #1430, #1030 ) ) ;
#4399 = VERTEX_POINT ( 'NONE', #2811 ) ;
#4400 = LINE ( 'NONE', #2496, #3672 ) ;
#4401 = DIRECTION ( 'NONE',  ( 1.000000000000000000, 0.000000000000000000, 0.000000000000000000 ) ) ;
#4402 = VECTOR ( 'NONE', #3937, 1000.000000000000000 ) ;
#4403 = EDGE_CURVE ( 'NONE', #1076, #3308, #2231, .T. ) ;
#4404 = CARTESIAN_POINT ( 'NONE',  ( 88.40000000000000568, -1.399999999999999911, 54.19999999999972573 ) ) ;
#4405 = AXIS2_PLACEMENT_3D ( 'NONE', #2188, #1060, #678 ) ;
#4406 = CARTESIAN_POINT ( 'NONE',  ( 114.2615395254233164, 2.700000000000005507, -36.76153928742331800 ) ) ;
#4407 = VECTOR ( 'NONE', #727, 1000.000000000000000 ) ;
#4409 = VERTEX_POINT ( 'NONE', #3156 ) ;
#4408 = ORIENTED_EDGE ( 'NONE', *, *, #2595, .T. ) ;
#4410 = CARTESIAN_POINT ( 'NONE',  ( 85.71168843862798781, 3.500000000000017764, 4.799999999999999822 ) ) ;
#4411 = VERTEX_POINT ( 'NONE', #4192 ) ;
#4412 = VECTOR ( 'NONE', #818, 1000.000000000000000 ) ;
#4413 = ADVANCED_FACE ( 'NONE', ( #2689 ), #677, .F. ) ;
#4414 = ORIENTED_EDGE ( 'NONE', *, *, #2813, .T. ) ;
#4415 = CARTESIAN_POINT ( 'NONE',  ( 42.47170823660047034, -2.132598257564052524, -0.9999999999999503730 ) ) ;
#4416 = ORIENTED_EDGE ( 'NONE', *, *, #2412, .F. ) ;
#4417 = CARTESIAN_POINT ( 'NONE',  ( 86.79999999999999716, 1.449999999999999956, 47.99999999999998579 ) ) ;
#4418 = CARTESIAN_POINT ( 'NONE',  ( -1.800000000000000266, 4.299999999999999822, 0.000000000000000000 ) ) ;
#4419 = LINE ( 'NONE', #3032, #3388 ) ;
#4420 = AXIS2_PLACEMENT_3D ( 'NONE', #223, #3839, #3130 ) ;
#4421 = CARTESIAN_POINT ( 'NONE',  ( -1.800000000000000266, -19.80000000000000071, 0.000000000000000000 ) ) ;
#4422 = ORIENTED_EDGE ( 'NONE', *, *, #3924, .T. ) ;
#4423 = CIRCLE ( 'NONE', #3993, 5.200000000000000178 ) ;
#4424 = DIRECTION ( 'NONE',  ( 0.000000000000000000, -1.382249781654825882E-16, 1.000000000000000000 ) ) ;
#4425 = EDGE_CURVE ( 'NONE', #750, #4498, #3033, .T. ) ;
#4426 = ORIENTED_EDGE ( 'NONE', *, *, #763, .F. ) ;
#4427 = EDGE_LOOP ( 'NONE', ( #1716, #2237, #861, #585 ) ) ;
#4428 = PRESENTATION_STYLE_ASSIGNMENT (( #2957 ) ) ;
#4429 = DIRECTION ( 'NONE',  ( -1.399999999999999714E-14, -9.999999999999999988E-15, -1.000000000000000000 ) ) ;
#4430 = DIRECTION ( 'NONE',  ( 1.000000000000000000, 0.000000000000000000, 0.000000000000000000 ) ) ;
#4431 = DIRECTION ( 'NONE',  ( 1.000000000000000000, 0.000000000000000000, -0.000000000000000000 ) ) ;
#4432 = EDGE_CURVE ( 'NONE', #4542, #639, #2182, .T. ) ;
#4433 = AXIS2_PLACEMENT_3D ( 'NONE', #105, #4248, #310 ) ;
#4434 = ORIENTED_EDGE ( 'NONE', *, *, #2967, .F. ) ;
#4435 = LINE ( 'NONE', #3203, #3191 ) ;
#4436 = ORIENTED_EDGE ( 'NONE', *, *, #3772, .F. ) ;
#4437 = CARTESIAN_POINT ( 'NONE',  ( 88.40000000000000568, -1.399999999999999911, 18.55000000000047322 ) ) ;
#4438 = FACE_OUTER_BOUND ( 'NONE', #770, .T. ) ;
#4439 = EDGE_CURVE ( 'NONE', #373, #2436, #4091, .T. ) ;
#4440 = EDGE_LOOP ( 'NONE', ( #3435, #9, #291, #820 ) ) ;
#4441 = CIRCLE ( 'NONE', #1930, 5.200000000000000178 ) ;
#4442 = ORIENTED_EDGE ( 'NONE', *, *, #4291, .T. ) ;
#4443 = DIRECTION ( 'NONE',  ( -1.000000000000000000, 0.000000000000000000, 0.000000000000000000 ) ) ;
#4444 = DIRECTION ( 'NONE',  ( 1.000000000000000000, 0.000000000000000000, -0.000000000000000000 ) ) ;
#4445 = DIRECTION ( 'NONE',  ( 1.000000000000000000, 0.000000000000000000, 0.000000000000000000 ) ) ;
#4446 = DIRECTION ( 'NONE',  ( -0.6880060194648398575, 0.7257049794373375828, 0.000000000000000000 ) ) ;
#4447 = CARTESIAN_POINT ( 'NONE',  ( 56.19999999999998863, -3.000000000000001776, -1.000000000000000000 ) ) ;
#4448 = LINE ( 'NONE', #423, #2829 ) ;
#4449 = ORIENTED_EDGE ( 'NONE', *, *, #1653, .F. ) ;
#4450 = DIRECTION ( 'NONE',  ( 1.358957646467426048E-14, 1.000000000000000000, -1.000000000000019089E-14 ) ) ;
#4451 = DIRECTION ( 'NONE',  ( 0.000000000000000000, 1.000000000000000000, 0.000000000000000000 ) ) ;
#4452 = EDGE_CURVE ( 'NONE', #4314, #1851, #89, .T. ) ;
#4454 = ORIENTED_EDGE ( 'NONE', *, *, #887, .T. ) ;
#4453 = VERTEX_POINT ( 'NONE', #2853 ) ;
#4455 = FACE_OUTER_BOUND ( 'NONE', #2955, .T. ) ;
#4456 = CARTESIAN_POINT ( 'NONE',  ( 23.64448777176148297, -1.249999999999690692, -1.800000000000000044 ) ) ;
#4457 = EDGE_CURVE ( 'NONE', #2974, #4559, #1340, .T. ) ;
#4458 = ORIENTED_EDGE ( 'NONE', *, *, #1124, .T. ) ;
#4459 = CARTESIAN_POINT ( 'NONE',  ( 15.99999999999998579, -10.10000000000001918, 57.80000000000000426 ) ) ;
#4460 = CARTESIAN_POINT ( 'NONE',  ( 14.39999999999999680, -8.300000000000000711, 57.80000000000000426 ) ) ;
#4461 = CARTESIAN_POINT ( 'NONE',  ( 54.59999999999999432, -12.37987846336829456, -1.000000000000000000 ) ) ;
#4462 = VECTOR ( 'NONE', #1109, 1000.000000000000000 ) ;
#4463 = ORIENTED_EDGE ( 'NONE', *, *, #3652, .T. ) ;
#4464 = ORIENTED_EDGE ( 'NONE', *, *, #3835, .F. ) ;
#4465 = ORIENTED_EDGE ( 'NONE', *, *, #811, .F. ) ;
#4466 = EDGE_CURVE ( 'NONE', #3566, #639, #3973, .T. ) ;
#4467 = AXIS2_PLACEMENT_3D ( 'NONE', #3236, #1604, #532 ) ;
#4468 = ORIENTED_EDGE ( 'NONE', *, *, #4089, .F. ) ;
#4469 = CARTESIAN_POINT ( 'NONE',  ( 84.20000000000000284, -10.10000000000001918, 57.00000000000000000 ) ) ;
#4470 = VECTOR ( 'NONE', #2929, 1000.000000000000000 ) ;
#4471 = EDGE_LOOP ( 'NONE', ( #2641, #4158, #3674, #4601 ) ) ;
#4472 = LINE ( 'NONE', #802, #3510 ) ;
#4473 = CARTESIAN_POINT ( 'NONE',  ( 70.00000000000000000, 4.301999999999993385, 1.800000000000000044 ) ) ;
#4474 = ORIENTED_EDGE ( 'NONE', *, *, #2620, .T. ) ;
#4475 =( GEOMETRIC_REPRESENTATION_CONTEXT ( 3 ) GLOBAL_UNCERTAINTY_ASSIGNED_CONTEXT ( ( #3947 ) ) GLOBAL_UNIT_ASSIGNED_CONTEXT ( ( #1432, #3628, #4807 ) ) REPRESENTATION_CONTEXT ( 'NONE', 'WORKASPACE' ) );
#4476 = PLANE ( 'NONE',  #480 ) ;
#4477 = LINE ( 'NONE', #4117, #4007 ) ;
#4478 = VECTOR ( 'NONE', #988, 1000.000000000000000 ) ;
#4479 = EDGE_LOOP ( 'NONE', ( #4108, #1263, #577, #3916 ) ) ;
#4480 = VECTOR ( 'NONE', #2934, 1000.000000000000000 ) ;
#4481 = DIRECTION ( 'NONE',  ( -1.463672932855430986E-16, -0.000000000000000000, -1.000000000000000000 ) ) ;
#4482 = DIRECTION ( 'NONE',  ( 1.000000000000000000, 1.240954293808709933E-16, -0.000000000000000000 ) ) ;
#4483 = DIRECTION ( 'NONE',  ( 0.000000000000000000, 0.000000000000000000, -1.000000000000000000 ) ) ;
#4484 = CARTESIAN_POINT ( 'NONE',  ( 86.79999999999999716, 2.700000000000001066, -2.168404344971008868E-16 ) ) ;
#4485 = PLANE ( 'NONE',  #652 ) ;
#4486 = VERTEX_POINT ( 'NONE', #157 ) ;
#4487 = EDGE_CURVE ( 'NONE', #3393, #1808, #1985, .T. ) ;
#4488 = ORIENTED_EDGE ( 'NONE', *, *, #1675, .F. ) ;
#4489 = CLOSED_SHELL ( 'NONE', ( #2405, #1794, #257, #3942, #1397, #4573, #3584, #4413, #4774, #930, #2064, #297, #1988, #943, #1587, #3575, #1617, #1685, #1816, #2881, #2820, #124, #3606, #3864, #2562, #4320, #2462, #3887, #3420, #2784, #478, #1259, #4791, #2815, #3912, #1235, #2328, #536, #203, #3970, #3840, #190, #2015, #1210, #454, #4681, #638, #4022, #2837, #3232, #3647, #3223, #4387, #3150, #2035, #4630, #3201, #3449, #75, #3272, #4334, #2456, #2352, #3502, #238, #274, #1012, #2535, #3179, #3256, #1288, #2722, #2442, #904, #98, #1767, #2432, #2482, #4657, #149, #614, #2131, #4738, #2380, #2149, #2507, #2121, #1299, #2072, #1316, #876, #424, #3119, #4665, #4365, #3625, #2752, #1715, #4376, #4711, #3975, #849, #991, #1738, #1695, #3171, #179, #2857, #3249, #998, #3548, #4600, #3809, #4313, #508, #2175, #230, #4267, #3953, #1421, #4692, #4814, #4286, #1345, #1960, #824, #3524, #594, #3293, #804, #3102, #2158, #962, #4235, #622, #546, #3477, #4187, #1637, #1665, #2927, #3075, #4763, #4210, #1378, #2905 ) ) ;
#4490 = DIRECTION ( 'NONE',  ( -1.399999999999999714E-14, -9.999999999999999988E-15, -1.000000000000000000 ) ) ;
#4491 = CARTESIAN_POINT ( 'NONE',  ( 86.58211515498155109, 4.299999999999998934, 4.799999999999999822 ) ) ;
#4492 = ORIENTED_EDGE ( 'NONE', *, *, #326, .T. ) ;
#4493 = EDGE_CURVE ( 'NONE', #1036, #2693, #1875, .T. ) ;
#4494 = AXIS2_PLACEMENT_3D ( 'NONE', #4341, #3040, #425 ) ;
#4495 = ORIENTED_EDGE ( 'NONE', *, *, #2508, .F. ) ;
#4496 = VERTEX_POINT ( 'NONE', #4635 ) ;
#4497 = CARTESIAN_POINT ( 'NONE',  ( 54.60000000000000142, -3.000000000000002220, -1.800000000000000044 ) ) ;
#4498 = VERTEX_POINT ( 'NONE', #2027 ) ;
#4499 = AXIS2_PLACEMENT_3D ( 'NONE', #222, #1705, #573 ) ;
#4500 = CARTESIAN_POINT ( 'NONE',  ( -1.800000000000000266, 0.09999999999999999167, 21.69999999999940599 ) ) ;
#4501 = FACE_OUTER_BOUND ( 'NONE', #3197, .T. ) ;
#4502 = CARTESIAN_POINT ( 'NONE',  ( 14.39999999999999680, -8.300000000000000711, 57.00000000000000000 ) ) ;
#4503 = EDGE_CURVE ( 'NONE', #1356, #3434, #1272, .T. ) ;
#4504 = FACE_OUTER_BOUND ( 'NONE', #2490, .T. ) ;
#4505 = CARTESIAN_POINT ( 'NONE',  ( 79.80000000000001137, 4.299999999999999822, 1.800000237999992647 ) ) ;
#4506 = DIRECTION ( 'NONE',  ( 1.000000000000000000, 0.000000000000000000, 0.000000000000000000 ) ) ;
#4507 = VECTOR ( 'NONE', #607, 1000.000000000000000 ) ;
#4508 = AXIS2_PLACEMENT_3D ( 'NONE', #627, #3612, #4035 ) ;
#4510 = ORIENTED_EDGE ( 'NONE', *, *, #329, .T. ) ;
#4509 = VERTEX_POINT ( 'NONE', #579 ) ;
#4511 = LINE ( 'NONE', #2547, #1768 ) ;
#4512 = DIRECTION ( 'NONE',  ( 0.000000000000000000, 1.000000000000000000, 0.000000000000000000 ) ) ;
#4513 = EDGE_CURVE ( 'NONE', #641, #2106, #4805, .T. ) ;
#4514 = ORIENTED_EDGE ( 'NONE', *, *, #2564, .T. ) ;
#4515 = FACE_OUTER_BOUND ( 'NONE', #4352, .T. ) ;
#4516 = EDGE_CURVE ( 'NONE', #4527, #1349, #3846, .T. ) ;
#4518 = ORIENTED_EDGE ( 'NONE', *, *, #3491, .F. ) ;
#4517 = ORIENTED_EDGE ( 'NONE', *, *, #2647, .T. ) ;
#4519 = ORIENTED_EDGE ( 'NONE', *, *, #1615, .F. ) ;
#4520 = AXIS2_PLACEMENT_3D ( 'NONE', #2864, #4722, #1327 ) ;
#4521 = LINE ( 'NONE', #24, #1902 ) ;
#4522 = PLANE ( 'NONE',  #3327 ) ;
#4523 = CARTESIAN_POINT ( 'NONE',  ( 70.00000000000000000, 2.700000000000001066, -1.052121783275130338E-16 ) ) ;
#4524 = VERTEX_POINT ( 'NONE', #2402 ) ;
#4525 = LINE ( 'NONE', #116, #2493 ) ;
#4527 = VERTEX_POINT ( 'NONE', #3908 ) ;
#4526 = ORIENTED_EDGE ( 'NONE', *, *, #1337, .T. ) ;
#4528 = AXIS2_PLACEMENT_3D ( 'NONE', #1871, #1597, #1938 ) ;
#4529 = CARTESIAN_POINT ( 'NONE',  ( 6.329999999999543547, -3.309999999999786446, -1.189999999999434177 ) ) ;
#4530 = FACE_OUTER_BOUND ( 'NONE', #4159, .T. ) ;
#4531 = CARTESIAN_POINT ( 'NONE',  ( 7.000000000000006217, 4.299999999999993605, 51.00000000000000000 ) ) ;
#4532 = ORIENTED_EDGE ( 'NONE', *, *, #825, .T. ) ;
#4533 = DIRECTION ( 'NONE',  ( 9.505334114941404819E-16, -1.000000000000000000, -0.000000000000000000 ) ) ;
#4534 = ORIENTED_EDGE ( 'NONE', *, *, #1798, .F. ) ;
#4535 = EDGE_CURVE ( 'NONE', #4096, #316, #33, .T. ) ;
#4536 = VECTOR ( 'NONE', #4667, 1000.000000000000000 ) ;
#4537 = ORIENTED_EDGE ( 'NONE', *, *, #2948, .F. ) ;
#4538 = CARTESIAN_POINT ( 'NONE',  ( 29.24999999996617817, -3.000000000000005329, -1.800000000000000044 ) ) ;
#4539 = CARTESIAN_POINT ( 'NONE',  ( 70.40000000000000568, -3.000000000000000000, -1.800000000000000044 ) ) ;
#4540 = B_SPLINE_CURVE_WITH_KNOTS ( 'NONE', 3,
 ( #2458, #4369, #587, #4346 ),
 .UNSPECIFIED., .F., .F.,
 ( 4, 4 ),
 ( 0.000000000000000000, 0.001182219382577542107 ),
 .UNSPECIFIED. ) ;
#4541 = VECTOR ( 'NONE', #4190, 1000.000000000000000 ) ;
#4542 = VERTEX_POINT ( 'NONE', #1312 ) ;
#4543 = CARTESIAN_POINT ( 'NONE',  ( 3.999999999999989786, -8.300000000000002487, 57.00000000000000000 ) ) ;
#4544 = EDGE_CURVE ( 'NONE', #1418, #3489, #4295, .T. ) ;
#4545 = LINE ( 'NONE', #3567, #1756 ) ;
#4546 = ORIENTED_EDGE ( 'NONE', *, *, #3883, .F. ) ;
#4547 = DIRECTION ( 'NONE',  ( -1.000000000000000000, 0.000000000000000000, 0.000000000000000000 ) ) ;
#4548 = CARTESIAN_POINT ( 'NONE',  ( 41.35551222820441808, -1.249999999999921840, -0.1999999999999999833 ) ) ;
#4549 = EDGE_CURVE ( 'NONE', #3749, #3595, #3779, .T. ) ;
#4550 = AXIS2_PLACEMENT_3D ( 'NONE', #127, #2031, #870 ) ;
#4551 = ORIENTED_EDGE ( 'NONE', *, *, #4589, .F. ) ;
#4552 = DIRECTION ( 'NONE',  ( 0.000000000000000000, -1.200500675416475525E-16, 1.000000000000000000 ) ) ;
#4553 = CARTESIAN_POINT ( 'NONE',  ( 66.59999999999999432, -11.40000000000000568, -1.000000000000000000 ) ) ;
#4554 = CARTESIAN_POINT ( 'NONE',  ( 1.343145834653326043, 4.299999999999998934, 5.000000000000000000 ) ) ;
#4555 = FACE_OUTER_BOUND ( 'NONE', #1409, .T. ) ;
#4556 = EDGE_LOOP ( 'NONE', ( #4194, #4288, #4368, #2629 ) ) ;
#4557 = DIRECTION ( 'NONE',  ( 0.000000000000000000, -1.000000000000000000, -1.008560160451632221E-16 ) ) ;
#4558 = CARTESIAN_POINT ( 'NONE',  ( 84.20000000000000284, -10.10000000000001918, 57.39999999999999858 ) ) ;
#4559 = VERTEX_POINT ( 'NONE', #247 ) ;
#4560 = CARTESIAN_POINT ( 'NONE',  ( 86.79999999999999716, 4.299999999999999822, 39.39999999999972147 ) ) ;
#4561 = DIRECTION ( 'NONE',  ( 0.000000000000000000, 1.200500675416475525E-16, -1.000000000000000000 ) ) ;
#4562 = VECTOR ( 'NONE', #3777, 1000.000000000000000 ) ;
#4564 = VERTEX_POINT ( 'NONE', #2520 ) ;
#4563 = ORIENTED_EDGE ( 'NONE', *, *, #732, .T. ) ;
#4565 = ORIENTED_EDGE ( 'NONE', *, *, #2272, .F. ) ;
#4566 = CARTESIAN_POINT ( 'NONE',  ( 2.399999999999999467, 4.299999999999999822, 57.80000000000000426 ) ) ;
#4567 = PLANE ( 'NONE',  #92 ) ;
#4568 = CARTESIAN_POINT ( 'NONE',  ( -1.400000000000011680, 0.1000000000000002554, 57.79999999999999716 ) ) ;
#4569 = EDGE_CURVE ( 'NONE', #4247, #1521, #1032, .T. ) ;
#4570 = LINE ( 'NONE', #3909, #4831 ) ;
#4571 = CARTESIAN_POINT ( 'NONE',  ( 0.000000000000000000, 1.449999999999999956, 0.000000000000000000 ) ) ;
#4572 = ORIENTED_EDGE ( 'NONE', *, *, #4104, .T. ) ;
#4573 = ADVANCED_FACE ( 'NONE', ( #4145 ), #2887, .F. ) ;
#4574 = ORIENTED_EDGE ( 'NONE', *, *, #48, .T. ) ;
#4575 = CARTESIAN_POINT ( 'NONE',  ( 81.19999999999998863, 4.299999999999992717, 56.19999999999999574 ) ) ;
#4576 = EDGE_CURVE ( 'NONE', #3200, #4266, #4545, .T. ) ;
#4577 = AXIS2_PLACEMENT_3D ( 'NONE', #4881, #3003, #740 ) ;
#4578 = ORIENTED_EDGE ( 'NONE', *, *, #3661, .F. ) ;
#4579 = CARTESIAN_POINT ( 'NONE',  ( 88.40000000000000568, 0.09999999999999939493, 54.19999999999972573 ) ) ;
#4580 = DIRECTION ( 'NONE',  ( 0.000000000000000000, -1.000000000000000000, 0.000000000000000000 ) ) ;
#4581 = ORIENTED_EDGE ( 'NONE', *, *, #3295, .F. ) ;
#4582 = CONICAL_SURFACE ( 'NONE', #3262, 5.999999999999991118, 0.7853981633974548293 ) ;
#4583 = CARTESIAN_POINT ( 'NONE',  ( -68.20000000000001705, 0.000000000000000000, 57.00000000000000000 ) ) ;
#4584 = AXIS2_PLACEMENT_3D ( 'NONE', #940, #3545, #1275 ) ;
#4585 = CARTESIAN_POINT ( 'NONE',  ( 85.71168843862798781, 2.400000000000000355, 4.799999999999999822 ) ) ;
#4586 = DIRECTION ( 'NONE',  ( 1.000000000000000000, -0.000000000000000000, 0.000000000000000000 ) ) ;
#4587 = CIRCLE ( 'NONE', #1858, 5.200000000000000178 ) ;
#4588 = CARTESIAN_POINT ( 'NONE',  ( -0.2000000000000000111, -0.1300000000003213307, 21.69999999999940599 ) ) ;
#4589 = EDGE_CURVE ( 'NONE', #2449, #2860, #489, .T. ) ;
#4590 = CARTESIAN_POINT ( 'NONE',  ( 2.399999999999999467, -10.10000000000001918, 57.80000000000000426 ) ) ;
#4591 = ORIENTED_EDGE ( 'NONE', *, *, #2213, .F. ) ;
#4592 = CARTESIAN_POINT ( 'NONE',  ( 41.35551222820441808, -1.249999999999937828, -1.800000000000000044 ) ) ;
#4593 = LINE ( 'NONE', #4718, #2164 ) ;
#4594 = ORIENTED_EDGE ( 'NONE', *, *, #3231, .T. ) ;
#4595 = CARTESIAN_POINT ( 'NONE',  ( 70.60000000000000853, -10.10000000000001918, 57.39999999999999858 ) ) ;
#4596 = CARTESIAN_POINT ( 'NONE',  ( -0.2000000000000000111, 1.449999999999999956, 34.24999999999941025 ) ) ;
#4598 = LINE ( 'NONE', #4072, #1556 ) ;
#4597 = VECTOR ( 'NONE', #4078, 1000.000000000000000 ) ;
#4599 = VERTEX_POINT ( 'NONE', #2504 ) ;
#4600 = ADVANCED_FACE ( 'NONE', ( #3028 ), #3237, .T. ) ;
#4601 = ORIENTED_EDGE ( 'NONE', *, *, #3186, .T. ) ;
#4602 = EDGE_CURVE ( 'NONE', #3570, #2193, #2394, .T. ) ;
#4603 = CARTESIAN_POINT ( 'NONE',  ( 36.39999999999955804, -2.579802170216113577, -0.9999999999998603339 ) ) ;
#4604 = DIRECTION ( 'NONE',  ( -1.000000000000000000, 0.000000000000000000, 1.401122807519374645E-14 ) ) ;
#4605 = DIRECTION ( 'NONE',  ( 0.000000000000000000, 0.000000000000000000, -1.000000000000000000 ) ) ;
#4606 = CARTESIAN_POINT ( 'NONE',  ( 23.64448777176148297, -1.899999999999840039, -0.1999999999999999833 ) ) ;
#4607 = CARTESIAN_POINT ( 'NONE',  ( 14.24576508522373075, 13.50572534050288453, -1.800000000000000044 ) ) ;
#4609 = LINE ( 'NONE', #1967, #1630 ) ;
#4608 = VECTOR ( 'NONE', #3631, 1000.000000000000000 ) ;
#4610 = DIRECTION ( 'NONE',  ( 0.000000000000000000, -1.157511216176695077E-16, 1.000000000000000000 ) ) ;
#4611 = EDGE_CURVE ( 'NONE', #1848, #2286, #3406, .T. ) ;
#4612 = CARTESIAN_POINT ( 'NONE',  ( 87.00000095400001499, 4.299999999999993605, 51.00000000000000000 ) ) ;
#4613 = CARTESIAN_POINT ( 'NONE',  ( -1.000000000000000000, 4.299999999999999822, 3.399999999999999467 ) ) ;
#4614 = CARTESIAN_POINT ( 'NONE',  ( 151.0230788128466202, 4.299999999999992717, 57.00000000000000711 ) ) ;
#4615 = VECTOR ( 'NONE', #1912, 1000.000000000000000 ) ;
#4616 = PLANE ( 'NONE',  #4659 ) ;
#4617 = CARTESIAN_POINT ( 'NONE',  ( 22.52829176336518202, -2.132598257563900646, -0.1999999999999999833 ) ) ;
#4618 = VECTOR ( 'NONE', #459, 1000.000000000000000 ) ;
#4619 = ORIENTED_EDGE ( 'NONE', *, *, #4268, .T. ) ;
#4620 = DIRECTION ( 'NONE',  ( 0.000000000000000000, -0.000000000000000000, -1.000000000000000000 ) ) ;
#4621 = EDGE_LOOP ( 'NONE', ( #4733, #104, #3267, #79 ) ) ;
#4622 = DIRECTION ( 'NONE',  ( -0.000000000000000000, -1.000000000000000000, -0.000000000000000000 ) ) ;
#4623 = PLANE ( 'NONE',  #4550 ) ;
#4624 = VERTEX_POINT ( 'NONE', #642 ) ;
#4625 = LINE ( 'NONE', #2177, #1416 ) ;
#4626 = CARTESIAN_POINT ( 'NONE',  ( 70.40000000000000568, -3.000000000000000000, -0.2000000000000000111 ) ) ;
#4627 = CYLINDRICAL_SURFACE ( 'NONE', #1781, 0.6499999999999978018 ) ;
#4629 = ORIENTED_EDGE ( 'NONE', *, *, #2324, .T. ) ;
#4628 = ORIENTED_EDGE ( 'NONE', *, *, #1982, .T. ) ;
#4630 = ADVANCED_FACE ( 'NONE', ( #2044 ), #3596, .F. ) ;
#4631 = VERTEX_POINT ( 'NONE', #262 ) ;
#4632 = CARTESIAN_POINT ( 'NONE',  ( 88.40000000000000568, 0.1000000000000000056, 0.000000000000000000 ) ) ;
#4633 = VECTOR ( 'NONE', #2673, 1000.000000000000000 ) ;
#4634 = LINE ( 'NONE', #3402, #2779 ) ;
#4635 = CARTESIAN_POINT ( 'NONE',  ( 2.399999999999999467, 0.1000000000000000056, 57.00000000000000000 ) ) ;
#4636 = CARTESIAN_POINT ( 'NONE',  ( 70.00000000000000000, 1.449999999999999956, 1.800000000000000044 ) ) ;
#4638 = ORIENTED_EDGE ( 'NONE', *, *, #1478, .T. ) ;
#4637 = VERTEX_POINT ( 'NONE', #3999 ) ;
#4639 = VECTOR ( 'NONE', #361, 1000.000000000000000 ) ;
#4640 = FACE_OUTER_BOUND ( 'NONE', #501, .T. ) ;
#4641 = CARTESIAN_POINT ( 'NONE',  ( 86.79999999999999716, 4.299999999999999822, 54.19999999999972573 ) ) ;
#4642 = DIRECTION ( 'NONE',  ( 0.000000000000000000, 0.000000000000000000, -1.000000000000000000 ) ) ;
#4643 = ORIENTED_EDGE ( 'NONE', *, *, #728, .F. ) ;
#4644 = EDGE_CURVE ( 'NONE', #1434, #1890, #2635, .T. ) ;
#4645 = DIRECTION ( 'NONE',  ( 0.000000000000000000, -1.000000000000000000, 0.000000000000000000 ) ) ;
#4646 = ORIENTED_EDGE ( 'NONE', *, *, #1398, .T. ) ;
#4647 = LINE ( 'NONE', #213, #1542 ) ;
#4648 = ORIENTED_EDGE ( 'NONE', *, *, #4296, .T. ) ;
#4649 = CARTESIAN_POINT ( 'NONE',  ( 70.00000000000000000, 4.301999999999993385, 1.800000000000000044 ) ) ;
#4650 = FACE_OUTER_BOUND ( 'NONE', #66, .T. ) ;
#4651 = EDGE_CURVE ( 'NONE', #1480, #3474, #4673, .T. ) ;
#4652 = AXIS2_PLACEMENT_3D ( 'NONE', #4756, #2916, #2516 ) ;
#4653 = LINE ( 'NONE', #3507, #4842 ) ;
#4654 = CARTESIAN_POINT ( 'NONE',  ( 15.00000000000000711, 2.700000000000001066, 1.800000000000006706 ) ) ;
#4655 = DIRECTION ( 'NONE',  ( 0.000000000000000000, 0.000000000000000000, 1.000000000000000000 ) ) ;
#4656 = LINE ( 'NONE', #2862, #1904 ) ;
#4657 = ADVANCED_FACE ( 'NONE', ( #2683 ), #226, .F. ) ;
#4658 = VECTOR ( 'NONE', #1491, 1000.000000000000000 ) ;
#4659 = AXIS2_PLACEMENT_3D ( 'NONE', #2769, #486, #1555 ) ;
#4660 = DIRECTION ( 'NONE',  ( 1.000000000000000000, 0.000000000000000000, 0.000000000000000000 ) ) ;
#4661 = DIRECTION ( 'NONE',  ( 0.000000000000000000, 0.000000000000000000, -1.000000000000000000 ) ) ;
#4662 = CARTESIAN_POINT ( 'NONE',  ( 86.79999999999999716, 4.301999999999993385, 8.000000000000000000 ) ) ;
#4663 = DIRECTION ( 'NONE',  ( 0.000000000000000000, -0.000000000000000000, 1.000000000000000000 ) ) ;
#4664 = VECTOR ( 'NONE', #2911, 1000.000000000000000 ) ;
#4665 = ADVANCED_FACE ( 'NONE', ( #1559 ), #4393, .F. ) ;
#4666 = ORIENTED_EDGE ( 'NONE', *, *, #4693, .T. ) ;
#4667 = DIRECTION ( 'NONE',  ( -1.000000000000000000, -1.240954293808709686E-16, 0.000000000000000000 ) ) ;
#4668 = AXIS2_PLACEMENT_3D ( 'NONE', #1206, #1973, #2731 ) ;
#4669 = LINE ( 'NONE', #136, #4541 ) ;
#4670 = ORIENTED_EDGE ( 'NONE', *, *, #3676, .T. ) ;
#4671 = DIRECTION ( 'NONE',  ( -0.000000000000000000, 1.000000000000000000, 1.157511216176695077E-16 ) ) ;
#4672 = VERTEX_POINT ( 'NONE', #4410 ) ;
#4674 = VECTOR ( 'NONE', #1921, 1000.000000000000000 ) ;
#4673 = LINE ( 'NONE', #4760, #3651 ) ;
#4675 = EDGE_CURVE ( 'NONE', #2193, #1879, #726, .T. ) ;
#4676 = PLANE ( 'NONE',  #2886 ) ;
#4677 = VECTOR ( 'NONE', #376, 1000.000000000000000 ) ;
#4678 = ORIENTED_EDGE ( 'NONE', *, *, #4403, .T. ) ;
#4679 = DIRECTION ( 'NONE',  ( 1.399999999999987250E-14, 1.737336011332177706E-30, 1.000000000000000000 ) ) ;
#4680 = ORIENTED_EDGE ( 'NONE', *, *, #4856, .T. ) ;
#4681 = ADVANCED_FACE ( 'NONE', ( #1403 ), #3966, .F. ) ;
#4682 = EDGE_CURVE ( 'NONE', #50, #3207, #29, .T. ) ;
#4683 = AXIS2_PLACEMENT_3D ( 'NONE', #4065, #1829, #2687 ) ;
#4684 = DIRECTION ( 'NONE',  ( 0.000000000000000000, 0.4383711467890813451, 0.8987940462991650392 ) ) ;
#4685 = DIRECTION ( 'NONE',  ( 1.240954293808709686E-16, -1.000000000000000000, 0.000000000000000000 ) ) ;
#4686 = CARTESIAN_POINT ( 'NONE',  ( 70.60000000000000853, -10.10000000000001918, 57.39999999999999858 ) ) ;
#4687 = DIRECTION ( 'NONE',  ( 0.000000000000000000, 0.000000000000000000, 1.000000000000000000 ) ) ;
#4688 = LINE ( 'NONE', #4780, #1765 ) ;
#4689 = ORIENTED_EDGE ( 'NONE', *, *, #284, .T. ) ;
#4690 = AXIS2_PLACEMENT_3D ( 'NONE', #4641, #1303, #2376 ) ;
#4691 = ORIENTED_EDGE ( 'NONE', *, *, #1842, .T. ) ;
#4692 = ADVANCED_FACE ( 'NONE', ( #1923 ), #1449, .T. ) ;
#4693 = EDGE_CURVE ( 'NONE', #1055, #4153, #3475, .T. ) ;
#4694 = FACE_OUTER_BOUND ( 'NONE', #3049, .T. ) ;
#4695 = CARTESIAN_POINT ( 'NONE',  ( 23.64448777176148297, -1.249999999999682032, -0.9999999999996955768 ) ) ;
#4696 = VECTOR ( 'NONE', #4512, 1000.000000000000000 ) ;
#4698 = EDGE_LOOP ( 'NONE', ( #4813, #3374, #4330, #3230, #4474 ) ) ;
#4697 = ORIENTED_EDGE ( 'NONE', *, *, #403, .F. ) ;
#4699 = CARTESIAN_POINT ( 'NONE',  ( -1.426905528790398715E-14, -1.049999999999706723, -1.800000000000000044 ) ) ;
#4700 = ORIENTED_EDGE ( 'NONE', *, *, #2914, .F. ) ;
#4701 = AXIS2_PLACEMENT_3D ( 'NONE', #796, #3457, #3404 ) ;
#4703 = ORIENTED_EDGE ( 'NONE', *, *, #1709, .T. ) ;
#4702 = EDGE_LOOP ( 'NONE', ( #954, #1280, #519, #328, #2172 ) ) ;
#4704 = PLANE ( 'NONE',  #3728 ) ;
#4705 = ORIENTED_EDGE ( 'NONE', *, *, #457, .T. ) ;
#4706 = VECTOR ( 'NONE', #4261, 1000.000000000000000 ) ;
#4707 = ORIENTED_EDGE ( 'NONE', *, *, #52, .T. ) ;
#4708 = CARTESIAN_POINT ( 'NONE',  ( 151.0230788128466202, 2.699999999999994404, 56.20000000000000284 ) ) ;
#4709 = CARTESIAN_POINT ( 'NONE',  ( 21.30284449543759706, 20.19620322289663861, -1.800000000000000044 ) ) ;
#4710 = EDGE_CURVE ( 'NONE', #1305, #2106, #3533, .T. ) ;
#4711 = ADVANCED_FACE ( 'NONE', ( #2751 ), #3660, .F. ) ;
#4712 = ORIENTED_EDGE ( 'NONE', *, *, #4044, .T. ) ;
#4713 = ORIENTED_EDGE ( 'NONE', *, *, #2354, .F. ) ;
#4714 = PLANE ( 'NONE',  #1580 ) ;
#4715 = CARTESIAN_POINT ( 'NONE',  ( 86.79999999999999716, 0.1000000000000000056, 0.000000000000000000 ) ) ;
#4716 = EDGE_CURVE ( 'NONE', #47, #170, #4088, .T. ) ;
#4717 = LINE ( 'NONE', #3247, #2617 ) ;
#4718 = CARTESIAN_POINT ( 'NONE',  ( -0.2000000000000000111, 0.1000000000000000056, 0.000000000000000000 ) ) ;
#4720 = VECTOR ( 'NONE', #1835, 1000.000000000000000 ) ;
#4719 = VECTOR ( 'NONE', #4430, 1000.000000000000000 ) ;
#4721 = DIRECTION ( 'NONE',  ( 0.000000000000000000, -1.382249781654825882E-16, 1.000000000000000000 ) ) ;
#4722 = DIRECTION ( 'NONE',  ( 0.000000000000000000, 1.000000000000000000, -0.000000000000000000 ) ) ;
#4723 = DIRECTION ( 'NONE',  ( -0.7071067811865536790, 8.184840302580216393E-17, -0.7071067811865414665 ) ) ;
#4724 = ORIENTED_EDGE ( 'NONE', *, *, #1563, .F. ) ;
#4725 = EDGE_CURVE ( 'NONE', #4153, #934, #2229, .T. ) ;
#4726 = AXIS2_PLACEMENT_3D ( 'NONE', #2403, #1628, #883 ) ;
#4727 = DIRECTION ( 'NONE',  ( 0.000000000000000000, 0.000000000000000000, 1.000000000000000000 ) ) ;
#4728 = DIRECTION ( 'NONE',  ( 0.000000000000000000, -0.000000000000000000, 1.000000000000000000 ) ) ;
#4729 = VECTOR ( 'NONE', #2714, 1000.000000000000000 ) ;
#4730 = ORIENTED_EDGE ( 'NONE', *, *, #4372, .F. ) ;
#4731 = VECTOR ( 'NONE', #632, 1000.000000000000000 ) ;
#4732 = DIRECTION ( 'NONE',  ( 9.505334114941404819E-16, -1.000000000000000000, 0.000000000000000000 ) ) ;
#4733 = ORIENTED_EDGE ( 'NONE', *, *, #1248, .T. ) ;
#4734 = CARTESIAN_POINT ( 'NONE',  ( 70.60000000000000853, 0.1000000000000000056, 0.000000000000000000 ) ) ;
#4735 = ORIENTED_EDGE ( 'NONE', *, *, #277, .F. ) ;
#4736 = ORIENTED_EDGE ( 'NONE', *, *, #317, .F. ) ;
#4737 = FACE_OUTER_BOUND ( 'NONE', #4080, .T. ) ;
#4738 = ADVANCED_FACE ( 'NONE', ( #2873 ), #2435, .T. ) ;
#4739 = PLANE ( 'NONE',  #3233 ) ;
#4740 = CARTESIAN_POINT ( 'NONE',  ( 85.22832185963281404, 3.765479228539429624, 54.46547922853942225 ) ) ;
#4741 = ORIENTED_EDGE ( 'NONE', *, *, #1171, .T. ) ;
#4742 = CONICAL_SURFACE ( 'NONE', #989, 6.000000000000012434, 0.7853981633974504994 ) ;
#4743 = ORIENTED_EDGE ( 'NONE', *, *, #3626, .F. ) ;
#4744 = VECTOR ( 'NONE', #1205, 1000.000000000000000 ) ;
#4745 = EDGE_CURVE ( 'NONE', #2053, #1789, #4029, .T. ) ;
#4746 = VECTOR ( 'NONE', #243, 1000.000000000000000 ) ;
#4747 = ORIENTED_EDGE ( 'NONE', *, *, #1498, .F. ) ;
#4748 = DIRECTION ( 'NONE',  ( 0.000000000000000000, 0.000000000000000000, -1.000000000000000000 ) ) ;
#4749 = DIRECTION ( 'NONE',  ( -0.000000000000000000, -1.000000000000000000, -0.000000000000000000 ) ) ;
#4750 = DIRECTION ( 'NONE',  ( 1.000000000000000000, 0.000000000000000000, 0.000000000000000000 ) ) ;
#4751 = DIRECTION ( 'NONE',  ( -0.000000000000000000, 1.000000000000000000, 1.382249781654825882E-16 ) ) ;
#4752 = EDGE_CURVE ( 'NONE', #2660, #2693, #2633, .T. ) ;
#4753 = EDGE_LOOP ( 'NONE', ( #2419, #882, #2702, #450, #276, #4378, #1557, #4638, #3035, #1301, #1007, #4276 ) ) ;
#4754 = AXIS2_PLACEMENT_3D ( 'NONE', #3525, #3962, #1289 ) ;
#4755 = DIRECTION ( 'NONE',  ( 1.000000000000000000, 0.000000000000000000, 0.000000000000000000 ) ) ;
#4756 = CARTESIAN_POINT ( 'NONE',  ( -1.800000000000000266, 0.000000000000000000, 0.000000000000000000 ) ) ;
#4757 = VECTOR ( 'NONE', #854, 1000.000000000000000 ) ;
#4759 = ORIENTED_EDGE ( 'NONE', *, *, #615, .T. ) ;
#4758 = EDGE_LOOP ( 'NONE', ( #1505, #2228, #1865, #3669 ) ) ;
#4760 = CARTESIAN_POINT ( 'NONE',  ( 1.799999999999996048, 2.700000000000001066, -2.168404344971008868E-16 ) ) ;
#4761 = DIRECTION ( 'NONE',  ( 1.000000000000000000, 0.000000000000000000, 0.000000000000000000 ) ) ;
#4762 = AXIS2_PLACEMENT_3D ( 'NONE', #1496, #736, #4132 ) ;
#4763 = ADVANCED_FACE ( 'NONE', ( #483 ), #4704, .F. ) ;
#4764 = EDGE_CURVE ( 'NONE', #4867, #2607, #2277, .T. ) ;
#4765 = VECTOR ( 'NONE', #3546, 1000.000000000000000 ) ;
#4766 = CARTESIAN_POINT ( 'NONE',  ( 29.24999999996620303, -4.094999999995309970E-13, -1.800000000000000044 ) ) ;
#4767 = VERTEX_POINT ( 'NONE', #2485 ) ;
#4768 = LINE ( 'NONE', #1037, #2362 ) ;
#4769 = DIRECTION ( 'NONE',  ( 0.000000000000000000, 1.000000000000000000, 0.000000000000000000 ) ) ;
#4770 = ORIENTED_EDGE ( 'NONE', *, *, #41, .T. ) ;
#4771 = DIRECTION ( 'NONE',  ( 0.000000000000000000, 0.000000000000000000, -1.000000000000000000 ) ) ;
#4772 = AXIS2_PLACEMENT_3D ( 'NONE', #2574, #1376, #1085 ) ;
#4773 = LINE ( 'NONE', #2770, #3624 ) ;
#4774 = ADVANCED_FACE ( 'NONE', ( #1503 ), #2077, .F. ) ;
#4775 = CARTESIAN_POINT ( 'NONE',  ( -0.7187242789303645019, 2.298585032251857285, 21.69999999999940599 ) ) ;
#4776 = CARTESIAN_POINT ( 'NONE',  ( -1.400000000000012346, 4.299999999999992717, 57.79999999999999716 ) ) ;
#4777 = ORIENTED_EDGE ( 'NONE', *, *, #2872, .F. ) ;
#4778 = CIRCLE ( 'NONE', #3017, 1.700000000000000178 ) ;
#4779 = CARTESIAN_POINT ( 'NONE',  ( 88.40000000000000568, 0.1000000000000003664, 57.40000000000001279 ) ) ;
#4780 = CARTESIAN_POINT ( 'NONE',  ( 66.59999999999999432, -3.000000000000000444, -1.800000000000000044 ) ) ;
#4781 = LINE ( 'NONE', #4558, #3814 ) ;
#4782 = EDGE_CURVE ( 'NONE', #2655, #871, #2173, .T. ) ;
#4783 = LINE ( 'NONE', #1185, #604 ) ;
#4784 = VECTOR ( 'NONE', #929, 1000.000000000000114 ) ;
#4785 = ORIENTED_EDGE ( 'NONE', *, *, #20, .F. ) ;
#4786 = DIRECTION ( 'NONE',  ( 0.000000000000000000, -1.000000000000000000, 0.000000000000000000 ) ) ;
#4787 = PLANE ( 'NONE',  #2199 ) ;
#4788 = EDGE_CURVE ( 'NONE', #3271, #170, #3709, .T. ) ;
#4789 = LINE ( 'NONE', #319, #263 ) ;
#4790 = ORIENTED_EDGE ( 'NONE', *, *, #2297, .F. ) ;
#4791 = ADVANCED_FACE ( 'NONE', ( #3022 ), #1368, .F. ) ;
#4792 = ORIENTED_EDGE ( 'NONE', *, *, #1764, .F. ) ;
#4793 = AXIS2_PLACEMENT_3D ( 'NONE', #400, #2336, #74 ) ;
#4794 = DIRECTION ( 'NONE',  ( 0.000000000000000000, 0.000000000000000000, -1.000000000000000000 ) ) ;
#4795 = EDGE_LOOP ( 'NONE', ( #1295, #2888, #3340, #2550 ) ) ;
#4796 = DIRECTION ( 'NONE',  ( 1.000000000000000000, 0.000000000000000000, 0.000000000000000000 ) ) ;
#4797 = EDGE_LOOP ( 'NONE', ( #4526, #422, #364, #731 ) ) ;
#4798 = ORIENTED_EDGE ( 'NONE', *, *, #794, .T. ) ;
#4799 = DIRECTION ( 'NONE',  ( -0.6880060194648467409, -0.7257049794373309215, 0.000000000000000000 ) ) ;
#4800 = CARTESIAN_POINT ( 'NONE',  ( 66.59999999999999432, -3.000000000000000888, -1.000000000000000000 ) ) ;
#4801 = DIRECTION ( 'NONE',  ( -1.000000000000000000, 0.000000000000000000, 0.000000000000000000 ) ) ;
#4802 = VECTOR ( 'NONE', #2663, 1000.000000000000000 ) ;
#4803 = CARTESIAN_POINT ( 'NONE',  ( -1.800000000000000266, 1.579999999999735172, 21.69999999999940599 ) ) ;
#4804 = VERTEX_POINT ( 'NONE', #2447 ) ;
#4806 = LINE ( 'NONE', #3748, #787 ) ;
#4805 = CIRCLE ( 'NONE', #2600, 5.200000000000000178 ) ;
#4807 =( NAMED_UNIT ( * ) SI_UNIT ( $, .STERADIAN. ) SOLID_ANGLE_UNIT ( ) );
#4808 = CARTESIAN_POINT ( 'NONE',  ( 14.00000000000000000, 2.700000000000000178, 3.500000000000000000 ) ) ;
#4809 = EDGE_CURVE ( 'NONE', #1267, #225, #1395, .T. ) ;
#4810 = ORIENTED_EDGE ( 'NONE', *, *, #4513, .F. ) ;
#4811 = FACE_OUTER_BOUND ( 'NONE', #713, .T. ) ;
#4812 = CARTESIAN_POINT ( 'NONE',  ( 27.95551222820428805, -1.249999999999742206, -0.9999999999997563060 ) ) ;
#4813 = ORIENTED_EDGE ( 'NONE', *, *, #3958, .T. ) ;
#4814 = ADVANCED_FACE ( 'NONE', ( #2745 ), #1025, .F. ) ;
#4815 = DIRECTION ( 'NONE',  ( -1.000000000000000000, -0.000000000000000000, -0.000000000000000000 ) ) ;
#4816 = EDGE_CURVE ( 'NONE', #3336, #4375, #1137, .T. ) ;
#4817 = LINE ( 'NONE', #706, #2537 ) ;
#4818 = CARTESIAN_POINT ( 'NONE',  ( 7.000000000000006217, 2.400000000000000355, 7.000000237999992159 ) ) ;
#4819 = CARTESIAN_POINT ( 'NONE',  ( 151.0230788128466202, 3.499999999999985789, 56.20000000000000284 ) ) ;
#4820 = ORIENTED_EDGE ( 'NONE', *, *, #211, .T. ) ;
#4821 = VECTOR ( 'NONE', #3376, 1000.000000000000000 ) ;
#4822 = EDGE_CURVE ( 'NONE', #3744, #1997, #1809, .T. ) ;
#4823 = ORIENTED_EDGE ( 'NONE', *, *, #237, .F. ) ;
#4824 = AXIS2_PLACEMENT_3D ( 'NONE', #1595, #2728, #1509 ) ;
#4825 = CARTESIAN_POINT ( 'NONE',  ( 2.399999999999999467, -10.10000000000001918, 57.39999999999999858 ) ) ;
#4826 = LINE ( 'NONE', #712, #178 ) ;
#4827 = EDGE_LOOP ( 'NONE', ( #3048, #3379, #2997, #4534, #1704, #1021 ) ) ;
#4828 = DIRECTION ( 'NONE',  ( -1.399999999999999714E-14, -9.999999999999999988E-15, -1.000000000000000000 ) ) ;
#4829 = ORIENTED_EDGE ( 'NONE', *, *, #4841, .T. ) ;
#4830 = MANIFOLD_SOLID_BREP ( 'Fase4', #4489 ) ;
#4831 = VECTOR ( 'NONE', #1257, 1000.000000000000000 ) ;
#4832 = PRESENTATION_LAYER_ASSIGNMENT (  '', '', ( #3213 ) ) ;
#4833 = ORIENTED_EDGE ( 'NONE', *, *, #3103, .T. ) ;
#4834 = ORIENTED_EDGE ( 'NONE', *, *, #4307, .T. ) ;
#4835 = CARTESIAN_POINT ( 'NONE',  ( 88.40000000000000568, 4.299999999999999822, 36.69999999999971863 ) ) ;
#4836 = DIRECTION ( 'NONE',  ( 0.000000000000000000, 0.000000000000000000, -1.000000000000000000 ) ) ;
#4837 = VERTEX_POINT ( 'NONE', #3944 ) ;
#4838 = LINE ( 'NONE', #161, #193 ) ;
#4839 = CARTESIAN_POINT ( 'NONE',  ( 80.40000000000000568, 2.700000000000000178, 54.19999999999999574 ) ) ;
#4840 = VECTOR ( 'NONE', #2029, 1000.000000000000000 ) ;
#4841 = EDGE_CURVE ( 'NONE', #2022, #1055, #3836, .T. ) ;
#4842 = VECTOR ( 'NONE', #1672, 1000.000000000000000 ) ;
#4843 = ORIENTED_EDGE ( 'NONE', *, *, #379, .F. ) ;
#4844 = CARTESIAN_POINT ( 'NONE',  ( 36.39999999999957225, -2.579802170216106028, -0.1999999999999999833 ) ) ;
#4845 = ORIENTED_EDGE ( 'NONE', *, *, #2105, .T. ) ;
#4846 = DIRECTION ( 'NONE',  ( -1.400000000000014387E-14, -1.000000000000000000, 0.000000000000000000 ) ) ;
#4847 = DIRECTION ( 'NONE',  ( -1.245113975359213795E-14, -1.000000000000000000, 9.999999999999977900E-15 ) ) ;
#4848 = EDGE_CURVE ( 'NONE', #3456, #3692, #4435, .T. ) ;
#4849 = AXIS2_PLACEMENT_3D ( 'NONE', #1686, #1676, #893 ) ;
#4850 = VECTOR ( 'NONE', #3640, 1000.000000000000000 ) ;
#4851 = PLANE ( 'NONE',  #1125 ) ;
#4852 = ORIENTED_EDGE ( 'NONE', *, *, #2530, .F. ) ;
#4853 = LINE ( 'NONE', #1840, #4664 ) ;
#4854 = EDGE_LOOP ( 'NONE', ( #2781, #1771, #4107, #1599, #4834 ) ) ;
#4855 = DIRECTION ( 'NONE',  ( 0.000000000000000000, 0.000000000000000000, -1.000000000000000000 ) ) ;
#4856 = EDGE_CURVE ( 'NONE', #1089, #2193, #718, .T. ) ;
#4857 = ORIENTED_EDGE ( 'NONE', *, *, #798, .F. ) ;
#4858 = ORIENTED_EDGE ( 'NONE', *, *, #4644, .F. ) ;
#4860 = FACE_OUTER_BOUND ( 'NONE', #4797, .T. ) ;
#4859 = VECTOR ( 'NONE', #3894, 1000.000000000000000 ) ;
#4861 = ORIENTED_EDGE ( 'NONE', *, *, #1914, .T. ) ;
#4862 = ORIENTED_EDGE ( 'NONE', *, *, #1907, .F. ) ;
#4863 = DIRECTION ( 'NONE',  ( 0.000000000000000000, -0.000000000000000000, -1.000000000000000000 ) ) ;
#4864 = CARTESIAN_POINT ( 'NONE',  ( 151.0230788128466202, -18.20000000000000284, 56.20000000000000284 ) ) ;
#4865 = AXIS2_PLACEMENT_3D ( 'NONE', #3438, #3419, #1608 ) ;
#4866 = LINE ( 'NONE', #2350, #2638 ) ;
#4868 = ORIENTED_EDGE ( 'NONE', *, *, #4809, .F. ) ;
#4867 = VERTEX_POINT ( 'NONE', #4042 ) ;
#4869 = DIRECTION ( 'NONE',  ( 0.000000000000000000, 1.000000000000000000, 0.000000000000000000 ) ) ;
#4870 = VECTOR ( 'NONE', #1078, 1000.000000000000000 ) ;
#4871 = EDGE_CURVE ( 'NONE', #1997, #38, #2509, .T. ) ;
#4872 = VECTOR ( 'NONE', #1763, 1000.000000000000000 ) ;
#4873 = DIRECTION ( 'NONE',  ( 1.000000000000000000, 0.000000000000000000, 0.000000000000000000 ) ) ;
#4874 = ORIENTED_EDGE ( 'NONE', *, *, #1124, .F. ) ;
#4875 = DIRECTION ( 'NONE',  ( -1.000000000000000000, 0.000000000000000000, 0.000000000000000000 ) ) ;
#4876 = DIRECTION ( 'NONE',  ( 0.000000000000000000, -0.000000000000000000, 1.000000000000000000 ) ) ;
#4877 = EDGE_CURVE ( 'NONE', #4524, #3125, #2971, .T. ) ;
#4878 = LINE ( 'NONE', #3078, #3803 ) ;
#4879 = CARTESIAN_POINT ( 'NONE',  ( 86.79999999999999716, -1.399999999999999911, 36.69999999999971863 ) ) ;
#4880 = DIRECTION ( 'NONE',  ( 0.000000000000000000, 1.000000000000000000, 0.000000000000000000 ) ) ;
#4881 = CARTESIAN_POINT ( 'NONE',  ( 28.42722046483865483, -1.452796087347638654, -0.9999999999997606359 ) ) ;
#4882 = VERTEX_POINT ( 'NONE', #3306 ) ;
#4883 = CARTESIAN_POINT ( 'NONE',  ( 6.329999999999557758, -3.309999999999786446, -0.2000000000000000944 ) ) ;
#4884 = CYLINDRICAL_SURFACE ( 'NONE', #1616, 0.6500000000001573408 ) ;
ENDSEC;
END-ISO-10303-21;
