ISO-10303-21;
HEADER;
FILE_DESCRIPTION (( 'STEP AP214' ),
    '1' );
FILE_NAME ('spring.STEP',
    '2026-09-20T10:34:21',
    ( '' ),
    ( '' ),
    'SwSTEP 2.0',
    'SolidWorks 2018',
    '' );
FILE_SCHEMA (( 'AUTOMOTIVE_DESIGN' ));
ENDSEC;

DATA;
#1 = ORIENTED_EDGE ( 'NONE', *, *, #361, .T. ) ;
#2 = CYLINDRICAL_SURFACE ( 'NONE', #2067, 0.3999999999999993006 ) ;
#3 = VECTOR ( 'NONE', #620, 1000.000000000000000 ) ;
#4 = PLANE ( 'NONE',  #2192 ) ;
#5 = LINE ( 'NONE', #957, #271 ) ;
#6 = EDGE_LOOP ( 'NONE', ( #1374, #2082, #1343, #726 ) ) ;
#7 = DIRECTION ( 'NONE',  ( 1.000000000000000000, -0.000000000000000000, -0.000000000000000000 ) ) ;
#8 = ORIENTED_EDGE ( 'NONE', *, *, #982, .F. ) ;
#9 = ADVANCED_FACE ( 'NONE', ( #888 ), #1530, .T. ) ;
#10 = CIRCLE ( 'NONE', #1166, 1.199999999999999734 ) ;
#11 = DIRECTION ( 'NONE',  ( -0.000000000000000000, -0.000000000000000000, 1.000000000000000000 ) ) ;
#12 = ORIENTED_EDGE ( 'NONE', *, *, #767, .F. ) ;
#13 = EDGE_CURVE ( 'NONE', #1807, #1686, #1321, .T. ) ;
#14 = ORIENTED_EDGE ( 'NONE', *, *, #797, .T. ) ;
#15 = DIRECTION ( 'NONE',  ( 1.000000000000000000, -0.000000000000000000, -0.000000000000000000 ) ) ;
#16 = EDGE_CURVE ( 'NONE', #566, #1911, #665, .T. ) ;
#17 = EDGE_CURVE ( 'NONE', #528, #2055, #1979, .T. ) ;
#18 = CARTESIAN_POINT ( 'NONE',  ( 87.09999999999999432, -11.70000000000000107, -10.69999999999999929 ) ) ;
#19 = VERTEX_POINT ( 'NONE', #812 ) ;
#20 = ADVANCED_FACE ( 'NONE', ( #2245 ), #1088, .T. ) ;
#21 = CARTESIAN_POINT ( 'NONE',  ( 87.09999999999999432, 0.6999999999999998446, -12.29999999999999893 ) ) ;
#22 = DIRECTION ( 'NONE',  ( -0.000000000000000000, -0.000000000000000000, 1.000000000000000000 ) ) ;
#23 = VERTEX_POINT ( 'NONE', #95 ) ;
#24 = AXIS2_PLACEMENT_3D ( 'NONE', #1759, #1376, #1207 ) ;
#25 = DIRECTION ( 'NONE',  ( -1.000000000000000000, 0.000000000000000000, 0.000000000000000000 ) ) ;
#26 = COLOUR_RGB ( '',0.7921568627450980005, 0.8196078431372548767, 0.9333333333333333481 ) ;
#27 = VERTEX_POINT ( 'NONE', #1938 ) ;
#28 = ORIENTED_EDGE ( 'NONE', *, *, #1502, .T. ) ;
#29 = ORIENTED_EDGE ( 'NONE', *, *, #1180, .F. ) ;
#30 = ORIENTED_EDGE ( 'NONE', *, *, #16, .T. ) ;
#31 = VECTOR ( 'NONE', #614, 1000.000000000000000 ) ;
#32 = CARTESIAN_POINT ( 'NONE',  ( 87.09999999999999432, 4.699999999999998401, -9.900000000000000355 ) ) ;
#33 = FACE_OUTER_BOUND ( 'NONE', #1601, .T. ) ;
#34 = ADVANCED_FACE ( 'NONE', ( #1891 ), #842, .F. ) ;
#35 = DIRECTION ( 'NONE',  ( 0.000000000000000000, -1.951563910473911452E-14, 1.000000000000000000 ) ) ;
#36 = CARTESIAN_POINT ( 'NONE',  ( 87.09999999999999432, 0.7000000000000000666, -12.29999999999999893 ) ) ;
#37 = DIRECTION ( 'NONE',  ( 1.000000000000000000, -0.000000000000000000, 0.000000000000000000 ) ) ;
#38 = DIRECTION ( 'NONE',  ( 0.000000000000000000, -0.000000000000000000, 1.000000000000000000 ) ) ;
#39 = ORIENTED_EDGE ( 'NONE', *, *, #479, .F. ) ;
#40 = ORIENTED_EDGE ( 'NONE', *, *, #2017, .T. ) ;
#41 = LINE ( 'NONE', #723, #1024 ) ;
#42 = CIRCLE ( 'NONE', #2037, 0.3999999999999993006 ) ;
#43 = VERTEX_POINT ( 'NONE', #1172 ) ;
#44 = EDGE_LOOP ( 'NONE', ( #1155, #596, #472, #1616 ) ) ;
#45 = DIRECTION ( 'NONE',  ( -1.000000000000000000, 0.000000000000000000, 0.000000000000000000 ) ) ;
#46 = VECTOR ( 'NONE', #771, 1000.000000000000000 ) ;
#47 = CARTESIAN_POINT ( 'NONE',  ( 84.29999999999999716, 5.099999999999998757, -10.70000000000000462 ) ) ;
#48 = CARTESIAN_POINT ( 'NONE',  ( 87.09999999999999432, -10.90000000000000036, -13.50000000000000000 ) ) ;
#49 = AXIS2_PLACEMENT_3D ( 'NONE', #1481, #752, #1672 ) ;
#50 = EDGE_CURVE ( 'NONE', #1911, #170, #1588, .T. ) ;
#51 = ADVANCED_FACE ( 'NONE', ( #579 ), #408, .T. ) ;
#52 = CARTESIAN_POINT ( 'NONE',  ( 84.29999999999999716, -6.900000000000003020, -10.30000000000000071 ) ) ;
#53 = EDGE_LOOP ( 'NONE', ( #1325, #538, #154, #558, #1356, #2081, #1399, #1442, #464, #994, #1937, #657, #1778, #337, #1939, #1648, #1453, #247, #428, #550, #1489, #1232, #2322, #115, #839, #1401, #1417, #1958, #710, #1842, #2303, #1998, #1728, #2000, #2273, #2362, #1630, #469, #1137, #548, #1101, #2307, #624, #1751, #2045, #1581, #1067, #1, #1158, #2301, #1671, #2387, #1394, #1908, #729, #74, #290, #1310, #202, #1334, #1607, #1365, #1876, #1642, #1882, #331, #2102, #1985 ) ) ;
#54 = CARTESIAN_POINT ( 'NONE',  ( 87.09999999999999432, -5.700000000000003730, -12.29999999999999893 ) ) ;
#55 = ORIENTED_EDGE ( 'NONE', *, *, #865, .F. ) ;
#56 = CARTESIAN_POINT ( 'NONE',  ( 87.09999999999999432, 5.099999999999998757, -9.500000000000001776 ) ) ;
#57 = EDGE_CURVE ( 'NONE', #292, #1579, #348, .T. ) ;
#58 = FACE_OUTER_BOUND ( 'NONE', #1095, .T. ) ;
#59 = AXIS2_PLACEMENT_3D ( 'NONE', #1473, #1458, #932 ) ;
#60 = VERTEX_POINT ( 'NONE', #1184 ) ;
#61 = VECTOR ( 'NONE', #1204, 1000.000000000000000 ) ;
#62 = ORIENTED_EDGE ( 'NONE', *, *, #168, .T. ) ;
#63 = VECTOR ( 'NONE', #380, 1000.000000000000000 ) ;
#64 = EDGE_CURVE ( 'NONE', #1104, #1825, #1440, .T. ) ;
#65 = DIRECTION ( 'NONE',  ( 0.000000000000000000, 0.000000000000000000, 1.000000000000000000 ) ) ;
#66 = ORIENTED_EDGE ( 'NONE', *, *, #183, .F. ) ;
#67 = VECTOR ( 'NONE', #2215, 1000.000000000000000 ) ;
#68 = DIRECTION ( 'NONE',  ( -1.000000000000000000, -0.000000000000000000, -0.000000000000000000 ) ) ;
#69 = ORIENTED_EDGE ( 'NONE', *, *, #2334, .T. ) ;
#70 = AXIS2_PLACEMENT_3D ( 'NONE', #955, #1716, #1698 ) ;
#71 = FACE_OUTER_BOUND ( 'NONE', #44, .T. ) ;
#72 = CARTESIAN_POINT ( 'NONE',  ( 0.000000000000000000, 0.2999999999999999334, 0.000000000000000000 ) ) ;
#73 = CARTESIAN_POINT ( 'NONE',  ( 87.09999999999999432, 5.099999999999998757, -9.500000000000001776 ) ) ;
#74 = ORIENTED_EDGE ( 'NONE', *, *, #2078, .T. ) ;
#75 = CARTESIAN_POINT ( 'NONE',  ( 87.09999999999999432, -4.100000000000003197, -10.30000000000000071 ) ) ;
#76 = LINE ( 'NONE', #533, #1975 ) ;
#77 = DIRECTION ( 'NONE',  ( 1.000000000000000000, -0.000000000000000000, -0.000000000000000000 ) ) ;
#78 = CARTESIAN_POINT ( 'NONE',  ( 87.09999999999999432, -2.499999999999999556, -12.29999999999999893 ) ) ;
#79 = DIRECTION ( 'NONE',  ( -0.000000000000000000, -0.000000000000000000, 1.000000000000000000 ) ) ;
#80 = DIRECTION ( 'NONE',  ( 0.000000000000000000, 0.000000000000000000, 1.000000000000000000 ) ) ;
#81 = DIRECTION ( 'NONE',  ( 0.000000000000000000, 0.000000000000000000, -1.000000000000000000 ) ) ;
#82 = EDGE_CURVE ( 'NONE', #1668, #707, #345, .T. ) ;
#83 = ORIENTED_EDGE ( 'NONE', *, *, #2188, .T. ) ;
#84 = ORIENTED_EDGE ( 'NONE', *, *, #1948, .F. ) ;
#85 = VERTEX_POINT ( 'NONE', #1572 ) ;
#86 = CARTESIAN_POINT ( 'NONE',  ( 84.29999999999999716, -4.500000000000000888, -12.29999999999999893 ) ) ;
#87 = CARTESIAN_POINT ( 'NONE',  ( 84.29999999999999716, 5.099999999999998757, -12.30000000000000426 ) ) ;
#88 = EDGE_LOOP ( 'NONE', ( #398, #1406, #758, #748 ) ) ;
#89 = CYLINDRICAL_SURFACE ( 'NONE', #877, 0.3999999999999993006 ) ;
#90 = EDGE_CURVE ( 'NONE', #566, #1284, #1265, .T. ) ;
#91 = DIRECTION ( 'NONE',  ( 0.000000000000000000, 0.000000000000000000, 1.000000000000000000 ) ) ;
#92 = ORIENTED_EDGE ( 'NONE', *, *, #1066, .T. ) ;
#93 = FACE_OUTER_BOUND ( 'NONE', #1720, .T. ) ;
#94 = EDGE_CURVE ( 'NONE', #1032, #2234, #132, .T. ) ;
#95 = CARTESIAN_POINT ( 'NONE',  ( 84.29999999999999716, -2.100000000000000089, -10.69999999999999929 ) ) ;
#96 = EDGE_CURVE ( 'NONE', #1982, #101, #1318, .T. ) ;
#97 = ORIENTED_EDGE ( 'NONE', *, *, #275, .T. ) ;
#98 = CARTESIAN_POINT ( 'NONE',  ( 87.09999999999999432, -8.900000000000002132, -12.69999999999999751 ) ) ;
#99 = AXIS2_PLACEMENT_3D ( 'NONE', #2241, #1704, #1210 ) ;
#100 = CARTESIAN_POINT ( 'NONE',  ( 87.09999999999999432, 5.499999999999999112, -12.30000000000000426 ) ) ;
#101 = VERTEX_POINT ( 'NONE', #258 ) ;
#102 = CARTESIAN_POINT ( 'NONE',  ( 84.29999999999999716, -7.300000000000000711, -10.69999999999999929 ) ) ;
#103 = CARTESIAN_POINT ( 'NONE',  ( 84.29999999999999716, -5.299999999999999822, -12.29999999999999893 ) ) ;
#104 = LINE ( 'NONE', #743, #1409 ) ;
#105 = AXIS2_PLACEMENT_3D ( 'NONE', #32, #15, #1102 ) ;
#106 = DIRECTION ( 'NONE',  ( -1.000000000000000000, 0.000000000000000000, 0.000000000000000000 ) ) ;
#107 = EDGE_CURVE ( 'NONE', #1198, #1668, #859, .T. ) ;
#108 = APPLICATION_CONTEXT ( 'automotive_design' ) ;
#109 = CARTESIAN_POINT ( 'NONE',  ( 87.09999999999999432, -5.700000000000001066, -12.29999999999999893 ) ) ;
#110 = VERTEX_POINT ( 'NONE', #467 ) ;
#111 = CARTESIAN_POINT ( 'NONE',  ( 84.29999999999999716, -16.89999999999999858, -9.499999999999996447 ) ) ;
#112 = AXIS2_PLACEMENT_3D ( 'NONE', #1761, #1369, #1384 ) ;
#113 = ORIENTED_EDGE ( 'NONE', *, *, #587, .F. ) ;
#114 = APPLICATION_PROTOCOL_DEFINITION ( 'draft international standard', 'automotive_design', 1998, #1216 ) ;
#115 = ORIENTED_EDGE ( 'NONE', *, *, #137, .T. ) ;
#116 = CARTESIAN_POINT ( 'NONE',  ( 84.29999999999999716, -2.500000000000001332, -12.69999999999999751 ) ) ;
#117 = LINE ( 'NONE', #1865, #927 ) ;
#118 = ADVANCED_FACE ( 'NONE', ( #228 ), #2097, .F. ) ;
#119 = ORIENTED_EDGE ( 'NONE', *, *, #1320, .T. ) ;
#120 = EDGE_LOOP ( 'NONE', ( #2313, #1501, #997, #1765 ) ) ;
#121 = EDGE_CURVE ( 'NONE', #1165, #184, #197, .T. ) ;
#122 = CIRCLE ( 'NONE', #478, 0.3999999999999993006 ) ;
#123 = EDGE_LOOP ( 'NONE', ( #1433, #779, #2235, #1033 ) ) ;
#124 = ORIENTED_EDGE ( 'NONE', *, *, #1880, .T. ) ;
#125 = AXIS2_PLACEMENT_3D ( 'NONE', #72, #2329, #1554 ) ;
#126 = DIRECTION ( 'NONE',  ( -1.000000000000000000, 0.000000000000000000, 0.000000000000000000 ) ) ;
#127 = VECTOR ( 'NONE', #1322, 1000.000000000000000 ) ;
#128 = ORIENTED_EDGE ( 'NONE', *, *, #2377, .F. ) ;
#129 = CARTESIAN_POINT ( 'NONE',  ( 84.29999999999999716, 5.099999999999998757, -13.09999999999999787 ) ) ;
#130 = CIRCLE ( 'NONE', #725, 1.199999999999999734 ) ;
#131 = CARTESIAN_POINT ( 'NONE',  ( 84.29999999999999716, -2.900000000000002576, -9.500000000000000000 ) ) ;
#132 = CIRCLE ( 'NONE', #1798, 0.3999999999999993006 ) ;
#133 = DIRECTION ( 'NONE',  ( -1.000000000000000000, 0.000000000000000000, 0.000000000000000000 ) ) ;
#134 = EDGE_CURVE ( 'NONE', #872, #1347, #1057, .T. ) ;
#135 = EDGE_LOOP ( 'NONE', ( #737, #382, #822, #741 ) ) ;
#136 = DIRECTION ( 'NONE',  ( 0.000000000000000000, -1.355252715606880789E-16, 1.000000000000000000 ) ) ;
#137 = EDGE_CURVE ( 'NONE', #2234, #1544, #1439, .T. ) ;
#138 = AXIS2_PLACEMENT_3D ( 'NONE', #518, #1029, #1423 ) ;
#139 = ADVANCED_FACE ( 'NONE', ( #1206 ), #684, .F. ) ;
#140 = PRODUCT ( 'spring', 'spring', '', ( #2135 ) ) ;
#141 = AXIS2_PLACEMENT_3D ( 'NONE', #2265, #2080, #1873 ) ;
#142 = DIRECTION ( 'NONE',  ( -1.000000000000000000, 0.000000000000000000, 0.000000000000000000 ) ) ;
#143 = ORIENTED_EDGE ( 'NONE', *, *, #2164, .F. ) ;
#144 = LINE ( 'NONE', #153, #1570 ) ;
#145 = EDGE_LOOP ( 'NONE', ( #2221, #802, #1734, #1411 ) ) ;
#146 = CARTESIAN_POINT ( 'NONE',  ( 87.09999999999999432, -8.900000000000005684, -13.49999999999999822 ) ) ;
#147 = DIRECTION ( 'NONE',  ( 1.000000000000000000, -0.000000000000000000, 0.000000000000000000 ) ) ;
#148 = CIRCLE ( 'NONE', #1082, 1.199999999999999734 ) ;
#149 = EDGE_LOOP ( 'NONE', ( #1654, #372, #2100, #1372 ) ) ;
#150 = DIRECTION ( 'NONE',  ( 0.000000000000000000, 0.000000000000000000, 1.000000000000000000 ) ) ;
#151 = LINE ( 'NONE', #1408, #2375 ) ;
#152 = DIRECTION ( 'NONE',  ( 0.000000000000000000, -1.000000000000000000, 2.891205793294684144E-15 ) ) ;
#153 = CARTESIAN_POINT ( 'NONE',  ( 84.29999999999999716, -9.300000000000002487, -9.500000000000000000 ) ) ;
#154 = ORIENTED_EDGE ( 'NONE', *, *, #1657, .T. ) ;
#155 = CARTESIAN_POINT ( 'NONE',  ( 87.09999999999999432, -2.100000000000000089, -10.69999999999999929 ) ) ;
#156 = FACE_OUTER_BOUND ( 'NONE', #854, .T. ) ;
#157 = ORIENTED_EDGE ( 'NONE', *, *, #1413, .F. ) ;
#158 = DIRECTION ( 'NONE',  ( 0.000000000000000000, 0.000000000000000000, -1.000000000000000000 ) ) ;
#159 = PLANE ( 'NONE',  #99 ) ;
#160 = CYLINDRICAL_SURFACE ( 'NONE', #668, 0.3999999999999993006 ) ;
#161 = CARTESIAN_POINT ( 'NONE',  ( 87.09999999999999432, -0.9000000000000002442, -10.69999999999999929 ) ) ;
#162 = CARTESIAN_POINT ( 'NONE',  ( 87.09999999999999432, -12.10000000000000142, -13.49999999999999822 ) ) ;
#163 = VECTOR ( 'NONE', #727, 1000.000000000000000 ) ;
#164 = DIRECTION ( 'NONE',  ( 0.000000000000000000, 0.000000000000000000, 1.000000000000000000 ) ) ;
#165 = VECTOR ( 'NONE', #1375, 1000.000000000000000 ) ;
#166 = VERTEX_POINT ( 'NONE', #1054 ) ;
#167 = CARTESIAN_POINT ( 'NONE',  ( 84.29999999999999716, -5.299999999999999822, -10.69999999999999929 ) ) ;
#168 = EDGE_CURVE ( 'NONE', #680, #294, #1862, .T. ) ;
#169 = CARTESIAN_POINT ( 'NONE',  ( 87.09999999999999432, 5.899999999999996803, -11.50000000000000533 ) ) ;
#170 = VERTEX_POINT ( 'NONE', #111 ) ;
#171 = ORIENTED_EDGE ( 'NONE', *, *, #1175, .F. ) ;
#172 = ORIENTED_EDGE ( 'NONE', *, *, #1793, .T. ) ;
#173 = LINE ( 'NONE', #1542, #2263 ) ;
#174 = DIRECTION ( 'NONE',  ( 0.000000000000000000, 0.000000000000000000, -1.000000000000000000 ) ) ;
#175 = AXIS2_PLACEMENT_3D ( 'NONE', #1074, #1646, #734 ) ;
#176 = ORIENTED_EDGE ( 'NONE', *, *, #1658, .F. ) ;
#177 = CIRCLE ( 'NONE', #1750, 1.199999999999999734 ) ;
#178 = CARTESIAN_POINT ( 'NONE',  ( 87.09999999999999432, -0.9000000000000023537, -10.69999999999999929 ) ) ;
#179 = LINE ( 'NONE', #634, #3 ) ;
#180 = AXIS2_PLACEMENT_3D ( 'NONE', #161, #1060, #1640 ) ;
#181 = ORIENTED_EDGE ( 'NONE', *, *, #341, .F. ) ;
#182 = CARTESIAN_POINT ( 'NONE',  ( 84.29999999999999716, 4.699999999999998401, -9.500000000000001776 ) ) ;
#183 = EDGE_CURVE ( 'NONE', #334, #535, #1839, .T. ) ;
#184 = VERTEX_POINT ( 'NONE', #1027 ) ;
#185 = AXIS2_PLACEMENT_3D ( 'NONE', #730, #2384, #768 ) ;
#186 = VECTOR ( 'NONE', #909, 1000.000000000000000 ) ;
#187 = LINE ( 'NONE', #662, #1774 ) ;
#188 = DIRECTION ( 'NONE',  ( 0.000000000000000000, 0.000000000000000000, -1.000000000000000000 ) ) ;
#189 = VERTEX_POINT ( 'NONE', #2317 ) ;
#190 = AXIS2_PLACEMENT_3D ( 'NONE', #2305, #2299, #646 ) ;
#191 = CYLINDRICAL_SURFACE ( 'NONE', #2058, 0.3999999999999993006 ) ;
#192 = DIRECTION ( 'NONE',  ( 0.000000000000000000, -0.000000000000000000, 1.000000000000000000 ) ) ;
#193 = VECTOR ( 'NONE', #819, 1000.000000000000000 ) ;
#194 = AXIS2_PLACEMENT_3D ( 'NONE', #304, #1597, #2340 ) ;
#195 = ADVANCED_FACE ( 'NONE', ( #1638 ), #2140, .F. ) ;
#196 = CARTESIAN_POINT ( 'NONE',  ( 87.09999999999999432, -6.100000000000003197, -10.69999999999999929 ) ) ;
#197 = LINE ( 'NONE', #2155, #2035 ) ;
#198 = DIRECTION ( 'NONE',  ( 0.000000000000000000, 0.000000000000000000, -1.000000000000000000 ) ) ;
#199 = VERTEX_POINT ( 'NONE', #1214 ) ;
#200 = DIRECTION ( 'NONE',  ( 0.000000000000000000, 0.000000000000000000, 1.000000000000000000 ) ) ;
#201 = CARTESIAN_POINT ( 'NONE',  ( 84.29999999999999716, -7.700000000000000178, -13.50000000000000000 ) ) ;
#202 = ORIENTED_EDGE ( 'NONE', *, *, #838, .T. ) ;
#203 = ORIENTED_EDGE ( 'NONE', *, *, #831, .F. ) ;
#204 = LINE ( 'NONE', #618, #816 ) ;
#205 = ADVANCED_FACE ( 'NONE', ( #1006 ), #915, .T. ) ;
#206 = DIRECTION ( 'NONE',  ( 1.000000000000000000, -0.000000000000000000, -0.000000000000000000 ) ) ;
#207 = LINE ( 'NONE', #686, #2133 ) ;
#208 = ORIENTED_EDGE ( 'NONE', *, *, #1954, .F. ) ;
#209 = LINE ( 'NONE', #412, #871 ) ;
#210 = EDGE_CURVE ( 'NONE', #561, #2013, #522, .T. ) ;
#211 = ORIENTED_EDGE ( 'NONE', *, *, #134, .T. ) ;
#212 = CARTESIAN_POINT ( 'NONE',  ( 84.29999999999999716, -10.10000000000000320, -12.29999999999999893 ) ) ;
#213 = CARTESIAN_POINT ( 'NONE',  ( 87.09999999999999432, 4.699999999999998401, -9.500000000000001776 ) ) ;
#214 = ORIENTED_EDGE ( 'NONE', *, *, #1183, .T. ) ;
#215 = DIRECTION ( 'NONE',  ( -1.000000000000000000, 0.000000000000000000, 0.000000000000000000 ) ) ;
#216 = CARTESIAN_POINT ( 'NONE',  ( 87.09999999999999432, -0.9000000000000002442, -10.69999999999999929 ) ) ;
#217 = DIRECTION ( 'NONE',  ( 0.000000000000000000, 0.000000000000000000, 1.000000000000000000 ) ) ;
#218 = VERTEX_POINT ( 'NONE', #2359 ) ;
#219 = EDGE_CURVE ( 'NONE', #535, #782, #2180, .T. ) ;
#220 = ADVANCED_FACE ( 'NONE', ( #316 ), #576, .F. ) ;
#221 = VERTEX_POINT ( 'NONE', #892 ) ;
#222 = DIRECTION ( 'NONE',  ( 1.000000000000000000, -0.000000000000000000, -0.000000000000000000 ) ) ;
#223 = LINE ( 'NONE', #2069, #2124 ) ;
#224 = AXIS2_PLACEMENT_3D ( 'NONE', #1464, #1995, #1644 ) ;
#225 = EDGE_CURVE ( 'NONE', #1933, #906, #2216, .T. ) ;
#226 = CARTESIAN_POINT ( 'NONE',  ( 87.09999999999999432, 5.899999999999996803, -11.90000000000000391 ) ) ;
#227 = EDGE_CURVE ( 'NONE', #1165, #2117, #2330, .T. ) ;
#228 = FACE_OUTER_BOUND ( 'NONE', #2345, .T. ) ;
#229 = ORIENTED_EDGE ( 'NONE', *, *, #317, .T. ) ;
#230 = CARTESIAN_POINT ( 'NONE',  ( 87.09999999999999432, 5.099999999999998757, -9.900000000000000355 ) ) ;
#231 = ORIENTED_EDGE ( 'NONE', *, *, #797, .F. ) ;
#232 = DIRECTION ( 'NONE',  ( 1.000000000000000000, 0.000000000000000000, 0.000000000000000000 ) ) ;
#233 = ADVANCED_FACE ( 'NONE', ( #313 ), #159, .F. ) ;
#234 = DIRECTION ( 'NONE',  ( -1.000000000000000000, 0.000000000000000000, 0.000000000000000000 ) ) ;
#235 = EDGE_CURVE ( 'NONE', #1169, #1071, #1890, .T. ) ;
#236 = ORIENTED_EDGE ( 'NONE', *, *, #1779, .T. ) ;
#237 = DIRECTION ( 'NONE',  ( -0.000000000000000000, 1.000000000000000000, -1.734723475976808869E-15 ) ) ;
#238 = ORIENTED_EDGE ( 'NONE', *, *, #1823, .F. ) ;
#239 = DIRECTION ( 'NONE',  ( 0.000000000000000000, 0.000000000000000000, 1.000000000000000000 ) ) ;
#240 = VECTOR ( 'NONE', #378, 1000.000000000000000 ) ;
#241 = DIRECTION ( 'NONE',  ( 0.000000000000000000, 0.000000000000000000, 1.000000000000000000 ) ) ;
#242 = VECTOR ( 'NONE', #2104, 1000.000000000000000 ) ;
#243 = VERTEX_POINT ( 'NONE', #1627 ) ;
#244 = LINE ( 'NONE', #2019, #1545 ) ;
#245 = AXIS2_PLACEMENT_3D ( 'NONE', #1380, #287, #833 ) ;
#246 = CARTESIAN_POINT ( 'NONE',  ( 87.09999999999999432, -3.700000000000002398, -12.29999999999999893 ) ) ;
#247 = ORIENTED_EDGE ( 'NONE', *, *, #1337, .T. ) ;
#248 = DIRECTION ( 'NONE',  ( 1.000000000000000000, -0.000000000000000000, 0.000000000000000000 ) ) ;
#249 = VERTEX_POINT ( 'NONE', #1379 ) ;
#250 = CIRCLE ( 'NONE', #1574, 0.3999999999999993006 ) ;
#251 = ORIENTED_EDGE ( 'NONE', *, *, #721, .F. ) ;
#252 = CARTESIAN_POINT ( 'NONE',  ( 84.29999999999999716, 1.100000000000000089, -9.500000000000000000 ) ) ;
#253 = VECTOR ( 'NONE', #1170, 1000.000000000000000 ) ;
#254 = PLANE ( 'NONE',  #742 ) ;
#255 = EDGE_CURVE ( 'NONE', #1959, #1686, #1612, .T. ) ;
#256 = CIRCLE ( 'NONE', #407, 0.3999999999999993006 ) ;
#257 = DIRECTION ( 'NONE',  ( 0.000000000000000000, 1.000000000000000000, -2.891205793294684539E-15 ) ) ;
#258 = CARTESIAN_POINT ( 'NONE',  ( 87.09999999999999432, -7.300000000000000711, -10.30000000000000071 ) ) ;
#259 = AXIS2_PLACEMENT_3D ( 'NONE', #1591, #447, #817 ) ;
#260 = CARTESIAN_POINT ( 'NONE',  ( 87.09999999999999432, -8.900000000000005684, -13.49999999999999822 ) ) ;
#261 = DIRECTION ( 'NONE',  ( 0.000000000000000000, -1.000000000000000000, 0.000000000000000000 ) ) ;
#262 = ORIENTED_EDGE ( 'NONE', *, *, #606, .F. ) ;
#263 = VERTEX_POINT ( 'NONE', #2099 ) ;
#264 = ORIENTED_EDGE ( 'NONE', *, *, #968, .F. ) ;
#265 = EDGE_CURVE ( 'NONE', #1474, #301, #751, .T. ) ;
#266 = VERTEX_POINT ( 'NONE', #103 ) ;
#267 = LINE ( 'NONE', #462, #242 ) ;
#268 = DIRECTION ( 'NONE',  ( -1.000000000000000000, 0.000000000000000000, 0.000000000000000000 ) ) ;
#269 = AXIS2_PLACEMENT_3D ( 'NONE', #2357, #1624, #529 ) ;
#270 = DIRECTION ( 'NONE',  ( 0.000000000000000000, 0.000000000000000000, 1.000000000000000000 ) ) ;
#271 = VECTOR ( 'NONE', #45, 1000.000000000000000 ) ;
#272 = AXIS2_PLACEMENT_3D ( 'NONE', #1809, #1053, #327 ) ;
#273 = EDGE_CURVE ( 'NONE', #1037, #1959, #1176, .T. ) ;
#274 = CARTESIAN_POINT ( 'NONE',  ( 87.09999999999999432, -16.89999999999999858, -9.499999999999996447 ) ) ;
#275 = EDGE_CURVE ( 'NONE', #1117, #263, #692, .T. ) ;
#276 = ORIENTED_EDGE ( 'NONE', *, *, #225, .F. ) ;
#277 = AXIS2_PLACEMENT_3D ( 'NONE', #2184, #820, #1124 ) ;
#278 = ORIENTED_EDGE ( 'NONE', *, *, #1754, .T. ) ;
#279 = AXIS2_PLACEMENT_3D ( 'NONE', #397, #1524, #241 ) ;
#280 = ORIENTED_EDGE ( 'NONE', *, *, #2212, .T. ) ;
#281 = VERTEX_POINT ( 'NONE', #1094 ) ;
#282 = CARTESIAN_POINT ( 'NONE',  ( 87.09999999999999432, -12.89999999999999858, -9.499999999999996447 ) ) ;
#283 = FACE_OUTER_BOUND ( 'NONE', #1715, .T. ) ;
#284 = CARTESIAN_POINT ( 'NONE',  ( 0.000000000000000000, 0.000000000000000000, 0.000000000000000000 ) ) ;
#285 = CARTESIAN_POINT ( 'NONE',  ( 84.29999999999999716, 0.6999999999999975131, -12.30000000000000604 ) ) ;
#286 = EDGE_CURVE ( 'NONE', #1037, #528, #857, .T. ) ;
#287 = DIRECTION ( 'NONE',  ( 1.000000000000000000, -0.000000000000000000, 0.000000000000000000 ) ) ;
#288 = AXIS2_PLACEMENT_3D ( 'NONE', #487, #106, #459 ) ;
#289 = DIRECTION ( 'NONE',  ( -1.000000000000000000, 0.000000000000000000, 0.000000000000000000 ) ) ;
#290 = ORIENTED_EDGE ( 'NONE', *, *, #2350, .T. ) ;
#291 = CARTESIAN_POINT ( 'NONE',  ( 87.09999999999999432, -5.700000000000005507, -13.49999999999999822 ) ) ;
#292 = VERTEX_POINT ( 'NONE', #880 ) ;
#293 = AXIS2_PLACEMENT_3D ( 'NONE', #581, #7, #1299 ) ;
#294 = VERTEX_POINT ( 'NONE', #1089 ) ;
#295 = VECTOR ( 'NONE', #79, 1000.000000000000000 ) ;
#296 = DIRECTION ( 'NONE',  ( 0.000000000000000000, 0.000000000000000000, -1.000000000000000000 ) ) ;
#297 = CARTESIAN_POINT ( 'NONE',  ( 87.09999999999999432, -2.500000000000004441, -13.49999999999999822 ) ) ;
#298 = DIRECTION ( 'NONE',  ( 1.000000000000000000, -0.000000000000000000, 0.000000000000000000 ) ) ;
#299 = VECTOR ( 'NONE', #1863, 1000.000000000000000 ) ;
#300 = CARTESIAN_POINT ( 'NONE',  ( 0.000000000000000000, -2.900000000000000355, -12.29999999999999893 ) ) ;
#301 = VERTEX_POINT ( 'NONE', #718 ) ;
#302 = FACE_OUTER_BOUND ( 'NONE', #732, .T. ) ;
#303 = SURFACE_STYLE_USAGE ( .BOTH. , #2142 ) ;
#304 = CARTESIAN_POINT ( 'NONE',  ( 84.29999999999999716, -5.700000000000001066, -12.29999999999999893 ) ) ;
#305 = VECTOR ( 'NONE', #2335, 1000.000000000000000 ) ;
#306 = ORIENTED_EDGE ( 'NONE', *, *, #962, .F. ) ;
#307 = ADVANCED_FACE ( 'NONE', ( #635 ), #2007, .T. ) ;
#308 = CARTESIAN_POINT ( 'NONE',  ( 84.29999999999999716, -5.299999999999999822, -9.500000000000000000 ) ) ;
#309 = DIRECTION ( 'NONE',  ( 1.000000000000000000, -0.000000000000000000, -0.000000000000000000 ) ) ;
#310 = CYLINDRICAL_SURFACE ( 'NONE', #612, 0.3999999999999993006 ) ;
#311 = VECTOR ( 'NONE', #1929, 1000.000000000000000 ) ;
#312 = EDGE_CURVE ( 'NONE', #926, #1323, #2095, .T. ) ;
#313 = FACE_OUTER_BOUND ( 'NONE', #1093, .T. ) ;
#314 = AXIS2_PLACEMENT_3D ( 'NONE', #2236, #2244, #1127 ) ;
#315 = CARTESIAN_POINT ( 'NONE',  ( 84.29999999999999716, -4.100000000000000533, -10.30000000000000071 ) ) ;
#316 = FACE_OUTER_BOUND ( 'NONE', #589, .T. ) ;
#317 = EDGE_CURVE ( 'NONE', #1807, #1990, #1056, .T. ) ;
#318 = DIRECTION ( 'NONE',  ( -0.000000000000000000, -0.000000000000000000, 1.000000000000000000 ) ) ;
#319 = DIRECTION ( 'NONE',  ( 1.000000000000000000, -0.000000000000000000, -0.000000000000000000 ) ) ;
#320 = DIRECTION ( 'NONE',  ( 0.000000000000000000, -0.000000000000000000, 1.000000000000000000 ) ) ;
#321 = DIRECTION ( 'NONE',  ( 0.000000000000000000, 0.000000000000000000, 1.000000000000000000 ) ) ;
#322 = ORIENTED_EDGE ( 'NONE', *, *, #1390, .F. ) ;
#323 = EDGE_LOOP ( 'NONE', ( #2222, #39, #2176, #324 ) ) ;
#324 = ORIENTED_EDGE ( 'NONE', *, *, #1131, .F. ) ;
#325 = VECTOR ( 'NONE', #296, 1000.000000000000000 ) ;
#326 = DIRECTION ( 'NONE',  ( 0.000000000000000000, 0.000000000000000000, -1.000000000000000000 ) ) ;
#327 = DIRECTION ( 'NONE',  ( 0.000000000000000000, -0.000000000000000000, -1.000000000000000000 ) ) ;
#328 = VECTOR ( 'NONE', #1249, 1000.000000000000000 ) ;
#329 = LINE ( 'NONE', #1161, #1363 ) ;
#330 = CARTESIAN_POINT ( 'NONE',  ( 84.29999999999999716, 5.099999999999998757, -11.90000000000000391 ) ) ;
#331 = ORIENTED_EDGE ( 'NONE', *, *, #1538, .T. ) ;
#332 = FACE_OUTER_BOUND ( 'NONE', #1879, .T. ) ;
#333 = SURFACE_SIDE_STYLE ('',( #1396 ) ) ;
#334 = VERTEX_POINT ( 'NONE', #2181 ) ;
#335 = EDGE_CURVE ( 'NONE', #1071, #1300, #130, .T. ) ;
#336 = CARTESIAN_POINT ( 'NONE',  ( 0.000000000000000000, -2.900000000000000355, 0.000000000000000000 ) ) ;
#337 = ORIENTED_EDGE ( 'NONE', *, *, #2366, .T. ) ;
#338 = CIRCLE ( 'NONE', #2326, 0.3999999999999993006 ) ;
#339 = CARTESIAN_POINT ( 'NONE',  ( 87.09999999999999432, 6.299999999999996270, -11.10000000000000320 ) ) ;
#340 = VERTEX_POINT ( 'NONE', #2370 ) ;
#341 = EDGE_CURVE ( 'NONE', #1990, #1959, #76, .T. ) ;
#342 = CARTESIAN_POINT ( 'NONE',  ( 84.29999999999999716, -2.900000000000002576, -12.29999999999999893 ) ) ;
#343 = VERTEX_POINT ( 'NONE', #162 ) ;
#344 = CARTESIAN_POINT ( 'NONE',  ( 87.09999999999999432, -4.100000000000000533, -10.69999999999999929 ) ) ;
#345 = LINE ( 'NONE', #1199, #695 ) ;
#346 = AXIS2_PLACEMENT_3D ( 'NONE', #1062, #1245, #326 ) ;
#347 = EDGE_CURVE ( 'NONE', #621, #281, #1351, .T. ) ;
#348 = LINE ( 'NONE', #274, #945 ) ;
#349 = ORIENTED_EDGE ( 'NONE', *, *, #1091, .F. ) ;
#350 = DIRECTION ( 'NONE',  ( -1.000000000000000000, 0.000000000000000000, 0.000000000000000000 ) ) ;
#351 = AXIS2_PLACEMENT_3D ( 'NONE', #1116, #1306, #200 ) ;
#352 = EDGE_CURVE ( 'NONE', #281, #1825, #1410, .T. ) ;
#353 = ORIENTED_EDGE ( 'NONE', *, *, #670, .T. ) ;
#354 = EDGE_CURVE ( 'NONE', #1913, #1169, #1729, .T. ) ;
#355 = CARTESIAN_POINT ( 'NONE',  ( 87.09999999999999432, -16.89999999999999858, -9.499999999999996447 ) ) ;
#356 = PLANE ( 'NONE',  #277 ) ;
#357 = EDGE_LOOP ( 'NONE', ( #763, #2259, #1015, #1604 ) ) ;
#358 = DIRECTION ( 'NONE',  ( -1.000000000000000000, 0.000000000000000000, 0.000000000000000000 ) ) ;
#359 = CIRCLE ( 'NONE', #1378, 0.3999999999999993006 ) ;
#360 = LINE ( 'NONE', #666, #61 ) ;
#361 = EDGE_CURVE ( 'NONE', #1059, #531, #494, .T. ) ;
#362 = LINE ( 'NONE', #155, #67 ) ;
#363 = DIRECTION ( 'NONE',  ( 0.000000000000000000, 0.000000000000000000, -1.000000000000000000 ) ) ;
#364 = LINE ( 'NONE', #949, #2021 ) ;
#365 = ORIENTED_EDGE ( 'NONE', *, *, #2001, .F. ) ;
#366 = FACE_OUTER_BOUND ( 'NONE', #850, .T. ) ;
#367 = VECTOR ( 'NONE', #2101, 1000.000000000000000 ) ;
#368 = ORIENTED_EDGE ( 'NONE', *, *, #1947, .T. ) ;
#369 = VERTEX_POINT ( 'NONE', #1984 ) ;
#370 = ADVANCED_FACE ( 'NONE', ( #772 ), #2297, .T. ) ;
#371 = CIRCLE ( 'NONE', #293, 0.3999999999999993006 ) ;
#372 = ORIENTED_EDGE ( 'NONE', *, *, #1504, .F. ) ;
#373 = DIRECTION ( 'NONE',  ( -0.000000000000000000, -1.000000000000000000, -0.000000000000000000 ) ) ;
#374 = DIRECTION ( 'NONE',  ( 0.000000000000000000, 0.000000000000000000, -1.000000000000000000 ) ) ;
#375 = DIRECTION ( 'NONE',  ( 1.000000000000000000, -0.000000000000000000, -0.000000000000000000 ) ) ;
#376 = EDGE_LOOP ( 'NONE', ( #2390, #1387, #1956, #1128 ) ) ;
#377 = CARTESIAN_POINT ( 'NONE',  ( 84.29999999999999716, -3.700000000000002398, -10.30000000000000071 ) ) ;
#378 = DIRECTION ( 'NONE',  ( -1.000000000000000000, 0.000000000000000000, 0.000000000000000000 ) ) ;
#379 = ADVANCED_FACE ( 'NONE', ( #429 ), #356, .F. ) ;
#380 = DIRECTION ( 'NONE',  ( 1.000000000000000000, -0.000000000000000000, -0.000000000000000000 ) ) ;
#381 = DIRECTION ( 'NONE',  ( 1.000000000000000000, -0.000000000000000000, -0.000000000000000000 ) ) ;
#382 = ORIENTED_EDGE ( 'NONE', *, *, #876, .F. ) ;
#383 = VECTOR ( 'NONE', #423, 1000.000000000000000 ) ;
#384 = CIRCLE ( 'NONE', #642, 1.199999999999999734 ) ;
#385 = DIRECTION ( 'NONE',  ( 0.000000000000000000, -1.000000000000000000, 1.734723475976809067E-15 ) ) ;
#386 = DIRECTION ( 'NONE',  ( 0.000000000000000000, 0.000000000000000000, -1.000000000000000000 ) ) ;
#387 = DIRECTION ( 'NONE',  ( 1.000000000000000000, -0.000000000000000000, -0.000000000000000000 ) ) ;
#388 = ORIENTED_EDGE ( 'NONE', *, *, #580, .F. ) ;
#389 = LINE ( 'NONE', #679, #2372 ) ;
#390 = DIRECTION ( 'NONE',  ( 1.000000000000000000, -0.000000000000000000, -0.000000000000000000 ) ) ;
#391 = EDGE_CURVE ( 'NONE', #1026, #266, #940, .T. ) ;
#392 = ORIENTED_EDGE ( 'NONE', *, *, #1670, .T. ) ;
#393 = ADVANCED_FACE ( 'NONE', ( #2239 ), #1055, .T. ) ;
#394 = LINE ( 'NONE', #2033, #2138 ) ;
#395 = DIRECTION ( 'NONE',  ( 0.000000000000000000, 0.000000000000000000, 1.000000000000000000 ) ) ;
#396 = EDGE_LOOP ( 'NONE', ( #1854, #1256, #1885, #1505 ) ) ;
#397 = CARTESIAN_POINT ( 'NONE',  ( 87.09999999999999432, -10.50000000000000000, -10.69999999999999929 ) ) ;
#398 = ORIENTED_EDGE ( 'NONE', *, *, #1113, .T. ) ;
#399 = AXIS2_PLACEMENT_3D ( 'NONE', #1443, #509, #1593 ) ;
#400 = AXIS2_PLACEMENT_3D ( 'NONE', #2308, #834, #2289 ) ;
#401 = AXIS2_PLACEMENT_3D ( 'NONE', #778, #1140, #35 ) ;
#402 = DIRECTION ( 'NONE',  ( 1.000000000000000000, -0.000000000000000000, 0.000000000000000000 ) ) ;
#403 = AXIS2_PLACEMENT_3D ( 'NONE', #2015, #845, #1008 ) ;
#404 = CARTESIAN_POINT ( 'NONE',  ( 84.29999999999999716, 5.099999999999998757, -13.49999999999999645 ) ) ;
#405 = VECTOR ( 'NONE', #1963, 1000.000000000000000 ) ;
#406 = CARTESIAN_POINT ( 'NONE',  ( 87.09999999999999432, 0.6999999999999975131, -12.30000000000000604 ) ) ;
#407 = AXIS2_PLACEMENT_3D ( 'NONE', #991, #289, #461 ) ;
#408 = CYLINDRICAL_SURFACE ( 'NONE', #1914, 1.199999999999999734 ) ;
#409 = ADVANCED_FACE ( 'NONE', ( #1467 ), #1917, .T. ) ;
#410 = CIRCLE ( 'NONE', #403, 1.199999999999999734 ) ;
#411 = ORIENTED_EDGE ( 'NONE', *, *, #1942, .F. ) ;
#412 = CARTESIAN_POINT ( 'NONE',  ( 87.09999999999999432, -10.90000000000000036, -13.50000000000000000 ) ) ;
#413 = CARTESIAN_POINT ( 'NONE',  ( 84.29999999999999716, -4.500000000000000888, -10.70000000000000107 ) ) ;
#414 = CIRCLE ( 'NONE', #1605, 0.3999999999999993006 ) ;
#415 = CARTESIAN_POINT ( 'NONE',  ( 87.09999999999999432, -4.100000000000000533, -10.69999999999999929 ) ) ;
#416 = PRESENTATION_STYLE_ASSIGNMENT (( #1435 ) ) ;
#417 = ADVANCED_FACE ( 'NONE', ( #2032 ), #191, .F. ) ;
#418 = CARTESIAN_POINT ( 'NONE',  ( 84.29999999999999716, 0.6999999999999989564, -12.69999999999999751 ) ) ;
#419 = VERTEX_POINT ( 'NONE', #1011 ) ;
#420 = DIRECTION ( 'NONE',  ( -0.000000000000000000, -0.000000000000000000, 1.000000000000000000 ) ) ;
#421 = DIRECTION ( 'NONE',  ( -1.000000000000000000, 0.000000000000000000, 0.000000000000000000 ) ) ;
#422 = ORIENTED_EDGE ( 'NONE', *, *, #2214, .T. ) ;
#423 = DIRECTION ( 'NONE',  ( 0.000000000000000000, 0.000000000000000000, -1.000000000000000000 ) ) ;
#424 = ORIENTED_EDGE ( 'NONE', *, *, #1551, .T. ) ;
#425 = CARTESIAN_POINT ( 'NONE',  ( 84.29999999999999716, -6.900000000000003020, -12.29999999999999893 ) ) ;
#426 = PLANE ( 'NONE',  #1403 ) ;
#427 = VECTOR ( 'NONE', #248, 1000.000000000000000 ) ;
#428 = ORIENTED_EDGE ( 'NONE', *, *, #354, .T. ) ;
#429 = FACE_OUTER_BOUND ( 'NONE', #698, .T. ) ;
#430 = DIRECTION ( 'NONE',  ( 0.000000000000000000, 0.000000000000000000, -1.000000000000000000 ) ) ;
#431 = CARTESIAN_POINT ( 'NONE',  ( 87.09999999999999432, -2.100000000000000089, -12.29999999999999893 ) ) ;
#432 = ORIENTED_EDGE ( 'NONE', *, *, #838, .F. ) ;
#433 = AXIS2_PLACEMENT_3D ( 'NONE', #878, #1268, #703 ) ;
#434 = EDGE_CURVE ( 'NONE', #848, #1474, #1377, .T. ) ;
#435 = AXIS2_PLACEMENT_3D ( 'NONE', #406, #1689, #591 ) ;
#436 = CARTESIAN_POINT ( 'NONE',  ( 87.09999999999999432, -6.900000000000003020, -12.29999999999999893 ) ) ;
#437 = ORIENTED_EDGE ( 'NONE', *, *, #1113, .F. ) ;
#438 = ORIENTED_EDGE ( 'NONE', *, *, #57, .F. ) ;
#439 = EDGE_CURVE ( 'NONE', #2013, #1807, #1752, .T. ) ;
#440 = CARTESIAN_POINT ( 'NONE',  ( 87.09999999999999432, 5.099999999999998757, -13.49999999999999645 ) ) ;
#441 = LINE ( 'NONE', #2276, #1017 ) ;
#442 = EDGE_CURVE ( 'NONE', #728, #2269, #1349, .T. ) ;
#443 = ORIENTED_EDGE ( 'NONE', *, *, #2038, .F. ) ;
#444 = VERTEX_POINT ( 'NONE', #1868 ) ;
#445 = VECTOR ( 'NONE', #11, 1000.000000000000000 ) ;
#446 = AXIS2_PLACEMENT_3D ( 'NONE', #1567, #493, #1768 ) ;
#447 = DIRECTION ( 'NONE',  ( 1.000000000000000000, -0.000000000000000000, -0.000000000000000000 ) ) ;
#448 = DIRECTION ( 'NONE',  ( -1.000000000000000000, -0.000000000000000000, -0.000000000000000000 ) ) ;
#449 = ORIENTED_EDGE ( 'NONE', *, *, #1718, .F. ) ;
#450 = FACE_OUTER_BOUND ( 'NONE', #1001, .T. ) ;
#451 = ORIENTED_EDGE ( 'NONE', *, *, #520, .F. ) ;
#452 = ORIENTED_EDGE ( 'NONE', *, *, #1270, .T. ) ;
#453 = CARTESIAN_POINT ( 'NONE',  ( 84.29999999999999716, -12.09999999999999964, -12.29999999999999893 ) ) ;
#454 = DIRECTION ( 'NONE',  ( 0.000000000000000000, 1.355252715606880789E-16, -1.000000000000000000 ) ) ;
#455 = ORIENTED_EDGE ( 'NONE', *, *, #2128, .T. ) ;
#456 = CARTESIAN_POINT ( 'NONE',  ( 84.29999999999999716, -4.100000000000000533, -9.500000000000000000 ) ) ;
#457 = EDGE_CURVE ( 'NONE', #1815, #1314, #1003, .T. ) ;
#458 = FACE_OUTER_BOUND ( 'NONE', #1225, .T. ) ;
#459 = DIRECTION ( 'NONE',  ( 0.000000000000000000, 0.000000000000000000, 1.000000000000000000 ) ) ;
#460 = VECTOR ( 'NONE', #1241, 1000.000000000000000 ) ;
#461 = DIRECTION ( 'NONE',  ( 0.000000000000000000, 0.000000000000000000, 1.000000000000000000 ) ) ;
#462 = CARTESIAN_POINT ( 'NONE',  ( 87.09999999999999432, -10.50000000000000178, -10.30000000000000071 ) ) ;
#463 = EDGE_CURVE ( 'NONE', #27, #848, #1782, .T. ) ;
#464 = ORIENTED_EDGE ( 'NONE', *, *, #1413, .T. ) ;
#465 = ORIENTED_EDGE ( 'NONE', *, *, #1870, .F. ) ;
#466 = CARTESIAN_POINT ( 'NONE',  ( 87.09999999999999432, -10.10000000000000320, -10.69999999999999929 ) ) ;
#467 = CARTESIAN_POINT ( 'NONE',  ( 87.09999999999999432, -5.700000000000001066, -12.69999999999999751 ) ) ;
#468 = CARTESIAN_POINT ( 'NONE',  ( 87.09999999999999432, 4.699999999999998401, -13.09999999999999787 ) ) ;
#469 = ORIENTED_EDGE ( 'NONE', *, *, #1906, .T. ) ;
#470 = DIRECTION ( 'NONE',  ( 0.000000000000000000, 0.000000000000000000, 1.000000000000000000 ) ) ;
#471 = AXIS2_PLACEMENT_3D ( 'NONE', #2203, #1643, #1271 ) ;
#472 = ORIENTED_EDGE ( 'NONE', *, *, #1066, .F. ) ;
#473 = DIRECTION ( 'NONE',  ( 0.000000000000000000, 0.000000000000000000, 1.000000000000000000 ) ) ;
#474 = LINE ( 'NONE', #641, #1193 ) ;
#475 = ORIENTED_EDGE ( 'NONE', *, *, #1793, .F. ) ;
#476 = DIRECTION ( 'NONE',  ( 1.000000000000000000, -0.000000000000000000, -0.000000000000000000 ) ) ;
#477 = VECTOR ( 'NONE', #1002, 1000.000000000000000 ) ;
#478 = AXIS2_PLACEMENT_3D ( 'NONE', #794, #980, #2270 ) ;
#479 = EDGE_CURVE ( 'NONE', #1965, #2374, #912, .T. ) ;
#480 = DIRECTION ( 'NONE',  ( -0.000000000000000000, -0.000000000000000000, 1.000000000000000000 ) ) ;
#481 = EDGE_CURVE ( 'NONE', #343, #505, #1237, .T. ) ;
#482 = VECTOR ( 'NONE', #1789, 1000.000000000000000 ) ;
#483 = AXIS2_PLACEMENT_3D ( 'NONE', #1285, #1276, #174 ) ;
#484 = ORIENTED_EDGE ( 'NONE', *, *, #979, .T. ) ;
#485 = VERTEX_POINT ( 'NONE', #1368 ) ;
#486 = FACE_OUTER_BOUND ( 'NONE', #1436, .T. ) ;
#487 = CARTESIAN_POINT ( 'NONE',  ( 87.09999999999999432, -12.49999999999999822, -12.29999999999999893 ) ) ;
#488 = ORIENTED_EDGE ( 'NONE', *, *, #1670, .F. ) ;
#489 = DIRECTION ( 'NONE',  ( 0.000000000000000000, 0.000000000000000000, 1.000000000000000000 ) ) ;
#490 = EDGE_CURVE ( 'NONE', #1819, #444, #519, .T. ) ;
#491 = VECTOR ( 'NONE', #532, 1000.000000000000000 ) ;
#492 = DIRECTION ( 'NONE',  ( 1.000000000000000000, 0.000000000000000000, 0.000000000000000000 ) ) ;
#493 = DIRECTION ( 'NONE',  ( 1.000000000000000000, 0.000000000000000000, 0.000000000000000000 ) ) ;
#494 = CIRCLE ( 'NONE', #1339, 1.199999999999999734 ) ;
#495 = DIRECTION ( 'NONE',  ( 0.000000000000000000, 0.000000000000000000, -1.000000000000000000 ) ) ;
#496 = DIRECTION ( 'NONE',  ( -1.000000000000000000, 0.000000000000000000, 0.000000000000000000 ) ) ;
#497 = EDGE_CURVE ( 'NONE', #1389, #110, #256, .T. ) ;
#498 = VECTOR ( 'NONE', #1292, 1000.000000000000000 ) ;
#499 = CARTESIAN_POINT ( 'NONE',  ( 87.09999999999999432, -4.500000000000000888, -12.29999999999999893 ) ) ;
#500 = CARTESIAN_POINT ( 'NONE',  ( 87.09999999999999432, 0.7000000000000000666, -13.50000000000000533 ) ) ;
#501 = CARTESIAN_POINT ( 'NONE',  ( 87.09999999999999432, -1.300000000000000266, -12.29999999999999893 ) ) ;
#502 = DIRECTION ( 'NONE',  ( 0.000000000000000000, 0.000000000000000000, 1.000000000000000000 ) ) ;
#503 = CARTESIAN_POINT ( 'NONE',  ( 84.29999999999999716, 0.000000000000000000, 0.000000000000000000 ) ) ;
#504 = ORIENTED_EDGE ( 'NONE', *, *, #94, .F. ) ;
#505 = VERTEX_POINT ( 'NONE', #1560 ) ;
#506 = LINE ( 'NONE', #1105, #1333 ) ;
#507 = EDGE_CURVE ( 'NONE', #800, #566, #1174, .T. ) ;
#508 = DIRECTION ( 'NONE',  ( -1.000000000000000000, -0.000000000000000000, -0.000000000000000000 ) ) ;
#509 = DIRECTION ( 'NONE',  ( -0.000000000000000000, 1.000000000000000000, 0.000000000000000000 ) ) ;
#510 = ORIENTED_EDGE ( 'NONE', *, *, #2240, .T. ) ;
#511 = DIRECTION ( 'NONE',  ( 0.000000000000000000, 0.000000000000000000, -1.000000000000000000 ) ) ;
#512 = VERTEX_POINT ( 'NONE', #2309 ) ;
#513 = LINE ( 'NONE', #2043, #1229 ) ;
#514 = VERTEX_POINT ( 'NONE', #98 ) ;
#515 = LINE ( 'NONE', #1884, #975 ) ;
#516 = EDGE_LOOP ( 'NONE', ( #231, #1457, #1167, #475 ) ) ;
#517 = CARTESIAN_POINT ( 'NONE',  ( 87.09999999999999432, -5.700000000000005507, -13.49999999999999822 ) ) ;
#518 = CARTESIAN_POINT ( 'NONE',  ( 87.09999999999999432, 0.000000000000000000, 0.000000000000000000 ) ) ;
#519 = CIRCLE ( 'NONE', #24, 0.3999999999999993006 ) ;
#520 = EDGE_CURVE ( 'NONE', #184, #1812, #749, .T. ) ;
#521 = AXIS2_PLACEMENT_3D ( 'NONE', #216, #234, #1514 ) ;
#522 = LINE ( 'NONE', #2331, #405 ) ;
#523 = CARTESIAN_POINT ( 'NONE',  ( 87.09999999999999432, -5.700000000000000178, -12.29999999999999893 ) ) ;
#524 = EDGE_LOOP ( 'NONE', ( #898, #1792, #1455, #2225 ) ) ;
#525 = AXIS2_PLACEMENT_3D ( 'NONE', #344, #2217, #1099 ) ;
#526 = EDGE_CURVE ( 'NONE', #23, #546, #2093, .T. ) ;
#527 = AXIS2_PLACEMENT_3D ( 'NONE', #2248, #1317, #217 ) ;
#528 = VERTEX_POINT ( 'NONE', #86 ) ;
#529 = DIRECTION ( 'NONE',  ( 0.000000000000000000, 0.000000000000000000, 1.000000000000000000 ) ) ;
#530 = DIRECTION ( 'NONE',  ( 0.000000000000000000, 0.000000000000000000, -1.000000000000000000 ) ) ;
#531 = VERTEX_POINT ( 'NONE', #1173 ) ;
#532 = DIRECTION ( 'NONE',  ( -1.000000000000000000, 0.000000000000000000, 0.000000000000000000 ) ) ;
#533 = CARTESIAN_POINT ( 'NONE',  ( 87.09999999999999432, -4.500000000000000888, -10.69999999999999929 ) ) ;
#534 = VECTOR ( 'NONE', #881, 1000.000000000000000 ) ;
#535 = VERTEX_POINT ( 'NONE', #342 ) ;
#536 = AXIS2_PLACEMENT_3D ( 'NONE', #681, #867, #502 ) ;
#537 = PLANE ( 'NONE',  #1955 ) ;
#538 = ORIENTED_EDGE ( 'NONE', *, *, #481, .T. ) ;
#539 = FACE_OUTER_BOUND ( 'NONE', #1107, .T. ) ;
#540 = CARTESIAN_POINT ( 'NONE',  ( 87.09999999999999432, 5.899999999999996803, -11.90000000000000391 ) ) ;
#541 = DIRECTION ( 'NONE',  ( 0.000000000000000000, -0.000000000000000000, -1.000000000000000000 ) ) ;
#542 = EDGE_CURVE ( 'NONE', #1590, #1845, #1523, .T. ) ;
#543 = CARTESIAN_POINT ( 'NONE',  ( 87.09999999999999432, -11.70000000000000107, -9.500000000000000000 ) ) ;
#544 = ADVANCED_FACE ( 'NONE', ( #2151 ), #2175, .F. ) ;
#545 = DIRECTION ( 'NONE',  ( -1.000000000000000000, 0.000000000000000000, 0.000000000000000000 ) ) ;
#546 = VERTEX_POINT ( 'NONE', #1629 ) ;
#547 = DIRECTION ( 'NONE',  ( 0.000000000000000000, 0.000000000000000000, 1.000000000000000000 ) ) ;
#548 = ORIENTED_EDGE ( 'NONE', *, *, #604, .T. ) ;
#549 = CARTESIAN_POINT ( 'NONE',  ( 84.29999999999999716, -2.500000000000002220, -12.29999999999999893 ) ) ;
#550 = ORIENTED_EDGE ( 'NONE', *, *, #1012, .T. ) ;
#551 = LINE ( 'NONE', #628, #2314 ) ;
#552 = CYLINDRICAL_SURFACE ( 'NONE', #112, 0.3999999999999993006 ) ;
#553 = EDGE_LOOP ( 'NONE', ( #157, #1692, #861, #1429 ) ) ;
#554 = CARTESIAN_POINT ( 'NONE',  ( 87.09999999999999432, -2.500000000000002220, -12.29999999999999893 ) ) ;
#555 = CIRCLE ( 'NONE', #435, 1.199999999999999734 ) ;
#556 = LINE ( 'NONE', #2295, #2394 ) ;
#557 = EDGE_CURVE ( 'NONE', #512, #1211, #1945, .T. ) ;
#558 = ORIENTED_EDGE ( 'NONE', *, *, #2247, .T. ) ;
#559 = CIRCLE ( 'NONE', #1986, 0.3999999999999993006 ) ;
#560 = ADVANCED_FACE ( 'NONE', ( #1888 ), #1694, .F. ) ;
#561 = VERTEX_POINT ( 'NONE', #2356 ) ;
#562 = DIRECTION ( 'NONE',  ( -1.000000000000000000, 0.000000000000000000, 0.000000000000000000 ) ) ;
#563 = ORIENTED_EDGE ( 'NONE', *, *, #227, .F. ) ;
#564 = FACE_OUTER_BOUND ( 'NONE', #2351, .T. ) ;
#565 = PLANE ( 'NONE',  #2034 ) ;
#566 = VERTEX_POINT ( 'NONE', #2369 ) ;
#567 = AXIS2_PLACEMENT_3D ( 'NONE', #736, #2006, #1632 ) ;
#568 = CARTESIAN_POINT ( 'NONE',  ( 84.29999999999999716, 0.7000000000000000666, -13.50000000000000533 ) ) ;
#569 =( GEOMETRIC_REPRESENTATION_CONTEXT ( 3 ) GLOBAL_UNCERTAINTY_ASSIGNED_CONTEXT ( ( #1860 ) ) GLOBAL_UNIT_ASSIGNED_CONTEXT ( ( #1069, #1634, #2031 ) ) REPRESENTATION_CONTEXT ( 'NONE', 'WORKASPACE' ) );
#570 = FACE_OUTER_BOUND ( 'NONE', #1747, .T. ) ;
#571 = DIRECTION ( 'NONE',  ( -1.000000000000000000, 0.000000000000000000, 0.000000000000000000 ) ) ;
#572 = FACE_OUTER_BOUND ( 'NONE', #149, .T. ) ;
#573 = ADVANCED_FACE ( 'NONE', ( #539 ), #310, .F. ) ;
#574 = CARTESIAN_POINT ( 'NONE',  ( 84.29999999999999716, -2.500000000000000000, -12.29999999999999893 ) ) ;
#575 = PRODUCT_DEFINITION_FORMATION_WITH_SPECIFIED_SOURCE ( 'ANY', '', #140, .NOT_KNOWN. ) ;
#576 = CYLINDRICAL_SURFACE ( 'NONE', #483, 0.3999999999999993006 ) ;
#577 = DIRECTION ( 'NONE',  ( 0.000000000000000000, 0.000000000000000000, 1.000000000000000000 ) ) ;
#578 = CARTESIAN_POINT ( 'NONE',  ( 84.29999999999999716, -10.90000000000000036, -13.50000000000000000 ) ) ;
#579 = FACE_OUTER_BOUND ( 'NONE', #2028, .T. ) ;
#580 = EDGE_CURVE ( 'NONE', #166, #334, #1171, .T. ) ;
#581 = CARTESIAN_POINT ( 'NONE',  ( 84.29999999999999716, 5.499999999999999112, -12.30000000000000426 ) ) ;
#582 = CARTESIAN_POINT ( 'NONE',  ( 87.09999999999999432, -4.100000000000000533, -10.30000000000000071 ) ) ;
#583 = DIRECTION ( 'NONE',  ( 0.000000000000000000, 0.000000000000000000, 1.000000000000000000 ) ) ;
#584 = DIRECTION ( 'NONE',  ( -0.000000000000000000, 1.000000000000000000, 0.000000000000000000 ) ) ;
#585 = ORIENTED_EDGE ( 'NONE', *, *, #1894, .F. ) ;
#586 = CYLINDRICAL_SURFACE ( 'NONE', #1308, 1.199999999999999734 ) ;
#587 = EDGE_CURVE ( 'NONE', #1186, #793, #1235, .T. ) ;
#588 = ADVANCED_FACE ( 'NONE', ( #2149 ), #855, .F. ) ;
#589 = EDGE_LOOP ( 'NONE', ( #1626, #2349, #1969, #1487 ) ) ;
#590 = CARTESIAN_POINT ( 'NONE',  ( 87.09999999999999432, -7.300000000000000711, -9.500000000000000000 ) ) ;
#591 = DIRECTION ( 'NONE',  ( 0.000000000000000000, 0.000000000000000000, 1.000000000000000000 ) ) ;
#592 = ORIENTED_EDGE ( 'NONE', *, *, #210, .F. ) ;
#593 = LINE ( 'NONE', #1856, #1129 ) ;
#594 = CIRCLE ( 'NONE', #924, 1.199999999999999734 ) ;
#595 = CARTESIAN_POINT ( 'NONE',  ( 84.29999999999999716, -4.100000000000000533, -10.69999999999999929 ) ) ;
#596 = ORIENTED_EDGE ( 'NONE', *, *, #2156, .F. ) ;
#597 = AXIS2_PLACEMENT_3D ( 'NONE', #1454, #350, #2191 ) ;
#598 = LINE ( 'NONE', #1227, #1226 ) ;
#599 = CARTESIAN_POINT ( 'NONE',  ( 87.09999999999999432, -12.89999999999999858, -12.29999999999999893 ) ) ;
#600 = ORIENTED_EDGE ( 'NONE', *, *, #335, .T. ) ;
#601 = CARTESIAN_POINT ( 'NONE',  ( 87.09999999999999432, -0.5000000000000022204, -10.69999999999999929 ) ) ;
#602 = ADVANCED_FACE ( 'NONE', ( #1553 ), #160, .F. ) ;
#603 = VERTEX_POINT ( 'NONE', #2391 ) ;
#604 = EDGE_CURVE ( 'NONE', #1837, #1699, #1111, .T. ) ;
#605 = DIRECTION ( 'NONE',  ( 1.000000000000000000, 0.000000000000000000, 0.000000000000000000 ) ) ;
#606 = EDGE_CURVE ( 'NONE', #2013, #1300, #1726, .T. ) ;
#607 = DIRECTION ( 'NONE',  ( 1.000000000000000000, -0.000000000000000000, -0.000000000000000000 ) ) ;
#608 = AXIS2_PLACEMENT_3D ( 'NONE', #913, #1468, #1987 ) ;
#609 = CIRCLE ( 'NONE', #288, 0.3999999999999993006 ) ;
#610 = CARTESIAN_POINT ( 'NONE',  ( 87.09999999999999432, -0.9000000000000002442, -10.69999999999999929 ) ) ;
#611 = DIRECTION ( 'NONE',  ( 0.000000000000000000, -0.000000000000000000, 1.000000000000000000 ) ) ;
#612 = AXIS2_PLACEMENT_3D ( 'NONE', #1814, #905, #363 ) ;
#613 = VERTEX_POINT ( 'NONE', #196 ) ;
#614 = DIRECTION ( 'NONE',  ( 1.000000000000000000, -0.000000000000000000, -0.000000000000000000 ) ) ;
#615 = ORIENTED_EDGE ( 'NONE', *, *, #2214, .F. ) ;
#616 = DIRECTION ( 'NONE',  ( 0.000000000000000000, 0.000000000000000000, -1.000000000000000000 ) ) ;
#617 = EDGE_LOOP ( 'NONE', ( #1192, #504, #143, #1338 ) ) ;
#618 = CARTESIAN_POINT ( 'NONE',  ( 87.09999999999999432, -11.70000000000000107, -10.69999999999999929 ) ) ;
#619 = ORIENTED_EDGE ( 'NONE', *, *, #1382, .F. ) ;
#620 = DIRECTION ( 'NONE',  ( 1.000000000000000000, -0.000000000000000000, -0.000000000000000000 ) ) ;
#621 = VERTEX_POINT ( 'NONE', #590 ) ;
#622 = VECTOR ( 'NONE', #222, 1000.000000000000000 ) ;
#623 = CYLINDRICAL_SURFACE ( 'NONE', #446, 0.3999999999999993006 ) ;
#624 = ORIENTED_EDGE ( 'NONE', *, *, #1758, .T. ) ;
#625 = AXIS2_PLACEMENT_3D ( 'NONE', #1494, #2018, #395 ) ;
#626 = ORIENTED_EDGE ( 'NONE', *, *, #2078, .F. ) ;
#627 = CIRCLE ( 'NONE', #1461, 0.3999999999999993006 ) ;
#628 = CARTESIAN_POINT ( 'NONE',  ( 87.09999999999999432, -12.10000000000000142, -13.49999999999999822 ) ) ;
#629 = ORIENTED_EDGE ( 'NONE', *, *, #1658, .T. ) ;
#630 = CIRCLE ( 'NONE', #625, 1.199999999999999734 ) ;
#631 = DIRECTION ( 'NONE',  ( 0.000000000000000000, 0.000000000000000000, 1.000000000000000000 ) ) ;
#632 = DIRECTION ( 'NONE',  ( 0.000000000000000000, 0.000000000000000000, 1.000000000000000000 ) ) ;
#633 = DIRECTION ( 'NONE',  ( 0.000000000000000000, 0.000000000000000000, 1.000000000000000000 ) ) ;
#634 = CARTESIAN_POINT ( 'NONE',  ( 87.09999999999999432, 4.699999999999999289, -13.49999999999999645 ) ) ;
#635 = FACE_OUTER_BOUND ( 'NONE', #1864, .T. ) ;
#636 = CARTESIAN_POINT ( 'NONE',  ( 87.09999999999999432, 0.7000000000000000666, -12.29999999999999893 ) ) ;
#637 = DIRECTION ( 'NONE',  ( 0.000000000000000000, 0.000000000000000000, -1.000000000000000000 ) ) ;
#638 = ORIENTED_EDGE ( 'NONE', *, *, #1091, .T. ) ;
#639 = CARTESIAN_POINT ( 'NONE',  ( 84.29999999999999716, -12.89999999999999858, -12.29999999999999893 ) ) ;
#640 = EDGE_CURVE ( 'NONE', #906, #1706, #1609, .T. ) ;
#641 = CARTESIAN_POINT ( 'NONE',  ( 87.09999999999999432, -1.300000000000000266, -12.29999999999999893 ) ) ;
#642 = AXIS2_PLACEMENT_3D ( 'NONE', #102, #1944, #1622 ) ;
#643 = EDGE_LOOP ( 'NONE', ( #889, #1495, #438, #280 ) ) ;
#644 = EDGE_LOOP ( 'NONE', ( #1446, #8, #1480, #2003 ) ) ;
#645 = AXIS2_PLACEMENT_3D ( 'NONE', #696, #1970, #511 ) ;
#646 = DIRECTION ( 'NONE',  ( 0.000000000000000000, 0.000000000000000000, 1.000000000000000000 ) ) ;
#647 = EDGE_CURVE ( 'NONE', #221, #2103, #1289, .T. ) ;
#648 = LINE ( 'NONE', #1713, #31 ) ;
#649 = CIRCLE ( 'NONE', #527, 1.199999999999999734 ) ;
#650 = AXIS2_PLACEMENT_3D ( 'NONE', #2258, #1733, #632 ) ;
#651 = CARTESIAN_POINT ( 'NONE',  ( 87.09999999999999432, -7.700000000000001066, -10.70000000000000107 ) ) ;
#652 = ORIENTED_EDGE ( 'NONE', *, *, #640, .F. ) ;
#653 = CARTESIAN_POINT ( 'NONE',  ( 87.09999999999999432, -8.900000000000000355, -12.29999999999999893 ) ) ;
#654 = DIRECTION ( 'NONE',  ( 0.000000000000000000, 0.000000000000000000, 1.000000000000000000 ) ) ;
#655 = CARTESIAN_POINT ( 'NONE',  ( 84.29999999999999716, -16.89999999999999858, -13.49999999999999645 ) ) ;
#656 = CIRCLE ( 'NONE', #536, 1.199999999999999734 ) ;
#657 = ORIENTED_EDGE ( 'NONE', *, *, #1007, .T. ) ;
#658 = VERTEX_POINT ( 'NONE', #212 ) ;
#659 = ADVANCED_FACE ( 'NONE', ( #803 ), #1118, .F. ) ;
#660 = VECTOR ( 'NONE', #616, 1000.000000000000000 ) ;
#661 = UNCERTAINTY_MEASURE_WITH_UNIT (LENGTH_MEASURE( 1.000000000000000082E-05 ), #2174, 'distance_accuracy_value', 'NONE');
#662 = CARTESIAN_POINT ( 'NONE',  ( 87.09999999999999432, -6.900000000000003020, -10.30000000000000071 ) ) ;
#663 = FILL_AREA_STYLE_COLOUR ( '', #26 ) ;
#664 = DIRECTION ( 'NONE',  ( -0.000000000000000000, -1.000000000000000000, -0.000000000000000000 ) ) ;
#665 = LINE ( 'NONE', #1737, #1562 ) ;
#666 = CARTESIAN_POINT ( 'NONE',  ( 87.09999999999999432, -10.10000000000000320, -12.29999999999999893 ) ) ;
#667 = CARTESIAN_POINT ( 'NONE',  ( 87.09999999999999432, -10.90000000000000036, -10.69999999999999929 ) ) ;
#668 = AXIS2_PLACEMENT_3D ( 'NONE', #2242, #1673, #386 ) ;
#669 = CARTESIAN_POINT ( 'NONE',  ( 87.09999999999999432, -7.700000000000000178, -12.29999999999999893 ) ) ;
#670 = EDGE_CURVE ( 'NONE', #1258, #301, #1081, .T. ) ;
#671 = VECTOR ( 'NONE', #904, 1000.000000000000000 ) ;
#672 = PLANE ( 'NONE',  #125 ) ;
#673 = DIRECTION ( 'NONE',  ( 0.000000000000000000, 0.000000000000000000, 1.000000000000000000 ) ) ;
#674 = LINE ( 'NONE', #1561, #1598 ) ;
#675 = LINE ( 'NONE', #2030, #445 ) ;
#676 = AXIS2_PLACEMENT_3D ( 'NONE', #1594, #1776, #1234 ) ;
#677 = DIRECTION ( 'NONE',  ( -1.000000000000000000, 0.000000000000000000, 0.000000000000000000 ) ) ;
#678 = ORIENTED_EDGE ( 'NONE', *, *, #2164, .T. ) ;
#679 = CARTESIAN_POINT ( 'NONE',  ( 87.09999999999999432, -6.100000000000003197, -9.500000000000000000 ) ) ;
#680 = VERTEX_POINT ( 'NONE', #764 ) ;
#681 = CARTESIAN_POINT ( 'NONE',  ( 87.09999999999999432, -2.499999999999999556, -12.29999999999999893 ) ) ;
#682 = ORIENTED_EDGE ( 'NONE', *, *, #1577, .F. ) ;
#683 = DIRECTION ( 'NONE',  ( -1.000000000000000000, 0.000000000000000000, 0.000000000000000000 ) ) ;
#684 = PLANE ( 'NONE',  #138 ) ;
#685 = EDGE_CURVE ( 'NONE', #218, #546, #687, .T. ) ;
#686 = CARTESIAN_POINT ( 'NONE',  ( 84.29999999999999716, -2.100000000000000089, -9.500000000000000000 ) ) ;
#687 = LINE ( 'NONE', #753, #2061 ) ;
#688 = CARTESIAN_POINT ( 'NONE',  ( 87.09999999999999432, -8.500000000000000000, -12.29999999999999893 ) ) ;
#689 = VECTOR ( 'NONE', #836, 1000.000000000000000 ) ;
#690 = DIRECTION ( 'NONE',  ( 1.000000000000000000, -0.000000000000000000, -0.000000000000000000 ) ) ;
#691 = DIRECTION ( 'NONE',  ( 0.000000000000000000, -0.000000000000000000, 1.000000000000000000 ) ) ;
#692 = LINE ( 'NONE', #1919, #1085 ) ;
#693 = EDGE_CURVE ( 'NONE', #505, #1303, #104, .T. ) ;
#694 = CARTESIAN_POINT ( 'NONE',  ( 87.09999999999999432, -8.900000000000000355, -12.29999999999999893 ) ) ;
#695 = VECTOR ( 'NONE', #1381, 1000.000000000000000 ) ;
#696 = CARTESIAN_POINT ( 'NONE',  ( 87.09999999999999432, -12.49999999999999822, -12.29999999999999893 ) ) ;
#697 = DIRECTION ( 'NONE',  ( 1.000000000000000000, 0.000000000000000000, 0.000000000000000000 ) ) ;
#698 = EDGE_LOOP ( 'NONE', ( #2282, #863, #62, #2227 ) ) ;
#699 = CARTESIAN_POINT ( 'NONE',  ( 84.29999999999999716, 6.299999999999996270, -11.50000000000000533 ) ) ;
#700 = EDGE_LOOP ( 'NONE', ( #1674, #1224, #1503, #2070 ) ) ;
#701 = EDGE_LOOP ( 'NONE', ( #925, #1568, #465, #1769 ) ) ;
#702 = ORIENTED_EDGE ( 'NONE', *, *, #1754, .F. ) ;
#703 = DIRECTION ( 'NONE',  ( -1.000000000000000000, 0.000000000000000000, -0.000000000000000000 ) ) ;
#704 = DIRECTION ( 'NONE',  ( 0.000000000000000000, 0.000000000000000000, 1.000000000000000000 ) ) ;
#705 = FACE_OUTER_BOUND ( 'NONE', #701, .T. ) ;
#706 = VECTOR ( 'NONE', #387, 1000.000000000000000 ) ;
#707 = VERTEX_POINT ( 'NONE', #1293 ) ;
#708 = ORIENTED_EDGE ( 'NONE', *, *, #2327, .F. ) ;
#709 = EDGE_CURVE ( 'NONE', #680, #2296, #371, .T. ) ;
#710 = ORIENTED_EDGE ( 'NONE', *, *, #1829, .T. ) ;
#711 = LINE ( 'NONE', #131, #1405 ) ;
#712 = EDGE_LOOP ( 'NONE', ( #365, #1047, #97, #1041 ) ) ;
#713 = CARTESIAN_POINT ( 'NONE',  ( 84.29999999999999716, 0.7000000000000000666, -12.29999999999999893 ) ) ;
#714 = CARTESIAN_POINT ( 'NONE',  ( 87.09999999999999432, 5.099999999999998757, -9.900000000000000355 ) ) ;
#715 = FACE_OUTER_BOUND ( 'NONE', #1194, .T. ) ;
#716 = DIRECTION ( 'NONE',  ( 0.000000000000000000, 1.355252715606880789E-16, -1.000000000000000000 ) ) ;
#717 = DIRECTION ( 'NONE',  ( -0.000000000000000000, -0.000000000000000000, 1.000000000000000000 ) ) ;
#718 = CARTESIAN_POINT ( 'NONE',  ( 84.29999999999999716, 4.699999999999999289, -13.49999999999999645 ) ) ;
#719 = ADVANCED_FACE ( 'NONE', ( #715 ), #1028, .T. ) ;
#720 = CARTESIAN_POINT ( 'NONE',  ( 87.09999999999999432, 1.100000000000000089, -12.29999999999999893 ) ) ;
#721 = EDGE_CURVE ( 'NONE', #621, #2141, #630, .T. ) ;
#722 = EDGE_CURVE ( 'NONE', #1290, #2269, #2029, .T. ) ;
#723 = CARTESIAN_POINT ( 'NONE',  ( 84.29999999999999716, -8.900000000000002132, -12.69999999999999751 ) ) ;
#724 = ORIENTED_EDGE ( 'NONE', *, *, #1813, .T. ) ;
#725 = AXIS2_PLACEMENT_3D ( 'NONE', #549, #1269, #704 ) ;
#726 = ORIENTED_EDGE ( 'NONE', *, *, #1695, .T. ) ;
#727 = DIRECTION ( 'NONE',  ( -1.000000000000000000, 0.000000000000000000, 0.000000000000000000 ) ) ;
#728 = VERTEX_POINT ( 'NONE', #2060 ) ;
#729 = ORIENTED_EDGE ( 'NONE', *, *, #721, .T. ) ;
#730 = CARTESIAN_POINT ( 'NONE',  ( 84.29999999999999716, -5.700000000000003730, -12.29999999999999893 ) ) ;
#731 = CIRCLE ( 'NONE', #1188, 1.199999999999999734 ) ;
#732 = EDGE_LOOP ( 'NONE', ( #2059, #1248, #825, #987 ) ) ;
#733 = VECTOR ( 'NONE', #81, 1000.000000000000000 ) ;
#734 = DIRECTION ( 'NONE',  ( 0.000000000000000000, 0.000000000000000000, 1.000000000000000000 ) ) ;
#735 = ORIENTED_EDGE ( 'NONE', *, *, #1595, .T. ) ;
#736 = CARTESIAN_POINT ( 'NONE',  ( 87.09999999999999432, 5.899999999999996803, -11.50000000000000533 ) ) ;
#737 = ORIENTED_EDGE ( 'NONE', *, *, #2121, .F. ) ;
#738 = ORIENTED_EDGE ( 'NONE', *, *, #1014, .F. ) ;
#739 = LINE ( 'NONE', #1951, #1659 ) ;
#740 = CARTESIAN_POINT ( 'NONE',  ( 84.29999999999999716, -16.89999999999999858, -9.499999999999996447 ) ) ;
#741 = ORIENTED_EDGE ( 'NONE', *, *, #1557, .F. ) ;
#742 = AXIS2_PLACEMENT_3D ( 'NONE', #1179, #795, #1361 ) ;
#743 = CARTESIAN_POINT ( 'NONE',  ( 87.09999999999999432, -10.90000000000000036, -12.29999999999999893 ) ) ;
#744 = ORIENTED_EDGE ( 'NONE', *, *, #2083, .F. ) ;
#745 = CARTESIAN_POINT ( 'NONE',  ( 87.09999999999999432, -12.50000000000000000, -12.69999999999999751 ) ) ;
#746 = ADVANCED_FACE ( 'NONE', ( #283 ), #1145, .F. ) ;
#747 = VECTOR ( 'NONE', #942, 1000.000000000000000 ) ;
#748 = ORIENTED_EDGE ( 'NONE', *, *, #1840, .T. ) ;
#749 = CIRCLE ( 'NONE', #1756, 0.3999999999999993006 ) ;
#750 = DIRECTION ( 'NONE',  ( 0.000000000000000000, 1.000000000000000000, 0.000000000000000000 ) ) ;
#751 = CIRCLE ( 'NONE', #1383, 0.3999999999999993006 ) ;
#752 = DIRECTION ( 'NONE',  ( -1.000000000000000000, 0.000000000000000000, 0.000000000000000000 ) ) ;
#753 = CARTESIAN_POINT ( 'NONE',  ( 84.29999999999999716, -0.9000000000000002442, -9.500000000000000000 ) ) ;
#754 = ORIENTED_EDGE ( 'NONE', *, *, #13, .F. ) ;
#755 = ADVANCED_FACE ( 'NONE', ( #570 ), #1777, .F. ) ;
#756 = CARTESIAN_POINT ( 'NONE',  ( 87.09999999999999432, -10.90000000000000036, -13.50000000000000000 ) ) ;
#757 = DIRECTION ( 'NONE',  ( 0.000000000000000000, 0.000000000000000000, 1.000000000000000000 ) ) ;
#758 = ORIENTED_EDGE ( 'NONE', *, *, #807, .F. ) ;
#759 = VECTOR ( 'NONE', #1552, 1000.000000000000000 ) ;
#760 = CARTESIAN_POINT ( 'NONE',  ( 84.29999999999999716, 5.499999999999999112, -10.70000000000000462 ) ) ;
#761 = EDGE_CURVE ( 'NONE', #249, #2048, #910, .T. ) ;
#762 = AXIS2_PLACEMENT_3D ( 'NONE', #1449, #1997, #321 ) ;
#763 = ORIENTED_EDGE ( 'NONE', *, *, #2366, .F. ) ;
#764 = CARTESIAN_POINT ( 'NONE',  ( 84.29999999999999716, 5.499999999999999112, -11.90000000000000391 ) ) ;
#765 = ADVANCED_FACE ( 'NONE', ( #1491 ), #1532, .F. ) ;
#766 = AXIS2_PLACEMENT_3D ( 'NONE', #355, #530, #2195 ) ;
#767 = EDGE_CURVE ( 'NONE', #1456, #2311, #1346, .T. ) ;
#768 = DIRECTION ( 'NONE',  ( 0.000000000000000000, 0.000000000000000000, 1.000000000000000000 ) ) ;
#769 = ORIENTED_EDGE ( 'NONE', *, *, #2300, .T. ) ;
#770 = VERTEX_POINT ( 'NONE', #1714 ) ;
#771 = DIRECTION ( 'NONE',  ( -0.000000000000000000, -0.000000000000000000, 1.000000000000000000 ) ) ;
#772 = FACE_OUTER_BOUND ( 'NONE', #1565, .T. ) ;
#773 = CARTESIAN_POINT ( 'NONE',  ( 87.09999999999999432, -7.300000000000000711, -10.69999999999999929 ) ) ;
#774 = CARTESIAN_POINT ( 'NONE',  ( 84.29999999999999716, -5.700000000000000178, -12.29999999999999893 ) ) ;
#775 = CARTESIAN_POINT ( 'NONE',  ( 87.09999999999999432, 5.899999999999996803, -11.10000000000000320 ) ) ;
#776 = ADVANCED_FACE ( 'NONE', ( #2208 ), #1547, .F. ) ;
#777 = DIRECTION ( 'NONE',  ( 1.000000000000000000, -0.000000000000000000, 0.000000000000000000 ) ) ;
#778 = CARTESIAN_POINT ( 'NONE',  ( 84.29999999999999716, -4.100000000000003197, -10.69999999999999929 ) ) ;
#779 = ORIENTED_EDGE ( 'NONE', *, *, #1215, .F. ) ;
#780 = CARTESIAN_POINT ( 'NONE',  ( 87.09999999999999432, -5.299999999999999822, -10.69999999999999929 ) ) ;
#781 = DIRECTION ( 'NONE',  ( 0.000000000000000000, 0.000000000000000000, 1.000000000000000000 ) ) ;
#782 = VERTEX_POINT ( 'NONE', #810 ) ;
#783 = DIRECTION ( 'NONE',  ( -1.000000000000000000, 0.000000000000000000, 0.000000000000000000 ) ) ;
#784 = CIRCLE ( 'NONE', #2218, 0.3999999999999993006 ) ;
#785 = PRODUCT_DEFINITION ( 'UNKNOWN', '', #575, #2024 ) ;
#786 = AXIS2_PLACEMENT_3D ( 'NONE', #806, #823, #2292 ) ;
#787 = EDGE_LOOP ( 'NONE', ( #2025, #1960, #1548, #1712 ) ) ;
#788 = ORIENTED_EDGE ( 'NONE', *, *, #557, .T. ) ;
#789 = CARTESIAN_POINT ( 'NONE',  ( 87.09999999999999432, -0.9000000000000002442, -10.69999999999999929 ) ) ;
#790 = EDGE_LOOP ( 'NONE', ( #171, #1904, #2020, #83 ) ) ;
#791 = ADVANCED_FACE ( 'NONE', ( #1583 ), #1465, .T. ) ;
#792 = DIRECTION ( 'NONE',  ( 0.000000000000000000, -1.355252715606880789E-16, 1.000000000000000000 ) ) ;
#793 = VERTEX_POINT ( 'NONE', #1697 ) ;
#794 = CARTESIAN_POINT ( 'NONE',  ( 84.29999999999999716, -10.50000000000000178, -10.69999999999999929 ) ) ;
#795 = DIRECTION ( 'NONE',  ( 0.000000000000000000, -1.000000000000000000, -1.355252715606880789E-16 ) ) ;
#796 = ORIENTED_EDGE ( 'NONE', *, *, #1432, .T. ) ;
#797 = EDGE_CURVE ( 'NONE', #1740, #2047, #1666, .T. ) ;
#798 = CIRCLE ( 'NONE', #259, 0.3999999999999993006 ) ;
#799 = ORIENTED_EDGE ( 'NONE', *, *, #107, .T. ) ;
#800 = VERTEX_POINT ( 'NONE', #599 ) ;
#801 = VECTOR ( 'NONE', #1437, 1000.000000000000000 ) ;
#802 = ORIENTED_EDGE ( 'NONE', *, *, #1397, .F. ) ;
#803 = FACE_OUTER_BOUND ( 'NONE', #712, .T. ) ;
#804 = DIRECTION ( 'NONE',  ( 0.000000000000000000, -0.000000000000000000, 1.000000000000000000 ) ) ;
#805 = CIRCLE ( 'NONE', #1402, 0.3999999999999993006 ) ;
#806 = CARTESIAN_POINT ( 'NONE',  ( 84.29999999999999716, -0.9000000000000023537, -10.69999999999999929 ) ) ;
#807 = EDGE_CURVE ( 'NONE', #1579, #249, #1000, .T. ) ;
#808 = CARTESIAN_POINT ( 'NONE',  ( 84.29999999999999716, 5.899999999999996803, -11.50000000000000355 ) ) ;
#809 = DIRECTION ( 'NONE',  ( -1.000000000000000000, 0.000000000000000000, 0.000000000000000000 ) ) ;
#810 = CARTESIAN_POINT ( 'NONE',  ( 84.29999999999999716, -2.500000000000001332, -12.69999999999999751 ) ) ;
#811 = AXIS2_PLACEMENT_3D ( 'NONE', #862, #1246, #2347 ) ;
#812 = CARTESIAN_POINT ( 'NONE',  ( 87.09999999999999432, -5.299999999999999822, -10.69999999999999929 ) ) ;
#813 = DIRECTION ( 'NONE',  ( 1.000000000000000000, -0.000000000000000000, -0.000000000000000000 ) ) ;
#814 = ORIENTED_EDGE ( 'NONE', *, *, #219, .T. ) ;
#815 = DIRECTION ( 'NONE',  ( 0.000000000000000000, 0.000000000000000000, -1.000000000000000000 ) ) ;
#816 = VECTOR ( 'NONE', #2071, 1000.000000000000000 ) ;
#817 = DIRECTION ( 'NONE',  ( 0.000000000000000000, -1.301042606982607530E-14, 1.000000000000000000 ) ) ;
#818 = ORIENTED_EDGE ( 'NONE', *, *, #479, .T. ) ;
#819 = DIRECTION ( 'NONE',  ( -1.000000000000000000, 0.000000000000000000, 0.000000000000000000 ) ) ;
#820 = DIRECTION ( 'NONE',  ( 0.000000000000000000, 0.000000000000000000, 1.000000000000000000 ) ) ;
#821 = DIRECTION ( 'NONE',  ( 0.000000000000000000, 0.000000000000000000, -1.000000000000000000 ) ) ;
#822 = ORIENTED_EDGE ( 'NONE', *, *, #134, .F. ) ;
#823 = DIRECTION ( 'NONE',  ( 1.000000000000000000, -0.000000000000000000, -0.000000000000000000 ) ) ;
#824 = CARTESIAN_POINT ( 'NONE',  ( 87.09999999999999432, 4.699999999999998401, -9.500000000000001776 ) ) ;
#825 = ORIENTED_EDGE ( 'NONE', *, *, #265, .F. ) ;
#826 = ORIENTED_EDGE ( 'NONE', *, *, #341, .T. ) ;
#827 = VERTEX_POINT ( 'NONE', #1522 ) ;
#828 = DIRECTION ( 'NONE',  ( 0.000000000000000000, -0.000000000000000000, 1.000000000000000000 ) ) ;
#829 = DIRECTION ( 'NONE',  ( 0.000000000000000000, 0.000000000000000000, 1.000000000000000000 ) ) ;
#830 = CARTESIAN_POINT ( 'NONE',  ( 87.09999999999999432, -4.500000000000000888, -13.50000000000000000 ) ) ;
#831 = EDGE_CURVE ( 'NONE', #1837, #85, #2177, .T. ) ;
#832 = DIRECTION ( 'NONE',  ( 1.000000000000000000, -0.000000000000000000, -0.000000000000000000 ) ) ;
#833 = DIRECTION ( 'NONE',  ( 0.000000000000000000, 0.000000000000000000, -1.000000000000000000 ) ) ;
#834 = DIRECTION ( 'NONE',  ( -1.000000000000000000, 0.000000000000000000, 0.000000000000000000 ) ) ;
#835 = CARTESIAN_POINT ( 'NONE',  ( 87.09999999999999432, -1.300000000000000266, -10.69999999999999929 ) ) ;
#836 = DIRECTION ( 'NONE',  ( -1.000000000000000000, 0.000000000000000000, 0.000000000000000000 ) ) ;
#837 = CARTESIAN_POINT ( 'NONE',  ( 84.29999999999999716, -5.700000000000005507, -13.49999999999999822 ) ) ;
#838 = EDGE_CURVE ( 'NONE', #603, #243, #515, .T. ) ;
#839 = ORIENTED_EDGE ( 'NONE', *, *, #1703, .T. ) ;
#840 = CARTESIAN_POINT ( 'NONE',  ( 87.09999999999999432, 4.699999999999998401, -9.900000000000000355 ) ) ;
#841 = AXIS2_PLACEMENT_3D ( 'NONE', #1042, #1238, #1974 ) ;
#842 = PLANE ( 'NONE',  #931 ) ;
#843 = ORIENTED_EDGE ( 'NONE', *, *, #1926, .T. ) ;
#844 = EDGE_CURVE ( 'NONE', #953, #1590, #223, .T. ) ;
#845 = DIRECTION ( 'NONE',  ( -1.000000000000000000, 0.000000000000000000, 0.000000000000000000 ) ) ;
#846 = LINE ( 'NONE', #1599, #934 ) ;
#847 = CARTESIAN_POINT ( 'NONE',  ( 87.09999999999999432, -2.500000000000000000, -12.29999999999999893 ) ) ;
#848 = VERTEX_POINT ( 'NONE', #2266 ) ;
#849 = DIRECTION ( 'NONE',  ( 0.000000000000000000, -1.000000000000000000, 0.000000000000000000 ) ) ;
#850 = EDGE_LOOP ( 'NONE', ( #2086, #181, #1952, #2146 ) ) ;
#851 = FACE_OUTER_BOUND ( 'NONE', #376, .T. ) ;
#852 = CARTESIAN_POINT ( 'NONE',  ( 84.29999999999999716, -3.700000000000002398, -10.69999999999999929 ) ) ;
#853 = VECTOR ( 'NONE', #885, 1000.000000000000000 ) ;
#854 = EDGE_LOOP ( 'NONE', ( #629, #1767, #1775, #788 ) ) ;
#855 = CYLINDRICAL_SURFACE ( 'NONE', #976, 0.3999999999999993006 ) ;
#856 = DIRECTION ( 'NONE',  ( 1.000000000000000000, -0.000000000000000000, -0.000000000000000000 ) ) ;
#857 = LINE ( 'NONE', #2199, #163 ) ;
#858 = AXIS2_PLACEMENT_3D ( 'NONE', #73, #261, #1555 ) ;
#859 = LINE ( 'NONE', #1802, #943 ) ;
#860 = CARTESIAN_POINT ( 'NONE',  ( 84.29999999999999716, -2.500000000000004441, -13.49999999999999822 ) ) ;
#861 = ORIENTED_EDGE ( 'NONE', *, *, #722, .T. ) ;
#862 = CARTESIAN_POINT ( 'NONE',  ( 84.29999999999999716, -12.49999999999999822, -12.29999999999999893 ) ) ;
#863 = ORIENTED_EDGE ( 'NONE', *, *, #1463, .T. ) ;
#864 = DIRECTION ( 'NONE',  ( 0.000000000000000000, 0.000000000000000000, 1.000000000000000000 ) ) ;
#865 = EDGE_CURVE ( 'NONE', #1323, #872, #1143, .T. ) ;
#866 = ORIENTED_EDGE ( 'NONE', *, *, #1397, .T. ) ;
#867 = DIRECTION ( 'NONE',  ( 1.000000000000000000, -0.000000000000000000, -0.000000000000000000 ) ) ;
#868 = AXIS2_PLACEMENT_3D ( 'NONE', #1156, #1355, #257 ) ;
#869 = CARTESIAN_POINT ( 'NONE',  ( 87.09999999999999432, -6.900000000000003020, -12.29999999999999893 ) ) ;
#870 = ORIENTED_EDGE ( 'NONE', *, *, #1448, .F. ) ;
#871 = VECTOR ( 'NONE', #792, 1000.000000000000000 ) ;
#872 = VERTEX_POINT ( 'NONE', #425 ) ;
#873 = CYLINDRICAL_SURFACE ( 'NONE', #1867, 1.199999999999999734 ) ;
#874 = ORIENTED_EDGE ( 'NONE', *, *, #1843, .F. ) ;
#875 = CARTESIAN_POINT ( 'NONE',  ( 87.09999999999999432, -11.70000000000000107, -9.500000000000000000 ) ) ;
#876 = EDGE_CURVE ( 'NONE', #1347, #1052, #1633, .T. ) ;
#877 = AXIS2_PLACEMENT_3D ( 'NONE', #36, #1700, #2268 ) ;
#878 = CARTESIAN_POINT ( 'NONE',  ( 87.09999999999999432, 6.299999999999996270, -11.10000000000000320 ) ) ;
#879 = ORIENTED_EDGE ( 'NONE', *, *, #1051, .F. ) ;
#880 = CARTESIAN_POINT ( 'NONE',  ( 87.09999999999999432, -12.89999999999999858, -9.499999999999996447 ) ) ;
#881 = DIRECTION ( 'NONE',  ( -1.000000000000000000, 0.000000000000000000, 0.000000000000000000 ) ) ;
#882 = AXIS2_PLACEMENT_3D ( 'NONE', #899, #750, #2023 ) ;
#883 = EDGE_CURVE ( 'NONE', #1825, #613, #2382, .T. ) ;
#884 = EDGE_CURVE ( 'NONE', #2117, #800, #609, .T. ) ;
#885 = DIRECTION ( 'NONE',  ( 1.000000000000000000, -0.000000000000000000, -0.000000000000000000 ) ) ;
#886 = DIRECTION ( 'NONE',  ( 0.000000000000000000, 0.000000000000000000, 1.000000000000000000 ) ) ;
#887 = AXIS2_PLACEMENT_3D ( 'NONE', #2143, #697, #1623 ) ;
#888 = FACE_OUTER_BOUND ( 'NONE', #2110, .T. ) ;
#889 = ORIENTED_EDGE ( 'NONE', *, *, #50, .T. ) ;
#890 = DIRECTION ( 'NONE',  ( 1.000000000000000000, -0.000000000000000000, -0.000000000000000000 ) ) ;
#891 = EDGE_LOOP ( 'NONE', ( #799, #1414, #2371, #1762 ) ) ;
#892 = CARTESIAN_POINT ( 'NONE',  ( 84.29999999999999716, 0.2999999999999977685, -12.29999999999999893 ) ) ;
#893 = ADVANCED_FACE ( 'NONE', ( #1834 ), #1266, .T. ) ;
#894 = CYLINDRICAL_SURFACE ( 'NONE', #887, 0.3999999999999993006 ) ;
#895 = CARTESIAN_POINT ( 'NONE',  ( 87.09999999999999432, -10.10000000000000320, -10.30000000000000071 ) ) ;
#896 = ORIENTED_EDGE ( 'NONE', *, *, #1007, .F. ) ;
#897 = CIRCLE ( 'NONE', #1496, 0.3999999999999993006 ) ;
#898 = ORIENTED_EDGE ( 'NONE', *, *, #1709, .F. ) ;
#899 = CARTESIAN_POINT ( 'NONE',  ( 0.000000000000000000, -6.100000000000001421, 0.000000000000000000 ) ) ;
#900 = LINE ( 'NONE', #1980, #534 ) ;
#901 = AXIS2_PLACEMENT_3D ( 'NONE', #789, #1181, #1364 ) ;
#902 = AXIS2_PLACEMENT_3D ( 'NONE', #2342, #2129, #1966 ) ;
#903 = ORIENTED_EDGE ( 'NONE', *, *, #90, .T. ) ;
#904 = DIRECTION ( 'NONE',  ( -1.000000000000000000, 0.000000000000000000, 0.000000000000000000 ) ) ;
#905 = DIRECTION ( 'NONE',  ( 1.000000000000000000, 0.000000000000000000, 0.000000000000000000 ) ) ;
#906 = VERTEX_POINT ( 'NONE', #230 ) ;
#907 = LINE ( 'NONE', #1968, #801 ) ;
#908 = VERTEX_POINT ( 'NONE', #1766 ) ;
#909 = DIRECTION ( 'NONE',  ( 0.000000000000000000, 0.000000000000000000, -1.000000000000000000 ) ) ;
#910 = LINE ( 'NONE', #2288, #1971 ) ;
#911 = EDGE_LOOP ( 'NONE', ( #1685, #1566, #879, #678 ) ) ;
#912 = LINE ( 'NONE', #1932, #2211 ) ;
#913 = CARTESIAN_POINT ( 'NONE',  ( 84.29999999999999716, -4.100000000000000533, -10.69999999999999929 ) ) ;
#914 = VECTOR ( 'NONE', #358, 1000.000000000000000 ) ;
#915 = CYLINDRICAL_SURFACE ( 'NONE', #676, 1.199999999999999734 ) ;
#916 = ADVANCED_FACE ( 'NONE', ( #2098 ), #1785, .T. ) ;
#917 = ORIENTED_EDGE ( 'NONE', *, *, #1051, .T. ) ;
#918 = CARTESIAN_POINT ( 'NONE',  ( 84.29999999999999716, -0.5000000000000022204, -12.30000000000000604 ) ) ;
#919 = ORIENTED_EDGE ( 'NONE', *, *, #1213, .F. ) ;
#920 = DIRECTION ( 'NONE',  ( -0.000000000000000000, 1.000000000000000000, -1.734723475976808869E-15 ) ) ;
#921 = EDGE_CURVE ( 'NONE', #2311, #166, #805, .T. ) ;
#922 = ORIENTED_EDGE ( 'NONE', *, *, #391, .T. ) ;
#923 = CIRCLE ( 'NONE', #1151, 1.199999999999999734 ) ;
#924 = AXIS2_PLACEMENT_3D ( 'NONE', #2154, #309, #1049 ) ;
#925 = ORIENTED_EDGE ( 'NONE', *, *, #1097, .T. ) ;
#926 = VERTEX_POINT ( 'NONE', #1223 ) ;
#927 = VECTOR ( 'NONE', #22, 1000.000000000000000 ) ;
#928 = VECTOR ( 'NONE', #2063, 1000.000000000000000 ) ;
#929 = ORIENTED_EDGE ( 'NONE', *, *, #767, .T. ) ;
#930 = ADVANCED_FACE ( 'NONE', ( #1526 ), #1667, .F. ) ;
#931 = AXIS2_PLACEMENT_3D ( 'NONE', #2096, #2127, #828 ) ;
#932 = DIRECTION ( 'NONE',  ( 0.000000000000000000, -0.000000000000000000, 1.000000000000000000 ) ) ;
#933 = VERTEX_POINT ( 'NONE', #466 ) ;
#934 = VECTOR ( 'NONE', #136, 1000.000000000000000 ) ;
#935 = CARTESIAN_POINT ( 'NONE',  ( 84.29999999999999716, -12.50000000000000000, -12.69999999999999751 ) ) ;
#936 = ORIENTED_EDGE ( 'NONE', *, *, #2377, .T. ) ;
#937 = ORIENTED_EDGE ( 'NONE', *, *, #1302, .F. ) ;
#938 = ORIENTED_EDGE ( 'NONE', *, *, #1926, .F. ) ;
#939 = CARTESIAN_POINT ( 'NONE',  ( 87.09999999999999432, -0.5000000000000022204, -12.30000000000000604 ) ) ;
#940 = CIRCLE ( 'NONE', #2042, 0.3999999999999993006 ) ;
#941 = ADVANCED_FACE ( 'NONE', ( #572 ), #2328, .T. ) ;
#942 = DIRECTION ( 'NONE',  ( 0.000000000000000000, -1.355252715606880789E-16, 1.000000000000000000 ) ) ;
#943 = VECTOR ( 'NONE', #849, 1000.000000000000000 ) ;
#944 = DIRECTION ( 'NONE',  ( 0.000000000000000000, -0.000000000000000000, 1.000000000000000000 ) ) ;
#945 = VECTOR ( 'NONE', #1357, 1000.000000000000000 ) ;
#946 = ADVANCED_BREP_SHAPE_REPRESENTATION ( 'spring', ( #1808, #2283 ), #569 ) ;
#947 = AXIS2_PLACEMENT_3D ( 'NONE', #1757, #298, #637 ) ;
#948 = ORIENTED_EDGE ( 'NONE', *, *, #2298, .F. ) ;
#949 = CARTESIAN_POINT ( 'NONE',  ( 87.09999999999999432, -12.50000000000000000, -12.69999999999999751 ) ) ;
#950 = EDGE_CURVE ( 'NONE', #1699, #1852, #2064, .T. ) ;
#951 = DIRECTION ( 'NONE',  ( -1.000000000000000000, 0.000000000000000000, -0.000000000000000000 ) ) ;
#952 = DIRECTION ( 'NONE',  ( -1.000000000000000000, -0.000000000000000000, -0.000000000000000000 ) ) ;
#953 = VERTEX_POINT ( 'NONE', #1736 ) ;
#954 = FACE_OUTER_BOUND ( 'NONE', #323, .T. ) ;
#955 = CARTESIAN_POINT ( 'NONE',  ( 87.09999999999999432, -12.09999999999999964, -12.29999999999999893 ) ) ;
#956 = ADVANCED_FACE ( 'NONE', ( #458 ), #1138, .T. ) ;
#957 = CARTESIAN_POINT ( 'NONE',  ( 87.09999999999999432, -7.700000000000000178, -12.29999999999999893 ) ) ;
#958 = DIRECTION ( 'NONE',  ( 0.000000000000000000, 0.000000000000000000, -1.000000000000000000 ) ) ;
#959 = EDGE_LOOP ( 'NONE', ( #1656, #1887, #1452, #1592 ) ) ;
#960 = CARTESIAN_POINT ( 'NONE',  ( 87.09999999999999432, -4.100000000000003197, -10.69999999999999929 ) ) ;
#961 = AXIS2_PLACEMENT_3D ( 'NONE', #2223, #2012, #374 ) ;
#962 = EDGE_CURVE ( 'NONE', #2186, #1936, #1723, .T. ) ;
#963 = ORIENTED_EDGE ( 'NONE', *, *, #490, .T. ) ;
#964 = DIRECTION ( 'NONE',  ( 0.000000000000000000, 0.000000000000000000, -1.000000000000000000 ) ) ;
#965 = VECTOR ( 'NONE', #508, 1000.000000000000000 ) ;
#966 = ORIENTED_EDGE ( 'NONE', *, *, #312, .T. ) ;
#967 = EDGE_CURVE ( 'NONE', #1845, #1386, #1459, .T. ) ;
#968 = EDGE_CURVE ( 'NONE', #1360, #933, #250, .T. ) ;
#969 = CARTESIAN_POINT ( 'NONE',  ( 84.29999999999999716, 5.099999999999998757, -9.900000000000000355 ) ) ;
#970 = ORIENTED_EDGE ( 'NONE', *, *, #647, .T. ) ;
#971 = DIRECTION ( 'NONE',  ( -1.000000000000000000, 0.000000000000000000, 0.000000000000000000 ) ) ;
#972 = VECTOR ( 'NONE', #2126, 1000.000000000000000 ) ;
#973 = ORIENTED_EDGE ( 'NONE', *, *, #1869, .F. ) ;
#974 = CARTESIAN_POINT ( 'NONE',  ( 87.09999999999999432, -16.89999999999999858, -9.499999999999996447 ) ) ;
#975 = VECTOR ( 'NONE', #2094, 1000.000000000000000 ) ;
#976 = AXIS2_PLACEMENT_3D ( 'NONE', #178, #1488, #188 ) ;
#977 = DIRECTION ( 'NONE',  ( -1.000000000000000000, 0.000000000000000000, 0.000000000000000000 ) ) ;
#978 = VECTOR ( 'NONE', #215, 1000.000000000000000 ) ;
#979 = EDGE_CURVE ( 'NONE', #43, #340, #2272, .T. ) ;
#980 = DIRECTION ( 'NONE',  ( 1.000000000000000000, -0.000000000000000000, -0.000000000000000000 ) ) ;
#981 = CARTESIAN_POINT ( 'NONE',  ( 84.29999999999999716, -12.89999999999999858, -9.499999999999996447 ) ) ;
#982 = EDGE_CURVE ( 'NONE', #2269, #1982, #1628, .T. ) ;
#983 = DIRECTION ( 'NONE',  ( 0.000000000000000000, 0.000000000000000000, 1.000000000000000000 ) ) ;
#984 = AXIS2_PLACEMENT_3D ( 'NONE', #960, #986, #1144 ) ;
#985 = ORIENTED_EDGE ( 'NONE', *, *, #361, .F. ) ;
#986 = DIRECTION ( 'NONE',  ( -1.000000000000000000, 0.000000000000000000, 0.000000000000000000 ) ) ;
#987 = ORIENTED_EDGE ( 'NONE', *, *, #434, .F. ) ;
#988 = VECTOR ( 'NONE', #237, 1000.000000000000000 ) ;
#989 = DIRECTION ( 'NONE',  ( 1.000000000000000000, -0.000000000000000000, -0.000000000000000000 ) ) ;
#990 = VECTOR ( 'NONE', #2084, 1000.000000000000000 ) ;
#991 = CARTESIAN_POINT ( 'NONE',  ( 87.09999999999999432, -5.700000000000000178, -12.29999999999999893 ) ) ;
#992 = ORIENTED_EDGE ( 'NONE', *, *, #168, .F. ) ;
#993 = FACE_OUTER_BOUND ( 'NONE', #2114, .T. ) ;
#994 = ORIENTED_EDGE ( 'NONE', *, *, #96, .T. ) ;
#995 = CYLINDRICAL_SURFACE ( 'NONE', #346, 0.3999999999999993006 ) ;
#996 = DIRECTION ( 'NONE',  ( -0.000000000000000000, 1.000000000000000000, 0.000000000000000000 ) ) ;
#997 = ORIENTED_EDGE ( 'NONE', *, *, #1208, .F. ) ;
#998 = CARTESIAN_POINT ( 'NONE',  ( 84.29999999999999716, -6.100000000000003197, -9.500000000000000000 ) ) ;
#999 = ORIENTED_EDGE ( 'NONE', *, *, #2334, .F. ) ;
#1000 = LINE ( 'NONE', #974, #253 ) ;
#1001 = EDGE_LOOP ( 'NONE', ( #432, #866, #455, #2054 ) ) ;
#1002 = DIRECTION ( 'NONE',  ( -1.000000000000000000, 0.000000000000000000, 0.000000000000000000 ) ) ;
#1003 = CIRCLE ( 'NONE', #786, 0.3999999999999993006 ) ;
#1004 = DIRECTION ( 'NONE',  ( -1.000000000000000000, 0.000000000000000000, 0.000000000000000000 ) ) ;
#1005 = DIRECTION ( 'NONE',  ( -1.000000000000000000, 0.000000000000000000, 0.000000000000000000 ) ) ;
#1006 = FACE_OUTER_BOUND ( 'NONE', #2380, .T. ) ;
#1007 = EDGE_CURVE ( 'NONE', #926, #1347, #187, .T. ) ;
#1008 = DIRECTION ( 'NONE',  ( 0.000000000000000000, 0.000000000000000000, 1.000000000000000000 ) ) ;
#1009 = PRESENTATION_LAYER_ASSIGNMENT (  '', '', ( #1426 ) ) ;
#1010 = CARTESIAN_POINT ( 'NONE',  ( 84.29999999999999716, -4.100000000000000533, -9.500000000000000000 ) ) ;
#1011 = CARTESIAN_POINT ( 'NONE',  ( 84.29999999999999716, 1.100000000000000089, -12.29999999999999893 ) ) ;
#1012 = EDGE_CURVE ( 'NONE', #1169, #1428, #656, .T. ) ;
#1013 = ORIENTED_EDGE ( 'NONE', *, *, #722, .F. ) ;
#1014 = EDGE_CURVE ( 'NONE', #535, #369, #711, .T. ) ;
#1015 = ORIENTED_EDGE ( 'NONE', *, *, #17, .F. ) ;
#1016 = CARTESIAN_POINT ( 'NONE',  ( 87.09999999999999432, 1.099999999999998535, -9.500000000000001776 ) ) ;
#1017 = VECTOR ( 'NONE', #777, 1000.000000000000000 ) ;
#1018 = AXIS2_PLACEMENT_3D ( 'NONE', #1957, #2153, #1631 ) ;
#1019 = VECTOR ( 'NONE', #1701, 1000.000000000000000 ) ;
#1020 = CARTESIAN_POINT ( 'NONE',  ( 84.29999999999999716, -7.300000000000000711, -10.69999999999999929 ) ) ;
#1021 = CARTESIAN_POINT ( 'NONE',  ( 87.09999999999999432, -2.100000000000000089, -12.29999999999999893 ) ) ;
#1022 = VERTEX_POINT ( 'NONE', #1230 ) ;
#1023 = ORIENTED_EDGE ( 'NONE', *, *, #1993, .F. ) ;
#1024 = VECTOR ( 'NONE', #1475, 1000.000000000000000 ) ;
#1025 = DIRECTION ( 'NONE',  ( 0.000000000000000000, 0.000000000000000000, 1.000000000000000000 ) ) ;
#1026 = VERTEX_POINT ( 'NONE', #1064 ) ;
#1027 = CARTESIAN_POINT ( 'NONE',  ( 84.29999999999999716, -12.10000000000000142, -12.69999999999999751 ) ) ;
#1028 = CYLINDRICAL_SURFACE ( 'NONE', #1582, 0.3999999999999993006 ) ;
#1029 = DIRECTION ( 'NONE',  ( -1.000000000000000000, 0.000000000000000000, 0.000000000000000000 ) ) ;
#1030 = ORIENTED_EDGE ( 'NONE', *, *, #979, .F. ) ;
#1031 = DIRECTION ( 'NONE',  ( 0.000000000000000000, 0.000000000000000000, -1.000000000000000000 ) ) ;
#1032 = VERTEX_POINT ( 'NONE', #1255 ) ;
#1033 = ORIENTED_EDGE ( 'NONE', *, *, #1463, .F. ) ;
#1034 = AXIS2_PLACEMENT_3D ( 'NONE', #1653, #1636, #1108 ) ;
#1035 = CARTESIAN_POINT ( 'NONE',  ( 87.09999999999999432, -0.5000000000000022204, -10.30000000000000071 ) ) ;
#1036 = ADVANCED_FACE ( 'NONE', ( #156 ), #1976, .F. ) ;
#1037 = VERTEX_POINT ( 'NONE', #499 ) ;
#1038 = LINE ( 'NONE', #48, #988 ) ;
#1039 = CIRCLE ( 'NONE', #1177, 0.3999999999999993006 ) ;
#1040 = CYLINDRICAL_SURFACE ( 'NONE', #1731, 0.3999999999999993006 ) ;
#1041 = ORIENTED_EDGE ( 'NONE', *, *, #2193, .F. ) ;
#1042 = CARTESIAN_POINT ( 'NONE',  ( 84.29999999999999716, -8.900000000000003908, -12.29999999999999893 ) ) ;
#1043 = ORIENTED_EDGE ( 'NONE', *, *, #1297, .F. ) ;
#1044 = CIRCLE ( 'NONE', #1259, 0.3999999999999993006 ) ;
#1045 = ORIENTED_EDGE ( 'NONE', *, *, #2083, .T. ) ;
#1046 = VECTOR ( 'NONE', #381, 1000.000000000000000 ) ;
#1047 = ORIENTED_EDGE ( 'NONE', *, *, #1994, .T. ) ;
#1048 = DIRECTION ( 'NONE',  ( 0.000000000000000000, 0.000000000000000000, 1.000000000000000000 ) ) ;
#1049 = DIRECTION ( 'NONE',  ( 0.000000000000000000, 0.000000000000000000, 1.000000000000000000 ) ) ;
#1050 = VECTOR ( 'NONE', #1260, 1000.000000000000000 ) ;
#1051 = EDGE_CURVE ( 'NONE', #1314, #1277, #42, .T. ) ;
#1052 = VERTEX_POINT ( 'NONE', #517 ) ;
#1053 = DIRECTION ( 'NONE',  ( 0.000000000000000000, -1.000000000000000000, 0.000000000000000000 ) ) ;
#1054 = CARTESIAN_POINT ( 'NONE',  ( 87.09999999999999432, -2.500000000000001332, -12.69999999999999751 ) ) ;
#1055 = CYLINDRICAL_SURFACE ( 'NONE', #1743, 1.199999999999999734 ) ;
#1056 = CIRCLE ( 'NONE', #608, 0.3999999999999993006 ) ;
#1057 = LINE ( 'NONE', #869, #460 ) ;
#1058 = DIRECTION ( 'NONE',  ( -1.000000000000000000, 0.000000000000000000, 0.000000000000000000 ) ) ;
#1059 = VERTEX_POINT ( 'NONE', #1961 ) ;
#1060 = DIRECTION ( 'NONE',  ( 1.000000000000000000, 0.000000000000000000, 0.000000000000000000 ) ) ;
#1061 = PRESENTATION_STYLE_ASSIGNMENT (( #303 ) ) ;
#1062 = CARTESIAN_POINT ( 'NONE',  ( 87.09999999999999432, -8.900000000000002132, -12.29999999999999893 ) ) ;
#1063 = ORIENTED_EDGE ( 'NONE', *, *, #273, .F. ) ;
#1064 = CARTESIAN_POINT ( 'NONE',  ( 84.29999999999999716, -5.700000000000001066, -12.69999999999999751 ) ) ;
#1065 = AXIS2_PLACEMENT_3D ( 'NONE', #1350, #2252, #964 ) ;
#1066 = EDGE_CURVE ( 'NONE', #2103, #1852, #2144, .T. ) ;
#1067 = ORIENTED_EDGE ( 'NONE', *, *, #2040, .T. ) ;
#1068 = ADVANCED_FACE ( 'NONE', ( #2204 ), #2165, .F. ) ;
#1069 =( LENGTH_UNIT ( ) NAMED_UNIT ( * ) SI_UNIT ( .MILLI., .METRE. ) );
#1070 = DIRECTION ( 'NONE',  ( 1.000000000000000000, -0.000000000000000000, -0.000000000000000000 ) ) ;
#1071 = VERTEX_POINT ( 'NONE', #860 ) ;
#1072 = VECTOR ( 'NONE', #1889, 1000.000000000000000 ) ;
#1073 = EDGE_LOOP ( 'NONE', ( #113, #510, #638, #422 ) ) ;
#1074 = CARTESIAN_POINT ( 'NONE',  ( 84.29999999999999716, -2.500000000000000000, -12.29999999999999893 ) ) ;
#1075 = LINE ( 'NONE', #1283, #2027 ) ;
#1076 = AXIS2_PLACEMENT_3D ( 'NONE', #574, #206, #633 ) ;
#1077 = FILL_AREA_STYLE ('',( #1243 ) ) ;
#1078 = EDGE_CURVE ( 'NONE', #1936, #2041, #2324, .T. ) ;
#1079 = DIRECTION ( 'NONE',  ( -1.000000000000000000, 0.000000000000000000, 0.000000000000000000 ) ) ;
#1080 = ORIENTED_EDGE ( 'NONE', *, *, #16, .F. ) ;
#1081 = LINE ( 'NONE', #404, #2089 ) ;
#1082 = AXIS2_PLACEMENT_3D ( 'NONE', #2161, #1058, #1613 ) ;
#1083 = EDGE_CURVE ( 'NONE', #1438, #707, #1231, .T. ) ;
#1084 = EDGE_CURVE ( 'NONE', #1474, #2296, #907, .T. ) ;
#1085 = VECTOR ( 'NONE', #373, 1000.000000000000000 ) ;
#1086 = AXIS2_PLACEMENT_3D ( 'NONE', #2354, #319, #886 ) ;
#1087 = ADVANCED_FACE ( 'NONE', ( #2056 ), #2389, .F. ) ;
#1088 = CYLINDRICAL_SURFACE ( 'NONE', #190, 1.199999999999999734 ) ;
#1089 = CARTESIAN_POINT ( 'NONE',  ( 84.29999999999999716, 5.899999999999996803, -11.90000000000000391 ) ) ;
#1090 = DIRECTION ( 'NONE',  ( 0.000000000000000000, 1.000000000000000000, 0.000000000000000000 ) ) ;
#1091 = EDGE_CURVE ( 'NONE', #199, #1812, #1999, .T. ) ;
#1092 = EDGE_LOOP ( 'NONE', ( #1023, #28, #724, #929 ) ) ;
#1093 = EDGE_LOOP ( 'NONE', ( #2321, #2137, #452, #484 ) ) ;
#1094 = CARTESIAN_POINT ( 'NONE',  ( 84.29999999999999716, -7.300000000000000711, -9.500000000000000000 ) ) ;
#1095 = EDGE_LOOP ( 'NONE', ( #1209, #1818, #744, #999 ) ) ;
#1096 = CARTESIAN_POINT ( 'NONE',  ( 87.09999999999999432, -5.700000000000000178, -12.29999999999999893 ) ) ;
#1097 = EDGE_CURVE ( 'NONE', #2048, #1576, #1075, .T. ) ;
#1098 = ADVANCED_FACE ( 'NONE', ( #302 ), #1940, .T. ) ;
#1099 = DIRECTION ( 'NONE',  ( 0.000000000000000000, 0.000000000000000000, 1.000000000000000000 ) ) ;
#1100 = AXIS2_PLACEMENT_3D ( 'NONE', #2277, #607, #781 ) ;
#1101 = ORIENTED_EDGE ( 'NONE', *, *, #950, .T. ) ;
#1102 = DIRECTION ( 'NONE',  ( 0.000000000000000000, 0.000000000000000000, 1.000000000000000000 ) ) ;
#1103 = LINE ( 'NONE', #146, #1313 ) ;
#1104 = VERTEX_POINT ( 'NONE', #1296 ) ;
#1105 = CARTESIAN_POINT ( 'NONE',  ( 87.09999999999999432, -11.70000000000000107, -12.29999999999999893 ) ) ;
#1106 = VECTOR ( 'NONE', #158, 1000.000000000000000 ) ;
#1107 = EDGE_LOOP ( 'NONE', ( #1217, #1030, #870, #40 ) ) ;
#1108 = DIRECTION ( 'NONE',  ( 0.000000000000000000, 0.000000000000000000, 1.000000000000000000 ) ) ;
#1109 = CARTESIAN_POINT ( 'NONE',  ( 87.09999999999999432, -11.70000000000000107, -12.69999999999999929 ) ) ;
#1110 = ADVANCED_FACE ( 'NONE', ( #486 ), #4, .F. ) ;
#1111 = CIRCLE ( 'NONE', #2373, 0.3999999999999993006 ) ;
#1112 = ORIENTED_EDGE ( 'NONE', *, *, #2355, .T. ) ;
#1113 = EDGE_CURVE ( 'NONE', #170, #2048, #1606, .T. ) ;
#1114 = DIRECTION ( 'NONE',  ( -0.000000000000000000, 1.000000000000000000, 2.168404344971008474E-15 ) ) ;
#1115 = AXIS2_PLACEMENT_3D ( 'NONE', #440, #1901, #1332 ) ;
#1116 = CARTESIAN_POINT ( 'NONE',  ( 87.09999999999999432, 5.499999999999999112, -10.70000000000000462 ) ) ;
#1117 = VERTEX_POINT ( 'NONE', #182 ) ;
#1118 = PLANE ( 'NONE',  #2139 ) ;
#1119 = ADVANCED_FACE ( 'NONE', ( #851 ), #1910, .T. ) ;
#1120 = DIRECTION ( 'NONE',  ( -1.000000000000000000, -0.000000000000000000, -0.000000000000000000 ) ) ;
#1121 = EDGE_CURVE ( 'NONE', #85, #419, #627, .T. ) ;
#1122 = CIRCLE ( 'NONE', #194, 0.3999999999999993006 ) ;
#1123 =( GEOMETRIC_REPRESENTATION_CONTEXT ( 3 ) GLOBAL_UNCERTAINTY_ASSIGNED_CONTEXT ( ( #661 ) ) GLOBAL_UNIT_ASSIGNED_CONTEXT ( ( #2174, #2368, #1964 ) ) REPRESENTATION_CONTEXT ( 'NONE', 'WORKASPACE' ) );
#1124 = DIRECTION ( 'NONE',  ( 1.000000000000000000, 0.000000000000000000, -0.000000000000000000 ) ) ;
#1125 = ORIENTED_EDGE ( 'NONE', *, *, #967, .F. ) ;
#1126 = VECTOR ( 'NONE', #952, 1000.000000000000000 ) ;
#1127 = DIRECTION ( 'NONE',  ( 0.000000000000000000, -0.000000000000000000, 1.000000000000000000 ) ) ;
#1128 = ORIENTED_EDGE ( 'NONE', *, *, #1676, .F. ) ;
#1129 = VECTOR ( 'NONE', #420, 1000.000000000000000 ) ;
#1130 = CARTESIAN_POINT ( 'NONE',  ( 84.29999999999999716, -7.700000000000001066, -10.70000000000000107 ) ) ;
#1131 = EDGE_CURVE ( 'NONE', #514, #444, #41, .T. ) ;
#1132 = EDGE_CURVE ( 'NONE', #189, #1965, #1549, .T. ) ;
#1133 = LINE ( 'NONE', #2148, #965 ) ;
#1134 = ORIENTED_EDGE ( 'NONE', *, *, #275, .F. ) ;
#1135 = ADVANCED_FACE ( 'NONE', ( #564 ), #1665, .T. ) ;
#1136 = LINE ( 'NONE', #578, #1342 ) ;
#1137 = ORIENTED_EDGE ( 'NONE', *, *, #1302, .T. ) ;
#1138 = CYLINDRICAL_SURFACE ( 'NONE', #1492, 0.3999999999999993006 ) ;
#1139 = ORIENTED_EDGE ( 'NONE', *, *, #967, .T. ) ;
#1140 = DIRECTION ( 'NONE',  ( 1.000000000000000000, -0.000000000000000000, -0.000000000000000000 ) ) ;
#1141 = DIRECTION ( 'NONE',  ( -1.000000000000000000, 0.000000000000000000, 0.000000000000000000 ) ) ;
#1142 = CARTESIAN_POINT ( 'NONE',  ( 87.09999999999999432, -10.10000000000000320, -12.29999999999999893 ) ) ;
#1143 = LINE ( 'NONE', #52, #660 ) ;
#1144 = DIRECTION ( 'NONE',  ( 0.000000000000000000, 0.000000000000000000, 1.000000000000000000 ) ) ;
#1145 = PLANE ( 'NONE',  #1981 ) ;
#1146 = DIRECTION ( 'NONE',  ( 0.000000000000000000, 0.000000000000000000, 1.000000000000000000 ) ) ;
#1147 = DIRECTION ( 'NONE',  ( -0.000000000000000000, 1.000000000000000000, 0.000000000000000000 ) ) ;
#1148 = ORIENTED_EDGE ( 'NONE', *, *, #1589, .F. ) ;
#1149 = ADVANCED_FACE ( 'NONE', ( #366 ), #1886, .F. ) ;
#1150 = DIRECTION ( 'NONE',  ( 0.000000000000000000, 0.000000000000000000, 1.000000000000000000 ) ) ;
#1151 = AXIS2_PLACEMENT_3D ( 'NONE', #523, #2147, #1950 ) ;
#1152 = ORIENTED_EDGE ( 'NONE', *, *, #1470, .T. ) ;
#1153 = DIRECTION ( 'NONE',  ( -1.000000000000000000, 0.000000000000000000, 0.000000000000000000 ) ) ;
#1154 = PLANE ( 'NONE',  #858 ) ;
#1155 = ORIENTED_EDGE ( 'NONE', *, *, #685, .F. ) ;
#1156 = CARTESIAN_POINT ( 'NONE',  ( 87.09999999999999432, -11.70000000000000107, -12.69999999999999929 ) ) ;
#1157 = DIRECTION ( 'NONE',  ( 0.000000000000000000, 0.000000000000000000, 1.000000000000000000 ) ) ;
#1158 = ORIENTED_EDGE ( 'NONE', *, *, #1462, .T. ) ;
#1159 = CARTESIAN_POINT ( 'NONE',  ( 87.09999999999999432, -2.500000000000000000, -12.29999999999999893 ) ) ;
#1160 = LINE ( 'NONE', #2004, #671 ) ;
#1161 = CARTESIAN_POINT ( 'NONE',  ( 0.000000000000000000, 0.2999999999999999334, -12.29999999999999893 ) ) ;
#1162 = CARTESIAN_POINT ( 'NONE',  ( 87.09999999999999432, -10.50000000000000000, -10.30000000000000071 ) ) ;
#1163 = ORIENTED_EDGE ( 'NONE', *, *, #557, .F. ) ;
#1164 = DIRECTION ( 'NONE',  ( 0.000000000000000000, 1.000000000000000000, 0.000000000000000000 ) ) ;
#1165 = VERTEX_POINT ( 'NONE', #2376 ) ;
#1166 = AXIS2_PLACEMENT_3D ( 'NONE', #595, #1519, #1679 ) ;
#1167 = ORIENTED_EDGE ( 'NONE', *, *, #2260, .F. ) ;
#1168 = DIRECTION ( 'NONE',  ( 1.000000000000000000, -0.000000000000000000, -0.000000000000000000 ) ) ;
#1169 = VERTEX_POINT ( 'NONE', #1881 ) ;
#1170 = DIRECTION ( 'NONE',  ( 0.000000000000000000, 0.000000000000000000, -1.000000000000000000 ) ) ;
#1171 = CIRCLE ( 'NONE', #1878, 0.3999999999999993006 ) ;
#1172 = CARTESIAN_POINT ( 'NONE',  ( 84.29999999999999716, -10.90000000000000036, -10.70000000000000107 ) ) ;
#1173 = CARTESIAN_POINT ( 'NONE',  ( 87.09999999999999432, -4.100000000000000533, -9.500000000000000000 ) ) ;
#1174 = LINE ( 'NONE', #639, #689 ) ;
#1175 = EDGE_CURVE ( 'NONE', #1428, #1651, #513, .T. ) ;
#1176 = LINE ( 'NONE', #1764, #2152 ) ;
#1177 = AXIS2_PLACEMENT_3D ( 'NONE', #2304, #832, #473 ) ;
#1178 = CARTESIAN_POINT ( 'NONE',  ( 87.09999999999999432, -2.100000000000000089, -9.500000000000000000 ) ) ;
#1179 = CARTESIAN_POINT ( 'NONE',  ( 87.09999999999999432, -1.300000000000000044, -13.50000000000000000 ) ) ;
#1180 = EDGE_CURVE ( 'NONE', #294, #1590, #1404, .T. ) ;
#1181 = DIRECTION ( 'NONE',  ( -1.000000000000000000, 0.000000000000000000, 0.000000000000000000 ) ) ;
#1182 = DIRECTION ( 'NONE',  ( 0.000000000000000000, -1.000000000000000000, 0.000000000000000000 ) ) ;
#1183 = EDGE_CURVE ( 'NONE', #1738, #369, #10, .T. ) ;
#1184 = CARTESIAN_POINT ( 'NONE',  ( 87.09999999999999432, -2.100000000000000089, -10.69999999999999929 ) ) ;
#1185 = DIRECTION ( 'NONE',  ( 1.000000000000000000, -0.000000000000000000, -0.000000000000000000 ) ) ;
#1186 = VERTEX_POINT ( 'NONE', #18 ) ;
#1187 = DIRECTION ( 'NONE',  ( -1.000000000000000000, 0.000000000000000000, 0.000000000000000000 ) ) ;
#1188 = AXIS2_PLACEMENT_3D ( 'NONE', #1412, #142, #864 ) ;
#1189 = FACE_OUTER_BOUND ( 'NONE', #123, .T. ) ;
#1190 = LINE ( 'NONE', #500, #1327 ) ;
#1191 = CARTESIAN_POINT ( 'NONE',  ( 84.29999999999999716, -16.89999999999999858, -9.499999999999996447 ) ) ;
#1192 = ORIENTED_EDGE ( 'NONE', *, *, #1830, .F. ) ;
#1193 = VECTOR ( 'NONE', #1584, 1000.000000000000000 ) ;
#1194 = EDGE_LOOP ( 'NONE', ( #2318, #1139, #411, #2014 ) ) ;
#1195 = CARTESIAN_POINT ( 'NONE',  ( 87.09999999999999432, -8.500000000000000000, -9.500000000000000000 ) ) ;
#1196 = CIRCLE ( 'NONE', #471, 1.199999999999999734 ) ;
#1197 = CARTESIAN_POINT ( 'NONE',  ( 87.09999999999999432, -5.700000000000003730, -12.29999999999999893 ) ) ;
#1198 = VERTEX_POINT ( 'NONE', #1831 ) ;
#1199 = CARTESIAN_POINT ( 'NONE',  ( 87.09999999999999432, 5.499999999999999112, -11.10000000000000320 ) ) ;
#1200 = ADVANCED_FACE ( 'NONE', ( #71 ), #873, .T. ) ;
#1201 = ORIENTED_EDGE ( 'NONE', *, *, #1448, .T. ) ;
#1202 = EDGE_CURVE ( 'NONE', #1438, #1198, #1371, .T. ) ;
#1203 = ORIENTED_EDGE ( 'NONE', *, *, #439, .T. ) ;
#1204 = DIRECTION ( 'NONE',  ( 1.000000000000000000, -0.000000000000000000, -0.000000000000000000 ) ) ;
#1205 = VECTOR ( 'NONE', #1705, 1000.000000000000000 ) ;
#1206 = FACE_OUTER_BOUND ( 'NONE', #53, .T. ) ;
#1207 = DIRECTION ( 'NONE',  ( 0.000000000000000000, 0.000000000000000000, 1.000000000000000000 ) ) ;
#1208 = EDGE_CURVE ( 'NONE', #1300, #1913, #394, .T. ) ;
#1209 = ORIENTED_EDGE ( 'NONE', *, *, #1703, .F. ) ;
#1210 = DIRECTION ( 'NONE',  ( 0.000000000000000000, 1.355252715606880789E-16, -1.000000000000000000 ) ) ;
#1211 = VERTEX_POINT ( 'NONE', #47 ) ;
#1212 = CARTESIAN_POINT ( 'NONE',  ( 87.09999999999999432, 6.299999999999996270, -11.50000000000000533 ) ) ;
#1213 = EDGE_CURVE ( 'NONE', #1386, #294, #1430, .T. ) ;
#1214 = CARTESIAN_POINT ( 'NONE',  ( 84.29999999999999716, -11.70000000000000107, -10.69999999999999929 ) ) ;
#1215 = EDGE_CURVE ( 'NONE', #2296, #485, #1602, .T. ) ;
#1216 = APPLICATION_CONTEXT ( 'automotive_design' ) ;
#1217 = ORIENTED_EDGE ( 'NONE', *, *, #2247, .F. ) ;
#1218 = CARTESIAN_POINT ( 'NONE',  ( 87.09999999999999432, -5.299999999999999822, -9.500000000000000000 ) ) ;
#1219 = FACE_OUTER_BOUND ( 'NONE', #2343, .T. ) ;
#1220 = ORIENTED_EDGE ( 'NONE', *, *, #137, .F. ) ;
#1221 = DIRECTION ( 'NONE',  ( 0.000000000000000000, -1.355252715606880789E-16, 1.000000000000000000 ) ) ;
#1222 = ORIENTED_EDGE ( 'NONE', *, *, #2207, .T. ) ;
#1223 = CARTESIAN_POINT ( 'NONE',  ( 87.09999999999999432, -6.900000000000003020, -10.69999999999999929 ) ) ;
#1224 = ORIENTED_EDGE ( 'NONE', *, *, #1208, .T. ) ;
#1225 = EDGE_LOOP ( 'NONE', ( #652, #276, #682, #1279 ) ) ;
#1226 = VECTOR ( 'NONE', #1221, 1000.000000000000000 ) ;
#1227 = CARTESIAN_POINT ( 'NONE',  ( 84.29999999999999716, -1.300000000000000044, -13.50000000000000000 ) ) ;
#1228 = EDGE_LOOP ( 'NONE', ( #708, #1148, #874, #2358 ) ) ;
#1229 = VECTOR ( 'NONE', #2226, 1000.000000000000000 ) ;
#1230 = CARTESIAN_POINT ( 'NONE',  ( 84.29999999999999716, -10.50000000000000000, -10.30000000000000071 ) ) ;
#1231 = LINE ( 'NONE', #339, #305 ) ;
#1232 = ORIENTED_EDGE ( 'NONE', *, *, #1637, .T. ) ;
#1233 = ORIENTED_EDGE ( 'NONE', *, *, #1695, .F. ) ;
#1234 = DIRECTION ( 'NONE',  ( 0.000000000000000000, 0.000000000000000000, 1.000000000000000000 ) ) ;
#1235 = LINE ( 'NONE', #543, #1050 ) ;
#1236 = DIRECTION ( 'NONE',  ( 0.000000000000000000, 0.000000000000000000, 1.000000000000000000 ) ) ;
#1237 = CIRCLE ( 'NONE', #2254, 1.199999999999999734 ) ;
#1238 = DIRECTION ( 'NONE',  ( -1.000000000000000000, 0.000000000000000000, 0.000000000000000000 ) ) ;
#1239 = VECTOR ( 'NONE', #2286, 1000.000000000000000 ) ;
#1240 = DIRECTION ( 'NONE',  ( 0.000000000000000000, 0.000000000000000000, 1.000000000000000000 ) ) ;
#1241 = DIRECTION ( 'NONE',  ( 1.000000000000000000, -0.000000000000000000, -0.000000000000000000 ) ) ;
#1242 = ADVANCED_FACE ( 'NONE', ( #93 ), #1851, .F. ) ;
#1243 = FILL_AREA_STYLE_COLOUR ( '', #1251 ) ;
#1244 = ORIENTED_EDGE ( 'NONE', *, *, #1515, .F. ) ;
#1245 = DIRECTION ( 'NONE',  ( 1.000000000000000000, 0.000000000000000000, 0.000000000000000000 ) ) ;
#1246 = DIRECTION ( 'NONE',  ( 1.000000000000000000, -0.000000000000000000, -0.000000000000000000 ) ) ;
#1247 = ORIENTED_EDGE ( 'NONE', *, *, #520, .T. ) ;
#1248 = ORIENTED_EDGE ( 'NONE', *, *, #1947, .F. ) ;
#1249 = DIRECTION ( 'NONE',  ( 0.000000000000000000, 0.000000000000000000, -1.000000000000000000 ) ) ;
#1250 = ORIENTED_EDGE ( 'NONE', *, *, #219, .F. ) ;
#1251 = COLOUR_RGB ( '',0.7921568627450980005, 0.8196078431372548767, 0.9333333333333333481 ) ;
#1252 = CIRCLE ( 'NONE', #1804, 0.3999999999999993006 ) ;
#1253 = CARTESIAN_POINT ( 'NONE',  ( 87.09999999999999432, 5.899999999999996803, -11.10000000000000320 ) ) ;
#1254 = CIRCLE ( 'NONE', #2115, 0.3999999999999993006 ) ;
#1255 = CARTESIAN_POINT ( 'NONE',  ( 87.09999999999999432, -0.9000000000000002442, -10.30000000000000071 ) ) ;
#1256 = ORIENTED_EDGE ( 'NONE', *, *, #685, .T. ) ;
#1257 = EDGE_CURVE ( 'NONE', #707, #512, #1513, .T. ) ;
#1258 = VERTEX_POINT ( 'NONE', #568 ) ;
#1259 = AXIS2_PLACEMENT_3D ( 'NONE', #2178, #1070, #2364 ) ;
#1260 = DIRECTION ( 'NONE',  ( 0.000000000000000000, 0.000000000000000000, -1.000000000000000000 ) ) ;
#1261 = ORIENTED_EDGE ( 'NONE', *, *, #1589, .T. ) ;
#1262 = PLANE ( 'NONE',  #1702 ) ;
#1263 = ORIENTED_EDGE ( 'NONE', *, *, #1078, .F. ) ;
#1264 = EDGE_CURVE ( 'NONE', #1284, #2117, #364, .T. ) ;
#1265 = CIRCLE ( 'NONE', #811, 0.3999999999999993006 ) ;
#1266 = CYLINDRICAL_SURFACE ( 'NONE', #245, 1.199999999999999734 ) ;
#1267 = ORIENTED_EDGE ( 'NONE', *, *, #1934, .T. ) ;
#1268 = DIRECTION ( 'NONE',  ( 0.000000000000000000, 0.000000000000000000, -1.000000000000000000 ) ) ;
#1269 = DIRECTION ( 'NONE',  ( -1.000000000000000000, 0.000000000000000000, 0.000000000000000000 ) ) ;
#1270 = EDGE_CURVE ( 'NONE', #1303, #43, #1136, .T. ) ;
#1271 = DIRECTION ( 'NONE',  ( 0.000000000000000000, 0.000000000000000000, 1.000000000000000000 ) ) ;
#1272 = CARTESIAN_POINT ( 'NONE',  ( 87.09999999999999432, -12.09999999999999964, -12.29999999999999893 ) ) ;
#1273 = ORIENTED_EDGE ( 'NONE', *, *, #1012, .F. ) ;
#1274 = FACE_OUTER_BOUND ( 'NONE', #2132, .T. ) ;
#1275 = STYLED_ITEM ( 'NONE', ( #1061 ), #946 ) ;
#1276 = DIRECTION ( 'NONE',  ( 1.000000000000000000, 0.000000000000000000, 0.000000000000000000 ) ) ;
#1277 = VERTEX_POINT ( 'NONE', #1359 ) ;
#1278 = CARTESIAN_POINT ( 'NONE',  ( 84.29999999999999716, 5.099999999999998757, -10.70000000000000462 ) ) ;
#1279 = ORIENTED_EDGE ( 'NONE', *, *, #1994, .F. ) ;
#1280 = LINE ( 'NONE', #780, #2230 ) ;
#1281 = CARTESIAN_POINT ( 'NONE',  ( 0.000000000000000000, -9.300000000000000711, 0.000000000000000000 ) ) ;
#1282 = ORIENTED_EDGE ( 'NONE', *, *, #2068, .F. ) ;
#1283 = CARTESIAN_POINT ( 'NONE',  ( 84.29999999999999716, -10.90000000000000036, -13.50000000000000000 ) ) ;
#1284 = VERTEX_POINT ( 'NONE', #935 ) ;
#1285 = CARTESIAN_POINT ( 'NONE',  ( 87.09999999999999432, 0.6999999999999998446, -12.29999999999999893 ) ) ;
#1286 = DIRECTION ( 'NONE',  ( -1.000000000000000000, 0.000000000000000000, 0.000000000000000000 ) ) ;
#1287 = ORIENTED_EDGE ( 'NONE', *, *, #1799, .F. ) ;
#1288 = CARTESIAN_POINT ( 'NONE',  ( 84.29999999999999716, -7.300000000000000711, -9.500000000000000000 ) ) ;
#1289 = LINE ( 'NONE', #1847, #46 ) ;
#1290 = VERTEX_POINT ( 'NONE', #1493 ) ;
#1291 = PLANE ( 'NONE',  #59 ) ;
#1292 = DIRECTION ( 'NONE',  ( 1.000000000000000000, -0.000000000000000000, -0.000000000000000000 ) ) ;
#1293 = CARTESIAN_POINT ( 'NONE',  ( 87.09999999999999432, 5.499999999999999112, -11.10000000000000320 ) ) ;
#1294 = ORIENTED_EDGE ( 'NONE', *, *, #121, .F. ) ;
#1295 = ORIENTED_EDGE ( 'NONE', *, *, #235, .T. ) ;
#1296 = CARTESIAN_POINT ( 'NONE',  ( 84.29999999999999716, -6.100000000000003197, -12.29999999999999893 ) ) ;
#1297 = EDGE_CURVE ( 'NONE', #110, #1026, #151, .T. ) ;
#1298 = PRODUCT_DEFINITION_SHAPE ( 'NONE', 'NONE',  #785 ) ;
#1299 = DIRECTION ( 'NONE',  ( 0.000000000000000000, 0.000000000000000000, 1.000000000000000000 ) ) ;
#1300 = VERTEX_POINT ( 'NONE', #2090 ) ;
#1301 = LINE ( 'NONE', #1719, #928 ) ;
#1302 = EDGE_CURVE ( 'NONE', #1509, #1837, #338, .T. ) ;
#1303 = VERTEX_POINT ( 'NONE', #1353 ) ;
#1304 = FACE_OUTER_BOUND ( 'NONE', #553, .T. ) ;
#1305 = AXIS2_PLACEMENT_3D ( 'NONE', #503, #683, #547 ) ;
#1306 = DIRECTION ( 'NONE',  ( -1.000000000000000000, 0.000000000000000000, 0.000000000000000000 ) ) ;
#1307 = CIRCLE ( 'NONE', #521, 0.3999999999999993006 ) ;
#1308 = AXIS2_PLACEMENT_3D ( 'NONE', #773, #25, #983 ) ;
#1309 = ADVANCED_FACE ( 'NONE', ( #1400 ), #1721, .F. ) ;
#1310 = ORIENTED_EDGE ( 'NONE', *, *, #2280, .T. ) ;
#1311 = DIRECTION ( 'NONE',  ( 1.000000000000000000, -0.000000000000000000, -0.000000000000000000 ) ) ;
#1312 = ORIENTED_EDGE ( 'NONE', *, *, #1424, .F. ) ;
#1313 = VECTOR ( 'NONE', #1608, 1000.000000000000000 ) ;
#1314 = VERTEX_POINT ( 'NONE', #1772 ) ;
#1315 = ORIENTED_EDGE ( 'NONE', *, *, #526, .T. ) ;
#1316 = ADVANCED_FACE ( 'NONE', ( #1687 ), #672, .T. ) ;
#1317 = DIRECTION ( 'NONE',  ( 1.000000000000000000, -0.000000000000000000, -0.000000000000000000 ) ) ;
#1318 = CIRCLE ( 'NONE', #2163, 0.3999999999999993006 ) ;
#1319 = AXIS2_PLACEMENT_3D ( 'NONE', #1563, #1571, #821 ) ;
#1320 = EDGE_CURVE ( 'NONE', #1323, #728, #798, .T. ) ;
#1321 = LINE ( 'NONE', #75, #1920 ) ;
#1322 = DIRECTION ( 'NONE',  ( 0.000000000000000000, 0.000000000000000000, -1.000000000000000000 ) ) ;
#1323 = VERTEX_POINT ( 'NONE', #2130 ) ;
#1324 = CARTESIAN_POINT ( 'NONE',  ( 87.09999999999999432, -16.89999999999999858, -9.499999999999996447 ) ) ;
#1325 = ORIENTED_EDGE ( 'NONE', *, *, #1870, .T. ) ;
#1326 = CARTESIAN_POINT ( 'NONE',  ( 84.29999999999999716, -4.500000000000000888, -13.50000000000000000 ) ) ;
#1327 = VECTOR ( 'NONE', #677, 1000.000000000000000 ) ;
#1328 = AXIS2_PLACEMENT_3D ( 'NONE', #1407, #2158, #716 ) ;
#1329 = EDGE_CURVE ( 'NONE', #1857, #1277, #598, .T. ) ;
#1330 = ADVANCED_FACE ( 'NONE', ( #1717 ), #2116, .F. ) ;
#1331 = EDGE_LOOP ( 'NONE', ( #322, #306, #702, #1533 ) ) ;
#1332 = DIRECTION ( 'NONE',  ( 0.000000000000000000, -1.000000000000000000, -2.168404344971008474E-15 ) ) ;
#1333 = VECTOR ( 'NONE', #1669, 1000.000000000000000 ) ;
#1334 = ORIENTED_EDGE ( 'NONE', *, *, #1708, .T. ) ;
#1335 = CARTESIAN_POINT ( 'NONE',  ( 87.09999999999999432, -8.900000000000002132, -12.29999999999999893 ) ) ;
#1336 = DIRECTION ( 'NONE',  ( -1.000000000000000000, 0.000000000000000000, 0.000000000000000000 ) ) ;
#1337 = EDGE_CURVE ( 'NONE', #561, #1913, #739, .T. ) ;
#1338 = ORIENTED_EDGE ( 'NONE', *, *, #457, .F. ) ;
#1339 = AXIS2_PLACEMENT_3D ( 'NONE', #1444, #856, #1603 ) ;
#1340 = CARTESIAN_POINT ( 'NONE',  ( 84.29999999999999716, 5.899999999999996803, -11.50000000000000533 ) ) ;
#1341 = CARTESIAN_POINT ( 'NONE',  ( 87.09999999999999432, -5.700000000000001066, -12.29999999999999893 ) ) ;
#1342 = VECTOR ( 'NONE', #2051, 1000.000000000000000 ) ;
#1343 = ORIENTED_EDGE ( 'NONE', *, *, #1948, .T. ) ;
#1344 = ORIENTED_EDGE ( 'NONE', *, *, #2038, .T. ) ;
#1345 = EDGE_CURVE ( 'NONE', #1820, #1022, #122, .T. ) ;
#1346 = LINE ( 'NONE', #431, #2002 ) ;
#1347 = VERTEX_POINT ( 'NONE', #436 ) ;
#1348 = DIRECTION ( 'NONE',  ( 0.000000000000000000, 0.000000000000000000, -1.000000000000000000 ) ) ;
#1349 = CIRCLE ( 'NONE', #650, 0.3999999999999993006 ) ;
#1350 = CARTESIAN_POINT ( 'NONE',  ( 87.09999999999999432, -4.100000000000003197, -10.69999999999999929 ) ) ;
#1351 = LINE ( 'NONE', #1288, #311 ) ;
#1352 = EDGE_LOOP ( 'NONE', ( #2353, #2011, #1797, #2383 ) ) ;
#1353 = CARTESIAN_POINT ( 'NONE',  ( 84.29999999999999716, -10.90000000000000036, -12.29999999999999893 ) ) ;
#1354 = CARTESIAN_POINT ( 'NONE',  ( 87.09999999999999432, 5.499999999999999112, -12.30000000000000426 ) ) ;
#1355 = DIRECTION ( 'NONE',  ( 0.000000000000000000, -2.891205793294684539E-15, -1.000000000000000000 ) ) ;
#1356 = ORIENTED_EDGE ( 'NONE', *, *, #968, .T. ) ;
#1357 = DIRECTION ( 'NONE',  ( -0.000000000000000000, -1.000000000000000000, -0.000000000000000000 ) ) ;
#1358 = CARTESIAN_POINT ( 'NONE',  ( 87.09999999999999432, -10.50000000000000000, -10.69999999999999929 ) ) ;
#1359 = CARTESIAN_POINT ( 'NONE',  ( 84.29999999999999716, -1.300000000000000266, -10.70000000000000107 ) ) ;
#1360 = VERTEX_POINT ( 'NONE', #1162 ) ;
#1361 = DIRECTION ( 'NONE',  ( 0.000000000000000000, 1.355252715606880789E-16, -1.000000000000000000 ) ) ;
#1362 = EDGE_CURVE ( 'NONE', #1425, #658, #2267, .T. ) ;
#1363 = VECTOR ( 'NONE', #68, 1000.000000000000000 ) ;
#1364 = DIRECTION ( 'NONE',  ( 0.000000000000000000, 0.000000000000000000, 1.000000000000000000 ) ) ;
#1365 = ORIENTED_EDGE ( 'NONE', *, *, #587, .T. ) ;
#1366 = CARTESIAN_POINT ( 'NONE',  ( 87.09999999999999432, 1.099999999999998535, -9.500000000000001776 ) ) ;
#1367 = AXIS2_PLACEMENT_3D ( 'NONE', #54, #2131, #1746 ) ;
#1368 = CARTESIAN_POINT ( 'NONE',  ( 87.09999999999999432, 5.099999999999998757, -12.29999999999999893 ) ) ;
#1369 = DIRECTION ( 'NONE',  ( 1.000000000000000000, 0.000000000000000000, 0.000000000000000000 ) ) ;
#1370 = ORIENTED_EDGE ( 'NONE', *, *, #2327, .T. ) ;
#1371 = LINE ( 'NONE', #775, #2201 ) ;
#1372 = ORIENTED_EDGE ( 'NONE', *, *, #352, .F. ) ;
#1373 = DIRECTION ( 'NONE',  ( 0.000000000000000000, 0.000000000000000000, 1.000000000000000000 ) ) ;
#1374 = ORIENTED_EDGE ( 'NONE', *, *, #1906, .F. ) ;
#1375 = DIRECTION ( 'NONE',  ( -0.000000000000000000, -0.000000000000000000, 1.000000000000000000 ) ) ;
#1376 = DIRECTION ( 'NONE',  ( 1.000000000000000000, -0.000000000000000000, -0.000000000000000000 ) ) ;
#1377 = LINE ( 'NONE', #2073, #978 ) ;
#1378 = AXIS2_PLACEMENT_3D ( 'NONE', #1354, #971, #1536 ) ;
#1379 = CARTESIAN_POINT ( 'NONE',  ( 87.09999999999999432, -16.89999999999999858, -13.49999999999999645 ) ) ;
#1380 = CARTESIAN_POINT ( 'NONE',  ( 87.09999999999999432, -10.50000000000000000, -10.69999999999999929 ) ) ;
#1381 = DIRECTION ( 'NONE',  ( 1.000000000000000000, -0.000000000000000000, -0.000000000000000000 ) ) ;
#1382 = EDGE_CURVE ( 'NONE', #166, #782, #1771, .T. ) ;
#1383 = AXIS2_PLACEMENT_3D ( 'NONE', #1816, #2010, #1824 ) ;
#1384 = DIRECTION ( 'NONE',  ( 0.000000000000000000, 0.000000000000000000, -1.000000000000000000 ) ) ;
#1385 = AXIS2_PLACEMENT_3D ( 'NONE', #1973, #690, #1048 ) ;
#1386 = VERTEX_POINT ( 'NONE', #699 ) ;
#1387 = ORIENTED_EDGE ( 'NONE', *, *, #1718, .T. ) ;
#1388 = ORIENTED_EDGE ( 'NONE', *, *, #1264, .F. ) ;
#1389 = VERTEX_POINT ( 'NONE', #1528 ) ;
#1390 = EDGE_CURVE ( 'NONE', #1936, #1425, #1103, .T. ) ;
#1391 = LINE ( 'NONE', #1893, #1988 ) ;
#1392 = VECTOR ( 'NONE', #1871, 1000.000000000000000 ) ;
#1393 = DIRECTION ( 'NONE',  ( 1.000000000000000000, -0.000000000000000000, -0.000000000000000000 ) ) ;
#1394 = ORIENTED_EDGE ( 'NONE', *, *, #1431, .T. ) ;
#1395 = CARTESIAN_POINT ( 'NONE',  ( 84.29999999999999716, -10.50000000000000000, -9.500000000000000000 ) ) ;
#1396 = SURFACE_STYLE_FILL_AREA ( #1077 ) ;
#1397 = EDGE_CURVE ( 'NONE', #603, #1819, #1133, .T. ) ;
#1398 = CIRCLE ( 'NONE', #269, 1.199999999999999734 ) ;
#1399 = ORIENTED_EDGE ( 'NONE', *, *, #962, .T. ) ;
#1400 = FACE_OUTER_BOUND ( 'NONE', #1092, .T. ) ;
#1401 = ORIENTED_EDGE ( 'NONE', *, *, #1424, .T. ) ;
#1402 = AXIS2_PLACEMENT_3D ( 'NONE', #847, #2323, #1025 ) ;
#1403 = AXIS2_PLACEMENT_3D ( 'NONE', #1690, #1182, #541 ) ;
#1404 = LINE ( 'NONE', #540, #1046 ) ;
#1405 = VECTOR ( 'NONE', #318, 1000.000000000000000 ) ;
#1406 = ORIENTED_EDGE ( 'NONE', *, *, #761, .F. ) ;
#1407 = CARTESIAN_POINT ( 'NONE',  ( 87.09999999999999432, -7.700000000000000178, -13.50000000000000000 ) ) ;
#1408 = CARTESIAN_POINT ( 'NONE',  ( 84.29999999999999716, -5.700000000000001066, -12.69999999999999751 ) ) ;
#1409 = VECTOR ( 'NONE', #2046, 1000.000000000000000 ) ;
#1410 = CIRCLE ( 'NONE', #2123, 1.199999999999999734 ) ;
#1411 = ORIENTED_EDGE ( 'NONE', *, *, #1131, .T. ) ;
#1412 = CARTESIAN_POINT ( 'NONE',  ( 84.29999999999999716, -10.50000000000000000, -10.69999999999999929 ) ) ;
#1413 = EDGE_CURVE ( 'NONE', #2041, #1982, #846, .T. ) ;
#1414 = ORIENTED_EDGE ( 'NONE', *, *, #82, .T. ) ;
#1415 = ORIENTED_EDGE ( 'NONE', *, *, #1676, .T. ) ;
#1416 = DIRECTION ( 'NONE',  ( 0.000000000000000000, 0.000000000000000000, 1.000000000000000000 ) ) ;
#1417 = ORIENTED_EDGE ( 'NONE', *, *, #463, .T. ) ;
#1418 = ORIENTED_EDGE ( 'NONE', *, *, #1121, .F. ) ;
#1419 = LINE ( 'NONE', #252, #759 ) ;
#1420 = CARTESIAN_POINT ( 'NONE',  ( 84.29999999999999716, -8.900000000000005684, -13.49999999999999822 ) ) ;
#1421 = AXIS2_PLACEMENT_3D ( 'NONE', #468, #813, #654 ) ;
#1422 = EDGE_LOOP ( 'NONE', ( #2196, #2251, #30, #2392 ) ) ;
#1423 = DIRECTION ( 'NONE',  ( 0.000000000000000000, 0.000000000000000000, 1.000000000000000000 ) ) ;
#1424 = EDGE_CURVE ( 'NONE', #770, #27, #1573, .T. ) ;
#1425 = VERTEX_POINT ( 'NONE', #1420 ) ;
#1426 = STYLED_ITEM ( 'NONE', ( #416 ), #1808 ) ;
#1427 = CARTESIAN_POINT ( 'NONE',  ( 84.29999999999999716, -11.70000000000000107, -12.29999999999999893 ) ) ;
#1428 = VERTEX_POINT ( 'NONE', #501 ) ;
#1429 = ORIENTED_EDGE ( 'NONE', *, *, #982, .T. ) ;
#1430 = CIRCLE ( 'NONE', #2246, 0.3999999999999993006 ) ;
#1431 = EDGE_CURVE ( 'NONE', #827, #613, #389, .T. ) ;
#1432 = EDGE_CURVE ( 'NONE', #546, #2103, #148, .T. ) ;
#1433 = ORIENTED_EDGE ( 'NONE', *, *, #1829, .F. ) ;
#1434 = ADVANCED_FACE ( 'NONE', ( #1826 ), #1262, .T. ) ;
#1435 = SURFACE_STYLE_USAGE ( .BOTH. , #333 ) ;
#1436 = EDGE_LOOP ( 'NONE', ( #948, #1415, #936, #2337 ) ) ;
#1437 = DIRECTION ( 'NONE',  ( -0.000000000000000000, -0.000000000000000000, 1.000000000000000000 ) ) ;
#1438 = VERTEX_POINT ( 'NONE', #1253 ) ;
#1439 = LINE ( 'NONE', #1035, #2243 ) ;
#1440 = LINE ( 'NONE', #998, #165 ) ;
#1441 = EDGE_CURVE ( 'NONE', #101, #926, #1801, .T. ) ;
#1442 = ORIENTED_EDGE ( 'NONE', *, *, #1078, .T. ) ;
#1443 = CARTESIAN_POINT ( 'NONE',  ( 87.09999999999999432, -0.5000000000000022204, -10.30000000000000071 ) ) ;
#1444 = CARTESIAN_POINT ( 'NONE',  ( 87.09999999999999432, -4.100000000000000533, -10.69999999999999929 ) ) ;
#1445 = AXIS2_PLACEMENT_3D ( 'NONE', #1580, #476, #1373 ) ;
#1446 = ORIENTED_EDGE ( 'NONE', *, *, #96, .F. ) ;
#1447 = VECTOR ( 'NONE', #815, 1000.000000000000000 ) ;
#1448 = EDGE_CURVE ( 'NONE', #1022, #43, #1044, .T. ) ;
#1449 = CARTESIAN_POINT ( 'NONE',  ( 84.29999999999999716, -10.50000000000000000, -10.69999999999999929 ) ) ;
#1450 = CARTESIAN_POINT ( 'NONE',  ( 87.09999999999999432, -2.500000000000000000, -12.29999999999999893 ) ) ;
#1451 = DIRECTION ( 'NONE',  ( -1.000000000000000000, 0.000000000000000000, 0.000000000000000000 ) ) ;
#1452 = ORIENTED_EDGE ( 'NONE', *, *, #1470, .F. ) ;
#1453 = ORIENTED_EDGE ( 'NONE', *, *, #1869, .T. ) ;
#1454 = CARTESIAN_POINT ( 'NONE',  ( 84.29999999999999716, -4.100000000000000533, -10.69999999999999929 ) ) ;
#1455 = ORIENTED_EDGE ( 'NONE', *, *, #1084, .T. ) ;
#1456 = VERTEX_POINT ( 'NONE', #1617 ) ;
#1457 = ORIENTED_EDGE ( 'NONE', *, *, #1708, .F. ) ;
#1458 = DIRECTION ( 'NONE',  ( -0.000000000000000000, 1.000000000000000000, 0.000000000000000000 ) ) ;
#1459 = LINE ( 'NONE', #1212, #972 ) ;
#1460 = ORIENTED_EDGE ( 'NONE', *, *, #2293, .T. ) ;
#1461 = AXIS2_PLACEMENT_3D ( 'NONE', #713, #375, #2183 ) ;
#1462 = EDGE_CURVE ( 'NONE', #531, #19, #594, .T. ) ;
#1463 = EDGE_CURVE ( 'NONE', #953, #680, #900, .T. ) ;
#1464 = CARTESIAN_POINT ( 'NONE',  ( 87.09999999999999432, -4.100000000000000533, -10.69999999999999929 ) ) ;
#1465 = CYLINDRICAL_SURFACE ( 'NONE', #901, 1.199999999999999734 ) ;
#1466 = DIRECTION ( 'NONE',  ( 1.000000000000000000, -0.000000000000000000, -0.000000000000000000 ) ) ;
#1467 = FACE_OUTER_BOUND ( 'NONE', #357, .T. ) ;
#1468 = DIRECTION ( 'NONE',  ( 1.000000000000000000, -0.000000000000000000, -0.000000000000000000 ) ) ;
#1469 = CARTESIAN_POINT ( 'NONE',  ( 84.29999999999999716, -8.500000000000000000, -9.500000000000000000 ) ) ;
#1470 = EDGE_CURVE ( 'NONE', #1303, #1576, #1398, .T. ) ;
#1471 = ORIENTED_EDGE ( 'NONE', *, *, #950, .F. ) ;
#1472 = DIRECTION ( 'NONE',  ( 0.000000000000000000, 0.000000000000000000, 1.000000000000000000 ) ) ;
#1473 = CARTESIAN_POINT ( 'NONE',  ( 87.09999999999999432, -6.900000000000003020, -10.30000000000000071 ) ) ;
#1474 = VERTEX_POINT ( 'NONE', #129 ) ;
#1475 = DIRECTION ( 'NONE',  ( -1.000000000000000000, 0.000000000000000000, 0.000000000000000000 ) ) ;
#1476 = LINE ( 'NONE', #1520, #2166 ) ;
#1477 = LINE ( 'NONE', #56, #295 ) ;
#1478 = AXIS2_PLACEMENT_3D ( 'NONE', #415, #2271, #1348 ) ;
#1479 = ADVANCED_FACE ( 'NONE', ( #2232 ), #995, .F. ) ;
#1480 = ORIENTED_EDGE ( 'NONE', *, *, #442, .F. ) ;
#1481 = CARTESIAN_POINT ( 'NONE',  ( 84.29999999999999716, -2.499999999999999556, -12.29999999999999893 ) ) ;
#1482 = DIRECTION ( 'NONE',  ( 0.000000000000000000, 0.000000000000000000, 1.000000000000000000 ) ) ;
#1483 = VECTOR ( 'NONE', #1120, 1000.000000000000000 ) ;
#1484 = EDGE_LOOP ( 'NONE', ( #1471, #1267, #970, #92 ) ) ;
#1485 = FACE_OUTER_BOUND ( 'NONE', #1352, .T. ) ;
#1486 = DIRECTION ( 'NONE',  ( 0.000000000000000000, 0.000000000000000000, 1.000000000000000000 ) ) ;
#1487 = ORIENTED_EDGE ( 'NONE', *, *, #831, .T. ) ;
#1488 = DIRECTION ( 'NONE',  ( 1.000000000000000000, 0.000000000000000000, 0.000000000000000000 ) ) ;
#1489 = ORIENTED_EDGE ( 'NONE', *, *, #1175, .T. ) ;
#1490 = ADVANCED_FACE ( 'NONE', ( #2111 ), #1291, .F. ) ;
#1491 = FACE_OUTER_BOUND ( 'NONE', #2310, .T. ) ;
#1492 = AXIS2_PLACEMENT_3D ( 'NONE', #840, #2118, #91 ) ;
#1493 = CARTESIAN_POINT ( 'NONE',  ( 84.29999999999999716, -7.700000000000000178, -12.29999999999999893 ) ) ;
#1494 = CARTESIAN_POINT ( 'NONE',  ( 87.09999999999999432, -7.300000000000000711, -10.69999999999999929 ) ) ;
#1495 = ORIENTED_EDGE ( 'NONE', *, *, #1840, .F. ) ;
#1496 = AXIS2_PLACEMENT_3D ( 'NONE', #1341, #809, #2092 ) ;
#1497 = ADVANCED_FACE ( 'NONE', ( #1485 ), #1745, .F. ) ;
#1498 = EDGE_LOOP ( 'NONE', ( #449, #985, #208, #1518 ) ) ;
#1499 = DIRECTION ( 'NONE',  ( 0.000000000000000000, 0.000000000000000000, -1.000000000000000000 ) ) ;
#1500 = ORIENTED_EDGE ( 'NONE', *, *, #17, .T. ) ;
#1501 = ORIENTED_EDGE ( 'NONE', *, *, #354, .F. ) ;
#1502 = EDGE_CURVE ( 'NONE', #60, #23, #362, .T. ) ;
#1503 = ORIENTED_EDGE ( 'NONE', *, *, #1337, .F. ) ;
#1504 = EDGE_CURVE ( 'NONE', #613, #621, #1196, .T. ) ;
#1505 = ORIENTED_EDGE ( 'NONE', *, *, #1502, .F. ) ;
#1506 = CARTESIAN_POINT ( 'NONE',  ( 87.09999999999999432, -0.9000000000000023537, -10.30000000000000071 ) ) ;
#1507 = AXIS2_PLACEMENT_3D ( 'NONE', #2361, #1451, #1472 ) ;
#1508 = CIRCLE ( 'NONE', #597, 1.199999999999999734 ) ;
#1509 = VERTEX_POINT ( 'NONE', #720 ) ;
#1510 = CARTESIAN_POINT ( 'NONE',  ( 87.09999999999999432, 0.2999999999999977685, -12.29999999999999893 ) ) ;
#1511 = ORIENTED_EDGE ( 'NONE', *, *, #1585, .F. ) ;
#1512 = ADVANCED_FACE ( 'NONE', ( #450 ), #565, .T. ) ;
#1513 = CIRCLE ( 'NONE', #351, 0.3999999999999993006 ) ;
#1514 = DIRECTION ( 'NONE',  ( 0.000000000000000000, 0.000000000000000000, 1.000000000000000000 ) ) ;
#1515 = EDGE_CURVE ( 'NONE', #1815, #2119, #244, .T. ) ;
#1516 = CARTESIAN_POINT ( 'NONE',  ( 87.09999999999999432, -2.100000000000000089, -9.500000000000000000 ) ) ;
#1517 = DIRECTION ( 'NONE',  ( 0.000000000000000000, 0.000000000000000000, 1.000000000000000000 ) ) ;
#1518 = ORIENTED_EDGE ( 'NONE', *, *, #1183, .F. ) ;
#1519 = DIRECTION ( 'NONE',  ( -1.000000000000000000, 0.000000000000000000, 0.000000000000000000 ) ) ;
#1520 = CARTESIAN_POINT ( 'NONE',  ( 84.29999999999999716, -10.10000000000000320, -10.69999999999999929 ) ) ;
#1521 = CLOSED_SHELL ( 'NONE', ( #544, #139, #370, #719, #307, #379, #2036, #776, #1858, #1036, #34, #1662, #1316, #1309, #1849, #1068, #1684, #588, #560, #1200, #791, #1434, #1110, #2052, #2228, #2026, #755, #1149, #1883, #1119, #1135, #746, #1781, #1490, #2348, #1497, #417, #941, #2250, #1512, #195, #765, #1827, #233, #1242, #2237, #2085, #573, #893, #205, #2213, #1087, #1696, #118, #659, #956, #1098, #602, #1479, #1330, #930, #220, #393, #1531, #51, #916, #409, #20, #9, #1866 ) ) ;
#1522 = CARTESIAN_POINT ( 'NONE',  ( 87.09999999999999432, -6.100000000000003197, -12.29999999999999893 ) ) ;
#1523 = CIRCLE ( 'NONE', #1770, 0.3999999999999993006 ) ;
#1524 = DIRECTION ( 'NONE',  ( -1.000000000000000000, 0.000000000000000000, 0.000000000000000000 ) ) ;
#1525 = CARTESIAN_POINT ( 'NONE',  ( 84.29999999999999716, -12.10000000000000142, -13.49999999999999822 ) ) ;
#1526 = FACE_OUTER_BOUND ( 'NONE', #1724, .T. ) ;
#1527 = PRESENTATION_LAYER_ASSIGNMENT (  '', '', ( #1275 ) ) ;
#1528 = CARTESIAN_POINT ( 'NONE',  ( 87.09999999999999432, -5.299999999999999822, -12.29999999999999893 ) ) ;
#1529 = CARTESIAN_POINT ( 'NONE',  ( 87.09999999999999432, 1.100000000000000089, -9.500000000000000000 ) ) ;
#1530 = CYLINDRICAL_SURFACE ( 'NONE', #1727, 1.199999999999999734 ) ;
#1531 = ADVANCED_FACE ( 'NONE', ( #2346 ), #1655, .T. ) ;
#1532 = PLANE ( 'NONE',  #868 ) ;
#1533 = ORIENTED_EDGE ( 'NONE', *, *, #1362, .F. ) ;
#1534 = ORIENTED_EDGE ( 'NONE', *, *, #1084, .F. ) ;
#1535 = ORIENTED_EDGE ( 'NONE', *, *, #1780, .T. ) ;
#1536 = DIRECTION ( 'NONE',  ( 0.000000000000000000, 0.000000000000000000, 1.000000000000000000 ) ) ;
#1537 = SURFACE_STYLE_FILL_AREA ( #1760 ) ;
#1538 = EDGE_CURVE ( 'NONE', #800, #292, #675, .T. ) ;
#1539 = CIRCLE ( 'NONE', #49, 1.199999999999999734 ) ;
#1540 = CARTESIAN_POINT ( 'NONE',  ( 87.09999999999999432, -8.500000000000000000, -9.500000000000000000 ) ) ;
#1541 = ORIENTED_EDGE ( 'NONE', *, *, #670, .F. ) ;
#1542 = CARTESIAN_POINT ( 'NONE',  ( 84.29999999999999716, -11.70000000000000107, -12.69999999999999929 ) ) ;
#1543 = CIRCLE ( 'NONE', #1100, 1.199999999999999734 ) ;
#1544 = VERTEX_POINT ( 'NONE', #2008 ) ;
#1545 = VECTOR ( 'NONE', #1844, 1000.000000000000000 ) ;
#1546 = ORIENTED_EDGE ( 'NONE', *, *, #265, .T. ) ;
#1547 = PLANE ( 'NONE',  #1115 ) ;
#1548 = ORIENTED_EDGE ( 'NONE', *, *, #1014, .T. ) ;
#1549 = LINE ( 'NONE', #1469, #1855 ) ;
#1550 = ORIENTED_EDGE ( 'NONE', *, *, #883, .T. ) ;
#1551 = EDGE_CURVE ( 'NONE', #1832, #1738, #1508, .T. ) ;
#1552 = DIRECTION ( 'NONE',  ( 0.000000000000000000, 0.000000000000000000, -1.000000000000000000 ) ) ;
#1553 = FACE_OUTER_BOUND ( 'NONE', #1803, .T. ) ;
#1554 = DIRECTION ( 'NONE',  ( 0.000000000000000000, -0.000000000000000000, 1.000000000000000000 ) ) ;
#1555 = DIRECTION ( 'NONE',  ( 0.000000000000000000, -0.000000000000000000, -1.000000000000000000 ) ) ;
#1556 = CARTESIAN_POINT ( 'NONE',  ( 84.29999999999999716, -10.50000000000000000, -9.500000000000000000 ) ) ;
#1557 = EDGE_CURVE ( 'NONE', #2055, #872, #2079, .T. ) ;
#1558 = EDGE_CURVE ( 'NONE', #266, #1389, #2109, .T. ) ;
#1559 = VECTOR ( 'NONE', #1977, 1000.000000000000000 ) ;
#1560 = CARTESIAN_POINT ( 'NONE',  ( 87.09999999999999432, -10.90000000000000036, -12.29999999999999893 ) ) ;
#1561 = CARTESIAN_POINT ( 'NONE',  ( 87.09999999999999432, -2.900000000000002576, -9.500000000000000000 ) ) ;
#1562 = VECTOR ( 'NONE', #480, 1000.000000000000000 ) ;
#1563 = CARTESIAN_POINT ( 'NONE',  ( 87.09999999999999432, -2.500000000000000000, -12.29999999999999893 ) ) ;
#1564 = DIRECTION ( 'NONE',  ( -1.000000000000000000, 0.000000000000000000, 0.000000000000000000 ) ) ;
#1565 = EDGE_LOOP ( 'NONE', ( #2219, #1152, #2108, #437, #2075, #1080, #903, #1972, #1247, #349, #769, #172, #2253, #963, #236, #1710, #1535, #2206, #2238, #1370, #922, #128, #424, #214, #738, #814, #392, #2393, #1315, #796, #2173, #1112, #2325, #84, #1134, #1833, #176, #735, #2197, #2231, #2185, #992, #1927, #1534, #1546, #1541, #1045, #1244, #1675, #917, #1996, #2378, #600, #262, #1203, #229, #1946, #1500, #2200, #55, #119, #2341, #1013, #1460, #2294, #938, #2074, #1201 ) ) ;
#1566 = ORIENTED_EDGE ( 'NONE', *, *, #2188, .F. ) ;
#1567 = CARTESIAN_POINT ( 'NONE',  ( 87.09999999999999432, -5.700000000000000178, -12.29999999999999893 ) ) ;
#1568 = ORIENTED_EDGE ( 'NONE', *, *, #1836, .T. ) ;
#1569 = CARTESIAN_POINT ( 'NONE',  ( 87.09999999999999432, -10.50000000000000000, -9.500000000000000000 ) ) ;
#1570 = VECTOR ( 'NONE', #717, 1000.000000000000000 ) ;
#1571 = DIRECTION ( 'NONE',  ( 1.000000000000000000, 0.000000000000000000, 0.000000000000000000 ) ) ;
#1572 = CARTESIAN_POINT ( 'NONE',  ( 84.29999999999999716, 0.6999999999999989564, -12.69999999999999751 ) ) ;
#1573 = LINE ( 'NONE', #1991, #482 ) ;
#1574 = AXIS2_PLACEMENT_3D ( 'NONE', #1912, #1004, #2344 ) ;
#1575 = DIRECTION ( 'NONE',  ( -1.000000000000000000, 0.000000000000000000, 0.000000000000000000 ) ) ;
#1576 = VERTEX_POINT ( 'NONE', #1525 ) ;
#1577 = EDGE_CURVE ( 'NONE', #1117, #1933, #559, .T. ) ;
#1578 = AXIS2_PLACEMENT_3D ( 'NONE', #1096, #562, #1146 ) ;
#1579 = VERTEX_POINT ( 'NONE', #1324 ) ;
#1580 = CARTESIAN_POINT ( 'NONE',  ( 87.09999999999999432, -8.900000000000003908, -12.29999999999999893 ) ) ;
#1581 = ORIENTED_EDGE ( 'NONE', *, *, #580, .T. ) ;
#1582 = AXIS2_PLACEMENT_3D ( 'NONE', #1853, #2210, #757 ) ;
#1583 = FACE_OUTER_BOUND ( 'NONE', #396, .T. ) ;
#1584 = DIRECTION ( 'NONE',  ( -1.000000000000000000, 0.000000000000000000, 0.000000000000000000 ) ) ;
#1585 = EDGE_CURVE ( 'NONE', #2041, #1290, #5, .T. ) ;
#1586 = ORIENTED_EDGE ( 'NONE', *, *, #1515, .T. ) ;
#1587 = DIRECTION ( 'NONE',  ( -1.000000000000000000, 0.000000000000000000, 0.000000000000000000 ) ) ;
#1588 = LINE ( 'NONE', #1191, #2386 ) ;
#1589 = EDGE_CURVE ( 'NONE', #827, #1104, #1621, .T. ) ;
#1590 = VERTEX_POINT ( 'NONE', #226 ) ;
#1591 = CARTESIAN_POINT ( 'NONE',  ( 84.29999999999999716, -7.300000000000002487, -10.69999999999999929 ) ) ;
#1592 = ORIENTED_EDGE ( 'NONE', *, *, #693, .F. ) ;
#1593 = DIRECTION ( 'NONE',  ( 0.000000000000000000, -0.000000000000000000, 1.000000000000000000 ) ) ;
#1594 = CARTESIAN_POINT ( 'NONE',  ( 87.09999999999999432, -10.50000000000000000, -10.69999999999999929 ) ) ;
#1595 = EDGE_CURVE ( 'NONE', #1211, #1668, #1254, .T. ) ;
#1596 =( NAMED_UNIT ( * ) PLANE_ANGLE_UNIT ( ) SI_UNIT ( $, .RADIAN. ) );
#1597 = DIRECTION ( 'NONE',  ( 1.000000000000000000, -0.000000000000000000, -0.000000000000000000 ) ) ;
#1598 = VECTOR ( 'NONE', #2125, 1000.000000000000000 ) ;
#1599 = CARTESIAN_POINT ( 'NONE',  ( 87.09999999999999432, -7.700000000000000178, -13.50000000000000000 ) ) ;
#1600 = CARTESIAN_POINT ( 'NONE',  ( 87.09999999999999432, 0.2999999999999999334, -10.69999999999999929 ) ) ;
#1601 = EDGE_LOOP ( 'NONE', ( #585, #264, #2169, #1892 ) ) ;
#1602 = LINE ( 'NONE', #2233, #299 ) ;
#1603 = DIRECTION ( 'NONE',  ( 0.000000000000000000, 0.000000000000000000, 1.000000000000000000 ) ) ;
#1604 = ORIENTED_EDGE ( 'NONE', *, *, #286, .F. ) ;
#1605 = AXIS2_PLACEMENT_3D ( 'NONE', #1992, #890, #2179 ) ;
#1606 = LINE ( 'NONE', #740, #1106 ) ;
#1607 = ORIENTED_EDGE ( 'NONE', *, *, #1916, .T. ) ;
#1608 = DIRECTION ( 'NONE',  ( -1.000000000000000000, 0.000000000000000000, 0.000000000000000000 ) ) ;
#1609 = CIRCLE ( 'NONE', #105, 0.3999999999999993006 ) ;
#1610 = CARTESIAN_POINT ( 'NONE',  ( 84.29999999999999716, -0.9000000000000002442, -10.69999999999999929 ) ) ;
#1611 = VECTOR ( 'NONE', #2316, 1000.000000000000000 ) ;
#1612 = CIRCLE ( 'NONE', #1507, 0.3999999999999993006 ) ;
#1613 = DIRECTION ( 'NONE',  ( 0.000000000000000000, 0.000000000000000000, 1.000000000000000000 ) ) ;
#1614 = AXIS2_PLACEMENT_3D ( 'NONE', #1197, #1587, #270 ) ;
#1615 = DIRECTION ( 'NONE',  ( 0.000000000000000000, 0.000000000000000000, -1.000000000000000000 ) ) ;
#1616 = ORIENTED_EDGE ( 'NONE', *, *, #1432, .F. ) ;
#1617 = CARTESIAN_POINT ( 'NONE',  ( 84.29999999999999716, -2.100000000000000089, -12.29999999999999893 ) ) ;
#1618 = CIRCLE ( 'NONE', #279, 0.3999999999999993006 ) ;
#1619 = DIRECTION ( 'NONE',  ( 1.000000000000000000, -0.000000000000000000, -0.000000000000000000 ) ) ;
#1620 = FACE_OUTER_BOUND ( 'NONE', #700, .T. ) ;
#1621 = LINE ( 'NONE', #2062, #1483 ) ;
#1622 = DIRECTION ( 'NONE',  ( 0.000000000000000000, 0.000000000000000000, 1.000000000000000000 ) ) ;
#1623 = DIRECTION ( 'NONE',  ( 0.000000000000000000, 0.000000000000000000, -1.000000000000000000 ) ) ;
#1624 = DIRECTION ( 'NONE',  ( -1.000000000000000000, 0.000000000000000000, 0.000000000000000000 ) ) ;
#1625 = ORIENTED_EDGE ( 'NONE', *, *, #884, .F. ) ;
#1626 = ORIENTED_EDGE ( 'NONE', *, *, #2355, .F. ) ;
#1627 = CARTESIAN_POINT ( 'NONE',  ( 87.09999999999999432, -9.300000000000002487, -10.69999999999999929 ) ) ;
#1628 = LINE ( 'NONE', #1800, #853 ) ;
#1629 = CARTESIAN_POINT ( 'NONE',  ( 84.29999999999999716, -0.9000000000000002442, -9.500000000000000000 ) ) ;
#1630 = ORIENTED_EDGE ( 'NONE', *, *, #2001, .T. ) ;
#1631 = DIRECTION ( 'NONE',  ( 0.000000000000000000, 0.000000000000000000, 1.000000000000000000 ) ) ;
#1632 = DIRECTION ( 'NONE',  ( 0.000000000000000000, 0.000000000000000000, 1.000000000000000000 ) ) ;
#1633 = CIRCLE ( 'NONE', #1367, 1.199999999999999734 ) ;
#1634 =( NAMED_UNIT ( * ) PLANE_ANGLE_UNIT ( ) SI_UNIT ( $, .RADIAN. ) );
#1635 = CARTESIAN_POINT ( 'NONE',  ( 87.09999999999999432, -5.299999999999999822, -12.29999999999999893 ) ) ;
#1636 = DIRECTION ( 'NONE',  ( -1.000000000000000000, 0.000000000000000000, 0.000000000000000000 ) ) ;
#1637 = EDGE_CURVE ( 'NONE', #1651, #1032, #1307, .T. ) ;
#1638 = FACE_OUTER_BOUND ( 'NONE', #1073, .T. ) ;
#1639 = CARTESIAN_POINT ( 'NONE',  ( 84.29999999999999716, -10.10000000000000320, -10.69999999999999929 ) ) ;
#1640 = DIRECTION ( 'NONE',  ( 0.000000000000000000, 0.000000000000000000, -1.000000000000000000 ) ) ;
#1641 = EDGE_CURVE ( 'NONE', #2119, #1544, #1683, .T. ) ;
#1642 = ORIENTED_EDGE ( 'NONE', *, *, #227, .T. ) ;
#1643 = DIRECTION ( 'NONE',  ( 1.000000000000000000, -0.000000000000000000, -0.000000000000000000 ) ) ;
#1644 = DIRECTION ( 'NONE',  ( 0.000000000000000000, 0.000000000000000000, -1.000000000000000000 ) ) ;
#1645 = MECHANICAL_DESIGN_GEOMETRIC_PRESENTATION_REPRESENTATION (  '', ( #1275 ), #2009 ) ;
#1646 = DIRECTION ( 'NONE',  ( 1.000000000000000000, -0.000000000000000000, -0.000000000000000000 ) ) ;
#1647 = ORIENTED_EDGE ( 'NONE', *, *, #2293, .F. ) ;
#1648 = ORIENTED_EDGE ( 'NONE', *, *, #255, .T. ) ;
#1649 = CYLINDRICAL_SURFACE ( 'NONE', #141, 1.199999999999999734 ) ;
#1650 = LINE ( 'NONE', #291, #240 ) ;
#1651 = VERTEX_POINT ( 'NONE', #1861 ) ;
#1652 = PRODUCT_RELATED_PRODUCT_CATEGORY ( 'part', '', ( #140 ) ) ;
#1653 = CARTESIAN_POINT ( 'NONE',  ( 87.09999999999999432, 4.699999999999998401, -13.09999999999999787 ) ) ;
#1654 = ORIENTED_EDGE ( 'NONE', *, *, #347, .F. ) ;
#1655 = CYLINDRICAL_SURFACE ( 'NONE', #2187, 1.199999999999999734 ) ;
#1656 = ORIENTED_EDGE ( 'NONE', *, *, #481, .F. ) ;
#1657 = EDGE_CURVE ( 'NONE', #505, #340, #209, .T. ) ;
#1658 = EDGE_CURVE ( 'NONE', #1211, #1933, #593, .T. ) ;
#1659 = VECTOR ( 'NONE', #430, 1000.000000000000000 ) ;
#1660 = CARTESIAN_POINT ( 'NONE',  ( 84.29999999999999716, -6.900000000000003020, -10.69999999999999929 ) ) ;
#1661 = ORIENTED_EDGE ( 'NONE', *, *, #1780, .F. ) ;
#1662 = ADVANCED_FACE ( 'NONE', ( #993 ), #89, .F. ) ;
#1663 = DIRECTION ( 'NONE',  ( 0.000000000000000000, -0.000000000000000000, 1.000000000000000000 ) ) ;
#1664 = EDGE_LOOP ( 'NONE', ( #2171, #2229, #1817, #1043 ) ) ;
#1665 = PLANE ( 'NONE',  #882 ) ;
#1666 = LINE ( 'NONE', #1556, #2275 ) ;
#1667 = CYLINDRICAL_SURFACE ( 'NONE', #1319, 0.3999999999999993006 ) ;
#1668 = VERTEX_POINT ( 'NONE', #2049 ) ;
#1669 = DIRECTION ( 'NONE',  ( 1.000000000000000000, -0.000000000000000000, -0.000000000000000000 ) ) ;
#1670 = EDGE_CURVE ( 'NONE', #782, #1456, #1902, .T. ) ;
#1671 = ORIENTED_EDGE ( 'NONE', *, *, #497, .T. ) ;
#1672 = DIRECTION ( 'NONE',  ( 0.000000000000000000, 0.000000000000000000, 1.000000000000000000 ) ) ;
#1673 = DIRECTION ( 'NONE',  ( 1.000000000000000000, 0.000000000000000000, 0.000000000000000000 ) ) ;
#1674 = ORIENTED_EDGE ( 'NONE', *, *, #606, .T. ) ;
#1675 = ORIENTED_EDGE ( 'NONE', *, *, #457, .T. ) ;
#1676 = EDGE_CURVE ( 'NONE', #19, #1832, #1280, .T. ) ;
#1677 = DIRECTION ( 'NONE',  ( 1.000000000000000000, -0.000000000000000000, -0.000000000000000000 ) ) ;
#1678 = ORIENTED_EDGE ( 'NONE', *, *, #1257, .F. ) ;
#1679 = DIRECTION ( 'NONE',  ( 0.000000000000000000, 0.000000000000000000, 1.000000000000000000 ) ) ;
#1680 = VECTOR ( 'NONE', #664, 1000.000000000000000 ) ;
#1681 = FACE_OUTER_BOUND ( 'NONE', #524, .T. ) ;
#1682 = CARTESIAN_POINT ( 'NONE',  ( 87.09999999999999432, 1.100000000000000089, -12.29999999999999893 ) ) ;
#1683 = LINE ( 'NONE', #939, #706 ) ;
#1684 = ADVANCED_FACE ( 'NONE', ( #332 ), #2, .F. ) ;
#1685 = ORIENTED_EDGE ( 'NONE', *, *, #1637, .F. ) ;
#1686 = VERTEX_POINT ( 'NONE', #582 ) ;
#1687 = FACE_OUTER_BOUND ( 'NONE', #1484, .T. ) ;
#1688 = EDGE_LOOP ( 'NONE', ( #1063, #1788, #124, #826 ) ) ;
#1689 = DIRECTION ( 'NONE',  ( 1.000000000000000000, -0.000000000000000000, -0.000000000000000000 ) ) ;
#1690 = CARTESIAN_POINT ( 'NONE',  ( 87.09999999999999432, -12.89999999999999858, -9.499999999999996447 ) ) ;
#1691 = UNCERTAINTY_MEASURE_WITH_UNIT (LENGTH_MEASURE( 1.000000000000000082E-05 ), #1923, 'distance_accuracy_value', 'NONE');
#1692 = ORIENTED_EDGE ( 'NONE', *, *, #1585, .T. ) ;
#1693 = DIRECTION ( 'NONE',  ( 1.000000000000000000, -0.000000000000000000, -0.000000000000000000 ) ) ;
#1694 = CYLINDRICAL_SURFACE ( 'NONE', #180, 0.3999999999999993006 ) ;
#1695 = EDGE_CURVE ( 'NONE', #419, #1509, #1850, .T. ) ;
#1696 = ADVANCED_FACE ( 'NONE', ( #1742 ), #2053, .F. ) ;
#1697 = CARTESIAN_POINT ( 'NONE',  ( 87.09999999999999432, -11.70000000000000107, -12.29999999999999893 ) ) ;
#1698 = DIRECTION ( 'NONE',  ( 0.000000000000000000, 0.000000000000000000, -1.000000000000000000 ) ) ;
#1699 = VERTEX_POINT ( 'NONE', #1510 ) ;
#1700 = DIRECTION ( 'NONE',  ( 1.000000000000000000, 0.000000000000000000, 0.000000000000000000 ) ) ;
#1701 = DIRECTION ( 'NONE',  ( 0.000000000000000000, -1.355252715606880789E-16, 1.000000000000000000 ) ) ;
#1702 = AXIS2_PLACEMENT_3D ( 'NONE', #336, #2170, #691 ) ;
#1703 = EDGE_CURVE ( 'NONE', #1544, #770, #555, .T. ) ;
#1704 = DIRECTION ( 'NONE',  ( 0.000000000000000000, -1.000000000000000000, -1.355252715606880789E-16 ) ) ;
#1705 = DIRECTION ( 'NONE',  ( -1.000000000000000000, 0.000000000000000000, 0.000000000000000000 ) ) ;
#1706 = VERTEX_POINT ( 'NONE', #213 ) ;
#1707 = DIRECTION ( 'NONE',  ( 0.000000000000000000, 0.000000000000000000, -1.000000000000000000 ) ) ;
#1708 = EDGE_CURVE ( 'NONE', #243, #1740, #2290, .T. ) ;
#1709 = EDGE_CURVE ( 'NONE', #848, #485, #117, .T. ) ;
#1710 = ORIENTED_EDGE ( 'NONE', *, *, #1132, .F. ) ;
#1711 = LINE ( 'NONE', #1195, #733 ) ;
#1712 = ORIENTED_EDGE ( 'NONE', *, *, #1954, .T. ) ;
#1713 = CARTESIAN_POINT ( 'NONE',  ( 87.09999999999999432, -7.300000000000002487, -10.30000000000000071 ) ) ;
#1714 = CARTESIAN_POINT ( 'NONE',  ( 87.09999999999999432, 0.7000000000000000666, -13.50000000000000533 ) ) ;
#1715 = EDGE_LOOP ( 'NONE', ( #626, #1344, #1744, #818 ) ) ;
#1716 = DIRECTION ( 'NONE',  ( 1.000000000000000000, 0.000000000000000000, 0.000000000000000000 ) ) ;
#1717 = FACE_OUTER_BOUND ( 'NONE', #1228, .T. ) ;
#1718 = EDGE_CURVE ( 'NONE', #531, #1738, #1900, .T. ) ;
#1719 = CARTESIAN_POINT ( 'NONE',  ( 84.29999999999999716, -10.10000000000000320, -10.30000000000000071 ) ) ;
#1720 = EDGE_LOOP ( 'NONE', ( #843, #278, #1287, #2190 ) ) ;
#1721 = PLANE ( 'NONE',  #2022 ) ;
#1722 = CARTESIAN_POINT ( 'NONE',  ( 84.29999999999999716, -1.300000000000000266, -12.29999999999999893 ) ) ;
#1723 = CIRCLE ( 'NONE', #1445, 1.199999999999999734 ) ;
#1724 = EDGE_LOOP ( 'NONE', ( #1250, #66, #388, #2388 ) ) ;
#1725 = DIRECTION ( 'NONE',  ( -1.000000000000000000, 0.000000000000000000, 0.000000000000000000 ) ) ;
#1726 = LINE ( 'NONE', #377, #127 ) ;
#1727 = AXIS2_PLACEMENT_3D ( 'NONE', #653, #1005, #631 ) ;
#1728 = ORIENTED_EDGE ( 'NONE', *, *, #1083, .T. ) ;
#1729 = CIRCLE ( 'NONE', #1086, 1.199999999999999734 ) ;
#1730 = DIRECTION ( 'NONE',  ( -1.000000000000000000, 0.000000000000000000, 0.000000000000000000 ) ) ;
#1731 = AXIS2_PLACEMENT_3D ( 'NONE', #100, #1749, #1941 ) ;
#1732 = CARTESIAN_POINT ( 'NONE',  ( 87.09999999999999432, 0.6999999999999989564, -12.69999999999999751 ) ) ;
#1733 = DIRECTION ( 'NONE',  ( 1.000000000000000000, -0.000000000000000000, -0.000000000000000000 ) ) ;
#1734 = ORIENTED_EDGE ( 'NONE', *, *, #2280, .F. ) ;
#1735 = DIRECTION ( 'NONE',  ( -1.000000000000000000, 0.000000000000000000, 0.000000000000000000 ) ) ;
#1736 = CARTESIAN_POINT ( 'NONE',  ( 87.09999999999999432, 5.499999999999999112, -11.90000000000000391 ) ) ;
#1737 = CARTESIAN_POINT ( 'NONE',  ( 84.29999999999999716, -12.89999999999999858, -9.499999999999996447 ) ) ;
#1738 = VERTEX_POINT ( 'NONE', #1010 ) ;
#1739 = VECTOR ( 'NONE', #268, 1000.000000000000000 ) ;
#1740 = VERTEX_POINT ( 'NONE', #1569 ) ;
#1741 = CARTESIAN_POINT ( 'NONE',  ( 87.09999999999999432, -8.500000000000000000, -10.69999999999999929 ) ) ;
#1742 = FACE_OUTER_BOUND ( 'NONE', #88, .T. ) ;
#1743 = AXIS2_PLACEMENT_3D ( 'NONE', #1272, #421, #577 ) ;
#1744 = ORIENTED_EDGE ( 'NONE', *, *, #1132, .T. ) ;
#1745 = CYLINDRICAL_SURFACE ( 'NONE', #961, 0.3999999999999993006 ) ;
#1746 = DIRECTION ( 'NONE',  ( 0.000000000000000000, 0.000000000000000000, 1.000000000000000000 ) ) ;
#1747 = EDGE_LOOP ( 'NONE', ( #592, #973, #754, #2167 ) ) ;
#1748 = ORIENTED_EDGE ( 'NONE', *, *, #347, .T. ) ;
#1749 = DIRECTION ( 'NONE',  ( 1.000000000000000000, 0.000000000000000000, -0.000000000000000000 ) ) ;
#1750 = AXIS2_PLACEMENT_3D ( 'NONE', #1925, #77, #2105 ) ;
#1751 = ORIENTED_EDGE ( 'NONE', *, *, #1993, .T. ) ;
#1752 = CIRCLE ( 'NONE', #401, 0.3999999999999993006 ) ;
#1753 = CARTESIAN_POINT ( 'NONE',  ( 87.09999999999999432, 0.2999999999999977685, -9.500000000000000000 ) ) ;
#1754 = EDGE_CURVE ( 'NONE', #658, #2186, #360, .T. ) ;
#1755 = CARTESIAN_POINT ( 'NONE',  ( 84.29999999999999716, 0.2999999999999977685, -10.69999999999999929 ) ) ;
#1756 = AXIS2_PLACEMENT_3D ( 'NONE', #453, #2302, #80 ) ;
#1757 = CARTESIAN_POINT ( 'NONE',  ( 87.09999999999999432, -7.300000000000000711, -10.69999999999999929 ) ) ;
#1758 = EDGE_CURVE ( 'NONE', #218, #60, #177, .T. ) ;
#1759 = CARTESIAN_POINT ( 'NONE',  ( 84.29999999999999716, -8.900000000000002132, -12.29999999999999893 ) ) ;
#1760 = FILL_AREA_STYLE ('',( #663 ) ) ;
#1761 = CARTESIAN_POINT ( 'NONE',  ( 87.09999999999999432, -10.50000000000000178, -10.69999999999999929 ) ) ;
#1762 = ORIENTED_EDGE ( 'NONE', *, *, #1202, .T. ) ;
#1763 = LINE ( 'NONE', #1366, #990 ) ;
#1764 = CARTESIAN_POINT ( 'NONE',  ( 87.09999999999999432, -4.500000000000000888, -13.50000000000000000 ) ) ;
#1765 = ORIENTED_EDGE ( 'NONE', *, *, #335, .F. ) ;
#1766 = CARTESIAN_POINT ( 'NONE',  ( 87.09999999999999432, 1.099999999999998535, -9.500000000000001776 ) ) ;
#1767 = ORIENTED_EDGE ( 'NONE', *, *, #225, .T. ) ;
#1768 = DIRECTION ( 'NONE',  ( 0.000000000000000000, 0.000000000000000000, -1.000000000000000000 ) ) ;
#1769 = ORIENTED_EDGE ( 'NONE', *, *, #761, .T. ) ;
#1770 = AXIS2_PLACEMENT_3D ( 'NONE', #169, #1466, #2379 ) ;
#1771 = LINE ( 'NONE', #116, #1072 ) ;
#1772 = CARTESIAN_POINT ( 'NONE',  ( 84.29999999999999716, -0.9000000000000002442, -10.30000000000000071 ) ) ;
#1773 = ORIENTED_EDGE ( 'NONE', *, *, #2300, .F. ) ;
#1774 = VECTOR ( 'NONE', #2172, 1000.000000000000000 ) ;
#1775 = ORIENTED_EDGE ( 'NONE', *, *, #2194, .F. ) ;
#1776 = DIRECTION ( 'NONE',  ( -1.000000000000000000, 0.000000000000000000, 0.000000000000000000 ) ) ;
#1777 = CYLINDRICAL_SURFACE ( 'NONE', #1065, 0.3999999999999993006 ) ;
#1778 = ORIENTED_EDGE ( 'NONE', *, *, #876, .T. ) ;
#1779 = EDGE_CURVE ( 'NONE', #444, #1965, #1039, .T. ) ;
#1780 = EDGE_CURVE ( 'NONE', #189, #281, #384, .T. ) ;
#1781 = ADVANCED_FACE ( 'NONE', ( #1304 ), #1935, .F. ) ;
#1782 = CIRCLE ( 'NONE', #1421, 0.3999999999999993006 ) ;
#1783 = DIRECTION ( 'NONE',  ( -0.000000000000000000, -0.000000000000000000, 1.000000000000000000 ) ) ;
#1784 = CARTESIAN_POINT ( 'NONE',  ( 87.09999999999999432, -8.500000000000000000, -10.69999999999999929 ) ) ;
#1785 = CYLINDRICAL_SURFACE ( 'NONE', #1614, 1.199999999999999734 ) ;
#1786 = DIRECTION ( 'NONE',  ( -0.000000000000000000, 1.000000000000000000, 0.000000000000000000 ) ) ;
#1787 = CARTESIAN_POINT ( 'NONE',  ( 84.29999999999999716, -9.300000000000002487, -12.29999999999999893 ) ) ;
#1788 = ORIENTED_EDGE ( 'NONE', *, *, #286, .T. ) ;
#1789 = DIRECTION ( 'NONE',  ( -0.000000000000000000, 1.000000000000000000, 2.168404344971008474E-15 ) ) ;
#1790 = CARTESIAN_POINT ( 'NONE',  ( 84.29999999999999716, -11.70000000000000107, -9.500000000000000000 ) ) ;
#1791 = CARTESIAN_POINT ( 'NONE',  ( 87.09999999999999432, -7.300000000000000711, -10.69999999999999929 ) ) ;
#1792 = ORIENTED_EDGE ( 'NONE', *, *, #434, .T. ) ;
#1793 = EDGE_CURVE ( 'NONE', #2047, #1872, #1821, .T. ) ;
#1794 = ORIENTED_EDGE ( 'NONE', *, *, #1641, .T. ) ;
#1795 = LINE ( 'NONE', #895, #328 ) ;
#1796 = LINE ( 'NONE', #824, #1739 ) ;
#1797 = ORIENTED_EDGE ( 'NONE', *, *, #1895, .F. ) ;
#1798 = AXIS2_PLACEMENT_3D ( 'NONE', #1953, #2150, #1416 ) ;
#1799 = EDGE_CURVE ( 'NONE', #933, #2186, #1795, .T. ) ;
#1800 = CARTESIAN_POINT ( 'NONE',  ( 87.09999999999999432, -7.700000000000001066, -10.69999999999999929 ) ) ;
#1801 = CIRCLE ( 'NONE', #2157, 0.3999999999999993006 ) ;
#1802 = CARTESIAN_POINT ( 'NONE',  ( 84.29999999999999716, 6.299999999999996270, -11.10000000000000320 ) ) ;
#1803 = EDGE_LOOP ( 'NONE', ( #1678, #2205, #2264, #1163 ) ) ;
#1804 = AXIS2_PLACEMENT_3D ( 'NONE', #808, #1730, #2087 ) ;
#1805 = ORIENTED_EDGE ( 'NONE', *, *, #1916, .F. ) ;
#1806 = DIRECTION ( 'NONE',  ( -1.000000000000000000, 0.000000000000000000, 0.000000000000000000 ) ) ;
#1807 = VERTEX_POINT ( 'NONE', #315 ) ;
#1808 = MANIFOLD_SOLID_BREP ( 'Verrundung8', #1521 ) ;
#1809 = CARTESIAN_POINT ( 'NONE',  ( 87.09999999999999432, 5.099999999999998757, -9.500000000000001776 ) ) ;
#1810 = CARTESIAN_POINT ( 'NONE',  ( 84.29999999999999716, -0.5000000000000022204, -10.69999999999999929 ) ) ;
#1811 = CARTESIAN_POINT ( 'NONE',  ( 84.29999999999999716, -0.9000000000000002442, -10.69999999999999929 ) ) ;
#1812 = VERTEX_POINT ( 'NONE', #1427 ) ;
#1813 = EDGE_CURVE ( 'NONE', #23, #1456, #207, .T. ) ;
#1814 = CARTESIAN_POINT ( 'NONE',  ( 87.09999999999999432, -10.50000000000000000, -10.69999999999999929 ) ) ;
#1815 = VERTEX_POINT ( 'NONE', #1810 ) ;
#1816 = CARTESIAN_POINT ( 'NONE',  ( 84.29999999999999716, 4.699999999999998401, -13.09999999999999787 ) ) ;
#1817 = ORIENTED_EDGE ( 'NONE', *, *, #391, .F. ) ;
#1818 = ORIENTED_EDGE ( 'NONE', *, *, #1641, .F. ) ;
#1819 = VERTEX_POINT ( 'NONE', #1787 ) ;
#1820 = VERTEX_POINT ( 'NONE', #1639 ) ;
#1821 = CIRCLE ( 'NONE', #762, 1.199999999999999734 ) ;
#1822 = DIRECTION ( 'NONE',  ( -0.000000000000000000, 1.734723475976809067E-15, 1.000000000000000000 ) ) ;
#1823 = EDGE_CURVE ( 'NONE', #1857, #1071, #1539, .T. ) ;
#1824 = DIRECTION ( 'NONE',  ( 0.000000000000000000, 0.000000000000000000, 1.000000000000000000 ) ) ;
#1825 = VERTEX_POINT ( 'NONE', #2198 ) ;
#1826 = FACE_OUTER_BOUND ( 'NONE', #787, .T. ) ;
#1827 = ADVANCED_FACE ( 'NONE', ( #705 ), #537, .F. ) ;
#1828 = EDGE_LOOP ( 'NONE', ( #1312, #69, #353, #368 ) ) ;
#1829 = EDGE_CURVE ( 'NONE', #485, #953, #359, .T. ) ;
#1830 = EDGE_CURVE ( 'NONE', #2234, #1815, #1160, .T. ) ;
#1831 = CARTESIAN_POINT ( 'NONE',  ( 84.29999999999999716, 5.899999999999996803, -11.10000000000000320 ) ) ;
#1832 = VERTEX_POINT ( 'NONE', #167 ) ;
#1833 = ORIENTED_EDGE ( 'NONE', *, *, #1577, .T. ) ;
#1834 = FACE_OUTER_BOUND ( 'NONE', #516, .T. ) ;
#1835 = DIRECTION ( 'NONE',  ( -0.000000000000000000, 1.000000000000000000, 0.000000000000000000 ) ) ;
#1836 = EDGE_CURVE ( 'NONE', #1576, #343, #551, .T. ) ;
#1837 = VERTEX_POINT ( 'NONE', #1732 ) ;
#1838 = DIRECTION ( 'NONE',  ( -1.000000000000000000, 0.000000000000000000, 0.000000000000000000 ) ) ;
#1839 = LINE ( 'NONE', #300, #2306 ) ;
#1840 = EDGE_CURVE ( 'NONE', #1579, #170, #1391, .T. ) ;
#1841 = PLANE ( 'NONE',  #2088 ) ;
#1842 = ORIENTED_EDGE ( 'NONE', *, *, #844, .T. ) ;
#1843 = EDGE_CURVE ( 'NONE', #110, #827, #897, .T. ) ;
#1844 = DIRECTION ( 'NONE',  ( 0.000000000000000000, 0.000000000000000000, -1.000000000000000000 ) ) ;
#1845 = VERTEX_POINT ( 'NONE', #2285 ) ;
#1846 = DIRECTION ( 'NONE',  ( 0.000000000000000000, 0.000000000000000000, -1.000000000000000000 ) ) ;
#1847 = CARTESIAN_POINT ( 'NONE',  ( 84.29999999999999716, 0.2999999999999977685, -9.500000000000000000 ) ) ;
#1848 = LINE ( 'NONE', #1529, #383 ) ;
#1849 = ADVANCED_FACE ( 'NONE', ( #2106 ), #254, .F. ) ;
#1850 = LINE ( 'NONE', #1682, #622 ) ;
#1851 = PLANE ( 'NONE',  #1897 ) ;
#1852 = VERTEX_POINT ( 'NONE', #1899 ) ;
#1853 = CARTESIAN_POINT ( 'NONE',  ( 87.09999999999999432, 5.899999999999996803, -11.50000000000000355 ) ) ;
#1854 = ORIENTED_EDGE ( 'NONE', *, *, #1758, .F. ) ;
#1855 = VECTOR ( 'NONE', #1846, 1000.000000000000000 ) ;
#1856 = CARTESIAN_POINT ( 'NONE',  ( 84.29999999999999716, 5.099999999999998757, -9.500000000000001776 ) ) ;
#1857 = VERTEX_POINT ( 'NONE', #1722 ) ;
#1858 = ADVANCED_FACE ( 'NONE', ( #1681 ), #1154, .F. ) ;
#1859 = EDGE_LOOP ( 'NONE', ( #1586, #1794, #1220, #2159 ) ) ;
#1860 = UNCERTAINTY_MEASURE_WITH_UNIT (LENGTH_MEASURE( 1.000000000000000082E-05 ), #1069, 'distance_accuracy_value', 'NONE');
#1861 = CARTESIAN_POINT ( 'NONE',  ( 87.09999999999999432, -1.300000000000000266, -10.70000000000000107 ) ) ;
#1862 = LINE ( 'NONE', #330, #1559 ) ;
#1863 = DIRECTION ( 'NONE',  ( 1.000000000000000000, -0.000000000000000000, -0.000000000000000000 ) ) ;
#1864 = EDGE_LOOP ( 'NONE', ( #1125, #2261, #29, #919 ) ) ;
#1865 = CARTESIAN_POINT ( 'NONE',  ( 87.09999999999999432, 5.099999999999998757, -9.500000000000001776 ) ) ;
#1866 = ADVANCED_FACE ( 'NONE', ( #58 ), #1649, .T. ) ;
#1867 = AXIS2_PLACEMENT_3D ( 'NONE', #610, #402, #958 ) ;
#1868 = CARTESIAN_POINT ( 'NONE',  ( 84.29999999999999716, -8.900000000000002132, -12.69999999999999751 ) ) ;
#1869 = EDGE_CURVE ( 'NONE', #1686, #561, #2262, .T. ) ;
#1870 = EDGE_CURVE ( 'NONE', #249, #343, #1038, .T. ) ;
#1871 = DIRECTION ( 'NONE',  ( 1.000000000000000000, -0.000000000000000000, -0.000000000000000000 ) ) ;
#1872 = VERTEX_POINT ( 'NONE', #2279 ) ;
#1873 = DIRECTION ( 'NONE',  ( 0.000000000000000000, 0.000000000000000000, 1.000000000000000000 ) ) ;
#1874 = CYLINDRICAL_SURFACE ( 'NONE', #70, 0.3999999999999993006 ) ;
#1875 = ORIENTED_EDGE ( 'NONE', *, *, #2360, .F. ) ;
#1876 = ORIENTED_EDGE ( 'NONE', *, *, #2360, .T. ) ;
#1877 = LINE ( 'NONE', #1326, #1019 ) ;
#1878 = AXIS2_PLACEMENT_3D ( 'NONE', #1450, #1079, #2005 ) ;
#1879 = EDGE_LOOP ( 'NONE', ( #1967, #12, #488, #619 ) ) ;
#1880 = EDGE_CURVE ( 'NONE', #528, #1990, #1877, .T. ) ;
#1881 = CARTESIAN_POINT ( 'NONE',  ( 87.09999999999999432, -2.500000000000004441, -13.49999999999999822 ) ) ;
#1882 = ORIENTED_EDGE ( 'NONE', *, *, #884, .T. ) ;
#1883 = ADVANCED_FACE ( 'NONE', ( #1930 ), #2050, .T. ) ;
#1884 = CARTESIAN_POINT ( 'NONE',  ( 87.09999999999999432, -9.300000000000002487, -9.500000000000000000 ) ) ;
#1885 = ORIENTED_EDGE ( 'NONE', *, *, #526, .F. ) ;
#1886 = CYLINDRICAL_SURFACE ( 'NONE', #224, 0.3999999999999993006 ) ;
#1887 = ORIENTED_EDGE ( 'NONE', *, *, #1836, .F. ) ;
#1888 = FACE_OUTER_BOUND ( 'NONE', #911, .T. ) ;
#1889 = DIRECTION ( 'NONE',  ( -1.000000000000000000, 0.000000000000000000, 0.000000000000000000 ) ) ;
#1890 = LINE ( 'NONE', #297, #193 ) ;
#1891 = FACE_OUTER_BOUND ( 'NONE', #6, .T. ) ;
#1892 = ORIENTED_EDGE ( 'NONE', *, *, #1345, .F. ) ;
#1893 = CARTESIAN_POINT ( 'NONE',  ( 87.09999999999999432, -16.89999999999999858, -9.499999999999996447 ) ) ;
#1894 = EDGE_CURVE ( 'NONE', #933, #1820, #1476, .T. ) ;
#1895 = EDGE_CURVE ( 'NONE', #728, #101, #648, .T. ) ;
#1896 = ORIENTED_EDGE ( 'NONE', *, *, #865, .T. ) ;
#1897 = AXIS2_PLACEMENT_3D ( 'NONE', #2249, #584, #38 ) ;
#1898 = LINE ( 'NONE', #308, #2339 ) ;
#1899 = CARTESIAN_POINT ( 'NONE',  ( 87.09999999999999432, 0.2999999999999977685, -10.69999999999999929 ) ) ;
#1900 = LINE ( 'NONE', #456, #477 ) ;
#1901 = DIRECTION ( 'NONE',  ( 0.000000000000000000, -2.168404344971008474E-15, 1.000000000000000000 ) ) ;
#1902 = CIRCLE ( 'NONE', #1076, 0.3999999999999993006 ) ;
#1903 = DIRECTION ( 'NONE',  ( -1.000000000000000000, 0.000000000000000000, 0.000000000000000000 ) ) ;
#1904 = ORIENTED_EDGE ( 'NONE', *, *, #2068, .T. ) ;
#1905 = CARTESIAN_POINT ( 'NONE',  ( 87.09999999999999432, -12.09999999999999964, -12.29999999999999893 ) ) ;
#1906 = EDGE_CURVE ( 'NONE', #908, #1509, #1848, .T. ) ;
#1907 = CARTESIAN_POINT ( 'NONE',  ( 84.29999999999999716, -8.500000000000000000, -12.29999999999999893 ) ) ;
#1908 = ORIENTED_EDGE ( 'NONE', *, *, #1504, .T. ) ;
#1909 = AXIS2_PLACEMENT_3D ( 'NONE', #1358, #1311, #239 ) ;
#1910 = CYLINDRICAL_SURFACE ( 'NONE', #525, 1.199999999999999734 ) ;
#1911 = VERTEX_POINT ( 'NONE', #981 ) ;
#1912 = CARTESIAN_POINT ( 'NONE',  ( 87.09999999999999432, -10.50000000000000178, -10.69999999999999929 ) ) ;
#1913 = VERTEX_POINT ( 'NONE', #246 ) ;
#1914 = AXIS2_PLACEMENT_3D ( 'NONE', #78, #1903, #65 ) ;
#1915 = DIRECTION ( 'NONE',  ( -0.000000000000000000, -1.000000000000000000, -0.000000000000000000 ) ) ;
#1916 = EDGE_CURVE ( 'NONE', #1740, #1186, #1543, .T. ) ;
#1917 = CYLINDRICAL_SURFACE ( 'NONE', #1578, 1.199999999999999734 ) ;
#1918 = AXIS2_PLACEMENT_3D ( 'NONE', #830, #2113, #454 ) ;
#1919 = CARTESIAN_POINT ( 'NONE',  ( 84.29999999999999716, 1.099999999999998535, -9.500000000000001776 ) ) ;
#1920 = VECTOR ( 'NONE', #2120, 1000.000000000000000 ) ;
#1921 = DIRECTION ( 'NONE',  ( 0.000000000000000000, 0.000000000000000000, 1.000000000000000000 ) ) ;
#1922 = ORIENTED_EDGE ( 'NONE', *, *, #1390, .T. ) ;
#1923 =( LENGTH_UNIT ( ) NAMED_UNIT ( * ) SI_UNIT ( .MILLI., .METRE. ) );
#1924 = PLANE ( 'NONE',  #1918 ) ;
#1925 = CARTESIAN_POINT ( 'NONE',  ( 87.09999999999999432, -0.9000000000000002442, -10.69999999999999929 ) ) ;
#1926 = EDGE_CURVE ( 'NONE', #1820, #658, #1301, .T. ) ;
#1927 = ORIENTED_EDGE ( 'NONE', *, *, #709, .T. ) ;
#1928 = LINE ( 'NONE', #1218, #1447 ) ;
#1929 = DIRECTION ( 'NONE',  ( -1.000000000000000000, 0.000000000000000000, 0.000000000000000000 ) ) ;
#1930 = FACE_OUTER_BOUND ( 'NONE', #1498, .T. ) ;
#1931 = LINE ( 'NONE', #1506, #1392 ) ;
#1932 = CARTESIAN_POINT ( 'NONE',  ( 87.09999999999999432, -8.500000000000000000, -12.29999999999999893 ) ) ;
#1933 = VERTEX_POINT ( 'NONE', #969 ) ;
#1934 = EDGE_CURVE ( 'NONE', #1699, #221, #329, .T. ) ;
#1935 = PLANE ( 'NONE',  #1328 ) ;
#1936 = VERTEX_POINT ( 'NONE', #260 ) ;
#1937 = ORIENTED_EDGE ( 'NONE', *, *, #1441, .T. ) ;
#1938 = CARTESIAN_POINT ( 'NONE',  ( 87.09999999999999432, 4.699999999999999289, -13.49999999999999645 ) ) ;
#1939 = ORIENTED_EDGE ( 'NONE', *, *, #273, .T. ) ;
#1940 = CYLINDRICAL_SURFACE ( 'NONE', #1034, 0.3999999999999993006 ) ;
#1941 = DIRECTION ( 'NONE',  ( 0.000000000000000000, 0.000000000000000000, -1.000000000000000000 ) ) ;
#1942 = EDGE_CURVE ( 'NONE', #1198, #1386, #1252, .T. ) ;
#1943 = EDGE_LOOP ( 'NONE', ( #1896, #211, #896, #966 ) ) ;
#1944 = DIRECTION ( 'NONE',  ( -1.000000000000000000, 0.000000000000000000, 0.000000000000000000 ) ) ;
#1945 = LINE ( 'NONE', #1278, #491 ) ;
#1946 = ORIENTED_EDGE ( 'NONE', *, *, #1880, .F. ) ;
#1947 = EDGE_CURVE ( 'NONE', #301, #27, #179, .T. ) ;
#1948 = EDGE_CURVE ( 'NONE', #263, #419, #1419, .T. ) ;
#1949 = AXIS2_PLACEMENT_3D ( 'NONE', #875, #1786, #320 ) ;
#1950 = DIRECTION ( 'NONE',  ( 0.000000000000000000, 1.445602896647339508E-15, 1.000000000000000000 ) ) ;
#1951 = CARTESIAN_POINT ( 'NONE',  ( 87.09999999999999432, -3.700000000000002398, -10.30000000000000071 ) ) ;
#1952 = ORIENTED_EDGE ( 'NONE', *, *, #317, .F. ) ;
#1953 = CARTESIAN_POINT ( 'NONE',  ( 87.09999999999999432, -0.9000000000000023537, -10.69999999999999929 ) ) ;
#1954 = EDGE_CURVE ( 'NONE', #369, #1059, #556, .T. ) ;
#1955 = AXIS2_PLACEMENT_3D ( 'NONE', #756, #1822, #385 ) ;
#1956 = ORIENTED_EDGE ( 'NONE', *, *, #1551, .F. ) ;
#1957 = CARTESIAN_POINT ( 'NONE',  ( 87.09999999999999432, -8.900000000000002132, -12.29999999999999893 ) ) ;
#1958 = ORIENTED_EDGE ( 'NONE', *, *, #1709, .T. ) ;
#1959 = VERTEX_POINT ( 'NONE', #2319 ) ;
#1960 = ORIENTED_EDGE ( 'NONE', *, *, #183, .T. ) ;
#1961 = CARTESIAN_POINT ( 'NONE',  ( 87.09999999999999432, -2.900000000000002576, -10.69999999999999929 ) ) ;
#1962 = LINE ( 'NONE', #1741, #2077 ) ;
#1963 = DIRECTION ( 'NONE',  ( -1.000000000000000000, 0.000000000000000000, 0.000000000000000000 ) ) ;
#1964 =( NAMED_UNIT ( * ) SI_UNIT ( $, .STERADIAN. ) SOLID_ANGLE_UNIT ( ) );
#1965 = VERTEX_POINT ( 'NONE', #1907 ) ;
#1966 = DIRECTION ( 'NONE',  ( 0.000000000000000000, 0.000000000000000000, 1.000000000000000000 ) ) ;
#1967 = ORIENTED_EDGE ( 'NONE', *, *, #921, .F. ) ;
#1968 = CARTESIAN_POINT ( 'NONE',  ( 84.29999999999999716, 5.099999999999998757, -9.500000000000001776 ) ) ;
#1969 = ORIENTED_EDGE ( 'NONE', *, *, #604, .F. ) ;
#1970 = DIRECTION ( 'NONE',  ( 1.000000000000000000, 0.000000000000000000, 0.000000000000000000 ) ) ;
#1971 = VECTOR ( 'NONE', #2281, 1000.000000000000000 ) ;
#1972 = ORIENTED_EDGE ( 'NONE', *, *, #2207, .F. ) ;
#1973 = CARTESIAN_POINT ( 'NONE',  ( 84.29999999999999716, 0.6999999999999998446, -12.29999999999999893 ) ) ;
#1974 = DIRECTION ( 'NONE',  ( 0.000000000000000000, 0.000000000000000000, 1.000000000000000000 ) ) ;
#1975 = VECTOR ( 'NONE', #2381, 1000.000000000000000 ) ;
#1976 = PLANE ( 'NONE',  #272 ) ;
#1977 = DIRECTION ( 'NONE',  ( 0.000000000000000000, 1.000000000000000000, 0.000000000000000000 ) ) ;
#1978 = DIRECTION ( 'NONE',  ( 0.000000000000000000, 0.000000000000000000, -1.000000000000000000 ) ) ;
#1979 = CIRCLE ( 'NONE', #400, 1.199999999999999734 ) ;
#1980 = CARTESIAN_POINT ( 'NONE',  ( 84.29999999999999716, 5.499999999999999112, -11.90000000000000391 ) ) ;
#1981 = AXIS2_PLACEMENT_3D ( 'NONE', #1540, #996, #611 ) ;
#1982 = VERTEX_POINT ( 'NONE', #651 ) ;
#1983 = DIRECTION ( 'NONE',  ( 1.000000000000000000, -0.000000000000000000, -0.000000000000000000 ) ) ;
#1984 = CARTESIAN_POINT ( 'NONE',  ( 84.29999999999999716, -2.900000000000002576, -10.69999999999999929 ) ) ;
#1985 = ORIENTED_EDGE ( 'NONE', *, *, #807, .T. ) ;
#1986 = AXIS2_PLACEMENT_3D ( 'NONE', #2039, #1141, #1150 ) ;
#1987 = DIRECTION ( 'NONE',  ( 0.000000000000000000, 0.000000000000000000, 1.000000000000000000 ) ) ;
#1988 = VECTOR ( 'NONE', #448, 1000.000000000000000 ) ;
#1989 = LINE ( 'NONE', #282, #1126 ) ;
#1990 = VERTEX_POINT ( 'NONE', #413 ) ;
#1991 = CARTESIAN_POINT ( 'NONE',  ( 87.09999999999999432, 5.099999999999998757, -13.49999999999999645 ) ) ;
#1992 = CARTESIAN_POINT ( 'NONE',  ( 87.09999999999999432, 5.899999999999996803, -11.50000000000000355 ) ) ;
#1993 = EDGE_CURVE ( 'NONE', #60, #2311, #2291, .T. ) ;
#1994 = EDGE_CURVE ( 'NONE', #1706, #1117, #1796, .T. ) ;
#1995 = DIRECTION ( 'NONE',  ( 1.000000000000000000, 0.000000000000000000, 0.000000000000000000 ) ) ;
#1996 = ORIENTED_EDGE ( 'NONE', *, *, #1329, .F. ) ;
#1997 = DIRECTION ( 'NONE',  ( -1.000000000000000000, 0.000000000000000000, 0.000000000000000000 ) ) ;
#1998 = ORIENTED_EDGE ( 'NONE', *, *, #2145, .T. ) ;
#1999 = LINE ( 'NONE', #1790, #186 ) ;
#2000 = ORIENTED_EDGE ( 'NONE', *, *, #1257, .T. ) ;
#2001 = EDGE_CURVE ( 'NONE', #1706, #908, #2160, .T. ) ;
#2002 = VECTOR ( 'NONE', #989, 1000.000000000000000 ) ;
#2003 = ORIENTED_EDGE ( 'NONE', *, *, #1895, .T. ) ;
#2004 = CARTESIAN_POINT ( 'NONE',  ( 84.29999999999999716, -0.5000000000000022204, -10.69999999999999929 ) ) ;
#2005 = DIRECTION ( 'NONE',  ( 0.000000000000000000, 0.000000000000000000, 1.000000000000000000 ) ) ;
#2006 = DIRECTION ( 'NONE',  ( -1.000000000000000000, 0.000000000000000000, 0.000000000000000000 ) ) ;
#2007 = CYLINDRICAL_SURFACE ( 'NONE', #567, 0.3999999999999993006 ) ;
#2008 = CARTESIAN_POINT ( 'NONE',  ( 87.09999999999999432, -0.5000000000000022204, -12.30000000000000604 ) ) ;
#2009 =( GEOMETRIC_REPRESENTATION_CONTEXT ( 3 ) GLOBAL_UNCERTAINTY_ASSIGNED_CONTEXT ( ( #1691 ) ) GLOBAL_UNIT_ASSIGNED_CONTEXT ( ( #1923, #1596, #2332 ) ) REPRESENTATION_CONTEXT ( 'NONE', 'WORKASPACE' ) );
#2010 = DIRECTION ( 'NONE',  ( -1.000000000000000000, 0.000000000000000000, 0.000000000000000000 ) ) ;
#2011 = ORIENTED_EDGE ( 'NONE', *, *, #1441, .F. ) ;
#2012 = DIRECTION ( 'NONE',  ( 1.000000000000000000, 0.000000000000000000, 0.000000000000000000 ) ) ;
#2013 = VERTEX_POINT ( 'NONE', #852 ) ;
#2014 = ORIENTED_EDGE ( 'NONE', *, *, #1202, .F. ) ;
#2015 = CARTESIAN_POINT ( 'NONE',  ( 84.29999999999999716, -8.900000000000000355, -12.29999999999999893 ) ) ;
#2016 = VECTOR ( 'NONE', #2122, 1000.000000000000000 ) ;
#2017 = EDGE_CURVE ( 'NONE', #1022, #1360, #267, .T. ) ;
#2018 = DIRECTION ( 'NONE',  ( 1.000000000000000000, -0.000000000000000000, -0.000000000000000000 ) ) ;
#2019 = CARTESIAN_POINT ( 'NONE',  ( 84.29999999999999716, -0.5000000000000022204, -10.30000000000000071 ) ) ;
#2020 = ORIENTED_EDGE ( 'NONE', *, *, #1329, .T. ) ;
#2021 = VECTOR ( 'NONE', #390, 1000.000000000000000 ) ;
#2022 = AXIS2_PLACEMENT_3D ( 'NONE', #1178, #2136, #804 ) ;
#2023 = DIRECTION ( 'NONE',  ( 0.000000000000000000, -0.000000000000000000, 1.000000000000000000 ) ) ;
#2024 = PRODUCT_DEFINITION_CONTEXT ( 'detailed design', #108, 'design' ) ;
#2025 = ORIENTED_EDGE ( 'NONE', *, *, #2040, .F. ) ;
#2026 = ADVANCED_FACE ( 'NONE', ( #2287 ), #623, .F. ) ;
#2027 = VECTOR ( 'NONE', #920, 1000.000000000000000 ) ;
#2028 = EDGE_LOOP ( 'NONE', ( #1273, #1295, #238, #1282 ) ) ;
#2029 = LINE ( 'NONE', #201, #747 ) ;
#2030 = CARTESIAN_POINT ( 'NONE',  ( 87.09999999999999432, -12.89999999999999858, -9.499999999999996447 ) ) ;
#2031 =( NAMED_UNIT ( * ) SI_UNIT ( $, .STERADIAN. ) SOLID_ANGLE_UNIT ( ) );
#2032 = FACE_OUTER_BOUND ( 'NONE', #644, .T. ) ;
#2033 = CARTESIAN_POINT ( 'NONE',  ( 87.09999999999999432, -3.700000000000002398, -12.29999999999999893 ) ) ;
#2034 = AXIS2_PLACEMENT_3D ( 'NONE', #1281, #1090, #1663 ) ;
#2035 = VECTOR ( 'NONE', #126, 1000.000000000000000 ) ;
#2036 = ADVANCED_FACE ( 'NONE', ( #1189 ), #1040, .F. ) ;
#2037 = AXIS2_PLACEMENT_3D ( 'NONE', #1610, #1983, #673 ) ;
#2038 = EDGE_CURVE ( 'NONE', #2141, #189, #1962, .T. ) ;
#2039 = CARTESIAN_POINT ( 'NONE',  ( 84.29999999999999716, 4.699999999999998401, -9.900000000000000355 ) ) ;
#2040 = EDGE_CURVE ( 'NONE', #334, #1059, #674, .T. ) ;
#2041 = VERTEX_POINT ( 'NONE', #669 ) ;
#2042 = AXIS2_PLACEMENT_3D ( 'NONE', #774, #1677, #1517 ) ;
#2043 = CARTESIAN_POINT ( 'NONE',  ( 87.09999999999999432, -1.300000000000000044, -13.50000000000000000 ) ) ;
#2044 = AXIS2_PLACEMENT_3D ( 'NONE', #285, #1575, #470 ) ;
#2045 = ORIENTED_EDGE ( 'NONE', *, *, #921, .T. ) ;
#2046 = DIRECTION ( 'NONE',  ( -1.000000000000000000, 0.000000000000000000, 0.000000000000000000 ) ) ;
#2047 = VERTEX_POINT ( 'NONE', #1395 ) ;
#2048 = VERTEX_POINT ( 'NONE', #655 ) ;
#2049 = CARTESIAN_POINT ( 'NONE',  ( 84.29999999999999716, 5.499999999999999112, -11.10000000000000320 ) ) ;
#2050 = CYLINDRICAL_SURFACE ( 'NONE', #1478, 1.199999999999999734 ) ;
#2051 = DIRECTION ( 'NONE',  ( 0.000000000000000000, -1.355252715606880789E-16, 1.000000000000000000 ) ) ;
#2052 = ADVANCED_FACE ( 'NONE', ( #2076 ), #1924, .F. ) ;
#2053 = PLANE ( 'NONE',  #314 ) ;
#2054 = ORIENTED_EDGE ( 'NONE', *, *, #2260, .T. ) ;
#2055 = VERTEX_POINT ( 'NONE', #837 ) ;
#2056 = FACE_OUTER_BOUND ( 'NONE', #643, .T. ) ;
#2057 = VECTOR ( 'NONE', #147, 1000.000000000000000 ) ;
#2058 = AXIS2_PLACEMENT_3D ( 'NONE', #2255, #232, #1707 ) ;
#2059 = ORIENTED_EDGE ( 'NONE', *, *, #463, .F. ) ;
#2060 = CARTESIAN_POINT ( 'NONE',  ( 84.29999999999999716, -7.300000000000000711, -10.30000000000000071 ) ) ;
#2061 = VECTOR ( 'NONE', #1838, 1000.000000000000000 ) ;
#2062 = CARTESIAN_POINT ( 'NONE',  ( 0.000000000000000000, -6.100000000000001421, -12.29999999999999893 ) ) ;
#2063 = DIRECTION ( 'NONE',  ( 0.000000000000000000, 0.000000000000000000, -1.000000000000000000 ) ) ;
#2064 = LINE ( 'NONE', #1753, #1611 ) ;
#2065 = DIRECTION ( 'NONE',  ( 1.000000000000000000, -0.000000000000000000, -0.000000000000000000 ) ) ;
#2066 = DIRECTION ( 'NONE',  ( -1.000000000000000000, 0.000000000000000000, 0.000000000000000000 ) ) ;
#2067 = AXIS2_PLACEMENT_3D ( 'NONE', #1159, #605, #198 ) ;
#2068 = EDGE_CURVE ( 'NONE', #1428, #1857, #474, .T. ) ;
#2069 = CARTESIAN_POINT ( 'NONE',  ( 87.09999999999999432, 5.099999999999998757, -11.90000000000000391 ) ) ;
#2070 = ORIENTED_EDGE ( 'NONE', *, *, #210, .T. ) ;
#2071 = DIRECTION ( 'NONE',  ( -1.000000000000000000, 0.000000000000000000, 0.000000000000000000 ) ) ;
#2072 = AXIS2_PLACEMENT_3D ( 'NONE', #694, #1619, #1240 ) ;
#2073 = CARTESIAN_POINT ( 'NONE',  ( 87.09999999999999432, 5.099999999999998757, -13.09999999999999787 ) ) ;
#2074 = ORIENTED_EDGE ( 'NONE', *, *, #1345, .T. ) ;
#2075 = ORIENTED_EDGE ( 'NONE', *, *, #50, .F. ) ;
#2076 = FACE_OUTER_BOUND ( 'NONE', #1688, .T. ) ;
#2077 = VECTOR ( 'NONE', #1187, 1000.000000000000000 ) ;
#2078 = EDGE_CURVE ( 'NONE', #2141, #2374, #1711, .T. ) ;
#2079 = CIRCLE ( 'NONE', #185, 1.199999999999999734 ) ;
#2080 = DIRECTION ( 'NONE',  ( -1.000000000000000000, 0.000000000000000000, 0.000000000000000000 ) ) ;
#2081 = ORIENTED_EDGE ( 'NONE', *, *, #1799, .T. ) ;
#2082 = ORIENTED_EDGE ( 'NONE', *, *, #2193, .T. ) ;
#2083 = EDGE_CURVE ( 'NONE', #1258, #2119, #2107, .T. ) ;
#2084 = DIRECTION ( 'NONE',  ( -1.000000000000000000, -0.000000000000000000, -0.000000000000000000 ) ) ;
#2085 = ADVANCED_FACE ( 'NONE', ( #33 ), #552, .F. ) ;
#2086 = ORIENTED_EDGE ( 'NONE', *, *, #255, .F. ) ;
#2087 = DIRECTION ( 'NONE',  ( 0.000000000000000000, 0.000000000000000000, 1.000000000000000000 ) ) ;
#2088 = AXIS2_PLACEMENT_3D ( 'NONE', #2257, #1147, #944 ) ;
#2089 = VECTOR ( 'NONE', #1114, 1000.000000000000000 ) ;
#2090 = CARTESIAN_POINT ( 'NONE',  ( 84.29999999999999716, -3.700000000000002398, -12.29999999999999893 ) ) ;
#2091 = ORIENTED_EDGE ( 'NONE', *, *, #1431, .F. ) ;
#2092 = DIRECTION ( 'NONE',  ( 0.000000000000000000, 0.000000000000000000, 1.000000000000000000 ) ) ;
#2093 = CIRCLE ( 'NONE', #2202, 1.199999999999999734 ) ;
#2094 = DIRECTION ( 'NONE',  ( -0.000000000000000000, -0.000000000000000000, 1.000000000000000000 ) ) ;
#2095 = LINE ( 'NONE', #1660, #914 ) ;
#2096 = CARTESIAN_POINT ( 'NONE',  ( 87.09999999999999432, 1.100000000000000089, -9.500000000000000000 ) ) ;
#2097 = CYLINDRICAL_SURFACE ( 'NONE', #645, 0.3999999999999993006 ) ;
#2098 = FACE_OUTER_BOUND ( 'NONE', #135, .T. ) ;
#2099 = CARTESIAN_POINT ( 'NONE',  ( 84.29999999999999716, 1.099999999999998535, -9.500000000000001776 ) ) ;
#2100 = ORIENTED_EDGE ( 'NONE', *, *, #883, .F. ) ;
#2101 = DIRECTION ( 'NONE',  ( 1.000000000000000000, -0.000000000000000000, -0.000000000000000000 ) ) ;
#2102 = ORIENTED_EDGE ( 'NONE', *, *, #57, .T. ) ;
#2103 = VERTEX_POINT ( 'NONE', #1755 ) ;
#2104 = DIRECTION ( 'NONE',  ( 1.000000000000000000, -0.000000000000000000, -0.000000000000000000 ) ) ;
#2105 = DIRECTION ( 'NONE',  ( 0.000000000000000000, 0.000000000000000000, 1.000000000000000000 ) ) ;
#2106 = FACE_OUTER_BOUND ( 'NONE', #790, .T. ) ;
#2107 = CIRCLE ( 'NONE', #2044, 1.199999999999999734 ) ;
#2108 = ORIENTED_EDGE ( 'NONE', *, *, #1097, .F. ) ;
#2109 = LINE ( 'NONE', #1635, #63 ) ;
#2110 = EDGE_LOOP ( 'NONE', ( #1263, #1922, #1647, #1511 ) ) ;
#2111 = FACE_OUTER_BOUND ( 'NONE', #1943, .T. ) ;
#2112 = APPLICATION_PROTOCOL_DEFINITION ( 'draft international standard', 'automotive_design', 1998, #108 ) ;
#2113 = DIRECTION ( 'NONE',  ( 0.000000000000000000, -1.000000000000000000, -1.355252715606880789E-16 ) ) ;
#2114 = EDGE_LOOP ( 'NONE', ( #937, #1233, #1418, #203 ) ) ;
#2115 = AXIS2_PLACEMENT_3D ( 'NONE', #760, #1693, #583 ) ;
#2116 = CYLINDRICAL_SURFACE ( 'NONE', #2162, 0.3999999999999993006 ) ;
#2117 = VERTEX_POINT ( 'NONE', #745 ) ;
#2118 = DIRECTION ( 'NONE',  ( -1.000000000000000000, 0.000000000000000000, 0.000000000000000000 ) ) ;
#2119 = VERTEX_POINT ( 'NONE', #918 ) ;
#2120 = DIRECTION ( 'NONE',  ( 1.000000000000000000, -0.000000000000000000, -0.000000000000000000 ) ) ;
#2121 = EDGE_CURVE ( 'NONE', #1052, #2055, #1650, .T. ) ;
#2122 = DIRECTION ( 'NONE',  ( 1.000000000000000000, -0.000000000000000000, -0.000000000000000000 ) ) ;
#2123 = AXIS2_PLACEMENT_3D ( 'NONE', #1020, #1564, #1921 ) ;
#2124 = VECTOR ( 'NONE', #1164, 1000.000000000000000 ) ;
#2125 = DIRECTION ( 'NONE',  ( -0.000000000000000000, -0.000000000000000000, 1.000000000000000000 ) ) ;
#2126 = DIRECTION ( 'NONE',  ( -1.000000000000000000, 0.000000000000000000, 0.000000000000000000 ) ) ;
#2127 = DIRECTION ( 'NONE',  ( -0.000000000000000000, 1.000000000000000000, 0.000000000000000000 ) ) ;
#2128 = EDGE_CURVE ( 'NONE', #1819, #1872, #144, .T. ) ;
#2129 = DIRECTION ( 'NONE',  ( -1.000000000000000000, 0.000000000000000000, 0.000000000000000000 ) ) ;
#2130 = CARTESIAN_POINT ( 'NONE',  ( 84.29999999999999716, -6.900000000000003020, -10.69999999999999929 ) ) ;
#2131 = DIRECTION ( 'NONE',  ( 1.000000000000000000, -0.000000000000000000, -0.000000000000000000 ) ) ;
#2132 = EDGE_LOOP ( 'NONE', ( #251, #1748, #1661, #443 ) ) ;
#2133 = VECTOR ( 'NONE', #1978, 1000.000000000000000 ) ;
#2134 = FACE_OUTER_BOUND ( 'NONE', #1422, .T. ) ;
#2135 = PRODUCT_CONTEXT ( 'NONE', #1216, 'mechanical' ) ;
#2136 = DIRECTION ( 'NONE',  ( -0.000000000000000000, 1.000000000000000000, 0.000000000000000000 ) ) ;
#2137 = ORIENTED_EDGE ( 'NONE', *, *, #693, .T. ) ;
#2138 = VECTOR ( 'NONE', #2065, 1000.000000000000000 ) ;
#2139 = AXIS2_PLACEMENT_3D ( 'NONE', #2220, #1499, #951 ) ;
#2140 = PLANE ( 'NONE',  #1949 ) ;
#2141 = VERTEX_POINT ( 'NONE', #1784 ) ;
#2142 = SURFACE_SIDE_STYLE ('',( #1537 ) ) ;
#2143 = CARTESIAN_POINT ( 'NONE',  ( 87.09999999999999432, -8.900000000000002132, -12.29999999999999893 ) ) ;
#2144 = LINE ( 'NONE', #1600, #2057 ) ;
#2145 = EDGE_CURVE ( 'NONE', #1845, #1438, #414, .T. ) ;
#2146 = ORIENTED_EDGE ( 'NONE', *, *, #13, .T. ) ;
#2147 = DIRECTION ( 'NONE',  ( 1.000000000000000000, -0.000000000000000000, -0.000000000000000000 ) ) ;
#2148 = CARTESIAN_POINT ( 'NONE',  ( 0.000000000000000000, -9.300000000000000711, -12.29999999999999893 ) ) ;
#2149 = FACE_OUTER_BOUND ( 'NONE', #617, .T. ) ;
#2150 = DIRECTION ( 'NONE',  ( -1.000000000000000000, 0.000000000000000000, 0.000000000000000000 ) ) ;
#2151 = FACE_OUTER_BOUND ( 'NONE', #891, .T. ) ;
#2152 = VECTOR ( 'NONE', #2168, 1000.000000000000000 ) ;
#2153 = DIRECTION ( 'NONE',  ( -1.000000000000000000, 0.000000000000000000, 0.000000000000000000 ) ) ;
#2154 = CARTESIAN_POINT ( 'NONE',  ( 87.09999999999999432, -4.100000000000000533, -10.69999999999999929 ) ) ;
#2155 = CARTESIAN_POINT ( 'NONE',  ( 84.29999999999999716, -12.10000000000000142, -12.69999999999999751 ) ) ;
#2156 = EDGE_CURVE ( 'NONE', #1852, #218, #649, .T. ) ;
#2157 = AXIS2_PLACEMENT_3D ( 'NONE', #2352, #1806, #2333 ) ;
#2158 = DIRECTION ( 'NONE',  ( 0.000000000000000000, -1.000000000000000000, -1.355252715606880789E-16 ) ) ;
#2159 = ORIENTED_EDGE ( 'NONE', *, *, #1830, .T. ) ;
#2160 = LINE ( 'NONE', #1016, #1680 ) ;
#2161 = CARTESIAN_POINT ( 'NONE',  ( 84.29999999999999716, -0.9000000000000002442, -10.69999999999999929 ) ) ;
#2162 = AXIS2_PLACEMENT_3D ( 'NONE', #109, #2278, #1031 ) ;
#2163 = AXIS2_PLACEMENT_3D ( 'NONE', #1791, #133, #489 ) ;
#2164 = EDGE_CURVE ( 'NONE', #1314, #1032, #1931, .T. ) ;
#2165 = PLANE ( 'NONE',  #399 ) ;
#2166 = VECTOR ( 'NONE', #2066, 1000.000000000000000 ) ;
#2167 = ORIENTED_EDGE ( 'NONE', *, *, #439, .F. ) ;
#2168 = DIRECTION ( 'NONE',  ( 0.000000000000000000, -1.355252715606880789E-16, 1.000000000000000000 ) ) ;
#2169 = ORIENTED_EDGE ( 'NONE', *, *, #2017, .F. ) ;
#2170 = DIRECTION ( 'NONE',  ( 0.000000000000000000, 1.000000000000000000, 0.000000000000000000 ) ) ;
#2171 = ORIENTED_EDGE ( 'NONE', *, *, #497, .F. ) ;
#2172 = DIRECTION ( 'NONE',  ( 0.000000000000000000, 0.000000000000000000, -1.000000000000000000 ) ) ;
#2173 = ORIENTED_EDGE ( 'NONE', *, *, #647, .F. ) ;
#2174 =( LENGTH_UNIT ( ) NAMED_UNIT ( * ) SI_UNIT ( .MILLI., .METRE. ) );
#2175 = PLANE ( 'NONE',  #433 ) ;
#2176 = ORIENTED_EDGE ( 'NONE', *, *, #1779, .F. ) ;
#2177 = LINE ( 'NONE', #418, #1205 ) ;
#2178 = CARTESIAN_POINT ( 'NONE',  ( 84.29999999999999716, -10.50000000000000000, -10.69999999999999929 ) ) ;
#2179 = DIRECTION ( 'NONE',  ( 0.000000000000000000, 0.000000000000000000, 1.000000000000000000 ) ) ;
#2180 = CIRCLE ( 'NONE', #175, 0.3999999999999993006 ) ;
#2181 = CARTESIAN_POINT ( 'NONE',  ( 87.09999999999999432, -2.900000000000002576, -12.29999999999999893 ) ) ;
#2182 = ORIENTED_EDGE ( 'NONE', *, *, #507, .F. ) ;
#2183 = DIRECTION ( 'NONE',  ( 0.000000000000000000, 1.897353801849635915E-15, 1.000000000000000000 ) ) ;
#2184 = CARTESIAN_POINT ( 'NONE',  ( 87.09999999999999432, 5.099999999999998757, -11.90000000000000391 ) ) ;
#2185 = ORIENTED_EDGE ( 'NONE', *, *, #1213, .T. ) ;
#2186 = VERTEX_POINT ( 'NONE', #1142 ) ;
#2187 = AXIS2_PLACEMENT_3D ( 'NONE', #554, #545, #164 ) ;
#2188 = EDGE_CURVE ( 'NONE', #1277, #1651, #2315, .T. ) ;
#2189 = ORIENTED_EDGE ( 'NONE', *, *, #121, .T. ) ;
#2190 = ORIENTED_EDGE ( 'NONE', *, *, #1894, .T. ) ;
#2191 = DIRECTION ( 'NONE',  ( 0.000000000000000000, 0.000000000000000000, 1.000000000000000000 ) ) ;
#2192 = AXIS2_PLACEMENT_3D ( 'NONE', #2385, #1835, #192 ) ;
#2193 = EDGE_CURVE ( 'NONE', #908, #263, #1763, .T. ) ;
#2194 = EDGE_CURVE ( 'NONE', #512, #906, #1477, .T. ) ;
#2195 = DIRECTION ( 'NONE',  ( -1.000000000000000000, 0.000000000000000000, -0.000000000000000000 ) ) ;
#2196 = ORIENTED_EDGE ( 'NONE', *, *, #1538, .F. ) ;
#2197 = ORIENTED_EDGE ( 'NONE', *, *, #107, .F. ) ;
#2198 = CARTESIAN_POINT ( 'NONE',  ( 84.29999999999999716, -6.100000000000003197, -10.69999999999999929 ) ) ;
#2199 = CARTESIAN_POINT ( 'NONE',  ( 87.09999999999999432, -4.500000000000000888, -12.29999999999999893 ) ) ;
#2200 = ORIENTED_EDGE ( 'NONE', *, *, #1557, .T. ) ;
#2201 = VECTOR ( 'NONE', #783, 1000.000000000000000 ) ;
#2202 = AXIS2_PLACEMENT_3D ( 'NONE', #1811, #1286, #150 ) ;
#2203 = CARTESIAN_POINT ( 'NONE',  ( 87.09999999999999432, -7.300000000000000711, -10.69999999999999929 ) ) ;
#2204 = FACE_OUTER_BOUND ( 'NONE', #1859, .T. ) ;
#2205 = ORIENTED_EDGE ( 'NONE', *, *, #82, .F. ) ;
#2206 = ORIENTED_EDGE ( 'NONE', *, *, #352, .T. ) ;
#2207 = EDGE_CURVE ( 'NONE', #184, #1284, #173, .T. ) ;
#2208 = FACE_OUTER_BOUND ( 'NONE', #1828, .T. ) ;
#2209 = ORIENTED_EDGE ( 'NONE', *, *, #90, .F. ) ;
#2210 = DIRECTION ( 'NONE',  ( -1.000000000000000000, 0.000000000000000000, 0.000000000000000000 ) ) ;
#2211 = VECTOR ( 'NONE', #1185, 1000.000000000000000 ) ;
#2212 = EDGE_CURVE ( 'NONE', #292, #1911, #1989, .T. ) ;
#2213 = ADVANCED_FACE ( 'NONE', ( #2134 ), #426, .F. ) ;
#2214 = EDGE_CURVE ( 'NONE', #1812, #793, #506, .T. ) ;
#2215 = DIRECTION ( 'NONE',  ( -1.000000000000000000, 0.000000000000000000, 0.000000000000000000 ) ) ;
#2216 = LINE ( 'NONE', #714, #498 ) ;
#2217 = DIRECTION ( 'NONE',  ( -1.000000000000000000, 0.000000000000000000, 0.000000000000000000 ) ) ;
#2218 = AXIS2_PLACEMENT_3D ( 'NONE', #1335, #977, #1157 ) ;
#2219 = ORIENTED_EDGE ( 'NONE', *, *, #1270, .F. ) ;
#2220 = CARTESIAN_POINT ( 'NONE',  ( 87.09999999999999432, 1.099999999999998535, -9.500000000000001776 ) ) ;
#2221 = ORIENTED_EDGE ( 'NONE', *, *, #490, .F. ) ;
#2222 = ORIENTED_EDGE ( 'NONE', *, *, #2350, .F. ) ;
#2223 = CARTESIAN_POINT ( 'NONE',  ( 87.09999999999999432, -7.300000000000002487, -10.69999999999999929 ) ) ;
#2224 = SHAPE_DEFINITION_REPRESENTATION ( #1298, #946 ) ;
#2225 = ORIENTED_EDGE ( 'NONE', *, *, #1215, .T. ) ;
#2226 = DIRECTION ( 'NONE',  ( 0.000000000000000000, -1.355252715606880789E-16, 1.000000000000000000 ) ) ;
#2227 = ORIENTED_EDGE ( 'NONE', *, *, #1180, .T. ) ;
#2228 = ADVANCED_FACE ( 'NONE', ( #1620 ), #1841, .F. ) ;
#2229 = ORIENTED_EDGE ( 'NONE', *, *, #1558, .F. ) ;
#2230 = VECTOR ( 'NONE', #1336, 1000.000000000000000 ) ;
#2231 = ORIENTED_EDGE ( 'NONE', *, *, #1942, .T. ) ;
#2232 = FACE_OUTER_BOUND ( 'NONE', #145, .T. ) ;
#2233 = CARTESIAN_POINT ( 'NONE',  ( 87.09999999999999432, 5.099999999999998757, -12.30000000000000426 ) ) ;
#2234 = VERTEX_POINT ( 'NONE', #601 ) ;
#2235 = ORIENTED_EDGE ( 'NONE', *, *, #709, .F. ) ;
#2236 = CARTESIAN_POINT ( 'NONE',  ( 87.09999999999999432, -16.89999999999999858, -9.499999999999996447 ) ) ;
#2237 = ADVANCED_FACE ( 'NONE', ( #1219 ), #1874, .F. ) ;
#2238 = ORIENTED_EDGE ( 'NONE', *, *, #64, .F. ) ;
#2239 = FACE_OUTER_BOUND ( 'NONE', #959, .T. ) ;
#2240 = EDGE_CURVE ( 'NONE', #1186, #199, #204, .T. ) ;
#2241 = CARTESIAN_POINT ( 'NONE',  ( 87.09999999999999432, -10.90000000000000036, -13.50000000000000000 ) ) ;
#2242 = CARTESIAN_POINT ( 'NONE',  ( 87.09999999999999432, 5.499999999999999112, -10.70000000000000462 ) ) ;
#2243 = VECTOR ( 'NONE', #1615, 1000.000000000000000 ) ;
#2244 = DIRECTION ( 'NONE',  ( -0.000000000000000000, 1.000000000000000000, 0.000000000000000000 ) ) ;
#2245 = FACE_OUTER_BOUND ( 'NONE', #1331, .T. ) ;
#2246 = AXIS2_PLACEMENT_3D ( 'NONE', #1340, #1153, #1486 ) ;
#2247 = EDGE_CURVE ( 'NONE', #340, #1360, #1618, .T. ) ;
#2248 = CARTESIAN_POINT ( 'NONE',  ( 87.09999999999999432, -0.9000000000000002442, -10.69999999999999929 ) ) ;
#2249 = CARTESIAN_POINT ( 'NONE',  ( 87.09999999999999432, -10.10000000000000320, -10.30000000000000071 ) ) ;
#2250 = ADVANCED_FACE ( 'NONE', ( #1274 ), #586, .T. ) ;
#2251 = ORIENTED_EDGE ( 'NONE', *, *, #507, .T. ) ;
#2252 = DIRECTION ( 'NONE',  ( 1.000000000000000000, 0.000000000000000000, 0.000000000000000000 ) ) ;
#2253 = ORIENTED_EDGE ( 'NONE', *, *, #2128, .F. ) ;
#2254 = AXIS2_PLACEMENT_3D ( 'NONE', #1905, #1393, #829 ) ;
#2255 = CARTESIAN_POINT ( 'NONE',  ( 87.09999999999999432, -7.300000000000000711, -10.69999999999999929 ) ) ;
#2256 = CIRCLE ( 'NONE', #1018, 0.3999999999999993006 ) ;
#2257 = CARTESIAN_POINT ( 'NONE',  ( 87.09999999999999432, -3.700000000000002398, -10.30000000000000071 ) ) ;
#2258 = CARTESIAN_POINT ( 'NONE',  ( 84.29999999999999716, -7.300000000000000711, -10.69999999999999929 ) ) ;
#2259 = ORIENTED_EDGE ( 'NONE', *, *, #2121, .T. ) ;
#2260 = EDGE_CURVE ( 'NONE', #1872, #243, #441, .T. ) ;
#2261 = ORIENTED_EDGE ( 'NONE', *, *, #542, .F. ) ;
#2262 = CIRCLE ( 'NONE', #984, 0.3999999999999993006 ) ;
#2263 = VECTOR ( 'NONE', #152, 1000.000000000000000 ) ;
#2264 = ORIENTED_EDGE ( 'NONE', *, *, #1595, .F. ) ;
#2265 = CARTESIAN_POINT ( 'NONE',  ( 87.09999999999999432, 0.6999999999999975131, -12.30000000000000604 ) ) ;
#2266 = CARTESIAN_POINT ( 'NONE',  ( 87.09999999999999432, 5.099999999999998757, -13.09999999999999787 ) ) ;
#2267 = CIRCLE ( 'NONE', #841, 1.199999999999999734 ) ;
#2268 = DIRECTION ( 'NONE',  ( 0.000000000000000000, 0.000000000000000000, -1.000000000000000000 ) ) ;
#2269 = VERTEX_POINT ( 'NONE', #1130 ) ;
#2270 = DIRECTION ( 'NONE',  ( 0.000000000000000000, -1.301042606982607530E-14, 1.000000000000000000 ) ) ;
#2271 = DIRECTION ( 'NONE',  ( 1.000000000000000000, -0.000000000000000000, 0.000000000000000000 ) ) ;
#2272 = LINE ( 'NONE', #667, #367 ) ;
#2273 = ORIENTED_EDGE ( 'NONE', *, *, #2194, .T. ) ;
#2274 = CARTESIAN_POINT ( 'NONE',  ( 87.09999999999999432, -6.100000000000001421, -10.69999999999999929 ) ) ;
#2275 = VECTOR ( 'NONE', #1725, 1000.000000000000000 ) ;
#2276 = CARTESIAN_POINT ( 'NONE',  ( 87.09999999999999432, -9.300000000000000711, -10.69999999999999929 ) ) ;
#2277 = CARTESIAN_POINT ( 'NONE',  ( 87.09999999999999432, -10.50000000000000000, -10.69999999999999929 ) ) ;
#2278 = DIRECTION ( 'NONE',  ( 1.000000000000000000, 0.000000000000000000, 0.000000000000000000 ) ) ;
#2279 = CARTESIAN_POINT ( 'NONE',  ( 84.29999999999999716, -9.300000000000002487, -10.69999999999999929 ) ) ;
#2280 = EDGE_CURVE ( 'NONE', #514, #603, #784, .T. ) ;
#2281 = DIRECTION ( 'NONE',  ( -1.000000000000000000, -0.000000000000000000, -0.000000000000000000 ) ) ;
#2282 = ORIENTED_EDGE ( 'NONE', *, *, #844, .F. ) ;
#2283 = AXIS2_PLACEMENT_3D ( 'NONE', #284, #1236, #492 ) ;
#2284 = DIRECTION ( 'NONE',  ( 0.000000000000000000, 0.000000000000000000, 1.000000000000000000 ) ) ;
#2285 = CARTESIAN_POINT ( 'NONE',  ( 87.09999999999999432, 6.299999999999996270, -11.50000000000000533 ) ) ;
#2286 = DIRECTION ( 'NONE',  ( 0.000000000000000000, -1.000000000000000000, 2.891205793294684144E-15 ) ) ;
#2287 = FACE_OUTER_BOUND ( 'NONE', #1664, .T. ) ;
#2288 = CARTESIAN_POINT ( 'NONE',  ( 87.09999999999999432, -16.89999999999999858, -13.49999999999999645 ) ) ;
#2289 = DIRECTION ( 'NONE',  ( 0.000000000000000000, 0.000000000000000000, 1.000000000000000000 ) ) ;
#2290 = CIRCLE ( 'NONE', #1909, 1.199999999999999734 ) ;
#2291 = LINE ( 'NONE', #1516, #325 ) ;
#2292 = DIRECTION ( 'NONE',  ( 0.000000000000000000, -1.599198204416121880E-14, 1.000000000000000000 ) ) ;
#2293 = EDGE_CURVE ( 'NONE', #1290, #1425, #410, .T. ) ;
#2294 = ORIENTED_EDGE ( 'NONE', *, *, #1362, .T. ) ;
#2295 = CARTESIAN_POINT ( 'NONE',  ( 87.09999999999999432, -2.900000000000000355, -10.69999999999999929 ) ) ;
#2296 = VERTEX_POINT ( 'NONE', #87 ) ;
#2297 = PLANE ( 'NONE',  #1305 ) ;
#2298 = EDGE_CURVE ( 'NONE', #19, #1389, #1928, .T. ) ;
#2299 = DIRECTION ( 'NONE',  ( -1.000000000000000000, 0.000000000000000000, 0.000000000000000000 ) ) ;
#2300 = EDGE_CURVE ( 'NONE', #199, #2047, #731, .T. ) ;
#2301 = ORIENTED_EDGE ( 'NONE', *, *, #2298, .T. ) ;
#2302 = DIRECTION ( 'NONE',  ( 1.000000000000000000, -0.000000000000000000, -0.000000000000000000 ) ) ;
#2303 = ORIENTED_EDGE ( 'NONE', *, *, #542, .T. ) ;
#2304 = CARTESIAN_POINT ( 'NONE',  ( 84.29999999999999716, -8.900000000000002132, -12.29999999999999893 ) ) ;
#2305 = CARTESIAN_POINT ( 'NONE',  ( 87.09999999999999432, -8.900000000000003908, -12.29999999999999893 ) ) ;
#2306 = VECTOR ( 'NONE', #2336, 1000.000000000000000 ) ;
#2307 = ORIENTED_EDGE ( 'NONE', *, *, #2156, .T. ) ;
#2308 = CARTESIAN_POINT ( 'NONE',  ( 84.29999999999999716, -5.700000000000000178, -12.29999999999999893 ) ) ;
#2309 = CARTESIAN_POINT ( 'NONE',  ( 87.09999999999999432, 5.099999999999998757, -10.70000000000000462 ) ) ;
#2310 = EDGE_LOOP ( 'NONE', ( #1222, #2338, #563, #2189 ) ) ;
#2311 = VERTEX_POINT ( 'NONE', #1021 ) ;
#2312 = CIRCLE ( 'NONE', #1385, 0.3999999999999993006 ) ;
#2313 = ORIENTED_EDGE ( 'NONE', *, *, #235, .F. ) ;
#2314 = VECTOR ( 'NONE', #1168, 1000.000000000000000 ) ;
#2315 = LINE ( 'NONE', #835, #2016 ) ;
#2316 = DIRECTION ( 'NONE',  ( -0.000000000000000000, -0.000000000000000000, 1.000000000000000000 ) ) ;
#2317 = CARTESIAN_POINT ( 'NONE',  ( 84.29999999999999716, -8.500000000000000000, -10.69999999999999929 ) ) ;
#2318 = ORIENTED_EDGE ( 'NONE', *, *, #2145, .F. ) ;
#2319 = CARTESIAN_POINT ( 'NONE',  ( 87.09999999999999432, -4.500000000000000888, -10.70000000000000107 ) ) ;
#2320 = MECHANICAL_DESIGN_GEOMETRIC_PRESENTATION_REPRESENTATION (  '', ( #1426 ), #1123 ) ;
#2321 = ORIENTED_EDGE ( 'NONE', *, *, #1657, .F. ) ;
#2322 = ORIENTED_EDGE ( 'NONE', *, *, #94, .T. ) ;
#2323 = DIRECTION ( 'NONE',  ( -1.000000000000000000, 0.000000000000000000, 0.000000000000000000 ) ) ;
#2324 = CIRCLE ( 'NONE', #2072, 1.199999999999999734 ) ;
#2325 = ORIENTED_EDGE ( 'NONE', *, *, #1121, .T. ) ;
#2326 = AXIS2_PLACEMENT_3D ( 'NONE', #636, #496, #2284 ) ;
#2327 = EDGE_CURVE ( 'NONE', #1104, #1026, #1122, .T. ) ;
#2328 = CYLINDRICAL_SURFACE ( 'NONE', #947, 1.199999999999999734 ) ;
#2329 = DIRECTION ( 'NONE',  ( 0.000000000000000000, 1.000000000000000000, 0.000000000000000000 ) ) ;
#2330 = LINE ( 'NONE', #1109, #1239 ) ;
#2331 = CARTESIAN_POINT ( 'NONE',  ( 84.29999999999999716, -3.700000000000002398, -10.69999999999999929 ) ) ;
#2332 =( NAMED_UNIT ( * ) SI_UNIT ( $, .STERADIAN. ) SOLID_ANGLE_UNIT ( ) );
#2333 = DIRECTION ( 'NONE',  ( 0.000000000000000000, 0.000000000000000000, 1.000000000000000000 ) ) ;
#2334 = EDGE_CURVE ( 'NONE', #770, #1258, #1190, .T. ) ;
#2335 = DIRECTION ( 'NONE',  ( 0.000000000000000000, -1.000000000000000000, 0.000000000000000000 ) ) ;
#2336 = DIRECTION ( 'NONE',  ( -1.000000000000000000, -0.000000000000000000, -0.000000000000000000 ) ) ;
#2337 = ORIENTED_EDGE ( 'NONE', *, *, #1558, .T. ) ;
#2338 = ORIENTED_EDGE ( 'NONE', *, *, #1264, .T. ) ;
#2339 = VECTOR ( 'NONE', #495, 1000.000000000000000 ) ;
#2340 = DIRECTION ( 'NONE',  ( 0.000000000000000000, 0.000000000000000000, 1.000000000000000000 ) ) ;
#2341 = ORIENTED_EDGE ( 'NONE', *, *, #442, .T. ) ;
#2342 = CARTESIAN_POINT ( 'NONE',  ( 87.09999999999999432, -12.09999999999999964, -12.29999999999999893 ) ) ;
#2343 = EDGE_LOOP ( 'NONE', ( #1875, #615, #451, #1294 ) ) ;
#2344 = DIRECTION ( 'NONE',  ( 0.000000000000000000, 0.000000000000000000, 1.000000000000000000 ) ) ;
#2345 = EDGE_LOOP ( 'NONE', ( #1625, #1388, #2209, #2182 ) ) ;
#2346 = FACE_OUTER_BOUND ( 'NONE', #120, .T. ) ;
#2347 = DIRECTION ( 'NONE',  ( 0.000000000000000000, 0.000000000000000000, 1.000000000000000000 ) ) ;
#2348 = ADVANCED_FACE ( 'NONE', ( #954 ), #894, .F. ) ;
#2349 = ORIENTED_EDGE ( 'NONE', *, *, #1934, .F. ) ;
#2350 = EDGE_CURVE ( 'NONE', #2374, #514, #2256, .T. ) ;
#2351 = EDGE_LOOP ( 'NONE', ( #2091, #1261, #2367, #1550 ) ) ;
#2352 = CARTESIAN_POINT ( 'NONE',  ( 87.09999999999999432, -7.300000000000002487, -10.69999999999999929 ) ) ;
#2353 = ORIENTED_EDGE ( 'NONE', *, *, #312, .F. ) ;
#2354 = CARTESIAN_POINT ( 'NONE',  ( 87.09999999999999432, -2.500000000000002220, -12.29999999999999893 ) ) ;
#2355 = EDGE_CURVE ( 'NONE', #221, #85, #2312, .T. ) ;
#2356 = CARTESIAN_POINT ( 'NONE',  ( 87.09999999999999432, -3.700000000000002398, -10.69999999999999929 ) ) ;
#2357 = CARTESIAN_POINT ( 'NONE',  ( 84.29999999999999716, -12.09999999999999964, -12.29999999999999893 ) ) ;
#2358 = ORIENTED_EDGE ( 'NONE', *, *, #1297, .T. ) ;
#2359 = CARTESIAN_POINT ( 'NONE',  ( 87.09999999999999432, -0.9000000000000002442, -9.500000000000000000 ) ) ;
#2360 = EDGE_CURVE ( 'NONE', #793, #1165, #2365, .T. ) ;
#2361 = CARTESIAN_POINT ( 'NONE',  ( 87.09999999999999432, -4.100000000000000533, -10.69999999999999929 ) ) ;
#2362 = ORIENTED_EDGE ( 'NONE', *, *, #640, .T. ) ;
#2363 = ORIENTED_EDGE ( 'NONE', *, *, #2240, .F. ) ;
#2364 = DIRECTION ( 'NONE',  ( 0.000000000000000000, 0.000000000000000000, 1.000000000000000000 ) ) ;
#2365 = CIRCLE ( 'NONE', #902, 0.3999999999999993006 ) ;
#2366 = EDGE_CURVE ( 'NONE', #1052, #1037, #923, .T. ) ;
#2367 = ORIENTED_EDGE ( 'NONE', *, *, #64, .T. ) ;
#2368 =( NAMED_UNIT ( * ) PLANE_ANGLE_UNIT ( ) SI_UNIT ( $, .RADIAN. ) );
#2369 = CARTESIAN_POINT ( 'NONE',  ( 84.29999999999999716, -12.89999999999999858, -12.29999999999999893 ) ) ;
#2370 = CARTESIAN_POINT ( 'NONE',  ( 87.09999999999999432, -10.90000000000000036, -10.70000000000000107 ) ) ;
#2371 = ORIENTED_EDGE ( 'NONE', *, *, #1083, .F. ) ;
#2372 = VECTOR ( 'NONE', #1783, 1000.000000000000000 ) ;
#2373 = AXIS2_PLACEMENT_3D ( 'NONE', #21, #571, #1482 ) ;
#2374 = VERTEX_POINT ( 'NONE', #688 ) ;
#2375 = VECTOR ( 'NONE', #1735, 1000.000000000000000 ) ;
#2376 = CARTESIAN_POINT ( 'NONE',  ( 87.09999999999999432, -12.10000000000000142, -12.69999999999999751 ) ) ;
#2377 = EDGE_CURVE ( 'NONE', #1832, #266, #1898, .T. ) ;
#2378 = ORIENTED_EDGE ( 'NONE', *, *, #1823, .T. ) ;
#2379 = DIRECTION ( 'NONE',  ( 0.000000000000000000, 0.000000000000000000, 1.000000000000000000 ) ) ;
#2380 = EDGE_LOOP ( 'NONE', ( #1805, #14, #1773, #2363 ) ) ;
#2381 = DIRECTION ( 'NONE',  ( 1.000000000000000000, -0.000000000000000000, -0.000000000000000000 ) ) ;
#2382 = LINE ( 'NONE', #2274, #427 ) ;
#2383 = ORIENTED_EDGE ( 'NONE', *, *, #1320, .F. ) ;
#2384 = DIRECTION ( 'NONE',  ( -1.000000000000000000, 0.000000000000000000, 0.000000000000000000 ) ) ;
#2385 = CARTESIAN_POINT ( 'NONE',  ( 87.09999999999999432, -5.299999999999999822, -9.500000000000000000 ) ) ;
#2386 = VECTOR ( 'NONE', #1915, 1000.000000000000000 ) ;
#2387 = ORIENTED_EDGE ( 'NONE', *, *, #1843, .T. ) ;
#2388 = ORIENTED_EDGE ( 'NONE', *, *, #1382, .T. ) ;
#2389 = PLANE ( 'NONE',  #766 ) ;
#2390 = ORIENTED_EDGE ( 'NONE', *, *, #1462, .F. ) ;
#2391 = CARTESIAN_POINT ( 'NONE',  ( 87.09999999999999432, -9.300000000000002487, -12.29999999999999893 ) ) ;
#2392 = ORIENTED_EDGE ( 'NONE', *, *, #2212, .F. ) ;
#2393 = ORIENTED_EDGE ( 'NONE', *, *, #1813, .F. ) ;
#2394 = VECTOR ( 'NONE', #37, 1000.000000000000000 ) ;
ENDSEC;
END-ISO-10303-21;
