ISO-10303-21;
HEADER;
FILE_DESCRIPTION (( 'STEP AP214' ),
    '1' );
FILE_NAME ('case_bottom_main_OPEN.STEP',
    '2026-09-20T12:04:25',
    ( '' ),
    ( '' ),
    'SwSTEP 2.0',
    'SolidWorks 2018',
    '' );
FILE_SCHEMA (( 'AUTOMOTIVE_DESIGN' ));
ENDSEC;

DATA;
#1 = ORIENTED_EDGE ( 'NONE', *, *, #8957, .T. ) ;
#2 = ORIENTED_EDGE ( 'NONE', *, *, #4028, .T. ) ;
#3 = VECTOR ( 'NONE', #10807, 1000.000000000000000 ) ;
#4 = CARTESIAN_POINT ( 'NONE',  ( 72.45979833883056642, -9.458018877777742972, -17.73358937366266375 ) ) ;
#5 = ORIENTED_EDGE ( 'NONE', *, *, #6642, .T. ) ;
#6 = CIRCLE ( 'NONE', #8110, 2.149999999999999023 ) ;
#7 = DIRECTION ( 'NONE',  ( -0.000000000000000000, 1.000000000000000000, 9.351609034915406741E-17 ) ) ;
#8 = ORIENTED_EDGE ( 'NONE', *, *, #4556, .F. ) ;
#9 = ADVANCED_FACE ( 'NONE', ( #4312 ), #10856, .F. ) ;
#10 = FACE_OUTER_BOUND ( 'NONE', #4232, .T. ) ;
#11 = ORIENTED_EDGE ( 'NONE', *, *, #9117, .F. ) ;
#12 = DIRECTION ( 'NONE',  ( -0.000000000000000000, 2.168404344971006896E-16, -1.000000000000000000 ) ) ;
#13 = CARTESIAN_POINT ( 'NONE',  ( 86.79999999999999716, -15.54999999999981419, 18.75000000000047251 ) ) ;
#14 = ORIENTED_EDGE ( 'NONE', *, *, #1680, .F. ) ;
#15 = DIRECTION ( 'NONE',  ( -0.000000000000000000, 0.000000000000000000, 1.000000000000000000 ) ) ;
#16 = EDGE_CURVE ( 'NONE', #622, #8807, #8559, .T. ) ;
#17 = VECTOR ( 'NONE', #3596, 1000.000000000000000 ) ;
#18 = AXIS2_PLACEMENT_3D ( 'NONE', #6812, #8734, #4749 ) ;
#19 = CARTESIAN_POINT ( 'NONE',  ( 3.799999999999999378, -19.10000000000000142, 17.80000000000000071 ) ) ;
#20 = DIRECTION ( 'NONE',  ( 0.000000000000000000, -1.404986760216307406E-16, 1.000000000000000000 ) ) ;
#21 = VERTEX_POINT ( 'NONE', #1272 ) ;
#22 = EDGE_LOOP ( 'NONE', ( #11399, #1364, #10647, #6508 ) ) ;
#23 = CARTESIAN_POINT ( 'NONE',  ( -1.800000000000000266, -4.100000000000000533, 6.599999999999999645 ) ) ;
#24 = DIRECTION ( 'NONE',  ( 0.000000000000000000, 1.000000000000000000, 4.065758146820641628E-18 ) ) ;
#25 = CARTESIAN_POINT ( 'NONE',  ( 6.129999999999557581, -3.200000000000001510, -0.2000000000000005107 ) ) ;
#26 = VERTEX_POINT ( 'NONE', #11949 ) ;
#27 = CARTESIAN_POINT ( 'NONE',  ( -1.800000000000000266, -2.449999999999728839, 12.27259155458886397 ) ) ;
#28 = ADVANCED_FACE ( 'NONE', ( #5063 ), #9133, .T. ) ;
#29 = CARTESIAN_POINT ( 'NONE',  ( 1.985545839598284124, -9.573992342895298435, -17.72946265155321655 ) ) ;
#30 = CARTESIAN_POINT ( 'NONE',  ( -0.2557938343620839161, -10.27315253424517216, -17.67102964418252142 ) ) ;
#31 = DIRECTION ( 'NONE',  ( 0.000000000000000000, 0.000000000000000000, -1.000000000000000000 ) ) ;
#32 = CARTESIAN_POINT ( 'NONE',  ( -1.069077144348673070, -11.71614608341680608, -17.28590635499115535 ) ) ;
#33 = CARTESIAN_POINT ( 'NONE',  ( -1.558824317443914698, -13.02267275004191305, -16.69275778217441442 ) ) ;
#34 = ORIENTED_EDGE ( 'NONE', *, *, #5912, .F. ) ;
#35 = ORIENTED_EDGE ( 'NONE', *, *, #3367, .T. ) ;
#36 = DIRECTION ( 'NONE',  ( -0.7071067811865524577, 0.7071067811865426878, 0.000000000000000000 ) ) ;
#37 = AXIS2_PLACEMENT_3D ( 'NONE', #4268, #4228, #10104 ) ;
#38 = DIRECTION ( 'NONE',  ( 1.000000000000000000, 0.000000000000000000, 0.000000000000000000 ) ) ;
#39 = CARTESIAN_POINT ( 'NONE',  ( 34.80000000000000426, -19.10000000000000142, 34.79999999999999716 ) ) ;
#40 = ORIENTED_EDGE ( 'NONE', *, *, #2912, .F. ) ;
#41 = CARTESIAN_POINT ( 'NONE',  ( 150.7570364914818697, -11.30000000000000959, 57.79999999999999716 ) ) ;
#42 = LINE ( 'NONE', #894, #7458 ) ;
#43 = DIRECTION ( 'NONE',  ( -0.000000000000000000, 0.000000000000000000, 1.000000000000000000 ) ) ;
#44 = VERTEX_POINT ( 'NONE', #5377 ) ;
#45 = ORIENTED_EDGE ( 'NONE', *, *, #9447, .T. ) ;
#46 = LINE ( 'NONE', #11602, #6861 ) ;
#47 = CARTESIAN_POINT ( 'NONE',  ( 4.799999999999999822, -19.10000000000000142, 25.80000000000000071 ) ) ;
#48 = VERTEX_POINT ( 'NONE', #6183 ) ;
#49 = AXIS2_PLACEMENT_3D ( 'NONE', #4897, #7800, #2019 ) ;
#50 = ORIENTED_EDGE ( 'NONE', *, *, #166, .F. ) ;
#51 = ORIENTED_EDGE ( 'NONE', *, *, #1736, .T. ) ;
#52 = EDGE_CURVE ( 'NONE', #10228, #1646, #9948, .T. ) ;
#53 = DIRECTION ( 'NONE',  ( -1.000000000000000000, 0.000000000000000000, 1.405126015542156277E-14 ) ) ;
#54 = ORIENTED_EDGE ( 'NONE', *, *, #5792, .F. ) ;
#55 = CIRCLE ( 'NONE', #7240, 1.000000000000000888 ) ;
#56 = CARTESIAN_POINT ( 'NONE',  ( 16.19999999999999218, -10.10000000000000142, 56.79999999999999716 ) ) ;
#57 = CARTESIAN_POINT ( 'NONE',  ( 4.799999999999999822, -19.10000000000000142, 18.80000000000000071 ) ) ;
#58 = ORIENTED_EDGE ( 'NONE', *, *, #2498, .T. ) ;
#59 = CARTESIAN_POINT ( 'NONE',  ( -1.321343150831232105, -13.75179725468443159, -16.59305860781555353 ) ) ;
#60 = VECTOR ( 'NONE', #5948, 1000.000000000000000 ) ;
#61 = CARTESIAN_POINT ( 'NONE',  ( 62.80000000000001137, -19.09999999999999787, 6.799999999999999822 ) ) ;
#62 = CARTESIAN_POINT ( 'NONE',  ( 56.39999999999999858, -11.20000000000000462, -1.800000000000000044 ) ) ;
#63 = EDGE_CURVE ( 'NONE', #3351, #4895, #682, .T. ) ;
#64 = VERTEX_POINT ( 'NONE', #7650 ) ;
#65 = PRODUCT_RELATED_PRODUCT_CATEGORY ( 'part', '', ( #5072 ) ) ;
#66 = DIRECTION ( 'NONE',  ( 0.000000000000000000, 0.000000000000000000, -1.000000000000000000 ) ) ;
#67 = CARTESIAN_POINT ( 'NONE',  ( 84.20000000000001705, -19.10000000000000142, -17.73999999999999844 ) ) ;
#68 = EDGE_CURVE ( 'NONE', #10395, #12293, #1758, .T. ) ;
#69 = CARTESIAN_POINT ( 'NONE',  ( -0.09896157872199586036, -9.865629287902734745, -17.71066892209591259 ) ) ;
#70 = CARTESIAN_POINT ( 'NONE',  ( 87.40000000000000568, -16.69999999999999929, -13.70000000000000107 ) ) ;
#71 = EDGE_CURVE ( 'NONE', #4059, #2276, #10239, .T. ) ;
#72 = ORIENTED_EDGE ( 'NONE', *, *, #9517, .T. ) ;
#73 = ADVANCED_FACE ( 'NONE', ( #2229 ), #11005, .F. ) ;
#74 = CARTESIAN_POINT ( 'NONE',  ( 35.80000000000000426, -19.10000000000000142, 14.79999999999999361 ) ) ;
#75 = FACE_OUTER_BOUND ( 'NONE', #6050, .T. ) ;
#76 = DIRECTION ( 'NONE',  ( 1.000000000000000000, 0.000000000000000000, 0.000000000000000000 ) ) ;
#77 = DIRECTION ( 'NONE',  ( 0.000000000000000000, -1.000000000000000000, 0.000000000000000000 ) ) ;
#78 = ORIENTED_EDGE ( 'NONE', *, *, #10917, .F. ) ;
#79 = CARTESIAN_POINT ( 'NONE',  ( 32.80000000000000426, -19.10000000000000142, 5.799999999999999822 ) ) ;
#80 = CARTESIAN_POINT ( 'NONE',  ( 6.129999999999537152, -3.200000000000001510, -1.800000000000111067 ) ) ;
#81 = EDGE_LOOP ( 'NONE', ( #3037, #6805, #2607, #10330 ) ) ;
#82 = PLANE ( 'NONE',  #12010 ) ;
#83 = FACE_OUTER_BOUND ( 'NONE', #3051, .T. ) ;
#84 = ORIENTED_EDGE ( 'NONE', *, *, #2287, .T. ) ;
#85 = ADVANCED_FACE ( 'NONE', ( #9165 ), #6725, .F. ) ;
#86 = EDGE_CURVE ( 'NONE', #9440, #3779, #7070, .T. ) ;
#87 = VERTEX_POINT ( 'NONE', #903 ) ;
#88 = LINE ( 'NONE', #5947, #10088 ) ;
#89 = DIRECTION ( 'NONE',  ( 0.000000000000000000, 0.000000000000000000, 1.000000000000000000 ) ) ;
#90 = VECTOR ( 'NONE', #647, 1000.000000000000000 ) ;
#91 = VERTEX_POINT ( 'NONE', #2741 ) ;
#92 = CARTESIAN_POINT ( 'NONE',  ( 3.340753162855094160, -13.88105386432019195, -16.52311687880187563 ) ) ;
#93 = VERTEX_POINT ( 'NONE', #12522 ) ;
#94 = DIRECTION ( 'NONE',  ( 0.000000000000000000, 0.000000000000000000, -1.000000000000000000 ) ) ;
#95 = AXIS2_PLACEMENT_3D ( 'NONE', #513, #6310, #1327 ) ;
#96 = DIRECTION ( 'NONE',  ( 0.000000000000000000, -1.000000000000000000, 0.000000000000000000 ) ) ;
#97 = ADVANCED_FACE ( 'NONE', ( #5356 ), #4713, .F. ) ;
#98 = CARTESIAN_POINT ( 'NONE',  ( -1.800000000000000266, -9.500000000000001776, 32.79999999999999716 ) ) ;
#99 = DIRECTION ( 'NONE',  ( -1.000000000000000000, 0.000000000000000000, 0.000000000000000000 ) ) ;
#100 = CARTESIAN_POINT ( 'NONE',  ( 21.74999999999954525, -3.900000000003909673, -0.9999999999996426192 ) ) ;
#101 = ORIENTED_EDGE ( 'NONE', *, *, #1590, .F. ) ;
#102 = ORIENTED_EDGE ( 'NONE', *, *, #11659, .F. ) ;
#103 = EDGE_LOOP ( 'NONE', ( #2044, #6361, #1310, #11046 ) ) ;
#104 = AXIS2_PLACEMENT_3D ( 'NONE', #6161, #10139, #345 ) ;
#105 = CARTESIAN_POINT ( 'NONE',  ( 62.80000000000001137, -17.50000000000000711, 45.79999999999999005 ) ) ;
#106 = VECTOR ( 'NONE', #9138, 1000.000000000000000 ) ;
#107 = ORIENTED_EDGE ( 'NONE', *, *, #3770, .F. ) ;
#108 = CARTESIAN_POINT ( 'NONE',  ( 62.80000000000001137, -19.10000000000000142, 33.79999999999999716 ) ) ;
#109 = DIRECTION ( 'NONE',  ( 0.000000000000000000, -1.000000000000000000, -1.234678630588475078E-16 ) ) ;
#110 = VECTOR ( 'NONE', #2787, 1000.000000000000000 ) ;
#111 = CARTESIAN_POINT ( 'NONE',  ( -0.8033445186802081750, -11.12454015993842660, -17.47013393941144699 ) ) ;
#112 = DIRECTION ( 'NONE',  ( -1.000000000000000000, 0.000000000000000000, -0.000000000000000000 ) ) ;
#113 = CARTESIAN_POINT ( 'NONE',  ( 62.80000000000001137, -19.10000000000000142, 8.799999999999998934 ) ) ;
#114 = PLANE ( 'NONE',  #637 ) ;
#115 = ORIENTED_EDGE ( 'NONE', *, *, #8302, .F. ) ;
#116 = VECTOR ( 'NONE', #1416, 1000.000000000000000 ) ;
#117 = DIRECTION ( 'NONE',  ( 0.000000000000000000, 0.000000000000000000, -1.000000000000000000 ) ) ;
#118 = ORIENTED_EDGE ( 'NONE', *, *, #11006, .F. ) ;
#119 = ORIENTED_EDGE ( 'NONE', *, *, #3836, .F. ) ;
#120 = VECTOR ( 'NONE', #7922, 1000.000000000000000 ) ;
#121 = ORIENTED_EDGE ( 'NONE', *, *, #5111, .F. ) ;
#122 = LINE ( 'NONE', #231, #11469 ) ;
#123 = LINE ( 'NONE', #2336, #7837 ) ;
#124 = EDGE_CURVE ( 'NONE', #8495, #9339, #11765, .T. ) ;
#125 = DIRECTION ( 'NONE',  ( -1.000000000000000000, 0.000000000000000000, -0.000000000000000000 ) ) ;
#126 = CARTESIAN_POINT ( 'NONE',  ( 3.800000000000001155, -19.10000000000000142, 41.80000000000000426 ) ) ;
#127 = VECTOR ( 'NONE', #5943, 1000.000000000000000 ) ;
#128 = ORIENTED_EDGE ( 'NONE', *, *, #6867, .T. ) ;
#129 = ORIENTED_EDGE ( 'NONE', *, *, #3986, .T. ) ;
#130 = ORIENTED_EDGE ( 'NONE', *, *, #2648, .F. ) ;
#131 = VECTOR ( 'NONE', #1068, 1000.000000000000000 ) ;
#132 = DIRECTION ( 'NONE',  ( 1.400000000000014387E-14, 1.000000000000000000, 0.000000000000000000 ) ) ;
#133 = CARTESIAN_POINT ( 'NONE',  ( 4.799999999999999822, -17.50000000000000355, 25.80000000000000071 ) ) ;
#134 = EDGE_CURVE ( 'NONE', #6457, #2449, #8392, .T. ) ;
#135 = CARTESIAN_POINT ( 'NONE',  ( 3.399999999999958611, -19.09999999999999432, -7.977961573045432712E-15 ) ) ;
#136 = CARTESIAN_POINT ( 'NONE',  ( 2.886541194080828099, -12.04296280378055606, -17.29798759484740600 ) ) ;
#137 = EDGE_CURVE ( 'NONE', #5908, #5077, #9327, .T. ) ;
#138 = EDGE_LOOP ( 'NONE', ( #6769, #8000, #1676, #464 ) ) ;
#139 = CARTESIAN_POINT ( 'NONE',  ( 62.80000000000001137, -19.10000000000000142, 29.79999999999999361 ) ) ;
#140 = CARTESIAN_POINT ( 'NONE',  ( 32.80000000000000426, -19.10000000000000142, 9.799999999999998934 ) ) ;
#141 = CARTESIAN_POINT ( 'NONE',  ( -0.2000000000000000111, -15.90000000000001457, 20.80000000000000071 ) ) ;
#142 = EDGE_LOOP ( 'NONE', ( #12305, #6411, #7695, #6220 ) ) ;
#143 = EDGE_CURVE ( 'NONE', #8659, #8567, #11155, .T. ) ;
#144 = LINE ( 'NONE', #1940, #7561 ) ;
#145 = DIRECTION ( 'NONE',  ( 0.000000000000000000, -1.234678630588475078E-16, 1.000000000000000000 ) ) ;
#146 = DIRECTION ( 'NONE',  ( -1.000000000000000000, 0.000000000000000000, 0.000000000000000000 ) ) ;
#147 = CIRCLE ( 'NONE', #6675, 1.000000000000000888 ) ;
#148 = CARTESIAN_POINT ( 'NONE',  ( 88.40000000000000568, -17.50000000000020250, 54.39999999999972857 ) ) ;
#149 = ADVANCED_FACE ( 'NONE', ( #5833 ), #4144, .T. ) ;
#150 = DIRECTION ( 'NONE',  ( -1.000000000000000000, 0.000000000000000000, 0.000000000000000000 ) ) ;
#151 = CARTESIAN_POINT ( 'NONE',  ( -1.800000000000000266, -9.500000000000001776, 10.79999999999999716 ) ) ;
#152 = CARTESIAN_POINT ( 'NONE',  ( -0.2000000000000000111, -9.500000000000001776, 8.799999999999995381 ) ) ;
#153 = EDGE_LOOP ( 'NONE', ( #6456, #8253, #1295, #8871, #2075, #7919 ) ) ;
#154 = DIRECTION ( 'NONE',  ( -0.000000000000000000, 1.000000000000000000, 0.000000000000000000 ) ) ;
#155 = DIRECTION ( 'NONE',  ( 1.000000000000000000, 0.000000000000000000, 0.000000000000000000 ) ) ;
#156 = ORIENTED_EDGE ( 'NONE', *, *, #3839, .F. ) ;
#157 = B_SPLINE_CURVE_WITH_KNOTS ( 'NONE', 3,
 ( #12258, #10347, #11311, #9441, #6612, #4593, #11389, #5564, #5799, #6788, #2758, #3891, #9522, #3716, #4684, #12454, #6654, #1820, #4729, #12496, #875, #7665, #1867, #2096, #10892, #11862, #10720, #7909, #6071, #1179, #261, #10769, #8758, #2989, #3935, #7950, #4931, #11698, #10811, #6873, #1059, #7832, #8801, #3033, #11778, #184, #11054, #7131, #6186, #4161, #3267, #4124, #1391, #12015, #10972, #414, #4204, #3194, #2381, #11907, #3347, #457, #6109, #1273, #2265, #7373, #12241, #1387, #4064, #5025, #8413 ),
 .UNSPECIFIED., .F., .F.,
 ( 4, 2, 1, 1, 2, 2, 2, 1, 1, 2, 2, 2, 1, 1, 2, 2, 2, 1, 1, 2, 2, 2, 1, 1, 2, 2, 2, 1, 1, 1, 2, 2, 2, 1, 1, 1, 2, 2, 2, 1, 1, 1, 2, 2, 4 ),
 ( 0.000000000000000000, 0.06249999999999210354, 0.09374999999998831490, 0.1093749999999864414, 0.1171874999999854977, 0.1249999999999845401, 0.1874999999999804046, 0.2187499999999780176, 0.2343749999999768796, 0.2421874999999763245, 0.2499999999999757416, 0.3124999999999756306, 0.3437499999999755751, 0.3593749999999751865, 0.3671874999999749645, 0.3749999999999747424, 0.4374999999999757416, 0.4687499999999759637, 0.4843749999999758526, 0.4921874999999761302, 0.4999999999999763522, 0.5624999999999819034, 0.5937499999999846789, 0.6093749999999862332, 0.6171874999999867883, 0.6249999999999873435, 0.6874999999999925615, 0.7187499999999945599, 0.7343749999999953371, 0.7421874999999958922, 0.7460937499999963363, 0.7499999999999966693, 0.8124999999999977796, 0.8437499999999987788, 0.8593749999999995559, 0.8671875000000000000, 0.8710937500000002220, 0.8750000000000003331, 0.9062500000000039968, 0.9218750000000062172, 0.9296875000000076605, 0.9335937500000081046, 0.9355468750000081046, 0.9375000000000082157, 1.000000000000000000 ),
 .UNSPECIFIED. ) ;
#158 = ORIENTED_EDGE ( 'NONE', *, *, #9680, .T. ) ;
#159 = PLANE ( 'NONE',  #8795 ) ;
#160 = LINE ( 'NONE', #5349, #880 ) ;
#161 = CARTESIAN_POINT ( 'NONE',  ( 63.80000000000001137, -17.50000000000000000, 37.79999999999999716 ) ) ;
#162 = EDGE_LOOP ( 'NONE', ( #2409, #5247, #235, #906 ) ) ;
#163 = DIRECTION ( 'NONE',  ( -0.000000000000000000, 1.000000000000000000, -0.000000000000000000 ) ) ;
#164 = DIRECTION ( 'NONE',  ( 1.000000000000000000, -0.000000000000000000, -0.000000000000000000 ) ) ;
#165 = EDGE_CURVE ( 'NONE', #12107, #6978, #4148, .T. ) ;
#166 = EDGE_CURVE ( 'NONE', #10119, #4433, #11914, .T. ) ;
#167 = ADVANCED_FACE ( 'NONE', ( #10539 ), #6054, .T. ) ;
#168 = ORIENTED_EDGE ( 'NONE', *, *, #12154, .F. ) ;
#169 = CARTESIAN_POINT ( 'NONE',  ( -0.8000000000000001554, -4.100000000000000533, 6.599999999999999645 ) ) ;
#170 = CARTESIAN_POINT ( 'NONE',  ( 28.59999999996702158, -3.900000000034377745, -0.2000000000000006217 ) ) ;
#171 = CIRCLE ( 'NONE', #9003, 1.000000000000000000 ) ;
#172 = AXIS2_PLACEMENT_3D ( 'NONE', #4774, #10500, #4687 ) ;
#173 = DIRECTION ( 'NONE',  ( -0.000000000000000000, 1.000000000000000000, 3.001251688541188813E-16 ) ) ;
#174 = ORIENTED_EDGE ( 'NONE', *, *, #10263, .T. ) ;
#175 = EDGE_LOOP ( 'NONE', ( #2793, #4491, #8291, #6485 ) ) ;
#176 = DIRECTION ( 'NONE',  ( -0.000000000000000000, -0.000000000000000000, 1.000000000000000000 ) ) ;
#177 = CARTESIAN_POINT ( 'NONE',  ( -1.800000000000000266, -0.2000000000003226419, 34.24999999999941025 ) ) ;
#178 = EDGE_CURVE ( 'NONE', #10686, #2711, #6606, .T. ) ;
#179 = VECTOR ( 'NONE', #2958, 1000.000000000000000 ) ;
#180 = ORIENTED_EDGE ( 'NONE', *, *, #3713, .F. ) ;
#181 = CARTESIAN_POINT ( 'NONE',  ( 2.782744469010862254, -11.72740284378148345, -17.38897314422835905 ) ) ;
#182 = LINE ( 'NONE', #7626, #3214 ) ;
#183 = AXIS2_PLACEMENT_3D ( 'NONE', #2917, #850, #4664 ) ;
#184 = CARTESIAN_POINT ( 'NONE',  ( 2.538463312477354794, -10.56894866868691452, -17.59878990351330330 ) ) ;
#185 = DIRECTION ( 'NONE',  ( -1.000000000000000000, -0.000000000000000000, -0.000000000000000000 ) ) ;
#186 = ORIENTED_EDGE ( 'NONE', *, *, #813, .F. ) ;
#187 = DIRECTION ( 'NONE',  ( 0.000000000000000000, 0.1564344650402291481, 0.9876883405951381034 ) ) ;
#188 = CARTESIAN_POINT ( 'NONE',  ( -4.200000000000016165, -11.90000000000005187, 10.79999999999999716 ) ) ;
#189 = CARTESIAN_POINT ( 'NONE',  ( 70.60000000000000853, -3.200000000000001510, -0.000000000000000000 ) ) ;
#190 = ORIENTED_EDGE ( 'NONE', *, *, #4768, .T. ) ;
#191 = CARTESIAN_POINT ( 'NONE',  ( 4.799999999999999822, -17.50000000000000355, 33.79999999999999716 ) ) ;
#192 = ADVANCED_FACE ( 'NONE', ( #2824 ), #1210, .F. ) ;
#193 = ORIENTED_EDGE ( 'NONE', *, *, #10282, .T. ) ;
#194 = CARTESIAN_POINT ( 'NONE',  ( 6.129999999999558469, -3.309999999999783338, -0.2000000000000005107 ) ) ;
#195 = EDGE_CURVE ( 'NONE', #467, #12316, #3273, .T. ) ;
#196 = EDGE_LOOP ( 'NONE', ( #6871, #118, #9346, #2269 ) ) ;
#197 = DIRECTION ( 'NONE',  ( 0.000000000000000000, -1.000000000000000000, 0.000000000000000000 ) ) ;
#198 = EDGE_CURVE ( 'NONE', #3223, #3690, #9020, .T. ) ;
#199 = ORIENTED_EDGE ( 'NONE', *, *, #9286, .T. ) ;
#200 = DIRECTION ( 'NONE',  ( 1.000000000000000000, 0.000000000000000000, 0.000000000000000000 ) ) ;
#201 = LINE ( 'NONE', #4296, #3662 ) ;
#202 = VECTOR ( 'NONE', #12333, 1000.000000000000000 ) ;
#203 = ORIENTED_EDGE ( 'NONE', *, *, #10991, .T. ) ;
#204 = ORIENTED_EDGE ( 'NONE', *, *, #11972, .T. ) ;
#205 = DIRECTION ( 'NONE',  ( 0.000000000000000000, -1.000000000000000000, -0.000000000000000000 ) ) ;
#206 = FACE_OUTER_BOUND ( 'NONE', #661, .T. ) ;
#207 = EDGE_CURVE ( 'NONE', #7725, #2764, #8243, .T. ) ;
#208 = CARTESIAN_POINT ( 'NONE',  ( 34.80000000000000426, -19.10000000000000142, 21.79999999999999361 ) ) ;
#209 = AXIS2_PLACEMENT_3D ( 'NONE', #640, #4514, #3412 ) ;
#210 = EDGE_CURVE ( 'NONE', #4251, #3104, #8705, .T. ) ;
#211 = ORIENTED_EDGE ( 'NONE', *, *, #9893, .T. ) ;
#212 = ORIENTED_EDGE ( 'NONE', *, *, #8716, .T. ) ;
#213 = CYLINDRICAL_SURFACE ( 'NONE', #8418, 0.9999999999999991118 ) ;
#214 = EDGE_CURVE ( 'NONE', #11041, #10786, #11292, .T. ) ;
#215 = CARTESIAN_POINT ( 'NONE',  ( 16.19999999999999218, -10.20000000000001172, 56.69999999999998863 ) ) ;
#216 = DIRECTION ( 'NONE',  ( -0.7071067811865474617, 0.7071067811865474617, 0.000000000000000000 ) ) ;
#217 = LINE ( 'NONE', #10308, #9911 ) ;
#218 = CARTESIAN_POINT ( 'NONE',  ( 34.80000000000000426, -19.10000000000000142, 12.79999999999999538 ) ) ;
#219 = ADVANCED_FACE ( 'NONE', ( #542 ), #1596, .F. ) ;
#220 = ORIENTED_EDGE ( 'NONE', *, *, #1417, .F. ) ;
#221 = CARTESIAN_POINT ( 'NONE',  ( 86.58804366748218229, -9.468828484653752042, -17.73114727993739592 ) ) ;
#222 = CARTESIAN_POINT ( 'NONE',  ( 71.49871202158161054, 13.79528670462202555, -17.41380579911223592 ) ) ;
#223 = DIRECTION ( 'NONE',  ( 0.000000000000000000, 1.000000000000000000, 0.000000000000000000 ) ) ;
#224 = CYLINDRICAL_SURFACE ( 'NONE', #249, 1.000000000000000888 ) ;
#225 = EDGE_CURVE ( 'NONE', #5638, #5689, #1453, .T. ) ;
#226 = VECTOR ( 'NONE', #9077, 1000.000000000000000 ) ;
#227 = VERTEX_POINT ( 'NONE', #611 ) ;
#228 = DIRECTION ( 'NONE',  ( -0.000000000000000000, 0.000000000000000000, -1.000000000000000000 ) ) ;
#229 = DIRECTION ( 'NONE',  ( 1.000000000000000000, -0.000000000000000000, -0.000000000000000000 ) ) ;
#230 = EDGE_CURVE ( 'NONE', #11277, #10731, #827, .T. ) ;
#231 = CARTESIAN_POINT ( 'NONE',  ( 86.79999999999999716, -15.54999999999981419, 18.75000000000047251 ) ) ;
#232 = EDGE_CURVE ( 'NONE', #11503, #3690, #12060, .T. ) ;
#233 = CARTESIAN_POINT ( 'NONE',  ( -1.690997380666071193, -13.52064122727705353, -16.39228075337029011 ) ) ;
#234 = DIRECTION ( 'NONE',  ( 0.000000000000000000, 5.316088071541827378E-15, -1.000000000000000000 ) ) ;
#235 = ORIENTED_EDGE ( 'NONE', *, *, #679, .T. ) ;
#236 = ORIENTED_EDGE ( 'NONE', *, *, #11819, .T. ) ;
#237 = PLANE ( 'NONE',  #11650 ) ;
#238 = LINE ( 'NONE', #12140, #3699 ) ;
#239 = DIRECTION ( 'NONE',  ( 0.000000000000000000, -0.000000000000000000, 1.000000000000000000 ) ) ;
#240 = LINE ( 'NONE', #8445, #90 ) ;
#241 = AXIS2_PLACEMENT_3D ( 'NONE', #10977, #5975, #1144 ) ;
#242 = DIRECTION ( 'NONE',  ( 0.000000000000000000, -1.000000000000000000, -1.234678630588475078E-16 ) ) ;
#243 = VECTOR ( 'NONE', #12042, 1000.000000000000000 ) ;
#244 = EDGE_CURVE ( 'NONE', #10272, #9440, #3433, .T. ) ;
#245 = VERTEX_POINT ( 'NONE', #1578 ) ;
#246 = CARTESIAN_POINT ( 'NONE',  ( 86.79999999999999716, -18.20262464989040296, 36.89999999999971436 ) ) ;
#247 = VECTOR ( 'NONE', #11222, 1000.000000000000000 ) ;
#248 = VERTEX_POINT ( 'NONE', #3464 ) ;
#249 = AXIS2_PLACEMENT_3D ( 'NONE', #6425, #5546, #12357 ) ;
#250 = ADVANCED_FACE ( 'NONE', ( #10844 ), #9156, .F. ) ;
#251 = DIRECTION ( 'NONE',  ( 0.000000000000000000, -1.000000000000000000, 0.000000000000000000 ) ) ;
#252 = FACE_BOUND ( 'NONE', #4074, .T. ) ;
#253 = CARTESIAN_POINT ( 'NONE',  ( 88.40000000000000568, -0.1000000000000000472, 1.950000000000472244 ) ) ;
#254 = DIRECTION ( 'NONE',  ( 1.000000000000000000, 0.000000000000000000, -0.000000000000000000 ) ) ;
#255 = DIRECTION ( 'NONE',  ( 0.000000000000000000, 0.000000000000000000, 1.000000000000000000 ) ) ;
#256 = ORIENTED_EDGE ( 'NONE', *, *, #3143, .T. ) ;
#257 = DIRECTION ( 'NONE',  ( 0.000000000000000000, -1.000000000000000000, 0.000000000000000000 ) ) ;
#258 = AXIS2_PLACEMENT_3D ( 'NONE', #8870, #1206, #4953 ) ;
#259 = ORIENTED_EDGE ( 'NONE', *, *, #5965, .T. ) ;
#260 = ORIENTED_EDGE ( 'NONE', *, *, #3787, .T. ) ;
#261 = CARTESIAN_POINT ( 'NONE',  ( 3.133144770412644498, -11.86660076469123304, -17.23090323525592282 ) ) ;
#262 = CARTESIAN_POINT ( 'NONE',  ( 3.799999999999999378, -19.10000000000000142, 22.80000000000000071 ) ) ;
#263 = FACE_OUTER_BOUND ( 'NONE', #12543, .T. ) ;
#264 = CARTESIAN_POINT ( 'NONE',  ( 72.37102974172401559, 12.20352332247480831, -17.72767586043541854 ) ) ;
#265 = CARTESIAN_POINT ( 'NONE',  ( 3.799999999999999378, -19.10000000000000142, 36.79999999999999716 ) ) ;
#266 = ADVANCED_FACE ( 'NONE', ( #12046 ), #485, .F. ) ;
#267 = ORIENTED_EDGE ( 'NONE', *, *, #4709, .T. ) ;
#268 = AXIS2_PLACEMENT_3D ( 'NONE', #10435, #4486, #12313 ) ;
#269 = CARTESIAN_POINT ( 'NONE',  ( 88.17528226359922883, -13.07762055678739266, -16.66175152372535351 ) ) ;
#270 = ORIENTED_EDGE ( 'NONE', *, *, #6490, .F. ) ;
#271 = ORIENTED_EDGE ( 'NONE', *, *, #11878, .T. ) ;
#272 = ORIENTED_EDGE ( 'NONE', *, *, #574, .T. ) ;
#273 = CARTESIAN_POINT ( 'NONE',  ( 62.80000000000001137, -17.50000000000000355, 21.79999999999999361 ) ) ;
#274 = CARTESIAN_POINT ( 'NONE',  ( -0.2000000000000000111, -9.500000000000001776, 16.80000000000000071 ) ) ;
#275 = VERTEX_POINT ( 'NONE', #7357 ) ;
#276 = DIRECTION ( 'NONE',  ( -1.245113975359213795E-14, -1.000000000000000000, 9.999999999999977900E-15 ) ) ;
#277 = VECTOR ( 'NONE', #255, 1000.000000000000000 ) ;
#278 = CARTESIAN_POINT ( 'NONE',  ( -1.800000000000000266, 11.79999999999999893, -11.50000000000000000 ) ) ;
#279 = DIRECTION ( 'NONE',  ( 0.000000000000000000, -1.000000000000000000, -0.000000000000000000 ) ) ;
#280 = DIRECTION ( 'NONE',  ( -1.399999999999999714E-14, -9.999999999999999988E-15, -1.000000000000000000 ) ) ;
#281 = VECTOR ( 'NONE', #1521, 1000.000000000000000 ) ;
#282 = ORIENTED_EDGE ( 'NONE', *, *, #441, .T. ) ;
#283 = EDGE_LOOP ( 'NONE', ( #5258, #8326, #3458, #368 ) ) ;
#284 = EDGE_CURVE ( 'NONE', #4123, #6184, #11141, .T. ) ;
#285 = ORIENTED_EDGE ( 'NONE', *, *, #11518, .T. ) ;
#286 = CARTESIAN_POINT ( 'NONE',  ( 57.00000000000000000, -19.10000000000001208, 52.09999999999999432 ) ) ;
#287 = EDGE_CURVE ( 'NONE', #10335, #3504, #1434, .T. ) ;
#288 = CIRCLE ( 'NONE', #2295, 1.000000000000000888 ) ;
#289 = VERTEX_POINT ( 'NONE', #726 ) ;
#290 = DIRECTION ( 'NONE',  ( 0.000000000000000000, 0.000000000000000000, -1.000000000000000000 ) ) ;
#291 = DIRECTION ( 'NONE',  ( 1.000000000000000000, -0.000000000000000000, 0.000000000000000000 ) ) ;
#292 = CARTESIAN_POINT ( 'NONE',  ( 4.800000000000001599, -19.09999999999999787, 13.79999999999999893 ) ) ;
#293 = ORIENTED_EDGE ( 'NONE', *, *, #12137, .T. ) ;
#294 = VECTOR ( 'NONE', #7327, 1000.000000000000000 ) ;
#295 = DIRECTION ( 'NONE',  ( -1.000000000000000000, 0.000000000000000000, 0.000000000000000000 ) ) ;
#296 = ORIENTED_EDGE ( 'NONE', *, *, #1875, .T. ) ;
#297 = EDGE_CURVE ( 'NONE', #8259, #11441, #10231, .T. ) ;
#298 = AXIS2_PLACEMENT_3D ( 'NONE', #7569, #736, #6420 ) ;
#299 = CARTESIAN_POINT ( 'NONE',  ( -1.000000000000000000, -1.545900930049276534, 16.39936534720461125 ) ) ;
#300 = AXIS2_PLACEMENT_3D ( 'NONE', #11379, #8442, #1683 ) ;
#301 = CARTESIAN_POINT ( 'NONE',  ( 84.20000000000001705, -16.69999999999999929, -13.70000000000000107 ) ) ;
#302 = DIRECTION ( 'NONE',  ( 0.000000000000000000, 0.000000000000000000, 1.000000000000000000 ) ) ;
#303 = EDGE_CURVE ( 'NONE', #6868, #8740, #6289, .T. ) ;
#304 = ORIENTED_EDGE ( 'NONE', *, *, #4553, .T. ) ;
#305 = DIRECTION ( 'NONE',  ( 0.000000000000000000, 0.000000000000000000, -1.000000000000000000 ) ) ;
#306 = CARTESIAN_POINT ( 'NONE',  ( -0.2000000000000000111, -15.90000000000001457, 28.80000000000000071 ) ) ;
#307 = VERTEX_POINT ( 'NONE', #5494 ) ;
#308 = ORIENTED_EDGE ( 'NONE', *, *, #515, .F. ) ;
#309 = CARTESIAN_POINT ( 'NONE',  ( 4.800000000000000711, -19.09999999999999787, 9.799999999999998934 ) ) ;
#310 = CARTESIAN_POINT ( 'NONE',  ( 86.63193229949862939, -9.555032649180239090, -17.72735518186384240 ) ) ;
#311 = FACE_OUTER_BOUND ( 'NONE', #11236, .T. ) ;
#312 = ORIENTED_EDGE ( 'NONE', *, *, #688, .T. ) ;
#313 = ADVANCED_FACE ( 'NONE', ( #7213 ), #11323, .F. ) ;
#314 = CARTESIAN_POINT ( 'NONE',  ( -1.564334869628330571, -13.04132830194228276, -16.68213227690828759 ) ) ;
#315 = PLANE ( 'NONE',  #10328 ) ;
#316 = EDGE_LOOP ( 'NONE', ( #5623, #8737, #6377, #2960, #4544, #8105 ) ) ;
#317 = CARTESIAN_POINT ( 'NONE',  ( 31.80000000000000071, -17.50000000000000355, 17.80000000000000071 ) ) ;
#318 = ORIENTED_EDGE ( 'NONE', *, *, #8970, .F. ) ;
#319 = CYLINDRICAL_SURFACE ( 'NONE', #8339, 1.500000000000001332 ) ;
#320 = DIRECTION ( 'NONE',  ( 0.000000000000000000, -1.000000000000000000, -0.000000000000000000 ) ) ;
#321 = ORIENTED_EDGE ( 'NONE', *, *, #244, .T. ) ;
#322 = CARTESIAN_POINT ( 'NONE',  ( 62.80000000000001137, -17.50000000000000355, 16.79999999999999716 ) ) ;
#323 = EDGE_CURVE ( 'NONE', #1474, #11605, #7807, .T. ) ;
#324 = ORIENTED_EDGE ( 'NONE', *, *, #2502, .T. ) ;
#325 = CARTESIAN_POINT ( 'NONE',  ( 3.799999999999999822, 17.99999999999999645, -17.73999999999999844 ) ) ;
#326 = ADVANCED_FACE ( 'NONE', ( #12501 ), #6496, .F. ) ;
#327 = DIRECTION ( 'NONE',  ( 0.000000000000000000, 0.1564344650402281489, -0.9876883405951382144 ) ) ;
#328 = CARTESIAN_POINT ( 'NONE',  ( -0.2000000000000000111, -9.500000000000001776, 18.80000000000000071 ) ) ;
#329 = ORIENTED_EDGE ( 'NONE', *, *, #12464, .T. ) ;
#330 = EDGE_CURVE ( 'NONE', #4613, #4360, #9980, .T. ) ;
#331 = ORIENTED_EDGE ( 'NONE', *, *, #538, .T. ) ;
#332 = DIRECTION ( 'NONE',  ( 0.000000000000000000, 1.000000000000000000, -0.000000000000000000 ) ) ;
#333 = AXIS2_PLACEMENT_3D ( 'NONE', #2112, #5894, #112 ) ;
#334 = VECTOR ( 'NONE', #8663, 1000.000000000000000 ) ;
#335 = DIRECTION ( 'NONE',  ( 0.000000000000000000, -1.000000000000000000, -1.084202172485504434E-16 ) ) ;
#336 = CARTESIAN_POINT ( 'NONE',  ( 1.399999999999984590, -17.50000000000000711, 54.60000000000000853 ) ) ;
#337 = ORIENTED_EDGE ( 'NONE', *, *, #3615, .T. ) ;
#338 = EDGE_LOOP ( 'NONE', ( #312, #7822, #713, #3369 ) ) ;
#339 = CARTESIAN_POINT ( 'NONE',  ( 86.57806578071928527, -9.449225259004586874, -17.73205838479691820 ) ) ;
#340 = EDGE_LOOP ( 'NONE', ( #4769, #3550, #7705, #2662 ) ) ;
#341 = ORIENTED_EDGE ( 'NONE', *, *, #364, .F. ) ;
#342 = DIRECTION ( 'NONE',  ( -0.000000000000000000, 0.000000000000000000, 1.000000000000000000 ) ) ;
#343 = CARTESIAN_POINT ( 'NONE',  ( 88.39454075674170497, -14.19955991398949635, -15.90807934452068118 ) ) ;
#344 = ORIENTED_EDGE ( 'NONE', *, *, #5363, .F. ) ;
#345 = DIRECTION ( 'NONE',  ( 0.000000000000000000, 0.000000000000000000, -1.000000000000000000 ) ) ;
#346 = VERTEX_POINT ( 'NONE', #10474 ) ;
#347 = VECTOR ( 'NONE', #12102, 1000.000000000000000 ) ;
#348 = EDGE_CURVE ( 'NONE', #8180, #10525, #8541, .T. ) ;
#349 = DIRECTION ( 'NONE',  ( -1.000000000000000000, 0.000000000000000000, 1.257045997084642365E-16 ) ) ;
#350 = DIRECTION ( 'NONE',  ( 0.000000000000000000, 0.000000000000000000, 1.000000000000000000 ) ) ;
#351 = CARTESIAN_POINT ( 'NONE',  ( 4.800000000000000711, -19.10000000000000142, 9.799999999999998934 ) ) ;
#352 = ORIENTED_EDGE ( 'NONE', *, *, #11595, .T. ) ;
#353 = EDGE_CURVE ( 'NONE', #9491, #1146, #11434, .T. ) ;
#354 = ORIENTED_EDGE ( 'NONE', *, *, #7895, .F. ) ;
#355 = CYLINDRICAL_SURFACE ( 'NONE', #5087, 2.149999999999999023 ) ;
#356 = EDGE_LOOP ( 'NONE', ( #9611, #1129, #7696, #9417, #11040 ) ) ;
#357 = VECTOR ( 'NONE', #6726, 1000.000000000000000 ) ;
#358 = CARTESIAN_POINT ( 'NONE',  ( 34.80000000000000426, -17.50000000000000000, 26.79999999999999361 ) ) ;
#359 = EDGE_CURVE ( 'NONE', #1579, #7021, #7509, .T. ) ;
#360 = VECTOR ( 'NONE', #10549, 1000.000000000000000 ) ;
#361 = AXIS2_PLACEMENT_3D ( 'NONE', #1196, #10954, #9982 ) ;
#362 = EDGE_CURVE ( 'NONE', #11023, #9482, #7362, .T. ) ;
#363 = ADVANCED_FACE ( 'NONE', ( #6588 ), #11793, .F. ) ;
#364 = EDGE_CURVE ( 'NONE', #3232, #7128, #3700, .T. ) ;
#365 = ORIENTED_EDGE ( 'NONE', *, *, #4911, .T. ) ;
#366 = EDGE_CURVE ( 'NONE', #4018, #11478, #9606, .T. ) ;
#367 = LINE ( 'NONE', #8327, #6429 ) ;
#368 = ORIENTED_EDGE ( 'NONE', *, *, #1166, .T. ) ;
#369 = ORIENTED_EDGE ( 'NONE', *, *, #10492, .T. ) ;
#370 = LINE ( 'NONE', #10007, #4140 ) ;
#371 = CYLINDRICAL_SURFACE ( 'NONE', #608, 1.000000000000000888 ) ;
#372 = CARTESIAN_POINT ( 'NONE',  ( 84.20000000000001705, 11.79999999999999893, -11.50000000000000000 ) ) ;
#373 = ORIENTED_EDGE ( 'NONE', *, *, #12215, .F. ) ;
#374 = EDGE_LOOP ( 'NONE', ( #11401, #7170, #7942, #6946 ) ) ;
#375 = DIRECTION ( 'NONE',  ( 0.000000000000000000, 0.000000000000000000, -1.000000000000000000 ) ) ;
#376 = CARTESIAN_POINT ( 'NONE',  ( -1.800000000000000266, -17.50000000000000000, 34.79999999999999716 ) ) ;
#377 = DIRECTION ( 'NONE',  ( 0.000000000000000000, -1.000000000000000000, -1.404986760216307406E-16 ) ) ;
#378 = FACE_OUTER_BOUND ( 'NONE', #6265, .T. ) ;
#379 = CARTESIAN_POINT ( 'NONE',  ( 86.79999999999999716, -36.04999999999992610, 36.05000000000023874 ) ) ;
#380 = ADVANCED_FACE ( 'NONE', ( #4299 ), #1137, .T. ) ;
#381 = LINE ( 'NONE', #67, #10385 ) ;
#382 = ORIENTED_EDGE ( 'NONE', *, *, #1089, .T. ) ;
#383 = CARTESIAN_POINT ( 'NONE',  ( 35.80000000000000426, -19.10000000000000142, 42.79999999999999005 ) ) ;
#384 = ORIENTED_EDGE ( 'NONE', *, *, #5144, .T. ) ;
#385 = DIRECTION ( 'NONE',  ( -0.000000000000000000, -0.000000000000000000, -1.000000000000000000 ) ) ;
#386 = EDGE_CURVE ( 'NONE', #10079, #11544, #3126, .T. ) ;
#387 = VECTOR ( 'NONE', #7278, 1000.000000000000000 ) ;
#388 = LINE ( 'NONE', #325, #10847 ) ;
#389 = CARTESIAN_POINT ( 'NONE',  ( 84.20000000000001705, 3.662330314989931779, -17.73999999999999844 ) ) ;
#390 = DIRECTION ( 'NONE',  ( 0.000000000000000000, 0.000000000000000000, 1.000000000000000000 ) ) ;
#391 = DIRECTION ( 'NONE',  ( 1.000000000000000000, -1.245113975359227837E-14, -1.399999999999987250E-14 ) ) ;
#392 = CARTESIAN_POINT ( 'NONE',  ( 28.59999999996712461, -5.150000000033528202, -0.2000000000000008160 ) ) ;
#393 = DIRECTION ( 'NONE',  ( 0.000000000000000000, 0.000000000000000000, -1.000000000000000000 ) ) ;
#394 = VECTOR ( 'NONE', #9376, 1000.000000000000000 ) ;
#395 = ORIENTED_EDGE ( 'NONE', *, *, #8354, .F. ) ;
#396 = ORIENTED_EDGE ( 'NONE', *, *, #7895, .T. ) ;
#397 = ORIENTED_EDGE ( 'NONE', *, *, #3610, .T. ) ;
#398 = VECTOR ( 'NONE', #5138, 1000.000000000000114 ) ;
#399 = LINE ( 'NONE', #1520, #12371 ) ;
#400 = DIRECTION ( 'NONE',  ( -0.000000000000000000, 1.000000000000000000, 3.001251688541188813E-16 ) ) ;
#401 = CIRCLE ( 'NONE', #5830, 1.000000000000000888 ) ;
#402 = CARTESIAN_POINT ( 'NONE',  ( 86.79999999999999716, -0.1000000000000000056, -0.000000000000000000 ) ) ;
#403 = CARTESIAN_POINT ( 'NONE',  ( -1.800000000000000266, -0.2000000000003226419, 34.24999999999941025 ) ) ;
#404 = EDGE_CURVE ( 'NONE', #11941, #11277, #4754, .T. ) ;
#405 = CARTESIAN_POINT ( 'NONE',  ( 71.28391794970234230, -12.82200475552373753, -17.02190518828791355 ) ) ;
#406 = LINE ( 'NONE', #10152, #3008 ) ;
#407 = ORIENTED_EDGE ( 'NONE', *, *, #4071, .T. ) ;
#408 = VERTEX_POINT ( 'NONE', #2147 ) ;
#409 = ORIENTED_EDGE ( 'NONE', *, *, #10585, .T. ) ;
#410 = VECTOR ( 'NONE', #6828, 1000.000000000000000 ) ;
#411 = CARTESIAN_POINT ( 'NONE',  ( 86.94361334081338555, -10.50465559581590824, -17.64086850943065343 ) ) ;
#412 = ORIENTED_EDGE ( 'NONE', *, *, #5076, .T. ) ;
#413 = VECTOR ( 'NONE', #9350, 1000.000000000000000 ) ;
#414 = CARTESIAN_POINT ( 'NONE',  ( 2.174959710086523668, -9.837493285310101143, -17.70456578353017463 ) ) ;
#415 = DIRECTION ( 'NONE',  ( -0.000000000000000000, 0.000000000000000000, 1.000000000000000000 ) ) ;
#416 = VERTEX_POINT ( 'NONE', #5016 ) ;
#417 = ORIENTED_EDGE ( 'NONE', *, *, #11255, .F. ) ;
#418 = DIRECTION ( 'NONE',  ( 1.000000000000000000, 0.000000000000000000, 0.000000000000000000 ) ) ;
#419 = VECTOR ( 'NONE', #9753, 1000.000000000000000 ) ;
#420 = DIRECTION ( 'NONE',  ( 0.000000000000000000, -1.000000000000000000, -1.234678630588475078E-16 ) ) ;
#421 = CARTESIAN_POINT ( 'NONE',  ( 35.14999999999952252, -3.900000000004196998, -1.800000000000000044 ) ) ;
#422 = LINE ( 'NONE', #2801, #12262 ) ;
#423 = VERTEX_POINT ( 'NONE', #6083 ) ;
#424 = CARTESIAN_POINT ( 'NONE',  ( -1.998401123333692464, -3.710615871041247349, 6.599999999999999645 ) ) ;
#425 = CARTESIAN_POINT ( 'NONE',  ( -1.800000000000000266, -9.500000000000001776, 4.799999999999998934 ) ) ;
#426 = CARTESIAN_POINT ( 'NONE',  ( 88.07384380939947732, -12.75754425259531466, -16.83517567465021258 ) ) ;
#427 = ADVANCED_FACE ( 'NONE', ( #1898 ), #1747, .F. ) ;
#428 = DIRECTION ( 'NONE',  ( 0.000000000000000000, 0.000000000000000000, 1.000000000000000000 ) ) ;
#429 = DIRECTION ( 'NONE',  ( 1.000000000000000000, 0.000000000000000000, 0.000000000000000000 ) ) ;
#430 = ORIENTED_EDGE ( 'NONE', *, *, #8489, .T. ) ;
#431 = DIRECTION ( 'NONE',  ( 0.000000000000000000, 1.000000000000000000, -0.000000000000000000 ) ) ;
#432 = CARTESIAN_POINT ( 'NONE',  ( -1.800000000000000266, 11.79999999999999538, -11.53999999999999915 ) ) ;
#433 = FACE_OUTER_BOUND ( 'NONE', #9394, .T. ) ;
#434 = CARTESIAN_POINT ( 'NONE',  ( 86.79999999999999716, -17.50000000000000711, 54.60000000000000853 ) ) ;
#435 = FACE_OUTER_BOUND ( 'NONE', #10918, .T. ) ;
#436 = DIRECTION ( 'NONE',  ( 0.000000000000000000, 0.000000000000000000, 1.000000000000000000 ) ) ;
#437 = DIRECTION ( 'NONE',  ( -1.000000000000000000, -0.000000000000000000, -0.000000000000000000 ) ) ;
#438 = EDGE_CURVE ( 'NONE', #6457, #10803, #11754, .T. ) ;
#439 = ORIENTED_EDGE ( 'NONE', *, *, #2671, .T. ) ;
#440 = CARTESIAN_POINT ( 'NONE',  ( 14.19999999999999041, -8.099999999999999645, 56.79999999999999716 ) ) ;
#441 = EDGE_CURVE ( 'NONE', #10665, #7318, #528, .T. ) ;
#442 = VERTEX_POINT ( 'NONE', #4941 ) ;
#443 = LINE ( 'NONE', #1501, #4358 ) ;
#444 = DIRECTION ( 'NONE',  ( 1.245113975359213795E-14, 1.000000000000000000, -9.999999999999977900E-15 ) ) ;
#445 = ADVANCED_FACE ( 'NONE', ( #5663 ), #6885, .F. ) ;
#446 = VECTOR ( 'NONE', #8577, 1000.000000000000000 ) ;
#447 = LINE ( 'NONE', #2213, #7139 ) ;
#448 = CARTESIAN_POINT ( 'NONE',  ( 71.00000000000002842, -14.62770798392565652, -16.07333333333333414 ) ) ;
#449 = ORIENTED_EDGE ( 'NONE', *, *, #9851, .T. ) ;
#450 = EDGE_CURVE ( 'NONE', #825, #7024, #2367, .T. ) ;
#451 = ORIENTED_EDGE ( 'NONE', *, *, #450, .T. ) ;
#452 = DIRECTION ( 'NONE',  ( -0.000000000000000000, -1.000000000000000000, -9.351609034915406741E-17 ) ) ;
#453 = AXIS2_PLACEMENT_3D ( 'NONE', #2285, #9937, #8016 ) ;
#454 = LINE ( 'NONE', #5704, #3343 ) ;
#455 = DIRECTION ( 'NONE',  ( -0.000000000000000000, 1.000000000000000000, 1.955719815080955213E-16 ) ) ;
#456 = EDGE_CURVE ( 'NONE', #1861, #2120, #10527, .T. ) ;
#457 = CARTESIAN_POINT ( 'NONE',  ( 2.051192560387692598, -9.593038063163140450, -17.72421620614271021 ) ) ;
#458 = LINE ( 'NONE', #4717, #2738 ) ;
#459 = CARTESIAN_POINT ( 'NONE',  ( 35.80000000000000426, -19.09999999999999787, 13.79999999999999361 ) ) ;
#460 = EDGE_CURVE ( 'NONE', #4054, #2669, #7062, .T. ) ;
#461 = CARTESIAN_POINT ( 'NONE',  ( 19.00677727426997166, -10.49463313667988906, -2.000000000000000000 ) ) ;
#462 = CARTESIAN_POINT ( 'NONE',  ( 110.2009174118888950, 4.299999999999999822, -0.1999999999999994837 ) ) ;
#463 = ORIENTED_EDGE ( 'NONE', *, *, #9680, .F. ) ;
#464 = ORIENTED_EDGE ( 'NONE', *, *, #3225, .T. ) ;
#465 = CARTESIAN_POINT ( 'NONE',  ( 87.92134315083127660, -13.75179725468443692, -16.59305860781554642 ) ) ;
#466 = FACE_OUTER_BOUND ( 'NONE', #2626, .T. ) ;
#467 = VERTEX_POINT ( 'NONE', #4173 ) ;
#468 = CARTESIAN_POINT ( 'NONE',  ( 87.82731545901270920, -12.09486145740417662, -17.14135382900979110 ) ) ;
#469 = VECTOR ( 'NONE', #5984, 1000.000000000000000 ) ;
#470 = DIRECTION ( 'NONE',  ( 0.000000000000000000, 0.000000000000000000, -1.000000000000000000 ) ) ;
#471 = AXIS2_PLACEMENT_3D ( 'NONE', #7311, #10262, #12213 ) ;
#472 = DIRECTION ( 'NONE',  ( -0.000000000000000000, -0.000000000000000000, -1.000000000000000000 ) ) ;
#473 = AXIS2_PLACEMENT_3D ( 'NONE', #12226, #11406, #9418 ) ;
#474 = DIRECTION ( 'NONE',  ( 0.000000000000000000, -1.000000000000000000, 0.000000000000000000 ) ) ;
#475 = EDGE_LOOP ( 'NONE', ( #10105, #7397, #2040, #7480 ) ) ;
#476 = VERTEX_POINT ( 'NONE', #10986 ) ;
#477 = DIRECTION ( 'NONE',  ( -0.7071067811865524577, 0.7071067811865426878, 0.000000000000000000 ) ) ;
#478 = CARTESIAN_POINT ( 'NONE',  ( -1.800000000000000266, -7.300000000000022027, 8.599999999999999645 ) ) ;
#479 = EDGE_CURVE ( 'NONE', #502, #9674, #5044, .T. ) ;
#480 = VERTEX_POINT ( 'NONE', #5182 ) ;
#481 = ORIENTED_EDGE ( 'NONE', *, *, #12388, .T. ) ;
#482 = CARTESIAN_POINT ( 'NONE',  ( 86.42321868586263633, -9.159243671536911435, -17.73986857402574913 ) ) ;
#483 = CIRCLE ( 'NONE', #6282, 1.000000000000000888 ) ;
#484 = EDGE_LOOP ( 'NONE', ( #4740, #5683, #5499, #6339, #4694, #2705 ) ) ;
#485 = PLANE ( 'NONE',  #4842 ) ;
#486 = ORIENTED_EDGE ( 'NONE', *, *, #12294, .T. ) ;
#487 = CARTESIAN_POINT ( 'NONE',  ( -1.800000000000000266, -17.50000000000000000, 28.80000000000000071 ) ) ;
#488 = VECTOR ( 'NONE', #3142, 1000.000000000000000 ) ;
#489 = CARTESIAN_POINT ( 'NONE',  ( 71.76997111658366180, -11.28578464891767119, -17.49820637541496282 ) ) ;
#490 = SURFACE_STYLE_USAGE ( .BOTH. , #6292 ) ;
#491 = ADVANCED_FACE ( 'NONE', ( #5340 ), #6116, .F. ) ;
#492 = FACE_OUTER_BOUND ( 'NONE', #2418, .T. ) ;
#493 = ORIENTED_EDGE ( 'NONE', *, *, #5697, .F. ) ;
#494 = CARTESIAN_POINT ( 'NONE',  ( 1.800000000000000044, -9.099999999999987210, -17.74000000000000199 ) ) ;
#495 = VECTOR ( 'NONE', #8451, 1000.000000000000000 ) ;
#496 = ORIENTED_EDGE ( 'NONE', *, *, #3784, .F. ) ;
#497 = CARTESIAN_POINT ( 'NONE',  ( 4.800000000000001599, -17.50000000000000355, 46.80000000000000426 ) ) ;
#498 = AXIS2_PLACEMENT_3D ( 'NONE', #8484, #4541, #4578 ) ;
#499 = ORIENTED_EDGE ( 'NONE', *, *, #8702, .T. ) ;
#500 = DIRECTION ( 'NONE',  ( 0.000000000000000000, 0.000000000000000000, -1.000000000000000000 ) ) ;
#501 = VECTOR ( 'NONE', #3073, 1000.000000000000000 ) ;
#502 = VERTEX_POINT ( 'NONE', #4303 ) ;
#503 = CARTESIAN_POINT ( 'NONE',  ( 82.40000000000000568, -0.09999999999999882594, 56.79999999999999716 ) ) ;
#504 = CARTESIAN_POINT ( 'NONE',  ( -0.2000000000000000111, -4.545900930049277200, 16.39936534720461125 ) ) ;
#505 = VERTEX_POINT ( 'NONE', #12074 ) ;
#506 = CYLINDRICAL_SURFACE ( 'NONE', #3888, 1.000000000000000888 ) ;
#507 = VECTOR ( 'NONE', #3849, 1000.000000000000000 ) ;
#508 = VERTEX_POINT ( 'NONE', #10949 ) ;
#509 = CARTESIAN_POINT ( 'NONE',  ( 8.029999999999544613, -3.309999999999809539, -1.189999999999457936 ) ) ;
#510 = VECTOR ( 'NONE', #5484, 1000.000000000000000 ) ;
#511 = DIRECTION ( 'NONE',  ( 0.000000000000000000, -1.234678630588475078E-16, 1.000000000000000000 ) ) ;
#512 = CARTESIAN_POINT ( 'NONE',  ( 87.50431227761187358, -11.34391306471567340, -17.40799593889964214 ) ) ;
#513 = CARTESIAN_POINT ( 'NONE',  ( 62.80000000000001137, -19.10000000000000497, 37.79999999999999005 ) ) ;
#514 = DIRECTION ( 'NONE',  ( 1.000000000000000000, 0.000000000000000000, 0.000000000000000000 ) ) ;
#515 = EDGE_CURVE ( 'NONE', #7021, #3858, #4442, .T. ) ;
#516 = DIRECTION ( 'NONE',  ( -0.000000000000000000, 0.000000000000000000, -1.000000000000000000 ) ) ;
#517 = DIRECTION ( 'NONE',  ( 0.7071067811865440200, 0.7071067811865511255, 2.555489027805635889E-17 ) ) ;
#518 = FACE_OUTER_BOUND ( 'NONE', #701, .T. ) ;
#519 = CARTESIAN_POINT ( 'NONE',  ( 88.40000000000000568, 4.299999999999998934, -14.73999999999995225 ) ) ;
#520 = CIRCLE ( 'NONE', #8320, 1.000000000000000888 ) ;
#521 = EDGE_CURVE ( 'NONE', #11468, #7987, #8104, .T. ) ;
#522 = EDGE_LOOP ( 'NONE', ( #7300, #8357, #12057, #11882 ) ) ;
#523 = ORIENTED_EDGE ( 'NONE', *, *, #3028, .T. ) ;
#524 = VERTEX_POINT ( 'NONE', #7341 ) ;
#525 = LINE ( 'NONE', #3955, #3560 ) ;
#526 = CARTESIAN_POINT ( 'NONE',  ( 32.80000000000000426, -19.10000000000000142, 25.80000000000000071 ) ) ;
#527 = CIRCLE ( 'NONE', #1088, 1.000000000000000888 ) ;
#528 = LINE ( 'NONE', #9791, #3998 ) ;
#529 = EDGE_CURVE ( 'NONE', #10800, #1523, #8868, .T. ) ;
#530 = ORIENTED_EDGE ( 'NONE', *, *, #12096, .F. ) ;
#531 = CARTESIAN_POINT ( 'NONE',  ( 71.02273747648263225, -14.17526892131639649, -16.35679618167392846 ) ) ;
#532 = AXIS2_PLACEMENT_3D ( 'NONE', #6043, #7966, #2239 ) ;
#533 = ORIENTED_EDGE ( 'NONE', *, *, #8651, .F. ) ;
#534 = EDGE_CURVE ( 'NONE', #6246, #6205, #381, .T. ) ;
#535 = EDGE_CURVE ( 'NONE', #6417, #8648, #12205, .T. ) ;
#537 = VERTEX_POINT ( 'NONE', #3357 ) ;
#536 = FACE_OUTER_BOUND ( 'NONE', #5909, .T. ) ;
#538 = EDGE_CURVE ( 'NONE', #11196, #5155, #240, .T. ) ;
#539 = LINE ( 'NONE', #8135, #6905 ) ;
#540 = ORIENTED_EDGE ( 'NONE', *, *, #4973, .F. ) ;
#541 = DIRECTION ( 'NONE',  ( 0.000000000000000000, 0.000000000000000000, -1.000000000000000000 ) ) ;
#542 = FACE_OUTER_BOUND ( 'NONE', #2163, .T. ) ;
#543 = EDGE_LOOP ( 'NONE', ( #4165, #5954, #35, #5527, #3676 ) ) ;
#544 = DIRECTION ( 'NONE',  ( -0.000000000000000000, 1.000000000000000000, 3.001251688541188813E-16 ) ) ;
#545 = LINE ( 'NONE', #8272, #5851 ) ;
#546 = CARTESIAN_POINT ( 'NONE',  ( 88.40000000000000568, -18.20262464989040296, 36.89999999999971436 ) ) ;
#547 = ORIENTED_EDGE ( 'NONE', *, *, #7969, .F. ) ;
#548 = FACE_OUTER_BOUND ( 'NONE', #7817, .T. ) ;
#549 = DIRECTION ( 'NONE',  ( 0.000000000000000000, 0.000000000000000000, 1.000000000000000000 ) ) ;
#550 = CARTESIAN_POINT ( 'NONE',  ( -1.800000000000000266, -9.500000000000001776, 8.799999999999995381 ) ) ;
#551 = ORIENTED_EDGE ( 'NONE', *, *, #10225, .T. ) ;
#552 = LINE ( 'NONE', #6454, #5687 ) ;
#553 = EDGE_CURVE ( 'NONE', #9610, #11631, #10089, .T. ) ;
#554 = CARTESIAN_POINT ( 'NONE',  ( -1.800000000000000266, -9.500000000000001776, 16.80000000000000071 ) ) ;
#555 = ORIENTED_EDGE ( 'NONE', *, *, #1172, .F. ) ;
#556 = ORIENTED_EDGE ( 'NONE', *, *, #7964, .F. ) ;
#557 = EDGE_CURVE ( 'NONE', #3649, #7239, #9771, .T. ) ;
#558 = ADVANCED_FACE ( 'NONE', ( #1126 ), #3850, .F. ) ;
#559 = LINE ( 'NONE', #1018, #4162 ) ;
#560 = DIRECTION ( 'NONE',  ( 0.000000000000000000, -1.000000000000000000, -1.234678630588475078E-16 ) ) ;
#561 = EDGE_LOOP ( 'NONE', ( #10944, #3233, #6165, #10898, #293, #7711 ) ) ;
#562 = AXIS2_PLACEMENT_3D ( 'NONE', #6996, #1180, #2225 ) ;
#563 = DIRECTION ( 'NONE',  ( 0.000000000000000000, 0.000000000000000000, -1.000000000000000000 ) ) ;
#564 = CARTESIAN_POINT ( 'NONE',  ( 35.80000000000000426, -19.10000000000000853, 41.79999999999999005 ) ) ;
#565 = LINE ( 'NONE', #7531, #2842 ) ;
#566 = VECTOR ( 'NONE', #6551, 1000.000000000000000 ) ;
#567 = ORIENTED_EDGE ( 'NONE', *, *, #1829, .F. ) ;
#568 = ORIENTED_EDGE ( 'NONE', *, *, #8966, .F. ) ;
#569 = CARTESIAN_POINT ( 'NONE',  ( 87.16658406147897153, -11.10768237792465207, -17.53711514264491100 ) ) ;
#570 = VERTEX_POINT ( 'NONE', #10042 ) ;
#571 = FACE_OUTER_BOUND ( 'NONE', #12048, .T. ) ;
#572 = DIRECTION ( 'NONE',  ( 0.000000000000000000, 3.001251688541188813E-16, -1.000000000000000000 ) ) ;
#573 = CARTESIAN_POINT ( 'NONE',  ( -0.2000000000000000111, -9.500000000000001776, 18.80000000000000071 ) ) ;
#574 = EDGE_CURVE ( 'NONE', #248, #12442, #520, .T. ) ;
#575 = CARTESIAN_POINT ( 'NONE',  ( 71.78084315566842122, -11.25515143305031174, -17.50501758816923825 ) ) ;
#576 = VECTOR ( 'NONE', #7208, 1000.000000000000000 ) ;
#577 = CARTESIAN_POINT ( 'NONE',  ( 3.799999999999999378, 16.36070170039654315, -15.74000000000000021 ) ) ;
#578 = ORIENTED_EDGE ( 'NONE', *, *, #10839, .F. ) ;
#579 = ORIENTED_EDGE ( 'NONE', *, *, #7826, .T. ) ;
#580 = DIRECTION ( 'NONE',  ( -1.000000000000000000, 0.000000000000000000, -0.000000000000000000 ) ) ;
#581 = CARTESIAN_POINT ( 'NONE',  ( 87.17390641050825195, -11.12860907924998699, -17.53214665252550475 ) ) ;
#582 = FACE_OUTER_BOUND ( 'NONE', #475, .T. ) ;
#583 = ORIENTED_EDGE ( 'NONE', *, *, #7715, .F. ) ;
#584 = CARTESIAN_POINT ( 'NONE',  ( 32.80000000000000426, -19.10000000000000142, 13.79999999999999893 ) ) ;
#585 = CARTESIAN_POINT ( 'NONE',  ( 35.80000000000000426, -17.50000000000000000, 34.79999999999999716 ) ) ;
#586 = ADVANCED_FACE ( 'NONE', ( #83 ), #7040, .F. ) ;
#587 = EDGE_LOOP ( 'NONE', ( #1385, #1897, #4193, #5763 ) ) ;
#588 = LINE ( 'NONE', #5257, #1038 ) ;
#589 = DIRECTION ( 'NONE',  ( 0.000000000000000000, 0.7071067811865491270, -0.7071067811865459074 ) ) ;
#590 = ORIENTED_EDGE ( 'NONE', *, *, #16, .T. ) ;
#591 = EDGE_CURVE ( 'NONE', #5820, #10624, #5500, .T. ) ;
#592 = FACE_OUTER_BOUND ( 'NONE', #1307, .T. ) ;
#593 = CARTESIAN_POINT ( 'NONE',  ( -1.800000000000000266, -9.500000000000001776, 32.79999999999999716 ) ) ;
#594 = EDGE_CURVE ( 'NONE', #12039, #5861, #9148, .T. ) ;
#595 = VECTOR ( 'NONE', #4681, 1000.000000000000000 ) ;
#596 = CYLINDRICAL_SURFACE ( 'NONE', #8258, 1.000000000000000888 ) ;
#597 = DIRECTION ( 'NONE',  ( 1.000000000000000000, 0.000000000000000000, -0.000000000000000000 ) ) ;
#598 = CARTESIAN_POINT ( 'NONE',  ( 87.79317841139558709, -12.01063099032097803, -17.17558472070691877 ) ) ;
#599 = ORIENTED_EDGE ( 'NONE', *, *, #9056, .F. ) ;
#600 = CARTESIAN_POINT ( 'NONE',  ( 3.800000000000000266, -19.10000000000000142, 8.799999999999998934 ) ) ;
#601 = PLANE ( 'NONE',  #6619 ) ;
#602 = DIRECTION ( 'NONE',  ( 0.000000000000000000, 0.000000000000000000, -1.000000000000000000 ) ) ;
#603 = VERTEX_POINT ( 'NONE', #2177 ) ;
#604 = VECTOR ( 'NONE', #3169, 1000.000000000000000 ) ;
#605 = CARTESIAN_POINT ( 'NONE',  ( 68.40000000000000568, -13.20000000000000107, -0.7999999999999999334 ) ) ;
#606 = CIRCLE ( 'NONE', #2379, 1.000000000000000888 ) ;
#607 = VERTEX_POINT ( 'NONE', #1234 ) ;
#608 = AXIS2_PLACEMENT_3D ( 'NONE', #5764, #3682, #3724 ) ;
#609 = EDGE_CURVE ( 'NONE', #3401, #11468, #5193, .T. ) ;
#610 = CARTESIAN_POINT ( 'NONE',  ( 3.558824317443910257, -13.02267275004188107, -16.69275778217441442 ) ) ;
#611 = CARTESIAN_POINT ( 'NONE',  ( 35.14999999999952962, -3.200000000000001510, -1.800000000000000044 ) ) ;
#612 = EDGE_CURVE ( 'NONE', #10293, #4595, #7199, .T. ) ;
#613 = VERTEX_POINT ( 'NONE', #7993 ) ;
#614 = ORIENTED_EDGE ( 'NONE', *, *, #12056, .T. ) ;
#615 = FACE_OUTER_BOUND ( 'NONE', #9423, .T. ) ;
#616 = PLANE ( 'NONE',  #4300 ) ;
#617 = EDGE_LOOP ( 'NONE', ( #8429, #1005, #10890, #6631, #8830, #9428 ) ) ;
#618 = LINE ( 'NONE', #1670, #8639 ) ;
#619 = DIRECTION ( 'NONE',  ( -0.000000000000000000, 1.000000000000000000, 1.404986760216307406E-16 ) ) ;
#620 = LINE ( 'NONE', #2443, #11695 ) ;
#621 = ORIENTED_EDGE ( 'NONE', *, *, #9117, .T. ) ;
#622 = VERTEX_POINT ( 'NONE', #7952 ) ;
#623 = AXIS2_PLACEMENT_3D ( 'NONE', #7019, #11971, #6134 ) ;
#624 = DIRECTION ( 'NONE',  ( 0.000000000000000000, 1.000000000000000000, -0.000000000000000000 ) ) ;
#625 = VERTEX_POINT ( 'NONE', #3152 ) ;
#626 = LINE ( 'NONE', #3490, #4024 ) ;
#627 = EDGE_CURVE ( 'NONE', #5581, #8421, #5827, .T. ) ;
#628 = DIRECTION ( 'NONE',  ( -1.000000000000000000, -0.000000000000000000, -0.000000000000000000 ) ) ;
#629 = ORIENTED_EDGE ( 'NONE', *, *, #124, .F. ) ;
#630 = VECTOR ( 'NONE', #8207, 1000.000000000000000 ) ;
#631 = CARTESIAN_POINT ( 'NONE',  ( 31.80000000000000071, -19.10000000000000142, 21.80000000000000071 ) ) ;
#632 = DIRECTION ( 'NONE',  ( 1.000000000000000000, -0.000000000000000000, -0.000000000000000000 ) ) ;
#633 = VECTOR ( 'NONE', #4412, 1000.000000000000000 ) ;
#634 = DIRECTION ( 'NONE',  ( 0.000000000000000000, 0.000000000000000000, 1.000000000000000000 ) ) ;
#635 = DIRECTION ( 'NONE',  ( -1.000000000000000000, 0.000000000000000000, -0.000000000000000000 ) ) ;
#636 = ORIENTED_EDGE ( 'NONE', *, *, #10794, .T. ) ;
#637 = AXIS2_PLACEMENT_3D ( 'NONE', #7727, #3980, #5857 ) ;
#638 = AXIS2_PLACEMENT_3D ( 'NONE', #6716, #8556, #972 ) ;
#639 = VERTEX_POINT ( 'NONE', #9915 ) ;
#640 = CARTESIAN_POINT ( 'NONE',  ( 4.799999999999999822, -19.10000000000000497, 37.79999999999999716 ) ) ;
#641 = EDGE_LOOP ( 'NONE', ( #11721, #4987, #6104, #1536 ) ) ;
#642 = LINE ( 'NONE', #11154, #9267 ) ;
#643 = CARTESIAN_POINT ( 'NONE',  ( 31.80000000000000071, -19.09999999999999787, 13.79999999999999716 ) ) ;
#644 = CARTESIAN_POINT ( 'NONE',  ( 3.799999999999999378, -17.50000000000000000, 20.80000000000000071 ) ) ;
#645 = EDGE_CURVE ( 'NONE', #4500, #7818, #3113, .T. ) ;
#646 = CARTESIAN_POINT ( 'NONE',  ( 3.280839424630588308, -13.52733843144874726, -16.70741543730409973 ) ) ;
#647 = DIRECTION ( 'NONE',  ( -0.000000000000000000, 1.000000000000000000, 0.000000000000000000 ) ) ;
#648 = VERTEX_POINT ( 'NONE', #11951 ) ;
#649 = LINE ( 'NONE', #3576, #8517 ) ;
#650 = CARTESIAN_POINT ( 'NONE',  ( -1.800000000000000266, -2.449999999999729283, 14.32740920835357379 ) ) ;
#651 = DIRECTION ( 'NONE',  ( -0.000000000000000000, 1.000000000000000000, 3.001251688541188813E-16 ) ) ;
#652 = VECTOR ( 'NONE', #1977, 1000.000000000000000 ) ;
#653 = EDGE_LOOP ( 'NONE', ( #7659, #2953, #3298, #3020 ) ) ;
#654 = DIRECTION ( 'NONE',  ( 0.000000000000000000, -1.000000000000000000, -5.421010862427523156E-16 ) ) ;
#655 = VECTOR ( 'NONE', #3153, 1000.000000000000000 ) ;
#656 = DIRECTION ( 'NONE',  ( 0.000000000000000000, 1.084202172485504434E-16, -1.000000000000000000 ) ) ;
#657 = CARTESIAN_POINT ( 'NONE',  ( -1.800000000000000266, -9.500000000000001776, 26.80000000000000071 ) ) ;
#658 = EDGE_LOOP ( 'NONE', ( #2877, #3822, #2521, #8255 ) ) ;
#659 = VECTOR ( 'NONE', #10593, 1000.000000000000000 ) ;
#660 = ORIENTED_EDGE ( 'NONE', *, *, #7338, .F. ) ;
#661 = EDGE_LOOP ( 'NONE', ( #11443, #579, #5453, #267 ) ) ;
#662 = VECTOR ( 'NONE', #2124, 1000.000000000000000 ) ;
#663 = CARTESIAN_POINT ( 'NONE',  ( 87.82068765529518828, -13.24611742241432921, -16.83999635522819460 ) ) ;
#664 = ORIENTED_EDGE ( 'NONE', *, *, #5027, .F. ) ;
#665 = AXIS2_PLACEMENT_3D ( 'NONE', #9626, #1946, #6719 ) ;
#666 = CARTESIAN_POINT ( 'NONE',  ( -1.800000000000000266, -9.500000000000001776, 30.80000000000000071 ) ) ;
#667 =( NAMED_UNIT ( * ) PLANE_ANGLE_UNIT ( ) SI_UNIT ( $, .RADIAN. ) );
#668 = CARTESIAN_POINT ( 'NONE',  ( 86.79999999999999716, -0.1000000000000000056, 39.19999999999971863 ) ) ;
#669 = ORIENTED_EDGE ( 'NONE', *, *, #7063, .T. ) ;
#670 = LINE ( 'NONE', #3370, #5496 ) ;
#671 = ORIENTED_EDGE ( 'NONE', *, *, #11163, .F. ) ;
#672 = ORIENTED_EDGE ( 'NONE', *, *, #6967, .F. ) ;
#673 = FACE_BOUND ( 'NONE', #10536, .T. ) ;
#674 = LINE ( 'NONE', #2861, #3687 ) ;
#675 = CARTESIAN_POINT ( 'NONE',  ( 86.79999999999999716, -17.50000000000020250, 54.39999999999972857 ) ) ;
#676 = EDGE_CURVE ( 'NONE', #1772, #9960, #8220, .T. ) ;
#677 = DIRECTION ( 'NONE',  ( -1.399999999999999714E-14, -9.999999999999999988E-15, -1.000000000000000000 ) ) ;
#678 = CARTESIAN_POINT ( 'NONE',  ( 31.80000000000000071, -19.10000000000000142, 37.79999999999999716 ) ) ;
#679 = EDGE_CURVE ( 'NONE', #44, #9691, #9760, .T. ) ;
#680 = VECTOR ( 'NONE', #4180, 1000.000000000000000 ) ;
#681 = CARTESIAN_POINT ( 'NONE',  ( -1.000000000000000000, -4.545900930049277200, 18.39936534720461481 ) ) ;
#682 = LINE ( 'NONE', #7453, #12513 ) ;
#683 = ORIENTED_EDGE ( 'NONE', *, *, #1341, .F. ) ;
#684 = VECTOR ( 'NONE', #3584, 1000.000000000000000 ) ;
#685 = CARTESIAN_POINT ( 'NONE',  ( 3.090362230922833131, -12.72723840389524774, -17.05917127487057527 ) ) ;
#686 = FACE_BOUND ( 'NONE', #2211, .T. ) ;
#687 = DIRECTION ( 'NONE',  ( -0.000000000000000000, 1.000000000000000000, 0.000000000000000000 ) ) ;
#688 = EDGE_CURVE ( 'NONE', #9032, #7936, #10076, .T. ) ;
#689 = ORIENTED_EDGE ( 'NONE', *, *, #12323, .F. ) ;
#690 = CARTESIAN_POINT ( 'NONE',  ( 72.23940707076386047, -10.02495115680415694, -17.69744415110041658 ) ) ;
#691 = AXIS2_PLACEMENT_3D ( 'NONE', #1407, #4223, #9111 ) ;
#692 = ORIENTED_EDGE ( 'NONE', *, *, #10126, .T. ) ;
#693 = ORIENTED_EDGE ( 'NONE', *, *, #3527, .T. ) ;
#694 = DIRECTION ( 'NONE',  ( -1.000000000000000000, -0.000000000000000000, -0.000000000000000000 ) ) ;
#695 = EDGE_CURVE ( 'NONE', #10053, #1958, #8856, .T. ) ;
#696 = VECTOR ( 'NONE', #10340, 1000.000000000000000 ) ;
#697 = DIRECTION ( 'NONE',  ( 0.000000000000000000, -0.7071067811865474617, -0.7071067811865474617 ) ) ;
#698 = ORIENTED_EDGE ( 'NONE', *, *, #9053, .T. ) ;
#699 = EDGE_CURVE ( 'NONE', #9185, #1646, #370, .T. ) ;
#700 = LINE ( 'NONE', #4760, #110 ) ;
#701 = EDGE_LOOP ( 'NONE', ( #3759, #3543, #9106, #7961 ) ) ;
#702 = VECTOR ( 'NONE', #8181, 1000.000000000000000 ) ;
#703 = CARTESIAN_POINT ( 'NONE',  ( 35.80000000000000426, -17.50000000000000000, 6.799999999999999822 ) ) ;
#704 = ADVANCED_FACE ( 'NONE', ( #5649 ), #8892, .T. ) ;
#705 = ORIENTED_EDGE ( 'NONE', *, *, #7336, .T. ) ;
#706 = ORIENTED_EDGE ( 'NONE', *, *, #12289, .T. ) ;
#707 = DIRECTION ( 'NONE',  ( -0.7071067811865524577, 0.7071067811865426878, 0.000000000000000000 ) ) ;
#708 = ORIENTED_EDGE ( 'NONE', *, *, #7656, .F. ) ;
#709 = CARTESIAN_POINT ( 'NONE',  ( -1.800000000000000266, -9.500000000000001776, 14.80000000000000071 ) ) ;
#710 = LINE ( 'NONE', #4806, #7542 ) ;
#711 = CARTESIAN_POINT ( 'NONE',  ( -0.2000000000000000111, -9.500000000000001776, 16.80000000000000071 ) ) ;
#712 = CARTESIAN_POINT ( 'NONE',  ( 70.40000000000000568, -0.1000000000000002415, 56.79999999999999716 ) ) ;
#713 = ORIENTED_EDGE ( 'NONE', *, *, #2299, .F. ) ;
#714 = ORIENTED_EDGE ( 'NONE', *, *, #699, .T. ) ;
#715 = AXIS2_PLACEMENT_3D ( 'NONE', #6547, #738, #9510 ) ;
#716 = ORIENTED_EDGE ( 'NONE', *, *, #7033, .F. ) ;
#717 = DIRECTION ( 'NONE',  ( -1.000000000000000000, -0.000000000000000000, -0.000000000000000000 ) ) ;
#718 = CYLINDRICAL_SURFACE ( 'NONE', #12050, 1.000000000000000888 ) ;
#719 = CARTESIAN_POINT ( 'NONE',  ( -1.800000000000000266, -9.500000000000001776, 22.80000000000000071 ) ) ;
#720 = CARTESIAN_POINT ( 'NONE',  ( -1.800000000000000266, -0.1000000000000000056, 21.69999999999940599 ) ) ;
#721 = VERTEX_POINT ( 'NONE', #2134 ) ;
#722 = CARTESIAN_POINT ( 'NONE',  ( 71.00688868749070082, -12.52702620634886976, -16.94957744424777957 ) ) ;
#723 = ORIENTED_EDGE ( 'NONE', *, *, #1352, .F. ) ;
#724 = ORIENTED_EDGE ( 'NONE', *, *, #8723, .T. ) ;
#725 = CARTESIAN_POINT ( 'NONE',  ( 3.794540756741707543, -14.19955991398945372, -15.90807934452069183 ) ) ;
#726 = CARTESIAN_POINT ( 'NONE',  ( 72.40000000000000568, -0.09999999999999939493, 56.79999999999999716 ) ) ;
#727 = CARTESIAN_POINT ( 'NONE',  ( -4.200000000000017053, -11.90000000000005187, 18.80000000000000071 ) ) ;
#728 = VERTEX_POINT ( 'NONE', #3392 ) ;
#729 = ORIENTED_EDGE ( 'NONE', *, *, #8825, .T. ) ;
#730 = CIRCLE ( 'NONE', #1003, 11.30000000000000071 ) ;
#731 = DIRECTION ( 'NONE',  ( 0.000000000000000000, -1.000000000000000000, -1.234678630588475078E-16 ) ) ;
#732 = CARTESIAN_POINT ( 'NONE',  ( 3.289288871072020726, 14.57920709781750368, -17.09830729953857187 ) ) ;
#733 = CARTESIAN_POINT ( 'NONE',  ( 35.80000000000000426, -17.50000000000000355, 17.79999999999999361 ) ) ;
#734 = VECTOR ( 'NONE', #10850, 1000.000000000000000 ) ;
#735 = VECTOR ( 'NONE', #8843, 1000.000000000000000 ) ;
#736 = DIRECTION ( 'NONE',  ( 0.000000000000000000, 1.000000000000000000, 0.000000000000000000 ) ) ;
#737 = AXIS2_PLACEMENT_3D ( 'NONE', #3178, #8063, #4960 ) ;
#738 = DIRECTION ( 'NONE',  ( 0.000000000000000000, -1.000000000000000000, -1.234678630588475078E-16 ) ) ;
#739 = CARTESIAN_POINT ( 'NONE',  ( 35.80000000000000426, -19.10000000000000142, 21.79999999999999716 ) ) ;
#740 = CARTESIAN_POINT ( 'NONE',  ( 72.44390400632345006, -9.406076165948743295, -17.73391199932581586 ) ) ;
#741 = EDGE_CURVE ( 'NONE', #9339, #862, #10519, .T. ) ;
#742 = EDGE_CURVE ( 'NONE', #2947, #2020, #9314, .T. ) ;
#743 = ORIENTED_EDGE ( 'NONE', *, *, #3307, .T. ) ;
#744 = CARTESIAN_POINT ( 'NONE',  ( 31.80000000000000071, -19.09999999999999787, 9.799999999999998934 ) ) ;
#745 = VECTOR ( 'NONE', #10420, 1000.000000000000114 ) ;
#746 = FACE_OUTER_BOUND ( 'NONE', #522, .T. ) ;
#747 = CARTESIAN_POINT ( 'NONE',  ( 2.067363619840187461, -9.784201595790841921, -17.71656819233578872 ) ) ;
#748 = CARTESIAN_POINT ( 'NONE',  ( 150.7570364914818697, -15.90000000000003233, 56.20000000000000284 ) ) ;
#749 = DIRECTION ( 'NONE',  ( -0.000000000000000000, -0.000000000000000000, 1.000000000000000000 ) ) ;
#750 = DIRECTION ( 'NONE',  ( 0.000000000000000000, -1.000000000000000000, 0.000000000000000000 ) ) ;
#751 = ORIENTED_EDGE ( 'NONE', *, *, #9506, .F. ) ;
#752 = LINE ( 'NONE', #2350, #8946 ) ;
#753 = CARTESIAN_POINT ( 'NONE',  ( 70.60000000000000853, -14.40659966456862584, -15.73999999999999666 ) ) ;
#754 = CARTESIAN_POINT ( 'NONE',  ( 0.1999999999999998723, 11.79999999999999538, -17.73999999999999844 ) ) ;
#755 = EDGE_CURVE ( 'NONE', #3924, #8768, #9458, .T. ) ;
#756 = FACE_BOUND ( 'NONE', #617, .T. ) ;
#757 = ORIENTED_EDGE ( 'NONE', *, *, #8804, .F. ) ;
#758 = ADVANCED_FACE ( 'NONE', ( #3552 ), #2465, .F. ) ;
#759 = EDGE_CURVE ( 'NONE', #1493, #1078, #1728, .T. ) ;
#760 = CARTESIAN_POINT ( 'NONE',  ( 3.074489050007231494, -12.66981896494606907, -17.08131453687339985 ) ) ;
#761 = EDGE_CURVE ( 'NONE', #3924, #12043, #9009, .T. ) ;
#762 = CARTESIAN_POINT ( 'NONE',  ( -1.182534963935074179, -13.08124055016904386, -16.91415815877034134 ) ) ;
#763 = DIRECTION ( 'NONE',  ( -0.000000000000000000, 2.110556468111117249E-16, -1.000000000000000000 ) ) ;
#764 = EDGE_CURVE ( 'NONE', #1632, #11874, #6903, .T. ) ;
#765 = ORIENTED_EDGE ( 'NONE', *, *, #3805, .F. ) ;
#766 = CARTESIAN_POINT ( 'NONE',  ( 4.799999999999999822, -17.50000000000000000, 5.799999999999999822 ) ) ;
#767 = ORIENTED_EDGE ( 'NONE', *, *, #676, .F. ) ;
#768 = CARTESIAN_POINT ( 'NONE',  ( -0.8000000000000001554, -0.1000000000000008521, 8.599999999999999645 ) ) ;
#769 = FACE_OUTER_BOUND ( 'NONE', #4151, .T. ) ;
#770 = DIRECTION ( 'NONE',  ( 0.000000000000000000, 0.000000000000000000, 1.000000000000000000 ) ) ;
#771 = DIRECTION ( 'NONE',  ( -1.399999999999985673E-14, 0.000000000000000000, -1.000000000000000000 ) ) ;
#772 = ORIENTED_EDGE ( 'NONE', *, *, #1519, .F. ) ;
#773 = ADVANCED_FACE ( 'NONE', ( #7495 ), #3684, .T. ) ;
#774 = ORIENTED_EDGE ( 'NONE', *, *, #926, .T. ) ;
#775 = CARTESIAN_POINT ( 'NONE',  ( 87.82680806623919523, -13.27329827921734129, -16.82756319473463336 ) ) ;
#776 = CARTESIAN_POINT ( 'NONE',  ( 86.79999999999999716, -0.1000000000000000056, 21.29999999999972360 ) ) ;
#777 = CARTESIAN_POINT ( 'NONE',  ( 3.799999999999999378, -17.50000000000000000, 6.799999999999999822 ) ) ;
#778 = EDGE_CURVE ( 'NONE', #6300, #7064, #8697, .T. ) ;
#779 = EDGE_CURVE ( 'NONE', #1493, #4284, #8382, .T. ) ;
#780 = CARTESIAN_POINT ( 'NONE',  ( 72.39376514970773258, -9.504556202698307033, -17.72960074954538356 ) ) ;
#781 = LINE ( 'NONE', #3590, #12324 ) ;
#782 = VECTOR ( 'NONE', #10609, 1000.000000000000000 ) ;
#783 = ORIENTED_EDGE ( 'NONE', *, *, #11011, .F. ) ;
#784 = DIRECTION ( 'NONE',  ( 0.000000000000000000, 0.000000000000000000, -1.000000000000000000 ) ) ;
#785 = CARTESIAN_POINT ( 'NONE',  ( 2.311984751245290681, -10.42093245673689772, -17.65244727228105504 ) ) ;
#786 = DIRECTION ( 'NONE',  ( 0.000000000000000000, 0.000000000000000000, -1.000000000000000000 ) ) ;
#787 = DIRECTION ( 'NONE',  ( 0.000000000000000000, 0.000000000000000000, 1.000000000000000000 ) ) ;
#788 = CARTESIAN_POINT ( 'NONE',  ( 70.60000000000000853, 11.79999999999999893, -13.64999999999999858 ) ) ;
#789 = ORIENTED_EDGE ( 'NONE', *, *, #8905, .F. ) ;
#790 = VECTOR ( 'NONE', #10564, 1000.000000000000000 ) ;
#791 = CARTESIAN_POINT ( 'NONE',  ( 71.83341593852102847, -11.10768237792464852, -17.53711514264491100 ) ) ;
#792 = EDGE_LOOP ( 'NONE', ( #8304, #6386, #7685, #10877 ) ) ;
#793 = DIRECTION ( 'NONE',  ( 1.000000000000000000, 0.000000000000000000, 0.000000000000000000 ) ) ;
#794 = EDGE_CURVE ( 'NONE', #5188, #4067, #12034, .T. ) ;
#795 = VECTOR ( 'NONE', #2761, 1000.000000000000000 ) ;
#796 = AXIS2_PLACEMENT_3D ( 'NONE', #10703, #8781, #4865 ) ;
#797 = CARTESIAN_POINT ( 'NONE',  ( 2.394016257781717893, -10.63846634908296984, -17.62166577702663872 ) ) ;
#798 = VERTEX_POINT ( 'NONE', #11021 ) ;
#799 = ADVANCED_FACE ( 'NONE', ( #11594 ), #7206, .F. ) ;
#800 = ORIENTED_EDGE ( 'NONE', *, *, #10030, .F. ) ;
#801 = CARTESIAN_POINT ( 'NONE',  ( -0.03172768692940336477, -9.692389680390594009, -17.72314330741227550 ) ) ;
#802 = EDGE_LOOP ( 'NONE', ( #10428, #4285, #12517, #2554 ) ) ;
#803 = FACE_BOUND ( 'NONE', #7760, .T. ) ;
#804 = CARTESIAN_POINT ( 'NONE',  ( 63.80000000000001137, -19.10000000000000142, 45.79999999999999005 ) ) ;
#805 = EDGE_LOOP ( 'NONE', ( #5449, #11529, #7643, #693 ) ) ;
#806 = ORIENTED_EDGE ( 'NONE', *, *, #5823, .T. ) ;
#807 = AXIS2_PLACEMENT_3D ( 'NONE', #9316, #12249, #11354 ) ;
#808 = DIRECTION ( 'NONE',  ( 1.000000000000000000, -0.000000000000000000, -0.000000000000000000 ) ) ;
#809 = VECTOR ( 'NONE', #10220, 1000.000000000000000 ) ;
#810 = CARTESIAN_POINT ( 'NONE',  ( 62.80000000000001137, -19.10000000000000142, 14.79999999999999361 ) ) ;
#811 = ORIENTED_EDGE ( 'NONE', *, *, #9976, .F. ) ;
#812 = EDGE_LOOP ( 'NONE', ( #8038, #4766, #5141, #3580, #396, #4189 ) ) ;
#813 = EDGE_CURVE ( 'NONE', #9134, #6657, #11420, .T. ) ;
#814 = LINE ( 'NONE', #10063, #680 ) ;
#815 = CARTESIAN_POINT ( 'NONE',  ( 72.45434867591148986, -9.471958965808781272, -17.73308077079417444 ) ) ;
#816 = LINE ( 'NONE', #7404, #10842 ) ;
#817 = VECTOR ( 'NONE', #9929, 1000.000000000000000 ) ;
#818 = EDGE_CURVE ( 'NONE', #6643, #10803, #2356, .T. ) ;
#819 = FACE_OUTER_BOUND ( 'NONE', #878, .T. ) ;
#820 = ORIENTED_EDGE ( 'NONE', *, *, #5759, .T. ) ;
#821 = ADVANCED_FACE ( 'NONE', ( #3263 ), #5334, .F. ) ;
#822 = LINE ( 'NONE', #9374, #387 ) ;
#823 = CARTESIAN_POINT ( 'NONE',  ( -0.2000000000000000111, -9.500000000000001776, 4.799999999999998934 ) ) ;
#824 = VECTOR ( 'NONE', #8921, 1000.000000000000000 ) ;
#825 = VERTEX_POINT ( 'NONE', #2383 ) ;
#826 = DIRECTION ( 'NONE',  ( -0.000000000000000000, 1.000000000000000000, -0.000000000000000000 ) ) ;
#827 = LINE ( 'NONE', #2452, #3135 ) ;
#828 = ORIENTED_EDGE ( 'NONE', *, *, #6877, .T. ) ;
#829 = ORIENTED_EDGE ( 'NONE', *, *, #10582, .F. ) ;
#830 = CYLINDRICAL_SURFACE ( 'NONE', #1757, 1.249999999999144240 ) ;
#831 = AXIS2_PLACEMENT_3D ( 'NONE', #3453, #9279, #9365 ) ;
#832 = EDGE_CURVE ( 'NONE', #12319, #607, #10994, .T. ) ;
#833 = CYLINDRICAL_SURFACE ( 'NONE', #11510, 1.000000000000000888 ) ;
#834 = DIRECTION ( 'NONE',  ( -0.000000000000000000, 1.000000000000000000, 3.001251688541188813E-16 ) ) ;
#835 = CARTESIAN_POINT ( 'NONE',  ( 70.60000000000000853, 11.79999999999999716, -11.53999999999999737 ) ) ;
#836 = ADVANCED_FACE ( 'NONE', ( #6279, #10377, #7798, #11739, #4584, #11282, #3990, #5977, #8094, #673, #2050, #3411, #803, #9137, #7350, #4744, #75, #6889, #2207, #4276, #4429, #12189, #1571, #11729 ), #3585, .F. ) ;
#837 = EDGE_CURVE ( 'NONE', #4322, #10364, #10669, .T. ) ;
#838 = DIRECTION ( 'NONE',  ( 0.000000000000000000, 0.000000000000000000, -1.000000000000000000 ) ) ;
#839 = CARTESIAN_POINT ( 'NONE',  ( 72.36827231307064778, -9.692389680390597562, -17.72314330741227195 ) ) ;
#840 = EDGE_LOOP ( 'NONE', ( #9061, #1291, #12124, #7973 ) ) ;
#841 = ORIENTED_EDGE ( 'NONE', *, *, #12232, .F. ) ;
#842 = CARTESIAN_POINT ( 'NONE',  ( 0.05434867630632819746, -9.471958964798817604, -17.73308077083167333 ) ) ;
#843 = CARTESIAN_POINT ( 'NONE',  ( 4.799999999999999822, -19.10000000000000142, 21.80000000000000071 ) ) ;
#844 = FACE_OUTER_BOUND ( 'NONE', #802, .T. ) ;
#845 = CARTESIAN_POINT ( 'NONE',  ( 0.1535574196838672134, -9.218509434662196966, -17.73934150620080530 ) ) ;
#846 = EDGE_CURVE ( 'NONE', #11293, #3027, #10222, .T. ) ;
#847 = DIRECTION ( 'NONE',  ( 0.000000000000000000, 0.000000000000000000, -1.000000000000000000 ) ) ;
#848 = VERTEX_POINT ( 'NONE', #666 ) ;
#849 = LINE ( 'NONE', #5607, #566 ) ;
#850 = DIRECTION ( 'NONE',  ( 1.000000000000000000, 0.000000000000000000, 0.000000000000000000 ) ) ;
#851 = DIRECTION ( 'NONE',  ( -1.245113975359227837E-14, -1.000000000000000000, 0.000000000000000000 ) ) ;
#852 = ORIENTED_EDGE ( 'NONE', *, *, #8153, .F. ) ;
#853 = ORIENTED_EDGE ( 'NONE', *, *, #12467, .F. ) ;
#854 = EDGE_CURVE ( 'NONE', #2927, #3494, #5485, .T. ) ;
#855 = ORIENTED_EDGE ( 'NONE', *, *, #1264, .F. ) ;
#856 = LINE ( 'NONE', #6821, #10888 ) ;
#857 = ORIENTED_EDGE ( 'NONE', *, *, #8284, .F. ) ;
#858 = DIRECTION ( 'NONE',  ( 0.000000000000000000, -1.000000000000000000, -1.234678630588475078E-16 ) ) ;
#859 = DIRECTION ( 'NONE',  ( 0.000000000000000000, 0.000000000000000000, -1.000000000000000000 ) ) ;
#860 = CARTESIAN_POINT ( 'NONE',  ( 72.27558774048701196, -9.737474169888745479, -17.71353343855091467 ) ) ;
#861 = DIRECTION ( 'NONE',  ( 1.000000000000000000, 0.000000000000000000, 0.000000000000000000 ) ) ;
#862 = VERTEX_POINT ( 'NONE', #7456 ) ;
#863 = CARTESIAN_POINT ( 'NONE',  ( -1.800000000000000266, -9.500000000000001776, 8.799999999999995381 ) ) ;
#864 = ORIENTED_EDGE ( 'NONE', *, *, #10098, .T. ) ;
#865 = LINE ( 'NONE', #1552, #6954 ) ;
#866 = AXIS2_PLACEMENT_3D ( 'NONE', #9263, #5387, #10579 ) ;
#867 = LINE ( 'NONE', #9292, #5727 ) ;
#868 = VECTOR ( 'NONE', #4343, 1000.000000000000000 ) ;
#869 = ORIENTED_EDGE ( 'NONE', *, *, #12481, .T. ) ;
#870 = DIRECTION ( 'NONE',  ( 0.000000000000000000, -1.000000000000000000, -1.234678630588475078E-16 ) ) ;
#871 = EDGE_CURVE ( 'NONE', #2764, #7931, #1886, .T. ) ;
#872 = CARTESIAN_POINT ( 'NONE',  ( 2.193275287500688897, -10.10995215077527121, -17.68887910824940946 ) ) ;
#873 = ORIENTED_EDGE ( 'NONE', *, *, #2800, .F. ) ;
#874 = VECTOR ( 'NONE', #3349, 1000.000000000000000 ) ;
#875 = CARTESIAN_POINT ( 'NONE',  ( 3.445304414396549664, -12.67367856376571034, -16.87800726029114173 ) ) ;
#876 = DIRECTION ( 'NONE',  ( -0.7071067811865426878, -0.7071067811865524577, -8.730496322752370596E-17 ) ) ;
#877 = DIRECTION ( 'NONE',  ( 0.000000000000000000, 1.000000000000000000, -0.000000000000000000 ) ) ;
#878 = EDGE_LOOP ( 'NONE', ( #5426, #11988, #10668 ) ) ;
#879 = VERTEX_POINT ( 'NONE', #584 ) ;
#880 = VECTOR ( 'NONE', #517, 1000.000000000000000 ) ;
#881 = DIRECTION ( 'NONE',  ( 1.000000000000000000, -0.000000000000000000, -0.000000000000000000 ) ) ;
#882 = CARTESIAN_POINT ( 'NONE',  ( 71.85747967777268741, -10.57692769512025954, -17.59799893243152979 ) ) ;
#883 = ORIENTED_EDGE ( 'NONE', *, *, #5992, .F. ) ;
#884 = CIRCLE ( 'NONE', #9843, 1.000000000000000888 ) ;
#885 = DIRECTION ( 'NONE',  ( 1.000000000000000000, -0.000000000000000000, 0.000000000000000000 ) ) ;
#886 = AXIS2_PLACEMENT_3D ( 'NONE', #8908, #6118, #3121 ) ;
#887 = CARTESIAN_POINT ( 'NONE',  ( 62.80000000000001137, -19.10000000000000142, 38.79999999999999716 ) ) ;
#888 = CARTESIAN_POINT ( 'NONE',  ( -0.4309008917057021160, -10.73765317051078760, -17.60533280484127516 ) ) ;
#889 = CARTESIAN_POINT ( 'NONE',  ( 3.800000000000001155, -17.50000000000000000, 13.79999999999999893 ) ) ;
#890 = VECTOR ( 'NONE', #3523, 1000.000000000000000 ) ;
#891 = CARTESIAN_POINT ( 'NONE',  ( -0.3566630332004282478, -10.19985875878664849, -17.66119457419130967 ) ) ;
#892 = CARTESIAN_POINT ( 'NONE',  ( -0.4313859028492945114, -10.35033533290996921, -17.63864607138570051 ) ) ;
#893 = ORIENTED_EDGE ( 'NONE', *, *, #2631, .T. ) ;
#894 = CARTESIAN_POINT ( 'NONE',  ( 17.00677727426996810, -10.49463313667988906, -2.000000000000000000 ) ) ;
#895 = LINE ( 'NONE', #3209, #2290 ) ;
#896 = AXIS2_PLACEMENT_3D ( 'NONE', #12343, #731, #1708 ) ;
#897 = LINE ( 'NONE', #4444, #8164 ) ;
#898 = DIRECTION ( 'NONE',  ( 0.000000000000000000, 0.000000000000000000, -1.000000000000000000 ) ) ;
#899 = ADVANCED_FACE ( 'NONE', ( #11886 ), #1640, .F. ) ;
#900 = EDGE_LOOP ( 'NONE', ( #7125, #8141, #9348, #714 ) ) ;
#901 = EDGE_LOOP ( 'NONE', ( #8652, #7579, #3445, #6841 ) ) ;
#902 = DIRECTION ( 'NONE',  ( 0.000000000000000000, -1.000000000000000000, -1.234678630588475078E-16 ) ) ;
#903 = CARTESIAN_POINT ( 'NONE',  ( 70.60000000000000853, 13.94999999999999929, -11.50000000000000000 ) ) ;
#904 = EDGE_LOOP ( 'NONE', ( #10635, #4779, #11177, #2751 ) ) ;
#905 = DIRECTION ( 'NONE',  ( -0.000000000000000000, 0.000000000000000000, -1.000000000000000000 ) ) ;
#906 = ORIENTED_EDGE ( 'NONE', *, *, #7287, .F. ) ;
#907 = CARTESIAN_POINT ( 'NONE',  ( 35.80000000000000426, -19.10000000000000142, 16.79999999999999716 ) ) ;
#908 = ORIENTED_EDGE ( 'NONE', *, *, #244, .F. ) ;
#909 = EDGE_CURVE ( 'NONE', #4871, #5582, #8081, .T. ) ;
#910 = EDGE_CURVE ( 'NONE', #6093, #10875, #2957, .T. ) ;
#911 = VERTEX_POINT ( 'NONE', #5509 ) ;
#912 = CARTESIAN_POINT ( 'NONE',  ( 4.799999999999999822, -17.50000000000000000, 6.799999999999999822 ) ) ;
#913 = CARTESIAN_POINT ( 'NONE',  ( -1.800000000000000266, -0.2000000000003211154, 21.69999999999940599 ) ) ;
#914 = FACE_OUTER_BOUND ( 'NONE', #11099, .T. ) ;
#915 = DIRECTION ( 'NONE',  ( 0.000000000000000000, 0.9876883405951378814, -0.1564344650402291204 ) ) ;
#916 = LINE ( 'NONE', #12428, #4093 ) ;
#917 = ORIENTED_EDGE ( 'NONE', *, *, #5533, .F. ) ;
#918 = DIRECTION ( 'NONE',  ( -1.000000000000000000, 0.000000000000000000, -0.000000000000000000 ) ) ;
#919 = ORIENTED_EDGE ( 'NONE', *, *, #1697, .T. ) ;
#920 = CARTESIAN_POINT ( 'NONE',  ( -0.2000000000000000111, -1.545900930049276534, 16.39936534720461125 ) ) ;
#921 = CARTESIAN_POINT ( 'NONE',  ( -0.2000000000000000111, -9.500000000000001776, 36.79999999999999716 ) ) ;
#922 = EDGE_CURVE ( 'NONE', #5106, #7114, #5330, .T. ) ;
#923 = CARTESIAN_POINT ( 'NONE',  ( -1.800000000000000266, -14.40659966456863472, -15.74000000000000377 ) ) ;
#924 = VECTOR ( 'NONE', #3549, 1000.000000000000000 ) ;
#925 = ORIENTED_EDGE ( 'NONE', *, *, #11170, .F. ) ;
#926 = EDGE_CURVE ( 'NONE', #2836, #3154, #7191, .T. ) ;
#927 = ORIENTED_EDGE ( 'NONE', *, *, #8137, .F. ) ;
#928 = CARTESIAN_POINT ( 'NONE',  ( 0.1999999999999996503, -9.099999999999994316, -17.74000000000000199 ) ) ;
#929 = EDGE_CURVE ( 'NONE', #9005, #8397, #10370, .T. ) ;
#930 = ADVANCED_FACE ( 'NONE', ( #2794 ), #5429, .T. ) ;
#931 = CARTESIAN_POINT ( 'NONE',  ( 0.1999999999999996503, -9.099999999999994316, -17.74000000000000199 ) ) ;
#932 = ORIENTED_EDGE ( 'NONE', *, *, #4814, .F. ) ;
#933 = CARTESIAN_POINT ( 'NONE',  ( -1.470423232437501948, -12.74742243207905545, -16.84038505149270293 ) ) ;
#934 = DIRECTION ( 'NONE',  ( 0.000000000000000000, 1.000000000000000000, 0.000000000000000000 ) ) ;
#935 = PLANE ( 'NONE',  #11009 ) ;
#936 = CARTESIAN_POINT ( 'NONE',  ( 3.799999999999994493, 11.80000000000007709, -0.1999999999999987899 ) ) ;
#937 = CARTESIAN_POINT ( 'NONE',  ( 1.400000000000012568, -17.50000000000000000, 6.800000000000000711 ) ) ;
#938 = FACE_OUTER_BOUND ( 'NONE', #9803, .T. ) ;
#939 = FACE_OUTER_BOUND ( 'NONE', #6467, .T. ) ;
#940 = CARTESIAN_POINT ( 'NONE',  ( 72.44956601878533320, -9.484194595549922724, -17.73262280811385594 ) ) ;
#941 = DIRECTION ( 'NONE',  ( 0.000000000000000000, -1.234678630588475078E-16, 1.000000000000000000 ) ) ;
#942 = ADVANCED_FACE ( 'NONE', ( #9303 ), #224, .F. ) ;
#943 = EDGE_CURVE ( 'NONE', #6910, #9960, #7486, .T. ) ;
#944 = VERTEX_POINT ( 'NONE', #8308 ) ;
#945 = VECTOR ( 'NONE', #7713, 1000.000000000000000 ) ;
#946 = ORIENTED_EDGE ( 'NONE', *, *, #8024, .F. ) ;
#947 = FACE_OUTER_BOUND ( 'NONE', #7939, .T. ) ;
#948 = DIRECTION ( 'NONE',  ( 0.000000000000000000, 0.000000000000000000, 1.000000000000000000 ) ) ;
#949 = ORIENTED_EDGE ( 'NONE', *, *, #9864, .F. ) ;
#950 = ORIENTED_EDGE ( 'NONE', *, *, #1591, .T. ) ;
#951 = CARTESIAN_POINT ( 'NONE',  ( -0.2000000000000000111, -9.500000000000001776, 44.79999999999999716 ) ) ;
#952 = CARTESIAN_POINT ( 'NONE',  ( -1.800000000000000266, -9.500000000000001776, 20.80000000000000071 ) ) ;
#953 = AXIS2_PLACEMENT_3D ( 'NONE', #4229, #9035, #7227 ) ;
#954 = CARTESIAN_POINT ( 'NONE',  ( 72.30103841992902858, -9.865629291412108870, -17.71066892182884445 ) ) ;
#955 = PLANE ( 'NONE',  #172 ) ;
#956 = ADVANCED_FACE ( 'NONE', ( #4128 ), #3548, .T. ) ;
#957 = FACE_OUTER_BOUND ( 'NONE', #5446, .T. ) ;
#958 = ORIENTED_EDGE ( 'NONE', *, *, #1572, .F. ) ;
#959 = DIRECTION ( 'NONE',  ( -0.000000000000000000, 1.000000000000000000, 3.001251688541188813E-16 ) ) ;
#960 = LINE ( 'NONE', #9192, #2354 ) ;
#961 = DIRECTION ( 'NONE',  ( 1.000000000000000000, 0.000000000000000000, 0.000000000000000000 ) ) ;
#962 = ORIENTED_EDGE ( 'NONE', *, *, #8064, .T. ) ;
#963 = CARTESIAN_POINT ( 'NONE',  ( -1.778055058930795518, 16.03571223012579949, -16.07331259913850374 ) ) ;
#964 = VECTOR ( 'NONE', #4372, 1000.000000000000000 ) ;
#965 = EDGE_CURVE ( 'NONE', #7280, #11031, #9921, .T. ) ;
#966 = ORIENTED_EDGE ( 'NONE', *, *, #6285, .T. ) ;
#967 = ORIENTED_EDGE ( 'NONE', *, *, #9952, .F. ) ;
#968 = CARTESIAN_POINT ( 'NONE',  ( 84.20000000000001705, 11.80000000000007709, -0.1999999999999987899 ) ) ;
#969 = DIRECTION ( 'NONE',  ( 1.000000000000000000, 0.000000000000000000, 0.000000000000000000 ) ) ;
#970 = DIRECTION ( 'NONE',  ( 0.000000000000000000, -0.000000000000000000, 1.000000000000000000 ) ) ;
#971 = CARTESIAN_POINT ( 'NONE',  ( -0.2616415495016008452, -10.00950308089735508, -17.68687633709495444 ) ) ;
#972 = DIRECTION ( 'NONE',  ( 0.000000000000000000, 1.234678630588475078E-16, -1.000000000000000000 ) ) ;
#973 = VECTOR ( 'NONE', #9034, 1000.000000000000000 ) ;
#974 = DIRECTION ( 'NONE',  ( -0.000000000000000000, -1.000000000000000000, -0.000000000000000000 ) ) ;
#975 = DIRECTION ( 'NONE',  ( -1.000000000000000000, -0.000000000000000000, -0.000000000000000000 ) ) ;
#976 = DIRECTION ( 'NONE',  ( 0.000000000000000000, -1.000000000000000000, -1.234678630588475078E-16 ) ) ;
#977 = VERTEX_POINT ( 'NONE', #5958 ) ;
#978 = AXIS2_PLACEMENT_3D ( 'NONE', #5183, #6033, #5067 ) ;
#979 = ORIENTED_EDGE ( 'NONE', *, *, #3939, .F. ) ;
#980 = CARTESIAN_POINT ( 'NONE',  ( -1.800000000000000266, -17.50000000000000000, 26.80000000000000071 ) ) ;
#981 = EDGE_LOOP ( 'NONE', ( #7305, #533, #6550, #11796 ) ) ;
#982 = CARTESIAN_POINT ( 'NONE',  ( 62.80000000000001137, -17.50000000000000000, 9.799999999999995381 ) ) ;
#983 = CIRCLE ( 'NONE', #12514, 1.000000000000000888 ) ;
#984 = CIRCLE ( 'NONE', #12167, 1.000000000000000888 ) ;
#985 = EDGE_CURVE ( 'NONE', #11156, #9136, #1712, .T. ) ;
#986 = DIRECTION ( 'NONE',  ( 0.000000000000000000, 0.000000000000000000, 1.000000000000000000 ) ) ;
#987 = ORIENTED_EDGE ( 'NONE', *, *, #9153, .F. ) ;
#988 = EDGE_CURVE ( 'NONE', #1912, #12163, #11582, .T. ) ;
#989 = DIRECTION ( 'NONE',  ( -1.399999999999999714E-14, -9.999999999999999988E-15, -1.000000000000000000 ) ) ;
#990 = ORIENTED_EDGE ( 'NONE', *, *, #2327, .T. ) ;
#991 = CARTESIAN_POINT ( 'NONE',  ( 28.59999999996700382, -3.900000000034393288, -1.800000000000000044 ) ) ;
#992 = VERTEX_POINT ( 'NONE', #3705 ) ;
#993 = DIRECTION ( 'NONE',  ( -0.000000000000000000, 1.000000000000000000, 3.001251688541188813E-16 ) ) ;
#994 = LINE ( 'NONE', #5807, #4314 ) ;
#995 = ORIENTED_EDGE ( 'NONE', *, *, #6617, .F. ) ;
#996 = LINE ( 'NONE', #4409, #11024 ) ;
#997 = ADVANCED_FACE ( 'NONE', ( #10070 ), #12335, .T. ) ;
#998 = CARTESIAN_POINT ( 'NONE',  ( 34.80000000000000426, -19.10000000000000142, 24.79999999999999716 ) ) ;
#999 = DIRECTION ( 'NONE',  ( 0.000000000000000000, 1.000000000000000000, 0.000000000000000000 ) ) ;
#1000 = ORIENTED_EDGE ( 'NONE', *, *, #4692, .F. ) ;
#1001 = CYLINDRICAL_SURFACE ( 'NONE', #498, 1.000000000000000888 ) ;
#1002 = CARTESIAN_POINT ( 'NONE',  ( 3.220687655235715763, -13.24611742217761901, -16.83999635533615447 ) ) ;
#1003 = AXIS2_PLACEMENT_3D ( 'NONE', #1594, #10331, #10161 ) ;
#1004 = EDGE_LOOP ( 'NONE', ( #2431, #8998, #5849, #10412, #2577 ) ) ;
#1005 = ORIENTED_EDGE ( 'NONE', *, *, #9591, .T. ) ;
#1006 = EDGE_CURVE ( 'NONE', #2509, #3738, #6418, .T. ) ;
#1007 = CARTESIAN_POINT ( 'NONE',  ( 31.79999999999999361, -19.10000000000000142, 40.80000000000000426 ) ) ;
#1008 = ORIENTED_EDGE ( 'NONE', *, *, #9293, .T. ) ;
#1009 = CARTESIAN_POINT ( 'NONE',  ( -1.395632605391598835, -14.41204157704821753, -16.21339945378196035 ) ) ;
#1010 = DIRECTION ( 'NONE',  ( -0.000000000000000000, 1.000000000000000000, 3.001251688541188813E-16 ) ) ;
#1011 = ORIENTED_EDGE ( 'NONE', *, *, #8301, .F. ) ;
#1012 = EDGE_CURVE ( 'NONE', #10933, #11281, #4876, .T. ) ;
#1013 = DIRECTION ( 'NONE',  ( -0.000000000000000000, -1.000000000000000000, 0.000000000000000000 ) ) ;
#1014 = VECTOR ( 'NONE', #10083, 1000.000000000000000 ) ;
#1015 = CARTESIAN_POINT ( 'NONE',  ( 34.80000000000000426, -19.10000000000000142, 34.79999999999999716 ) ) ;
#1016 = CARTESIAN_POINT ( 'NONE',  ( 110.2009174118887529, -5.150000000034670400, -0.2000000000000008160 ) ) ;
#1017 = PLANE ( 'NONE',  #6028 ) ;
#1018 = CARTESIAN_POINT ( 'NONE',  ( 35.80000000000000426, -17.50000000000000355, 30.79999999999999361 ) ) ;
#1019 = ADVANCED_FACE ( 'NONE', ( #5178 ), #5030, .F. ) ;
#1020 = ORIENTED_EDGE ( 'NONE', *, *, #2264, .F. ) ;
#1021 = CARTESIAN_POINT ( 'NONE',  ( 62.80000000000001137, -17.50000000000000000, 12.79999999999999538 ) ) ;
#1022 = CARTESIAN_POINT ( 'NONE',  ( -0.08021333902252447690, -9.817294578638765756, -17.71424341932080182 ) ) ;
#1023 = ORIENTED_EDGE ( 'NONE', *, *, #12232, .T. ) ;
#1024 = ORIENTED_EDGE ( 'NONE', *, *, #165, .F. ) ;
#1025 = ORIENTED_EDGE ( 'NONE', *, *, #6625, .T. ) ;
#1026 = LINE ( 'NONE', #4828, #5871 ) ;
#1027 = DIRECTION ( 'NONE',  ( -1.000000000000000000, -0.000000000000000000, -0.000000000000000000 ) ) ;
#1028 = CARTESIAN_POINT ( 'NONE',  ( 62.80000000000001137, -19.10000000000000142, 36.79999999999999716 ) ) ;
#1029 = EDGE_LOOP ( 'NONE', ( #5336, #3890, #7369, #5612 ) ) ;
#1030 = DIRECTION ( 'NONE',  ( 1.000000000000000000, 0.000000000000000000, 0.000000000000000000 ) ) ;
#1031 = DIRECTION ( 'NONE',  ( -0.000000000000000000, -1.000000000000000000, -0.000000000000000000 ) ) ;
#1032 = LINE ( 'NONE', #11227, #5244 ) ;
#1033 = DIRECTION ( 'NONE',  ( -0.7071067811865426878, -0.7071067811865524577, -8.730496322752370596E-17 ) ) ;
#1034 = ORIENTED_EDGE ( 'NONE', *, *, #6409, .T. ) ;
#1035 = CARTESIAN_POINT ( 'NONE',  ( 3.799999999999999378, -17.50000000000000000, 28.80000000000000071 ) ) ;
#1036 = EDGE_CURVE ( 'NONE', #1967, #879, #12021, .T. ) ;
#1037 = ORIENTED_EDGE ( 'NONE', *, *, #2746, .F. ) ;
#1038 = VECTOR ( 'NONE', #3394, 1000.000000000000000 ) ;
#1039 = ADVANCED_FACE ( 'NONE', ( #9750 ), #1902, .T. ) ;
#1040 = ORIENTED_EDGE ( 'NONE', *, *, #6877, .F. ) ;
#1041 = CYLINDRICAL_SURFACE ( 'NONE', #5964, 1.000000000000000888 ) ;
#1042 = CARTESIAN_POINT ( 'NONE',  ( -1.800000000000000266, -9.500000000000001776, 4.799999999999998934 ) ) ;
#1043 = FACE_OUTER_BOUND ( 'NONE', #9857, .T. ) ;
#1044 = VECTOR ( 'NONE', #1403, 1000.000000000000000 ) ;
#1045 = CARTESIAN_POINT ( 'NONE',  ( -0.8000000000000001554, -0.09999999999999982514, 1.600000000000000089 ) ) ;
#1046 = DIRECTION ( 'NONE',  ( -1.000000000000000000, 0.000000000000000000, -0.000000000000000000 ) ) ;
#1047 = AXIS2_PLACEMENT_3D ( 'NONE', #5801, #1918, #2805 ) ;
#1048 = ORIENTED_EDGE ( 'NONE', *, *, #6602, .T. ) ;
#1049 = LINE ( 'NONE', #11146, #10147 ) ;
#1050 = ORIENTED_EDGE ( 'NONE', *, *, #8377, .T. ) ;
#1051 = LINE ( 'NONE', #2403, #9388 ) ;
#1052 = CARTESIAN_POINT ( 'NONE',  ( 3.799999999999999378, -19.10000000000000142, 4.799999999999999822 ) ) ;
#1053 = ORIENTED_EDGE ( 'NONE', *, *, #8465, .T. ) ;
#1054 = DIRECTION ( 'NONE',  ( 1.000000000000000000, -0.000000000000000000, -0.000000000000000000 ) ) ;
#1055 = EDGE_CURVE ( 'NONE', #5279, #6978, #8685, .T. ) ;
#1056 = CARTESIAN_POINT ( 'NONE',  ( -0.2000000000000000111, -0.2000000000003226419, 34.24999999999941025 ) ) ;
#1057 = AXIS2_PLACEMENT_3D ( 'NONE', #10788, #6895, #4951 ) ;
#1058 = CARTESIAN_POINT ( 'NONE',  ( 70.60000000000000853, 18.00000000000000000, -11.53999999999999559 ) ) ;
#1059 = CARTESIAN_POINT ( 'NONE',  ( 2.816254374700218222, -11.15234466726800378, -17.46257822798054704 ) ) ;
#1060 = DIRECTION ( 'NONE',  ( -0.7071067811865524577, 0.7071067811865426878, 0.000000000000000000 ) ) ;
#1061 = ORIENTED_EDGE ( 'NONE', *, *, #7140, .T. ) ;
#1062 = CARTESIAN_POINT ( 'NONE',  ( 72.54314982442726034, 11.90009519115996817, -17.74000000000000909 ) ) ;
#1063 = CARTESIAN_POINT ( 'NONE',  ( 4.800000000000000711, -17.50000000000000000, 42.79999999999999716 ) ) ;
#1064 = CARTESIAN_POINT ( 'NONE',  ( 21.00677727426997166, -9.494633136679889063, -2.000000000000000000 ) ) ;
#1065 = VERTEX_POINT ( 'NONE', #5602 ) ;
#1066 = CARTESIAN_POINT ( 'NONE',  ( 62.80000000000001137, -17.50000000000000711, 41.79999999999999716 ) ) ;
#1067 = AXIS2_PLACEMENT_3D ( 'NONE', #3897, #146, #4892 ) ;
#1068 = DIRECTION ( 'NONE',  ( -0.000000000000000000, 1.000000000000000000, 0.000000000000000000 ) ) ;
#1069 = ADVANCED_FACE ( 'NONE', ( #8995 ), #10528, .F. ) ;
#1070 = CARTESIAN_POINT ( 'NONE',  ( -0.9177358322005321201, -11.37309159779487189, -17.39964251804475737 ) ) ;
#1071 = DIRECTION ( 'NONE',  ( -1.000000000000000000, -0.000000000000000000, -0.000000000000000000 ) ) ;
#1072 = CARTESIAN_POINT ( 'NONE',  ( 4.799999999999999822, -17.50000000000000000, 6.799999999999999822 ) ) ;
#1073 = ORIENTED_EDGE ( 'NONE', *, *, #2261, .F. ) ;
#1074 = CARTESIAN_POINT ( 'NONE',  ( 35.80000000000000426, -19.10000000000000497, 29.79999999999999716 ) ) ;
#1075 = ORIENTED_EDGE ( 'NONE', *, *, #7839, .T. ) ;
#1076 = AXIS2_PLACEMENT_3D ( 'NONE', #6956, #2275, #9879 ) ;
#1077 = LINE ( 'NONE', #2608, #2743 ) ;
#1078 = VERTEX_POINT ( 'NONE', #8656 ) ;
#1079 = CARTESIAN_POINT ( 'NONE',  ( 63.80000000000001137, -19.10000000000000142, 29.79999999999999716 ) ) ;
#1080 = CARTESIAN_POINT ( 'NONE',  ( 3.799999999999999378, -19.10000000000000142, 38.80000000000000426 ) ) ;
#1082 = ORIENTED_EDGE ( 'NONE', *, *, #8716, .F. ) ;
#1081 = CYLINDRICAL_SURFACE ( 'NONE', #7550, 1.000000000000000888 ) ;
#1083 = DIRECTION ( 'NONE',  ( 0.000000000000000000, 1.000000000000000000, 0.000000000000000000 ) ) ;
#1084 = ORIENTED_EDGE ( 'NONE', *, *, #8295, .F. ) ;
#1085 = CARTESIAN_POINT ( 'NONE',  ( 62.80000000000001137, -19.10000000000000142, 25.79999999999999716 ) ) ;
#1086 = ADVANCED_FACE ( 'NONE', ( #2503 ), #1770, .F. ) ;
#1087 = ORIENTED_EDGE ( 'NONE', *, *, #8284, .T. ) ;
#1088 = AXIS2_PLACEMENT_3D ( 'NONE', #10869, #11839, #9940 ) ;
#1089 = EDGE_CURVE ( 'NONE', #2664, #1685, #9444, .T. ) ;
#1090 = ORIENTED_EDGE ( 'NONE', *, *, #4382, .F. ) ;
#1091 = EDGE_CURVE ( 'NONE', #4227, #4335, #2037, .T. ) ;
#1092 = EDGE_LOOP ( 'NONE', ( #382, #11132, #9386, #10752 ) ) ;
#1093 = FACE_OUTER_BOUND ( 'NONE', #175, .T. ) ;
#1094 = CARTESIAN_POINT ( 'NONE',  ( -0.2000000000000000111, -9.500000000000001776, 8.799999999999995381 ) ) ;
#1095 = DIRECTION ( 'NONE',  ( 0.000000000000000000, 0.000000000000000000, 1.000000000000000000 ) ) ;
#1096 = ORIENTED_EDGE ( 'NONE', *, *, #4382, .T. ) ;
#1097 = CARTESIAN_POINT ( 'NONE',  ( 3.282453398302057401, -13.53566448537905131, -16.70330055892915055 ) ) ;
#1098 = CARTESIAN_POINT ( 'NONE',  ( 0.1999999999999998723, 11.79999999999999538, -17.73999999999999844 ) ) ;
#1099 = CYLINDRICAL_SURFACE ( 'NONE', #5157, 1.000000000000000888 ) ;
#1100 = CARTESIAN_POINT ( 'NONE',  ( -1.379719106206551915, -14.19408400017732497, -16.34619511022957639 ) ) ;
#1101 = DIRECTION ( 'NONE',  ( -0.000000000000000000, 1.000000000000000000, 3.001251688541188813E-16 ) ) ;
#1102 = VECTOR ( 'NONE', #1890, 1000.000000000000000 ) ;
#1103 = ADVANCED_FACE ( 'NONE', ( #947 ), #6103, .T. ) ;
#1104 = DIRECTION ( 'NONE',  ( 0.000000000000000000, 0.000000000000000000, -1.000000000000000000 ) ) ;
#1105 = ORIENTED_EDGE ( 'NONE', *, *, #2494, .F. ) ;
#1106 = CARTESIAN_POINT ( 'NONE',  ( -1.002946423724200509, 13.99392382416414549, -17.34270561934082977 ) ) ;
#1107 = EDGE_CURVE ( 'NONE', #6058, #6701, #2637, .T. ) ;
#1108 = LINE ( 'NONE', #9562, #11116 ) ;
#1109 = AXIS2_PLACEMENT_3D ( 'NONE', #593, #1648, #8402 ) ;
#1110 = DIRECTION ( 'NONE',  ( 0.000000000000000000, 0.000000000000000000, -1.000000000000000000 ) ) ;
#1111 = CARTESIAN_POINT ( 'NONE',  ( -1.000000000000000000, -1.545900930049276534, 16.39936534720461125 ) ) ;
#1112 = EDGE_CURVE ( 'NONE', #10121, #11113, #8364, .T. ) ;
#1113 = DIRECTION ( 'NONE',  ( -0.000000000000000000, 1.000000000000000000, 0.000000000000000000 ) ) ;
#1114 = EDGE_LOOP ( 'NONE', ( #621, #7570, #11078, #2817 ) ) ;
#1115 = DIRECTION ( 'NONE',  ( -0.000000000000000000, 1.000000000000000000, 3.001251688541188813E-16 ) ) ;
#1116 = DIRECTION ( 'NONE',  ( -0.000000000000000000, 1.000000000000000000, -0.000000000000000000 ) ) ;
#1117 = VECTOR ( 'NONE', #2256, 1000.000000000000000 ) ;
#1118 = CARTESIAN_POINT ( 'NONE',  ( 4.199999999999995737, -8.100000000000001421, 56.79999999999999716 ) ) ;
#1119 = DIRECTION ( 'NONE',  ( -0.000000000000000000, 1.000000000000000000, 3.001251688541188813E-16 ) ) ;
#1120 = AXIS2_PLACEMENT_3D ( 'NONE', #7779, #2035, #859 ) ;
#1121 = VECTOR ( 'NONE', #3414, 1000.000000000000000 ) ;
#1122 = EDGE_LOOP ( 'NONE', ( #5942, #5214, #11905, #12392 ) ) ;
#1123 = DIRECTION ( 'NONE',  ( 0.000000000000000000, 0.000000000000000000, -1.000000000000000000 ) ) ;
#1124 = LINE ( 'NONE', #12546, #9455 ) ;
#1125 = VERTEX_POINT ( 'NONE', #8027 ) ;
#1126 = FACE_OUTER_BOUND ( 'NONE', #11525, .T. ) ;
#1127 = VECTOR ( 'NONE', #5669, 1000.000000000000000 ) ;
#1128 = ORIENTED_EDGE ( 'NONE', *, *, #4636, .F. ) ;
#1129 = ORIENTED_EDGE ( 'NONE', *, *, #5869, .F. ) ;
#1130 = EDGE_CURVE ( 'NONE', #7889, #6785, #3832, .T. ) ;
#1131 = DIRECTION ( 'NONE',  ( 1.000000000000000000, 0.000000000000000000, -0.000000000000000000 ) ) ;
#1132 = AXIS2_PLACEMENT_3D ( 'NONE', #2834, #4671, #11460 ) ;
#1133 = ADVANCED_FACE ( 'NONE', ( #4120 ), #3678, .F. ) ;
#1134 = DIRECTION ( 'NONE',  ( -0.000000000000000000, 0.000000000000000000, -1.000000000000000000 ) ) ;
#1135 = VECTOR ( 'NONE', #11801, 1000.000000000000000 ) ;
#1136 = ORIENTED_EDGE ( 'NONE', *, *, #284, .T. ) ;
#1137 = CYLINDRICAL_SURFACE ( 'NONE', #12566, 2.000000000000000000 ) ;
#1138 = CARTESIAN_POINT ( 'NONE',  ( 84.20000000000001705, 0.000000000000000000, 0.000000000000000000 ) ) ;
#1139 = ORIENTED_EDGE ( 'NONE', *, *, #10136, .F. ) ;
#1140 = AXIS2_PLACEMENT_3D ( 'NONE', #2118, #5993, #8824 ) ;
#1141 = FACE_OUTER_BOUND ( 'NONE', #1029, .T. ) ;
#1142 = AXIS2_PLACEMENT_3D ( 'NONE', #5953, #6855, #9808 ) ;
#1143 = PLANE ( 'NONE',  #2951 ) ;
#1144 = DIRECTION ( 'NONE',  ( 0.000000000000000000, -0.000000000000000000, 1.000000000000000000 ) ) ;
#1145 = CARTESIAN_POINT ( 'NONE',  ( 3.799999999999999378, -17.50000000000000000, 32.80000000000000426 ) ) ;
#1146 = VERTEX_POINT ( 'NONE', #328 ) ;
#1147 = ORIENTED_EDGE ( 'NONE', *, *, #86, .F. ) ;
#1148 = DIRECTION ( 'NONE',  ( 0.000000000000000000, 1.000000000000000000, -0.000000000000000000 ) ) ;
#1149 = ADVANCED_FACE ( 'NONE', ( #3253 ), #12475, .F. ) ;
#1150 = VERTEX_POINT ( 'NONE', #7124 ) ;
#1151 = VERTEX_POINT ( 'NONE', #1220 ) ;
#1152 = AXIS2_PLACEMENT_3D ( 'NONE', #3406, #7344, #8276 ) ;
#1153 = LINE ( 'NONE', #10248, #5358 ) ;
#1154 = DIRECTION ( 'NONE',  ( 1.000000000000000000, -0.000000000000000000, 0.000000000000000000 ) ) ;
#1155 = CYLINDRICAL_SURFACE ( 'NONE', #11868, 1.000000000000000888 ) ;
#1156 = VECTOR ( 'NONE', #4497, 1000.000000000000000 ) ;
#1157 = CARTESIAN_POINT ( 'NONE',  ( 59.79999999999999716, -20.95000000000001705, 51.15000000000002700 ) ) ;
#1158 = CARTESIAN_POINT ( 'NONE',  ( 3.799999999999999378, -19.10000000000000142, 18.80000000000000071 ) ) ;
#1159 = CARTESIAN_POINT ( 'NONE',  ( -0.2000000000000000111, -15.90000000000001101, 10.79999999999999716 ) ) ;
#1160 = ORIENTED_EDGE ( 'NONE', *, *, #10939, .F. ) ;
#1161 = CARTESIAN_POINT ( 'NONE',  ( 0.000000000000000000, -0.1000000000000000056, 0.000000000000000000 ) ) ;
#1162 = ORIENTED_EDGE ( 'NONE', *, *, #9517, .F. ) ;
#1163 = ORIENTED_EDGE ( 'NONE', *, *, #4238, .F. ) ;
#1164 = DIRECTION ( 'NONE',  ( -0.000000000000000000, 0.000000000000000000, -1.000000000000000000 ) ) ;
#1165 = ORIENTED_EDGE ( 'NONE', *, *, #7126, .T. ) ;
#1166 = EDGE_CURVE ( 'NONE', #12272, #87, #3534, .T. ) ;
#1167 = VECTOR ( 'NONE', #8861, 1000.000000000000000 ) ;
#1168 = EDGE_CURVE ( 'NONE', #6523, #5035, #8212, .T. ) ;
#1169 = VERTEX_POINT ( 'NONE', #2216 ) ;
#1170 = VERTEX_POINT ( 'NONE', #3186 ) ;
#1171 = ORIENTED_EDGE ( 'NONE', *, *, #12047, .T. ) ;
#1172 = EDGE_CURVE ( 'NONE', #7193, #3295, #10967, .T. ) ;
#1173 = DIRECTION ( 'NONE',  ( -1.000000000000000000, 0.000000000000000000, -0.000000000000000000 ) ) ;
#1174 = AXIS2_PLACEMENT_3D ( 'NONE', #10829, #10740, #3910 ) ;
#1175 = EDGE_CURVE ( 'NONE', #9306, #992, #8069, .T. ) ;
#1176 = EDGE_LOOP ( 'NONE', ( #767, #1503, #50, #9594 ) ) ;
#1177 = LINE ( 'NONE', #1556, #7408 ) ;
#1178 = EDGE_CURVE ( 'NONE', #6281, #11388, #8986, .T. ) ;
#1179 = CARTESIAN_POINT ( 'NONE',  ( 3.151440756083146777, -11.91014273800371370, -17.21447511612057824 ) ) ;
#1180 = DIRECTION ( 'NONE',  ( -1.000000000000000000, -0.000000000000000000, 0.000000000000000000 ) ) ;
#1181 = PLANE ( 'NONE',  #4436 ) ;
#1182 = ORIENTED_EDGE ( 'NONE', *, *, #5205, .T. ) ;
#1183 = EDGE_CURVE ( 'NONE', #11524, #10038, #9905, .T. ) ;
#1184 = CARTESIAN_POINT ( 'NONE',  ( 86.57525309795137503, -9.443700123274542335, -17.73230715933646096 ) ) ;
#1185 = VERTEX_POINT ( 'NONE', #6008 ) ;
#1186 = CARTESIAN_POINT ( 'NONE',  ( 70.62194494106920217, 16.03571223012580660, -16.07331259913849664 ) ) ;
#1187 = CARTESIAN_POINT ( 'NONE',  ( -1.000000000000000000, -4.545900930049278088, 20.39936534720461481 ) ) ;
#1188 = LINE ( 'NONE', #727, #8600 ) ;
#1189 = DIRECTION ( 'NONE',  ( -1.000000000000000000, 0.000000000000000000, -0.000000000000000000 ) ) ;
#1190 = CARTESIAN_POINT ( 'NONE',  ( 88.00000000000001421, -14.62770798392567251, -16.07333333333332348 ) ) ;
#1191 = ADVANCED_FACE ( 'NONE', ( #2939 ), #3823, .T. ) ;
#1192 = VECTOR ( 'NONE', #3157, 1000.000000000000000 ) ;
#1193 = DIRECTION ( 'NONE',  ( -0.000000000000000000, -0.7071067811865505703, -0.7071067811865444641 ) ) ;
#1194 = DIRECTION ( 'NONE',  ( 0.000000000000000000, 0.000000000000000000, -1.000000000000000000 ) ) ;
#1195 = VERTEX_POINT ( 'NONE', #7941 ) ;
#1196 = CARTESIAN_POINT ( 'NONE',  ( 35.80000000000000426, -19.10000000000000497, 37.79999999999999005 ) ) ;
#1197 = VECTOR ( 'NONE', #11188, 1000.000000000000000 ) ;
#1198 = CARTESIAN_POINT ( 'NONE',  ( -1.000000000000000000, -1.545900930049276978, 20.39936534720461481 ) ) ;
#1199 = CARTESIAN_POINT ( 'NONE',  ( 35.80000000000000426, -19.10000000000000497, 36.79999999999999716 ) ) ;
#1200 = EDGE_LOOP ( 'NONE', ( #12459, #853, #12257, #11176 ) ) ;
#1201 = CARTESIAN_POINT ( 'NONE',  ( 88.40000000000000568, -0.1000000000000000056, -0.2000000000000000944 ) ) ;
#1202 = LINE ( 'NONE', #4765, #10005 ) ;
#1203 = LINE ( 'NONE', #11455, #2882 ) ;
#1204 = DIRECTION ( 'NONE',  ( 0.000000000000000000, 1.000000000000000000, 0.000000000000000000 ) ) ;
#1205 = EDGE_CURVE ( 'NONE', #10160, #3858, #8672, .T. ) ;
#1206 = DIRECTION ( 'NONE',  ( 0.000000000000000000, 0.7071067811865440200, -0.7071067811865511255 ) ) ;
#1207 = EDGE_CURVE ( 'NONE', #2447, #6074, #8353, .T. ) ;
#1208 = ORIENTED_EDGE ( 'NONE', *, *, #8076, .F. ) ;
#1209 = VECTOR ( 'NONE', #11107, 1000.000000000000000 ) ;
#1210 = PLANE ( 'NONE',  #11918 ) ;
#1211 = ORIENTED_EDGE ( 'NONE', *, *, #11476, .T. ) ;
#1212 = EDGE_LOOP ( 'NONE', ( #7738, #3533, #11303, #8952 ) ) ;
#1213 = CARTESIAN_POINT ( 'NONE',  ( 0.000000000000000000, 0.000000000000000000, 56.79999999999999716 ) ) ;
#1214 = ORIENTED_EDGE ( 'NONE', *, *, #9686, .F. ) ;
#1215 = ADVANCED_FACE ( 'NONE', ( #1267 ), #7030, .F. ) ;
#1216 = LINE ( 'NONE', #8752, #4521 ) ;
#1217 = CARTESIAN_POINT ( 'NONE',  ( 62.80000000000001137, -17.50000000000000000, 28.79999999999999716 ) ) ;
#1218 = ORIENTED_EDGE ( 'NONE', *, *, #8905, .T. ) ;
#1219 = AXIS2_PLACEMENT_3D ( 'NONE', #11566, #11656, #6745 ) ;
#1220 = CARTESIAN_POINT ( 'NONE',  ( -0.8000000000000001554, -4.100000000000000533, 3.599999999999999645 ) ) ;
#1221 = AXIS2_PLACEMENT_3D ( 'NONE', #1532, #6397, #10215 ) ;
#1222 = ORIENTED_EDGE ( 'NONE', *, *, #6516, .T. ) ;
#1223 = LINE ( 'NONE', #10019, #10615 ) ;
#1224 = DIRECTION ( 'NONE',  ( 0.000000000000000000, -1.000000000000000000, -1.234678630588475078E-16 ) ) ;
#1225 = EDGE_CURVE ( 'NONE', #10624, #11990, #3397, .T. ) ;
#1226 = ORIENTED_EDGE ( 'NONE', *, *, #11726, .F. ) ;
#1227 = CARTESIAN_POINT ( 'NONE',  ( 31.80000000000000071, -17.50000000000000000, 28.80000000000000071 ) ) ;
#1228 = CARTESIAN_POINT ( 'NONE',  ( 14.19999999999999041, -8.099999999999999645, 57.79999999999999716 ) ) ;
#1229 = ORIENTED_EDGE ( 'NONE', *, *, #8398, .T. ) ;
#1230 = VECTOR ( 'NONE', #9777, 1000.000000000000000 ) ;
#1231 = AXIS2_PLACEMENT_3D ( 'NONE', #1549, #5280, #9155 ) ;
#1232 = CARTESIAN_POINT ( 'NONE',  ( 70.60000000000000853, 11.79999999999999361, 6.396792817664473005E-15 ) ) ;
#1233 = LINE ( 'NONE', #1906, #4518 ) ;
#1234 = CARTESIAN_POINT ( 'NONE',  ( 3.799999999999999378, -19.10000000000000142, 37.79999999999999716 ) ) ;
#1235 = ADVANCED_FACE ( 'NONE', ( #938 ), #7197, .T. ) ;
#1236 = PLANE ( 'NONE',  #11372 ) ;
#1237 = CARTESIAN_POINT ( 'NONE',  ( 34.80000000000000426, -19.10000000000000142, 16.79999999999999716 ) ) ;
#1238 = DIRECTION ( 'NONE',  ( -1.000000000000000000, 0.000000000000000000, 0.000000000000000000 ) ) ;
#1239 = DIRECTION ( 'NONE',  ( 0.000000000000000000, 0.000000000000000000, -1.000000000000000000 ) ) ;
#1240 = ORIENTED_EDGE ( 'NONE', *, *, #8278, .T. ) ;
#1241 = AXIS2_PLACEMENT_3D ( 'NONE', #4523, #2602, #4567 ) ;
#1242 = CARTESIAN_POINT ( 'NONE',  ( 87.99311131250929918, -12.52702620634888042, -16.94957744424777957 ) ) ;
#1243 = EDGE_LOOP ( 'NONE', ( #8597, #1927, #12090, #4551, #12217, #8510, #11487, #8558 ) ) ;
#1244 = CARTESIAN_POINT ( 'NONE',  ( 3.799999999999999378, -17.50000000000000000, 22.80000000000000071 ) ) ;
#1245 = CARTESIAN_POINT ( 'NONE',  ( -1.624136814473200241, -13.24753130723142469, -16.56344790212331475 ) ) ;
#1246 = ORIENTED_EDGE ( 'NONE', *, *, #214, .T. ) ;
#1247 = PLANE ( 'NONE',  #2057 ) ;
#1248 = EDGE_CURVE ( 'NONE', #2999, #5098, #12180, .T. ) ;
#1249 = DIRECTION ( 'NONE',  ( 1.000000000000000000, 0.000000000000000000, -0.000000000000000000 ) ) ;
#1250 = EDGE_LOOP ( 'NONE', ( #2324, #4266, #10128, #10795, #5793 ) ) ;
#1251 = CARTESIAN_POINT ( 'NONE',  ( 86.79999999999999716, -17.50000000000000711, 54.60000000000000853 ) ) ;
#1252 = DIRECTION ( 'NONE',  ( 0.000000000000000000, 0.000000000000000000, -1.000000000000000000 ) ) ;
#1253 = CARTESIAN_POINT ( 'NONE',  ( 31.80000000000000071, -19.10000000000000142, 9.799999999999997158 ) ) ;
#1254 = EDGE_CURVE ( 'NONE', #5549, #2977, #4732, .T. ) ;
#1255 = ORIENTED_EDGE ( 'NONE', *, *, #10460, .T. ) ;
#1256 = LINE ( 'NONE', #3480, #633 ) ;
#1257 = ORIENTED_EDGE ( 'NONE', *, *, #12480, .T. ) ;
#1258 = ORIENTED_EDGE ( 'NONE', *, *, #9358, .T. ) ;
#1259 = CYLINDRICAL_SURFACE ( 'NONE', #10663, 1.000000000000000888 ) ;
#1260 = ORIENTED_EDGE ( 'NONE', *, *, #5781, .T. ) ;
#1261 = ORIENTED_EDGE ( 'NONE', *, *, #8372, .T. ) ;
#1262 = LINE ( 'NONE', #9007, #10048 ) ;
#1263 = DIRECTION ( 'NONE',  ( 0.000000000000000000, -1.000000000000000000, -1.234678630588475078E-16 ) ) ;
#1264 = EDGE_CURVE ( 'NONE', #2436, #7289, #2491, .T. ) ;
#1265 = ADVANCED_FACE ( 'NONE', ( #3103 ), #506, .F. ) ;
#1266 = CARTESIAN_POINT ( 'NONE',  ( 3.799999999999999378, -19.10000000000000142, 22.80000000000000071 ) ) ;
#1267 = FACE_OUTER_BOUND ( 'NONE', #3149, .T. ) ;
#1268 = EDGE_CURVE ( 'NONE', #5317, #8225, #10502, .T. ) ;
#1269 = DIRECTION ( 'NONE',  ( 0.000000000000000000, 0.000000000000000000, -1.000000000000000000 ) ) ;
#1270 = ORIENTED_EDGE ( 'NONE', *, *, #8167, .F. ) ;
#1271 = LINE ( 'NONE', #9874, #655 ) ;
#1272 = CARTESIAN_POINT ( 'NONE',  ( 87.39999999999999147, -17.50000000000020250, 39.19999999999971863 ) ) ;
#1273 = CARTESIAN_POINT ( 'NONE',  ( 2.001856730114444094, -9.495974390552872180, -17.72981478887790985 ) ) ;
#1274 = CARTESIAN_POINT ( 'NONE',  ( 88.40000000000000568, -18.70000000000001350, 57.39999999999999858 ) ) ;
#1275 = PLANE ( 'NONE',  #10381 ) ;
#1276 = CARTESIAN_POINT ( 'NONE',  ( 63.80000000000001137, -19.10000000000000142, 9.799999999999998934 ) ) ;
#1277 = LINE ( 'NONE', #8715, #6415 ) ;
#1278 = ORIENTED_EDGE ( 'NONE', *, *, #1760, .T. ) ;
#1279 = ORIENTED_EDGE ( 'NONE', *, *, #11415, .F. ) ;
#1280 = CARTESIAN_POINT ( 'NONE',  ( 31.79999999999999361, -17.50000000000000000, 46.80000000000000426 ) ) ;
#1281 = VECTOR ( 'NONE', #2704, 1000.000000000000000 ) ;
#1282 = LINE ( 'NONE', #2595, #6419 ) ;
#1283 = VERTEX_POINT ( 'NONE', #5324 ) ;
#1284 = ADVANCED_FACE ( 'NONE', ( #10357 ), #2540, .F. ) ;
#1285 = CARTESIAN_POINT ( 'NONE',  ( 87.19733669906869977, -10.68986537665932346, -17.57515824943678950 ) ) ;
#1286 = AXIS2_PLACEMENT_3D ( 'NONE', #4214, #7098, #11030 ) ;
#1287 = CARTESIAN_POINT ( 'NONE',  ( 17.00677727426996810, -9.494633136679889063, -0.2000000000000014544 ) ) ;
#1288 = EDGE_CURVE ( 'NONE', #4857, #1995, #4413, .T. ) ;
#1289 = CARTESIAN_POINT ( 'NONE',  ( -1.800000000000000266, -9.500000000000001776, 42.80000000000000426 ) ) ;
#1290 = DIRECTION ( 'NONE',  ( 1.000000000000000000, 0.000000000000000000, 0.000000000000000000 ) ) ;
#1291 = ORIENTED_EDGE ( 'NONE', *, *, #11414, .F. ) ;
#1292 = CARTESIAN_POINT ( 'NONE',  ( 62.80000000000001137, -19.10000000000000142, 28.79999999999999716 ) ) ;
#1293 = VECTOR ( 'NONE', #2303, 1000.000000000000000 ) ;
#1294 = CARTESIAN_POINT ( 'NONE',  ( 86.79999999999999716, -17.50000000000000000, 1.400000000000015676 ) ) ;
#1295 = ORIENTED_EDGE ( 'NONE', *, *, #1055, .F. ) ;
#1296 = CARTESIAN_POINT ( 'NONE',  ( 31.80000000000000071, -17.50000000000000711, 41.79999999999999716 ) ) ;
#1297 = AXIS2_PLACEMENT_3D ( 'NONE', #5855, #8944, #76 ) ;
#1298 = DIRECTION ( 'NONE',  ( 0.7071067811865474617, 0.000000000000000000, -0.7071067811865474617 ) ) ;
#1299 = ORIENTED_EDGE ( 'NONE', *, *, #9933, .F. ) ;
#1300 = DIRECTION ( 'NONE',  ( 0.000000000000000000, 0.000000000000000000, -1.000000000000000000 ) ) ;
#1301 = VERTEX_POINT ( 'NONE', #10073 ) ;
#1302 = ORIENTED_EDGE ( 'NONE', *, *, #1900, .T. ) ;
#1303 = EDGE_CURVE ( 'NONE', #3030, #9534, #3243, .T. ) ;
#1304 = CARTESIAN_POINT ( 'NONE',  ( 35.80000000000000426, -17.50000000000000711, 45.79999999999999005 ) ) ;
#1305 = DIRECTION ( 'NONE',  ( 0.7071067811865475727, 0.7071067811865475727, 8.730496322752310198E-17 ) ) ;
#1306 = CYLINDRICAL_SURFACE ( 'NONE', #3489, 2.799999999999997158 ) ;
#1307 = EDGE_LOOP ( 'NONE', ( #10566, #7047, #8129, #1255 ) ) ;
#1308 = FACE_OUTER_BOUND ( 'NONE', #2390, .T. ) ;
#1309 = CARTESIAN_POINT ( 'NONE',  ( -1.800000000000000266, -17.50000000000000000, 10.79999999999999716 ) ) ;
#1310 = ORIENTED_EDGE ( 'NONE', *, *, #2347, .T. ) ;
#1311 = EDGE_LOOP ( 'NONE', ( #614, #12559, #6682, #10432, #203 ) ) ;
#1312 = CYLINDRICAL_SURFACE ( 'NONE', #8719, 1.899999999999999689 ) ;
#1313 = CARTESIAN_POINT ( 'NONE',  ( 34.80000000000000426, -19.10000000000000142, 29.79999999999999361 ) ) ;
#1314 = DIRECTION ( 'NONE',  ( -1.000000000000000000, 0.000000000000000000, 0.000000000000000000 ) ) ;
#1315 = ORIENTED_EDGE ( 'NONE', *, *, #8032, .T. ) ;
#1316 = DIRECTION ( 'NONE',  ( 0.000000000000000000, -1.234678630588475078E-16, 1.000000000000000000 ) ) ;
#1317 = LINE ( 'NONE', #299, #9344 ) ;
#1318 = CARTESIAN_POINT ( 'NONE',  ( -1.800000000000000266, 11.79999999999999893, -9.350000000000001421 ) ) ;
#1319 = AXIS2_PLACEMENT_3D ( 'NONE', #10393, #12383, #8425 ) ;
#1320 = CARTESIAN_POINT ( 'NONE',  ( 31.80000000000000071, -19.09999999999999787, 18.80000000000000071 ) ) ;
#1321 = PLANE ( 'NONE',  #1420 ) ;
#1322 = CARTESIAN_POINT ( 'NONE',  ( 82.40000000000000568, -0.09999999999999882594, 56.79999999999999716 ) ) ;
#1323 = ORIENTED_EDGE ( 'NONE', *, *, #9447, .F. ) ;
#1324 = ORIENTED_EDGE ( 'NONE', *, *, #11086, .T. ) ;
#1325 = ADVANCED_FACE ( 'NONE', ( #7928 ), #12009, .F. ) ;
#1326 = EDGE_LOOP ( 'NONE', ( #8532, #9729, #11308, #236, #9620, #12537 ) ) ;
#1327 = DIRECTION ( 'NONE',  ( 0.000000000000000000, 0.000000000000000000, 1.000000000000000000 ) ) ;
#1328 = DIRECTION ( 'NONE',  ( -1.000000000000000000, -0.000000000000000000, -0.000000000000000000 ) ) ;
#1329 = CIRCLE ( 'NONE', #1638, 1.000000000000000888 ) ;
#1330 = CARTESIAN_POINT ( 'NONE',  ( 6.800000000000000711, -19.10000000000000142, 49.29999999999999716 ) ) ;
#1331 = DIRECTION ( 'NONE',  ( 0.000000000000000000, -1.084202172485503448E-16, 1.000000000000000000 ) ) ;
#1332 = CARTESIAN_POINT ( 'NONE',  ( -1.800000000000000266, -18.69999999999999929, -5.612340657572022488E-15 ) ) ;
#1333 = DIRECTION ( 'NONE',  ( 1.000000000000000000, 0.000000000000000000, 0.000000000000000000 ) ) ;
#1334 = ORIENTED_EDGE ( 'NONE', *, *, #2653, .F. ) ;
#1335 = AXIS2_PLACEMENT_3D ( 'NONE', #2045, #10590, #918 ) ;
#1336 = ORIENTED_EDGE ( 'NONE', *, *, #4672, .T. ) ;
#1337 = ORIENTED_EDGE ( 'NONE', *, *, #12370, .T. ) ;
#1338 = EDGE_CURVE ( 'NONE', #3372, #1125, #1870, .T. ) ;
#1339 = VERTEX_POINT ( 'NONE', #6372 ) ;
#1340 = ORIENTED_EDGE ( 'NONE', *, *, #3767, .T. ) ;
#1341 = EDGE_CURVE ( 'NONE', #8567, #6328, #11877, .T. ) ;
#1342 = CIRCLE ( 'NONE', #8760, 1.000000000000000888 ) ;
#1343 = ORIENTED_EDGE ( 'NONE', *, *, #4768, .F. ) ;
#1344 = ADVANCED_FACE ( 'NONE', ( #6121 ), #6724, .F. ) ;
#1345 = ORIENTED_EDGE ( 'NONE', *, *, #2727, .T. ) ;
#1346 = VECTOR ( 'NONE', #9780, 1000.000000000000000 ) ;
#1347 = CARTESIAN_POINT ( 'NONE',  ( 1.400000000000012346, -17.50000000000000000, -2.755455298081544778E-15 ) ) ;
#1348 = ORIENTED_EDGE ( 'NONE', *, *, #5281, .T. ) ;
#1349 = ORIENTED_EDGE ( 'NONE', *, *, #12035, .T. ) ;
#1350 = LINE ( 'NONE', #11772, #1647 ) ;
#1351 = VERTEX_POINT ( 'NONE', #3383 ) ;
#1352 = EDGE_CURVE ( 'NONE', #12540, #5317, #4022, .T. ) ;
#1353 = CARTESIAN_POINT ( 'NONE',  ( 4.799999999999999822, -17.50000000000000000, 22.80000000000000071 ) ) ;
#1354 = AXIS2_PLACEMENT_3D ( 'NONE', #3519, #8311, #3551 ) ;
#1355 = DIRECTION ( 'NONE',  ( 0.000000000000000000, 0.000000000000000000, -1.000000000000000000 ) ) ;
#1356 = CARTESIAN_POINT ( 'NONE',  ( 4.199999999999995737, -6.100000000000187050, 57.79999999999999716 ) ) ;
#1357 = DIRECTION ( 'NONE',  ( 1.000000000000000000, 0.000000000000000000, 0.000000000000000000 ) ) ;
#1358 = EDGE_CURVE ( 'NONE', #7011, #2534, #5318, .T. ) ;
#1359 = LINE ( 'NONE', #8587, #4963 ) ;
#1360 = DIRECTION ( 'NONE',  ( 0.000000000000000000, -1.404986760216307406E-16, 1.000000000000000000 ) ) ;
#1361 = ORIENTED_EDGE ( 'NONE', *, *, #5952, .T. ) ;
#1362 = CIRCLE ( 'NONE', #5048, 0.9999999999999991118 ) ;
#1364 = ORIENTED_EDGE ( 'NONE', *, *, #10941, .F. ) ;
#1363 = VECTOR ( 'NONE', #7, 1000.000000000000000 ) ;
#1365 = CARTESIAN_POINT ( 'NONE',  ( 88.07042323243747717, -12.74742243207905723, -16.84038505149270648 ) ) ;
#1366 = CYLINDRICAL_SURFACE ( 'NONE', #4075, 2.000000000000001776 ) ;
#1367 = LINE ( 'NONE', #7979, #11065 ) ;
#1368 = CARTESIAN_POINT ( 'NONE',  ( 3.800000000000001155, -19.10000000000000142, 13.79999999999999893 ) ) ;
#1369 = CARTESIAN_POINT ( 'NONE',  ( 31.79999999999999361, -17.50000000000000000, 10.79999999999999893 ) ) ;
#1370 = ORIENTED_EDGE ( 'NONE', *, *, #832, .F. ) ;
#1371 = EDGE_LOOP ( 'NONE', ( #4452, #1857, #11896, #5826, #4758, #2438, #6458, #193, #7210, #11247, #8909, #716, #11475, #4249, #11249, #9865, #11906, #6233, #1562, #4721 ) ) ;
#1372 = DIRECTION ( 'NONE',  ( 0.000000000000000000, 0.000000000000000000, -1.000000000000000000 ) ) ;
#1373 = DIRECTION ( 'NONE',  ( 0.000000000000000000, -1.000000000000000000, 0.000000000000000000 ) ) ;
#1374 = VERTEX_POINT ( 'NONE', #7565 ) ;
#1375 = DIRECTION ( 'NONE',  ( -1.000000000000000000, 3.388131789017198275E-17, 0.000000000000000000 ) ) ;
#1376 = EDGE_CURVE ( 'NONE', #3655, #4857, #9291, .T. ) ;
#1377 = VECTOR ( 'NONE', #437, 1000.000000000000000 ) ;
#1378 = PLANE ( 'NONE',  #8371 ) ;
#1379 = CARTESIAN_POINT ( 'NONE',  ( 35.14999999999957936, -4.920999999999991855E-13, -1.800000000000000044 ) ) ;
#1380 = EDGE_LOOP ( 'NONE', ( #12400, #5353, #11835, #3903, #5022, #7523, #365, #5601, #8417 ) ) ;
#1381 = CARTESIAN_POINT ( 'NONE',  ( 71.00000000000002842, -14.62770798392565652, -16.07333333333333414 ) ) ;
#1382 = CIRCLE ( 'NONE', #1784, 10.00000000000000000 ) ;
#1383 = CARTESIAN_POINT ( 'NONE',  ( 71.71664275230941143, -11.43717230591581924, -17.46338827222288259 ) ) ;
#1384 = EDGE_LOOP ( 'NONE', ( #10409, #5999, #5383, #6624 ) ) ;
#1385 = ORIENTED_EDGE ( 'NONE', *, *, #764, .F. ) ;
#1386 = LINE ( 'NONE', #7849, #8797 ) ;
#1387 = CARTESIAN_POINT ( 'NONE',  ( 1.975253098644489391, -9.443700124636210447, -17.73230715927592271 ) ) ;
#1388 = ADVANCED_FACE ( 'NONE', ( #5959 ), #213, .F. ) ;
#1389 = VERTEX_POINT ( 'NONE', #12317 ) ;
#1390 = CARTESIAN_POINT ( 'NONE',  ( 86.53530390229512648, -9.445493239341907099, -17.73403026318547404 ) ) ;
#1391 = CARTESIAN_POINT ( 'NONE',  ( 2.300039151334389409, -10.08634474501805123, -17.67670420342570736 ) ) ;
#1392 = VERTEX_POINT ( 'NONE', #6582 ) ;
#1393 = CARTESIAN_POINT ( 'NONE',  ( 86.79999999999999716, -17.50000000000020250, 54.39999999999972857 ) ) ;
#1394 = CARTESIAN_POINT ( 'NONE',  ( -1.800000000000000266, -17.50000000000000000, 22.80000000000000071 ) ) ;
#1395 = ORIENTED_EDGE ( 'NONE', *, *, #2100, .F. ) ;
#1396 = ADVANCED_FACE ( 'NONE', ( #6406 ), #7483, .T. ) ;
#1397 = AXIS2_PLACEMENT_3D ( 'NONE', #6482, #3492, #8411 ) ;
#1398 = VERTEX_POINT ( 'NONE', #6413 ) ;
#1399 = CARTESIAN_POINT ( 'NONE',  ( 87.96816257622293733, -14.08432653739884621, -16.41020895556864900 ) ) ;
#1400 = CARTESIAN_POINT ( 'NONE',  ( 88.34411619904649626, -13.79133566842360104, -16.20956712036414871 ) ) ;
#1401 = FACE_OUTER_BOUND ( 'NONE', #5206, .T. ) ;
#1402 = ORIENTED_EDGE ( 'NONE', *, *, #12370, .F. ) ;
#1403 = DIRECTION ( 'NONE',  ( -1.000000000000000000, -0.000000000000000000, -0.000000000000000000 ) ) ;
#1404 = VECTOR ( 'NONE', #749, 1000.000000000000000 ) ;
#1405 = EDGE_CURVE ( 'NONE', #2509, #7864, #649, .T. ) ;
#1406 = PLANE ( 'NONE',  #6904 ) ;
#1407 = CARTESIAN_POINT ( 'NONE',  ( 36.39999999997512248, -3.900000000058060134, -0.9999999999998473443 ) ) ;
#1408 = VERTEX_POINT ( 'NONE', #1710 ) ;
#1409 = EDGE_CURVE ( 'NONE', #6672, #3811, #2782, .T. ) ;
#1410 = VECTOR ( 'NONE', #5968, 1000.000000000000000 ) ;
#1411 = CARTESIAN_POINT ( 'NONE',  ( 31.80000000000000071, -19.10000000000000142, 21.80000000000000071 ) ) ;
#1412 = CARTESIAN_POINT ( 'NONE',  ( 4.800000000000001599, -19.10000000000000142, 13.79999999999999716 ) ) ;
#1413 = CARTESIAN_POINT ( 'NONE',  ( 3.799999999999999378, -19.10000000000000142, 33.80000000000000426 ) ) ;
#1414 = CIRCLE ( 'NONE', #10389, 10.00000000000000000 ) ;
#1415 = DIRECTION ( 'NONE',  ( -0.000000000000000000, 1.000000000000000000, 3.001251688541188813E-16 ) ) ;
#1416 = DIRECTION ( 'NONE',  ( 0.000000000000000000, -0.000000000000000000, 1.000000000000000000 ) ) ;
#1417 = EDGE_CURVE ( 'NONE', #12254, #11503, #5803, .T. ) ;
#1418 = CARTESIAN_POINT ( 'NONE',  ( 71.54333817231523085, -11.95145697621034486, -17.32485487118109546 ) ) ;
#1419 = VECTOR ( 'NONE', #1972, 1000.000000000000000 ) ;
#1420 = AXIS2_PLACEMENT_3D ( 'NONE', #11103, #12073, #8044 ) ;
#1421 = EDGE_CURVE ( 'NONE', #5541, #6757, #1414, .T. ) ;
#1422 = EDGE_CURVE ( 'NONE', #9477, #6850, #3242, .T. ) ;
#1423 = ORIENTED_EDGE ( 'NONE', *, *, #10683, .F. ) ;
#1424 = EDGE_CURVE ( 'NONE', #8439, #21, #7630, .T. ) ;
#1425 = ORIENTED_EDGE ( 'NONE', *, *, #2548, .T. ) ;
#1426 = VECTOR ( 'NONE', #185, 1000.000000000000000 ) ;
#1427 = FACE_OUTER_BOUND ( 'NONE', #9421, .T. ) ;
#1428 = CARTESIAN_POINT ( 'NONE',  ( 86.80405166992355248, -10.13800726220948434, -17.68599114120985760 ) ) ;
#1429 = CARTESIAN_POINT ( 'NONE',  ( 84.40000000000000568, -10.20000000000001172, 56.69999999999998863 ) ) ;
#1430 = CARTESIAN_POINT ( 'NONE',  ( -1.800000000000000266, -9.500000000000001776, 20.80000000000000071 ) ) ;
#1431 = VERTEX_POINT ( 'NONE', #11285 ) ;
#1432 = EDGE_LOOP ( 'NONE', ( #4027, #7732, #12038, #9424 ) ) ;
#1433 = CIRCLE ( 'NONE', #209, 1.000000000000000888 ) ;
#1434 = LINE ( 'NONE', #1504, #6908 ) ;
#1435 = CARTESIAN_POINT ( 'NONE',  ( 87.97971910620654512, -14.19408400017732319, -16.34619511022956928 ) ) ;
#1436 = ORIENTED_EDGE ( 'NONE', *, *, #8787, .F. ) ;
#1437 = EDGE_CURVE ( 'NONE', #9491, #6868, #6266, .T. ) ;
#1438 = ORIENTED_EDGE ( 'NONE', *, *, #8798, .F. ) ;
#1439 = CARTESIAN_POINT ( 'NONE',  ( 4.800000000000000711, -19.10000000000000142, 44.79999999999999716 ) ) ;
#1440 = CARTESIAN_POINT ( 'NONE',  ( 87.13846331226967834, -10.56894866826031709, -17.59878990359498019 ) ) ;
#1441 = EDGE_CURVE ( 'NONE', #648, #2697, #10194, .T. ) ;
#1442 = VECTOR ( 'NONE', #2033, 1000.000000000000000 ) ;
#1443 = ADVANCED_FACE ( 'NONE', ( #11109 ), #12565, .F. ) ;
#1444 = LINE ( 'NONE', #1045, #2990 ) ;
#1445 = CARTESIAN_POINT ( 'NONE',  ( 9.600000000000001421, -19.10000000000000142, 49.29999999999999716 ) ) ;
#1446 = CARTESIAN_POINT ( 'NONE',  ( -1.800000000000000266, -9.500000000000001776, 24.80000000000000071 ) ) ;
#1447 = CARTESIAN_POINT ( 'NONE',  ( -1.800000000000000266, -17.50000000000000000, 20.80000000000000071 ) ) ;
#1448 = DIRECTION ( 'NONE',  ( -0.000000000000000000, 1.000000000000000000, 3.001251688541188813E-16 ) ) ;
#1449 = DIRECTION ( 'NONE',  ( 0.000000000000000000, -1.000000000000000000, -1.234678630588475078E-16 ) ) ;
#1450 = CARTESIAN_POINT ( 'NONE',  ( 54.39999999999999858, -3.200000000000001954, -1.800000000000000044 ) ) ;
#1451 = ORIENTED_EDGE ( 'NONE', *, *, #1358, .F. ) ;
#1452 = CARTESIAN_POINT ( 'NONE',  ( -7.210000000046401757E-14, -5.150000000033142733, -1.800000000000000044 ) ) ;
#1453 = LINE ( 'NONE', #8333, #6000 ) ;
#1454 = ORIENTED_EDGE ( 'NONE', *, *, #8372, .F. ) ;
#1455 = LINE ( 'NONE', #7172, #5519 ) ;
#1456 = LINE ( 'NONE', #8584, #11012 ) ;
#1457 = CARTESIAN_POINT ( 'NONE',  ( 87.59171444763282466, -12.38243452202680572, -17.18671245762000410 ) ) ;
#1458 = AXIS2_PLACEMENT_3D ( 'NONE', #2633, #6652, #8493 ) ;
#1459 = CARTESIAN_POINT ( 'NONE',  ( 34.80000000000000426, -17.50000000000000000, 46.79999999999999716 ) ) ;
#1460 = CARTESIAN_POINT ( 'NONE',  ( 31.80000000000000071, -19.09999999999999787, 6.799999999999999822 ) ) ;
#1461 = DIRECTION ( 'NONE',  ( 0.000000000000000000, -1.000000000000000000, 0.000000000000000000 ) ) ;
#1462 = ADVANCED_FACE ( 'NONE', ( #8973 ), #9625, .T. ) ;
#1463 = EDGE_CURVE ( 'NONE', #6850, #4915, #8828, .T. ) ;
#1464 = CARTESIAN_POINT ( 'NONE',  ( 72.00927607163781374, -10.63004250492695668, -17.62234276193952809 ) ) ;
#1465 = ORIENTED_EDGE ( 'NONE', *, *, #5781, .F. ) ;
#1466 = AXIS2_PLACEMENT_3D ( 'NONE', #3936, #7834, #8802 ) ;
#1467 = ORIENTED_EDGE ( 'NONE', *, *, #6777, .T. ) ;
#1468 = LINE ( 'NONE', #9924, #10124 ) ;
#1469 = VECTOR ( 'NONE', #11493, 1000.000000000000000 ) ;
#1470 = VECTOR ( 'NONE', #10402, 1000.000000000000000 ) ;
#1471 = CARTESIAN_POINT ( 'NONE',  ( -0.2000000000000000111, 0.000000000000000000, 0.000000000000000000 ) ) ;
#1472 = CARTESIAN_POINT ( 'NONE',  ( 86.43098109891734282, -9.179049916286828648, -17.73999999999999844 ) ) ;
#1473 = AXIS2_PLACEMENT_3D ( 'NONE', #10902, #11913, #8977 ) ;
#1474 = VERTEX_POINT ( 'NONE', #7730 ) ;
#1475 = CARTESIAN_POINT ( 'NONE',  ( 34.80000000000000426, -19.10000000000000142, 44.79999999999999005 ) ) ;
#1476 = CARTESIAN_POINT ( 'NONE',  ( -0.8000000000000001554, -0.1000000000000002554, 6.599999999999999645 ) ) ;
#1477 = ORIENTED_EDGE ( 'NONE', *, *, #3237, .T. ) ;
#1478 = ORIENTED_EDGE ( 'NONE', *, *, #4478, .F. ) ;
#1479 = VECTOR ( 'NONE', #7060, 1000.000000000000000 ) ;
#1480 = CARTESIAN_POINT ( 'NONE',  ( -0.2000000000000000111, -9.500000000000001776, 24.80000000000000071 ) ) ;
#1481 = ORIENTED_EDGE ( 'NONE', *, *, #7186, .T. ) ;
#1482 = EDGE_CURVE ( 'NONE', #10069, #6325, #7619, .T. ) ;
#1483 = LINE ( 'NONE', #10514, #9201 ) ;
#1484 = VECTOR ( 'NONE', #4466, 1000.000000000000000 ) ;
#1485 = CARTESIAN_POINT ( 'NONE',  ( 35.80000000000000426, -19.10000000000000497, 32.79999999999999716 ) ) ;
#1486 = EDGE_CURVE ( 'NONE', #11919, #3875, #6395, .T. ) ;
#1487 = CARTESIAN_POINT ( 'NONE',  ( 3.399999999999958611, -14.62770798392563876, -16.07333333333335190 ) ) ;
#1488 = CARTESIAN_POINT ( 'NONE',  ( 87.03784892968877784, -10.36351363254653535, -17.63628122369984297 ) ) ;
#1489 = CARTESIAN_POINT ( 'NONE',  ( -1.800000000000000266, -9.500000000000001776, 28.80000000000000071 ) ) ;
#1490 = DIRECTION ( 'NONE',  ( 0.7071067811865524577, -0.7071067811865426878, 0.000000000000000000 ) ) ;
#1491 = ORIENTED_EDGE ( 'NONE', *, *, #12028, .F. ) ;
#1492 = DIRECTION ( 'NONE',  ( -1.000000000000000000, -0.000000000000000000, -0.000000000000000000 ) ) ;
#1493 = VERTEX_POINT ( 'NONE', #1944 ) ;
#1494 = DIRECTION ( 'NONE',  ( -0.000000000000000000, 5.421010862427523156E-16, -1.000000000000000000 ) ) ;
#1495 = VECTOR ( 'NONE', #2959, 1000.000000000000000 ) ;
#1496 = DIRECTION ( 'NONE',  ( 1.000000000000000000, 0.000000000000000000, 0.000000000000000000 ) ) ;
#1497 = FACE_OUTER_BOUND ( 'NONE', #1644, .T. ) ;
#1498 = CARTESIAN_POINT ( 'NONE',  ( 71.14203687925257213, -13.41425517559635416, -16.76235745745503181 ) ) ;
#1499 = DIRECTION ( 'NONE',  ( -1.000000000000000000, 0.000000000000000000, 0.000000000000000000 ) ) ;
#1500 = AXIS2_PLACEMENT_3D ( 'NONE', #3971, #10772, #5933 ) ;
#1501 = CARTESIAN_POINT ( 'NONE',  ( 34.80000000000000426, -17.50000000000000000, 14.79999999999999361 ) ) ;
#1502 = EDGE_CURVE ( 'NONE', #4310, #3811, #7477, .T. ) ;
#1503 = ORIENTED_EDGE ( 'NONE', *, *, #6948, .F. ) ;
#1504 = CARTESIAN_POINT ( 'NONE',  ( 68.40000000000000568, -3.200000000000001510, -0.7999999999999999334 ) ) ;
#1505 = EDGE_CURVE ( 'NONE', #9535, #7900, #10491, .T. ) ;
#1506 = VERTEX_POINT ( 'NONE', #936 ) ;
#1507 = ORIENTED_EDGE ( 'NONE', *, *, #10771, .F. ) ;
#1508 = CARTESIAN_POINT ( 'NONE',  ( 71.06028979551237512, -13.86872614196303033, -16.53054711228350726 ) ) ;
#1509 = VECTOR ( 'NONE', #12477, 1000.000000000000000 ) ;
#1510 = ADVANCED_FACE ( 'NONE', ( #9896 ), #11402, .T. ) ;
#1511 = DIRECTION ( 'NONE',  ( 0.000000000000000000, 0.000000000000000000, -1.000000000000000000 ) ) ;
#1512 = FACE_OUTER_BOUND ( 'NONE', #9707, .T. ) ;
#1513 = EDGE_CURVE ( 'NONE', #7114, #2547, #3667, .T. ) ;
#1514 = CARTESIAN_POINT ( 'NONE',  ( 35.80000000000000426, -17.50000000000000000, 46.79999999999999716 ) ) ;
#1515 = VECTOR ( 'NONE', #1569, 1000.000000000000000 ) ;
#1516 = DIRECTION ( 'NONE',  ( 0.000000000000000000, 0.000000000000000000, -1.000000000000000000 ) ) ;
#1517 = EDGE_CURVE ( 'NONE', #8057, #1976, #11552, .T. ) ;
#1518 = CARTESIAN_POINT ( 'NONE',  ( 31.80000000000000071, -17.50000000000000355, 21.80000000000000071 ) ) ;
#1519 = EDGE_CURVE ( 'NONE', #10525, #3276, #8506, .T. ) ;
#1520 = CARTESIAN_POINT ( 'NONE',  ( -4.200000000000017053, -11.90000000000005187, 12.79999999999999893 ) ) ;
#1521 = DIRECTION ( 'NONE',  ( -1.000000000000000000, -0.000000000000000000, -0.000000000000000000 ) ) ;
#1522 = CARTESIAN_POINT ( 'NONE',  ( 31.80000000000000071, -17.50000000000000711, 41.80000000000000426 ) ) ;
#1523 = VERTEX_POINT ( 'NONE', #6633 ) ;
#1524 = ORIENTED_EDGE ( 'NONE', *, *, #3747, .F. ) ;
#1525 = ADVANCED_FACE ( 'NONE', ( #4401 ), #3735, .F. ) ;
#1527 = ORIENTED_EDGE ( 'NONE', *, *, #12520, .F. ) ;
#1526 = VECTOR ( 'NONE', #4683, 1000.000000000000000 ) ;
#1528 = CARTESIAN_POINT ( 'NONE',  ( 88.19471106974434349, -13.14519362640646527, -16.62265592153928750 ) ) ;
#1529 = LINE ( 'NONE', #9654, #6369 ) ;
#1530 = DIRECTION ( 'NONE',  ( 0.000000000000000000, -1.000000000000000000, -1.234678630588475078E-16 ) ) ;
#1531 = CARTESIAN_POINT ( 'NONE',  ( 4.799999999999999822, -17.50000000000000355, 17.80000000000000071 ) ) ;
#1532 = CARTESIAN_POINT ( 'NONE',  ( 3.799999999999999378, -19.10000000000000142, 16.80000000000000071 ) ) ;
#1533 = CARTESIAN_POINT ( 'NONE',  ( 62.80000000000001137, -19.10000000000000497, 29.79999999999999361 ) ) ;
#1534 = AXIS2_PLACEMENT_3D ( 'NONE', #2930, #10672, #53 ) ;
#1535 = CARTESIAN_POINT ( 'NONE',  ( -1.800000000000000266, -9.500000000000001776, 12.79999999999999893 ) ) ;
#1536 = ORIENTED_EDGE ( 'NONE', *, *, #2369, .T. ) ;
#1537 = DIRECTION ( 'NONE',  ( 1.000000000000000000, 0.000000000000000000, 0.000000000000000000 ) ) ;
#1538 = DIRECTION ( 'NONE',  ( -0.000000000000000000, 1.000000000000000000, 3.001251688541188813E-16 ) ) ;
#1539 = ORIENTED_EDGE ( 'NONE', *, *, #6872, .F. ) ;
#1540 = ORIENTED_EDGE ( 'NONE', *, *, #10757, .T. ) ;
#1541 = FACE_BOUND ( 'NONE', #9116, .T. ) ;
#1542 = AXIS2_PLACEMENT_3D ( 'NONE', #9168, #2338, #4292 ) ;
#1543 = CARTESIAN_POINT ( 'NONE',  ( 4.800000000000001599, -17.50000000000000355, 42.79999999999999716 ) ) ;
#1544 = ORIENTED_EDGE ( 'NONE', *, *, #10570, .T. ) ;
#1545 = PLANE ( 'NONE',  #2962 ) ;
#1546 = ORIENTED_EDGE ( 'NONE', *, *, #8898, .T. ) ;
#1547 = CARTESIAN_POINT ( 'NONE',  ( 63.80000000000001137, -19.10000000000000142, 21.79999999999999716 ) ) ;
#1548 = VECTOR ( 'NONE', #8650, 1000.000000000000000 ) ;
#1549 = CARTESIAN_POINT ( 'NONE',  ( -1.000000000000000000, -3.045900930049277200, 18.39936534720461481 ) ) ;
#1550 = CARTESIAN_POINT ( 'NONE',  ( 72.10426803316724431, -10.37795892841548628, -17.65832027820977856 ) ) ;
#1551 = CYLINDRICAL_SURFACE ( 'NONE', #6493, 1.000000000000000000 ) ;
#1552 = CARTESIAN_POINT ( 'NONE',  ( 150.7570364914818697, -19.10000000000001208, 57.39999999999999858 ) ) ;
#1553 = CIRCLE ( 'NONE', #9651, 1.000000000000000888 ) ;
#1554 = CARTESIAN_POINT ( 'NONE',  ( 86.52488479144000166, -9.418855118423664408, -17.73492588691465954 ) ) ;
#1555 = LINE ( 'NONE', #6077, #10965 ) ;
#1556 = CARTESIAN_POINT ( 'NONE',  ( 21.74999999999967315, 4.300000000001238831, -0.1999999999999994837 ) ) ;
#1557 = CARTESIAN_POINT ( 'NONE',  ( 34.80000000000000426, -19.10000000000000142, 40.79999999999999716 ) ) ;
#1558 = ORIENTED_EDGE ( 'NONE', *, *, #1172, .T. ) ;
#1559 = VECTOR ( 'NONE', #8964, 1000.000000000000000 ) ;
#1560 = VERTEX_POINT ( 'NONE', #7608 ) ;
#1561 = CARTESIAN_POINT ( 'NONE',  ( 3.799999999999999378, -17.50000000000000000, 25.80000000000000071 ) ) ;
#1562 = ORIENTED_EDGE ( 'NONE', *, *, #6214, .F. ) ;
#1563 = DIRECTION ( 'NONE',  ( -1.000000000000000000, 0.000000000000000000, -0.000000000000000000 ) ) ;
#1564 = CARTESIAN_POINT ( 'NONE',  ( 88.32473556567397566, -13.67855546235283626, -16.28825346441603372 ) ) ;
#1565 = DIRECTION ( 'NONE',  ( -0.000000000000000000, 1.000000000000000000, 3.001251688541188813E-16 ) ) ;
#1566 = EDGE_CURVE ( 'NONE', #5093, #6228, #4719, .T. ) ;
#1567 = CARTESIAN_POINT ( 'NONE',  ( 3.799999999999999378, -19.10000000000000142, 25.80000000000000071 ) ) ;
#1568 = LINE ( 'NONE', #8767, #3251 ) ;
#1569 = DIRECTION ( 'NONE',  ( -0.000000000000000000, 1.209468558947972554E-16, -1.000000000000000000 ) ) ;
#1570 = DIRECTION ( 'NONE',  ( -1.000000000000000000, -0.000000000000000000, -0.000000000000000000 ) ) ;
#1571 = FACE_BOUND ( 'NONE', #7506, .T. ) ;
#1572 = EDGE_CURVE ( 'NONE', #1195, #5317, #5951, .T. ) ;
#1573 = LINE ( 'NONE', #1616, #11583 ) ;
#1574 = DIRECTION ( 'NONE',  ( 1.000000000000000000, 0.000000000000000000, 0.000000000000000000 ) ) ;
#1575 = EDGE_LOOP ( 'NONE', ( #1477, #4032, #2826, #412, #6416, #8925 ) ) ;
#1576 = VECTOR ( 'NONE', #10423, 1000.000000000000000 ) ;
#1577 = CARTESIAN_POINT ( 'NONE',  ( 1.872583073494049621, -9.242250058315471861, -17.73873542184712448 ) ) ;
#1578 = CARTESIAN_POINT ( 'NONE',  ( -0.2000000000000000111, -9.500000000000001776, 4.799999999999998934 ) ) ;
#1579 = VERTEX_POINT ( 'NONE', #8562 ) ;
#1580 = LINE ( 'NONE', #2639, #1121 ) ;
#1581 = ORIENTED_EDGE ( 'NONE', *, *, #9607, .T. ) ;
#1582 = LINE ( 'NONE', #1460, #9770 ) ;
#1583 = DIRECTION ( 'NONE',  ( 0.000000000000000000, -1.234678630588475078E-16, 1.000000000000000000 ) ) ;
#1585 = ORIENTED_EDGE ( 'NONE', *, *, #2807, .F. ) ;
#1584 = ADVANCED_FACE ( 'NONE', ( #7324 ), #3913, .F. ) ;
#1586 = VECTOR ( 'NONE', #12064, 1000.000000000000000 ) ;
#1587 = EDGE_CURVE ( 'NONE', #6784, #12030, #4107, .T. ) ;
#1588 = DIRECTION ( 'NONE',  ( 0.000000000000000000, 0.000000000000000000, -1.000000000000000000 ) ) ;
#1589 = DIRECTION ( 'NONE',  ( -1.399999999999999714E-14, -9.999999999999999988E-15, -1.000000000000000000 ) ) ;
#1590 = EDGE_CURVE ( 'NONE', #11388, #10273, #3385, .T. ) ;
#1591 = EDGE_CURVE ( 'NONE', #4802, #416, #2331, .T. ) ;
#1592 = LINE ( 'NONE', #5860, #6919 ) ;
#1593 = VERTEX_POINT ( 'NONE', #6933 ) ;
#1594 = CARTESIAN_POINT ( 'NONE',  ( 81.00000000000000000, 11.79999999999999893, -11.50000000000000000 ) ) ;
#1595 = CARTESIAN_POINT ( 'NONE',  ( 87.57693539362746549, -12.33436774265506486, -17.20269288600866986 ) ) ;
#1596 = CYLINDRICAL_SURFACE ( 'NONE', #1859, 1.000000000000000888 ) ;
#1597 = ORIENTED_EDGE ( 'NONE', *, *, #9591, .F. ) ;
#1598 = ORIENTED_EDGE ( 'NONE', *, *, #10098, .F. ) ;
#1599 = ADVANCED_FACE ( 'NONE', ( #9738 ), #1551, .F. ) ;
#1600 = LINE ( 'NONE', #2009, #8248 ) ;
#1601 = CARTESIAN_POINT ( 'NONE',  ( 4.800000000000001599, -19.10000000000000853, 45.79999999999999716 ) ) ;
#1602 = FACE_OUTER_BOUND ( 'NONE', #4697, .T. ) ;
#1603 = CARTESIAN_POINT ( 'NONE',  ( -1.800000000000000266, 11.79999999999999538, -11.53999999999999915 ) ) ;
#1604 = VECTOR ( 'NONE', #9456, 1000.000000000000000 ) ;
#1605 = DIRECTION ( 'NONE',  ( -0.000000000000000000, -0.000000000000000000, -1.000000000000000000 ) ) ;
#1606 = CARTESIAN_POINT ( 'NONE',  ( 72.40000000000000568, -6.100000000000187050, 57.79999999999999716 ) ) ;
#1607 = VERTEX_POINT ( 'NONE', #1118 ) ;
#1608 = EDGE_CURVE ( 'NONE', #1646, #9477, #12465, .T. ) ;
#1609 = FACE_OUTER_BOUND ( 'NONE', #7072, .T. ) ;
#1610 = CARTESIAN_POINT ( 'NONE',  ( 84.20000000000001705, 9.254415587728425763, -15.17695526217005941 ) ) ;
#1611 = ORIENTED_EDGE ( 'NONE', *, *, #755, .T. ) ;
#1612 = DIRECTION ( 'NONE',  ( 0.000000000000000000, 0.000000000000000000, -1.000000000000000000 ) ) ;
#1613 = AXIS2_PLACEMENT_3D ( 'NONE', #459, #7165, #11094 ) ;
#1614 = VECTOR ( 'NONE', #9360, 1000.000000000000000 ) ;
#1615 = CARTESIAN_POINT ( 'NONE',  ( 4.799999999999999822, -19.10000000000000142, 24.80000000000000071 ) ) ;
#1616 = CARTESIAN_POINT ( 'NONE',  ( -1.800000000000000266, -9.500000000000001776, 32.79999999999999716 ) ) ;
#1617 = FACE_OUTER_BOUND ( 'NONE', #1724, .T. ) ;
#1618 = ORIENTED_EDGE ( 'NONE', *, *, #8548, .T. ) ;
#1619 = ORIENTED_EDGE ( 'NONE', *, *, #11015, .T. ) ;
#1620 = CARTESIAN_POINT ( 'NONE',  ( 3.393111312509292432, -12.52702620634885378, -16.94957744424779023 ) ) ;
#1621 = ORIENTED_EDGE ( 'NONE', *, *, #11654, .F. ) ;
#1622 = CYLINDRICAL_SURFACE ( 'NONE', #6146, 1.000000000000000888 ) ;
#1623 = ORIENTED_EDGE ( 'NONE', *, *, #9244, .F. ) ;
#1624 = DIRECTION ( 'NONE',  ( 1.000000000000000000, 0.000000000000000000, -0.000000000000000000 ) ) ;
#1625 = CARTESIAN_POINT ( 'NONE',  ( 1.400000000000012346, -17.50000000000000000, -2.755455298081544778E-15 ) ) ;
#1626 = FACE_OUTER_BOUND ( 'NONE', #10465, .T. ) ;
#1627 = PLANE ( 'NONE',  #268 ) ;
#1628 = VERTEX_POINT ( 'NONE', #10747 ) ;
#1629 = AXIS2_PLACEMENT_3D ( 'NONE', #1872, #5757, #8637 ) ;
#1630 = CARTESIAN_POINT ( 'NONE',  ( 1.914273132534217270, 12.00119886930667867, -17.74000000000000199 ) ) ;
#1631 = ORIENTED_EDGE ( 'NONE', *, *, #11086, .F. ) ;
#1632 = VERTEX_POINT ( 'NONE', #1079 ) ;
#1633 = ORIENTED_EDGE ( 'NONE', *, *, #7207, .F. ) ;
#1634 = ORIENTED_EDGE ( 'NONE', *, *, #9282, .T. ) ;
#1635 = LINE ( 'NONE', #4621, #4492 ) ;
#1636 = CARTESIAN_POINT ( 'NONE',  ( 87.88245339840001691, -13.53566448593485561, -16.70330055865409236 ) ) ;
#1637 = VERTEX_POINT ( 'NONE', #2067 ) ;
#1638 = AXIS2_PLACEMENT_3D ( 'NONE', #11910, #5057, #305 ) ;
#1639 = DIRECTION ( 'NONE',  ( -0.000000000000000000, -1.000000000000000000, 0.000000000000000000 ) ) ;
#1640 = PLANE ( 'NONE',  #2852 ) ;
#1641 = ORIENTED_EDGE ( 'NONE', *, *, #12116, .T. ) ;
#1642 = DIRECTION ( 'NONE',  ( 0.000000000000000000, 1.000000000000000000, -0.000000000000000000 ) ) ;
#1643 = CARTESIAN_POINT ( 'NONE',  ( 54.39999999999999858, -14.40000000000002167, -1.800000000000000044 ) ) ;
#1644 = EDGE_LOOP ( 'NONE', ( #9782, #7243, #683, #1727 ) ) ;
#1645 = EDGE_CURVE ( 'NONE', #5458, #4133, #10056, .T. ) ;
#1646 = VERTEX_POINT ( 'NONE', #7892 ) ;
#1647 = VECTOR ( 'NONE', #2222, 1000.000000000000000 ) ;
#1648 = DIRECTION ( 'NONE',  ( -0.000000000000000000, 0.000000000000000000, -1.000000000000000000 ) ) ;
#1649 = EDGE_CURVE ( 'NONE', #11478, #11281, #11722, .T. ) ;
#1650 = VECTOR ( 'NONE', #4712, 1000.000000000000000 ) ;
#1651 = PLANE ( 'NONE',  #11284 ) ;
#1652 = PLANE ( 'NONE',  #4365 ) ;
#1653 = EDGE_LOOP ( 'NONE', ( #1775, #6931, #4795, #7734 ) ) ;
#1654 = CARTESIAN_POINT ( 'NONE',  ( 86.79999999999999716, 4.299999999999999822, -0.1999999999999994837 ) ) ;
#1655 = CARTESIAN_POINT ( 'NONE',  ( 19.00677727426997166, -10.49463313667988906, -1.800000000000000044 ) ) ;
#1656 = FACE_OUTER_BOUND ( 'NONE', #8709, .T. ) ;
#1657 = CARTESIAN_POINT ( 'NONE',  ( 62.80000000000001137, -17.50000000000000000, 46.79999999999999716 ) ) ;
#1658 = CARTESIAN_POINT ( 'NONE',  ( 62.80000000000001137, -19.10000000000000142, 25.79999999999999361 ) ) ;
#1659 = LINE ( 'NONE', #3928, #2725 ) ;
#1660 = LINE ( 'NONE', #208, #5126 ) ;
#1661 = EDGE_CURVE ( 'NONE', #5921, #4667, #7178, .T. ) ;
#1662 = CARTESIAN_POINT ( 'NONE',  ( 2.758230076843823930, -11.02737508279715506, -17.49653817117679466 ) ) ;
#1663 = CARTESIAN_POINT ( 'NONE',  ( 88.40000000000000568, -0.1000000000000000056, 0.000000000000000000 ) ) ;
#1664 = EDGE_CURVE ( 'NONE', #9547, #5175, #4868, .T. ) ;
#1665 = ORIENTED_EDGE ( 'NONE', *, *, #7338, .T. ) ;
#1666 = EDGE_LOOP ( 'NONE', ( #5416, #9089, #5309, #5049 ) ) ;
#1667 = VECTOR ( 'NONE', #1490, 1000.000000000000000 ) ;
#1668 = DIRECTION ( 'NONE',  ( 1.000000000000000000, 0.000000000000000000, -0.000000000000000000 ) ) ;
#1669 = ORIENTED_EDGE ( 'NONE', *, *, #2076, .T. ) ;
#1670 = CARTESIAN_POINT ( 'NONE',  ( 3.799999999999999378, -17.50000000000000000, 34.79999999999999716 ) ) ;
#1671 = CARTESIAN_POINT ( 'NONE',  ( -1.800000000000000266, -9.500000000000001776, 18.80000000000000071 ) ) ;
#1672 = FACE_OUTER_BOUND ( 'NONE', #8516, .T. ) ;
#1673 = ORIENTED_EDGE ( 'NONE', *, *, #2130, .T. ) ;
#1674 = ORIENTED_EDGE ( 'NONE', *, *, #4982, .T. ) ;
#1675 = CARTESIAN_POINT ( 'NONE',  ( 87.76797628964861531, -13.02387321974318546, -16.93821083230282198 ) ) ;
#1676 = ORIENTED_EDGE ( 'NONE', *, *, #8032, .F. ) ;
#1677 = CARTESIAN_POINT ( 'NONE',  ( 66.40000000000000568, -3.200000000000000622, -0.7999999999999999334 ) ) ;
#1678 = EDGE_LOOP ( 'NONE', ( #8810, #5969, #7440, #5802, #9692 ) ) ;
#1679 = VECTOR ( 'NONE', #9887, 1000.000000000000000 ) ;
#1680 = EDGE_CURVE ( 'NONE', #408, #3372, #10813, .T. ) ;
#1681 = CARTESIAN_POINT ( 'NONE',  ( 71.00000000000002842, -19.09999999999999076, -7.740000000000001101 ) ) ;
#1682 = ORIENTED_EDGE ( 'NONE', *, *, #2017, .F. ) ;
#1683 = DIRECTION ( 'NONE',  ( 0.000000000000000000, 0.000000000000000000, -1.000000000000000000 ) ) ;
#1684 = ORIENTED_EDGE ( 'NONE', *, *, #6516, .F. ) ;
#1685 = VERTEX_POINT ( 'NONE', #6655 ) ;
#1686 = DIRECTION ( 'NONE',  ( -0.000000000000000000, -1.000000000000000000, 0.000000000000000000 ) ) ;
#1687 = DIRECTION ( 'NONE',  ( -0.000000000000000000, -1.000000000000000000, 0.000000000000000000 ) ) ;
#1688 = ORIENTED_EDGE ( 'NONE', *, *, #1836, .T. ) ;
#1689 = DIRECTION ( 'NONE',  ( 1.000000000000000000, 0.000000000000000000, 0.000000000000000000 ) ) ;
#1690 = DIRECTION ( 'NONE',  ( 0.000000000000000000, 0.000000000000000000, -1.000000000000000000 ) ) ;
#1691 = CARTESIAN_POINT ( 'NONE',  ( 31.80000000000000071, -19.10000000000000142, 5.799999999999999822 ) ) ;
#1692 = AXIS2_PLACEMENT_3D ( 'NONE', #4554, #8535, #3754 ) ;
#1693 = VERTEX_POINT ( 'NONE', #2719 ) ;
#1694 = EDGE_LOOP ( 'NONE', ( #7100, #9443, #6801, #12070 ) ) ;
#1695 = CYLINDRICAL_SURFACE ( 'NONE', #8500, 0.9999999999999991118 ) ;
#1696 = CARTESIAN_POINT ( 'NONE',  ( 71.23445046164756889, -13.01410568776493193, -16.94237148018464012 ) ) ;
#1697 = EDGE_CURVE ( 'NONE', #11196, #502, #6711, .T. ) ;
#1698 = AXIS2_PLACEMENT_3D ( 'NONE', #10548, #9560, #5565 ) ;
#1699 = CARTESIAN_POINT ( 'NONE',  ( 1.916100102814899397, -9.327576289641402951, -17.73683811954098744 ) ) ;
#1700 = LINE ( 'NONE', #9274, #5153 ) ;
#1701 = ORIENTED_EDGE ( 'NONE', *, *, #2638, .T. ) ;
#1702 = VERTEX_POINT ( 'NONE', #10463 ) ;
#1703 = LINE ( 'NONE', #10499, #1404 ) ;
#1704 = DIRECTION ( 'NONE',  ( 0.000000000000000000, 0.000000000000000000, 1.000000000000000000 ) ) ;
#1705 = CARTESIAN_POINT ( 'NONE',  ( 62.80000000000001137, -17.50000000000000000, 16.79999999999999716 ) ) ;
#1706 = LINE ( 'NONE', #4504, #5293 ) ;
#1707 = ORIENTED_EDGE ( 'NONE', *, *, #3189, .T. ) ;
#1708 = DIRECTION ( 'NONE',  ( 0.000000000000000000, 0.000000000000000000, -1.000000000000000000 ) ) ;
#1709 = ADVANCED_FACE ( 'NONE', ( #2771 ), #12412, .F. ) ;
#1710 = CARTESIAN_POINT ( 'NONE',  ( 32.80000000000000426, -19.10000000000000142, 33.80000000000000426 ) ) ;
#1711 = DIRECTION ( 'NONE',  ( 0.000000000000000000, 0.000000000000000000, 1.000000000000000000 ) ) ;
#1712 = CIRCLE ( 'NONE', #2215, 1.000000000000000000 ) ;
#1713 = LINE ( 'NONE', #1827, #8996 ) ;
#1714 = DIRECTION ( 'NONE',  ( 0.000000000000000000, 1.000000000000000000, 0.000000000000000000 ) ) ;
#1715 = VERTEX_POINT ( 'NONE', #1821 ) ;
#1716 = DIRECTION ( 'NONE',  ( -0.000000000000000000, 1.000000000000000000, 3.001251688541188813E-16 ) ) ;
#1717 = AXIS2_PLACEMENT_3D ( 'NONE', #100, #6154, #2226 ) ;
#1718 = ORIENTED_EDGE ( 'NONE', *, *, #450, .F. ) ;
#1719 = VECTOR ( 'NONE', #2938, 1000.000000000000000 ) ;
#1720 = ADVANCED_FACE ( 'NONE', ( #11865 ), #10422, .F. ) ;
#1721 = DIRECTION ( 'NONE',  ( 1.000000000000000000, 0.000000000000000000, 0.000000000000000000 ) ) ;
#1722 = DIRECTION ( 'NONE',  ( 1.000000000000000000, 0.000000000000000000, 0.000000000000000000 ) ) ;
#1723 = VECTOR ( 'NONE', #1537, 1000.000000000000000 ) ;
#1724 = EDGE_LOOP ( 'NONE', ( #5782, #4519, #2028, #4800 ) ) ;
#1725 = LINE ( 'NONE', #10726, #11128 ) ;
#1726 = CARTESIAN_POINT ( 'NONE',  ( 3.799999999999999378, 16.36070170039654315, -15.74000000000000021 ) ) ;
#1727 = ORIENTED_EDGE ( 'NONE', *, *, #143, .F. ) ;
#1728 = LINE ( 'NONE', #1356, #10682 ) ;
#1729 = CIRCLE ( 'NONE', #5614, 1.000000000000000000 ) ;
#1730 = CARTESIAN_POINT ( 'NONE',  ( -0.2000000000000000111, -15.90000000000001101, -1.963139022635676547E-15 ) ) ;
#1731 = ORIENTED_EDGE ( 'NONE', *, *, #3615, .F. ) ;
#1732 = EDGE_LOOP ( 'NONE', ( #12378, #660, #1818, #2587 ) ) ;
#1733 = DIRECTION ( 'NONE',  ( 0.000000000000000000, -1.000000000000000000, 0.000000000000000000 ) ) ;
#1734 = LINE ( 'NONE', #4309, #11744 ) ;
#1735 = CARTESIAN_POINT ( 'NONE',  ( 2.204051670176061073, -10.13800726286828180, -17.68599114114073245 ) ) ;
#1736 = EDGE_CURVE ( 'NONE', #4345, #6309, #2030, .T. ) ;
#1737 = CARTESIAN_POINT ( 'NONE',  ( 29.84999999996629327, 4.300000000001125144, -0.1999999999999994837 ) ) ;
#1738 = CARTESIAN_POINT ( 'NONE',  ( 150.7570364914818697, -17.50000000000000000, 1.400000000000015676 ) ) ;
#1739 = ORIENTED_EDGE ( 'NONE', *, *, #1661, .T. ) ;
#1740 = CARTESIAN_POINT ( 'NONE',  ( 62.80000000000001137, -19.10000000000000853, 41.79999999999999716 ) ) ;
#1741 = CARTESIAN_POINT ( 'NONE',  ( -0.2000000000000000111, -9.500000000000001776, 40.80000000000000426 ) ) ;
#1742 = ADVANCED_FACE ( 'NONE', ( #4262 ), #3970, .F. ) ;
#1743 = EDGE_CURVE ( 'NONE', #7239, #8090, #9129, .T. ) ;
#1744 = VECTOR ( 'NONE', #4141, 1000.000000000000000 ) ;
#1745 = CYLINDRICAL_SURFACE ( 'NONE', #2162, 2.149999999999999023 ) ;
#1746 = CARTESIAN_POINT ( 'NONE',  ( 70.69832106145982209, -13.56572536450171462, -16.36367032937571153 ) ) ;
#1747 = CYLINDRICAL_SURFACE ( 'NONE', #7372, 1.000000000000000888 ) ;
#1748 = ORIENTED_EDGE ( 'NONE', *, *, #6469, .F. ) ;
#1749 = FACE_OUTER_BOUND ( 'NONE', #8496, .T. ) ;
#1750 = DIRECTION ( 'NONE',  ( -1.734723475976808080E-16, 1.000000000000000000, 0.000000000000000000 ) ) ;
#1751 = CARTESIAN_POINT ( 'NONE',  ( -1.322716411814269355, -13.76014123094881825, -16.58866995904828201 ) ) ;
#1752 = DIRECTION ( 'NONE',  ( 0.000000000000000000, 0.000000000000000000, -1.000000000000000000 ) ) ;
#1753 = DIRECTION ( 'NONE',  ( 0.000000000000000000, 1.000000000000000000, 0.000000000000000000 ) ) ;
#1754 = EDGE_CURVE ( 'NONE', #10143, #1351, #6259, .T. ) ;
#1755 = DIRECTION ( 'NONE',  ( 0.000000000000000000, -1.000000000000000000, -1.234678630588475078E-16 ) ) ;
#1756 = CARTESIAN_POINT ( 'NONE',  ( 87.45131232494519224, -17.55131232494520788, 21.29999999999972360 ) ) ;
#1757 = AXIS2_PLACEMENT_3D ( 'NONE', #5339, #7379, #4459 ) ;
#1758 = LINE ( 'NONE', #7163, #1911 ) ;
#1759 = CARTESIAN_POINT ( 'NONE',  ( 1.799999999999999822, 11.79999999999999538, -17.73999999999999844 ) ) ;
#1760 = EDGE_CURVE ( 'NONE', #3007, #1967, #9430, .T. ) ;
#1761 = DIRECTION ( 'NONE',  ( 0.000000000000000000, 0.000000000000000000, -1.000000000000000000 ) ) ;
#1762 = VERTEX_POINT ( 'NONE', #6700 ) ;
#1763 = EDGE_CURVE ( 'NONE', #10469, #4284, #1703, .T. ) ;
#1764 = LINE ( 'NONE', #11425, #3140 ) ;
#1765 = FACE_BOUND ( 'NONE', #9935, .T. ) ;
#1766 = CARTESIAN_POINT ( 'NONE',  ( 87.65394110074045386, -12.59718203750428422, -17.10856343584467254 ) ) ;
#1767 = DIRECTION ( 'NONE',  ( 1.400000000000014387E-14, 1.000000000000000000, 0.000000000000000000 ) ) ;
#1768 = ORIENTED_EDGE ( 'NONE', *, *, #3713, .T. ) ;
#1769 = VECTOR ( 'NONE', #8250, 1000.000000000000000 ) ;
#1770 = PLANE ( 'NONE',  #1132 ) ;
#1771 = EDGE_LOOP ( 'NONE', ( #8821, #9387, #9850, #3408 ) ) ;
#1772 = VERTEX_POINT ( 'NONE', #4773 ) ;
#1773 = PLANE ( 'NONE',  #2064 ) ;
#1774 = CARTESIAN_POINT ( 'NONE',  ( 71.85348504466780639, -10.58507173766392384, -17.59653913230336286 ) ) ;
#1775 = ORIENTED_EDGE ( 'NONE', *, *, #779, .F. ) ;
#1776 = CARTESIAN_POINT ( 'NONE',  ( 70.40000000000000568, -0.1000000000000002415, 57.79999999999999716 ) ) ;
#1777 = LINE ( 'NONE', #3806, #6019 ) ;
#1778 = CARTESIAN_POINT ( 'NONE',  ( -0.2000000000000000111, -0.1000000000000000056, 0.000000000000000000 ) ) ;
#1779 = EDGE_LOOP ( 'NONE', ( #8962, #8991, #2674, #4197 ) ) ;
#1780 = AXIS2_PLACEMENT_3D ( 'NONE', #1085, #11889, #290 ) ;
#1781 = CARTESIAN_POINT ( 'NONE',  ( -1.800000000000000266, -17.50000000000000000, 36.79999999999999716 ) ) ;
#1782 = ADVANCED_FACE ( 'NONE', ( #8201 ), #9523, .F. ) ;
#1783 = CIRCLE ( 'NONE', #5633, 1.000000000000000888 ) ;
#1784 = AXIS2_PLACEMENT_3D ( 'NONE', #11626, #12560, #847 ) ;
#1785 = DIRECTION ( 'NONE',  ( 0.7071067811865524577, -0.7071067811865426878, 0.000000000000000000 ) ) ;
#1786 = EDGE_CURVE ( 'NONE', #5462, #1185, #3092, .T. ) ;
#1787 = CARTESIAN_POINT ( 'NONE',  ( 2.024002334076883791, -9.672727873372384266, -17.72362967175300241 ) ) ;
#1788 = EDGE_LOOP ( 'NONE', ( #5444, #11954, #8193, #9038, #11964, #9964 ) ) ;
#1789 = VERTEX_POINT ( 'NONE', #2678 ) ;
#1790 = AXIS2_PLACEMENT_3D ( 'NONE', #3741, #858, #5741 ) ;
#1791 = CARTESIAN_POINT ( 'NONE',  ( -1.800000000000000266, -9.500000000000001776, 20.80000000000000071 ) ) ;
#1792 = ORIENTED_EDGE ( 'NONE', *, *, #1587, .F. ) ;
#1793 = LINE ( 'NONE', #4948, #10577 ) ;
#1794 = DIRECTION ( 'NONE',  ( -0.000000000000000000, 1.000000000000000000, 3.001251688541188813E-16 ) ) ;
#1795 = FACE_OUTER_BOUND ( 'NONE', #3696, .T. ) ;
#1796 = CARTESIAN_POINT ( 'NONE',  ( 72.00598374221826248, -10.63846634908298050, -17.62166577702663162 ) ) ;
#1797 = ORIENTED_EDGE ( 'NONE', *, *, #1649, .T. ) ;
#1798 = CARTESIAN_POINT ( 'NONE',  ( -1.027543968099925653, -12.50386631804432191, -17.14356971356952641 ) ) ;
#1799 = EDGE_LOOP ( 'NONE', ( #10802, #4225, #1246, #7121, #10575, #6770 ) ) ;
#1800 = FACE_BOUND ( 'NONE', #4748, .T. ) ;
#1801 = CARTESIAN_POINT ( 'NONE',  ( -1.723722370396523207, -13.67265559291861265, -16.29236934828663408 ) ) ;
#1802 = CARTESIAN_POINT ( 'NONE',  ( -1.800000000000000266, -17.50000000000000000, 36.79999999999999716 ) ) ;
#1803 = VECTOR ( 'NONE', #2442, 1000.000000000000000 ) ;
#1804 = PRESENTATION_LAYER_ASSIGNMENT (  '', '', ( #7718 ) ) ;
#1805 = DIRECTION ( 'NONE',  ( -1.000000000000000000, -0.000000000000000000, -0.000000000000000000 ) ) ;
#1806 = ADVANCED_FACE ( 'NONE', ( #5006 ), #2804, .T. ) ;
#1807 = ORIENTED_EDGE ( 'NONE', *, *, #1590, .T. ) ;
#1808 = CIRCLE ( 'NONE', #6997, 1.000000000000000888 ) ;
#1809 = CARTESIAN_POINT ( 'NONE',  ( 72.25692902100817605, -9.774366381258465353, -17.71036009139042378 ) ) ;
#1810 = CARTESIAN_POINT ( 'NONE',  ( -4.200000000000017053, -11.90000000000005365, 24.80000000000000071 ) ) ;
#1811 = EDGE_CURVE ( 'NONE', #721, #4753, #3564, .T. ) ;
#1812 = CIRCLE ( 'NONE', #104, 1.000000000000000888 ) ;
#1813 = VERTEX_POINT ( 'NONE', #8848 ) ;
#1814 = EDGE_CURVE ( 'NONE', #7042, #4467, #12489, .T. ) ;
#1815 = ORIENTED_EDGE ( 'NONE', *, *, #764, .T. ) ;
#1816 = CARTESIAN_POINT ( 'NONE',  ( 54.39999999999999858, -3.200000000000001954, -1.800000000000000044 ) ) ;
#1818 = ORIENTED_EDGE ( 'NONE', *, *, #12035, .F. ) ;
#1817 = LINE ( 'NONE', #8631, #5274 ) ;
#1819 = CARTESIAN_POINT ( 'NONE',  ( 62.80000000000001137, -19.10000000000000142, 13.79999999999999361 ) ) ;
#1820 = CARTESIAN_POINT ( 'NONE',  ( 3.561366726453805143, -13.02922923525167143, -16.68974861683563660 ) ) ;
#1821 = CARTESIAN_POINT ( 'NONE',  ( 56.39999999999999858, -9.200000000000118305, -1.800000000000000044 ) ) ;
#1822 = CARTESIAN_POINT ( 'NONE',  ( 84.20000000000001705, 11.79999999999999893, -11.50000000000000000 ) ) ;
#1823 = ORIENTED_EDGE ( 'NONE', *, *, #11313, .F. ) ;
#1824 = ORIENTED_EDGE ( 'NONE', *, *, #3237, .F. ) ;
#1825 = PLANE ( 'NONE',  #6581 ) ;
#1826 = CARTESIAN_POINT ( 'NONE',  ( 72.27639677445949928, -9.929072149393942226, -17.70627889641279040 ) ) ;
#1827 = CARTESIAN_POINT ( 'NONE',  ( 31.80000000000000071, -19.09999999999999787, 38.80000000000000426 ) ) ;
#1828 = ORIENTED_EDGE ( 'NONE', *, *, #7654, .F. ) ;
#1829 = EDGE_CURVE ( 'NONE', #5346, #11890, #9273, .T. ) ;
#1830 = FACE_OUTER_BOUND ( 'NONE', #7580, .T. ) ;
#1831 = AXIS2_PLACEMENT_3D ( 'NONE', #11923, #10059, #10912 ) ;
#1833 = ORIENTED_EDGE ( 'NONE', *, *, #12056, .F. ) ;
#1832 = LINE ( 'NONE', #1737, #6689 ) ;
#1834 = CARTESIAN_POINT ( 'NONE',  ( 62.80000000000001137, -19.10000000000000142, 12.79999999999999538 ) ) ;
#1835 = CYLINDRICAL_SURFACE ( 'NONE', #1466, 1.000000000000000888 ) ;
#1836 = EDGE_CURVE ( 'NONE', #11999, #7687, #12354, .T. ) ;
#1837 = DIRECTION ( 'NONE',  ( -1.000000000000000000, 0.000000000000000000, -0.000000000000000000 ) ) ;
#1838 = EDGE_CURVE ( 'NONE', #4016, #4310, #5023, .T. ) ;
#1839 = CARTESIAN_POINT ( 'NONE',  ( -0.03555521599271622979, -9.702370160546822220, -17.72201706812112576 ) ) ;
#1840 = DIRECTION ( 'NONE',  ( -0.000000000000000000, 1.000000000000000000, 0.000000000000000000 ) ) ;
#1841 = EDGE_CURVE ( 'NONE', #3102, #7828, #4994, .T. ) ;
#1842 = ADVANCED_FACE ( 'NONE', ( #9869 ), #11699, .F. ) ;
#1843 = CARTESIAN_POINT ( 'NONE',  ( -1.800000000000000266, -14.40659966456864893, -15.74000000000000377 ) ) ;
#1844 = ORIENTED_EDGE ( 'NONE', *, *, #11047, .T. ) ;
#1845 = PLANE ( 'NONE',  #638 ) ;
#1846 = ORIENTED_EDGE ( 'NONE', *, *, #6135, .T. ) ;
#1847 = FACE_OUTER_BOUND ( 'NONE', #3396, .T. ) ;
#1848 = DIRECTION ( 'NONE',  ( -0.000000000000000000, -1.000000000000000000, 0.000000000000000000 ) ) ;
#1849 = ORIENTED_EDGE ( 'NONE', *, *, #11163, .T. ) ;
#1850 = FACE_BOUND ( 'NONE', #10240, .T. ) ;
#1851 = DIRECTION ( 'NONE',  ( 0.000000000000000000, -1.000000000000000000, 0.000000000000000000 ) ) ;
#1852 = DIRECTION ( 'NONE',  ( 0.000000000000000000, -1.000000000000000000, 0.000000000000000000 ) ) ;
#1853 = EDGE_CURVE ( 'NONE', #10455, #6586, #11845, .T. ) ;
#1854 = EDGE_CURVE ( 'NONE', #6271, #9666, #2159, .T. ) ;
#1855 = CARTESIAN_POINT ( 'NONE',  ( 71.19473069322506831, -12.03951196094222098, -17.16453714233940531 ) ) ;
#1856 = DIRECTION ( 'NONE',  ( -1.000000000000000000, -0.000000000000000000, -0.000000000000000000 ) ) ;
#1857 = ORIENTED_EDGE ( 'NONE', *, *, #323, .T. ) ;
#1858 = VECTOR ( 'NONE', #3677, 1000.000000000000000 ) ;
#1859 = AXIS2_PLACEMENT_3D ( 'NONE', #12136, #6322, #6407 ) ;
#1860 = VECTOR ( 'NONE', #8314, 1000.000000000000000 ) ;
#1861 = VERTEX_POINT ( 'NONE', #10632 ) ;
#1862 = DIRECTION ( 'NONE',  ( -0.000000000000000000, 1.000000000000000000, 0.000000000000000000 ) ) ;
#1863 = VERTEX_POINT ( 'NONE', #5800 ) ;
#1864 = CARTESIAN_POINT ( 'NONE',  ( 2.328215675567571807, -10.46386513511268035, -17.64656741363584658 ) ) ;
#1865 = VECTOR ( 'NONE', #8854, 1000.000000000000000 ) ;
#1866 = ORIENTED_EDGE ( 'NONE', *, *, #4218, .T. ) ;
#1867 = CARTESIAN_POINT ( 'NONE',  ( 3.394092944830579217, -12.53013266107859458, -16.94786728751218519 ) ) ;
#1868 = DIRECTION ( 'NONE',  ( 1.000000000000000000, 0.000000000000000000, 0.000000000000000000 ) ) ;
#1869 = AXIS2_PLACEMENT_3D ( 'NONE', #4807, #7748, #9699 ) ;
#1870 = LINE ( 'NONE', #4239, #11410 ) ;
#1871 = ADVANCED_FACE ( 'NONE', ( #9553 ), #1835, .F. ) ;
#1872 = CARTESIAN_POINT ( 'NONE',  ( 31.80000000000000071, -19.10000000000000142, 29.80000000000000071 ) ) ;
#1873 = CARTESIAN_POINT ( 'NONE',  ( 72.19549596807443947, -9.895909263418291246, -17.69953467569462902 ) ) ;
#1874 = ORIENTED_EDGE ( 'NONE', *, *, #7105, .T. ) ;
#1875 = EDGE_CURVE ( 'NONE', #6328, #11652, #11226, .T. ) ;
#1876 = LINE ( 'NONE', #8452, #5323 ) ;
#1877 = DIRECTION ( 'NONE',  ( 0.000000000000000000, -0.000000000000000000, 1.000000000000000000 ) ) ;
#1878 = DIRECTION ( 'NONE',  ( 0.000000000000000000, 1.000000000000000000, 0.000000000000000000 ) ) ;
#1879 = CARTESIAN_POINT ( 'NONE',  ( 4.799999999999999822, -17.50000000000000000, 38.80000000000000426 ) ) ;
#1880 = CARTESIAN_POINT ( 'NONE',  ( -0.3614283804764454322, -10.55197407470288695, -17.63403971071849341 ) ) ;
#1881 = CARTESIAN_POINT ( 'NONE',  ( 3.799999999999999378, -19.10000000000000142, 21.80000000000000071 ) ) ;
#1882 = ORIENTED_EDGE ( 'NONE', *, *, #2712, .F. ) ;
#1883 = CARTESIAN_POINT ( 'NONE',  ( -0.03675222567075442370, -9.564582881811773518, -17.72615080094486117 ) ) ;
#1884 = CARTESIAN_POINT ( 'NONE',  ( -1.074489050007256141, -12.66981896494608328, -17.08131453687339629 ) ) ;
#1885 = ORIENTED_EDGE ( 'NONE', *, *, #1763, .T. ) ;
#1886 = LINE ( 'NONE', #11254, #9590 ) ;
#1887 = DIRECTION ( 'NONE',  ( -0.000000000000000000, 1.000000000000000000, 3.001251688541188813E-16 ) ) ;
#1888 = CARTESIAN_POINT ( 'NONE',  ( 70.88980692763146862, -12.86757576019296323, -16.77749819847218049 ) ) ;
#1889 = AXIS2_PLACEMENT_3D ( 'NONE', #2752, #7744, #11603 ) ;
#1890 = DIRECTION ( 'NONE',  ( -0.7071067811865524577, 0.7071067811865426878, 0.000000000000000000 ) ) ;
#1891 = VECTOR ( 'NONE', #11114, 1000.000000000000000 ) ;
#1892 = CARTESIAN_POINT ( 'NONE',  ( -1.800000000000000266, -14.40659966456863472, -15.74000000000000377 ) ) ;
#1893 = ORIENTED_EDGE ( 'NONE', *, *, #8336, .F. ) ;
#1894 = EDGE_CURVE ( 'NONE', #6099, #1693, #6994, .T. ) ;
#1895 = LINE ( 'NONE', #12087, #9934 ) ;
#1896 = PLANE ( 'NONE',  #3568 ) ;
#1897 = ORIENTED_EDGE ( 'NONE', *, *, #12405, .T. ) ;
#1898 = FACE_OUTER_BOUND ( 'NONE', #6040, .T. ) ;
#1899 = DIRECTION ( 'NONE',  ( -0.000000000000000000, 1.000000000000000000, 3.001251688541188813E-16 ) ) ;
#1900 = EDGE_CURVE ( 'NONE', #5288, #423, #1529, .T. ) ;
#1901 = LINE ( 'NONE', #7356, #9919 ) ;
#1902 = PLANE ( 'NONE',  #6560 ) ;
#1903 = DIRECTION ( 'NONE',  ( 0.000000000000000000, 0.000000000000000000, 1.000000000000000000 ) ) ;
#1904 = ORIENTED_EDGE ( 'NONE', *, *, #521, .F. ) ;
#1905 = CARTESIAN_POINT ( 'NONE',  ( 71.06131461836670837, -12.38024108225462250, -17.01783929775156778 ) ) ;
#1906 = CARTESIAN_POINT ( 'NONE',  ( -1.800000000000000266, -1.649999999999729239, 14.32740920835357379 ) ) ;
#1907 = LINE ( 'NONE', #7769, #6149 ) ;
#1908 = CIRCLE ( 'NONE', #7004, 1.000000000000000888 ) ;
#1909 = DIRECTION ( 'NONE',  ( 1.000000000000000000, -0.000000000000000000, -0.000000000000000000 ) ) ;
#1910 = DIRECTION ( 'NONE',  ( -0.000000000000000000, 1.000000000000000000, 3.001251688541188813E-16 ) ) ;
#1911 = VECTOR ( 'NONE', #1767, 1000.000000000000000 ) ;
#1912 = VERTEX_POINT ( 'NONE', #140 ) ;
#1913 = CARTESIAN_POINT ( 'NONE',  ( 1.908831155123945855, -9.377828527733473862, -17.73619127674005114 ) ) ;
#1914 = AXIS2_PLACEMENT_3D ( 'NONE', #432, #5270, #6275 ) ;
#1915 = CARTESIAN_POINT ( 'NONE',  ( -1.400000000000012346, -19.09999999999999432, -7.977961573045432712E-15 ) ) ;
#1916 = DIRECTION ( 'NONE',  ( 0.000000000000000000, -1.234678630588475078E-16, 1.000000000000000000 ) ) ;
#1917 = CARTESIAN_POINT ( 'NONE',  ( -1.368162576222909710, -14.08432653739883555, -16.41020895556865966 ) ) ;
#1918 = DIRECTION ( 'NONE',  ( -0.7071067811865426878, -0.7071067811865524577, -8.730496322752370596E-17 ) ) ;
#1919 = EDGE_CURVE ( 'NONE', #2039, #4155, #7307, .T. ) ;
#1920 = CARTESIAN_POINT ( 'NONE',  ( -1.800000000000000266, -17.50000000000000000, 28.80000000000000071 ) ) ;
#1921 = CARTESIAN_POINT ( 'NONE',  ( 34.80000000000000426, -19.10000000000000142, 32.79999999999999716 ) ) ;
#1922 = CARTESIAN_POINT ( 'NONE',  ( 4.799999999999999822, -19.10000000000000142, 17.80000000000000071 ) ) ;
#1923 = CARTESIAN_POINT ( 'NONE',  ( 56.39999999999999858, -3.200000000000001510, -0.8496933580527809005 ) ) ;
#1924 = LINE ( 'NONE', #11629, #2522 ) ;
#1925 = ADVANCED_FACE ( 'NONE', ( #6238 ), #11773, .T. ) ;
#1926 = ORIENTED_EDGE ( 'NONE', *, *, #1303, .F. ) ;
#1927 = ORIENTED_EDGE ( 'NONE', *, *, #1743, .T. ) ;
#1928 = CARTESIAN_POINT ( 'NONE',  ( 1.858066458795355702, -9.248177144078930212, -17.73894618487264196 ) ) ;
#1929 = ORIENTED_EDGE ( 'NONE', *, *, #5196, .F. ) ;
#1930 = FACE_OUTER_BOUND ( 'NONE', #4142, .T. ) ;
#1931 = ORIENTED_EDGE ( 'NONE', *, *, #11979, .T. ) ;
#1932 = ORIENTED_EDGE ( 'NONE', *, *, #5091, .F. ) ;
#1933 = CARTESIAN_POINT ( 'NONE',  ( -0.6191568442553677665, -11.25515143282521890, -17.50501758821874887 ) ) ;
#1934 = CARTESIAN_POINT ( 'NONE',  ( 84.20000000000001705, 11.79999999999999893, -13.64999999999999858 ) ) ;
#1935 = CARTESIAN_POINT ( 'NONE',  ( 4.800000000000001599, -19.10000000000000142, 45.79999999999999716 ) ) ;
#1936 = CARTESIAN_POINT ( 'NONE',  ( -0.5425203222273419223, -10.57692769512026310, -17.59799893243153335 ) ) ;
#1937 = DIRECTION ( 'NONE',  ( 0.000000000000000000, 1.000000000000000000, 0.000000000000000000 ) ) ;
#1938 = CARTESIAN_POINT ( 'NONE',  ( 71.03259255979590137, -12.45724313679481554, -16.98230029269958408 ) ) ;
#1939 = CARTESIAN_POINT ( 'NONE',  ( 62.80000000000001137, -19.10000000000000142, 24.79999999999999716 ) ) ;
#1940 = CARTESIAN_POINT ( 'NONE',  ( 6.800000000000000711, -19.10000000000000142, 49.29999999999999716 ) ) ;
#1941 = CARTESIAN_POINT ( 'NONE',  ( 34.80000000000000426, -19.10000000000000142, 25.79999999999999716 ) ) ;
#1942 = VERTEX_POINT ( 'NONE', #1028 ) ;
#1943 = CARTESIAN_POINT ( 'NONE',  ( 70.66240640929325423, -13.75367714914586337, -16.23579484760629299 ) ) ;
#1944 = CARTESIAN_POINT ( 'NONE',  ( 14.19999999999999041, -6.100000000000187050, 57.79999999999999716 ) ) ;
#1945 = AXIS2_PLACEMENT_3D ( 'NONE', #151, #7845, #7884 ) ;
#1946 = DIRECTION ( 'NONE',  ( -1.000000000000000000, 0.000000000000000000, -0.000000000000000000 ) ) ;
#1947 = EDGE_LOOP ( 'NONE', ( #1349, #11158, #3941 ) ) ;
#1948 = ORIENTED_EDGE ( 'NONE', *, *, #2631, .F. ) ;
#1949 = EDGE_CURVE ( 'NONE', #6910, #12442, #1386, .T. ) ;
#1950 = VECTOR ( 'NONE', #10596, 1000.000000000000000 ) ;
#1951 = ADVANCED_FACE ( 'NONE', ( #11696 ), #3947, .F. ) ;
#1952 = LINE ( 'NONE', #4019, #7541 ) ;
#1953 = CARTESIAN_POINT ( 'NONE',  ( -1.800000000000000266, -9.500000000000001776, 28.80000000000000071 ) ) ;
#1954 = FACE_OUTER_BOUND ( 'NONE', #8875, .T. ) ;
#1955 = ORIENTED_EDGE ( 'NONE', *, *, #9661, .T. ) ;
#1956 = PLANE ( 'NONE',  #6535 ) ;
#1957 = DIRECTION ( 'NONE',  ( 0.000000000000000000, 0.000000000000000000, -1.000000000000000000 ) ) ;
#1958 = VERTEX_POINT ( 'NONE', #5854 ) ;
#1959 = AXIS2_PLACEMENT_3D ( 'NONE', #2720, #10464, #11428 ) ;
#1960 = VERTEX_POINT ( 'NONE', #6888 ) ;
#1961 = DIRECTION ( 'NONE',  ( -1.000000000000000000, -0.000000000000000000, -0.000000000000000000 ) ) ;
#1962 = ORIENTED_EDGE ( 'NONE', *, *, #10278, .T. ) ;
#1963 = AXIS2_PLACEMENT_3D ( 'NONE', #3395, #12019, #4209 ) ;
#1964 = ORIENTED_EDGE ( 'NONE', *, *, #8823, .F. ) ;
#1965 = DIRECTION ( 'NONE',  ( -1.000000000000000000, 0.000000000000000000, -0.000000000000000000 ) ) ;
#1966 = CARTESIAN_POINT ( 'NONE',  ( -1.800000000000000266, -9.500000000000001776, 40.80000000000000426 ) ) ;
#1967 = VERTEX_POINT ( 'NONE', #3083 ) ;
#1968 = EDGE_CURVE ( 'NONE', #11585, #2686, #8185, .T. ) ;
#1969 = CARTESIAN_POINT ( 'NONE',  ( 3.229506188561483082, -13.28538293865377895, -16.82200642068024976 ) ) ;
#1970 = AXIS2_PLACEMENT_3D ( 'NONE', #12471, #9499, #11447 ) ;
#1971 = DIRECTION ( 'NONE',  ( 0.000000000000000000, -1.000000000000000000, 0.000000000000000000 ) ) ;
#1972 = DIRECTION ( 'NONE',  ( 1.000000000000000000, 0.000000000000000000, 0.000000000000000000 ) ) ;
#1973 = ORIENTED_EDGE ( 'NONE', *, *, #5130, .F. ) ;
#1974 = ORIENTED_EDGE ( 'NONE', *, *, #7272, .T. ) ;
#1975 = LINE ( 'NONE', #135, #7568 ) ;
#1976 = VERTEX_POINT ( 'NONE', #7963 ) ;
#1977 = DIRECTION ( 'NONE',  ( -0.7071067811865501263, 0.7071067811865449082, 0.000000000000000000 ) ) ;
#1978 = VECTOR ( 'NONE', #10459, 1000.000000000000000 ) ;
#1979 = CARTESIAN_POINT ( 'NONE',  ( -1.800000000000000266, -17.50000000000000000, 44.79999999999999716 ) ) ;
#1980 = AXIS2_PLACEMENT_3D ( 'NONE', #9556, #6559, #5610 ) ;
#1981 = CARTESIAN_POINT ( 'NONE',  ( -1.800000000000000266, -9.500000000000001776, 24.80000000000000071 ) ) ;
#1982 = CARTESIAN_POINT ( 'NONE',  ( -0.7736166473007827227, -11.69979082089203004, -17.39688640137420705 ) ) ;
#1983 = VECTOR ( 'NONE', #99, 1000.000000000000000 ) ;
#1984 = CARTESIAN_POINT ( 'NONE',  ( -1.025732709045942270, -12.49746499043202341, -17.14597114140270051 ) ) ;
#1985 = VECTOR ( 'NONE', #1031, 1000.000000000000000 ) ;
#1986 = CARTESIAN_POINT ( 'NONE',  ( 70.60000000000000853, 18.00000000000000000, -17.73999999999999844 ) ) ;
#1987 = CARTESIAN_POINT ( 'NONE',  ( 35.80000000000000426, -17.50000000000000000, 5.799999999999999822 ) ) ;
#1989 = VERTEX_POINT ( 'NONE', #194 ) ;
#1988 = VECTOR ( 'NONE', #7870, 1000.000000000000000 ) ;
#1990 = DIRECTION ( 'NONE',  ( 0.000000000000000000, 0.000000000000000000, -1.000000000000000000 ) ) ;
#1991 = VERTEX_POINT ( 'NONE', #3046 ) ;
#1992 = ORIENTED_EDGE ( 'NONE', *, *, #4328, .T. ) ;
#1993 = CARTESIAN_POINT ( 'NONE',  ( 32.80000000000000426, -17.50000000000000000, 41.80000000000000426 ) ) ;
#1994 = VERTEX_POINT ( 'NONE', #9749 ) ;
#1995 = VERTEX_POINT ( 'NONE', #7010 ) ;
#1996 = DIRECTION ( 'NONE',  ( -0.000000000000000000, 1.000000000000000000, 0.000000000000000000 ) ) ;
#1997 = VERTEX_POINT ( 'NONE', #8942 ) ;
#1998 = DIRECTION ( 'NONE',  ( 0.000000000000000000, 0.000000000000000000, -1.000000000000000000 ) ) ;
#1999 = CARTESIAN_POINT ( 'NONE',  ( 21.00677727426997166, -10.49463313667988906, -0.2000000000000018152 ) ) ;
#2000 = CYLINDRICAL_SURFACE ( 'NONE', #6404, 1.000000000000000888 ) ;
#2001 = EDGE_CURVE ( 'NONE', #2449, #3227, #8475, .T. ) ;
#2002 = EDGE_CURVE ( 'NONE', #5357, #7857, #10932, .T. ) ;
#2003 = ORIENTED_EDGE ( 'NONE', *, *, #6453, .T. ) ;
#2004 = DIRECTION ( 'NONE',  ( 0.000000000000000000, -1.000000000000000000, -0.000000000000000000 ) ) ;
#2005 = ORIENTED_EDGE ( 'NONE', *, *, #12116, .F. ) ;
#2006 = DIRECTION ( 'NONE',  ( -0.000000000000000000, 0.000000000000000000, -1.000000000000000000 ) ) ;
#2007 = ORIENTED_EDGE ( 'NONE', *, *, #3868, .F. ) ;
#2008 = CARTESIAN_POINT ( 'NONE',  ( 88.40000000000000568, -19.09999999999999076, -7.740000000000001101 ) ) ;
#2009 = CARTESIAN_POINT ( 'NONE',  ( 14.19999999999999041, -0.1000000000000000056, 56.84969335805276103 ) ) ;
#2010 = CARTESIAN_POINT ( 'NONE',  ( -6.599999999999997868, -13.89999999999988134, -7.740000000000004654 ) ) ;
#2011 = CARTESIAN_POINT ( 'NONE',  ( 4.800000000000001599, -19.10000000000000853, 41.80000000000000426 ) ) ;
#2012 = ADVANCED_FACE ( 'NONE', ( #10467 ), #9860, .T. ) ;
#2013 = FACE_OUTER_BOUND ( 'NONE', #5890, .T. ) ;
#2014 = DIRECTION ( 'NONE',  ( 0.000000000000000000, 0.000000000000000000, -1.000000000000000000 ) ) ;
#2015 = DIRECTION ( 'NONE',  ( -1.000000000000000000, 0.000000000000000000, -0.000000000000000000 ) ) ;
#2016 = CARTESIAN_POINT ( 'NONE',  ( -0.08578284050469865696, 12.30393073080116118, -17.72030608521777850 ) ) ;
#2017 = EDGE_CURVE ( 'NONE', #8963, #10228, #4988, .T. ) ;
#2018 = ORIENTED_EDGE ( 'NONE', *, *, #8591, .F. ) ;
#2019 = DIRECTION ( 'NONE',  ( 0.000000000000000000, 0.000000000000000000, -1.000000000000000000 ) ) ;
#2020 = VERTEX_POINT ( 'NONE', #74 ) ;
#2021 = AXIS2_PLACEMENT_3D ( 'NONE', #5290, #455, #9096 ) ;
#2022 = ORIENTED_EDGE ( 'NONE', *, *, #8009, .F. ) ;
#2023 = EDGE_CURVE ( 'NONE', #6845, #11999, #7441, .T. ) ;
#2024 = CARTESIAN_POINT ( 'NONE',  ( -0.2716964735899434213, -10.02952629985701805, -17.68446695383050837 ) ) ;
#2025 = CARTESIAN_POINT ( 'NONE',  ( 54.39999999999999858, -13.40000000000001279, -0.7999999999999999334 ) ) ;
#2026 = CARTESIAN_POINT ( 'NONE',  ( 54.39999999999999858, -3.200000000000001954, -0.7999999999999999334 ) ) ;
#2027 = LINE ( 'NONE', #2991, #8344 ) ;
#2028 = ORIENTED_EDGE ( 'NONE', *, *, #3748, .F. ) ;
#2029 = ORIENTED_EDGE ( 'NONE', *, *, #1894, .F. ) ;
#2030 = LINE ( 'NONE', #4731, #6876 ) ;
#2031 = PLANE ( 'NONE',  #1142 ) ;
#2032 = CARTESIAN_POINT ( 'NONE',  ( 4.800000000000000711, -19.09999999999999787, 9.799999999999997158 ) ) ;
#2033 = DIRECTION ( 'NONE',  ( -0.000000000000000000, -1.000000000000000000, -0.000000000000000000 ) ) ;
#2034 = VECTOR ( 'NONE', #7912, 1000.000000000000000 ) ;
#2035 = DIRECTION ( 'NONE',  ( 0.000000000000000000, -1.000000000000000000, 0.000000000000000000 ) ) ;
#2036 = VERTEX_POINT ( 'NONE', #6844 ) ;
#2037 = LINE ( 'NONE', #777, #6133 ) ;
#2038 = CARTESIAN_POINT ( 'NONE',  ( 14.19999999999999041, -8.099999999999999645, 57.79999999999999716 ) ) ;
#2039 = VERTEX_POINT ( 'NONE', #2025 ) ;
#2040 = ORIENTED_EDGE ( 'NONE', *, *, #4328, .F. ) ;
#2041 = CARTESIAN_POINT ( 'NONE',  ( -1.000000000000000000, -1.545900930049276978, 20.39936534720461481 ) ) ;
#2042 = DIRECTION ( 'NONE',  ( 0.7071067811865389130, -0.7071067811865561215, 2.775557561562890427E-17 ) ) ;
#2043 = DIRECTION ( 'NONE',  ( -0.000000000000000000, 1.000000000000000000, -0.000000000000000000 ) ) ;
#2044 = ORIENTED_EDGE ( 'NONE', *, *, #4725, .T. ) ;
#2045 = CARTESIAN_POINT ( 'NONE',  ( 34.80000000000000426, -19.10000000000000142, 20.79999999999999716 ) ) ;
#2046 = CARTESIAN_POINT ( 'NONE',  ( 70.94219751742123492, 14.95738285684078761, -16.89459258679967490 ) ) ;
#2047 = LINE ( 'NONE', #6614, #10679 ) ;
#2048 = CARTESIAN_POINT ( 'NONE',  ( 88.40000000000000568, -0.1000000000000000056, 0.000000000000000000 ) ) ;
#2049 = ORIENTED_EDGE ( 'NONE', *, *, #7038, .F. ) ;
#2050 = FACE_BOUND ( 'NONE', #1799, .T. ) ;
#2051 = LINE ( 'NONE', #4780, #10521 ) ;
#2052 = FACE_OUTER_BOUND ( 'NONE', #5815, .T. ) ;
#2053 = ORIENTED_EDGE ( 'NONE', *, *, #2017, .T. ) ;
#2054 = ORIENTED_EDGE ( 'NONE', *, *, #7375, .T. ) ;
#2055 = CARTESIAN_POINT ( 'NONE',  ( -1.800000000000000266, -7.300000000000022027, 0.000000000000000000 ) ) ;
#2056 = ADVANCED_FACE ( 'NONE', ( #3208 ), #319, .F. ) ;
#2057 = AXIS2_PLACEMENT_3D ( 'NONE', #3203, #4177, #10989 ) ;
#2058 = DIRECTION ( 'NONE',  ( 1.000000000000000000, -0.000000000000000000, -0.000000000000000000 ) ) ;
#2059 = CARTESIAN_POINT ( 'NONE',  ( 31.79999999999999361, -19.10000000000000142, 42.79999999999999716 ) ) ;
#2060 = VECTOR ( 'NONE', #436, 1000.000000000000000 ) ;
#2061 = DIRECTION ( 'NONE',  ( -0.000000000000000000, 1.000000000000000000, 3.001251688541188813E-16 ) ) ;
#2062 = CARTESIAN_POINT ( 'NONE',  ( 2.199999999999993516, -11.30000000000000959, 57.79999999999999716 ) ) ;
#2063 = VECTOR ( 'NONE', #6147, 1000.000000000000227 ) ;
#2064 = AXIS2_PLACEMENT_3D ( 'NONE', #9637, #6002, #1046 ) ;
#2065 = DIRECTION ( 'NONE',  ( 0.000000000000000000, 0.000000000000000000, -1.000000000000000000 ) ) ;
#2066 = ORIENTED_EDGE ( 'NONE', *, *, #7737, .T. ) ;
#2067 = CARTESIAN_POINT ( 'NONE',  ( 3.799999999999999378, -19.10000000000000142, 17.80000000000000071 ) ) ;
#2068 = CARTESIAN_POINT ( 'NONE',  ( 4.799999999999999822, -17.50000000000000000, 38.80000000000000426 ) ) ;
#2069 = ORIENTED_EDGE ( 'NONE', *, *, #284, .F. ) ;
#2070 = DIRECTION ( 'NONE',  ( 0.000000000000000000, -1.234678630588475078E-16, 1.000000000000000000 ) ) ;
#2071 = VECTOR ( 'NONE', #1300, 1000.000000000000000 ) ;
#2072 = ADVANCED_FACE ( 'NONE', ( #10321 ), #11712, .T. ) ;
#2073 = EDGE_CURVE ( 'NONE', #10963, #1408, #12139, .T. ) ;
#2074 = CARTESIAN_POINT ( 'NONE',  ( 35.80000000000000426, -17.50000000000000000, 16.79999999999999716 ) ) ;
#2075 = ORIENTED_EDGE ( 'NONE', *, *, #8024, .T. ) ;
#2076 = EDGE_CURVE ( 'NONE', #11023, #8671, #7735, .T. ) ;
#2077 = LINE ( 'NONE', #8913, #12058 ) ;
#2078 = DIRECTION ( 'NONE',  ( 0.000000000000000000, -0.000000000000000000, 1.000000000000000000 ) ) ;
#2079 = ORIENTED_EDGE ( 'NONE', *, *, #5360, .F. ) ;
#2080 = ORIENTED_EDGE ( 'NONE', *, *, #9377, .T. ) ;
#2081 = DIRECTION ( 'NONE',  ( -0.000000000000000000, 1.000000000000000000, 1.055278234055558625E-16 ) ) ;
#2082 = LINE ( 'NONE', #9268, #696 ) ;
#2083 = ORIENTED_EDGE ( 'NONE', *, *, #8974, .T. ) ;
#2084 = CYLINDRICAL_SURFACE ( 'NONE', #12133, 1.000000000000000888 ) ;
#2085 = LINE ( 'NONE', #546, #1156 ) ;
#2086 = CARTESIAN_POINT ( 'NONE',  ( 87.57157287525382117, 3.662330314989931779, -17.73999999999999488 ) ) ;
#2087 = CARTESIAN_POINT ( 'NONE',  ( -1.800000000000000266, -3.045900930049277200, 18.39936534720461481 ) ) ;
#2088 = EDGE_CURVE ( 'NONE', #9975, #10925, #6990, .T. ) ;
#2089 = ORIENTED_EDGE ( 'NONE', *, *, #4076, .T. ) ;
#2090 = CARTESIAN_POINT ( 'NONE',  ( 88.40000000000000568, -18.50000000000001776, 21.29999999999972360 ) ) ;
#2091 = ORIENTED_EDGE ( 'NONE', *, *, #7205, .F. ) ;
#2092 = VERTEX_POINT ( 'NONE', #3167 ) ;
#2093 = EDGE_CURVE ( 'NONE', #5466, #4857, #1223, .T. ) ;
#2094 = DIRECTION ( 'NONE',  ( 0.000000000000000000, 0.000000000000000000, 1.000000000000000000 ) ) ;
#2095 = ORIENTED_EDGE ( 'NONE', *, *, #5130, .T. ) ;
#2096 = CARTESIAN_POINT ( 'NONE',  ( 3.383523598628787266, -12.50108474897622557, -16.96169092391913225 ) ) ;
#2097 = DIRECTION ( 'NONE',  ( 0.000000000000000000, 0.000000000000000000, 1.000000000000000000 ) ) ;
#2098 = CARTESIAN_POINT ( 'NONE',  ( 31.80000000000000071, -19.10000000000000497, 29.80000000000000071 ) ) ;
#2099 = ORIENTED_EDGE ( 'NONE', *, *, #7491, .F. ) ;
#2100 = EDGE_CURVE ( 'NONE', #9005, #11559, #2298, .T. ) ;
#2101 = DIRECTION ( 'NONE',  ( 0.000000000000000000, -1.000000000000000000, -1.234678630588475078E-16 ) ) ;
#2102 = CARTESIAN_POINT ( 'NONE',  ( -1.800000000000000266, -17.50000000000000000, 8.799999999999995381 ) ) ;
#2103 = DIRECTION ( 'NONE',  ( 1.000000000000000000, 0.000000000000000000, 0.000000000000000000 ) ) ;
#2104 = LINE ( 'NONE', #4631, #12088 ) ;
#2105 = DIRECTION ( 'NONE',  ( 1.000000000000000000, -0.000000000000000000, -0.000000000000000000 ) ) ;
#2106 = DIRECTION ( 'NONE',  ( 0.000000000000000000, 1.678764654171103652E-15, 1.000000000000000000 ) ) ;
#2107 = VERTEX_POINT ( 'NONE', #1369 ) ;
#2108 = EDGE_LOOP ( 'NONE', ( #7164, #4643, #11617, #11539 ) ) ;
#2109 = ADVANCED_FACE ( 'NONE', ( #615 ), #315, .T. ) ;
#2110 = ORIENTED_EDGE ( 'NONE', *, *, #529, .T. ) ;
#2111 = CARTESIAN_POINT ( 'NONE',  ( -0.8000000000000001554, -6.300000000000012257, 8.599999999999999645 ) ) ;
#2112 = CARTESIAN_POINT ( 'NONE',  ( 70.60000000000000853, -19.10000000000000142, -17.73999999999999844 ) ) ;
#2113 = CARTESIAN_POINT ( 'NONE',  ( -0.2000000000000000111, -9.500000000000001776, 6.800000000000000711 ) ) ;
#2114 = LINE ( 'NONE', #4591, #9994 ) ;
#2115 = CARTESIAN_POINT ( 'NONE',  ( 3.799999999999999822, 0.000000000000000000, -1.800000000000000044 ) ) ;
#2116 = DIRECTION ( 'NONE',  ( 0.000000000000000000, -1.000000000000000000, -0.000000000000000000 ) ) ;
#2117 = EDGE_CURVE ( 'NONE', #6979, #2618, #3352, .T. ) ;
#2118 = CARTESIAN_POINT ( 'NONE',  ( 34.80000000000000426, -19.10000000000000142, 14.79999999999999361 ) ) ;
#2119 = EDGE_CURVE ( 'NONE', #10803, #3295, #752, .T. ) ;
#2120 = VERTEX_POINT ( 'NONE', #8012 ) ;
#2121 = FACE_OUTER_BOUND ( 'NONE', #12450, .T. ) ;
#2122 = CARTESIAN_POINT ( 'NONE',  ( 1.400000000000012346, -17.50000000000000000, -2.755455298081544778E-15 ) ) ;
#2123 = EDGE_LOOP ( 'NONE', ( #12103, #6018, #2750, #8013 ) ) ;
#2124 = DIRECTION ( 'NONE',  ( 1.400000000000014545E-14, 1.000000000000000000, 1.404986760216307406E-16 ) ) ;
#2125 = AXIS2_PLACEMENT_3D ( 'NONE', #2975, #8876, #4841 ) ;
#2126 = ORIENTED_EDGE ( 'NONE', *, *, #6409, .F. ) ;
#2127 = VERTEX_POINT ( 'NONE', #2237 ) ;
#2128 = CIRCLE ( 'NONE', #11818, 1.000000000000000888 ) ;
#2129 = CARTESIAN_POINT ( 'NONE',  ( -1.800000000000000266, -9.500000000000001776, 30.80000000000000071 ) ) ;
#2130 = EDGE_CURVE ( 'NONE', #8954, #4534, #12438, .T. ) ;
#2131 = CARTESIAN_POINT ( 'NONE',  ( -1.800000000000000266, 11.79999999999999893, -11.50000000000000000 ) ) ;
#2132 = CARTESIAN_POINT ( 'NONE',  ( 2.841772109376760724, -11.90577211603993035, -17.33832773376946434 ) ) ;
#2133 = AXIS2_PLACEMENT_3D ( 'NONE', #8513, #6536, #770 ) ;
#2134 = CARTESIAN_POINT ( 'NONE',  ( 3.399999999999958611, -19.09999999999999432, -1.400000000000017009 ) ) ;
#2135 = CARTESIAN_POINT ( 'NONE',  ( -1.800000000000000266, -9.500000000000001776, 40.80000000000000426 ) ) ;
#2136 = ADVANCED_FACE ( 'NONE', ( #11221 ), #11037, .F. ) ;
#2137 = ORIENTED_EDGE ( 'NONE', *, *, #1919, .T. ) ;
#2138 = ORIENTED_EDGE ( 'NONE', *, *, #5888, .T. ) ;
#2139 = FACE_OUTER_BOUND ( 'NONE', #8610, .T. ) ;
#2140 = DIRECTION ( 'NONE',  ( 0.000000000000000000, 0.000000000000000000, 1.000000000000000000 ) ) ;
#2141 = DIRECTION ( 'NONE',  ( 0.7071067811865524577, -0.7071067811865426878, 0.000000000000000000 ) ) ;
#2142 = DIRECTION ( 'NONE',  ( -1.000000000000000000, -0.000000000000000000, -0.000000000000000000 ) ) ;
#2143 = EDGE_LOOP ( 'NONE', ( #5435, #4901, #1478, #12230 ) ) ;
#2144 = VECTOR ( 'NONE', #10866, 1000.000000000000114 ) ;
#2145 = LINE ( 'NONE', #2925, #11985 ) ;
#2146 = ORIENTED_EDGE ( 'NONE', *, *, #366, .T. ) ;
#2147 = CARTESIAN_POINT ( 'NONE',  ( 14.36999999999965993, -5.209999999999904929, -1.800000000000000044 ) ) ;
#2148 = DIRECTION ( 'NONE',  ( 0.000000000000000000, 1.000000000000000000, 0.000000000000000000 ) ) ;
#2149 = EDGE_CURVE ( 'NONE', #8671, #1146, #5596, .T. ) ;
#2150 = VERTEX_POINT ( 'NONE', #2282 ) ;
#2151 = ORIENTED_EDGE ( 'NONE', *, *, #12211, .T. ) ;
#2152 = DIRECTION ( 'NONE',  ( 0.000000000000000000, 0.000000000000000000, -1.000000000000000000 ) ) ;
#2153 = CARTESIAN_POINT ( 'NONE',  ( 3.800000000000001155, -19.10000000000000142, 14.79999999999999893 ) ) ;
#2154 = DIRECTION ( 'NONE',  ( 1.000000000000000000, -0.000000000000000000, -0.000000000000000000 ) ) ;
#2155 = VERTEX_POINT ( 'NONE', #5228 ) ;
#2156 = EDGE_CURVE ( 'NONE', #9681, #5582, #6088, .T. ) ;
#2157 = CARTESIAN_POINT ( 'NONE',  ( 62.80000000000001137, -19.10000000000000497, 37.79999999999999716 ) ) ;
#2158 = VERTEX_POINT ( 'NONE', #5185 ) ;
#2159 = CIRCLE ( 'NONE', #7556, 9.999999999999998224 ) ;
#2160 = ORIENTED_EDGE ( 'NONE', *, *, #10352, .T. ) ;
#2161 = ORIENTED_EDGE ( 'NONE', *, *, #7586, .T. ) ;
#2162 = AXIS2_PLACEMENT_3D ( 'NONE', #10150, #4484, #11120 ) ;
#2163 = EDGE_LOOP ( 'NONE', ( #5366, #10348, #3097, #1024 ) ) ;
#2164 = FACE_BOUND ( 'NONE', #2233, .T. ) ;
#2165 = EDGE_CURVE ( 'NONE', #11264, #6556, #10784, .T. ) ;
#2166 = ADVANCED_FACE ( 'NONE', ( #4971, #11526 ), #1247, .F. ) ;
#2167 = EDGE_LOOP ( 'NONE', ( #10320, #5322, #1370, #6321 ) ) ;
#2168 = EDGE_CURVE ( 'NONE', #1997, #12487, #1812, .T. ) ;
#2169 = FACE_OUTER_BOUND ( 'NONE', #5875, .T. ) ;
#2170 = DIRECTION ( 'NONE',  ( -0.000000000000000000, 0.9876883405951381034, 0.1564344650402281212 ) ) ;
#2171 = CARTESIAN_POINT ( 'NONE',  ( -0.1999999999999918510, -0.1000000000000000056, -0.2000000000000000944 ) ) ;
#2172 = PLANE ( 'NONE',  #8124 ) ;
#2173 = ORIENTED_EDGE ( 'NONE', *, *, #6796, .F. ) ;
#2174 = DIRECTION ( 'NONE',  ( -0.000000000000000000, 0.000000000000000000, -1.000000000000000000 ) ) ;
#2175 = EDGE_LOOP ( 'NONE', ( #190, #7546, #2644, #11071, #8578 ) ) ;
#2176 = CARTESIAN_POINT ( 'NONE',  ( 3.800000000000000266, -19.10000000000000142, 8.799999999999998934 ) ) ;
#2177 = CARTESIAN_POINT ( 'NONE',  ( -0.2000000000000000111, -15.90000000000001101, 8.799999999999995381 ) ) ;
#2178 = VECTOR ( 'NONE', #808, 1000.000000000000000 ) ;
#2179 = CARTESIAN_POINT ( 'NONE',  ( 86.40000000000000568, -9.099999999999996092, -17.73999999999999844 ) ) ;
#2180 = CIRCLE ( 'NONE', #4052, 1.000000000000000000 ) ;
#2181 = CARTESIAN_POINT ( 'NONE',  ( 84.20000000000001705, 4.299999999999999822, -17.73999999999999844 ) ) ;
#2182 = VERTEX_POINT ( 'NONE', #4217 ) ;
#2183 = EDGE_CURVE ( 'NONE', #6016, #2368, #8462, .T. ) ;
#2184 = LINE ( 'NONE', #6998, #8065 ) ;
#2185 = ADVANCED_FACE ( 'NONE', ( #4068 ), #8199, .T. ) ;
#2186 = ORIENTED_EDGE ( 'NONE', *, *, #9955, .T. ) ;
#2187 = CARTESIAN_POINT ( 'NONE',  ( 84.20000000000001705, 10.95456884578223189, -13.47680200411624618 ) ) ;
#2188 = CARTESIAN_POINT ( 'NONE',  ( 150.7570364914818697, -0.1000000000000002554, 57.79999999999999716 ) ) ;
#2189 = EDGE_CURVE ( 'NONE', #12030, #7085, #10453, .T. ) ;
#2190 = CIRCLE ( 'NONE', #2391, 1.000000000000000888 ) ;
#2191 = ORIENTED_EDGE ( 'NONE', *, *, #3211, .T. ) ;
#2192 = DIRECTION ( 'NONE',  ( 0.000000000000000000, 0.000000000000000000, -1.000000000000000000 ) ) ;
#2193 = CARTESIAN_POINT ( 'NONE',  ( 0.1709766426716696208, -9.156873924675267062, -17.73984228883568193 ) ) ;
#2194 = VECTOR ( 'NONE', #8256, 1000.000000000000000 ) ;
#2195 = CARTESIAN_POINT ( 'NONE',  ( 28.59999999996712816, -5.150000000033543301, -1.800000000000000044 ) ) ;
#2196 = DIRECTION ( 'NONE',  ( 0.000000000000000000, 0.000000000000000000, -1.000000000000000000 ) ) ;
#2197 = ORIENTED_EDGE ( 'NONE', *, *, #4839, .T. ) ;
#2198 = CARTESIAN_POINT ( 'NONE',  ( 70.20000000000001705, 11.79999999999999716, -8.300000000000000711 ) ) ;
#2199 = DIRECTION ( 'NONE',  ( 0.000000000000000000, 0.000000000000000000, 1.000000000000000000 ) ) ;
#2200 = LINE ( 'NONE', #3801, #3670 ) ;
#2201 = CARTESIAN_POINT ( 'NONE',  ( 29.84999999996618314, -3.200000000000001510, -0.2000000000000005107 ) ) ;
#2202 = ADVANCED_FACE ( 'NONE', ( #5583 ), #12425, .F. ) ;
#2203 = AXIS2_PLACEMENT_3D ( 'NONE', #10620, #5783, #941 ) ;
#2204 = ORIENTED_EDGE ( 'NONE', *, *, #8454, .F. ) ;
#2205 = VECTOR ( 'NONE', #4271, 1000.000000000000000 ) ;
#2206 = VERTEX_POINT ( 'NONE', #10505 ) ;
#2207 = FACE_BOUND ( 'NONE', #316, .T. ) ;
#2208 = DIRECTION ( 'NONE',  ( 0.000000000000000000, 0.000000000000000000, -1.000000000000000000 ) ) ;
#2209 = CARTESIAN_POINT ( 'NONE',  ( 4.800000000000000711, -17.50000000000000000, 44.79999999999999716 ) ) ;
#2210 = ORIENTED_EDGE ( 'NONE', *, *, #2369, .F. ) ;
#2211 = EDGE_LOOP ( 'NONE', ( #5385, #2592, #10252, #1087 ) ) ;
#2212 = EDGE_CURVE ( 'NONE', #4666, #10841, #11512, .T. ) ;
#2213 = CARTESIAN_POINT ( 'NONE',  ( -1.800000000000000266, -17.50000000000000000, 40.80000000000000426 ) ) ;
#2214 = LINE ( 'NONE', #1450, #12195 ) ;
#2215 = AXIS2_PLACEMENT_3D ( 'NONE', #10448, #11506, #6592 ) ;
#2216 = CARTESIAN_POINT ( 'NONE',  ( 70.60000000000000853, 10.95456884578223189, -13.47680200411624618 ) ) ;
#2217 = EDGE_LOOP ( 'NONE', ( #6120, #12225, #7470, #4198 ) ) ;
#2218 = ORIENTED_EDGE ( 'NONE', *, *, #4419, .T. ) ;
#2219 = LINE ( 'NONE', #3803, #8378 ) ;
#2220 = ORIENTED_EDGE ( 'NONE', *, *, #12072, .F. ) ;
#2221 = VECTOR ( 'NONE', #2105, 1000.000000000000000 ) ;
#2222 = DIRECTION ( 'NONE',  ( 1.000000000000000000, 0.000000000000000000, 0.000000000000000000 ) ) ;
#2223 = CARTESIAN_POINT ( 'NONE',  ( 31.80000000000000071, -19.10000000000000853, 41.80000000000000426 ) ) ;
#2224 = LINE ( 'NONE', #9675, #11286 ) ;
#2225 = DIRECTION ( 'NONE',  ( 0.000000000000000000, 0.000000000000000000, -1.000000000000000000 ) ) ;
#2226 = DIRECTION ( 'NONE',  ( 1.400000000000000345E-14, 1.000000000000000000, -9.999999999999999988E-15 ) ) ;
#2227 = ORIENTED_EDGE ( 'NONE', *, *, #3884, .F. ) ;
#2228 = FACE_BOUND ( 'NONE', #8393, .T. ) ;
#2229 = FACE_OUTER_BOUND ( 'NONE', #4450, .T. ) ;
#2230 = EDGE_LOOP ( 'NONE', ( #6209, #10284, #10187, #9774 ) ) ;
#2231 = AXIS2_PLACEMENT_3D ( 'NONE', #11039, #6204, #5273 ) ;
#2232 = CARTESIAN_POINT ( 'NONE',  ( 86.97502827627423017, -10.23660541186258399, -17.65645327249643159 ) ) ;
#2233 = EDGE_LOOP ( 'NONE', ( #9238, #3531, #1361, #11621, #4965, #5540 ) ) ;
#2234 = DIRECTION ( 'NONE',  ( -0.000000000000000000, 1.000000000000000000, 0.000000000000000000 ) ) ;
#2235 = DIRECTION ( 'NONE',  ( 1.000000000000000000, 0.000000000000000000, 0.000000000000000000 ) ) ;
#2236 = CIRCLE ( 'NONE', #9284, 1.000000000000000888 ) ;
#2237 = CARTESIAN_POINT ( 'NONE',  ( -1.000000000000000000, -4.545900930049277200, 16.39936534720461125 ) ) ;
#2238 = CARTESIAN_POINT ( 'NONE',  ( 3.799999999999999378, 11.79999999999999893, -11.50000000000000000 ) ) ;
#2239 = DIRECTION ( 'NONE',  ( 0.000000000000000000, -1.234678630588475078E-16, 1.000000000000000000 ) ) ;
#2240 = DIRECTION ( 'NONE',  ( -1.000000000000000000, -0.000000000000000000, -0.000000000000000000 ) ) ;
#2241 = DIRECTION ( 'NONE',  ( 0.000000000000000000, 1.000000000000000000, 0.000000000000000000 ) ) ;
#2242 = VECTOR ( 'NONE', #2829, 1000.000000000000000 ) ;
#2243 = PLANE ( 'NONE',  #12194 ) ;
#2244 = ORIENTED_EDGE ( 'NONE', *, *, #557, .F. ) ;
#2245 = EDGE_LOOP ( 'NONE', ( #7525, #174, #3561, #11391, #10004 ) ) ;
#2246 = CIRCLE ( 'NONE', #5461, 1.000000000000000888 ) ;
#2247 = ORIENTED_EDGE ( 'NONE', *, *, #16, .F. ) ;
#2248 = EDGE_LOOP ( 'NONE', ( #6192, #10763, #7371, #5716 ) ) ;
#2249 = EDGE_CURVE ( 'NONE', #91, #4915, #4221, .T. ) ;
#2250 = EDGE_CURVE ( 'NONE', #7400, #5411, #9704, .T. ) ;
#2251 = ADVANCED_FACE ( 'NONE', ( #1512 ), #2732, .F. ) ;
#2252 = DIRECTION ( 'NONE',  ( 0.000000000000000000, 0.000000000000000000, -1.000000000000000000 ) ) ;
#2253 = EDGE_LOOP ( 'NONE', ( #9798, #4110, #5748, #5151, #7451 ) ) ;
#2254 = EDGE_LOOP ( 'NONE', ( #8976, #119, #3062, #9959 ) ) ;
#2255 = EDGE_LOOP ( 'NONE', ( #1828, #12229, #9004, #927 ) ) ;
#2256 = DIRECTION ( 'NONE',  ( 1.000000000000000000, 0.000000000000000000, 0.000000000000000000 ) ) ;
#2257 = FACE_OUTER_BOUND ( 'NONE', #6809, .T. ) ;
#2258 = LINE ( 'NONE', #8047, #6791 ) ;
#2259 = VECTOR ( 'NONE', #8755, 1000.000000000000000 ) ;
#2260 = CARTESIAN_POINT ( 'NONE',  ( -1.799999999999996048, -0.1000000000000000056, -0.2000000000000000944 ) ) ;
#2261 = EDGE_CURVE ( 'NONE', #5357, #9666, #5269, .T. ) ;
#2262 = DIRECTION ( 'NONE',  ( -0.000000000000000000, 1.000000000000000000, 3.001251688541188813E-16 ) ) ;
#2263 = LINE ( 'NONE', #8035, #12251 ) ;
#2264 = EDGE_CURVE ( 'NONE', #7687, #3022, #9849, .T. ) ;
#2265 = CARTESIAN_POINT ( 'NONE',  ( 1.988043667236836232, -9.468828484170833448, -17.73114727996032869 ) ) ;
#2266 = DIRECTION ( 'NONE',  ( -0.000000000000000000, 0.000000000000000000, 1.000000000000000000 ) ) ;
#2267 = DIRECTION ( 'NONE',  ( -1.000000000000000000, 0.000000000000000000, -0.000000000000000000 ) ) ;
#2268 = VERTEX_POINT ( 'NONE', #5440 ) ;
#2269 = ORIENTED_EDGE ( 'NONE', *, *, #195, .F. ) ;
#2270 = EDGE_CURVE ( 'NONE', #1960, #9786, #11683, .T. ) ;
#2271 = DIRECTION ( 'NONE',  ( -0.000000000000000000, 0.000000000000000000, 1.000000000000000000 ) ) ;
#2272 = ORIENTED_EDGE ( 'NONE', *, *, #230, .F. ) ;
#2273 = VECTOR ( 'NONE', #7853, 1000.000000000000000 ) ;
#2274 = CARTESIAN_POINT ( 'NONE',  ( 1.400000000000012346, -17.50000000000000000, -2.755455298081544778E-15 ) ) ;
#2275 = DIRECTION ( 'NONE',  ( 1.000000000000000000, 0.000000000000000000, 0.000000000000000000 ) ) ;
#2276 = VERTEX_POINT ( 'NONE', #12253 ) ;
#2277 = CYLINDRICAL_SURFACE ( 'NONE', #953, 1.999999999999998224 ) ;
#2278 = ORIENTED_EDGE ( 'NONE', *, *, #7018, .F. ) ;
#2279 = CARTESIAN_POINT ( 'NONE',  ( 62.80000000000001137, -19.09999999999999787, 18.79999999999999361 ) ) ;
#2280 = CARTESIAN_POINT ( 'NONE',  ( 1.400000000000012568, -17.50000000000000000, 22.80000000000000071 ) ) ;
#2281 = CARTESIAN_POINT ( 'NONE',  ( -1.338685381445022138, -12.38024108175375559, -17.01783929797991846 ) ) ;
#2282 = CARTESIAN_POINT ( 'NONE',  ( 63.80000000000001137, -19.10000000000000142, 17.79999999999999716 ) ) ;
#2283 = EDGE_LOOP ( 'NONE', ( #8762, #260, #1, #8491 ) ) ;
#2284 = FACE_OUTER_BOUND ( 'NONE', #900, .T. ) ;
#2285 = CARTESIAN_POINT ( 'NONE',  ( 34.80000000000000426, -19.10000000000000142, 16.79999999999999716 ) ) ;
#2286 = ORIENTED_EDGE ( 'NONE', *, *, #12523, .F. ) ;
#2287 = EDGE_CURVE ( 'NONE', #6657, #10825, #7290, .T. ) ;
#2288 = LINE ( 'NONE', #7044, #734 ) ;
#2289 = ORIENTED_EDGE ( 'NONE', *, *, #1055, .T. ) ;
#2290 = VECTOR ( 'NONE', #7180, 1000.000000000000000 ) ;
#2292 = ORIENTED_EDGE ( 'NONE', *, *, #10753, .F. ) ;
#2291 = VECTOR ( 'NONE', #2839, 1000.000000000000000 ) ;
#2293 = DIRECTION ( 'NONE',  ( 0.000000000000000000, 0.000000000000000000, 1.000000000000000000 ) ) ;
#2294 = VECTOR ( 'NONE', #7119, 1000.000000000000000 ) ;
#2295 = AXIS2_PLACEMENT_3D ( 'NONE', #9326, #6489, #9239 ) ;
#2296 = ADVANCED_FACE ( 'NONE', ( #2139 ), #12210, .F. ) ;
#2297 = ORIENTED_EDGE ( 'NONE', *, *, #1288, .F. ) ;
#2298 = LINE ( 'NONE', #6119, #5919 ) ;
#2299 = EDGE_CURVE ( 'NONE', #2735, #2343, #8934, .T. ) ;
#2300 = ORIENTED_EDGE ( 'NONE', *, *, #4154, .T. ) ;
#2301 = AXIS2_PLACEMENT_3D ( 'NONE', #5135, #4169, #10084 ) ;
#2302 = FACE_OUTER_BOUND ( 'NONE', #2478, .T. ) ;
#2303 = DIRECTION ( 'NONE',  ( -0.000000000000000000, 1.000000000000000000, 0.000000000000000000 ) ) ;
#2304 = CARTESIAN_POINT ( 'NONE',  ( 1.400000000000012568, -17.50000000000000000, 10.79999999999999716 ) ) ;
#2305 = PLANE ( 'NONE',  #2301 ) ;
#2306 = CARTESIAN_POINT ( 'NONE',  ( -0.2000000000000000111, -9.500000000000001776, 12.79999999999999893 ) ) ;
#2307 = ORIENTED_EDGE ( 'NONE', *, *, #1358, .T. ) ;
#2308 = ORIENTED_EDGE ( 'NONE', *, *, #627, .T. ) ;
#2309 = CARTESIAN_POINT ( 'NONE',  ( 19.00677727426997166, -9.494633136679889063, -1.800000000000000044 ) ) ;
#2310 = ADVANCED_FACE ( 'NONE', ( #4525 ), #8359, .F. ) ;
#2311 = DIRECTION ( 'NONE',  ( 0.000000000000000000, -1.000000000000000000, -1.234678630588475078E-16 ) ) ;
#2312 = CIRCLE ( 'NONE', #8485, 1.000000000000000888 ) ;
#2313 = VECTOR ( 'NONE', #9795, 1000.000000000000000 ) ;
#2314 = DIRECTION ( 'NONE',  ( 0.000000000000000000, -1.000000000000000000, 0.000000000000000000 ) ) ;
#2315 = DIRECTION ( 'NONE',  ( 0.7071067811865389130, 0.000000000000000000, 0.7071067811865561215 ) ) ;
#2316 = EDGE_CURVE ( 'NONE', #9703, #6228, #9395, .T. ) ;
#2317 = VECTOR ( 'NONE', #8202, 1000.000000000000000 ) ;
#2318 = ORIENTED_EDGE ( 'NONE', *, *, #7676, .T. ) ;
#2319 = CARTESIAN_POINT ( 'NONE',  ( -0.2000000000000000111, -15.90000000000001101, 4.799999999999998934 ) ) ;
#2320 = ORIENTED_EDGE ( 'NONE', *, *, #2287, .F. ) ;
#2321 = CARTESIAN_POINT ( 'NONE',  ( 86.72360322554052914, -9.929072149393935121, -17.70627889641278685 ) ) ;
#2322 = VERTEX_POINT ( 'NONE', #6440 ) ;
#2323 = VECTOR ( 'NONE', #2170, 1000.000000000000114 ) ;
#2324 = ORIENTED_EDGE ( 'NONE', *, *, #4114, .T. ) ;
#2325 = DIRECTION ( 'NONE',  ( 0.000000000000000000, 0.000000000000000000, -1.000000000000000000 ) ) ;
#2326 = AXIS2_PLACEMENT_3D ( 'NONE', #8911, #391, #276 ) ;
#2327 = EDGE_CURVE ( 'NONE', #524, #3575, #8020, .T. ) ;
#2328 = LINE ( 'NONE', #4764, #2475 ) ;
#2329 = ORIENTED_EDGE ( 'NONE', *, *, #11414, .T. ) ;
#2330 = EDGE_CURVE ( 'NONE', #5346, #9045, #5892, .T. ) ;
#2331 = LINE ( 'NONE', #3009, #2624 ) ;
#2332 = EDGE_CURVE ( 'NONE', #9974, #12316, #1049, .T. ) ;
#2333 = CIRCLE ( 'NONE', #1473, 1.000000000000000888 ) ;
#2334 = ORIENTED_EDGE ( 'NONE', *, *, #7964, .T. ) ;
#2335 = LINE ( 'NONE', #8893, #12330 ) ;
#2336 = CARTESIAN_POINT ( 'NONE',  ( 86.79999999999999716, -0.1000000000000000056, 21.29999999999972360 ) ) ;
#2337 = CARTESIAN_POINT ( 'NONE',  ( -0.8000000000000001554, -0.1000000000000002554, 3.600000000000000089 ) ) ;
#2338 = DIRECTION ( 'NONE',  ( -0.000000000000000000, 1.000000000000000000, 3.001251688541188813E-16 ) ) ;
#2339 = DIRECTION ( 'NONE',  ( -1.000000000000000000, 0.000000000000000000, 1.405126015568660742E-14 ) ) ;
#2340 = ORIENTED_EDGE ( 'NONE', *, *, #4238, .T. ) ;
#2341 = LINE ( 'NONE', #3112, #11127 ) ;
#2342 = DIRECTION ( 'NONE',  ( 1.000000000000000000, 0.000000000000000000, 0.000000000000000000 ) ) ;
#2343 = VERTEX_POINT ( 'NONE', #6706 ) ;
#2344 = VECTOR ( 'NONE', #3659, 1000.000000000000000 ) ;
#2345 = CARTESIAN_POINT ( 'NONE',  ( 87.93216588630698993, -12.36156639081348985, -17.02716536968381789 ) ) ;
#2346 = LINE ( 'NONE', #3843, #1719 ) ;
#2347 = EDGE_CURVE ( 'NONE', #7499, #11293, #7720, .T. ) ;
#2348 = ADVANCED_FACE ( 'NONE', ( #7426 ), #7753, .F. ) ;
#2349 = DIRECTION ( 'NONE',  ( 1.000000000000000000, 0.000000000000000000, -0.000000000000000000 ) ) ;
#2350 = CARTESIAN_POINT ( 'NONE',  ( 31.80000000000000071, -19.09999999999999787, 22.80000000000000071 ) ) ;
#2351 = ORIENTED_EDGE ( 'NONE', *, *, #8800, .T. ) ;
#2352 = DIRECTION ( 'NONE',  ( 0.000000000000000000, -1.000000000000000000, -0.000000000000000000 ) ) ;
#2353 = CARTESIAN_POINT ( 'NONE',  ( 63.80000000000001137, -19.10000000000000142, 25.79999999999999716 ) ) ;
#2354 = VECTOR ( 'NONE', #10264, 1000.000000000000000 ) ;
#2355 = PLANE ( 'NONE',  #12227 ) ;
#2356 = CIRCLE ( 'NONE', #6985, 1.000000000000000888 ) ;
#2357 = LINE ( 'NONE', #9752, #12346 ) ;
#2358 = DIRECTION ( 'NONE',  ( 1.000000000000000000, -1.400000000000014387E-14, -1.399999999999985673E-14 ) ) ;
#2359 = ORIENTED_EDGE ( 'NONE', *, *, #2566, .T. ) ;
#2360 = FACE_OUTER_BOUND ( 'NONE', #5333, .T. ) ;
#2361 = DIRECTION ( 'NONE',  ( 0.000000000000000000, 0.000000000000000000, -1.000000000000000000 ) ) ;
#2362 = AXIS2_PLACEMENT_3D ( 'NONE', #1819, #5562, #786 ) ;
#2363 = ORIENTED_EDGE ( 'NONE', *, *, #11920, .T. ) ;
#2364 = CIRCLE ( 'NONE', #7355, 1.000000000000000888 ) ;
#2365 = DIRECTION ( 'NONE',  ( 0.000000000000000000, -1.000000000000000000, 0.000000000000000000 ) ) ;
#2366 = ADVANCED_FACE ( 'NONE', ( #6505 ), #1825, .F. ) ;
#2367 = LINE ( 'NONE', #11708, #4599 ) ;
#2368 = VERTEX_POINT ( 'NONE', #23 ) ;
#2369 = EDGE_CURVE ( 'NONE', #4495, #5093, #1359, .T. ) ;
#2370 = AXIS2_PLACEMENT_3D ( 'NONE', #8603, #4831, #5821 ) ;
#2371 = CYLINDRICAL_SURFACE ( 'NONE', #9114, 1.000000000000000888 ) ;
#2372 = CARTESIAN_POINT ( 'NONE',  ( -0.8000000000000001554, -6.100000000000001421, 1.599999999999999867 ) ) ;
#2373 = FACE_BOUND ( 'NONE', #641, .T. ) ;
#2374 = ORIENTED_EDGE ( 'NONE', *, *, #2165, .T. ) ;
#2375 = CIRCLE ( 'NONE', #6509, 1.500000000000001332 ) ;
#2376 = CARTESIAN_POINT ( 'NONE',  ( 87.18870243490464134, -11.16985044300354879, -17.52345106211509318 ) ) ;
#2377 = ORIENTED_EDGE ( 'NONE', *, *, #6234, .F. ) ;
#2378 = DIRECTION ( 'NONE',  ( 1.000000000000000000, 0.000000000000000000, 0.000000000000000000 ) ) ;
#2379 = AXIS2_PLACEMENT_3D ( 'NONE', #744, #8665, #11514 ) ;
#2380 = VERTEX_POINT ( 'NONE', #6836 ) ;
#2381 = CARTESIAN_POINT ( 'NONE',  ( 2.150266403484458522, -9.788602246077811486, -17.70909215200109088 ) ) ;
#2382 = LINE ( 'NONE', #2389, #2828 ) ;
#2383 = CARTESIAN_POINT ( 'NONE',  ( -1.800000000000000266, -17.50000000000000000, 38.80000000000000426 ) ) ;
#2384 = VERTEX_POINT ( 'NONE', #9741 ) ;
#2385 = EDGE_LOOP ( 'NONE', ( #3082, #304, #10032, #9513 ) ) ;
#2386 = CARTESIAN_POINT ( 'NONE',  ( 150.7570364914818697, -11.30000000000000959, 57.79999999999999716 ) ) ;
#2387 = VECTOR ( 'NONE', #2621, 1000.000000000000000 ) ;
#2388 = CARTESIAN_POINT ( 'NONE',  ( 72.40000000000000568, -0.09999999999999939493, 56.79999999999999716 ) ) ;
#2389 = CARTESIAN_POINT ( 'NONE',  ( -0.8252409113012726394, -0.1000000000000000056, 6.599999999999999645 ) ) ;
#2390 = EDGE_LOOP ( 'NONE', ( #1824, #11336, #5337, #9945 ) ) ;
#2391 = AXIS2_PLACEMENT_3D ( 'NONE', #7956, #7046, #11825 ) ;
#2392 = CARTESIAN_POINT ( 'NONE',  ( 87.88083942463059373, -13.52733843144876857, -16.70741543730408907 ) ) ;
#2393 = VECTOR ( 'NONE', #1461, 1000.000000000000000 ) ;
#2394 = CARTESIAN_POINT ( 'NONE',  ( -0.2000000000000000111, -2.449999999999728839, 12.27259155458886397 ) ) ;
#2395 = CARTESIAN_POINT ( 'NONE',  ( 87.41625437473170734, -11.15234466733766716, -17.46257822796212267 ) ) ;
#2396 = ORIENTED_EDGE ( 'NONE', *, *, #7747, .F. ) ;
#2397 = ORIENTED_EDGE ( 'NONE', *, *, #922, .T. ) ;
#2398 = FACE_OUTER_BOUND ( 'NONE', #7742, .T. ) ;
#2399 = DIRECTION ( 'NONE',  ( 1.000000000000000000, 0.000000000000000000, 0.000000000000000000 ) ) ;
#2400 = ORIENTED_EDGE ( 'NONE', *, *, #10338, .T. ) ;
#2401 = FACE_OUTER_BOUND ( 'NONE', #8649, .T. ) ;
#2402 = PLANE ( 'NONE',  #7393 ) ;
#2403 = CARTESIAN_POINT ( 'NONE',  ( 16.26999999999954483, -3.309999999999920561, -1.189999999999573399 ) ) ;
#2404 = DIRECTION ( 'NONE',  ( 0.000000000000000000, 1.000000000000000000, 4.065758146820641628E-18 ) ) ;
#2405 = CARTESIAN_POINT ( 'NONE',  ( -0.2000000000000000111, -4.545900930049273647, -9.857351328526586984E-16 ) ) ;
#2406 = CARTESIAN_POINT ( 'NONE',  ( 82.40000000000000568, -0.09999999999999882594, 56.84969335805276103 ) ) ;
#2407 = CIRCLE ( 'NONE', #4855, 1.000000000000000888 ) ;
#2408 = AXIS2_PLACEMENT_3D ( 'NONE', #9234, #8414, #12126 ) ;
#2409 = ORIENTED_EDGE ( 'NONE', *, *, #10921, .F. ) ;
#2410 = EDGE_LOOP ( 'NONE', ( #2623, #10235, #2656, #4930 ) ) ;
#2411 = EDGE_CURVE ( 'NONE', #3587, #3296, #5744, .T. ) ;
#2412 = CARTESIAN_POINT ( 'NONE',  ( 87.62573270904599099, -12.49746499043202519, -17.14597114140268985 ) ) ;
#2413 = ORIENTED_EDGE ( 'NONE', *, *, #7105, .F. ) ;
#2414 = EDGE_CURVE ( 'NONE', #5098, #9242, #12410, .T. ) ;
#2415 = VECTOR ( 'NONE', #12506, 1000.000000000000000 ) ;
#2416 = PLANE ( 'NONE',  #2874 ) ;
#2417 = CARTESIAN_POINT ( 'NONE',  ( 71.04469725975638994, -13.98688329602303426, -16.46459728047803139 ) ) ;
#2418 = EDGE_LOOP ( 'NONE', ( #6601, #11511, #10047, #4175 ) ) ;
#2419 = ADVANCED_FACE ( 'NONE', ( #2432 ), #8674, .F. ) ;
#2420 = CARTESIAN_POINT ( 'NONE',  ( 4.199999999999995737, -0.09999999999999939493, 56.79999999999999716 ) ) ;
#2421 = ORIENTED_EDGE ( 'NONE', *, *, #2347, .F. ) ;
#2422 = FACE_OUTER_BOUND ( 'NONE', #4160, .T. ) ;
#2423 = ORIENTED_EDGE ( 'NONE', *, *, #8059, .T. ) ;
#2424 = EDGE_CURVE ( 'NONE', #9477, #8028, #2888, .T. ) ;
#2425 = LINE ( 'NONE', #10359, #6959 ) ;
#2426 = CARTESIAN_POINT ( 'NONE',  ( 87.42882542736529672, -11.86632300543551644, -17.34976903510460744 ) ) ;
#2427 = VECTOR ( 'NONE', #4216, 1000.000000000000000 ) ;
#2428 =( GEOMETRIC_REPRESENTATION_CONTEXT ( 3 ) GLOBAL_UNCERTAINTY_ASSIGNED_CONTEXT ( ( #11000 ) ) GLOBAL_UNIT_ASSIGNED_CONTEXT ( ( #8216, #8254, #6412 ) ) REPRESENTATION_CONTEXT ( 'NONE', 'WORKASPACE' ) );
#2429 = AXIS2_PLACEMENT_3D ( 'NONE', #11090, #2378, #1516 ) ;
#2430 = CARTESIAN_POINT ( 'NONE',  ( 3.800000000000000711, -17.50000000000000000, 9.799999999999997158 ) ) ;
#2431 = ORIENTED_EDGE ( 'NONE', *, *, #3014, .T. ) ;
#2432 = FACE_OUTER_BOUND ( 'NONE', #6525, .T. ) ;
#2433 = DIRECTION ( 'NONE',  ( 0.000000000000000000, 0.000000000000000000, 1.000000000000000000 ) ) ;
#2434 = CARTESIAN_POINT ( 'NONE',  ( 35.80000000000000426, -19.09999999999999787, 9.799999999999995381 ) ) ;
#2435 = VERTEX_POINT ( 'NONE', #4690 ) ;
#2436 = VERTEX_POINT ( 'NONE', #9658 ) ;
#2437 = CIRCLE ( 'NONE', #3838, 2.000000000000001776 ) ;
#2438 = ORIENTED_EDGE ( 'NONE', *, *, #4333, .T. ) ;
#2439 = ADVANCED_FACE ( 'NONE', ( #12278 ), #8714, .F. ) ;
#2440 = CARTESIAN_POINT ( 'NONE',  ( 88.00000000000001421, -14.62770798392567251, -16.07333333333332348 ) ) ;
#2441 = FACE_OUTER_BOUND ( 'NONE', #3997, .T. ) ;
#2442 = DIRECTION ( 'NONE',  ( 0.000000000000000000, 1.000000000000000000, 0.000000000000000000 ) ) ;
#2443 = CARTESIAN_POINT ( 'NONE',  ( 62.80000000000001137, -17.50000000000000355, 36.79999999999999716 ) ) ;
#2444 = VERTEX_POINT ( 'NONE', #3894 ) ;
#2445 = CARTESIAN_POINT ( 'NONE',  ( 66.40000000000000568, -3.200000000000000622, -0.7999999999999999334 ) ) ;
#2447 = VERTEX_POINT ( 'NONE', #920 ) ;
#2446 = VECTOR ( 'NONE', #4884, 1000.000000000000000 ) ;
#2448 = EDGE_CURVE ( 'NONE', #6657, #4495, #4208, .T. ) ;
#2449 = VERTEX_POINT ( 'NONE', #2810 ) ;
#2450 = AXIS2_PLACEMENT_3D ( 'NONE', #6187, #10082, #4247 ) ;
#2451 = CARTESIAN_POINT ( 'NONE',  ( 86.90510872227964967, -10.40243263844851107, -17.65553839282127058 ) ) ;
#2452 = CARTESIAN_POINT ( 'NONE',  ( -0.2000000000000000111, -0.1000000000000000056, 0.000000000000000000 ) ) ;
#2453 = ORIENTED_EDGE ( 'NONE', *, *, #8900, .F. ) ;
#2454 = DIRECTION ( 'NONE',  ( -1.000000000000000000, -0.000000000000000000, -0.000000000000000000 ) ) ;
#2455 = CARTESIAN_POINT ( 'NONE',  ( 6.129999999999543370, -3.309999999999784226, -1.189999999999431290 ) ) ;
#2456 = ORIENTED_EDGE ( 'NONE', *, *, #11378, .T. ) ;
#2457 = VERTEX_POINT ( 'NONE', #5709 ) ;
#2458 = DIRECTION ( 'NONE',  ( 0.000000000000000000, 0.000000000000000000, -1.000000000000000000 ) ) ;
#2459 = AXIS2_PLACEMENT_3D ( 'NONE', #1935, #5725, #9978 ) ;
#2460 = ORIENTED_EDGE ( 'NONE', *, *, #8295, .T. ) ;
#2461 = DIRECTION ( 'NONE',  ( 1.000000000000000000, 0.000000000000000000, -0.000000000000000000 ) ) ;
#2462 = CARTESIAN_POINT ( 'NONE',  ( 86.40000000000000568, -9.099999999999996092, -17.73999999999999844 ) ) ;
#2463 = AXIS2_PLACEMENT_3D ( 'NONE', #3665, #11417, #11377 ) ;
#2464 = ORIENTED_EDGE ( 'NONE', *, *, #6130, .T. ) ;
#2465 = PLANE ( 'NONE',  #2450 ) ;
#2466 = DIRECTION ( 'NONE',  ( 0.000000000000000000, -2.981555974335137194E-16, 1.000000000000000000 ) ) ;
#2467 = ORIENTED_EDGE ( 'NONE', *, *, #5076, .F. ) ;
#2468 = LINE ( 'NONE', #1072, #3786 ) ;
#2469 = EDGE_LOOP ( 'NONE', ( #530, #4777, #4428, #1597 ) ) ;
#2470 = EDGE_LOOP ( 'NONE', ( #9363, #8738, #12127, #8874 ) ) ;
#2471 = FACE_OUTER_BOUND ( 'NONE', #6125, .T. ) ;
#2472 = DIRECTION ( 'NONE',  ( -0.7071067811865440200, -0.7071067811865511255, 0.000000000000000000 ) ) ;
#2473 = DIRECTION ( 'NONE',  ( 0.000000000000000000, -1.000000000000000000, -0.000000000000000000 ) ) ;
#2474 = ADVANCED_FACE ( 'NONE', ( #7277 ), #12109, .F. ) ;
#2475 = VECTOR ( 'NONE', #7378, 1000.000000000000000 ) ;
#2476 = PLANE ( 'NONE',  #3108 ) ;
#2477 = DIRECTION ( 'NONE',  ( 0.000000000000000000, -1.000000000000000000, 0.000000000000000000 ) ) ;
#2478 = EDGE_LOOP ( 'NONE', ( #11572, #10286, #12510, #1544 ) ) ;
#2479 = VECTOR ( 'NONE', #4933, 1000.000000000000000 ) ;
#2480 = EDGE_CURVE ( 'NONE', #10798, #3494, #4509, .T. ) ;
#2481 = DIRECTION ( 'NONE',  ( -0.000000000000000000, 1.000000000000000000, 0.000000000000000000 ) ) ;
#2482 = FACE_OUTER_BOUND ( 'NONE', #196, .T. ) ;
#2483 = DIRECTION ( 'NONE',  ( -0.000000000000000000, 0.000000000000000000, 1.000000000000000000 ) ) ;
#2484 = EDGE_CURVE ( 'NONE', #8792, #5404, #10440, .T. ) ;
#2485 = EDGE_LOOP ( 'NONE', ( #3430, #6811, #6512, #10654, #9330, #3904 ) ) ;
#2486 = CARTESIAN_POINT ( 'NONE',  ( 34.80000000000000426, -17.50000000000000000, 30.79999999999999361 ) ) ;
#2487 = DIRECTION ( 'NONE',  ( 0.000000000000000000, 0.000000000000000000, 1.000000000000000000 ) ) ;
#2488 = CARTESIAN_POINT ( 'NONE',  ( 86.41155790977676077, -9.129490619514216476, -17.74000023431014839 ) ) ;
#2489 = ORIENTED_EDGE ( 'NONE', *, *, #11987, .F. ) ;
#2490 = VERTEX_POINT ( 'NONE', #2858 ) ;
#2491 = LINE ( 'NONE', #9207, #347 ) ;
#2492 = FACE_OUTER_BOUND ( 'NONE', #9889, .T. ) ;
#2493 = DIRECTION ( 'NONE',  ( 0.000000000000000000, 0.000000000000000000, -1.000000000000000000 ) ) ;
#2494 = EDGE_CURVE ( 'NONE', #2127, #4532, #6823, .T. ) ;
#2495 = CARTESIAN_POINT ( 'NONE',  ( 71.26110703051138273, -12.90927128285454728, -16.98625956015351335 ) ) ;
#2496 = ORIENTED_EDGE ( 'NONE', *, *, #3805, .T. ) ;
#2497 = AXIS2_PLACEMENT_3D ( 'NONE', #8172, #9232, #6350 ) ;
#2498 = EDGE_CURVE ( 'NONE', #2092, #11561, #2288, .T. ) ;
#2499 = CARTESIAN_POINT ( 'NONE',  ( 70.60000000000000853, -14.40659966456862406, -15.73999999999999666 ) ) ;
#2500 = EDGE_CURVE ( 'NONE', #7494, #12017, #6059, .T. ) ;
#2501 = ORIENTED_EDGE ( 'NONE', *, *, #1183, .T. ) ;
#2502 = EDGE_CURVE ( 'NONE', #12556, #5921, #5878, .T. ) ;
#2503 = FACE_OUTER_BOUND ( 'NONE', #5870, .T. ) ;
#2504 = PLANE ( 'NONE',  #6448 ) ;
#2505 = CARTESIAN_POINT ( 'NONE',  ( 86.87322934067383073, -10.31877794798706738, -17.66576191310771193 ) ) ;
#2506 = VERTEX_POINT ( 'NONE', #7998 ) ;
#2507 = EDGE_LOOP ( 'NONE', ( #8662, #4996, #9453, #1973 ) ) ;
#2508 = DIRECTION ( 'NONE',  ( 0.000000000000000000, 0.000000000000000000, -1.000000000000000000 ) ) ;
#2509 = VERTEX_POINT ( 'NONE', #9967 ) ;
#2510 = EDGE_LOOP ( 'NONE', ( #2083, #10756, #4956, #857, #9631 ) ) ;
#2511 = FACE_OUTER_BOUND ( 'NONE', #12023, .T. ) ;
#2512 = DIRECTION ( 'NONE',  ( -0.000000000000000000, 1.000000000000000000, -0.000000000000000000 ) ) ;
#2513 = VECTOR ( 'NONE', #4566, 1000.000000000000000 ) ;
#2514 = PLANE ( 'NONE',  #3509 ) ;
#2515 = EDGE_CURVE ( 'NONE', #570, #1389, #8010, .T. ) ;
#2516 = CARTESIAN_POINT ( 'NONE',  ( 87.89340296088030868, -12.26078596484077465, -17.07185415526703665 ) ) ;
#2517 = EDGE_CURVE ( 'NONE', #3015, #10933, #8288, .T. ) ;
#2518 = CARTESIAN_POINT ( 'NONE',  ( 70.59999999999999432, 8.379798566743366095, -2.103073792140897513 ) ) ;
#2519 = CARTESIAN_POINT ( 'NONE',  ( 35.80000000000000426, -19.10000000000000142, 25.79999999999999716 ) ) ;
#2520 = AXIS2_PLACEMENT_3D ( 'NONE', #10071, #11045, #6207 ) ;
#2521 = ORIENTED_EDGE ( 'NONE', *, *, #5966, .F. ) ;
#2522 = VECTOR ( 'NONE', #3914, 1000.000000000000114 ) ;
#2523 = EDGE_LOOP ( 'NONE', ( #1558, #3813, #10633, #9622, #1008, #1061 ) ) ;
#2524 = CARTESIAN_POINT ( 'NONE',  ( 71.17977418912008147, -13.24335474665553747, -16.84145960310357637 ) ) ;
#2525 = DIRECTION ( 'NONE',  ( 0.000000000000000000, 0.000000000000000000, -1.000000000000000000 ) ) ;
#2526 = ORIENTED_EDGE ( 'NONE', *, *, #1482, .T. ) ;
#2527 = VERTEX_POINT ( 'NONE', #8935 ) ;
#2528 = ORIENTED_EDGE ( 'NONE', *, *, #6046, .T. ) ;
#2529 = DIRECTION ( 'NONE',  ( 0.000000000000000000, -1.466789861310716348E-16, 1.000000000000000000 ) ) ;
#2530 = AXIS2_PLACEMENT_3D ( 'NONE', #835, #10677, #7751 ) ;
#2531 = CARTESIAN_POINT ( 'NONE',  ( 3.338977896318539251, -13.86318290930057096, -16.53364112356641158 ) ) ;
#2532 = AXIS2_PLACEMENT_3D ( 'NONE', #2885, #4999, #11639 ) ;
#2533 = CARTESIAN_POINT ( 'NONE',  ( 70.60000000000000853, 9.254415587728425763, -15.17695526217005941 ) ) ;
#2534 = VERTEX_POINT ( 'NONE', #10774 ) ;
#2535 = CARTESIAN_POINT ( 'NONE',  ( 72.17345455012457478, -10.19667295518157069, -17.67969552328224481 ) ) ;
#2536 = ORIENTED_EDGE ( 'NONE', *, *, #9191, .F. ) ;
#2537 = ORIENTED_EDGE ( 'NONE', *, *, #9084, .T. ) ;
#2538 = AXIS2_PLACEMENT_3D ( 'NONE', #10213, #470, #635 ) ;
#2539 = ORIENTED_EDGE ( 'NONE', *, *, #3844, .T. ) ;
#2540 = PLANE ( 'NONE',  #9999 ) ;
#2541 = LINE ( 'NONE', #10970, #11312 ) ;
#2542 = CARTESIAN_POINT ( 'NONE',  ( 1.400000000000012346, -17.50000000000000000, 12.79999999999999893 ) ) ;
#2543 = FACE_OUTER_BOUND ( 'NONE', #12228, .T. ) ;
#2544 = ORIENTED_EDGE ( 'NONE', *, *, #11458, .F. ) ;
#2545 = ORIENTED_EDGE ( 'NONE', *, *, #460, .F. ) ;
#2546 = VECTOR ( 'NONE', #8700, 1000.000000000000000 ) ;
#2547 = VERTEX_POINT ( 'NONE', #5058 ) ;
#2548 = EDGE_CURVE ( 'NONE', #11193, #7857, #6242, .T. ) ;
#2549 = LINE ( 'NONE', #2643, #12547 ) ;
#2550 = FACE_OUTER_BOUND ( 'NONE', #3306, .T. ) ;
#2551 = ADVANCED_FACE ( 'NONE', ( #10751 ), #9827, .T. ) ;
#2552 = EDGE_CURVE ( 'NONE', #8090, #7818, #5733, .T. ) ;
#2553 = CARTESIAN_POINT ( 'NONE',  ( 87.99409294482138932, -12.53013266105562984, -16.94786728752432126 ) ) ;
#2554 = ORIENTED_EDGE ( 'NONE', *, *, #12215, .T. ) ;
#2555 = CARTESIAN_POINT ( 'NONE',  ( -1.800000000000000266, -9.500000000000001776, 26.80000000000000071 ) ) ;
#2556 = ORIENTED_EDGE ( 'NONE', *, *, #10837, .F. ) ;
#2557 = ORIENTED_EDGE ( 'NONE', *, *, #9244, .T. ) ;
#2558 = DIRECTION ( 'NONE',  ( 0.7071067811865474617, 0.7071067811865474617, 0.000000000000000000 ) ) ;
#2559 = ORIENTED_EDGE ( 'NONE', *, *, #479, .T. ) ;
#2560 = VECTOR ( 'NONE', #216, 1000.000000000000114 ) ;
#2561 = CARTESIAN_POINT ( 'NONE',  ( 81.00000000000000000, 11.79999999999999893, -11.50000000000000000 ) ) ;
#2562 = ORIENTED_EDGE ( 'NONE', *, *, #8702, .F. ) ;
#2563 = DIRECTION ( 'NONE',  ( -1.000000000000000000, -0.000000000000000000, -0.000000000000000000 ) ) ;
#2564 = AXIS2_PLACEMENT_3D ( 'NONE', #5301, #12492, #10714 ) ;
#2565 = ADVANCED_FACE ( 'NONE', ( #9218 ), #1143, .F. ) ;
#2566 = EDGE_CURVE ( 'NONE', #11890, #11585, #11653, .T. ) ;
#2567 = ORIENTED_EDGE ( 'NONE', *, *, #12273, .T. ) ;
#2568 = CARTESIAN_POINT ( 'NONE',  ( 3.524631317420905852, -12.91256977724733446, -16.75333907198421102 ) ) ;
#2569 = DIRECTION ( 'NONE',  ( 0.000000000000000000, -0.000000000000000000, 1.000000000000000000 ) ) ;
#2570 = ORIENTED_EDGE ( 'NONE', *, *, #11182, .T. ) ;
#2571 = EDGE_CURVE ( 'NONE', #7271, #11193, #6815, .T. ) ;
#2572 = FACE_OUTER_BOUND ( 'NONE', #3012, .T. ) ;
#2573 = DIRECTION ( 'NONE',  ( 0.000000000000000000, -0.7071067811865459074, -0.7071067811865491270 ) ) ;
#2574 = ORIENTED_EDGE ( 'NONE', *, *, #9472, .T. ) ;
#2575 = CARTESIAN_POINT ( 'NONE',  ( 31.79999999999999361, -17.50000000000000000, 44.79999999999999716 ) ) ;
#2576 = CARTESIAN_POINT ( 'NONE',  ( 3.703543022247728800, 15.69064133224484436, -16.37271039624563684 ) ) ;
#2577 = ORIENTED_EDGE ( 'NONE', *, *, #353, .T. ) ;
#2578 = PLANE ( 'NONE',  #11329 ) ;
#2579 = LINE ( 'NONE', #3830, #11515 ) ;
#2580 = LINE ( 'NONE', #10414, #9085 ) ;
#2581 = CARTESIAN_POINT ( 'NONE',  ( 3.800000000000001155, -19.10000000000000142, 12.79999999999999893 ) ) ;
#2582 = EDGE_CURVE ( 'NONE', #9535, #10750, #11499, .T. ) ;
#2583 = DIRECTION ( 'NONE',  ( 0.000000000000000000, 0.000000000000000000, -1.000000000000000000 ) ) ;
#2584 = ORIENTED_EDGE ( 'NONE', *, *, #4922, .T. ) ;
#2585 = ORIENTED_EDGE ( 'NONE', *, *, #5091, .T. ) ;
#2586 = CARTESIAN_POINT ( 'NONE',  ( 35.80000000000000426, -19.10000000000000853, 40.79999999999999716 ) ) ;
#2587 = ORIENTED_EDGE ( 'NONE', *, *, #9310, .F. ) ;
#2588 = CARTESIAN_POINT ( 'NONE',  ( 62.80000000000001137, -17.50000000000000711, 41.79999999999999005 ) ) ;
#2589 = PLANE ( 'NONE',  #6848 ) ;
#2590 = CARTESIAN_POINT ( 'NONE',  ( 59.79999999999999716, -19.10000000000000142, 49.29999999999999716 ) ) ;
#2591 = AXIS2_PLACEMENT_3D ( 'NONE', #317, #10020, #7106 ) ;
#2592 = ORIENTED_EDGE ( 'NONE', *, *, #6820, .T. ) ;
#2593 = CARTESIAN_POINT ( 'NONE',  ( 86.79999999999999716, -17.50000000000000000, -2.755455298081544778E-15 ) ) ;
#2594 = ORIENTED_EDGE ( 'NONE', *, *, #2807, .T. ) ;
#2595 = CARTESIAN_POINT ( 'NONE',  ( 110.2009174118888950, 11.80000000000007709, -0.1999999999999984290 ) ) ;
#2596 = EDGE_CURVE ( 'NONE', #1702, #5225, #6495, .T. ) ;
#2597 = VECTOR ( 'NONE', #9544, 1000.000000000000000 ) ;
#2598 = ORIENTED_EDGE ( 'NONE', *, *, #6096, .T. ) ;
#2599 = LINE ( 'NONE', #3047, #2313 ) ;
#2600 = CARTESIAN_POINT ( 'NONE',  ( 3.701678938540192476, -13.56572536450169864, -16.36367032937571864 ) ) ;
#2601 = CARTESIAN_POINT ( 'NONE',  ( -0.8664704349325553778, -11.98173982089097223, -17.31579372133049333 ) ) ;
#2602 = DIRECTION ( 'NONE',  ( 0.000000000000000000, -1.000000000000000000, -1.234678630588475078E-16 ) ) ;
#2603 = CARTESIAN_POINT ( 'NONE',  ( -0.2000000000000000111, -15.90000000000003233, 56.20000000000000284 ) ) ;
#2604 = LINE ( 'NONE', #41, #11242 ) ;
#2605 = CARTESIAN_POINT ( 'NONE',  ( 86.79999999999999716, -0.1000000000000000056, 36.89999999999971436 ) ) ;
#2606 = ADVANCED_FACE ( 'NONE', ( #3316 ), #2305, .F. ) ;
#2607 = ORIENTED_EDGE ( 'NONE', *, *, #4146, .F. ) ;
#2608 = CARTESIAN_POINT ( 'NONE',  ( 34.80000000000000426, -19.10000000000000142, 6.799999999999999822 ) ) ;
#2609 = ORIENTED_EDGE ( 'NONE', *, *, #1513, .F. ) ;
#2610 = LINE ( 'NONE', #3882, #6709 ) ;
#2611 = ORIENTED_EDGE ( 'NONE', *, *, #1441, .F. ) ;
#2612 = CARTESIAN_POINT ( 'NONE',  ( 34.80000000000000426, -19.10000000000000142, 20.79999999999999716 ) ) ;
#2613 = CARTESIAN_POINT ( 'NONE',  ( 62.80000000000001137, -19.10000000000000142, 21.79999999999999716 ) ) ;
#2614 = ORIENTED_EDGE ( 'NONE', *, *, #4143, .F. ) ;
#2615 = VERTEX_POINT ( 'NONE', #9172 ) ;
#2616 = EDGE_LOOP ( 'NONE', ( #2539, #5961, #2421, #5088 ) ) ;
#2617 = CARTESIAN_POINT ( 'NONE',  ( 87.94075316290511068, -13.88105386459800705, -16.52311687865017120 ) ) ;
#2618 = VERTEX_POINT ( 'NONE', #6153 ) ;
#2619 = DIRECTION ( 'NONE',  ( 0.000000000000000000, -1.000000000000000000, 0.000000000000000000 ) ) ;
#2620 = ADVANCED_FACE ( 'NONE', ( #7123 ), #6653, .F. ) ;
#2621 = DIRECTION ( 'NONE',  ( -1.000000000000000000, 0.000000000000000000, 0.000000000000000000 ) ) ;
#2622 = DIRECTION ( 'NONE',  ( 0.000000000000000000, 0.000000000000000000, 1.000000000000000000 ) ) ;
#2623 = ORIENTED_EDGE ( 'NONE', *, *, #2424, .F. ) ;
#2624 = VECTOR ( 'NONE', #9754, 1000.000000000000000 ) ;
#2625 = LINE ( 'NONE', #10146, #8060 ) ;
#2626 = EDGE_LOOP ( 'NONE', ( #9092, #9058, #2220, #7776 ) ) ;
#2627 = VECTOR ( 'NONE', #8849, 1000.000000000000000 ) ;
#2628 = CARTESIAN_POINT ( 'NONE',  ( -0.2000000000000000111, -1.649999999999729239, 14.32740920835357379 ) ) ;
#2629 = CARTESIAN_POINT ( 'NONE',  ( 68.40000000000000568, -13.20000000000000107, -0.7999999999999999334 ) ) ;
#2630 = CARTESIAN_POINT ( 'NONE',  ( 35.80000000000000426, -17.50000000000000355, 25.79999999999999361 ) ) ;
#2631 = EDGE_CURVE ( 'NONE', #289, #8746, #3755, .T. ) ;
#2632 = ORIENTED_EDGE ( 'NONE', *, *, #11255, .T. ) ;
#2633 = CARTESIAN_POINT ( 'NONE',  ( 4.800000000000001599, -19.10000000000000142, 41.80000000000000426 ) ) ;
#2634 = VECTOR ( 'NONE', #11614, 1000.000000000000000 ) ;
#2635 = CARTESIAN_POINT ( 'NONE',  ( 56.39999999999999858, -3.200000000000003286, -0.8496933580527809005 ) ) ;
#2636 = ORIENTED_EDGE ( 'NONE', *, *, #8634, .F. ) ;
#2637 = LINE ( 'NONE', #4077, #10979 ) ;
#2638 = EDGE_CURVE ( 'NONE', #4564, #8659, #12570, .T. ) ;
#2639 = CARTESIAN_POINT ( 'NONE',  ( 35.80000000000000426, -17.50000000000000000, 10.79999999999999716 ) ) ;
#2640 = EDGE_LOOP ( 'NONE', ( #7959, #308, #7865, #5735 ) ) ;
#2641 = DIRECTION ( 'NONE',  ( 0.000000000000000000, -1.000000000000000000, 0.000000000000000000 ) ) ;
#2642 = CARTESIAN_POINT ( 'NONE',  ( 2.705190785374005369, -10.91508861040930078, -17.52442738495856034 ) ) ;
#2643 = CARTESIAN_POINT ( 'NONE',  ( 36.39999999994491731, -5.150000000033642777, -0.9999999999998352429 ) ) ;
#2644 = ORIENTED_EDGE ( 'NONE', *, *, #779, .T. ) ;
#2645 = VECTOR ( 'NONE', #11314, 1000.000000000000000 ) ;
#2646 = CARTESIAN_POINT ( 'NONE',  ( 32.80000000000000426, -19.10000000000000142, 21.80000000000000071 ) ) ;
#2647 = VECTOR ( 'NONE', #7297, 1000.000000000000000 ) ;
#2648 = EDGE_CURVE ( 'NONE', #6349, #9886, #7707, .T. ) ;
#2649 = CARTESIAN_POINT ( 'NONE',  ( -1.000000000000000000, -1.545900930049276534, 16.39936534720461125 ) ) ;
#2650 = STYLED_ITEM ( 'NONE', ( #7811 ), #7430 ) ;
#2651 = ORIENTED_EDGE ( 'NONE', *, *, #6800, .T. ) ;
#2652 = CARTESIAN_POINT ( 'NONE',  ( 2.366722139184446405, 12.80385330811659195, -17.66154610626687571 ) ) ;
#2653 = EDGE_CURVE ( 'NONE', #570, #11302, #5108, .T. ) ;
#2654 = CARTESIAN_POINT ( 'NONE',  ( 4.800000000000000711, -17.50000000000000000, 9.799999999999998934 ) ) ;
#2655 = EDGE_CURVE ( 'NONE', #7280, #9769, #588, .T. ) ;
#2656 = ORIENTED_EDGE ( 'NONE', *, *, #1463, .T. ) ;
#2657 = VECTOR ( 'NONE', #9985, 1000.000000000000000 ) ;
#2658 = CARTESIAN_POINT ( 'NONE',  ( 87.95163625694844711, -13.95910101252591851, -16.48010405988876315 ) ) ;
#2659 = LINE ( 'NONE', #3536, #3124 ) ;
#2660 = VECTOR ( 'NONE', #2898, 1000.000000000000114 ) ;
#2661 = VERTEX_POINT ( 'NONE', #10045 ) ;
#2662 = ORIENTED_EDGE ( 'NONE', *, *, #5338, .T. ) ;
#2663 = DIRECTION ( 'NONE',  ( 1.000000000000000000, 0.000000000000000000, 0.000000000000000000 ) ) ;
#2664 = VERTEX_POINT ( 'NONE', #12066 ) ;
#2665 = LINE ( 'NONE', #5160, #2071 ) ;
#2666 = DIRECTION ( 'NONE',  ( 0.000000000000000000, 0.000000000000000000, -1.000000000000000000 ) ) ;
#2667 = LINE ( 'NONE', #8822, #8557 ) ;
#2668 = DIRECTION ( 'NONE',  ( 1.000000000000000000, 0.000000000000000000, -0.000000000000000000 ) ) ;
#2669 = VERTEX_POINT ( 'NONE', #7169 ) ;
#2670 = ORIENTED_EDGE ( 'NONE', *, *, #742, .T. ) ;
#2671 = EDGE_CURVE ( 'NONE', #6175, #1628, #2862, .T. ) ;
#2672 = VECTOR ( 'NONE', #9174, 1000.000000000000000 ) ;
#2673 = CARTESIAN_POINT ( 'NONE',  ( 31.80000000000000071, -17.50000000000000355, 37.79999999999999716 ) ) ;
#2674 = ORIENTED_EDGE ( 'NONE', *, *, #7284, .T. ) ;
#2675 = LINE ( 'NONE', #10450, #4469 ) ;
#2676 = DIRECTION ( 'NONE',  ( -1.000000000000000000, -0.000000000000000000, -0.000000000000000000 ) ) ;
#2677 = FACE_OUTER_BOUND ( 'NONE', #9558, .T. ) ;
#2678 = CARTESIAN_POINT ( 'NONE',  ( 62.80000000000001137, -17.50000000000000000, 36.79999999999999716 ) ) ;
#2679 = CARTESIAN_POINT ( 'NONE',  ( 3.799999999999999378, -17.50000000000000000, 30.80000000000000071 ) ) ;
#2680 = CARTESIAN_POINT ( 'NONE',  ( 71.96213064074505894, -10.75610976735362279, -17.60263187453054101 ) ) ;
#2681 = CARTESIAN_POINT ( 'NONE',  ( 0.1431498244234070683, 11.90009519115777614, -17.74000000000000199 ) ) ;
#2682 = ORIENTED_EDGE ( 'NONE', *, *, #10753, .T. ) ;
#2683 = AXIS2_PLACEMENT_3D ( 'NONE', #12518, #8694, #9722 ) ;
#2684 = ORIENTED_EDGE ( 'NONE', *, *, #1166, .F. ) ;
#2685 = CARTESIAN_POINT ( 'NONE',  ( 3.622453900935083571, -13.24168496857636157, -16.56682894894364111 ) ) ;
#2686 = VERTEX_POINT ( 'NONE', #6111 ) ;
#2687 = LINE ( 'NONE', #7050, #120 ) ;
#2688 = AXIS2_PLACEMENT_3D ( 'NONE', #1138, #7946, #9912 ) ;
#2689 = ORIENTED_EDGE ( 'NONE', *, *, #2270, .F. ) ;
#2690 = CARTESIAN_POINT ( 'NONE',  ( -1.361004062395267500, -14.03204843566673254, -16.43914803120594925 ) ) ;
#2691 = CARTESIAN_POINT ( 'NONE',  ( 2.199999999999993516, -0.1000000000000002415, 57.79999999999999716 ) ) ;
#2692 = DIRECTION ( 'NONE',  ( -0.000000000000000000, 1.000000000000000000, 3.001251688541188813E-16 ) ) ;
#2693 = CARTESIAN_POINT ( 'NONE',  ( 3.800000000000001155, -19.10000000000000142, 42.79999999999999716 ) ) ;
#2694 = ORIENTED_EDGE ( 'NONE', *, *, #9489, .F. ) ;
#2695 = ORIENTED_EDGE ( 'NONE', *, *, #5966, .T. ) ;
#2696 = ORIENTED_EDGE ( 'NONE', *, *, #5742, .T. ) ;
#2697 = VERTEX_POINT ( 'NONE', #306 ) ;
#2698 = ADVANCED_FACE ( 'NONE', ( #10891 ), #11484, .F. ) ;
#2699 = LINE ( 'NONE', #12553, #8910 ) ;
#2700 = CARTESIAN_POINT ( 'NONE',  ( 87.69260362125785946, -12.73385246093832279, -17.05729315869102436 ) ) ;
#2701 = LINE ( 'NONE', #6197, #6191 ) ;
#2702 = AXIS2_PLACEMENT_3D ( 'NONE', #4820, #109, #31 ) ;
#2703 = CARTESIAN_POINT ( 'NONE',  ( 35.80000000000000426, -17.50000000000000355, 22.79999999999999361 ) ) ;
#2704 = DIRECTION ( 'NONE',  ( 1.000000000000000000, 0.000000000000000000, 0.000000000000000000 ) ) ;
#2705 = ORIENTED_EDGE ( 'NONE', *, *, #2653, .T. ) ;
#2706 = CARTESIAN_POINT ( 'NONE',  ( 3.800000000000001155, -19.10000000000000142, 44.79999999999999716 ) ) ;
#2707 = CARTESIAN_POINT ( 'NONE',  ( 72.31620963298439619, -9.826512088304458103, -17.71357719305467882 ) ) ;
#2708 = DIRECTION ( 'NONE',  ( -0.000000000000000000, 1.000000000000000000, 0.000000000000000000 ) ) ;
#2709 = ORIENTED_EDGE ( 'NONE', *, *, #6130, .F. ) ;
#2710 = VECTOR ( 'NONE', #8007, 1000.000000000000000 ) ;
#2711 = VERTEX_POINT ( 'NONE', #11025 ) ;
#2712 = EDGE_CURVE ( 'NONE', #4595, #2457, #11804, .T. ) ;
#2713 = LINE ( 'NONE', #8941, #8158 ) ;
#2714 = CARTESIAN_POINT ( 'NONE',  ( -1.800000000000000266, -9.500000000000001776, 16.80000000000000071 ) ) ;
#2715 = DIRECTION ( 'NONE',  ( 0.000000000000000000, -1.000000000000000000, 0.000000000000000000 ) ) ;
#2716 = ORIENTED_EDGE ( 'NONE', *, *, #9203, .F. ) ;
#2717 = CARTESIAN_POINT ( 'NONE',  ( -0.2000000000000000111, -0.2000000000003211154, 21.69999999999940599 ) ) ;
#2718 = CARTESIAN_POINT ( 'NONE',  ( 84.20000000000001705, 11.79999999999999893, -11.50000000000000000 ) ) ;
#2719 = CARTESIAN_POINT ( 'NONE',  ( -1.800000000000000266, -4.100000000000000533, 3.599999999999999645 ) ) ;
#2720 = CARTESIAN_POINT ( 'NONE',  ( -1.800000000000000266, -9.099999999999996092, -7.740000000000002878 ) ) ;
#2721 = LINE ( 'NONE', #9866, #12416 ) ;
#2722 = CARTESIAN_POINT ( 'NONE',  ( 71.24440814932171406, -11.91916228882517004, -17.21182020368835452 ) ) ;
#2723 = ORIENTED_EDGE ( 'NONE', *, *, #943, .F. ) ;
#2724 = EDGE_CURVE ( 'NONE', #4495, #7252, #12551, .T. ) ;
#2725 = VECTOR ( 'NONE', #10713, 1000.000000000000000 ) ;
#2726 = AXIS2_PLACEMENT_3D ( 'NONE', #5856, #77, #11752 ) ;
#2727 = EDGE_CURVE ( 'NONE', #9539, #2798, #5718, .T. ) ;
#2728 = CARTESIAN_POINT ( 'NONE',  ( 82.40000000000000568, -8.099999999999999645, 56.79999999999999716 ) ) ;
#2729 = CARTESIAN_POINT ( 'NONE',  ( -1.800000000000000266, -9.500000000000001776, 44.79999999999999716 ) ) ;
#2730 = CARTESIAN_POINT ( 'NONE',  ( -1.000000000000000000, -4.545900930049278088, 20.39936534720461481 ) ) ;
#2731 = EDGE_CURVE ( 'NONE', #11631, #3434, #4653, .T. ) ;
#2732 = CYLINDRICAL_SURFACE ( 'NONE', #11790, 1.000000000000000000 ) ;
#2733 = ORIENTED_EDGE ( 'NONE', *, *, #7896, .F. ) ;
#2734 = CARTESIAN_POINT ( 'NONE',  ( 31.80000000000000071, -17.50000000000000000, 22.80000000000000071 ) ) ;
#2735 = VERTEX_POINT ( 'NONE', #8267 ) ;
#2736 = LINE ( 'NONE', #9645, #6676 ) ;
#2737 = CARTESIAN_POINT ( 'NONE',  ( 2.901308446263268781, 13.79532636805758017, -17.41379223592136327 ) ) ;
#2738 = VECTOR ( 'NONE', #1722, 1000.000000000000000 ) ;
#2739 = ORIENTED_EDGE ( 'NONE', *, *, #3455, .T. ) ;
#2740 = DIRECTION ( 'NONE',  ( -0.000000000000000000, -1.000000000000000000, -0.000000000000000000 ) ) ;
#2741 = CARTESIAN_POINT ( 'NONE',  ( 63.80000000000001137, -17.50000000000000000, 33.79999999999999716 ) ) ;
#2742 = CARTESIAN_POINT ( 'NONE',  ( 4.799999999999999822, -19.10000000000000142, 21.80000000000000071 ) ) ;
#2743 = VECTOR ( 'NONE', #7524, 1000.000000000000000 ) ;
#2744 = VERTEX_POINT ( 'NONE', #11179 ) ;
#2745 = EDGE_CURVE ( 'NONE', #2020, #6219, #2263, .T. ) ;
#2746 = EDGE_CURVE ( 'NONE', #2158, #4722, #1177, .T. ) ;
#2747 = CARTESIAN_POINT ( 'NONE',  ( 71.63255922337476989, -11.04757710381296931, -17.49054571109882517 ) ) ;
#2748 = PLANE ( 'NONE',  #11427 ) ;
#2749 = CARTESIAN_POINT ( 'NONE',  ( -1.800000000000000266, -9.500000000000001776, 28.80000000000000071 ) ) ;
#2750 = ORIENTED_EDGE ( 'NONE', *, *, #10438, .T. ) ;
#2751 = ORIENTED_EDGE ( 'NONE', *, *, #5886, .F. ) ;
#2752 = CARTESIAN_POINT ( 'NONE',  ( 82.40000000000000568, -0.09999999999999882594, 56.79999999999999716 ) ) ;
#2753 = CIRCLE ( 'NONE', #5648, 1.000000000000000888 ) ;
#2754 = ORIENTED_EDGE ( 'NONE', *, *, #10570, .F. ) ;
#2755 = CARTESIAN_POINT ( 'NONE',  ( 2.602683637926033189, -11.20891858754352199, -17.51510673340613167 ) ) ;
#2756 = EDGE_LOOP ( 'NONE', ( #10342, #3886, #12456, #270, #9166, #9372 ) ) ;
#2757 = DIRECTION ( 'NONE',  ( -0.000000000000000000, 1.000000000000000000, 1.404986760216307406E-16 ) ) ;
#2758 = CARTESIAN_POINT ( 'NONE',  ( 3.703580086092867596, -13.57455627313263058, -16.35785755271234265 ) ) ;
#2759 = DIRECTION ( 'NONE',  ( -0.000000000000000000, -1.000000000000000000, 0.000000000000000000 ) ) ;
#2760 = ORIENTED_EDGE ( 'NONE', *, *, #12523, .T. ) ;
#2761 = DIRECTION ( 'NONE',  ( 1.000000000000000000, 0.000000000000000000, 0.000000000000000000 ) ) ;
#2762 = ADVANCED_FACE ( 'NONE', ( #7112 ), #4487, .F. ) ;
#2763 = MANIFOLD_SOLID_BREP ( 'Verrundung2', #6989 ) ;
#2764 = VERTEX_POINT ( 'NONE', #8231 ) ;
#2765 = VECTOR ( 'NONE', #11719, 1000.000000000000000 ) ;
#2766 = DIRECTION ( 'NONE',  ( 0.000000000000000000, 0.000000000000000000, -1.000000000000000000 ) ) ;
#2767 = CARTESIAN_POINT ( 'NONE',  ( 71.62870760470174503, -11.68979180903754411, -17.40183614883711627 ) ) ;
#2768 = EDGE_CURVE ( 'NONE', #7315, #10731, #6799, .T. ) ;
#2769 = AXIS2_PLACEMENT_3D ( 'NONE', #2936, #3967, #7708 ) ;
#2770 = PLANE ( 'NONE',  #3058 ) ;
#2771 = FACE_OUTER_BOUND ( 'NONE', #6462, .T. ) ;
#2772 = CARTESIAN_POINT ( 'NONE',  ( -1.138892969481183348, -12.90927128282004865, -16.98625956016773131 ) ) ;
#2773 = DIRECTION ( 'NONE',  ( 1.000000000000000000, -0.000000000000000000, -0.000000000000000000 ) ) ;
#2774 = LINE ( 'NONE', #189, #9740 ) ;
#2775 = VERTEX_POINT ( 'NONE', #6336 ) ;
#2776 = CARTESIAN_POINT ( 'NONE',  ( -1.701678938540193142, -13.56572536450173239, -16.36367032937571864 ) ) ;
#2777 = CARTESIAN_POINT ( 'NONE',  ( -1.000000000000000000, -4.545900930049278088, 20.39936534720461481 ) ) ;
#2778 = CYLINDRICAL_SURFACE ( 'NONE', #9000, 1.000000000000000888 ) ;
#2779 = CARTESIAN_POINT ( 'NONE',  ( 70.70900261932651176, -13.52064122731010620, -16.39228075334877488 ) ) ;
#2780 = CARTESIAN_POINT ( 'NONE',  ( -1.800000000000000266, 11.79999999999999538, -17.73999999999999844 ) ) ;
#2781 = FACE_OUTER_BOUND ( 'NONE', #5239, .T. ) ;
#2782 = LINE ( 'NONE', #2612, #7774 ) ;
#2783 = EDGE_CURVE ( 'NONE', #11631, #5279, #4031, .T. ) ;
#2784 = CARTESIAN_POINT ( 'NONE',  ( 35.80000000000000426, -19.10000000000000497, 33.79999999999999716 ) ) ;
#2785 = EDGE_CURVE ( 'NONE', #11206, #2926, #2407, .T. ) ;
#2786 = CARTESIAN_POINT ( 'NONE',  ( 43.24999999996628475, 4.300000000000937739, -0.1999999999999994837 ) ) ;
#2787 = DIRECTION ( 'NONE',  ( -0.000000000000000000, 1.000000000000000000, 0.000000000000000000 ) ) ;
#2788 = CARTESIAN_POINT ( 'NONE',  ( 71.30268577219059978, -11.78204947289383497, -17.26217936671326214 ) ) ;
#2789 = DIRECTION ( 'NONE',  ( 0.000000000000000000, 1.000000000000000000, -0.000000000000000000 ) ) ;
#2790 = EDGE_LOOP ( 'NONE', ( #11060, #9970, #12104, #3444 ) ) ;
#2791 = ORIENTED_EDGE ( 'NONE', *, *, #3423, .F. ) ;
#2792 = LINE ( 'NONE', #8805, #11279 ) ;
#2793 = ORIENTED_EDGE ( 'NONE', *, *, #1591, .F. ) ;
#2794 = FACE_OUTER_BOUND ( 'NONE', #3668, .T. ) ;
#2795 = VECTOR ( 'NONE', #6579, 1000.000000000000000 ) ;
#2796 = CARTESIAN_POINT ( 'NONE',  ( 88.40000000000000568, 4.087443438329970924, -15.74000000000000021 ) ) ;
#2797 = VERTEX_POINT ( 'NONE', #8350 ) ;
#2798 = VERTEX_POINT ( 'NONE', #3516 ) ;
#2799 = CARTESIAN_POINT ( 'NONE',  ( -1.800000000000000266, -9.500000000000001776, 12.79999999999999893 ) ) ;
#2800 = EDGE_CURVE ( 'NONE', #9547, #91, #11472, .T. ) ;
#2801 = CARTESIAN_POINT ( 'NONE',  ( 4.199999999999995737, -8.100000000000001421, 57.79999999999999716 ) ) ;
#2802 = AXIS2_PLACEMENT_3D ( 'NONE', #2223, #544, #11755 ) ;
#2803 = EDGE_CURVE ( 'NONE', #12488, #6110, #7980, .T. ) ;
#2804 = PLANE ( 'NONE',  #7948 ) ;
#2805 = DIRECTION ( 'NONE',  ( 0.000000000000000000, -1.234678630588475078E-16, 1.000000000000000000 ) ) ;
#2806 = ORIENTED_EDGE ( 'NONE', *, *, #2502, .F. ) ;
#2807 = EDGE_CURVE ( 'NONE', #11950, #408, #8744, .T. ) ;
#2808 = LINE ( 'NONE', #9802, #1135 ) ;
#2809 = ORIENTED_EDGE ( 'NONE', *, *, #9939, .T. ) ;
#2810 = CARTESIAN_POINT ( 'NONE',  ( 3.799999999999999378, -17.50000000000000000, 21.80000000000000071 ) ) ;
#2811 = CARTESIAN_POINT ( 'NONE',  ( 71.06783411369306691, -12.36156639081345965, -17.02716536968381078 ) ) ;
#2812 = VECTOR ( 'NONE', #8551, 1000.000000000000000 ) ;
#2813 = VECTOR ( 'NONE', #5181, 1000.000000000000000 ) ;
#2814 = ORIENTED_EDGE ( 'NONE', *, *, #5267, .F. ) ;
#2815 = ADVANCED_FACE ( 'NONE', ( #4638 ), #3302, .F. ) ;
#2816 = CARTESIAN_POINT ( 'NONE',  ( 35.80000000000000426, -19.10000000000000142, 41.79999999999999716 ) ) ;
#2817 = ORIENTED_EDGE ( 'NONE', *, *, #6983, .T. ) ;
#2818 = CARTESIAN_POINT ( 'NONE',  ( -0.8511839254296594826, -11.93461398041790034, -17.32984694812037674 ) ) ;
#2819 = CARTESIAN_POINT ( 'NONE',  ( 81.00000000000000000, 11.80000000000007709, -0.1999999999999984290 ) ) ;
#2820 = CARTESIAN_POINT ( 'NONE',  ( -0.7712923952982378983, -11.68979180903756365, -17.40183614883711627 ) ) ;
#2821 = EDGE_CURVE ( 'NONE', #2998, #10825, #3598, .T. ) ;
#2822 = CARTESIAN_POINT ( 'NONE',  ( 3.799999999999999378, -17.50000000000000000, 17.80000000000000071 ) ) ;
#2823 = ORIENTED_EDGE ( 'NONE', *, *, #929, .T. ) ;
#2824 = FACE_OUTER_BOUND ( 'NONE', #3239, .T. ) ;
#2825 = ORIENTED_EDGE ( 'NONE', *, *, #10968, .F. ) ;
#2826 = ORIENTED_EDGE ( 'NONE', *, *, #7788, .T. ) ;
#2827 = DIRECTION ( 'NONE',  ( -1.000000000000000000, 1.400000000000014387E-14, 1.399999999999985673E-14 ) ) ;
#2828 = VECTOR ( 'NONE', #8122, 1000.000000000000000 ) ;
#2829 = DIRECTION ( 'NONE',  ( 1.000000000000000000, 0.000000000000000000, 0.000000000000000000 ) ) ;
#2830 = EDGE_CURVE ( 'NONE', #8140, #2435, #3734, .T. ) ;
#2831 = ADVANCED_FACE ( 'NONE', ( #6477 ), #3479, .F. ) ;
#2832 = DIRECTION ( 'NONE',  ( 0.000000000000000000, 0.000000000000000000, 1.000000000000000000 ) ) ;
#2833 = DIRECTION ( 'NONE',  ( 0.000000000000000000, 1.000000000000000000, 3.614007241618347292E-17 ) ) ;
#2834 = CARTESIAN_POINT ( 'NONE',  ( -1.800000000000000266, 0.000000000000000000, 0.000000000000000000 ) ) ;
#2835 = VERTEX_POINT ( 'NONE', #11258 ) ;
#2836 = VERTEX_POINT ( 'NONE', #2749 ) ;
#2837 = CARTESIAN_POINT ( 'NONE',  ( 71.09668940883091182, -12.28713567464677148, -17.05976770750556781 ) ) ;
#2838 = EDGE_LOOP ( 'NONE', ( #6710, #8269, #2007, #9256 ) ) ;
#2839 = DIRECTION ( 'NONE',  ( -0.7071067811865524577, 0.7071067811865426878, 0.000000000000000000 ) ) ;
#2840 = VECTOR ( 'NONE', #9881, 1000.000000000000000 ) ;
#2841 = VECTOR ( 'NONE', #12108, 1000.000000000000000 ) ;
#2842 = VECTOR ( 'NONE', #12321, 1000.000000000000000 ) ;
#2843 = AXIS2_PLACEMENT_3D ( 'NONE', #766, #10394, #8509 ) ;
#2844 = CARTESIAN_POINT ( 'NONE',  ( 31.80000000000000071, -19.10000000000000142, 24.80000000000000071 ) ) ;
#2845 = CARTESIAN_POINT ( 'NONE',  ( -1.800000000000000266, -17.50000000000000000, 10.79999999999999716 ) ) ;
#2846 = DIRECTION ( 'NONE',  ( 0.000000000000000000, 0.000000000000000000, -1.000000000000000000 ) ) ;
#2847 = CARTESIAN_POINT ( 'NONE',  ( 88.40000000000000568, -15.54999999999981419, 18.75000000000047251 ) ) ;
#2848 = EDGE_CURVE ( 'NONE', #1301, #3472, #6632, .T. ) ;
#2849 = CARTESIAN_POINT ( 'NONE',  ( 2.397155683708176444, -10.64680067719656620, -17.62047068889436474 ) ) ;
#2850 = ORIENTED_EDGE ( 'NONE', *, *, #12538, .T. ) ;
#2851 = ORIENTED_EDGE ( 'NONE', *, *, #9871, .T. ) ;
#2852 = AXIS2_PLACEMENT_3D ( 'NONE', #8396, #4539, #7489 ) ;
#2853 = CARTESIAN_POINT ( 'NONE',  ( 62.80000000000001137, -19.10000000000000142, 42.79999999999999005 ) ) ;
#2854 = ORIENTED_EDGE ( 'NONE', *, *, #137, .F. ) ;
#2855 = DIRECTION ( 'NONE',  ( 0.000000000000000000, 0.000000000000000000, 1.000000000000000000 ) ) ;
#2856 = EDGE_LOOP ( 'NONE', ( #5881, #8160, #8407, #3574 ) ) ;
#2857 = VECTOR ( 'NONE', #10558, 1000.000000000000000 ) ;
#2858 = CARTESIAN_POINT ( 'NONE',  ( 4.799999999999999822, -19.10000000000000142, 6.799999999999999822 ) ) ;
#2859 = DIRECTION ( 'NONE',  ( 0.000000000000000000, -1.000000000000000000, -1.234678630588475078E-16 ) ) ;
#2860 = AXIS2_PLACEMENT_3D ( 'NONE', #11826, #6957, #10817 ) ;
#2861 = CARTESIAN_POINT ( 'NONE',  ( 3.799999999999999378, -19.10000000000000142, 25.80000000000000071 ) ) ;
#2862 = LINE ( 'NONE', #3269, #3174 ) ;
#2863 = CARTESIAN_POINT ( 'NONE',  ( -0.3284375167185530353, -10.46436619635036358, -17.64665003863891002 ) ) ;
#2864 = CARTESIAN_POINT ( 'NONE',  ( -1.800000000000000266, -2.449999999999728839, 12.27259155458886397 ) ) ;
#2865 = VERTEX_POINT ( 'NONE', #1681 ) ;
#2866 = EDGE_LOOP ( 'NONE', ( #6972, #6705, #4679, #4313 ) ) ;
#2867 = ADVANCED_FACE ( 'NONE', ( #3456 ), #6598, .F. ) ;
#2868 = ORIENTED_EDGE ( 'NONE', *, *, #4839, .F. ) ;
#2869 = CARTESIAN_POINT ( 'NONE',  ( -0.4652603329706335167, -10.41945132030047461, -17.62613510339719625 ) ) ;
#2870 = CARTESIAN_POINT ( 'NONE',  ( -1.451608665302580592, -12.69234699557645030, -16.86840929950635370 ) ) ;
#2871 = CARTESIAN_POINT ( 'NONE',  ( 70.83566513034956813, -13.04132830201646165, -16.68213227686646505 ) ) ;
#2872 = VECTOR ( 'NONE', #3278, 1000.000000000000000 ) ;
#2873 = EDGE_LOOP ( 'NONE', ( #9805, #7596, #11618, #8106 ) ) ;
#2874 = AXIS2_PLACEMENT_3D ( 'NONE', #403, #7361, #7194 ) ;
#2875 = CARTESIAN_POINT ( 'NONE',  ( 34.80000000000000426, -19.10000000000000142, 14.79999999999999361 ) ) ;
#2876 = VECTOR ( 'NONE', #8192, 1000.000000000000000 ) ;
#2877 = ORIENTED_EDGE ( 'NONE', *, *, #7602, .T. ) ;
#2878 = ORIENTED_EDGE ( 'NONE', *, *, #166, .T. ) ;
#2879 = LINE ( 'NONE', #11817, #3 ) ;
#2880 = ORIENTED_EDGE ( 'NONE', *, *, #11014, .T. ) ;
#2881 = LINE ( 'NONE', #2629, #9378 ) ;
#2882 = VECTOR ( 'NONE', #2740, 1000.000000000000000 ) ;
#2883 = CARTESIAN_POINT ( 'NONE',  ( -0.8252409113012726394, -0.1000000000000000056, 0.000000000000000000 ) ) ;
#2884 = CARTESIAN_POINT ( 'NONE',  ( 71.60186235487488204, -11.11335174755201294, -17.47313900258898656 ) ) ;
#2885 = CARTESIAN_POINT ( 'NONE',  ( 84.20000000000001705, 4.299999999999999822, -17.73999999999999844 ) ) ;
#2886 = EDGE_CURVE ( 'NONE', #11524, #7420, #2104, .T. ) ;
#2887 = ORIENTED_EDGE ( 'NONE', *, *, #6625, .F. ) ;
#2888 = LINE ( 'NONE', #1015, #10761 ) ;
#2889 = ORIENTED_EDGE ( 'NONE', *, *, #5694, .T. ) ;
#2890 = EDGE_CURVE ( 'NONE', #505, #2384, #5700, .T. ) ;
#2891 = PLANE ( 'NONE',  #7224 ) ;
#2892 = VECTOR ( 'NONE', #1494, 1000.000000000000000 ) ;
#2893 = CARTESIAN_POINT ( 'NONE',  ( 63.80000000000001137, -17.50000000000000000, 33.79999999999999716 ) ) ;
#2894 = DIRECTION ( 'NONE',  ( -0.000000000000000000, 1.000000000000000000, 0.000000000000000000 ) ) ;
#2895 = CARTESIAN_POINT ( 'NONE',  ( 1.924884796153645938, -9.418855130470753068, -17.73492588652446855 ) ) ;
#2896 = LINE ( 'NONE', #6056, #12284 ) ;
#2897 = ORIENTED_EDGE ( 'NONE', *, *, #6521, .F. ) ;
#2898 = DIRECTION ( 'NONE',  ( 0.5773502691896479355, 0.5773502691896148509, -0.5773502691896146288 ) ) ;
#2899 = CARTESIAN_POINT ( 'NONE',  ( 86.79999999999999716, -0.1000000000000000056, -0.2000000000000000944 ) ) ;
#2900 = ADVANCED_FACE ( 'NONE', ( #8263 ), #1001, .F. ) ;
#2901 = ORIENTED_EDGE ( 'NONE', *, *, #52, .T. ) ;
#2902 = ORIENTED_EDGE ( 'NONE', *, *, #3824, .F. ) ;
#2903 = VECTOR ( 'NONE', #8863, 1000.000000000000000 ) ;
#2904 = DIRECTION ( 'NONE',  ( 0.000000000000000000, -1.000000000000000000, -2.168404344971006896E-16 ) ) ;
#2905 = CARTESIAN_POINT ( 'NONE',  ( 72.58555261277979298, -9.128310994733887185, -17.74000028115814587 ) ) ;
#2906 = EDGE_LOOP ( 'NONE', ( #107, #4632, #40, #3834 ) ) ;
#2907 = EDGE_CURVE ( 'NONE', #6906, #11156, #849, .T. ) ;
#2908 = FACE_BOUND ( 'NONE', #7923, .T. ) ;
#2910 = EDGE_LOOP ( 'NONE', ( #10106, #481, #12001, #10310, #4379, #5467, #10456, #3419, #10396, #7431, #7545, #12470, #4837, #1037, #10981, #7148, #7467, #3736, #6900, #5373, #11382, #449, #841, #12098, #6421, #12202, #204, #1182, #5985, #2363, #1340, #4366, #1893, #10184 ) ) ;
#2909 = LINE ( 'NONE', #2717, #5133 ) ;
#2911 = PLANE ( 'NONE',  #3457 ) ;
#2912 = EDGE_CURVE ( 'NONE', #3351, #12293, #4624, .T. ) ;
#2913 = EDGE_CURVE ( 'NONE', #10719, #11077, #8733, .T. ) ;
#2914 = CARTESIAN_POINT ( 'NONE',  ( 0.08389989718412906028, -9.327576289641063667, -17.73683811954097678 ) ) ;
#2915 = CARTESIAN_POINT ( 'NONE',  ( 21.74999999999955946, -3.900000000004009593, -0.2000000000000006495 ) ) ;
#2916 = ORIENTED_EDGE ( 'NONE', *, *, #297, .T. ) ;
#2917 = CARTESIAN_POINT ( 'NONE',  ( 70.60000000000000853, -9.099999999999996092, -7.739999999999998437 ) ) ;
#2918 = CARTESIAN_POINT ( 'NONE',  ( 3.799999999999999378, -19.10000000000000142, 30.80000000000000071 ) ) ;
#2919 = LINE ( 'NONE', #8601, #10629 ) ;
#2920 = FACE_OUTER_BOUND ( 'NONE', #12362, .T. ) ;
#2921 = VERTEX_POINT ( 'NONE', #11346 ) ;
#2922 = VECTOR ( 'NONE', #10003, 1000.000000000000000 ) ;
#2923 = CARTESIAN_POINT ( 'NONE',  ( 22.99999999994492583, -5.150000000033455372, -0.9999999999996478373 ) ) ;
#2924 = LINE ( 'NONE', #7743, #334 ) ;
#2925 = CARTESIAN_POINT ( 'NONE',  ( 62.80000000000001137, -17.50000000000000355, 20.79999999999999716 ) ) ;
#2926 = VERTEX_POINT ( 'NONE', #3628 ) ;
#2927 = VERTEX_POINT ( 'NONE', #9473 ) ;
#2928 = ORIENTED_EDGE ( 'NONE', *, *, #6663, .T. ) ;
#2929 = ADVANCED_FACE ( 'NONE', ( #9648 ), #6932, .T. ) ;
#2930 = CARTESIAN_POINT ( 'NONE',  ( 41.99999999996700950, -3.900000000034572700, -0.9999999999999262812 ) ) ;
#2931 = LINE ( 'NONE', #5134, #10350 ) ;
#2932 = PLANE ( 'NONE',  #4529 ) ;
#2933 = CARTESIAN_POINT ( 'NONE',  ( 3.053941100756531135, -12.59718203757031674, -17.10856343581990657 ) ) ;
#2934 = CARTESIAN_POINT ( 'NONE',  ( 70.60000000000000853, 18.00000000000000000, -11.53999999999999559 ) ) ;
#2935 = FACE_OUTER_BOUND ( 'NONE', #11301, .T. ) ;
#2936 = CARTESIAN_POINT ( 'NONE',  ( 31.80000000000000071, -19.10000000000000853, 45.79999999999999716 ) ) ;
#2937 = AXIS2_PLACEMENT_3D ( 'NONE', #11262, #3599, #6439 ) ;
#2938 = DIRECTION ( 'NONE',  ( -0.000000000000000000, -1.000000000000000000, -0.000000000000000000 ) ) ;
#2939 = FACE_OUTER_BOUND ( 'NONE', #12301, .T. ) ;
#2940 = PLANE ( 'NONE',  #1335 ) ;
#2941 = LINE ( 'NONE', #1923, #10659 ) ;
#2942 = CARTESIAN_POINT ( 'NONE',  ( 29.84999999996617959, -2.579802170216016766, -0.9999999999997692957 ) ) ;
#2943 = PLANE ( 'NONE',  #1717 ) ;
#2944 = ORIENTED_EDGE ( 'NONE', *, *, #11076, .F. ) ;
#2945 = CARTESIAN_POINT ( 'NONE',  ( -1.650334087208626510, 15.51016901305975004, -16.51240665707781474 ) ) ;
#2946 = EDGE_CURVE ( 'NONE', #5260, #11196, #10268, .T. ) ;
#2947 = VERTEX_POINT ( 'NONE', #12326 ) ;
#2948 = FACE_OUTER_BOUND ( 'NONE', #11716, .T. ) ;
#2949 = PLANE ( 'NONE',  #7445 ) ;
#2950 = ADVANCED_FACE ( 'NONE', ( #11939 ), #4320, .F. ) ;
#2951 = AXIS2_PLACEMENT_3D ( 'NONE', #8894, #5102, #12018 ) ;
#2952 = FACE_OUTER_BOUND ( 'NONE', #6258, .T. ) ;
#2953 = ORIENTED_EDGE ( 'NONE', *, *, #7737, .F. ) ;
#2954 = CARTESIAN_POINT ( 'NONE',  ( 0.000000000000000000, -0.1000000000000000056, 0.000000000000000000 ) ) ;
#2955 = CARTESIAN_POINT ( 'NONE',  ( -0.9142334111353761505, -11.36336674988788964, -17.40523385655691513 ) ) ;
#2956 = ORIENTED_EDGE ( 'NONE', *, *, #6856, .T. ) ;
#2957 = LINE ( 'NONE', #2581, #2344 ) ;
#2958 = DIRECTION ( 'NONE',  ( -0.000000000000000000, -0.000000000000000000, -1.000000000000000000 ) ) ;
#2959 = DIRECTION ( 'NONE',  ( -0.000000000000000000, 1.000000000000000000, 0.000000000000000000 ) ) ;
#2960 = ORIENTED_EDGE ( 'NONE', *, *, #6143, .T. ) ;
#2961 = CARTESIAN_POINT ( 'NONE',  ( 4.799999999999999822, -19.10000000000000142, 26.80000000000000071 ) ) ;
#2962 = AXIS2_PLACEMENT_3D ( 'NONE', #8290, #3502, #10274 ) ;
#2963 = CARTESIAN_POINT ( 'NONE',  ( 70.61915215045556238, -14.00508873316515945, -16.06043477607402181 ) ) ;
#2964 = DIRECTION ( 'NONE',  ( -0.000000000000000000, 1.000000000000000000, 3.001251688541188813E-16 ) ) ;
#2965 = LINE ( 'NONE', #8633, #360 ) ;
#2966 = CARTESIAN_POINT ( 'NONE',  ( 31.80000000000000071, -19.10000000000000142, 22.80000000000000071 ) ) ;
#2967 = ADVANCED_FACE ( 'NONE', ( #9971 ), #3506, .F. ) ;
#2968 = EDGE_CURVE ( 'NONE', #2999, #613, #7096, .T. ) ;
#2969 = CIRCLE ( 'NONE', #9347, 0.9999999999999991118 ) ;
#2970 = ORIENTED_EDGE ( 'NONE', *, *, #9724, .T. ) ;
#2971 = ORIENTED_EDGE ( 'NONE', *, *, #7020, .T. ) ;
#2972 = VECTOR ( 'NONE', #5055, 1000.000000000000000 ) ;
#2973 = EDGE_CURVE ( 'NONE', #10667, #3933, #406, .T. ) ;
#2974 = FACE_OUTER_BOUND ( 'NONE', #1200, .T. ) ;
#2975 = CARTESIAN_POINT ( 'NONE',  ( 22.99999999997510969, -3.900000000057880722, -1.800000000000000044 ) ) ;
#2976 = LINE ( 'NONE', #2198, #7951 ) ;
#2977 = VERTEX_POINT ( 'NONE', #3377 ) ;
#2978 = LINE ( 'NONE', #2405, #2657 ) ;
#2979 = DIRECTION ( 'NONE',  ( 0.000000000000000000, 3.001251688541188813E-16, -1.000000000000000000 ) ) ;
#2980 = CARTESIAN_POINT ( 'NONE',  ( 21.00677727426997166, 0.000000000000000000, -1.800000000000000044 ) ) ;
#2981 = VECTOR ( 'NONE', #8046, 1000.000000000000000 ) ;
#2982 = EDGE_LOOP ( 'NONE', ( #4476, #7621, #1926, #3187 ) ) ;
#2983 = VERTEX_POINT ( 'NONE', #11243 ) ;
#2984 = DIRECTION ( 'NONE',  ( 0.000000000000000000, 1.000000000000000000, 0.000000000000000000 ) ) ;
#2985 = ORIENTED_EDGE ( 'NONE', *, *, #4241, .T. ) ;
#2986 = EDGE_CURVE ( 'NONE', #7987, #8332, #4474, .T. ) ;
#2987 = VECTOR ( 'NONE', #5739, 1000.000000000000000 ) ;
#2988 = EDGE_CURVE ( 'NONE', #2527, #2775, #6782, .T. ) ;
#2989 = CARTESIAN_POINT ( 'NONE',  ( 3.064136518050477154, -11.70392558279250572, -17.29093173644730896 ) ) ;
#2990 = VECTOR ( 'NONE', #7023, 1000.000000000000000 ) ;
#2991 = CARTESIAN_POINT ( 'NONE',  ( 66.40000000000000568, -3.200000000000000622, -0.7999999999999999334 ) ) ;
#2992 = EDGE_CURVE ( 'NONE', #8648, #7021, #3294, .T. ) ;
#2993 = CARTESIAN_POINT ( 'NONE',  ( -1.800000000000000266, -0.2000000000003211154, 21.69999999999940599 ) ) ;
#2994 = CARTESIAN_POINT ( 'NONE',  ( 87.40000000000000568, -16.69999999999999929, -9.299999999999998934 ) ) ;
#2995 = EDGE_LOOP ( 'NONE', ( #6341, #9568, #9175, #2308 ) ) ;
#2996 = DIRECTION ( 'NONE',  ( 0.000000000000000000, 0.000000000000000000, -1.000000000000000000 ) ) ;
#2997 = ORIENTED_EDGE ( 'NONE', *, *, #695, .F. ) ;
#2998 = VERTEX_POINT ( 'NONE', #6210 ) ;
#2999 = VERTEX_POINT ( 'NONE', #10189 ) ;
#3000 = VECTOR ( 'NONE', #6229, 1000.000000000000000 ) ;
#3001 = CARTESIAN_POINT ( 'NONE',  ( 86.79999999999999716, -17.50000000000000711, 56.20000000000000284 ) ) ;
#3002 = LINE ( 'NONE', #2386, #2387 ) ;
#3003 = CARTESIAN_POINT ( 'NONE',  ( -0.4431589509601786547, -10.37453777901163576, -17.63384873078272008 ) ) ;
#3004 = CARTESIAN_POINT ( 'NONE',  ( 71.00000000000002842, -19.09999999999999432, -1.400000000000017009 ) ) ;
#3005 = DIRECTION ( 'NONE',  ( -0.000000000000000000, 1.000000000000000000, 1.955719815080955213E-16 ) ) ;
#3006 = CARTESIAN_POINT ( 'NONE',  ( 62.80000000000001137, -17.50000000000000355, 21.79999999999999716 ) ) ;
#3007 = VERTEX_POINT ( 'NONE', #8293 ) ;
#3008 = VECTOR ( 'NONE', #7236, 1000.000000000000000 ) ;
#3009 = CARTESIAN_POINT ( 'NONE',  ( 35.80000000000000426, -17.50000000000000355, 18.79999999999999361 ) ) ;
#3010 = CARTESIAN_POINT ( 'NONE',  ( 1.399999999999984812, -17.50000000000000000, 42.80000000000000426 ) ) ;
#3011 = CARTESIAN_POINT ( 'NONE',  ( 41.99999999996698818, -5.150000000033722714, -0.9999999999999130695 ) ) ;
#3012 = EDGE_LOOP ( 'NONE', ( #2054, #430, #11600, #2501, #8061, #5734, #4097, #6066, #7113, #5371, #5431, #8904 ) ) ;
#3013 = ORIENTED_EDGE ( 'NONE', *, *, #3381, .T. ) ;
#3014 = EDGE_CURVE ( 'NONE', #1146, #4580, #4924, .T. ) ;
#3015 = VERTEX_POINT ( 'NONE', #6287 ) ;
#3016 = LINE ( 'NONE', #3001, #10413 ) ;
#3017 = VECTOR ( 'NONE', #8708, 1000.000000000000000 ) ;
#3018 = PLANE ( 'NONE',  #2203 ) ;
#3019 = ADVANCED_FACE ( 'NONE', ( #5859 ), #2416, .F. ) ;
#3020 = ORIENTED_EDGE ( 'NONE', *, *, #11117, .F. ) ;
#3021 = VECTOR ( 'NONE', #9262, 1000.000000000000000 ) ;
#3022 = VERTEX_POINT ( 'NONE', #8146 ) ;
#3023 = ORIENTED_EDGE ( 'NONE', *, *, #9377, .F. ) ;
#3024 = FACE_OUTER_BOUND ( 'NONE', #3915, .T. ) ;
#3025 = AXIS2_PLACEMENT_3D ( 'NONE', #7791, #5753, #4726 ) ;
#3026 = ORIENTED_EDGE ( 'NONE', *, *, #1645, .F. ) ;
#3027 = VERTEX_POINT ( 'NONE', #3421 ) ;
#3028 = EDGE_CURVE ( 'NONE', #1283, #11795, #10716, .T. ) ;
#3029 = CARTESIAN_POINT ( 'NONE',  ( 16.26999999999955548, -3.200000000000001510, -0.2000000000000005107 ) ) ;
#3030 = VERTEX_POINT ( 'NONE', #1381 ) ;
#3031 = AXIS2_PLACEMENT_3D ( 'NONE', #11628, #2827, #9574 ) ;
#3032 = DIRECTION ( 'NONE',  ( 1.000000000000000000, 0.000000000000000000, 0.000000000000000000 ) ) ;
#3033 = CARTESIAN_POINT ( 'NONE',  ( 2.630214729629286818, -10.75845702949152383, -17.55978914536637703 ) ) ;
#3034 = CARTESIAN_POINT ( 'NONE',  ( 70.59999999999999432, 11.79999999999999893, -11.50000000000000000 ) ) ;
#3035 = CARTESIAN_POINT ( 'NONE',  ( 71.00000000000002842, -19.09999999999999432, -7.977961573045432712E-15 ) ) ;
#3036 = ADVANCED_FACE ( 'NONE', ( #1617 ), #5526, .F. ) ;
#3037 = ORIENTED_EDGE ( 'NONE', *, *, #3151, .F. ) ;
#3038 = CARTESIAN_POINT ( 'NONE',  ( 150.7570364914818697, -0.1000000000000002554, 57.79999999999999716 ) ) ;
#3039 = LINE ( 'NONE', #5897, #10434 ) ;
#3040 = CARTESIAN_POINT ( 'NONE',  ( 72.52741692650589300, -9.242250058315446992, -17.73873542184711027 ) ) ;
#3041 = CIRCLE ( 'NONE', #10642, 1.000000000000000888 ) ;
#3042 = DIRECTION ( 'NONE',  ( -0.000000000000000000, -0.000000000000000000, 1.000000000000000000 ) ) ;
#3043 = AXIS2_PLACEMENT_3D ( 'NONE', #3160, #9224, #8897 ) ;
#3044 = DIRECTION ( 'NONE',  ( 0.000000000000000000, 0.000000000000000000, -1.000000000000000000 ) ) ;
#3045 = PLANE ( 'NONE',  #6194 ) ;
#3046 = CARTESIAN_POINT ( 'NONE',  ( 21.74999999999954170, -3.200000000000001510, -1.800000000000000044 ) ) ;
#3047 = CARTESIAN_POINT ( 'NONE',  ( -0.2000000000000000111, -15.90000000000001101, -1.963139022635676547E-15 ) ) ;
#3048 = ORIENTED_EDGE ( 'NONE', *, *, #10263, .F. ) ;
#3049 = VECTOR ( 'NONE', #11901, 1000.000000000000000 ) ;
#3050 = DIRECTION ( 'NONE',  ( 0.000000000000000000, -1.955719815080955213E-16, 1.000000000000000000 ) ) ;
#3051 = EDGE_LOOP ( 'NONE', ( #12130, #9355, #555, #4200 ) ) ;
#3052 = DIRECTION ( 'NONE',  ( -1.000000000000000000, 0.000000000000000000, -0.000000000000000000 ) ) ;
#3053 = DIRECTION ( 'NONE',  ( 0.000000000000000000, 1.000000000000000000, -0.000000000000000000 ) ) ;
#3054 = DIRECTION ( 'NONE',  ( -0.000000000000000000, 0.000000000000000000, 1.000000000000000000 ) ) ;
#3055 = CARTESIAN_POINT ( 'NONE',  ( 3.799999999999999822, 11.79999999999999893, -11.50000000000000000 ) ) ;
#3056 = DIRECTION ( 'NONE',  ( 0.000000000000000000, -1.404986760216307406E-16, 1.000000000000000000 ) ) ;
#3057 = CARTESIAN_POINT ( 'NONE',  ( 4.799999999999999822, -17.50000000000000000, 18.80000000000000071 ) ) ;
#3058 = AXIS2_PLACEMENT_3D ( 'NONE', #10597, #6752, #1837 ) ;
#3059 = EDGE_CURVE ( 'NONE', #848, #7291, #7532, .T. ) ;
#3060 = ADVANCED_FACE ( 'NONE', ( #2543 ), #6324, .F. ) ;
#3061 = EDGE_CURVE ( 'NONE', #3104, #3494, #9800, .T. ) ;
#3062 = ORIENTED_EDGE ( 'NONE', *, *, #2212, .F. ) ;
#3063 = EDGE_LOOP ( 'NONE', ( #1025, #2902, #463, #3983 ) ) ;
#3064 = DIRECTION ( 'NONE',  ( -1.000000000000000000, 0.000000000000000000, -0.000000000000000000 ) ) ;
#3065 = CARTESIAN_POINT ( 'NONE',  ( 34.80000000000000426, -19.10000000000000142, 5.799999999999999822 ) ) ;
#3066 = VECTOR ( 'NONE', #1375, 1000.000000000000000 ) ;
#3067 = LINE ( 'NONE', #4099, #469 ) ;
#3068 = DIRECTION ( 'NONE',  ( 0.000000000000000000, 0.000000000000000000, -1.000000000000000000 ) ) ;
#3069 = CARTESIAN_POINT ( 'NONE',  ( 70.40000000000000568, -10.10000000000000142, 56.59999999999998010 ) ) ;
#3070 = DIRECTION ( 'NONE',  ( 0.000000000000000000, 0.3420201433256623291, -0.9396926207859107594 ) ) ;
#3071 = CARTESIAN_POINT ( 'NONE',  ( 86.79999999999999716, -15.90000000000001101, -0.2000000000000023426 ) ) ;
#3072 = CARTESIAN_POINT ( 'NONE',  ( 70.60000000000000853, 16.36070170039655025, -15.73999999999999666 ) ) ;
#3073 = DIRECTION ( 'NONE',  ( -1.400000000000014545E-14, -1.000000000000000000, -1.404986760216307406E-16 ) ) ;
#3074 = CARTESIAN_POINT ( 'NONE',  ( -0.3666919920904239127, 12.80379910063936855, -17.66155508376919769 ) ) ;
#3075 = EDGE_CURVE ( 'NONE', #1151, #6016, #10249, .T. ) ;
#3076 = CARTESIAN_POINT ( 'NONE',  ( -1.800000000000000266, -9.500000000000001776, 28.80000000000000071 ) ) ;
#3077 = ADVANCED_FACE ( 'NONE', ( #7382 ), #8508, .T. ) ;
#3078 = DIRECTION ( 'NONE',  ( 0.000000000000000000, 0.000000000000000000, -1.000000000000000000 ) ) ;
#3079 = LINE ( 'NONE', #6461, #10178 ) ;
#3080 = AXIS2_PLACEMENT_3D ( 'NONE', #8520, #12478, #3701 ) ;
#3081 = CARTESIAN_POINT ( 'NONE',  ( -1.575921985461973707, -13.08048315844245835, -16.65987545361017297 ) ) ;
#3082 = ORIENTED_EDGE ( 'NONE', *, *, #7749, .F. ) ;
#3083 = CARTESIAN_POINT ( 'NONE',  ( 31.79999999999999361, -19.10000000000000142, 14.79999999999999893 ) ) ;
#3084 = EDGE_LOOP ( 'NONE', ( #6479, #10305, #12352, #11749 ) ) ;
#3085 = ORIENTED_EDGE ( 'NONE', *, *, #10863, .F. ) ;
#3086 = CARTESIAN_POINT ( 'NONE',  ( 3.799999999999999378, -19.10000000000000142, 20.80000000000000071 ) ) ;
#3087 = CARTESIAN_POINT ( 'NONE',  ( 35.80000000000000426, -19.10000000000000142, 24.79999999999999716 ) ) ;
#3088 = PLANE ( 'NONE',  #4602 ) ;
#3089 = VECTOR ( 'NONE', #10375, 1000.000000000000000 ) ;
#3090 = ORIENTED_EDGE ( 'NONE', *, *, #3572, .T. ) ;
#3091 = ORIENTED_EDGE ( 'NONE', *, *, #10612, .F. ) ;
#3092 = LINE ( 'NONE', #12497, #202 ) ;
#3093 = ADVANCED_FACE ( 'NONE', ( #1308 ), #1627, .F. ) ;
#3094 = AXIS2_PLACEMENT_3D ( 'NONE', #9583, #3874, #905 ) ;
#3095 = CIRCLE ( 'NONE', #8427, 1.000000000000000888 ) ;
#3096 = AXIS2_PLACEMENT_3D ( 'NONE', #4825, #4788, #9716 ) ;
#3097 = ORIENTED_EDGE ( 'NONE', *, *, #5045, .F. ) ;
#3098 = EDGE_LOOP ( 'NONE', ( #11385, #12250, #12358, #2944 ) ) ;
#3099 = CARTESIAN_POINT ( 'NONE',  ( 150.7570364914818697, 4.299999999999992717, 57.79999999999999716 ) ) ;
#3100 = CYLINDRICAL_SURFACE ( 'NONE', #2530, 6.200000000000001066 ) ;
#3101 = EDGE_CURVE ( 'NONE', #7857, #9534, #552, .T. ) ;
#3102 = VERTEX_POINT ( 'NONE', #11440 ) ;
#3103 = FACE_OUTER_BOUND ( 'NONE', #11369, .T. ) ;
#3104 = VERTEX_POINT ( 'NONE', #2605 ) ;
#3105 = VECTOR ( 'NONE', #3718, 1000.000000000000000 ) ;
#3106 = CARTESIAN_POINT ( 'NONE',  ( 3.799999999999998490, -3.200000000000001510, -0.2000000000000005107 ) ) ;
#3107 = CARTESIAN_POINT ( 'NONE',  ( -1.000000000000000000, 0.000000000000000000, 0.000000000000000000 ) ) ;
#3108 = AXIS2_PLACEMENT_3D ( 'NONE', #3447, #5227, #4260 ) ;
#3109 = ORIENTED_EDGE ( 'NONE', *, *, #6945, .F. ) ;
#3110 = LINE ( 'NONE', #3896, #7934 ) ;
#3111 = VECTOR ( 'NONE', #1013, 1000.000000000000000 ) ;
#3112 = CARTESIAN_POINT ( 'NONE',  ( 31.80000000000000071, -19.09999999999999787, 30.80000000000000071 ) ) ;
#3113 = LINE ( 'NONE', #301, #10834 ) ;
#3114 = FACE_OUTER_BOUND ( 'NONE', #4751, .T. ) ;
#3115 = CARTESIAN_POINT ( 'NONE',  ( -0.2000000000000000111, -0.2000000000003211154, 21.69999999999940599 ) ) ;
#3116 = AXIS2_PLACEMENT_3D ( 'NONE', #11079, #11199, #10230 ) ;
#3117 = DIRECTION ( 'NONE',  ( 0.000000000000000000, 0.000000000000000000, -1.000000000000000000 ) ) ;
#3118 = CARTESIAN_POINT ( 'NONE',  ( -1.800000000000000266, -9.500000000000001776, 18.80000000000000071 ) ) ;
#3119 = CARTESIAN_POINT ( 'NONE',  ( 4.799999999999999822, -19.10000000000000142, 17.80000000000000071 ) ) ;
#3120 = ADVANCED_FACE ( 'NONE', ( #10870 ), #7479, .F. ) ;
#3121 = DIRECTION ( 'NONE',  ( 0.000000000000000000, -0.7071067811865467956, -0.7071067811865483499 ) ) ;
#3122 = CARTESIAN_POINT ( 'NONE',  ( 0.1999999999999998723, -9.099999999999997868, -17.74000000000000554 ) ) ;
#3123 = CARTESIAN_POINT ( 'NONE',  ( 72.89999999999999147, -0.1000000000000000056, 72.89999999999999147 ) ) ;
#3124 = VECTOR ( 'NONE', #6323, 1000.000000000000000 ) ;
#3125 = CARTESIAN_POINT ( 'NONE',  ( 14.19999999999999041, -8.099999999999999645, 56.79999999999999716 ) ) ;
#3126 = LINE ( 'NONE', #2188, #9938 ) ;
#3127 = DIRECTION ( 'NONE',  ( 0.000000000000000000, 0.000000000000000000, 1.000000000000000000 ) ) ;
#3128 = ORIENTED_EDGE ( 'NONE', *, *, #3291, .T. ) ;
#3129 = VERTEX_POINT ( 'NONE', #2646 ) ;
#3131 = ORIENTED_EDGE ( 'NONE', *, *, #9952, .T. ) ;
#3130 = CYLINDRICAL_SURFACE ( 'NONE', #8660, 1.000000000000000888 ) ;
#3132 = EDGE_CURVE ( 'NONE', #5411, #9610, #9632, .T. ) ;
#3133 = ORIENTED_EDGE ( 'NONE', *, *, #3364, .F. ) ;
#3134 = EDGE_CURVE ( 'NONE', #2615, #10543, #5368, .T. ) ;
#3135 = VECTOR ( 'NONE', #2569, 1000.000000000000000 ) ;
#3136 = ORIENTED_EDGE ( 'NONE', *, *, #2517, .T. ) ;
#3137 = DIRECTION ( 'NONE',  ( 0.000000000000000000, -1.000000000000000000, 0.000000000000000000 ) ) ;
#3138 = LINE ( 'NONE', #863, #10541 ) ;
#3139 = ORIENTED_EDGE ( 'NONE', *, *, #8473, .F. ) ;
#3140 = VECTOR ( 'NONE', #5706, 1000.000000000000000 ) ;
#3141 = CARTESIAN_POINT ( 'NONE',  ( -1.257963120747446206, -13.41425517559635772, -16.76235745745502470 ) ) ;
#3142 = DIRECTION ( 'NONE',  ( 1.000000000000000000, -0.000000000000000000, -0.000000000000000000 ) ) ;
#3143 = EDGE_CURVE ( 'NONE', #505, #2527, #8718, .T. ) ;
#3144 = LINE ( 'NONE', #8604, #7225 ) ;
#3145 = DIRECTION ( 'NONE',  ( 0.000000000000000000, -3.001251688541188813E-16, 1.000000000000000000 ) ) ;
#3146 = DIRECTION ( 'NONE',  ( 0.000000000000000000, 0.000000000000000000, 1.000000000000000000 ) ) ;
#3147 = AXIS2_PLACEMENT_3D ( 'NONE', #11751, #2061, #4862 ) ;
#3148 = VERTEX_POINT ( 'NONE', #3571 ) ;
#3149 = EDGE_LOOP ( 'NONE', ( #1436, #11471, #2286, #9815 ) ) ;
#3150 = EDGE_CURVE ( 'NONE', #6850, #9185, #3873, .T. ) ;
#3151 = EDGE_CURVE ( 'NONE', #2947, #248, #3720, .T. ) ;
#3152 = CARTESIAN_POINT ( 'NONE',  ( 88.40000000000000568, -18.50000000000002487, 54.39999999999972857 ) ) ;
#3153 = DIRECTION ( 'NONE',  ( 0.000000000000000000, -1.000000000000000000, 0.000000000000000000 ) ) ;
#3154 = VERTEX_POINT ( 'NONE', #11327 ) ;
#3155 = EDGE_CURVE ( 'NONE', #1374, #1762, #11927, .T. ) ;
#3156 = CARTESIAN_POINT ( 'NONE',  ( 86.85613305139025897, -9.998659062517065266, -17.68772531082462507 ) ) ;
#3157 = DIRECTION ( 'NONE',  ( 0.000000000000000000, -1.466789861310716348E-16, 1.000000000000000000 ) ) ;
#3158 = VECTOR ( 'NONE', #11017, 1000.000000000000000 ) ;
#3159 = DIRECTION ( 'NONE',  ( 0.000000000000000000, 0.000000000000000000, 1.000000000000000000 ) ) ;
#3160 = CARTESIAN_POINT ( 'NONE',  ( 62.80000000000001137, -19.10000000000000142, 5.799999999999999822 ) ) ;
#3161 = DIRECTION ( 'NONE',  ( -0.000000000000000000, 1.000000000000000000, 0.000000000000000000 ) ) ;
#3162 = ORIENTED_EDGE ( 'NONE', *, *, #4008, .T. ) ;
#3163 = CARTESIAN_POINT ( 'NONE',  ( 88.25104928078712874, -13.35024489418615445, -16.50089852476785168 ) ) ;
#3164 = VERTEX_POINT ( 'NONE', #6408 ) ;
#3165 = ORIENTED_EDGE ( 'NONE', *, *, #4317, .T. ) ;
#3166 = LINE ( 'NONE', #11924, #8131 ) ;
#3167 = CARTESIAN_POINT ( 'NONE',  ( 6.800000000000001599, -19.10000000000000142, 56.20000000000000284 ) ) ;
#3168 = CIRCLE ( 'NONE', #7958, 1.000000000000000888 ) ;
#3169 = DIRECTION ( 'NONE',  ( 0.000000000000000000, 1.000000000000000000, 0.000000000000000000 ) ) ;
#3170 = CARTESIAN_POINT ( 'NONE',  ( 0.000000000000000000, -0.1000000000000000056, 0.000000000000000000 ) ) ;
#3171 = EDGE_CURVE ( 'NONE', #6523, #6403, #3282, .T. ) ;
#3172 = DIRECTION ( 'NONE',  ( -1.000000000000000000, 0.000000000000000000, 0.000000000000000000 ) ) ;
#3173 = EDGE_LOOP ( 'NONE', ( #11976, #10424, #2204, #12062, #3517, #3340 ) ) ;
#3174 = VECTOR ( 'NONE', #10942, 1000.000000000000000 ) ;
#3175 = ORIENTED_EDGE ( 'NONE', *, *, #5405, .F. ) ;
#3176 = LINE ( 'NONE', #9163, #9515 ) ;
#3177 = CARTESIAN_POINT ( 'NONE',  ( 110.2009174118887671, -5.210000000001143938, -0.2000000000000008160 ) ) ;
#3178 = CARTESIAN_POINT ( 'NONE',  ( 4.799999999999999822, -19.10000000000000142, 29.80000000000000071 ) ) ;
#3179 = VECTOR ( 'NONE', #7520, 1000.000000000000000 ) ;
#3180 = ORIENTED_EDGE ( 'NONE', *, *, #3061, .F. ) ;
#3181 = CARTESIAN_POINT ( 'NONE',  ( -1.800000000000000266, -9.500000000000001776, 6.800000000000000711 ) ) ;
#3182 = AXIS2_PLACEMENT_3D ( 'NONE', #12413, #877, #2855 ) ;
#3183 = ORIENTED_EDGE ( 'NONE', *, *, #2724, .F. ) ;
#3184 = ADVANCED_FACE ( 'NONE', ( #3573 ), #616, .F. ) ;
#3185 = VECTOR ( 'NONE', #10976, 1000.000000000000000 ) ;
#3186 = CARTESIAN_POINT ( 'NONE',  ( -1.800000000000000266, -3.100000000000058265, 6.599999999999999645 ) ) ;
#3187 = ORIENTED_EDGE ( 'NONE', *, *, #4672, .F. ) ;
#3188 = LINE ( 'NONE', #1615, #9221 ) ;
#3189 = EDGE_CURVE ( 'NONE', #2276, #10927, #5515, .T. ) ;
#3190 = FACE_OUTER_BOUND ( 'NONE', #6952, .T. ) ;
#3191 = DIRECTION ( 'NONE',  ( -0.000000000000000000, 1.000000000000000000, 3.001251688541188813E-16 ) ) ;
#3192 = LINE ( 'NONE', #6843, #11969 ) ;
#3193 = AXIS2_PLACEMENT_3D ( 'NONE', #2993, #11482, #10592 ) ;
#3194 = CARTESIAN_POINT ( 'NONE',  ( 2.155090681857803059, -9.798149441821776051, -17.70822940652746524 ) ) ;
#3195 = ORIENTED_EDGE ( 'NONE', *, *, #5464, .F. ) ;
#3196 = VECTOR ( 'NONE', #5895, 1000.000000000000000 ) ;
#3197 = CARTESIAN_POINT ( 'NONE',  ( 71.39705357627583737, 13.99392382416414726, -17.34270561934083332 ) ) ;
#3198 = CARTESIAN_POINT ( 'NONE',  ( -1.800000000000000266, -9.500000000000001776, 36.79999999999999716 ) ) ;
#3199 = EDGE_LOOP ( 'NONE', ( #7348, #6132, #3139, #341 ) ) ;
#3200 = DIRECTION ( 'NONE',  ( -1.000000000000000000, 0.000000000000000000, 0.000000000000000000 ) ) ;
#3201 = ADVANCED_FACE ( 'NONE', ( #3441 ), #5822, .F. ) ;
#3202 = AXIS2_PLACEMENT_3D ( 'NONE', #5043, #1095, #10715 ) ;
#3203 = CARTESIAN_POINT ( 'NONE',  ( 3.799999999999999822, 0.000000000000000000, 0.000000000000000000 ) ) ;
#3204 = EDGE_CURVE ( 'NONE', #1408, #11795, #9958, .T. ) ;
#3205 = ORIENTED_EDGE ( 'NONE', *, *, #4386, .T. ) ;
#3206 = CARTESIAN_POINT ( 'NONE',  ( -0.8000000000000001554, -0.1000000000000008521, 8.599999999999999645 ) ) ;
#3207 = ORIENTED_EDGE ( 'NONE', *, *, #645, .T. ) ;
#3208 = FACE_OUTER_BOUND ( 'NONE', #5847, .T. ) ;
#3209 = CARTESIAN_POINT ( 'NONE',  ( -0.2000000000000000111, -9.500000000000001776, 22.80000000000000071 ) ) ;
#3210 = DIRECTION ( 'NONE',  ( 1.000000000000000000, 0.000000000000000000, 0.000000000000000000 ) ) ;
#3211 = EDGE_CURVE ( 'NONE', #2506, #11561, #10707, .T. ) ;
#3212 = FACE_BOUND ( 'NONE', #4291, .T. ) ;
#3213 = DIRECTION ( 'NONE',  ( -1.000000000000000000, -0.000000000000000000, 0.000000000000000000 ) ) ;
#3215 = ORIENTED_EDGE ( 'NONE', *, *, #1352, .T. ) ;
#3214 = VECTOR ( 'NONE', #5616, 1000.000000000000000 ) ;
#3216 = ORIENTED_EDGE ( 'NONE', *, *, #5615, .F. ) ;
#3217 = DIRECTION ( 'NONE',  ( -0.000000000000000000, 1.000000000000000000, 3.001251688541188813E-16 ) ) ;
#3218 = EDGE_LOOP ( 'NONE', ( #8827, #11007, #3666, #7530 ) ) ;
#3219 = DIRECTION ( 'NONE',  ( 0.000000000000000000, -1.000000000000000000, 0.000000000000000000 ) ) ;
#3220 = EDGE_CURVE ( 'NONE', #2020, #4433, #7970, .T. ) ;
#3221 = LINE ( 'NONE', #6538, #8960 ) ;
#3222 = DIRECTION ( 'NONE',  ( 0.000000000000000000, 0.000000000000000000, 1.000000000000000000 ) ) ;
#3223 = VERTEX_POINT ( 'NONE', #7812 ) ;
#3224 = AXIS2_PLACEMENT_3D ( 'NONE', #5237, #6248, #7231 ) ;
#3225 = EDGE_CURVE ( 'NONE', #2618, #10832, #1924, .T. ) ;
#3226 = DIRECTION ( 'NONE',  ( -0.000000000000000000, 1.000000000000000000, 3.001251688541188813E-16 ) ) ;
#3227 = VERTEX_POINT ( 'NONE', #7646 ) ;
#3228 = EDGE_CURVE ( 'NONE', #10786, #11672, #10236, .T. ) ;
#3229 = VECTOR ( 'NONE', #10611, 1000.000000000000000 ) ;
#3230 = VERTEX_POINT ( 'NONE', #7684 ) ;
#3231 = DIRECTION ( 'NONE',  ( 0.000000000000000000, -1.000000000000000000, 0.000000000000000000 ) ) ;
#3232 = VERTEX_POINT ( 'NONE', #3010 ) ;
#3233 = ORIENTED_EDGE ( 'NONE', *, *, #10136, .T. ) ;
#3234 = CARTESIAN_POINT ( 'NONE',  ( 1.400000000000012568, -17.50000000000000000, 30.80000000000000071 ) ) ;
#3235 = ORIENTED_EDGE ( 'NONE', *, *, #5873, .F. ) ;
#3236 = CARTESIAN_POINT ( 'NONE',  ( 86.51610010281578411, -9.327576289641088536, -17.73683811954097678 ) ) ;
#3237 = EDGE_CURVE ( 'NONE', #12254, #7345, #3144, .T. ) ;
#3238 = ADVANCED_FACE ( 'NONE', ( #9323 ), #5682, .F. ) ;
#3239 = EDGE_LOOP ( 'NONE', ( #7086, #11530, #9037, #869 ) ) ;
#3240 = CARTESIAN_POINT ( 'NONE',  ( -1.303310590836428862, -12.28713567378813032, -17.05976770788880259 ) ) ;
#3241 = DIRECTION ( 'NONE',  ( -1.000000000000000000, 0.000000000000000000, 0.000000000000000000 ) ) ;
#3242 = LINE ( 'NONE', #9461, #10658 ) ;
#3243 = B_SPLINE_CURVE_WITH_KNOTS ( 'NONE', 1,
 ( #448, #2499 ),
 .UNSPECIFIED., .F., .F.,
 ( 2, 2 ),
 ( 0.000000000000000000, 1.000000000000000000 ),
 .UNSPECIFIED. ) ;
#3244 = CARTESIAN_POINT ( 'NONE',  ( 150.7570364914818697, -19.09999999999999432, -1.400000000000016565 ) ) ;
#3245 = LINE ( 'NONE', #6795, #652 ) ;
#3246 = DIRECTION ( 'NONE',  ( -0.000000000000000000, 1.234678630588475078E-16, -1.000000000000000000 ) ) ;
#3247 = VERTEX_POINT ( 'NONE', #1892 ) ;
#3248 = LINE ( 'NONE', #5879, #2034 ) ;
#3249 = CARTESIAN_POINT ( 'NONE',  ( 43.24999999996618527, -2.579802170216203727, -0.9999999999999567013 ) ) ;
#3250 = DIRECTION ( 'NONE',  ( 0.7071067811865524577, -0.7071067811865426878, 0.000000000000000000 ) ) ;
#3251 = VECTOR ( 'NONE', #6880, 1000.000000000000000 ) ;
#3252 = ORIENTED_EDGE ( 'NONE', *, *, #10670, .T. ) ;
#3253 = FACE_OUTER_BOUND ( 'NONE', #2469, .T. ) ;
#3254 = CARTESIAN_POINT ( 'NONE',  ( 62.80000000000001137, -19.09999999999999787, 14.79999999999999361 ) ) ;
#3255 = LINE ( 'NONE', #8590, #8082 ) ;
#3256 = DIRECTION ( 'NONE',  ( -0.000000000000000000, -0.000000000000000000, 1.000000000000000000 ) ) ;
#3257 = ADVANCED_FACE ( 'NONE', ( #2228, #11152 ), #10524, .F. ) ;
#3258 = EDGE_CURVE ( 'NONE', #6175, #4641, #6603, .T. ) ;
#3259 = CYLINDRICAL_SURFACE ( 'NONE', #11933, 1.000000000000000000 ) ;
#3260 = CARTESIAN_POINT ( 'NONE',  ( 88.40000000000000568, -18.20262464989040296, 21.29999999999972360 ) ) ;
#3261 = CYLINDRICAL_SURFACE ( 'NONE', #10180, 1.000000000000000888 ) ;
#3262 = ORIENTED_EDGE ( 'NONE', *, *, #3673, .T. ) ;
#3263 = FACE_OUTER_BOUND ( 'NONE', #10621, .T. ) ;
#3264 = FACE_OUTER_BOUND ( 'NONE', #10404, .T. ) ;
#3265 = CARTESIAN_POINT ( 'NONE',  ( 4.799999999999999822, -19.10000000000000142, 25.80000000000000071 ) ) ;
#3266 = ORIENTED_EDGE ( 'NONE', *, *, #3132, .F. ) ;
#3267 = CARTESIAN_POINT ( 'NONE',  ( 2.437848929180002511, -10.36351363151007376, -17.63628122388591635 ) ) ;
#3268 = CARTESIAN_POINT ( 'NONE',  ( 63.80000000000001137, -17.50000000000000000, 13.79999999999999361 ) ) ;
#3269 = CARTESIAN_POINT ( 'NONE',  ( -1.799999999999999378, -3.200000000000001510, -1.800000000000000044 ) ) ;
#3270 = CARTESIAN_POINT ( 'NONE',  ( 6.800000000000000711, -17.50000000000000000, 49.29999999999999716 ) ) ;
#3271 = ORIENTED_EDGE ( 'NONE', *, *, #8153, .T. ) ;
#3272 = CARTESIAN_POINT ( 'NONE',  ( 6.800000000000000711, -19.10000000000000142, 52.09999999999999432 ) ) ;
#3273 = CIRCLE ( 'NONE', #2520, 1.000000000000000000 ) ;
#3274 = ORIENTED_EDGE ( 'NONE', *, *, #11553, .T. ) ;
#3275 = AXIS2_PLACEMENT_3D ( 'NONE', #5447, #9325, #4517 ) ;
#3276 = VERTEX_POINT ( 'NONE', #9575 ) ;
#3277 = LINE ( 'NONE', #2703, #684 ) ;
#3278 = DIRECTION ( 'NONE',  ( 0.000000000000000000, -1.000000000000000000, 0.000000000000000000 ) ) ;
#3279 = CARTESIAN_POINT ( 'NONE',  ( 1.400000000000012346, -17.50000000000000000, -2.755455298081544778E-15 ) ) ;
#3280 = CARTESIAN_POINT ( 'NONE',  ( 3.799999999999999378, -19.10000000000000142, 28.80000000000000071 ) ) ;
#3281 = VERTEX_POINT ( 'NONE', #9721 ) ;
#3282 = LINE ( 'NONE', #7406, #11616 ) ;
#3283 = CARTESIAN_POINT ( 'NONE',  ( 8.029999999999516191, -5.209999999999809006, -1.189999999999438840 ) ) ;
#3284 = DIRECTION ( 'NONE',  ( 0.000000000000000000, -1.000000000000000000, 0.000000000000000000 ) ) ;
#3285 = ORIENTED_EDGE ( 'NONE', *, *, #5052, .T. ) ;
#3286 = VERTEX_POINT ( 'NONE', #937 ) ;
#3287 = LINE ( 'NONE', #10983, #106 ) ;
#3288 = AXIS2_PLACEMENT_3D ( 'NONE', #6249, #6206, #2361 ) ;
#3289 = CARTESIAN_POINT ( 'NONE',  ( 86.99401625778173752, -10.63846634908297872, -17.62166577702663517 ) ) ;
#3290 = DIRECTION ( 'NONE',  ( 1.000000000000000000, 0.000000000000000000, 0.000000000000000000 ) ) ;
#3291 = EDGE_CURVE ( 'NONE', #8807, #622, #2375, .T. ) ;
#3292 = EDGE_LOOP ( 'NONE', ( #9500, #4166, #9852, #6534 ) ) ;
#3293 = DIRECTION ( 'NONE',  ( -1.000000000000000000, -0.000000000000000000, -0.000000000000000000 ) ) ;
#3294 = LINE ( 'NONE', #7319, #702 ) ;
#3295 = VERTEX_POINT ( 'NONE', #2966 ) ;
#3296 = VERTEX_POINT ( 'NONE', #79 ) ;
#3297 = ADVANCED_FACE ( 'NONE', ( #12511 ), #3819, .F. ) ;
#3298 = ORIENTED_EDGE ( 'NONE', *, *, #11328, .F. ) ;
#3299 = FACE_OUTER_BOUND ( 'NONE', #8303, .T. ) ;
#3300 = EDGE_CURVE ( 'NONE', #1693, #2368, #1592, .T. ) ;
#3301 = PRODUCT_DEFINITION ( 'UNKNOWN', '', #11573, #5419 ) ;
#3302 = CYLINDRICAL_SURFACE ( 'NONE', #6185, 1.000000000000000888 ) ;
#3303 = AXIS2_PLACEMENT_3D ( 'NONE', #5050, #257, #4159 ) ;
#3304 = CARTESIAN_POINT ( 'NONE',  ( -0.2000000000000000111, -15.90000000000002878, -1.963139022635678913E-15 ) ) ;
#3305 = ORIENTED_EDGE ( 'NONE', *, *, #535, .T. ) ;
#3306 = EDGE_LOOP ( 'NONE', ( #5460, #11142, #1343, #8014, #9990, #8453, #5862, #1948, #2160, #7383, #12179, #10488, #8943, #11761, #7312, #4555, #789, #3917, #7101, #11050, #256, #4275, #5278, #6864, #3513, #4923 ) ) ;
#3307 = EDGE_CURVE ( 'NONE', #6300, #1942, #4311, .T. ) ;
#3308 = CARTESIAN_POINT ( 'NONE',  ( -1.800000000000000266, -17.50000000000000000, 40.80000000000000426 ) ) ;
#3309 = LINE ( 'NONE', #3769, #2857 ) ;
#3310 = LINE ( 'NONE', #10542, #7414 ) ;
#3311 = ORIENTED_EDGE ( 'NONE', *, *, #6433, .T. ) ;
#3312 = ADVANCED_FACE ( 'NONE', ( #9944 ), #5026, .T. ) ;
#3313 = CARTESIAN_POINT ( 'NONE',  ( 87.75559185067830015, -11.91916228882518425, -17.21182020368835097 ) ) ;
#3314 = DIRECTION ( 'NONE',  ( 0.000000000000000000, 0.000000000000000000, -1.000000000000000000 ) ) ;
#3315 = CARTESIAN_POINT ( 'NONE',  ( 87.75144075637813046, -11.91014273866868400, -17.21447511585214585 ) ) ;
#3316 = FACE_OUTER_BOUND ( 'NONE', #4477, .T. ) ;
#3317 = DIRECTION ( 'NONE',  ( 0.000000000000000000, -1.404986760216307406E-16, 1.000000000000000000 ) ) ;
#3318 = DIRECTION ( 'NONE',  ( 0.000000000000000000, 0.000000000000000000, -1.000000000000000000 ) ) ;
#3319 = ORIENTED_EDGE ( 'NONE', *, *, #10510, .F. ) ;
#3320 = CARTESIAN_POINT ( 'NONE',  ( 62.80000000000001137, -19.10000000000000142, 21.79999999999999361 ) ) ;
#3321 = VERTEX_POINT ( 'NONE', #2068 ) ;
#3322 = VECTOR ( 'NONE', #6115, 1000.000000000000000 ) ;
#3323 = DIRECTION ( 'NONE',  ( 0.000000000000000000, 0.000000000000000000, 1.000000000000000000 ) ) ;
#3324 = DIRECTION ( 'NONE',  ( 0.000000000000000000, 0.000000000000000000, -1.000000000000000000 ) ) ;
#3325 = LINE ( 'NONE', #5940, #8928 ) ;
#3326 = FACE_OUTER_BOUND ( 'NONE', #2283, .T. ) ;
#3327 = DIRECTION ( 'NONE',  ( 0.000000000000000000, -3.001251688541188813E-16, 1.000000000000000000 ) ) ;
#3328 = DIRECTION ( 'NONE',  ( 0.000000000000000000, -1.000000000000000000, -1.234678630588475078E-16 ) ) ;
#3329 = EDGE_CURVE ( 'NONE', #10750, #10079, #10854, .T. ) ;
#3330 = CARTESIAN_POINT ( 'NONE',  ( 86.86002262101898452, -10.28396397068919121, -17.67037772708032506 ) ) ;
#3331 = VECTOR ( 'NONE', #12548, 1000.000000000000000 ) ;
#3332 = DIRECTION ( 'NONE',  ( 0.000000000000000000, -1.000000000000000000, -1.234678630588475078E-16 ) ) ;
#3333 = ORIENTED_EDGE ( 'NONE', *, *, #6983, .F. ) ;
#3334 = CIRCLE ( 'NONE', #9448, 1.000000000000000888 ) ;
#3335 = VECTOR ( 'NONE', #1686, 1000.000000000000000 ) ;
#3336 = CARTESIAN_POINT ( 'NONE',  ( 71.10747491877113191, -13.59181653005767920, -16.67462664829587382 ) ) ;
#3337 =( NAMED_UNIT ( * ) PLANE_ANGLE_UNIT ( ) SI_UNIT ( $, .RADIAN. ) );
#3338 = DIRECTION ( 'NONE',  ( 0.000000000000000000, -1.000000000000000000, 0.000000000000000000 ) ) ;
#3339 = AXIS2_PLACEMENT_3D ( 'NONE', #7079, #4202, #8929 ) ;
#3340 = ORIENTED_EDGE ( 'NONE', *, *, #11648, .F. ) ;
#3341 = ORIENTED_EDGE ( 'NONE', *, *, #11458, .T. ) ;
#3342 = CARTESIAN_POINT ( 'NONE',  ( 86.73773877359001006, -9.965739942186303324, -17.70276087818929867 ) ) ;
#3344 = VERTEX_POINT ( 'NONE', #5949 ) ;
#3343 = VECTOR ( 'NONE', #7664, 1000.000000000000000 ) ;
#3345 = AXIS2_PLACEMENT_3D ( 'NONE', #2519, #5393, #6393 ) ;
#3346 = VECTOR ( 'NONE', #10580, 1000.000000000000000 ) ;
#3347 = CARTESIAN_POINT ( 'NONE',  ( 2.094451068548226047, -9.678280664482297624, -17.71841987168669519 ) ) ;
#3348 = CARTESIAN_POINT ( 'NONE',  ( -1.800000000000000266, -9.500000000000001776, 24.80000000000000071 ) ) ;
#3349 = DIRECTION ( 'NONE',  ( 1.000000000000000000, -0.000000000000000000, -0.000000000000000000 ) ) ;
#3350 = CARTESIAN_POINT ( 'NONE',  ( 110.2009174118887529, -5.150000000034668624, -0.2000000000000008160 ) ) ;
#3351 = VERTEX_POINT ( 'NONE', #2201 ) ;
#3352 = LINE ( 'NONE', #4306, #6683 ) ;
#3353 = CARTESIAN_POINT ( 'NONE',  ( 36.39999999997512958, -3.900000000058052141, -0.2000000000000006217 ) ) ;
#3354 = ORIENTED_EDGE ( 'NONE', *, *, #8993, .F. ) ;
#3355 = AXIS2_PLACEMENT_3D ( 'NONE', #4510, #7504, #8280 ) ;
#3356 = CARTESIAN_POINT ( 'NONE',  ( 87.80705945395520473, -13.18611744796031893, -16.86729815181202952 ) ) ;
#3357 = CARTESIAN_POINT ( 'NONE',  ( -0.2000000000000000111, -15.90000000000001457, 34.79999999999999716 ) ) ;
#3358 = FACE_BOUND ( 'NONE', #7457, .T. ) ;
#3359 = ORIENTED_EDGE ( 'NONE', *, *, #8072, .F. ) ;
#3360 = VECTOR ( 'NONE', #677, 1000.000000000000000 ) ;
#3361 = CARTESIAN_POINT ( 'NONE',  ( 87.31103314663891979, -10.92739222644214614, -17.52145298261617512 ) ) ;
#3362 = ADVANCED_FACE ( 'NONE', ( #7068 ), #6976, .F. ) ;
#3363 = CARTESIAN_POINT ( 'NONE',  ( 88.40000000000000568, -17.50000000000020250, 39.19999999999971863 ) ) ;
#3364 = EDGE_CURVE ( 'NONE', #6271, #7828, #2077, .T. ) ;
#3365 = CARTESIAN_POINT ( 'NONE',  ( -1.800000000000000266, 11.79999999999999893, -13.64999999999999858 ) ) ;
#3366 = CARTESIAN_POINT ( 'NONE',  ( 35.80000000000000426, -19.10000000000000142, 28.79999999999999716 ) ) ;
#3367 = EDGE_CURVE ( 'NONE', #8140, #245, #4610, .T. ) ;
#3368 = ORIENTED_EDGE ( 'NONE', *, *, #4998, .F. ) ;
#3369 = ORIENTED_EDGE ( 'NONE', *, *, #9636, .T. ) ;
#3370 = CARTESIAN_POINT ( 'NONE',  ( 72.40000000000000568, -8.100000000000001421, 56.79999999999999716 ) ) ;
#3371 = VECTOR ( 'NONE', #7827, 1000.000000000000000 ) ;
#3372 = VERTEX_POINT ( 'NONE', #4910 ) ;
#3373 = DIRECTION ( 'NONE',  ( 1.000000000000000000, -0.000000000000000000, -0.000000000000000000 ) ) ;
#3374 = ORIENTED_EDGE ( 'NONE', *, *, #2727, .F. ) ;
#3375 = DIRECTION ( 'NONE',  ( -0.000000000000000000, 1.000000000000000000, 1.404986760216307406E-16 ) ) ;
#3376 = ORIENTED_EDGE ( 'NONE', *, *, #2149, .T. ) ;
#3377 = CARTESIAN_POINT ( 'NONE',  ( 32.80000000000000426, -17.50000000000000000, 9.799999999999998934 ) ) ;
#3378 = EDGE_CURVE ( 'NONE', #8090, #6246, #4011, .T. ) ;
#3379 = CARTESIAN_POINT ( 'NONE',  ( 71.16064528194975480, -13.33014854759199430, -16.80124226762545092 ) ) ;
#3380 = AXIS2_PLACEMENT_3D ( 'NONE', #133, #870, #2846 ) ;
#3381 = EDGE_CURVE ( 'NONE', #1339, #9666, #2667, .T. ) ;
#3382 = ORIENTED_EDGE ( 'NONE', *, *, #5341, .F. ) ;
#3383 = CARTESIAN_POINT ( 'NONE',  ( 3.799999999999999378, -19.10000000000000142, 5.799999999999999822 ) ) ;
#3384 = EDGE_CURVE ( 'NONE', #4253, #2618, #3857, .T. ) ;
#3385 = LINE ( 'NONE', #11678, #12166 ) ;
#3386 = EDGE_CURVE ( 'NONE', #5066, #3007, #1908, .T. ) ;
#3387 = ORIENTED_EDGE ( 'NONE', *, *, #3763, .T. ) ;
#3388 = ORIENTED_EDGE ( 'NONE', *, *, #3028, .F. ) ;
#3389 = DIRECTION ( 'NONE',  ( 0.000000000000000000, 0.000000000000000000, 1.000000000000000000 ) ) ;
#3390 = LINE ( 'NONE', #3757, #6128 ) ;
#3391 = CARTESIAN_POINT ( 'NONE',  ( 86.66736361904671071, -9.784201593754424664, -17.71656819247576564 ) ) ;
#3392 = CARTESIAN_POINT ( 'NONE',  ( -1.800000000000000266, -9.500000000000001776, 8.799999999999995381 ) ) ;
#3393 = ORIENTED_EDGE ( 'NONE', *, *, #9661, .F. ) ;
#3394 = DIRECTION ( 'NONE',  ( -0.000000000000000000, -0.000000000000000000, 1.000000000000000000 ) ) ;
#3395 = CARTESIAN_POINT ( 'NONE',  ( 88.40000000000000568, -18.69999999999999929, -5.612340657572022488E-15 ) ) ;
#3396 = EDGE_LOOP ( 'NONE', ( #4778, #8037, #8097, #9728 ) ) ;
#3397 = CIRCLE ( 'NONE', #10556, 1.000000000000000888 ) ;
#3398 = VECTOR ( 'NONE', #12500, 1000.000000000000000 ) ;
#3399 = CARTESIAN_POINT ( 'NONE',  ( 56.39999999999999858, -11.20000000000000462, -0.7999999999999999334 ) ) ;
#3400 = CARTESIAN_POINT ( 'NONE',  ( 86.45805322539483484, -9.213769057275984053, -17.73920980744719955 ) ) ;
#3401 = VERTEX_POINT ( 'NONE', #6047 ) ;
#3402 = EDGE_CURVE ( 'NONE', #3321, #11490, #525, .T. ) ;
#3403 = CARTESIAN_POINT ( 'NONE',  ( 88.24550232855604293, -13.33071403882097350, -16.51234122292354911 ) ) ;
#3404 = EDGE_CURVE ( 'NONE', #8332, #3401, #5040, .T. ) ;
#3405 = CARTESIAN_POINT ( 'NONE',  ( -1.799999999999999378, -3.200000000000001510, -1.800000000000000044 ) ) ;
#3406 = CARTESIAN_POINT ( 'NONE',  ( 88.40000000000000568, 0.000000000000000000, 57.39999999999999858 ) ) ;
#3407 = DIRECTION ( 'NONE',  ( 1.000000000000000000, 0.000000000000000000, -0.000000000000000000 ) ) ;
#3408 = ORIENTED_EDGE ( 'NONE', *, *, #2913, .T. ) ;
#3409 = CIRCLE ( 'NONE', #8629, 1.000000000000000888 ) ;
#3410 = DIRECTION ( 'NONE',  ( 0.000000000000000000, -1.000000000000000000, -1.234678630588475078E-16 ) ) ;
#3411 = FACE_BOUND ( 'NONE', #10600, .T. ) ;
#3412 = DIRECTION ( 'NONE',  ( 0.000000000000000000, 0.000000000000000000, 1.000000000000000000 ) ) ;
#3413 = LINE ( 'NONE', #1879, #7799 ) ;
#3414 = DIRECTION ( 'NONE',  ( 0.000000000000000000, 1.000000000000000000, -0.000000000000000000 ) ) ;
#3415 = LINE ( 'NONE', #3452, #809 ) ;
#3416 = CARTESIAN_POINT ( 'NONE',  ( 86.45806645879537200, -9.248177144078914225, -17.73894618487263841 ) ) ;
#3417 = AXIS2_PLACEMENT_3D ( 'NONE', #11549, #4629, #12530 ) ;
#3418 = DIRECTION ( 'NONE',  ( 0.000000000000000000, 0.000000000000000000, -1.000000000000000000 ) ) ;
#3419 = ORIENTED_EDGE ( 'NONE', *, *, #4004, .F. ) ;
#3420 = ORIENTED_EDGE ( 'NONE', *, *, #3498, .T. ) ;
#3421 = CARTESIAN_POINT ( 'NONE',  ( -0.2000000000000000111, -9.500000000000001776, 38.80000000000000426 ) ) ;
#3422 = VECTOR ( 'NONE', #4053, 1000.000000000000000 ) ;
#3423 = EDGE_CURVE ( 'NONE', #11586, #8174, #2808, .T. ) ;
#3424 = CARTESIAN_POINT ( 'NONE',  ( 72.14420616559038990, -10.27315253440505849, -17.67102964416379152 ) ) ;
#3425 = EDGE_LOOP ( 'NONE', ( #6542, #4834, #1539, #12188 ) ) ;
#3426 = DIRECTION ( 'NONE',  ( 0.000000000000000000, 0.000000000000000000, 1.000000000000000000 ) ) ;
#3427 = FACE_OUTER_BOUND ( 'NONE', #11092, .T. ) ;
#3428 = ADVANCED_FACE ( 'NONE', ( #378 ), #2243, .F. ) ;
#3430 = ORIENTED_EDGE ( 'NONE', *, *, #2250, .T. ) ;
#3429 = VECTOR ( 'NONE', #3256, 1000.000000000000000 ) ;
#3431 = CARTESIAN_POINT ( 'NONE',  ( 31.80000000000000071, -19.10000000000000142, 17.80000000000000071 ) ) ;
#3432 = CARTESIAN_POINT ( 'NONE',  ( 86.53729357629799779, -9.450581283721296799, -17.73385307293450452 ) ) ;
#3433 = LINE ( 'NONE', #7402, #7658 ) ;
#3434 = VERTEX_POINT ( 'NONE', #9845 ) ;
#3435 = FACE_OUTER_BOUND ( 'NONE', #11953, .T. ) ;
#3436 = DIRECTION ( 'NONE',  ( -1.000000000000000000, 0.000000000000000000, -0.000000000000000000 ) ) ;
#3437 = CARTESIAN_POINT ( 'NONE',  ( 4.799999999999999822, -19.10000000000000142, 33.80000000000000426 ) ) ;
#3438 = EDGE_CURVE ( 'NONE', #3129, #6708, #5506, .T. ) ;
#3439 = DIRECTION ( 'NONE',  ( 0.000000000000000000, -1.000000000000000000, -1.404986760216307406E-16 ) ) ;
#3440 = ADVANCED_FACE ( 'NONE', ( #11289 ), #10383, .T. ) ;
#3441 = FACE_OUTER_BOUND ( 'NONE', #2866, .T. ) ;
#3442 = PLANE ( 'NONE',  #12348 ) ;
#3443 = DIRECTION ( 'NONE',  ( 0.000000000000000000, 1.000000000000000000, 0.000000000000000000 ) ) ;
#3444 = ORIENTED_EDGE ( 'NONE', *, *, #5992, .T. ) ;
#3445 = ORIENTED_EDGE ( 'NONE', *, *, #4063, .F. ) ;
#3446 = VECTOR ( 'NONE', #1878, 1000.000000000000000 ) ;
#3447 = CARTESIAN_POINT ( 'NONE',  ( 1.400000000000012346, -17.50000000000000000, -2.755455298081544778E-15 ) ) ;
#3448 = ORIENTED_EDGE ( 'NONE', *, *, #8155, .F. ) ;
#3449 = DIRECTION ( 'NONE',  ( 0.000000000000000000, -1.000000000000000000, 0.000000000000000000 ) ) ;
#3450 = CARTESIAN_POINT ( 'NONE',  ( -1.800000000000000266, -0.2000000000003211154, 21.69999999999940599 ) ) ;
#3451 = FACE_OUTER_BOUND ( 'NONE', #2470, .T. ) ;
#3452 = CARTESIAN_POINT ( 'NONE',  ( -1.800000000000000266, -7.300000000000022027, 1.599999999999999867 ) ) ;
#3453 = CARTESIAN_POINT ( 'NONE',  ( 35.80000000000000426, -17.50000000000000000, 9.799999999999995381 ) ) ;
#3454 = CARTESIAN_POINT ( 'NONE',  ( 43.24999999996617817, -3.200000000000001510, -0.2000000000000005107 ) ) ;
#3455 = EDGE_CURVE ( 'NONE', #7042, #5288, #9464, .T. ) ;
#3456 = FACE_OUTER_BOUND ( 'NONE', #5423, .T. ) ;
#3457 = AXIS2_PLACEMENT_3D ( 'NONE', #2728, #1750, #9494 ) ;
#3458 = ORIENTED_EDGE ( 'NONE', *, *, #4182, .T. ) ;
#3459 = EDGE_LOOP ( 'NONE', ( #12554, #772, #4464, #6758 ) ) ;
#3460 = EDGE_CURVE ( 'NONE', #3296, #944, #6155, .T. ) ;
#3461 = CARTESIAN_POINT ( 'NONE',  ( 4.799999999999999822, -19.09999999999999787, 5.799999999999999822 ) ) ;
#3462 = ORIENTED_EDGE ( 'NONE', *, *, #8703, .T. ) ;
#3463 = FACE_OUTER_BOUND ( 'NONE', #8466, .T. ) ;
#3464 = CARTESIAN_POINT ( 'NONE',  ( 34.80000000000000426, -17.50000000000000000, 13.79999999999999361 ) ) ;
#3465 = EDGE_CURVE ( 'NONE', #10272, #1762, #10087, .T. ) ;
#3466 = VECTOR ( 'NONE', #763, 1000.000000000000000 ) ;
#3467 = CARTESIAN_POINT ( 'NONE',  ( 4.799999999999999822, -19.10000000000000142, 4.799999999999999822 ) ) ;
#3468 = LINE ( 'NONE', #8794, #5231 ) ;
#3469 = DIRECTION ( 'NONE',  ( -1.000000000000000000, 0.000000000000000000, 0.000000000000000000 ) ) ;
#3470 = PRODUCT_CONTEXT ( 'NONE', #9248, 'mechanical' ) ;
#3471 = DIRECTION ( 'NONE',  ( 1.245113975359227837E-14, 1.000000000000000000, 0.000000000000000000 ) ) ;
#3472 = VERTEX_POINT ( 'NONE', #1294 ) ;
#3473 = ORIENTED_EDGE ( 'NONE', *, *, #9847, .F. ) ;
#3474 = LINE ( 'NONE', #3613, #3179 ) ;
#3475 = DIRECTION ( 'NONE',  ( 1.000000000000000000, 0.000000000000000000, 0.000000000000000000 ) ) ;
#3476 = ORIENTED_EDGE ( 'NONE', *, *, #404, .F. ) ;
#3477 = EDGE_CURVE ( 'NONE', #2669, #2036, #11001, .T. ) ;
#3478 = CARTESIAN_POINT ( 'NONE',  ( 63.80000000000001137, -17.50000000000000000, 9.799999999999995381 ) ) ;
#3479 = PLANE ( 'NONE',  #9832 ) ;
#3480 = CARTESIAN_POINT ( 'NONE',  ( -1.800000000000000266, -9.500000000000001776, 34.79999999999999716 ) ) ;
#3481 = ORIENTED_EDGE ( 'NONE', *, *, #7020, .F. ) ;
#3482 = LINE ( 'NONE', #12296, #5568 ) ;
#3483 = ORIENTED_EDGE ( 'NONE', *, *, #3300, .F. ) ;
#3484 = VECTOR ( 'NONE', #7623, 1000.000000000000000 ) ;
#3485 = DIRECTION ( 'NONE',  ( 0.000000000000000000, 0.000000000000000000, 1.000000000000000000 ) ) ;
#3486 = CARTESIAN_POINT ( 'NONE',  ( 87.61715384516963923, -11.59606737308906332, -17.32816976280109245 ) ) ;
#3487 = ADVANCED_FACE ( 'NONE', ( #11429 ), #8206, .F. ) ;
#3488 = DIRECTION ( 'NONE',  ( 0.000000000000000000, 0.000000000000000000, -1.000000000000000000 ) ) ;
#3489 = AXIS2_PLACEMENT_3D ( 'NONE', #10924, #7977, #5084 ) ;
#3490 = CARTESIAN_POINT ( 'NONE',  ( 3.800000000000001155, -19.10000000000000142, 44.79999999999999716 ) ) ;
#3491 = CARTESIAN_POINT ( 'NONE',  ( 87.40000000000000568, -16.69999999999999929, -9.299999999999998934 ) ) ;
#3492 = DIRECTION ( 'NONE',  ( 0.000000000000000000, 9.351609034915406741E-17, -1.000000000000000000 ) ) ;
#3493 = AXIS2_PLACEMENT_3D ( 'NONE', #9592, #5473, #3794 ) ;
#3494 = VERTEX_POINT ( 'NONE', #6280 ) ;
#3495 = VECTOR ( 'NONE', #3246, 1000.000000000000000 ) ;
#3496 = PLANE ( 'NONE',  #5427 ) ;
#3497 = DIRECTION ( 'NONE',  ( -0.000000000000000000, 1.000000000000000000, 0.000000000000000000 ) ) ;
#3498 = EDGE_CURVE ( 'NONE', #5406, #8963, #11139, .T. ) ;
#3499 = AXIS2_PLACEMENT_3D ( 'NONE', #292, #3226, #7076 ) ;
#3500 = CARTESIAN_POINT ( 'NONE',  ( 3.412952788653536018, -12.58214886773940933, -16.92300552984470130 ) ) ;
#3501 = CARTESIAN_POINT ( 'NONE',  ( 9.600000000000001421, -19.10000000000000142, 49.29999999999999716 ) ) ;
#3502 = DIRECTION ( 'NONE',  ( 0.000000000000000000, 1.000000000000000000, 0.000000000000000000 ) ) ;
#3503 = ORIENTED_EDGE ( 'NONE', *, *, #6303, .T. ) ;
#3504 = VERTEX_POINT ( 'NONE', #2445 ) ;
#3505 = VECTOR ( 'NONE', #5146, 1000.000000000000000 ) ;
#3506 = PLANE ( 'NONE',  #7082 ) ;
#3507 = CARTESIAN_POINT ( 'NONE',  ( 71.03373776403719830, -14.07542527344770811, -16.41450692687236668 ) ) ;
#3508 = ORIENTED_EDGE ( 'NONE', *, *, #1786, .T. ) ;
#3509 = AXIS2_PLACEMENT_3D ( 'NONE', #675, #3485, #2668 ) ;
#3510 = DIRECTION ( 'NONE',  ( 1.000000000000000000, 0.000000000000000000, 0.000000000000000000 ) ) ;
#3511 = VECTOR ( 'NONE', #2789, 1000.000000000000000 ) ;
#3512 = ORIENTED_EDGE ( 'NONE', *, *, #1376, .F. ) ;
#3513 = ORIENTED_EDGE ( 'NONE', *, *, #2414, .F. ) ;
#3514 = CARTESIAN_POINT ( 'NONE',  ( 87.72433429519470849, -12.85190360560442357, -17.01031140656531804 ) ) ;
#3515 = DIRECTION ( 'NONE',  ( -0.000000000000000000, 1.000000000000000000, 3.001251688541188813E-16 ) ) ;
#3516 = CARTESIAN_POINT ( 'NONE',  ( 82.40000000000000568, -8.099999999999999645, 56.79999999999999716 ) ) ;
#3517 = ORIENTED_EDGE ( 'NONE', *, *, #10995, .T. ) ;
#3518 = LINE ( 'NONE', #10749, #8334 ) ;
#3519 = CARTESIAN_POINT ( 'NONE',  ( 9.600000000000001421, -19.10000000000000142, 52.09999999999999432 ) ) ;
#3520 = ORIENTED_EDGE ( 'NONE', *, *, #3477, .T. ) ;
#3521 = DIRECTION ( 'NONE',  ( -0.000000000000000000, 0.000000000000000000, -1.000000000000000000 ) ) ;
#3522 = VECTOR ( 'NONE', #6384, 1000.000000000000000 ) ;
#3523 = DIRECTION ( 'NONE',  ( 0.000000000000000000, -1.955719815080955213E-16, 1.000000000000000000 ) ) ;
#3524 = CARTESIAN_POINT ( 'NONE',  ( 88.40000000000000568, -0.1000000000000000056, 21.29999999999972360 ) ) ;
#3525 = ORIENTED_EDGE ( 'NONE', *, *, #5889, .F. ) ;
#3526 = CARTESIAN_POINT ( 'NONE',  ( -0.2000000000000000111, -15.90000000000001457, 38.80000000000000426 ) ) ;
#3527 = EDGE_CURVE ( 'NONE', #6501, #2158, #814, .T. ) ;
#3528 = CARTESIAN_POINT ( 'NONE',  ( -1.400000000000012346, -0.1000000000000002554, 57.79999999999999716 ) ) ;
#3529 = EDGE_LOOP ( 'NONE', ( #10735, #8576, #8247, #6364, #4928, #5609 ) ) ;
#3530 = CARTESIAN_POINT ( 'NONE',  ( 4.800000000000001599, -17.50000000000000000, 13.79999999999999893 ) ) ;
#3531 = ORIENTED_EDGE ( 'NONE', *, *, #3150, .T. ) ;
#3532 = CARTESIAN_POINT ( 'NONE',  ( 3.395632605391576853, -14.41204157704818378, -16.21339945378198166 ) ) ;
#3533 = ORIENTED_EDGE ( 'NONE', *, *, #5632, .F. ) ;
#3534 = LINE ( 'NONE', #4036, #10826 ) ;
#3535 = CARTESIAN_POINT ( 'NONE',  ( 86.98500546548554269, -10.25667720550236517, -17.65343092456667762 ) ) ;
#3536 = CARTESIAN_POINT ( 'NONE',  ( 29.84999999996615827, -3.899999999944430584, -0.9999999999997565281 ) ) ;
#3537 = EDGE_CURVE ( 'NONE', #6543, #603, #5199, .T. ) ;
#3538 = ORIENTED_EDGE ( 'NONE', *, *, #8528, .F. ) ;
#3539 = CARTESIAN_POINT ( 'NONE',  ( 87.39999999999999147, -17.50000000000000355, 39.19999999999971863 ) ) ;
#3540 = EDGE_CURVE ( 'NONE', #992, #4085, #2978, .T. ) ;
#3541 = EDGE_CURVE ( 'NONE', #10686, #11950, #11750, .T. ) ;
#3542 = ORIENTED_EDGE ( 'NONE', *, *, #594, .F. ) ;
#3543 = ORIENTED_EDGE ( 'NONE', *, *, #1502, .T. ) ;
#3544 = VECTOR ( 'NONE', #6138, 1000.000000000000000 ) ;
#3545 = CYLINDRICAL_SURFACE ( 'NONE', #5491, 2.149999999999999023 ) ;
#3546 = CARTESIAN_POINT ( 'NONE',  ( 87.65052589671617511, -12.58518298514773548, -17.11303110245581749 ) ) ;
#3547 = VECTOR ( 'NONE', #4512, 1000.000000000000000 ) ;
#3548 = PLANE ( 'NONE',  #5240 ) ;
#3549 = DIRECTION ( 'NONE',  ( -0.000000000000000000, 1.000000000000000000, -0.000000000000000000 ) ) ;
#3550 = ORIENTED_EDGE ( 'NONE', *, *, #7747, .T. ) ;
#3551 = DIRECTION ( 'NONE',  ( 0.000000000000000000, 0.000000000000000000, -1.000000000000000000 ) ) ;
#3552 = FACE_OUTER_BOUND ( 'NONE', #840, .T. ) ;
#3553 = CARTESIAN_POINT ( 'NONE',  ( -1.799999999999999378, -3.200000000000001510, -1.800000000000000044 ) ) ;
#3554 = EDGE_LOOP ( 'NONE', ( #9917, #7816, #9324, #8389, #12463, #2307 ) ) ;
#3555 = CARTESIAN_POINT ( 'NONE',  ( 4.800000000000001599, -17.50000000000000711, 41.79999999999999716 ) ) ;
#3556 = EDGE_CURVE ( 'NONE', #9049, #93, #8102, .T. ) ;
#3557 = LINE ( 'NONE', #1199, #8099 ) ;
#3558 = CARTESIAN_POINT ( 'NONE',  ( 54.39999999999999858, -3.200000000000001954, -0.7999999999999999334 ) ) ;
#3559 = DIRECTION ( 'NONE',  ( 0.000000000000000000, 0.000000000000000000, 1.000000000000000000 ) ) ;
#3560 = VECTOR ( 'NONE', #9892, 1000.000000000000000 ) ;
#3561 = ORIENTED_EDGE ( 'NONE', *, *, #8591, .T. ) ;
#3562 = DIRECTION ( 'NONE',  ( 0.000000000000000000, 0.000000000000000000, 1.000000000000000000 ) ) ;
#3563 = DIRECTION ( 'NONE',  ( -0.000000000000000000, 0.000000000000000000, -1.000000000000000000 ) ) ;
#3564 = LINE ( 'NONE', #7792, #2660 ) ;
#3565 = ORIENTED_EDGE ( 'NONE', *, *, #10186, .T. ) ;
#3566 = CARTESIAN_POINT ( 'NONE',  ( 1.814447387215583740, -9.128310994735420181, -17.74000028117295358 ) ) ;
#3567 = LINE ( 'NONE', #8066, #10095 ) ;
#3568 = AXIS2_PLACEMENT_3D ( 'NONE', #1953, #3739, #986 ) ;
#3569 = CARTESIAN_POINT ( 'NONE',  ( -1.396123723890872359, -14.42194677604305930, -16.20718270669480532 ) ) ;
#3570 = DIRECTION ( 'NONE',  ( -1.000000000000000000, -0.000000000000000000, -0.000000000000000000 ) ) ;
#3571 = CARTESIAN_POINT ( 'NONE',  ( -0.2000000000000000111, -15.90000000000001457, 30.80000000000000071 ) ) ;
#3572 = EDGE_CURVE ( 'NONE', #8768, #3232, #12351, .T. ) ;
#3573 = FACE_OUTER_BOUND ( 'NONE', #9920, .T. ) ;
#3574 = ORIENTED_EDGE ( 'NONE', *, *, #3685, .F. ) ;
#3575 = VERTEX_POINT ( 'NONE', #5152 ) ;
#3576 = CARTESIAN_POINT ( 'NONE',  ( 43.24999999996617106, -3.899999999944617990, -0.9999999999999438227 ) ) ;
#3577 = CYLINDRICAL_SURFACE ( 'NONE', #11089, 1.000000000000000888 ) ;
#3578 = CARTESIAN_POINT ( 'NONE',  ( 35.80000000000000426, -19.10000000000000142, 37.79999999999999716 ) ) ;
#3579 = ORIENTED_EDGE ( 'NONE', *, *, #11014, .F. ) ;
#3580 = ORIENTED_EDGE ( 'NONE', *, *, #8315, .F. ) ;
#3581 = FACE_OUTER_BOUND ( 'NONE', #653, .T. ) ;
#3582 = CARTESIAN_POINT ( 'NONE',  ( 4.199999999999995737, -8.100000000000001421, 56.79999999999999716 ) ) ;
#3583 = AXIS2_PLACEMENT_3D ( 'NONE', #10622, #6860, #6941 ) ;
#3584 = DIRECTION ( 'NONE',  ( 0.000000000000000000, 1.000000000000000000, -0.000000000000000000 ) ) ;
#3585 = PLANE ( 'NONE',  #7625 ) ;
#3586 = ORIENTED_EDGE ( 'NONE', *, *, #10492, .F. ) ;
#3587 = VERTEX_POINT ( 'NONE', #7226 ) ;
#3588 = ORIENTED_EDGE ( 'NONE', *, *, #6217, .T. ) ;
#3589 = DIRECTION ( 'NONE',  ( 0.000000000000000000, 1.234678630588475078E-16, -1.000000000000000000 ) ) ;
#3590 = CARTESIAN_POINT ( 'NONE',  ( -0.2000000000000000111, -9.500000000000001776, 32.79999999999999716 ) ) ;
#3591 = EDGE_CURVE ( 'NONE', #2444, #289, #670, .T. ) ;
#3592 = CYLINDRICAL_SURFACE ( 'NONE', #978, 1.000000000000000888 ) ;
#3593 = CIRCLE ( 'NONE', #3339, 1.000000000000000888 ) ;
#3594 = CARTESIAN_POINT ( 'NONE',  ( 70.60000000000000853, 2.809973520432616167E-17, -0.2000000000000000944 ) ) ;
#3595 = EDGE_CURVE ( 'NONE', #7494, #9209, #6748, .T. ) ;
#3596 = DIRECTION ( 'NONE',  ( 1.000000000000000000, -0.000000000000000000, -0.000000000000000000 ) ) ;
#3597 = CARTESIAN_POINT ( 'NONE',  ( 3.800000000000001155, -19.10000000000000142, 10.79999999999999893 ) ) ;
#3598 = LINE ( 'NONE', #1480, #413 ) ;
#3599 = DIRECTION ( 'NONE',  ( 0.000000000000000000, 0.000000000000000000, 1.000000000000000000 ) ) ;
#3600 = ORIENTED_EDGE ( 'NONE', *, *, #12134, .F. ) ;
#3601 = ORIENTED_EDGE ( 'NONE', *, *, #11033, .T. ) ;
#3602 = VERTEX_POINT ( 'NONE', #10996 ) ;
#3603 = CARTESIAN_POINT ( 'NONE',  ( 31.80000000000000071, -17.50000000000000000, 18.80000000000000071 ) ) ;
#3604 = VECTOR ( 'NONE', #11674, 1000.000000000000000 ) ;
#3605 = CARTESIAN_POINT ( 'NONE',  ( 62.80000000000001137, -19.10000000000000142, 16.79999999999999716 ) ) ;
#3606 = DIRECTION ( 'NONE',  ( 0.000000000000000000, 0.000000000000000000, 1.000000000000000000 ) ) ;
#3607 = CARTESIAN_POINT ( 'NONE',  ( 71.32551094999276131, -12.66981896494607973, -17.08131453687339629 ) ) ;
#3608 = EDGE_LOOP ( 'NONE', ( #2318, #3183, #10904, #84 ) ) ;
#3609 = AXIS2_PLACEMENT_3D ( 'NONE', #3431, #11173, #5328 ) ;
#3610 = EDGE_CURVE ( 'NONE', #3281, #8180, #1895, .T. ) ;
#3611 = CARTESIAN_POINT ( 'NONE',  ( 3.321343150831213009, -13.75179725468440672, -16.59305860781556419 ) ) ;
#3612 = EDGE_CURVE ( 'NONE', #11193, #6205, #4752, .T. ) ;
#3613 = CARTESIAN_POINT ( 'NONE',  ( 4.800000000000000711, -19.10000000000000142, 8.799999999999998934 ) ) ;
#3614 = VERTEX_POINT ( 'NONE', #8367 ) ;
#3615 = EDGE_CURVE ( 'NONE', #3276, #10963, #367, .T. ) ;
#3616 = LINE ( 'NONE', #497, #11349 ) ;
#3617 = ADVANCED_FACE ( 'NONE', ( #12342 ), #3496, .F. ) ;
#3618 = LINE ( 'NONE', #4461, #5251 ) ;
#3619 = PRODUCT_DEFINITION_SHAPE ( 'NONE', 'NONE',  #3301 ) ;
#3620 = ORIENTED_EDGE ( 'NONE', *, *, #6211, .T. ) ;
#3621 = DIRECTION ( 'NONE',  ( 0.000000000000000000, -1.000000000000000000, -1.234678630588475078E-16 ) ) ;
#3622 = CIRCLE ( 'NONE', #9047, 1.000000000000000000 ) ;
#3623 = CARTESIAN_POINT ( 'NONE',  ( 87.99999049333824530, -14.42588712219250269, -16.20720614798034731 ) ) ;
#3624 = DIRECTION ( 'NONE',  ( 0.7071067811865531239, -0.7071067811865417996, 0.000000000000000000 ) ) ;
#3625 = FACE_OUTER_BOUND ( 'NONE', #10554, .T. ) ;
#3626 = EDGE_CURVE ( 'NONE', #10273, #9397, #10678, .T. ) ;
#3627 = EDGE_CURVE ( 'NONE', #48, #607, #5187, .T. ) ;
#3628 = CARTESIAN_POINT ( 'NONE',  ( 3.800000000000001155, -19.10000000000000142, 45.79999999999999716 ) ) ;
#3629 = CARTESIAN_POINT ( 'NONE',  ( -1.800000000000000266, -9.500000000000001776, 36.79999999999999716 ) ) ;
#3630 = EDGE_LOOP ( 'NONE', ( #4448, #6400, #9122, #4946, #2456, #5660 ) ) ;
#3631 = LINE ( 'NONE', #2714, #5913 ) ;
#3632 = CARTESIAN_POINT ( 'NONE',  ( 21.00677727426997166, -9.494633136679889063, -2.000000000000000000 ) ) ;
#3633 = AXIS2_PLACEMENT_3D ( 'NONE', #9059, #5172, #9013 ) ;
#3634 = DIRECTION ( 'NONE',  ( -1.000000000000000000, -0.000000000000000000, -0.000000000000000000 ) ) ;
#3635 = AXIS2_PLACEMENT_3D ( 'NONE', #11777, #4929, #2094 ) ;
#3636 = ORIENTED_EDGE ( 'NONE', *, *, #9210, .F. ) ;
#3637 = ORIENTED_EDGE ( 'NONE', *, *, #10102, .T. ) ;
#3638 = CARTESIAN_POINT ( 'NONE',  ( 71.47891411433785436, -12.15201547081521483, -17.26365241204403489 ) ) ;
#3639 = ORIENTED_EDGE ( 'NONE', *, *, #6820, .F. ) ;
#3640 = EDGE_CURVE ( 'NONE', #879, #6093, #2969, .T. ) ;
#3641 = FACE_BOUND ( 'NONE', #6862, .T. ) ;
#3642 = VERTEX_POINT ( 'NONE', #11192 ) ;
#3643 = AXIS2_PLACEMENT_3D ( 'NONE', #4685, #3756, #5657 ) ;
#3644 = CARTESIAN_POINT ( 'NONE',  ( 3.506936922940546708, -12.85754146025434252, -16.78284577622155993 ) ) ;
#3645 = CARTESIAN_POINT ( 'NONE',  ( -1.355302740238640391, -13.98688329600126146, -16.46459728049019233 ) ) ;
#3646 = CARTESIAN_POINT ( 'NONE',  ( 57.00000000000000000, -17.50000000000000000, 49.29999999999999716 ) ) ;
#3647 = CARTESIAN_POINT ( 'NONE',  ( -1.400000000000012346, -14.62770798392567073, -16.07333333333333059 ) ) ;
#3648 = FACE_OUTER_BOUND ( 'NONE', #4718, .T. ) ;
#3649 = VERTEX_POINT ( 'NONE', #4432 ) ;
#3650 = CARTESIAN_POINT ( 'NONE',  ( 2.692821046574152888, 13.39950543909216840, -17.53369209220414149 ) ) ;
#3651 = CARTESIAN_POINT ( 'NONE',  ( 84.20000000000001705, -16.69999999999999929, -13.70000000000000107 ) ) ;
#3652 = ORIENTED_EDGE ( 'NONE', *, *, #2088, .F. ) ;
#3653 = ORIENTED_EDGE ( 'NONE', *, *, #7192, .T. ) ;
#3654 = VERTEX_POINT ( 'NONE', #11233 ) ;
#3655 = VERTEX_POINT ( 'NONE', #6355 ) ;
#3656 = LINE ( 'NONE', #2918, #3229 ) ;
#3657 = DIRECTION ( 'NONE',  ( 0.7071067811865561215, 0.000000000000000000, -0.7071067811865389130 ) ) ;
#3658 = CARTESIAN_POINT ( 'NONE',  ( -0.2000000000000000111, -15.90000000000001101, -1.963139022635676547E-15 ) ) ;
#3659 = DIRECTION ( 'NONE',  ( -1.000000000000000000, -0.000000000000000000, -0.000000000000000000 ) ) ;
#3660 = DIRECTION ( 'NONE',  ( 0.000000000000000000, 0.000000000000000000, 1.000000000000000000 ) ) ;
#3661 = CARTESIAN_POINT ( 'NONE',  ( 71.95684105063588731, -10.37453777577771952, -17.63384873133002984 ) ) ;
#3662 = VECTOR ( 'NONE', #7253, 1000.000000000000000 ) ;
#3663 = CARTESIAN_POINT ( 'NONE',  ( 54.39999999999999858, -3.200000000000001954, -0.7999999999999999334 ) ) ;
#3664 = ORIENTED_EDGE ( 'NONE', *, *, #2785, .F. ) ;
#3665 = CARTESIAN_POINT ( 'NONE',  ( -1.799999999999996048, -9.099999999999996092, -7.740000000000002878 ) ) ;
#3666 = ORIENTED_EDGE ( 'NONE', *, *, #3061, .T. ) ;
#3667 = LINE ( 'NONE', #7644, #7914 ) ;
#3668 = EDGE_LOOP ( 'NONE', ( #9278, #8721, #9708, #9217, #4207 ) ) ;
#3669 = ORIENTED_EDGE ( 'NONE', *, *, #8374, .T. ) ;
#3670 = VECTOR ( 'NONE', #5658, 1000.000000000000000 ) ;
#3671 = DIRECTION ( 'NONE',  ( 1.000000000000000000, 0.000000000000000000, 0.000000000000000000 ) ) ;
#3672 = AXIS2_PLACEMENT_3D ( 'NONE', #10406, #5545, #10334 ) ;
#3673 = EDGE_CURVE ( 'NONE', #8807, #3401, #12201, .T. ) ;
#3674 = DIRECTION ( 'NONE',  ( 1.000000000000000000, 3.469446951953613696E-16, 0.000000000000000000 ) ) ;
#3675 = FACE_OUTER_BOUND ( 'NONE', #9715, .T. ) ;
#3676 = ORIENTED_EDGE ( 'NONE', *, *, #10425, .F. ) ;
#3677 = DIRECTION ( 'NONE',  ( -1.000000000000000000, -0.000000000000000000, -0.000000000000000000 ) ) ;
#3678 = CYLINDRICAL_SURFACE ( 'NONE', #5407, 1.000000000000000888 ) ;
#3679 = EDGE_CURVE ( 'NONE', #7409, #11990, #4579, .T. ) ;
#3680 = CARTESIAN_POINT ( 'NONE',  ( 71.64176992315616133, -11.02737508279716216, -17.49653817117677335 ) ) ;
#3681 = CIRCLE ( 'NONE', #11607, 1.000000000000000888 ) ;
#3682 = DIRECTION ( 'NONE',  ( 0.000000000000000000, -1.000000000000000000, 0.000000000000000000 ) ) ;
#3683 = CARTESIAN_POINT ( 'NONE',  ( -1.087736947800749476, -12.71793930179980592, -17.06267781365355418 ) ) ;
#3684 = CYLINDRICAL_SURFACE ( 'NONE', #12002, 11.30000000000000071 ) ;
#3685 = EDGE_CURVE ( 'NONE', #7400, #2664, #1580, .T. ) ;
#3686 = CARTESIAN_POINT ( 'NONE',  ( 70.60000000000000853, 8.123044737829948403, -14.04558441227158738 ) ) ;
#3687 = VECTOR ( 'NONE', #8680, 1000.000000000000000 ) ;
#3688 = CARTESIAN_POINT ( 'NONE',  ( 62.80000000000001137, -19.10000000000000142, 17.79999999999999716 ) ) ;
#3689 = ORIENTED_EDGE ( 'NONE', *, *, #926, .F. ) ;
#3690 = VERTEX_POINT ( 'NONE', #1657 ) ;
#3691 = CARTESIAN_POINT ( 'NONE',  ( 34.80000000000000426, -17.50000000000000000, 34.79999999999999716 ) ) ;
#3692 = EDGE_CURVE ( 'NONE', #3738, #8503, #6574, .T. ) ;
#3693 = LINE ( 'NONE', #4594, #1576 ) ;
#3694 = DIRECTION ( 'NONE',  ( 0.000000000000000000, -1.000000000000000000, 0.000000000000000000 ) ) ;
#3695 = ADVANCED_FACE ( 'NONE', ( #12029 ), #3845, .F. ) ;
#3696 = EDGE_LOOP ( 'NONE', ( #1258, #11673, #12277, #2320, #186 ) ) ;
#3697 = ORIENTED_EDGE ( 'NONE', *, *, #7281, .F. ) ;
#3698 = DIRECTION ( 'NONE',  ( 0.000000000000000000, 0.000000000000000000, 1.000000000000000000 ) ) ;
#3699 = VECTOR ( 'NONE', #7854, 1000.000000000000000 ) ;
#3700 = LINE ( 'NONE', #6031, #817 ) ;
#3701 = DIRECTION ( 'NONE',  ( 0.000000000000000000, 0.000000000000000000, 1.000000000000000000 ) ) ;
#3702 = DIRECTION ( 'NONE',  ( 0.000000000000000000, 0.000000000000000000, -1.000000000000000000 ) ) ;
#3703 = ORIENTED_EDGE ( 'NONE', *, *, #10256, .F. ) ;
#3704 = DIRECTION ( 'NONE',  ( 0.000000000000000000, 0.000000000000000000, -1.000000000000000000 ) ) ;
#3705 = CARTESIAN_POINT ( 'NONE',  ( -0.2000000000000000111, -4.545900930049278088, 20.39936534720461481 ) ) ;
#3706 = CARTESIAN_POINT ( 'NONE',  ( 71.48226416777305303, -11.37309159789660029, -17.39964251802694761 ) ) ;
#3707 = CARTESIAN_POINT ( 'NONE',  ( 62.80000000000001137, -19.09999999999999787, 22.79999999999999361 ) ) ;
#3708 = AXIS2_PLACEMENT_3D ( 'NONE', #8241, #5233, #6352 ) ;
#3709 = ORIENTED_EDGE ( 'NONE', *, *, #11730, .F. ) ;
#3710 = DIRECTION ( 'NONE',  ( -0.000000000000000000, -1.000000000000000000, -0.000000000000000000 ) ) ;
#3711 = VECTOR ( 'NONE', #9685, 1000.000000000000000 ) ;
#3712 = ORIENTED_EDGE ( 'NONE', *, *, #3423, .T. ) ;
#3713 = EDGE_CURVE ( 'NONE', #5036, #7271, #7057, .T. ) ;
#3714 = FACE_OUTER_BOUND ( 'NONE', #6504, .T. ) ;
#3715 = CARTESIAN_POINT ( 'NONE',  ( 2.652195452166855816, -11.34776666053361360, -17.48492163002710953 ) ) ;
#3716 = CARTESIAN_POINT ( 'NONE',  ( 3.619128645465510274, -13.23233170469145215, -16.57148833218156270 ) ) ;
#3717 = LINE ( 'NONE', #5510, #11159 ) ;
#3718 = DIRECTION ( 'NONE',  ( 1.000000000000000000, 0.000000000000000000, 0.000000000000000000 ) ) ;
#3719 = CARTESIAN_POINT ( 'NONE',  ( 72.09489127772037875, -10.40243263844850929, -17.65553839282128124 ) ) ;
#3720 = LINE ( 'NONE', #4608, #11459 ) ;
#3721 = ORIENTED_EDGE ( 'NONE', *, *, #12339, .T. ) ;
#3722 = AXIS2_PLACEMENT_3D ( 'NONE', #12473, #11680, #9756 ) ;
#3723 = EDGE_LOOP ( 'NONE', ( #8906, #4548, #3758, #1673, #9684, #1634 ) ) ;
#3724 = DIRECTION ( 'NONE',  ( 0.000000000000000000, 0.000000000000000000, -1.000000000000000000 ) ) ;
#3725 = LINE ( 'NONE', #27, #3446 ) ;
#3726 = AXIS2_PLACEMENT_3D ( 'NONE', #9108, #3317, #10096 ) ;
#3727 = CARTESIAN_POINT ( 'NONE',  ( 81.00000000000000000, 18.00000000000000000, -17.73999999999999844 ) ) ;
#3728 = CIRCLE ( 'NONE', #2702, 1.000000000000000888 ) ;
#3729 = ADVANCED_FACE ( 'NONE', ( #957 ), #5259, .T. ) ;
#3730 = CARTESIAN_POINT ( 'NONE',  ( -1.575282263599243615, -13.07762055678739443, -16.66175152372536061 ) ) ;
#3731 = CARTESIAN_POINT ( 'NONE',  ( 86.79999999999999716, -17.50000000000020250, 39.19999999999971863 ) ) ;
#3732 = CARTESIAN_POINT ( 'NONE',  ( -0.2000000000000000111, -9.500000000000001776, 24.80000000000000071 ) ) ;
#3733 = ORIENTED_EDGE ( 'NONE', *, *, #5994, .F. ) ;
#3734 = LINE ( 'NONE', #9219, #3021 ) ;
#3735 = PLANE ( 'NONE',  #3031 ) ;
#3736 = ORIENTED_EDGE ( 'NONE', *, *, #178, .F. ) ;
#3737 = ORIENTED_EDGE ( 'NONE', *, *, #11806, .F. ) ;
#3738 = VERTEX_POINT ( 'NONE', #3454 ) ;
#3739 = DIRECTION ( 'NONE',  ( 0.000000000000000000, 1.000000000000000000, -0.000000000000000000 ) ) ;
#3740 = LINE ( 'NONE', #9401, #8144 ) ;
#3741 = CARTESIAN_POINT ( 'NONE',  ( 4.799999999999999822, -17.50000000000000355, 29.80000000000000071 ) ) ;
#3742 = DIRECTION ( 'NONE',  ( -0.7071067811865524577, 0.7071067811865426878, 0.000000000000000000 ) ) ;
#3743 = CARTESIAN_POINT ( 'NONE',  ( 88.40000000000000568, -18.70000000000001350, 57.39999999999999858 ) ) ;
#3744 = CARTESIAN_POINT ( 'NONE',  ( 71.24170299813985707, -11.92552749611690466, -17.20948158329701627 ) ) ;
#3745 = CARTESIAN_POINT ( 'NONE',  ( 34.80000000000000426, -17.50000000000000000, 21.79999999999999716 ) ) ;
#3746 = ORIENTED_EDGE ( 'NONE', *, *, #5712, .T. ) ;
#3747 = EDGE_CURVE ( 'NONE', #3642, #5921, #2219, .T. ) ;
#3748 = EDGE_CURVE ( 'NONE', #6309, #11156, #1277, .T. ) ;
#3749 = LINE ( 'NONE', #1021, #131 ) ;
#3750 = VECTOR ( 'NONE', #5020, 1000.000000000000000 ) ;
#3751 = DIRECTION ( 'NONE',  ( 1.000000000000000000, -0.000000000000000000, -0.000000000000000000 ) ) ;
#3752 = CARTESIAN_POINT ( 'NONE',  ( 1.800000000000000044, -9.099999999999994316, -17.74000000000000199 ) ) ;
#3753 = EDGE_LOOP ( 'NONE', ( #3636, #34, #12364, #4689 ) ) ;
#3754 = DIRECTION ( 'NONE',  ( 0.000000000000000000, 0.000000000000000000, -1.000000000000000000 ) ) ;
#3755 = LINE ( 'NONE', #2388, #2876 ) ;
#3756 = DIRECTION ( 'NONE',  ( 0.000000000000000000, -0.000000000000000000, 1.000000000000000000 ) ) ;
#3757 = CARTESIAN_POINT ( 'NONE',  ( 32.80000000000000426, -17.50000000000000000, 41.79999999999999716 ) ) ;
#3758 = ORIENTED_EDGE ( 'NONE', *, *, #11309, .T. ) ;
#3759 = ORIENTED_EDGE ( 'NONE', *, *, #1838, .T. ) ;
#3760 = LINE ( 'NONE', #5308, #1197 ) ;
#3761 = DIRECTION ( 'NONE',  ( -0.000000000000000000, -0.000000000000000000, 1.000000000000000000 ) ) ;
#3762 = CARTESIAN_POINT ( 'NONE',  ( 71.19294054604482369, -13.18611744796030649, -16.86729815181203662 ) ) ;
#3763 = EDGE_CURVE ( 'NONE', #9017, #7527, #6131, .T. ) ;
#3764 = FACE_OUTER_BOUND ( 'NONE', #12429, .T. ) ;
#3765 = EDGE_CURVE ( 'NONE', #11941, #5154, #7635, .T. ) ;
#3766 = DIRECTION ( 'NONE',  ( 0.000000000000000000, 0.000000000000000000, -1.000000000000000000 ) ) ;
#3767 = EDGE_CURVE ( 'NONE', #9071, #2615, #5646, .T. ) ;
#3768 = CARTESIAN_POINT ( 'NONE',  ( -0.6130103613417569042, -11.23787840262241566, -17.50881096715479401 ) ) ;
#3769 = CARTESIAN_POINT ( 'NONE',  ( 72.40000000000000568, -8.100000000000001421, 56.79999999999999716 ) ) ;
#3770 = EDGE_CURVE ( 'NONE', #227, #4895, #12486, .T. ) ;
#3771 = CARTESIAN_POINT ( 'NONE',  ( -1.155591850678287624, -11.91916228882517359, -17.21182020368835808 ) ) ;
#3772 = ORIENTED_EDGE ( 'NONE', *, *, #4167, .T. ) ;
#3773 = LINE ( 'NONE', #3950, #1985 ) ;
#3775 = ORIENTED_EDGE ( 'NONE', *, *, #7491, .T. ) ;
#3774 = LINE ( 'NONE', #11509, #8023 ) ;
#3776 = FACE_OUTER_BOUND ( 'NONE', #9412, .T. ) ;
#3777 = CARTESIAN_POINT ( 'NONE',  ( 6.800000000000000711, -20.95000000000000639, 51.14999999999997726 ) ) ;
#3778 = ORIENTED_EDGE ( 'NONE', *, *, #7904, .F. ) ;
#3779 = VERTEX_POINT ( 'NONE', #62 ) ;
#3780 = VECTOR ( 'NONE', #1328, 1000.000000000000000 ) ;
#3781 = DIRECTION ( 'NONE',  ( -1.000000000000000000, 0.000000000000000000, -0.000000000000000000 ) ) ;
#3782 = VECTOR ( 'NONE', #9379, 1000.000000000000000 ) ;
#3783 = CARTESIAN_POINT ( 'NONE',  ( -1.000000000000000000, 0.000000000000000000, 0.000000000000000000 ) ) ;
#3784 = EDGE_CURVE ( 'NONE', #1170, #6099, #3110, .T. ) ;
#3785 = ORIENTED_EDGE ( 'NONE', *, *, #1697, .F. ) ;
#3786 = VECTOR ( 'NONE', #7888, 1000.000000000000000 ) ;
#3787 = EDGE_CURVE ( 'NONE', #4059, #11926, #10368, .T. ) ;
#3788 = DIRECTION ( 'NONE',  ( -0.000000000000000000, 1.000000000000000000, 0.000000000000000000 ) ) ;
#3789 = CARTESIAN_POINT ( 'NONE',  ( 4.799999999999999822, -17.50000000000000000, 34.79999999999999716 ) ) ;
#3790 = LINE ( 'NONE', #8098, #1377 ) ;
#3791 = ADVANCED_FACE ( 'NONE', ( #6732 ), #7043, .F. ) ;
#3792 = ORIENTED_EDGE ( 'NONE', *, *, #9431, .F. ) ;
#3793 = VERTEX_POINT ( 'NONE', #9605 ) ;
#3794 = DIRECTION ( 'NONE',  ( 0.000000000000000000, 0.000000000000000000, -1.000000000000000000 ) ) ;
#3795 = DIRECTION ( 'NONE',  ( -0.000000000000000000, 1.000000000000000000, 3.001251688541188813E-16 ) ) ;
#3796 = CARTESIAN_POINT ( 'NONE',  ( 1.964985729518854418, -9.521407223892092375, -17.73133415344945618 ) ) ;
#3797 = ORIENTED_EDGE ( 'NONE', *, *, #1645, .T. ) ;
#3798 = CARTESIAN_POINT ( 'NONE',  ( 84.20000000000001705, 11.79999999999999716, -9.350000000000001421 ) ) ;
#3799 = AXIS2_PLACEMENT_3D ( 'NONE', #12372, #12453, #3674 ) ;
#3800 = ORIENTED_EDGE ( 'NONE', *, *, #6896, .F. ) ;
#3801 = CARTESIAN_POINT ( 'NONE',  ( 17.00677727426996810, 4.299999999999999822, -0.1999999999999994837 ) ) ;
#3802 = LINE ( 'NONE', #6763, #1548 ) ;
#3803 = CARTESIAN_POINT ( 'NONE',  ( 1.400000000000012346, -17.50000000000000000, -2.755455298081544778E-15 ) ) ;
#3804 = DIRECTION ( 'NONE',  ( 0.000000000000000000, -1.000000000000000000, -1.234678630588475078E-16 ) ) ;
#3805 = EDGE_CURVE ( 'NONE', #5014, #2268, #11884, .T. ) ;
#3806 = CARTESIAN_POINT ( 'NONE',  ( -0.8000000000000001554, -0.1000000000000002554, 6.599999999999999645 ) ) ;
#3807 = ADVANCED_FACE ( 'NONE', ( #11580 ), #10680, .F. ) ;
#3808 = AXIS2_PLACEMENT_3D ( 'NONE', #7875, #6879, #2140 ) ;
#3809 = CARTESIAN_POINT ( 'NONE',  ( 3.799999999999999822, -3.200000000000001510, 0.000000000000000000 ) ) ;
#3810 = ORIENTED_EDGE ( 'NONE', *, *, #8542, .F. ) ;
#3811 = VERTEX_POINT ( 'NONE', #9659 ) ;
#3812 = CARTESIAN_POINT ( 'NONE',  ( -0.4832304973323696684, -10.45604149997392263, -17.61968396251975477 ) ) ;
#3813 = ORIENTED_EDGE ( 'NONE', *, *, #12502, .T. ) ;
#3814 = CARTESIAN_POINT ( 'NONE',  ( -0.03193229949875265455, -9.555032649180187576, -17.72735518186383175 ) ) ;
#3815 = CARTESIAN_POINT ( 'NONE',  ( -1.800000000000000266, -9.500000000000001776, 36.79999999999999716 ) ) ;
#3816 = DIRECTION ( 'NONE',  ( 1.000000000000000000, -0.000000000000000000, -0.000000000000000000 ) ) ;
#3817 = AXIS2_PLACEMENT_3D ( 'NONE', #1625, #11324, #7600 ) ;
#3818 = VERTEX_POINT ( 'NONE', #1063 ) ;
#3819 = PLANE ( 'NONE',  #4949 ) ;
#3820 = CARTESIAN_POINT ( 'NONE',  ( 35.80000000000000426, -17.50000000000000355, 29.79999999999999716 ) ) ;
#3821 = LINE ( 'NONE', #3350, #11256 ) ;
#3822 = ORIENTED_EDGE ( 'NONE', *, *, #4714, .F. ) ;
#3823 = CONICAL_SURFACE ( 'NONE', #4772, 9.600000000000006750, 0.7853981633974439491 ) ;
#3824 = EDGE_CURVE ( 'NONE', #11759, #5035, #9588, .T. ) ;
#3825 = DIRECTION ( 'NONE',  ( 0.000000000000000000, 0.000000000000000000, -1.000000000000000000 ) ) ;
#3826 = CARTESIAN_POINT ( 'NONE',  ( 3.799999999999999378, -19.10000000000000142, 18.80000000000000071 ) ) ;
#3827 = VECTOR ( 'NONE', #2043, 1000.000000000000000 ) ;
#3828 = CARTESIAN_POINT ( 'NONE',  ( 16.19999999999999218, -0.09999999999999889533, 56.79999999999999716 ) ) ;
#3829 = CARTESIAN_POINT ( 'NONE',  ( 72.60000000000000853, -9.099999999999996092, -17.73999999999999844 ) ) ;
#3830 = CARTESIAN_POINT ( 'NONE',  ( 3.799999999999999378, -17.50000000000000000, 36.79999999999999716 ) ) ;
#3831 = ORIENTED_EDGE ( 'NONE', *, *, #3784, .T. ) ;
#3832 = LINE ( 'NONE', #1347, #3544 ) ;
#3833 = CARTESIAN_POINT ( 'NONE',  ( -1.800000000000000266, -9.500000000000001776, 16.80000000000000071 ) ) ;
#3834 = ORIENTED_EDGE ( 'NONE', *, *, #63, .T. ) ;
#3835 = CARTESIAN_POINT ( 'NONE',  ( 88.40000000000000568, -15.54999999999981419, 1.950000000000472244 ) ) ;
#3836 = EDGE_CURVE ( 'NONE', #10841, #4534, #1568, .T. ) ;
#3837 = DIRECTION ( 'NONE',  ( -1.000000000000000000, 0.000000000000000000, 0.000000000000000000 ) ) ;
#3838 = AXIS2_PLACEMENT_3D ( 'NONE', #7945, #4925, #5924 ) ;
#3839 = EDGE_CURVE ( 'NONE', #8397, #9652, #8362, .T. ) ;
#3840 = PLANE ( 'NONE',  #1869 ) ;
#3841 = DIRECTION ( 'NONE',  ( -0.000000000000000000, -0.000000000000000000, 1.000000000000000000 ) ) ;
#3842 = DIRECTION ( 'NONE',  ( 0.000000000000000000, 0.000000000000000000, -1.000000000000000000 ) ) ;
#3843 = CARTESIAN_POINT ( 'NONE',  ( 34.80000000000000426, -19.10000000000000142, 17.79999999999999361 ) ) ;
#3844 = EDGE_CURVE ( 'NONE', #798, #3027, #5174, .T. ) ;
#3845 = CYLINDRICAL_SURFACE ( 'NONE', #3275, 1.000000000000000888 ) ;
#3846 = ORIENTED_EDGE ( 'NONE', *, *, #2168, .T. ) ;
#3847 = CARTESIAN_POINT ( 'NONE',  ( 31.80000000000000071, -19.09999999999999787, 5.799999999999999822 ) ) ;
#3848 = VECTOR ( 'NONE', #7575, 1000.000000000000000 ) ;
#3849 = DIRECTION ( 'NONE',  ( -1.000000000000000000, -0.000000000000000000, -0.000000000000000000 ) ) ;
#3850 = CYLINDRICAL_SURFACE ( 'NONE', #12484, 1.000000000000000000 ) ;
#3851 = VECTOR ( 'NONE', #10015, 1000.000000000000000 ) ;
#3852 = DIRECTION ( 'NONE',  ( 0.000000000000000000, -1.000000000000000000, -0.000000000000000000 ) ) ;
#3853 = CARTESIAN_POINT ( 'NONE',  ( 0.05754761510767603810, -9.463775768867352056, -17.73338200780121099 ) ) ;
#3854 = ADVANCED_FACE ( 'NONE', ( #2952 ), #2943, .F. ) ;
#3855 = CARTESIAN_POINT ( 'NONE',  ( -0.9922857629795391876, -11.54029224769402440, -17.34604835822837288 ) ) ;
#3856 = CARTESIAN_POINT ( 'NONE',  ( 3.799999999999999822, -18.70000000000001350, -1.800000000000000044 ) ) ;
#3857 = LINE ( 'NONE', #5991, #10103 ) ;
#3858 = VERTEX_POINT ( 'NONE', #4812 ) ;
#3859 = DIRECTION ( 'NONE',  ( 1.000000000000000000, 0.000000000000000000, 0.000000000000000000 ) ) ;
#3860 = CARTESIAN_POINT ( 'NONE',  ( 32.80000000000000426, -17.50000000000000000, 45.79999999999999716 ) ) ;
#3861 = CARTESIAN_POINT ( 'NONE',  ( -1.800000000000000266, 17.99999999999999645, -11.53999999999999737 ) ) ;
#3862 = VECTOR ( 'NONE', #7154, 1000.000000000000000 ) ;
#3863 = ORIENTED_EDGE ( 'NONE', *, *, #3595, .F. ) ;
#3864 = ORIENTED_EDGE ( 'NONE', *, *, #2480, .F. ) ;
#3865 = AXIS2_PLACEMENT_3D ( 'NONE', #8127, #3314, #6236 ) ;
#3866 = DIRECTION ( 'NONE',  ( -0.000000000000000000, 1.000000000000000000, 0.000000000000000000 ) ) ;
#3867 = CARTESIAN_POINT ( 'NONE',  ( 16.19999999999999218, -10.10000000000000142, 57.79999999999999716 ) ) ;
#3868 = EDGE_CURVE ( 'NONE', #5103, #2155, #2341, .T. ) ;
#3869 = FACE_OUTER_BOUND ( 'NONE', #11370, .T. ) ;
#3870 = PLANE ( 'NONE',  #5795 ) ;
#3871 = CARTESIAN_POINT ( 'NONE',  ( 1.400000000000012346, -17.50000000000000355, 36.79999999999999716 ) ) ;
#3872 = DIRECTION ( 'NONE',  ( 1.000000000000000000, 0.000000000000000000, 0.000000000000000000 ) ) ;
#3873 = CIRCLE ( 'NONE', #896, 1.000000000000000888 ) ;
#3874 = DIRECTION ( 'NONE',  ( 1.000000000000000000, 0.000000000000000000, -0.000000000000000000 ) ) ;
#3875 = VERTEX_POINT ( 'NONE', #7134 ) ;
#3876 = ORIENTED_EDGE ( 'NONE', *, *, #2724, .T. ) ;
#3877 = CARTESIAN_POINT ( 'NONE',  ( 62.80000000000001137, -17.50000000000000000, 22.79999999999999361 ) ) ;
#3878 = ORIENTED_EDGE ( 'NONE', *, *, #9435, .T. ) ;
#3879 = CARTESIAN_POINT ( 'NONE',  ( -1.800000000000000266, -0.1000000000000008521, 8.599999999999999645 ) ) ;
#3880 = FACE_OUTER_BOUND ( 'NONE', #5351, .T. ) ;
#3881 = VERTEX_POINT ( 'NONE', #7999 ) ;
#3882 = CARTESIAN_POINT ( 'NONE',  ( 68.40000000000000568, -14.40000000000002167, -1.800000000000000044 ) ) ;
#3883 = CARTESIAN_POINT ( 'NONE',  ( -1.800000000000000266, -2.449999999999729283, 14.32740920835357379 ) ) ;
#3884 = EDGE_CURVE ( 'NONE', #3963, #1523, #11409, .T. ) ;
#3885 = CARTESIAN_POINT ( 'NONE',  ( 3.226808066207937920, -13.27329827909314375, -16.82756319479177876 ) ) ;
#3886 = ORIENTED_EDGE ( 'NONE', *, *, #11571, .F. ) ;
#3887 = ORIENTED_EDGE ( 'NONE', *, *, #3386, .T. ) ;
#3888 = AXIS2_PLACEMENT_3D ( 'NONE', #8218, #11085, #6216 ) ;
#3889 = PLANE ( 'NONE',  #3025 ) ;
#3890 = ORIENTED_EDGE ( 'NONE', *, *, #11491, .F. ) ;
#3891 = CARTESIAN_POINT ( 'NONE',  ( 3.665858759352195406, -13.41293231304129741, -16.46104948862885564 ) ) ;
#3892 = FACE_OUTER_BOUND ( 'NONE', #6847, .T. ) ;
#3893 = CARTESIAN_POINT ( 'NONE',  ( 54.39999999999999858, -14.40000000000002167, -1.800000000000000044 ) ) ;
#3894 = CARTESIAN_POINT ( 'NONE',  ( 72.40000000000000568, -8.100000000000001421, 56.79999999999999716 ) ) ;
#3895 = VECTOR ( 'NONE', #2984, 1000.000000000000000 ) ;
#3896 = CARTESIAN_POINT ( 'NONE',  ( -1.800000000000000266, -3.100000000000058265, 3.600000000000000089 ) ) ;
#3897 = CARTESIAN_POINT ( 'NONE',  ( 86.79999999999999716, 0.000000000000000000, 0.000000000000000000 ) ) ;
#3898 = CARTESIAN_POINT ( 'NONE',  ( 2.199999999999993516, -10.10000000000000142, 56.59999999999998010 ) ) ;
#3899 = ORIENTED_EDGE ( 'NONE', *, *, #9400, .T. ) ;
#3900 = CARTESIAN_POINT ( 'NONE',  ( 35.80000000000000426, -17.50000000000000355, 37.79999999999999005 ) ) ;
#3901 = CARTESIAN_POINT ( 'NONE',  ( -0.5695816648412973526, -11.11608813990255662, -17.53528776003776457 ) ) ;
#3902 = DIRECTION ( 'NONE',  ( -0.000000000000000000, 1.000000000000000000, -0.000000000000000000 ) ) ;
#3903 = ORIENTED_EDGE ( 'NONE', *, *, #11498, .T. ) ;
#3904 = ORIENTED_EDGE ( 'NONE', *, *, #4058, .T. ) ;
#3905 = VECTOR ( 'NONE', #8912, 1000.000000000000000 ) ;
#3906 = CARTESIAN_POINT ( 'NONE',  ( -1.800000000000000266, -9.500000000000001776, 10.79999999999999716 ) ) ;
#3907 = CARTESIAN_POINT ( 'NONE',  ( -1.201357357077293964, -12.02993485198157764, -17.16838289445327703 ) ) ;
#3908 = ORIENTED_EDGE ( 'NONE', *, *, #11730, .T. ) ;
#3909 = FACE_OUTER_BOUND ( 'NONE', #1384, .T. ) ;
#3910 = DIRECTION ( 'NONE',  ( -1.000000000000000000, 0.000000000000000000, 1.403756497007546160E-14 ) ) ;
#3911 = ORIENTED_EDGE ( 'NONE', *, *, #11987, .T. ) ;
#3912 = CARTESIAN_POINT ( 'NONE',  ( 70.60000000000000853, -14.40659966456862406, -15.73999999999999666 ) ) ;
#3913 = PLANE ( 'NONE',  #796 ) ;
#3914 = DIRECTION ( 'NONE',  ( 0.5773502691896290617, -0.5773502691896242878, 0.5773502691896239547 ) ) ;
#3915 = EDGE_LOOP ( 'NONE', ( #6717, #1684, #4574, #10762, #2682 ) ) ;
#3916 = CIRCLE ( 'NONE', #6734, 2.149999999999999023 ) ;
#3917 = ORIENTED_EDGE ( 'NONE', *, *, #2327, .F. ) ;
#3918 = DIRECTION ( 'NONE',  ( -0.7071067811865505703, 0.7071067811865444641, 0.000000000000000000 ) ) ;
#3919 = ORIENTED_EDGE ( 'NONE', *, *, #2093, .F. ) ;
#3920 = VECTOR ( 'NONE', #7261, 1000.000000000000000 ) ;
#3921 = DIRECTION ( 'NONE',  ( 0.000000000000000000, -1.234678630588475078E-16, 1.000000000000000000 ) ) ;
#3922 = AXIS2_PLACEMENT_3D ( 'NONE', #9571, #3816, #5675 ) ;
#3923 = EDGE_CURVE ( 'NONE', #2268, #5703, #10204, .T. ) ;
#3924 = VERTEX_POINT ( 'NONE', #5136 ) ;
#3925 = EDGE_CURVE ( 'NONE', #6074, #992, #4273, .T. ) ;
#3926 = CARTESIAN_POINT ( 'NONE',  ( 31.80000000000000071, -17.50000000000000000, 6.799999999999999822 ) ) ;
#3927 = FACE_OUTER_BOUND ( 'NONE', #7823, .T. ) ;
#3928 = CARTESIAN_POINT ( 'NONE',  ( -1.799999999999999378, -3.200000000000001510, -1.800000000000000044 ) ) ;
#3930 = VERTEX_POINT ( 'NONE', #9969 ) ;
#3929 = CIRCLE ( 'NONE', #3417, 9.599999999999992539 ) ;
#3931 = FACE_OUTER_BOUND ( 'NONE', #6902, .T. ) ;
#3932 = CARTESIAN_POINT ( 'NONE',  ( 3.259194719029865794, -13.41983049749187273, -16.75977862554453068 ) ) ;
#3933 = VERTEX_POINT ( 'NONE', #5008 ) ;
#3934 = CARTESIAN_POINT ( 'NONE',  ( -1.800000000000000266, -0.1000000000000000056, 0.000000000000000000 ) ) ;
#3935 = CARTESIAN_POINT ( 'NONE',  ( 3.017153844648869931, -11.59606737184370928, -17.32816976320019720 ) ) ;
#3936 = CARTESIAN_POINT ( 'NONE',  ( 35.80000000000000426, -19.10000000000000142, 41.79999999999999005 ) ) ;
#3937 = DIRECTION ( 'NONE',  ( 0.000000000000000000, 0.000000000000000000, 1.000000000000000000 ) ) ;
#3938 = DIRECTION ( 'NONE',  ( 0.000000000000000000, 0.000000000000000000, -1.000000000000000000 ) ) ;
#3939 = EDGE_CURVE ( 'NONE', #911, #1431, #9900, .T. ) ;
#3940 = ORIENTED_EDGE ( 'NONE', *, *, #12520, .T. ) ;
#3941 = ORIENTED_EDGE ( 'NONE', *, *, #330, .F. ) ;
#3942 = DIRECTION ( 'NONE',  ( 0.000000000000000000, 0.000000000000000000, -1.000000000000000000 ) ) ;
#3943 = PLANE ( 'NONE',  #5359 ) ;
#3944 = AXIS2_PLACEMENT_3D ( 'NONE', #2784, #4755, #2832 ) ;
#3945 = DIRECTION ( 'NONE',  ( 0.000000000000000000, 0.000000000000000000, 1.000000000000000000 ) ) ;
#3946 = CARTESIAN_POINT ( 'NONE',  ( -0.6840738821222778210, -10.87103878138569257, -17.53424145583474925 ) ) ;
#3947 = PLANE ( 'NONE',  #4695 ) ;
#3948 = ORIENTED_EDGE ( 'NONE', *, *, #7336, .F. ) ;
#3949 = ORIENTED_EDGE ( 'NONE', *, *, #12055, .F. ) ;
#3950 = CARTESIAN_POINT ( 'NONE',  ( 3.799999999999999378, -19.10000000000000142, 29.80000000000000071 ) ) ;
#3951 = CARTESIAN_POINT ( 'NONE',  ( 57.00000000000000000, -19.10000000000000142, 49.29999999999999716 ) ) ;
#3952 = DIRECTION ( 'NONE',  ( 0.000000000000000000, 0.000000000000000000, -1.000000000000000000 ) ) ;
#3953 = FACE_BOUND ( 'NONE', #3529, .T. ) ;
#3954 = DIRECTION ( 'NONE',  ( 0.000000000000000000, 0.000000000000000000, -1.000000000000000000 ) ) ;
#3955 = CARTESIAN_POINT ( 'NONE',  ( 3.799999999999999378, -17.50000000000000000, 38.80000000000000426 ) ) ;
#3956 = ORIENTED_EDGE ( 'NONE', *, *, #10827, .T. ) ;
#3957 = DIRECTION ( 'NONE',  ( -1.400000000000000345E-14, -1.000000000000000000, 1.000000000000019563E-14 ) ) ;
#3958 = CARTESIAN_POINT ( 'NONE',  ( -0.2000000000000000111, -9.500000000000001776, 8.799999999999995381 ) ) ;
#3959 = AXIS2_PLACEMENT_3D ( 'NONE', #170, #3056, #5955 ) ;
#3960 = CARTESIAN_POINT ( 'NONE',  ( -1.000000000000000000, -3.045900930049277200, 18.39936534720461481 ) ) ;
#3961 = ORIENTED_EDGE ( 'NONE', *, *, #3923, .F. ) ;
#3962 = DIRECTION ( 'NONE',  ( 0.000000000000000000, 0.000000000000000000, -1.000000000000000000 ) ) ;
#3963 = VERTEX_POINT ( 'NONE', #8975 ) ;
#3964 = DIRECTION ( 'NONE',  ( 0.000000000000000000, 0.000000000000000000, 1.000000000000000000 ) ) ;
#3965 = CARTESIAN_POINT ( 'NONE',  ( 3.384513905428552683, -14.20821409623320619, -16.34106071459376253 ) ) ;
#3966 = ORIENTED_EDGE ( 'NONE', *, *, #3225, .F. ) ;
#3967 = DIRECTION ( 'NONE',  ( -0.000000000000000000, 1.000000000000000000, 3.001251688541188813E-16 ) ) ;
#3968 = AXIS2_PLACEMENT_3D ( 'NONE', #9086, #9951, #2325 ) ;
#3969 = CARTESIAN_POINT ( 'NONE',  ( -1.800000000000000266, -0.000000000000000000, 57.39999999999999858 ) ) ;
#3970 = CYLINDRICAL_SURFACE ( 'NONE', #4282, 1.000000000000000000 ) ;
#3971 = CARTESIAN_POINT ( 'NONE',  ( 31.80000000000000071, -19.10000000000000497, 37.79999999999999716 ) ) ;
#3972 = CARTESIAN_POINT ( 'NONE',  ( -1.799999999999996048, -0.1000000000000000056, -0.2000000000000000944 ) ) ;
#3973 = ORIENTED_EDGE ( 'NONE', *, *, #10460, .F. ) ;
#3974 = AXIS2_PLACEMENT_3D ( 'NONE', #11911, #7089, #7133 ) ;
#3975 = DIRECTION ( 'NONE',  ( 0.000000000000000000, 0.000000000000000000, 1.000000000000000000 ) ) ;
#3976 = DIRECTION ( 'NONE',  ( 0.000000000000000000, -1.000000000000000000, 0.000000000000000000 ) ) ;
#3977 = VECTOR ( 'NONE', #5537, 1000.000000000000000 ) ;
#3978 = LINE ( 'NONE', #644, #6267 ) ;
#3979 = CARTESIAN_POINT ( 'NONE',  ( 3.800000000000001155, -17.50000000000000000, 10.79999999999999893 ) ) ;
#3980 = DIRECTION ( 'NONE',  ( -1.000000000000000000, 0.000000000000000000, 0.000000000000000000 ) ) ;
#3981 = CARTESIAN_POINT ( 'NONE',  ( -1.800000000000000266, -9.500000000000001776, 46.80000000000000426 ) ) ;
#3982 = DIRECTION ( 'NONE',  ( 0.000000000000000000, -1.000000000000000000, 0.000000000000000000 ) ) ;
#3983 = ORIENTED_EDGE ( 'NONE', *, *, #8278, .F. ) ;
#3984 = LINE ( 'NONE', #7667, #1419 ) ;
#3985 = DIRECTION ( 'NONE',  ( 0.000000000000000000, -3.001251688541188813E-16, 1.000000000000000000 ) ) ;
#3986 = EDGE_CURVE ( 'NONE', #5812, #2436, #4410, .T. ) ;
#3987 = DIRECTION ( 'NONE',  ( 0.000000000000000000, 0.000000000000000000, -1.000000000000000000 ) ) ;
#3988 = LINE ( 'NONE', #2593, #7935 ) ;
#3989 = ORIENTED_EDGE ( 'NONE', *, *, #6627, .F. ) ;
#3990 = FACE_BOUND ( 'NONE', #10951, .T. ) ;
#3991 = EDGE_CURVE ( 'NONE', #7064, #9652, #2190, .T. ) ;
#3992 = VECTOR ( 'NONE', #12550, 1000.000000000000000 ) ;
#3993 = DIRECTION ( 'NONE',  ( 0.000000000000000000, -1.000000000000000000, 0.000000000000000000 ) ) ;
#3994 = ADVANCED_FACE ( 'NONE', ( #3675 ), #9288, .F. ) ;
#3995 = VECTOR ( 'NONE', #2070, 1000.000000000000000 ) ;
#3996 = EDGE_LOOP ( 'NONE', ( #10254, #11930, #3388, #373 ) ) ;
#3997 = EDGE_LOOP ( 'NONE', ( #3503, #5378, #12423, #2556 ) ) ;
#3998 = VECTOR ( 'NONE', #2234, 1000.000000000000000 ) ;
#3999 = EDGE_CURVE ( 'NONE', #10408, #5260, #8836, .T. ) ;
#4000 = CARTESIAN_POINT ( 'NONE',  ( 3.399999999999958611, -14.62770798392563876, -16.07333333333335190 ) ) ;
#4001 = AXIS2_PLACEMENT_3D ( 'NONE', #12191, #6378, #580 ) ;
#4002 = EDGE_CURVE ( 'NONE', #442, #5470, #10498, .T. ) ;
#4003 = DIRECTION ( 'NONE',  ( 0.000000000000000000, -1.000000000000000000, 0.000000000000000000 ) ) ;
#4004 = EDGE_CURVE ( 'NONE', #4895, #4243, #11727, .T. ) ;
#4005 = DIRECTION ( 'NONE',  ( -1.000000000000000000, 0.000000000000000000, -0.000000000000000000 ) ) ;
#4006 = DIRECTION ( 'NONE',  ( 0.000000000000000000, 0.000000000000000000, -1.000000000000000000 ) ) ;
#4007 = ADVANCED_FACE ( 'NONE', ( #2781 ), #5059, .T. ) ;
#4008 = EDGE_CURVE ( 'NONE', #10833, #7889, #5018, .T. ) ;
#4009 = CARTESIAN_POINT ( 'NONE',  ( 35.80000000000000426, -19.10000000000000142, 17.79999999999999716 ) ) ;
#4010 = CARTESIAN_POINT ( 'NONE',  ( -1.457802482578803405, 14.95738285684078051, -16.89459258679967135 ) ) ;
#4011 = LINE ( 'NONE', #10871, #11442 ) ;
#4012 = DIRECTION ( 'NONE',  ( -0.000000000000000000, 1.000000000000000000, 0.000000000000000000 ) ) ;
#4013 = VECTOR ( 'NONE', #6169, 1000.000000000000000 ) ;
#4014 = ORIENTED_EDGE ( 'NONE', *, *, #479, .F. ) ;
#4015 = DIRECTION ( 'NONE',  ( -0.000000000000000000, 0.000000000000000000, -1.000000000000000000 ) ) ;
#4016 = VERTEX_POINT ( 'NONE', #7000 ) ;
#4017 = LINE ( 'NONE', #379, #3000 ) ;
#4018 = VERTEX_POINT ( 'NONE', #8936 ) ;
#4019 = CARTESIAN_POINT ( 'NONE',  ( -0.2000000000000000111, -4.545900930049277200, 16.39936534720461125 ) ) ;
#4020 = FACE_OUTER_BOUND ( 'NONE', #10911, .T. ) ;
#4021 = CARTESIAN_POINT ( 'NONE',  ( 31.79999999999999361, -19.10000000000000142, 12.79999999999999893 ) ) ;
#4022 = B_SPLINE_CURVE_WITH_KNOTS ( 'NONE', 3,
 ( #577, #7446, #6459, #2576, #5504, #11333, #732, #4488, #2737, #3650, #4446, #2652, #10397, #5422, #1630, #1759 ),
 .UNSPECIFIED., .F., .F.,
 ( 4, 2, 2, 2, 2, 2, 2, 4 ),
 ( 0.000000000000000000, 0.0006941567259349994221, 0.001388313451869998844, 0.002776626903740002459, 0.003470783629675004266, 0.004164940355610006507, 0.004859097081545008315, 0.005553253807480010122 ),
 .UNSPECIFIED. ) ;
#4023 = DIRECTION ( 'NONE',  ( 0.000000000000000000, -1.000000000000000000, -1.234678630588475078E-16 ) ) ;
#4024 = VECTOR ( 'NONE', #1492, 1000.000000000000000 ) ;
#4025 = EDGE_CURVE ( 'NONE', #11853, #9306, #7627, .T. ) ;
#4026 = ORIENTED_EDGE ( 'NONE', *, *, #10373, .T. ) ;
#4027 = ORIENTED_EDGE ( 'NONE', *, *, #6199, .T. ) ;
#4028 = EDGE_CURVE ( 'NONE', #2983, #4626, #1555, .T. ) ;
#4029 = LINE ( 'NONE', #148, #9182 ) ;
#4030 = DIRECTION ( 'NONE',  ( 0.000000000000000000, -1.000000000000000000, 0.000000000000000000 ) ) ;
#4031 = LINE ( 'NONE', #4337, #10563 ) ;
#4032 = ORIENTED_EDGE ( 'NONE', *, *, #9069, .T. ) ;
#4033 = ORIENTED_EDGE ( 'NONE', *, *, #12211, .F. ) ;
#4034 = ADVANCED_FACE ( 'NONE', ( #6722 ), #10085, .T. ) ;
#4035 = EDGE_LOOP ( 'NONE', ( #11980, #9280, #9115, #8745 ) ) ;
#4036 = CARTESIAN_POINT ( 'NONE',  ( 70.60000000000000853, 13.94999999999999929, -11.50000000000000000 ) ) ;
#4037 = AXIS2_PLACEMENT_3D ( 'NONE', #6942, #4961, #1131 ) ;
#4038 = LINE ( 'NONE', #11486, #8741 ) ;
#4039 = VECTOR ( 'NONE', #3671, 1000.000000000000000 ) ;
#4040 = EDGE_CURVE ( 'NONE', #3602, #12263, #3821, .T. ) ;
#4041 = DIRECTION ( 'NONE',  ( 1.000000000000000000, 0.000000000000000000, 0.000000000000000000 ) ) ;
#4042 = ORIENTED_EDGE ( 'NONE', *, *, #3402, .T. ) ;
#4043 = AXIS2_PLACEMENT_3D ( 'NONE', #10824, #5983, #7805 ) ;
#4044 = DIRECTION ( 'NONE',  ( -0.000000000000000000, -1.000000000000000000, -0.000000000000000000 ) ) ;
#4045 = EDGE_LOOP ( 'NONE', ( #967, #10001, #10588, #10873 ) ) ;
#4046 = CYLINDRICAL_SURFACE ( 'NONE', #2726, 1.000000000000000888 ) ;
#4047 = CARTESIAN_POINT ( 'NONE',  ( -1.800000000000000266, -17.50000000000000000, 36.79999999999999716 ) ) ;
#4048 = LINE ( 'NONE', #6529, #7273 ) ;
#4049 = CIRCLE ( 'NONE', #6327, 0.9999999999999991118 ) ;
#4050 = DIRECTION ( 'NONE',  ( 1.000000000000000000, -0.000000000000000000, -0.000000000000000000 ) ) ;
#4051 = ADVANCED_FACE ( 'NONE', ( #7188 ), #10046, .F. ) ;
#4052 = AXIS2_PLACEMENT_3D ( 'NONE', #10250, #5477, #8405 ) ;
#4053 = DIRECTION ( 'NONE',  ( 1.000000000000000000, 0.000000000000000000, 0.000000000000000000 ) ) ;
#4054 = VERTEX_POINT ( 'NONE', #421 ) ;
#4055 = CARTESIAN_POINT ( 'NONE',  ( 31.80000000000000071, -17.50000000000000355, 20.80000000000000071 ) ) ;
#4056 = DIRECTION ( 'NONE',  ( -0.000000000000000000, 0.000000000000000000, 1.000000000000000000 ) ) ;
#4057 = ORIENTED_EDGE ( 'NONE', *, *, #9506, .T. ) ;
#4058 = EDGE_CURVE ( 'NONE', #11993, #7400, #6117, .T. ) ;
#4059 = VERTEX_POINT ( 'NONE', #11180 ) ;
#4060 = PLANE ( 'NONE',  #2326 ) ;
#4061 = VECTOR ( 'NONE', #999, 1000.000000000000000 ) ;
#4062 = CARTESIAN_POINT ( 'NONE',  ( -1.000000000000000000, -1.545900930049276534, 16.39936534720461125 ) ) ;
#4063 = EDGE_CURVE ( 'NONE', #4860, #6001, #8983, .T. ) ;
#4064 = CARTESIAN_POINT ( 'NONE',  ( 1.935455751221021758, -9.365528021300992378, -17.73578365503835030 ) ) ;
#4065 = DIRECTION ( 'NONE',  ( -1.000000000000000000, 0.000000000000000000, 0.000000000000000000 ) ) ;
#4066 = ADVANCED_FACE ( 'NONE', ( #11563 ), #1099, .F. ) ;
#4067 = VERTEX_POINT ( 'NONE', #5176 ) ;
#4068 = FACE_OUTER_BOUND ( 'NONE', #162, .T. ) ;
#4069 = ORIENTED_EDGE ( 'NONE', *, *, #9449, .F. ) ;
#4070 = VECTOR ( 'NONE', #9936, 1000.000000000000000 ) ;
#4071 = EDGE_CURVE ( 'NONE', #11031, #10469, #7175, .T. ) ;
#4072 = LINE ( 'NONE', #913, #3346 ) ;
#4073 = LINE ( 'NONE', #3057, #8627 ) ;
#4074 = EDGE_LOOP ( 'NONE', ( #2496, #9961 ) ) ;
#4075 = AXIS2_PLACEMENT_3D ( 'NONE', #5717, #12505, #2103 ) ;
#4076 = EDGE_CURVE ( 'NONE', #10783, #5664, #8826, .T. ) ;
#4077 = CARTESIAN_POINT ( 'NONE',  ( -1.800000000000000266, -9.500000000000001776, 10.79999999999999716 ) ) ;
#4078 = EDGE_CURVE ( 'NONE', #11940, #8058, #4563, .T. ) ;
#4079 = ORIENTED_EDGE ( 'NONE', *, *, #2571, .T. ) ;
#4080 = CARTESIAN_POINT ( 'NONE',  ( -1.800000000000000488, 17.99999999999999289, -2.052778186154402551 ) ) ;
#4082 = VERTEX_POINT ( 'NONE', #9063 ) ;
#4081 = CIRCLE ( 'NONE', #1692, 1.000000000000000000 ) ;
#4083 = CARTESIAN_POINT ( 'NONE',  ( 72.48519555509527379, 12.00213436052010429, -17.73752412870602768 ) ) ;
#4084 = CARTESIAN_POINT ( 'NONE',  ( 72.40000000000000568, -8.100000000000001421, 57.79999999999999716 ) ) ;
#4085 = VERTEX_POINT ( 'NONE', #504 ) ;
#4086 = ORIENTED_EDGE ( 'NONE', *, *, #4885, .F. ) ;
#4087 = CARTESIAN_POINT ( 'NONE',  ( -1.800000000000000266, -17.50000000000000000, 14.80000000000000071 ) ) ;
#4088 = CARTESIAN_POINT ( 'NONE',  ( 87.30519078537402322, -10.91508861040931144, -17.52442738495856034 ) ) ;
#4089 = VECTOR ( 'NONE', #1848, 1000.000000000000000 ) ;
#4090 = CARTESIAN_POINT ( 'NONE',  ( -1.800000000000000266, -2.449999999999728839, 12.27259155458886397 ) ) ;
#4091 = CARTESIAN_POINT ( 'NONE',  ( 70.74672535880756641, -13.35901726721877303, -16.49547217283371836 ) ) ;
#4092 = DIRECTION ( 'NONE',  ( -0.000000000000000000, 1.000000000000000000, 0.000000000000000000 ) ) ;
#4093 = VECTOR ( 'NONE', #7764, 1000.000000000000000 ) ;
#4094 = EDGE_CURVE ( 'NONE', #4889, #2506, #5164, .T. ) ;
#4095 = ADVANCED_FACE ( 'NONE', ( #1401 ), #5797, .F. ) ;
#4096 = CARTESIAN_POINT ( 'NONE',  ( -1.455648300824118557, -12.70246682016094475, -16.86404632040682117 ) ) ;
#4097 = ORIENTED_EDGE ( 'NONE', *, *, #4386, .F. ) ;
#4098 = DIRECTION ( 'NONE',  ( 0.000000000000000000, 0.000000000000000000, 1.000000000000000000 ) ) ;
#4099 = CARTESIAN_POINT ( 'NONE',  ( 35.80000000000000426, -17.50000000000000355, 26.79999999999999361 ) ) ;
#4100 = ORIENTED_EDGE ( 'NONE', *, *, #6084, .F. ) ;
#4101 = CARTESIAN_POINT ( 'NONE',  ( 87.39999999999999147, -17.50000000000000355, 21.29999999999972360 ) ) ;
#4102 = CYLINDRICAL_SURFACE ( 'NONE', #3722, 1.000000000000000888 ) ;
#4103 = DIRECTION ( 'NONE',  ( 0.000000000000000000, 1.000000000000000000, 1.084202172485503448E-16 ) ) ;
#4104 = CARTESIAN_POINT ( 'NONE',  ( 3.399999999999958611, -19.09999999999999076, -7.740000000000005542 ) ) ;
#4105 = LINE ( 'NONE', #12200, #3522 ) ;
#4106 = ORIENTED_EDGE ( 'NONE', *, *, #8454, .T. ) ;
#4107 = LINE ( 'NONE', #3087, #12328 ) ;
#4108 = AXIS2_PLACEMENT_3D ( 'NONE', #10061, #9984, #4224 ) ;
#4109 = AXIS2_PLACEMENT_3D ( 'NONE', #998, #6865, #1965 ) ;
#4110 = ORIENTED_EDGE ( 'NONE', *, *, #609, .T. ) ;
#4111 = DIRECTION ( 'NONE',  ( -0.000000000000000000, 1.000000000000000000, 3.001251688541188813E-16 ) ) ;
#4112 = LINE ( 'NONE', #11055, #11560 ) ;
#4113 = ADVANCED_FACE ( 'NONE', ( #4866, #6257 ), #5219, .T. ) ;
#4114 = EDGE_CURVE ( 'NONE', #9212, #6785, #201, .T. ) ;
#4115 = EDGE_LOOP ( 'NONE', ( #10540, #9679, #7634, #11876 ) ) ;
#4116 = CARTESIAN_POINT ( 'NONE',  ( 35.80000000000000426, -19.10000000000000142, 12.79999999999999538 ) ) ;
#4117 = AXIS2_PLACEMENT_3D ( 'NONE', #11895, #1305, #5038 ) ;
#4118 = ORIENTED_EDGE ( 'NONE', *, *, #11806, .T. ) ;
#4119 = DIRECTION ( 'NONE',  ( -1.000000000000000000, 6.505213034913020688E-16, 0.000000000000000000 ) ) ;
#4120 = FACE_OUTER_BOUND ( 'NONE', #6048, .T. ) ;
#4121 = CARTESIAN_POINT ( 'NONE',  ( 31.80000000000000071, -17.50000000000000355, 21.80000000000000071 ) ) ;
#4122 = ORIENTED_EDGE ( 'NONE', *, *, #3460, .T. ) ;
#4123 = VERTEX_POINT ( 'NONE', #6190 ) ;
#4124 = CARTESIAN_POINT ( 'NONE',  ( 2.385005464708149336, -10.25667720394768168, -17.65343092480435772 ) ) ;
#4125 = DIRECTION ( 'NONE',  ( 0.000000000000000000, -1.000000000000000000, 0.000000000000000000 ) ) ;
#4126 = CARTESIAN_POINT ( 'NONE',  ( 86.62893175027059556, -9.549212290555933791, -17.72695893036282655 ) ) ;
#4127 = CARTESIAN_POINT ( 'NONE',  ( -0.2000000000000000111, -9.500000000000001776, 46.80000000000000426 ) ) ;
#4128 = FACE_OUTER_BOUND ( 'NONE', #5064, .T. ) ;
#4129 = ORIENTED_EDGE ( 'NONE', *, *, #778, .F. ) ;
#4130 = AXIS2_PLACEMENT_3D ( 'NONE', #6678, #12567, #11589 ) ;
#4131 = CARTESIAN_POINT ( 'NONE',  ( 86.80450403192560316, -9.895909263418287694, -17.69953467569462902 ) ) ;
#4132 = DIRECTION ( 'NONE',  ( -0.000000000000000000, 1.000000000000000000, 0.000000000000000000 ) ) ;
#4133 = VERTEX_POINT ( 'NONE', #8121 ) ;
#4134 = DIRECTION ( 'NONE',  ( 0.000000000000000000, -1.000000000000000000, 0.000000000000000000 ) ) ;
#4135 = VERTEX_POINT ( 'NONE', #3308 ) ;
#4136 = PLANE ( 'NONE',  #8021 ) ;
#4137 = PLANE ( 'NONE',  #1831 ) ;
#4138 = CARTESIAN_POINT ( 'NONE',  ( 86.79999999999999716, -15.54999999999981419, 18.75000000000047251 ) ) ;
#4139 = ORIENTED_EDGE ( 'NONE', *, *, #2249, .F. ) ;
#4140 = VECTOR ( 'NONE', #7911, 1000.000000000000000 ) ;
#4141 = DIRECTION ( 'NONE',  ( 0.7071067811865501263, -0.7071067811865449082, 0.000000000000000000 ) ) ;
#4142 = EDGE_LOOP ( 'NONE', ( #3311, #10279, #8498, #7295, #2971 ) ) ;
#4143 = EDGE_CURVE ( 'NONE', #502, #4871, #8502, .T. ) ;
#4144 = PLANE ( 'NONE',  #5635 ) ;
#4145 = ORIENTED_EDGE ( 'NONE', *, *, #1968, .F. ) ;
#4146 = EDGE_CURVE ( 'NONE', #12442, #5861, #2328, .T. ) ;
#4147 = EDGE_LOOP ( 'NONE', ( #9322, #1467, #9639, #101 ) ) ;
#4148 = CIRCLE ( 'NONE', #11093, 1.000000000000000888 ) ;
#4149 = ORIENTED_EDGE ( 'NONE', *, *, #2002, .T. ) ;
#4150 = DIRECTION ( 'NONE',  ( 1.000000000000000000, 0.000000000000000000, -0.000000000000000000 ) ) ;
#4151 = EDGE_LOOP ( 'NONE', ( #3376, #8328, #995, #11737 ) ) ;
#4152 = ADVANCED_FACE ( 'NONE', ( #6870 ), #10355, .F. ) ;
#4153 = PLANE ( 'NONE',  #11775 ) ;
#4154 = EDGE_CURVE ( 'NONE', #8416, #1989, #5950, .T. ) ;
#4155 = VERTEX_POINT ( 'NONE', #1643 ) ;
#4156 = CARTESIAN_POINT ( 'NONE',  ( 32.80000000000000426, -17.50000000000000000, 21.80000000000000071 ) ) ;
#4157 = AXIS2_PLACEMENT_3D ( 'NONE', #6511, #7493, #2666 ) ;
#4158 = VERTEX_POINT ( 'NONE', #2844 ) ;
#4159 = DIRECTION ( 'NONE',  ( 0.000000000000000000, 0.000000000000000000, -1.000000000000000000 ) ) ;
#4160 = EDGE_LOOP ( 'NONE', ( #11115, #130, #102, #9561 ) ) ;
#4161 = CARTESIAN_POINT ( 'NONE',  ( 2.490022123997953418, -10.46988888167167886, -17.61720008178447827 ) ) ;
#4162 = VECTOR ( 'NONE', #1148, 1000.000000000000000 ) ;
#4163 = DIRECTION ( 'NONE',  ( 0.000000000000000000, 0.000000000000000000, -1.000000000000000000 ) ) ;
#4164 = PLANE ( 'NONE',  #6006 ) ;
#4165 = ORIENTED_EDGE ( 'NONE', *, *, #10957, .T. ) ;
#4166 = ORIENTED_EDGE ( 'NONE', *, *, #10167, .T. ) ;
#4167 = EDGE_CURVE ( 'NONE', #8474, #4595, #781, .T. ) ;
#4168 = CARTESIAN_POINT ( 'NONE',  ( 86.80242843000426944, -9.891950052251482717, -17.69920771318471253 ) ) ;
#4169 = DIRECTION ( 'NONE',  ( -1.311074900679422674E-14, -1.000000000000000000, 1.000000000000018300E-14 ) ) ;
#4170 = ADVANCED_FACE ( 'NONE', ( #2935 ), #10487, .F. ) ;
#4171 = CARTESIAN_POINT ( 'NONE',  ( 88.32372237039650997, -13.67265559291861976, -16.29236934828661987 ) ) ;
#4172 = VECTOR ( 'NONE', #5320, 1000.000000000000000 ) ;
#4173 = CARTESIAN_POINT ( 'NONE',  ( 63.80000000000001137, -17.50000000000000000, 5.799999999999999822 ) ) ;
#4174 = ORIENTED_EDGE ( 'NONE', *, *, #8542, .T. ) ;
#4175 = ORIENTED_EDGE ( 'NONE', *, *, #5637, .F. ) ;
#4176 = FACE_OUTER_BOUND ( 'NONE', #11126, .T. ) ;
#4177 = DIRECTION ( 'NONE',  ( -1.000000000000000000, -0.000000000000000000, 0.000000000000000000 ) ) ;
#4178 = CARTESIAN_POINT ( 'NONE',  ( 84.20000000000001705, 8.123044737829948403, -14.04558441227158738 ) ) ;
#4179 = CARTESIAN_POINT ( 'NONE',  ( 3.399999999999958611, -9.099999999999996092, -7.740000000000002878 ) ) ;
#4180 = DIRECTION ( 'NONE',  ( 1.000000000000000000, 0.000000000000000000, -0.000000000000000000 ) ) ;
#4181 = DIRECTION ( 'NONE',  ( -0.000000000000000000, -0.000000000000000000, -1.000000000000000000 ) ) ;
#4182 = EDGE_CURVE ( 'NONE', #9381, #12272, #4259, .T. ) ;
#4183 = ORIENTED_EDGE ( 'NONE', *, *, #3612, .F. ) ;
#4184 = ORIENTED_EDGE ( 'NONE', *, *, #7669, .T. ) ;
#4185 = VERTEX_POINT ( 'NONE', #11558 ) ;
#4186 = EDGE_LOOP ( 'NONE', ( #12327, #9119, #4990, #5268 ) ) ;
#4187 = DIRECTION ( 'NONE',  ( -1.000000000000000000, 0.000000000000000000, 0.000000000000000000 ) ) ;
#4188 = VECTOR ( 'NONE', #12494, 1000.000000000000000 ) ;
#4189 = ORIENTED_EDGE ( 'NONE', *, *, #818, .T. ) ;
#4190 = DIRECTION ( 'NONE',  ( 0.000000000000000000, -1.955719815080955213E-16, 1.000000000000000000 ) ) ;
#4191 = CARTESIAN_POINT ( 'NONE',  ( 34.80000000000000426, -17.50000000000000000, 24.79999999999999716 ) ) ;
#4192 = AXIS2_PLACEMENT_3D ( 'NONE', #4559, #9369, #10266 ) ;
#4193 = ORIENTED_EDGE ( 'NONE', *, *, #591, .F. ) ;
#4194 = VECTOR ( 'NONE', #9878, 1000.000000000000000 ) ;
#4195 = CARTESIAN_POINT ( 'NONE',  ( 62.80000000000001137, -19.10000000000000142, 41.79999999999999716 ) ) ;
#4196 = AXIS2_PLACEMENT_3D ( 'NONE', #2673, #9439, #10212 ) ;
#4197 = ORIENTED_EDGE ( 'NONE', *, *, #12458, .T. ) ;
#4198 = ORIENTED_EDGE ( 'NONE', *, *, #6909, .T. ) ;
#4199 = DIRECTION ( 'NONE',  ( 0.000000000000000000, 0.000000000000000000, -1.000000000000000000 ) ) ;
#4200 = ORIENTED_EDGE ( 'NONE', *, *, #6622, .T. ) ;
#4201 = LINE ( 'NONE', #8488, #1978 ) ;
#4202 = DIRECTION ( 'NONE',  ( -0.000000000000000000, 1.000000000000000000, 3.001251688541188813E-16 ) ) ;
#4203 = AXIS2_PLACEMENT_3D ( 'NONE', #11056, #420, #11097 ) ;
#4204 = CARTESIAN_POINT ( 'NONE',  ( 2.163055802456193888, -9.813918472397064718, -17.70677575573946783 ) ) ;
#4205 = DIRECTION ( 'NONE',  ( 0.000000000000000000, -1.000000000000000000, -1.234678630588475078E-16 ) ) ;
#4206 = CARTESIAN_POINT ( 'NONE',  ( 0.000000000000000000, 0.000000000000000000, -1.800000000000000044 ) ) ;
#4207 = ORIENTED_EDGE ( 'NONE', *, *, #3465, .T. ) ;
#4208 = LINE ( 'NONE', #10637, #9836 ) ;
#4209 = DIRECTION ( 'NONE',  ( 0.000000000000000000, -3.001251688541188813E-16, 1.000000000000000000 ) ) ;
#4210 = VERTEX_POINT ( 'NONE', #8401 ) ;
#4211 = CIRCLE ( 'NONE', #4274, 9.599999999999981881 ) ;
#4212 = DIRECTION ( 'NONE',  ( 0.7071067811865474617, -0.7071067811865474617, 0.000000000000000000 ) ) ;
#4213 = VECTOR ( 'NONE', #9476, 1000.000000000000000 ) ;
#4214 = CARTESIAN_POINT ( 'NONE',  ( 36.39999999997510827, -3.900000000058068128, -1.800000000000000044 ) ) ;
#4215 = ADVANCED_FACE ( 'NONE', ( #492 ), #4542, .F. ) ;
#4216 = DIRECTION ( 'NONE',  ( 0.000000000000000000, 1.000000000000000000, 0.000000000000000000 ) ) ;
#4217 = CARTESIAN_POINT ( 'NONE',  ( 4.800000000000000711, -17.50000000000000000, 40.80000000000000426 ) ) ;
#4218 = EDGE_CURVE ( 'NONE', #9222, #2764, #8056, .T. ) ;
#4219 = DIRECTION ( 'NONE',  ( 1.000000000000000000, -0.000000000000000000, -0.000000000000000000 ) ) ;
#4220 = VERTEX_POINT ( 'NONE', #9351 ) ;
#4221 = CIRCLE ( 'NONE', #11367, 1.000000000000000888 ) ;
#4222 = CARTESIAN_POINT ( 'NONE',  ( 4.799999999999999822, -17.50000000000000000, 32.80000000000000426 ) ) ;
#4223 = DIRECTION ( 'NONE',  ( -1.399999999999999714E-14, -9.999999999999999988E-15, -1.000000000000000000 ) ) ;
#4224 = DIRECTION ( 'NONE',  ( 0.000000000000000000, 0.000000000000000000, -1.000000000000000000 ) ) ;
#4225 = ORIENTED_EDGE ( 'NONE', *, *, #8230, .T. ) ;
#4226 = EDGE_CURVE ( 'NONE', #1301, #2661, #8340, .T. ) ;
#4227 = VERTEX_POINT ( 'NONE', #912 ) ;
#4228 = DIRECTION ( 'NONE',  ( -0.000000000000000000, 1.000000000000000000, 3.001251688541188813E-16 ) ) ;
#4229 = CARTESIAN_POINT ( 'NONE',  ( 1.800000000000000044, 1.471943262095685136E-15, -15.74000000000000021 ) ) ;
#4230 = CARTESIAN_POINT ( 'NONE',  ( 86.63172768692940906, -9.692389680390601114, -17.72314330741226840 ) ) ;
#4231 = DIRECTION ( 'NONE',  ( 0.000000000000000000, -1.000000000000000000, -1.234678630588475078E-16 ) ) ;
#4232 = EDGE_LOOP ( 'NONE', ( #10909, #11257, #6827, #12390 ) ) ;
#4233 = ORIENTED_EDGE ( 'NONE', *, *, #2783, .F. ) ;
#4234 = ADVANCED_FACE ( 'NONE', ( #3648 ), #6390, .T. ) ;
#4235 = FACE_BOUND ( 'NONE', #812, .T. ) ;
#4236 = PLANE ( 'NONE',  #6180 ) ;
#4237 = ORIENTED_EDGE ( 'NONE', *, *, #10275, .T. ) ;
#4238 = EDGE_CURVE ( 'NONE', #4528, #10069, #4547, .T. ) ;
#4239 = CARTESIAN_POINT ( 'NONE',  ( 16.26999999999958035, -2.025800437909411299E-13, -1.800000000000000044 ) ) ;
#4240 = EDGE_CURVE ( 'NONE', #4601, #2457, #1256, .T. ) ;
#4241 = EDGE_CURVE ( 'NONE', #12368, #4889, #4105, .T. ) ;
#4242 = VECTOR ( 'NONE', #7391, 1000.000000000000000 ) ;
#4243 = VERTEX_POINT ( 'NONE', #6427 ) ;
#4244 = ORIENTED_EDGE ( 'NONE', *, *, #11237, .T. ) ;
#4245 = CARTESIAN_POINT ( 'NONE',  ( 86.77695059023946555, -10.06748857674859110, -17.69316030351399149 ) ) ;
#4246 = CARTESIAN_POINT ( 'NONE',  ( -1.800000000000000266, -9.500000000000001776, 10.79999999999999716 ) ) ;
#4247 = DIRECTION ( 'NONE',  ( 0.000000000000000000, 3.001251688541188813E-16, -1.000000000000000000 ) ) ;
#4248 = CARTESIAN_POINT ( 'NONE',  ( 72.40000000000000568, -8.100000000000001421, 56.79999999999999716 ) ) ;
#4249 = ORIENTED_EDGE ( 'NONE', *, *, #3824, .T. ) ;
#4250 = EDGE_LOOP ( 'NONE', ( #5595, #10418, #1084, #6278 ) ) ;
#4251 = VERTEX_POINT ( 'NONE', #668 ) ;
#4252 = CARTESIAN_POINT ( 'NONE',  ( 41.99999999996711608, -5.150000000033713832, -0.2000000000000008160 ) ) ;
#4253 = VERTEX_POINT ( 'NONE', #11645 ) ;
#4254 = CARTESIAN_POINT ( 'NONE',  ( -1.800000000000000266, -9.500000000000001776, 8.799999999999995381 ) ) ;
#4255 = EDGE_CURVE ( 'NONE', #7054, #11940, #8969, .T. ) ;
#4256 = CARTESIAN_POINT ( 'NONE',  ( 62.80000000000001137, -17.50000000000000355, 40.79999999999999716 ) ) ;
#4257 = CARTESIAN_POINT ( 'NONE',  ( 87.66413651838114163, -11.70392558362274649, -17.29093173616126933 ) ) ;
#4258 = EDGE_CURVE ( 'NONE', #3027, #7527, #2924, .T. ) ;
#4259 = CIRCLE ( 'NONE', #6555, 2.149999999999999023 ) ;
#4260 = DIRECTION ( 'NONE',  ( 0.000000000000000000, -1.234678630588475078E-16, 1.000000000000000000 ) ) ;
#4261 = DIRECTION ( 'NONE',  ( -0.000000000000000000, -1.000000000000000000, -0.000000000000000000 ) ) ;
#4262 = FACE_OUTER_BOUND ( 'NONE', #2507, .T. ) ;
#4263 = LINE ( 'NONE', #7463, #1860 ) ;
#4264 = CARTESIAN_POINT ( 'NONE',  ( 31.80000000000000071, -19.10000000000000142, 45.79999999999999716 ) ) ;
#4265 = DIRECTION ( 'NONE',  ( 0.000000000000000000, 0.000000000000000000, -1.000000000000000000 ) ) ;
#4266 = ORIENTED_EDGE ( 'NONE', *, *, #9616, .T. ) ;
#4267 = FACE_OUTER_BOUND ( 'NONE', #10043, .T. ) ;
#4268 = CARTESIAN_POINT ( 'NONE',  ( 31.80000000000000071, -19.09999999999999787, 5.799999999999999822 ) ) ;
#4269 = CARTESIAN_POINT ( 'NONE',  ( -1.800000000000000266, -0.2000000000003211154, 21.69999999999940599 ) ) ;
#4270 = AXIS2_PLACEMENT_3D ( 'NONE', #11095, #2267, #415 ) ;
#4271 = DIRECTION ( 'NONE',  ( 0.000000000000000000, 1.000000000000000000, -0.000000000000000000 ) ) ;
#4272 = DIRECTION ( 'NONE',  ( 0.000000000000000000, 0.000000000000000000, -1.000000000000000000 ) ) ;
#4273 = LINE ( 'NONE', #8896, #1865 ) ;
#4274 = AXIS2_PLACEMENT_3D ( 'NONE', #10768, #11734, #8846 ) ;
#4275 = ORIENTED_EDGE ( 'NONE', *, *, #2988, .T. ) ;
#4276 = FACE_BOUND ( 'NONE', #7081, .T. ) ;
#4277 = ORIENTED_EDGE ( 'NONE', *, *, #10341, .F. ) ;
#4278 = CARTESIAN_POINT ( 'NONE',  ( -1.800000000000000266, -9.500000000000001776, 30.80000000000000071 ) ) ;
#4279 = EDGE_CURVE ( 'NONE', #11874, #5820, #11091, .T. ) ;
#4280 = CARTESIAN_POINT ( 'NONE',  ( 71.93592746503180990, -10.82733979593570339, -17.58986554494219234 ) ) ;
#4281 = VECTOR ( 'NONE', #11612, 1000.000000000000000 ) ;
#4282 = AXIS2_PLACEMENT_3D ( 'NONE', #1691, #7588, #6613 ) ;
#4283 = ADVANCED_FACE ( 'NONE', ( #769 ), #2891, .F. ) ;
#4284 = VERTEX_POINT ( 'NONE', #2038 ) ;
#4285 = ORIENTED_EDGE ( 'NONE', *, *, #8553, .T. ) ;
#4286 = CIRCLE ( 'NONE', #10584, 1.000000000000000888 ) ;
#4287 = ORIENTED_EDGE ( 'NONE', *, *, #6869, .F. ) ;
#4288 = VECTOR ( 'NONE', #11780, 1000.000000000000000 ) ;
#4289 = LINE ( 'NONE', #7598, #3992 ) ;
#4290 = CARTESIAN_POINT ( 'NONE',  ( 34.80000000000000426, -19.10000000000000142, 30.79999999999999361 ) ) ;
#4291 = EDGE_LOOP ( 'NONE', ( #2689, #2218, #10530, #168, #2584, #2574 ) ) ;
#4292 = DIRECTION ( 'NONE',  ( 0.000000000000000000, 0.000000000000000000, 1.000000000000000000 ) ) ;
#4293 = DIRECTION ( 'NONE',  ( 0.7071067811865524577, -0.7071067811865426878, 0.000000000000000000 ) ) ;
#4294 = CARTESIAN_POINT ( 'NONE',  ( 72.60000000000000853, 11.79999999999999716, -17.73999999999999844 ) ) ;
#4295 = ORIENTED_EDGE ( 'NONE', *, *, #2073, .F. ) ;
#4296 = CARTESIAN_POINT ( 'NONE',  ( -1.800000000000000266, -17.50000000000000000, 12.79999999999999893 ) ) ;
#4297 = ORIENTED_EDGE ( 'NONE', *, *, #86, .T. ) ;
#4298 = ADVANCED_FACE ( 'NONE', ( #7464 ), #6778, .F. ) ;
#4299 = FACE_OUTER_BOUND ( 'NONE', #5937, .T. ) ;
#4300 = AXIS2_PLACEMENT_3D ( 'NONE', #8335, #2573, #11527 ) ;
#4301 = CARTESIAN_POINT ( 'NONE',  ( 86.41444738722091756, -9.128310994733652706, -17.74000028117293937 ) ) ;
#4302 = ORIENTED_EDGE ( 'NONE', *, *, #1264, .T. ) ;
#4303 = CARTESIAN_POINT ( 'NONE',  ( 62.80000000000001137, -19.10000000000000142, 40.79999999999999716 ) ) ;
#4304 = CARTESIAN_POINT ( 'NONE',  ( 87.18873220265574275, -10.67233107330462794, -17.57835944967576225 ) ) ;
#4305 = PLANE ( 'NONE',  #4851 ) ;
#4306 = CARTESIAN_POINT ( 'NONE',  ( 70.60000000000000853, 0.000000000000000000, -1.800000000000000044 ) ) ;
#4307 = DIRECTION ( 'NONE',  ( 0.000000000000000000, 0.000000000000000000, 1.000000000000000000 ) ) ;
#4308 = CARTESIAN_POINT ( 'NONE',  ( 9.600000000000001421, -17.50000000000000711, 52.09999999999999432 ) ) ;
#4309 = CARTESIAN_POINT ( 'NONE',  ( 88.40000000000000568, -19.10000000000001208, 57.39999999999999858 ) ) ;
#4310 = VERTEX_POINT ( 'NONE', #4844 ) ;
#4311 = CIRCLE ( 'NONE', #9573, 1.000000000000000888 ) ;
#4312 = FACE_OUTER_BOUND ( 'NONE', #6353, .T. ) ;
#4313 = ORIENTED_EDGE ( 'NONE', *, *, #2414, .T. ) ;
#4314 = VECTOR ( 'NONE', #1961, 1000.000000000000000 ) ;
#4315 = AXIS2_PLACEMENT_3D ( 'NONE', #10446, #7487, #3704 ) ;
#4316 = ORIENTED_EDGE ( 'NONE', *, *, #10771, .T. ) ;
#4317 = EDGE_CURVE ( 'NONE', #4528, #6297, #12000, .T. ) ;
#4318 = CARTESIAN_POINT ( 'NONE',  ( 86.58554583959855222, -9.573992342895168761, -17.72946265155322720 ) ) ;
#4319 = EDGE_CURVE ( 'NONE', #4753, #1976, #10345, .T. ) ;
#4320 = PLANE ( 'NONE',  #5503 ) ;
#4321 = ORIENTED_EDGE ( 'NONE', *, *, #10436, .F. ) ;
#4322 = VERTEX_POINT ( 'NONE', #10712 ) ;
#4323 = ORIENTED_EDGE ( 'NONE', *, *, #12391, .F. ) ;
#4324 = CARTESIAN_POINT ( 'NONE',  ( 62.80000000000001137, -19.10000000000000142, 41.79999999999999005 ) ) ;
#4325 = VECTOR ( 'NONE', #10905, 1000.000000000000000 ) ;
#4326 = CYLINDRICAL_SURFACE ( 'NONE', #6590, 1.000000000000000888 ) ;
#4327 = FACE_OUTER_BOUND ( 'NONE', #11407, .T. ) ;
#4328 = EDGE_CURVE ( 'NONE', #7671, #4220, #2610, .T. ) ;
#4329 = CARTESIAN_POINT ( 'NONE',  ( 56.39999999999999858, -3.200000000000003286, -0.7999999999999999334 ) ) ;
#4330 = CARTESIAN_POINT ( 'NONE',  ( 87.19849630350783798, -11.19720387732127875, -17.51762401803993896 ) ) ;
#4331 = AXIS2_PLACEMENT_3D ( 'NONE', #2309, #342, #7136 ) ;
#4332 = ORIENTED_EDGE ( 'NONE', *, *, #3986, .F. ) ;
#4333 = EDGE_CURVE ( 'NONE', #1431, #3649, #46, .T. ) ;
#4334 = EDGE_LOOP ( 'NONE', ( #6308, #9022, #8156, #271 ) ) ;
#4335 = VERTEX_POINT ( 'NONE', #3926 ) ;
#4336 = EDGE_CURVE ( 'NONE', #8332, #2127, #7014, .T. ) ;
#4337 = CARTESIAN_POINT ( 'NONE',  ( 62.80000000000001137, -17.50000000000000000, 8.799999999999998934 ) ) ;
#4338 = DIRECTION ( 'NONE',  ( 0.000000000000000000, -1.000000000000000000, 0.000000000000000000 ) ) ;
#4339 = VECTOR ( 'NONE', #1840, 1000.000000000000000 ) ;
#4340 = DIRECTION ( 'NONE',  ( 0.000000000000000000, -1.404986760216307406E-16, 1.000000000000000000 ) ) ;
#4341 = CARTESIAN_POINT ( 'NONE',  ( 88.40000000000000568, -14.40659966456864893, -15.73999999999999666 ) ) ;
#4342 = ADVANCED_FACE ( 'NONE', ( #10040 ), #7454, .F. ) ;
#4343 = DIRECTION ( 'NONE',  ( 0.000000000000000000, -1.000000000000000000, 0.000000000000000000 ) ) ;
#4344 = DIRECTION ( 'NONE',  ( 0.000000000000000000, 1.000000000000000000, 0.000000000000000000 ) ) ;
#4345 = VERTEX_POINT ( 'NONE', #7610 ) ;
#4346 = AXIS2_PLACEMENT_3D ( 'NONE', #11038, #5192, #11998 ) ;
#4347 = CARTESIAN_POINT ( 'NONE',  ( 34.80000000000000426, -17.50000000000000000, 25.79999999999999716 ) ) ;
#4348 = ORIENTED_EDGE ( 'NONE', *, *, #7733, .F. ) ;
#4349 = DIRECTION ( 'NONE',  ( 0.000000000000000000, 0.000000000000000000, -1.000000000000000000 ) ) ;
#4350 = CIRCLE ( 'NONE', #8148, 1.000000000000000888 ) ;
#4351 = CARTESIAN_POINT ( 'NONE',  ( -0.2000000000000000111, -9.500000000000001776, 12.79999999999999893 ) ) ;
#4352 = AXIS2_PLACEMENT_3D ( 'NONE', #2613, #8564, #5538 ) ;
#4353 = CARTESIAN_POINT ( 'NONE',  ( 66.40000000000000568, -11.20000000000000107, -0.7999999999999999334 ) ) ;
#4354 = CARTESIAN_POINT ( 'NONE',  ( 71.00000000000002842, -14.62770798392565652, -16.07333333333333414 ) ) ;
#4355 = EDGE_CURVE ( 'NONE', #9209, #6022, #3221, .T. ) ;
#4356 = EDGE_LOOP ( 'NONE', ( #2997, #4184, #8793, #9410 ) ) ;
#4357 = DIRECTION ( 'NONE',  ( 0.000000000000000000, 0.000000000000000000, 1.000000000000000000 ) ) ;
#4358 = VECTOR ( 'NONE', #11386, 1000.000000000000000 ) ;
#4359 = CARTESIAN_POINT ( 'NONE',  ( 4.199999999999995737, -0.09999999999999939493, 56.79999999999999716 ) ) ;
#4360 = VERTEX_POINT ( 'NONE', #4665 ) ;
#4361 = ADVANCED_FACE ( 'NONE', ( #914 ), #12304, .F. ) ;
#4362 = CARTESIAN_POINT ( 'NONE',  ( 71.68602372760263108, -11.52562919737946778, -17.44154187833976977 ) ) ;
#4363 = AXIS2_PLACEMENT_3D ( 'NONE', #605, #1499, #2487 ) ;
#4364 = DIRECTION ( 'NONE',  ( 0.000000000000000000, -1.000000000000000000, -1.234678630588475078E-16 ) ) ;
#4365 = AXIS2_PLACEMENT_3D ( 'NONE', #2555, #634, #4507 ) ;
#4366 = ORIENTED_EDGE ( 'NONE', *, *, #3134, .T. ) ;
#4367 = CIRCLE ( 'NONE', #361, 1.000000000000000888 ) ;
#4368 = CARTESIAN_POINT ( 'NONE',  ( 86.67254590568163053, -9.797544241800215659, -17.71564417723219975 ) ) ;
#4370 = ORIENTED_EDGE ( 'NONE', *, *, #7396, .T. ) ;
#4369 = VECTOR ( 'NONE', #1971, 1000.000000000000000 ) ;
#4371 = VECTOR ( 'NONE', #3710, 1000.000000000000000 ) ;
#4372 = DIRECTION ( 'NONE',  ( -0.000000000000000000, 1.000000000000000000, -0.000000000000000000 ) ) ;
#4373 = ORIENTED_EDGE ( 'NONE', *, *, #6084, .T. ) ;
#4374 =( NAMED_UNIT ( * ) SI_UNIT ( $, .STERADIAN. ) SOLID_ANGLE_UNIT ( ) );
#4375 = DIRECTION ( 'NONE',  ( 0.000000000000000000, 0.000000000000000000, -1.000000000000000000 ) ) ;
#4376 = ORIENTED_EDGE ( 'NONE', *, *, #794, .F. ) ;
#4377 = ORIENTED_EDGE ( 'NONE', *, *, #9542, .T. ) ;
#4378 = CARTESIAN_POINT ( 'NONE',  ( 72.60000000000000853, 11.79999999999999716, -17.73999999999999844 ) ) ;
#4379 = ORIENTED_EDGE ( 'NONE', *, *, #11015, .F. ) ;
#4380 = CARTESIAN_POINT ( 'NONE',  ( 88.37169511209232553, -13.97309493402848624, -16.07953651776328385 ) ) ;
#4381 = CARTESIAN_POINT ( 'NONE',  ( 62.80000000000001137, -17.50000000000000355, 33.79999999999999716 ) ) ;
#4382 = EDGE_CURVE ( 'NONE', #11869, #5908, #7745, .T. ) ;
#4383 = DIRECTION ( 'NONE',  ( 0.000000000000000000, 0.000000000000000000, -1.000000000000000000 ) ) ;
#4384 = CARTESIAN_POINT ( 'NONE',  ( 31.80000000000000071, -17.50000000000000000, 36.79999999999999716 ) ) ;
#4385 = CARTESIAN_POINT ( 'NONE',  ( 72.60000000000000853, -9.099999999999996092, -17.73999999999999844 ) ) ;
#4386 = EDGE_CURVE ( 'NONE', #3738, #11307, #7606, .T. ) ;
#4387 = DIRECTION ( 'NONE',  ( 1.000000000000000000, 0.000000000000000000, 0.000000000000000000 ) ) ;
#4388 = CARTESIAN_POINT ( 'NONE',  ( 84.20000000000001705, -16.69999999999999929, -9.299999999999998934 ) ) ;
#4389 = FACE_BOUND ( 'NONE', #153, .T. ) ;
#4390 = CARTESIAN_POINT ( 'NONE',  ( 87.69036223092285809, -12.72723840389526195, -17.05917127487055751 ) ) ;
#4391 = ORIENTED_EDGE ( 'NONE', *, *, #5079, .T. ) ;
#4392 = VECTOR ( 'NONE', #6814, 1000.000000000000000 ) ;
#4393 = DIRECTION ( 'NONE',  ( 0.000000000000000000, 1.000000000000000000, -0.000000000000000000 ) ) ;
#4394 = EDGE_CURVE ( 'NONE', #416, #10697, #4704, .T. ) ;
#4395 = CARTESIAN_POINT ( 'NONE',  ( 71.54881607460970372, -11.93461398030376763, -17.32984694815393567 ) ) ;
#4396 = AXIS2_PLACEMENT_3D ( 'NONE', #4179, #5189, #11880 ) ;
#4397 = EDGE_CURVE ( 'NONE', #12389, #4802, #2312, .T. ) ;
#4398 = FILL_AREA_STYLE ('',( #12100 ) ) ;
#4399 = ADVANCED_FACE ( 'NONE', ( #12152 ), #4489, .F. ) ;
#4400 = CARTESIAN_POINT ( 'NONE',  ( 31.80000000000000071, -19.10000000000000142, 9.799999999999998934 ) ) ;
#4401 = FACE_OUTER_BOUND ( 'NONE', #9390, .T. ) ;
#4402 = EDGE_CURVE ( 'NONE', #11931, #10283, #8042, .T. ) ;
#4403 = CYLINDRICAL_SURFACE ( 'NONE', #3043, 1.000000000000000000 ) ;
#4404 = ORIENTED_EDGE ( 'NONE', *, *, #1268, .T. ) ;
#4405 = DIRECTION ( 'NONE',  ( -0.000000000000000000, 0.000000000000000000, -1.000000000000000000 ) ) ;
#4406 = CARTESIAN_POINT ( 'NONE',  ( 86.91198475130555323, -10.42093245689357595, -17.65244727226000876 ) ) ;
#4407 = EDGE_LOOP ( 'NONE', ( #5156, #3136, #12061, #10581, #6658, #2850 ) ) ;
#4408 = DIRECTION ( 'NONE',  ( -0.000000000000000000, 1.000000000000000000, 3.001251688541188813E-16 ) ) ;
#4409 = CARTESIAN_POINT ( 'NONE',  ( 3.799999999999999378, -19.10000000000000142, 4.799999999999999822 ) ) ;
#4410 = LINE ( 'NONE', #4127, #8669 ) ;
#4411 = CARTESIAN_POINT ( 'NONE',  ( -6.830700232539420385E-14, -5.209999999999716636, -1.800000000000000044 ) ) ;
#4412 = DIRECTION ( 'NONE',  ( 1.000000000000000000, -0.000000000000000000, -0.000000000000000000 ) ) ;
#4413 = LINE ( 'NONE', #9299, #2194 ) ;
#4414 = VECTOR ( 'NONE', #11703, 1000.000000000000000 ) ;
#4415 = CARTESIAN_POINT ( 'NONE',  ( 4.799999999999999822, -17.50000000000000000, 30.80000000000000071 ) ) ;
#4416 = CARTESIAN_POINT ( 'NONE',  ( -1.800000000000000266, -17.50000000000000000, 8.799999999999995381 ) ) ;
#4417 = EDGE_CURVE ( 'NONE', #7663, #3472, #7157, .T. ) ;
#4418 = CARTESIAN_POINT ( 'NONE',  ( 88.00978882167351003, -12.57354062682384033, -16.92705824513745227 ) ) ;
#4419 = EDGE_CURVE ( 'NONE', #1960, #4666, #4537, .T. ) ;
#4420 = CARTESIAN_POINT ( 'NONE',  ( 4.799999999999999822, -17.50000000000000000, 4.799999999999999822 ) ) ;
#4421 = CARTESIAN_POINT ( 'NONE',  ( 34.80000000000000426, -19.10000000000000142, 10.79999999999999716 ) ) ;
#4422 = AXIS2_PLACEMENT_3D ( 'NONE', #10318, #9200, #3418 ) ;
#4423 = DIRECTION ( 'NONE',  ( -1.000000000000000000, 0.000000000000000000, 0.000000000000000000 ) ) ;
#4424 = VECTOR ( 'NONE', #5935, 1000.000000000000000 ) ;
#4425 = ORIENTED_EDGE ( 'NONE', *, *, #3059, .F. ) ;
#4426 = CIRCLE ( 'NONE', #3288, 2.149999999999999023 ) ;
#4427 = CARTESIAN_POINT ( 'NONE',  ( -0.2000000000000000111, -9.500000000000001776, 40.80000000000000426 ) ) ;
#4428 = ORIENTED_EDGE ( 'NONE', *, *, #627, .F. ) ;
#4429 = FACE_BOUND ( 'NONE', #2485, .T. ) ;
#4430 = CARTESIAN_POINT ( 'NONE',  ( 63.80000000000001137, -17.50000000000000000, 17.79999999999999716 ) ) ;
#4431 = VECTOR ( 'NONE', #2641, 1000.000000000000000 ) ;
#4432 = CARTESIAN_POINT ( 'NONE',  ( 88.40000000000000568, 4.087443438329970924, -15.74000000000000021 ) ) ;
#4433 = VERTEX_POINT ( 'NONE', #810 ) ;
#4434 = DIRECTION ( 'NONE',  ( -1.400000000000014387E-14, -1.000000000000000000, 0.000000000000000000 ) ) ;
#4435 = ADVANCED_FACE ( 'NONE', ( #1847 ), #5140, .F. ) ;
#4436 = AXIS2_PLACEMENT_3D ( 'NONE', #9778, #8803, #4886 ) ;
#4437 = CARTESIAN_POINT ( 'NONE',  ( 2.921085885662141557, -12.15201547081520594, -17.26365241204403844 ) ) ;
#4438 = ORIENTED_EDGE ( 'NONE', *, *, #2316, .F. ) ;
#4439 = DIRECTION ( 'NONE',  ( -1.399999999999999714E-14, -9.999999999999999988E-15, -1.000000000000000000 ) ) ;
#4440 = CIRCLE ( 'NONE', #831, 1.000000000000000888 ) ;
#4441 = CARTESIAN_POINT ( 'NONE',  ( 31.80000000000000071, -17.50000000000000355, 33.80000000000000426 ) ) ;
#4442 = LINE ( 'NONE', #2394, #2981 ) ;
#4443 = EDGE_CURVE ( 'NONE', #8581, #9863, #10477, .T. ) ;
#4444 = CARTESIAN_POINT ( 'NONE',  ( -5.799999999999985612, 17.99999999999999289, -2.052778186154402551 ) ) ;
#4445 = AXIS2_PLACEMENT_3D ( 'NONE', #5973, #187, #6955 ) ;
#4446 = CARTESIAN_POINT ( 'NONE',  ( 2.585528194515999356, 13.20136454709783003, -17.58294841956351462 ) ) ;
#4447 = CARTESIAN_POINT ( 'NONE',  ( -1.400000000000012346, -18.70000000000001350, 57.79999999999999716 ) ) ;
#4448 = ORIENTED_EDGE ( 'NONE', *, *, #6600, .T. ) ;
#4449 = CARTESIAN_POINT ( 'NONE',  ( 87.81138347586508530, -13.20518845652940598, -16.85860770096126515 ) ) ;
#4450 = EDGE_LOOP ( 'NONE', ( #568, #9665, #2754, #7159 ) ) ;
#4451 = AXIS2_PLACEMENT_3D ( 'NONE', #2087, #11858, #8611 ) ;
#4452 = ORIENTED_EDGE ( 'NONE', *, *, #12235, .F. ) ;
#4453 = ORIENTED_EDGE ( 'NONE', *, *, #9028, .T. ) ;
#4454 = DIRECTION ( 'NONE',  ( -0.000000000000000000, -1.000000000000000000, 0.000000000000000000 ) ) ;
#4455 = DIRECTION ( 'NONE',  ( 0.000000000000000000, -1.000000000000000000, 0.000000000000000000 ) ) ;
#4456 = DIRECTION ( 'NONE',  ( 0.000000000000000000, 0.000000000000000000, -1.000000000000000000 ) ) ;
#4457 = DIRECTION ( 'NONE',  ( 0.000000000000000000, 0.000000000000000000, -1.000000000000000000 ) ) ;
#4458 = EDGE_CURVE ( 'NONE', #7450, #423, #3079, .T. ) ;
#4459 = DIRECTION ( 'NONE',  ( -1.000000000000000000, 0.000000000000000000, 1.405126015542175683E-14 ) ) ;
#4460 = CARTESIAN_POINT ( 'NONE',  ( 32.80000000000000426, -17.50000000000000000, 45.79999999999999716 ) ) ;
#4461 = CARTESIAN_POINT ( 'NONE',  ( 4.799999999999999822, -17.50000000000000000, 26.80000000000000071 ) ) ;
#4462 = ORIENTED_EDGE ( 'NONE', *, *, #7118, .T. ) ;
#4463 = ORIENTED_EDGE ( 'NONE', *, *, #9050, .F. ) ;
#4464 = ORIENTED_EDGE ( 'NONE', *, *, #9225, .F. ) ;
#4465 = VECTOR ( 'NONE', #3161, 1000.000000000000000 ) ;
#4466 = DIRECTION ( 'NONE',  ( 0.000000000000000000, -1.000000000000000000, 0.000000000000000000 ) ) ;
#4467 = VERTEX_POINT ( 'NONE', #4531 ) ;
#4468 = DIRECTION ( 'NONE',  ( -0.000000000000000000, 1.000000000000000000, -0.000000000000000000 ) ) ;
#4469 = VECTOR ( 'NONE', #6594, 1000.000000000000000 ) ;
#4470 = CARTESIAN_POINT ( 'NONE',  ( 31.80000000000000071, -17.50000000000000000, 30.80000000000000071 ) ) ;
#4471 = CARTESIAN_POINT ( 'NONE',  ( -1.800000000000000266, -9.500000000000001776, 36.79999999999999716 ) ) ;
#4472 = DIRECTION ( 'NONE',  ( 0.000000000000000000, -1.000000000000000000, -1.234678630588475078E-16 ) ) ;
#4473 = DIRECTION ( 'NONE',  ( -1.000000000000000000, 0.000000000000000000, 0.000000000000000000 ) ) ;
#4474 = CIRCLE ( 'NONE', #1231, 1.500000000000001332 ) ;
#4475 = AXIS2_PLACEMENT_3D ( 'NONE', #2131, #7034, #8887 ) ;
#4476 = ORIENTED_EDGE ( 'NONE', *, *, #5994, .T. ) ;
#4477 = EDGE_LOOP ( 'NONE', ( #7478, #9283, #10037, #1585 ) ) ;
#4478 = EDGE_CURVE ( 'NONE', #1389, #862, #11851, .T. ) ;
#4479 = CARTESIAN_POINT ( 'NONE',  ( 1.945104527880172629, -9.384480584939806747, -17.73494117051661689 ) ) ;
#4480 = VERTEX_POINT ( 'NONE', #11335 ) ;
#4481 = CARTESIAN_POINT ( 'NONE',  ( -1.276254255662301329, -13.50629269509536989, -16.71729759810155258 ) ) ;
#4482 = PLANE ( 'NONE',  #3817 ) ;
#4483 = EDGE_CURVE ( 'NONE', #4133, #2547, #6693, .T. ) ;
#4484 = DIRECTION ( 'NONE',  ( 1.000000000000000000, 0.000000000000000000, 0.000000000000000000 ) ) ;
#4485 = FACE_BOUND ( 'NONE', #10445, .T. ) ;
#4486 = DIRECTION ( 'NONE',  ( -0.000000000000000000, 0.000000000000000000, 1.000000000000000000 ) ) ;
#4487 = CYLINDRICAL_SURFACE ( 'NONE', #4614, 2.149999999999999023 ) ;
#4488 = CARTESIAN_POINT ( 'NONE',  ( 3.002964878337493371, 13.99396050023653792, -17.34269164746564584 ) ) ;
#4489 = PLANE ( 'NONE',  #9809 ) ;
#4490 = ORIENTED_EDGE ( 'NONE', *, *, #7140, .F. ) ;
#4491 = ORIENTED_EDGE ( 'NONE', *, *, #4397, .F. ) ;
#4492 = VECTOR ( 'NONE', #2833, 1000.000000000000000 ) ;
#4493 = CARTESIAN_POINT ( 'NONE',  ( 87.98451390542849992, -14.20821409653057721, -16.34106071442779040 ) ) ;
#4494 = FACE_OUTER_BOUND ( 'NONE', #9995, .T. ) ;
#4495 = VERTEX_POINT ( 'NONE', #657 ) ;
#4496 = CARTESIAN_POINT ( 'NONE',  ( 86.79999999999999716, -17.50000000000000000, -2.755455298081544778E-15 ) ) ;
#4497 = DIRECTION ( 'NONE',  ( -0.000000000000000000, -1.000000000000000000, -0.000000000000000000 ) ) ;
#4498 = EDGE_CURVE ( 'NONE', #12319, #10710, #2753, .T. ) ;
#4499 = EDGE_LOOP ( 'NONE', ( #11106, #212, #4618, #11663 ) ) ;
#4500 = VERTEX_POINT ( 'NONE', #3651 ) ;
#4501 = VECTOR ( 'NONE', #9595, 1000.000000000000000 ) ;
#4502 = ORIENTED_EDGE ( 'NONE', *, *, #8299, .T. ) ;
#4503 = LINE ( 'NONE', #7689, #5420 ) ;
#4504 = CARTESIAN_POINT ( 'NONE',  ( 31.80000000000000071, -17.50000000000000000, 8.799999999999998934 ) ) ;
#4505 = CARTESIAN_POINT ( 'NONE',  ( 70.60000000000000853, 0.000000000000000000, -11.50000000000000000 ) ) ;
#4506 = DIRECTION ( 'NONE',  ( 0.000000000000000000, 0.000000000000000000, 1.000000000000000000 ) ) ;
#4507 = DIRECTION ( 'NONE',  ( 1.000000000000000000, 0.000000000000000000, -0.000000000000000000 ) ) ;
#4508 = ORIENTED_EDGE ( 'NONE', *, *, #612, .F. ) ;
#4509 = LINE ( 'NONE', #10900, #1983 ) ;
#4510 = CARTESIAN_POINT ( 'NONE',  ( 62.80000000000001137, -17.50000000000000000, 5.799999999999999822 ) ) ;
#4511 = AXIS2_PLACEMENT_3D ( 'NONE', #2434, #5295, #10166 ) ;
#4512 = DIRECTION ( 'NONE',  ( 0.000000000000000000, 1.000000000000000000, -0.000000000000000000 ) ) ;
#4513 = ORIENTED_EDGE ( 'NONE', *, *, #6387, .T. ) ;
#4514 = DIRECTION ( 'NONE',  ( -0.000000000000000000, 1.000000000000000000, 3.001251688541188813E-16 ) ) ;
#4515 = ORIENTED_EDGE ( 'NONE', *, *, #5456, .T. ) ;
#4516 = VECTOR ( 'NONE', #8988, 1000.000000000000000 ) ;
#4517 = DIRECTION ( 'NONE',  ( 0.000000000000000000, 0.000000000000000000, -1.000000000000000000 ) ) ;
#4519 = ORIENTED_EDGE ( 'NONE', *, *, #985, .F. ) ;
#4518 = VECTOR ( 'NONE', #861, 1000.000000000000000 ) ;
#4520 = EDGE_CURVE ( 'NONE', #2435, #11277, #6379, .T. ) ;
#4521 = VECTOR ( 'NONE', #132, 1000.000000000000000 ) ;
#4522 = CARTESIAN_POINT ( 'NONE',  ( 2.771292395298290412, -11.68979180903754056, -17.40183614883711272 ) ) ;
#4523 = CARTESIAN_POINT ( 'NONE',  ( 4.799999999999999822, -17.50000000000000000, 5.799999999999999822 ) ) ;
#4524 = VERTEX_POINT ( 'NONE', #10437 ) ;
#4525 = FACE_OUTER_BOUND ( 'NONE', #7398, .T. ) ;
#4526 = ORIENTED_EDGE ( 'NONE', *, *, #9130, .T. ) ;
#4528 = VERTEX_POINT ( 'NONE', #3686 ) ;
#4527 = FACE_OUTER_BOUND ( 'NONE', #2790, .T. ) ;
#4529 = AXIS2_PLACEMENT_3D ( 'NONE', #13, #4921, #4845 ) ;
#4530 = LINE ( 'NONE', #8790, #9402 ) ;
#4531 = CARTESIAN_POINT ( 'NONE',  ( -1.400000000000012346, -19.09999999999999076, -7.740000000000005542 ) ) ;
#4532 = VERTEX_POINT ( 'NONE', #2649 ) ;
#4533 = ORIENTED_EDGE ( 'NONE', *, *, #225, .T. ) ;
#4534 = VERTEX_POINT ( 'NONE', #11283 ) ;
#4535 = CARTESIAN_POINT ( 'NONE',  ( 87.60251926761016250, -12.41952257767878898, -17.17328757348148116 ) ) ;
#4536 = AXIS2_PLACEMENT_3D ( 'NONE', #1922, #8675, #10729 ) ;
#4537 = CIRCLE ( 'NONE', #10454, 1.000000000000000888 ) ;
#4538 = CARTESIAN_POINT ( 'NONE',  ( -4.200000000000020606, -11.90000000000005898, 14.80000000000000071 ) ) ;
#4539 = DIRECTION ( 'NONE',  ( 0.000000000000000000, 1.000000000000000000, -0.000000000000000000 ) ) ;
#4540 = LINE ( 'NONE', #8865, #5292 ) ;
#4541 = DIRECTION ( 'NONE',  ( 0.000000000000000000, -1.000000000000000000, 0.000000000000000000 ) ) ;
#4542 = PLANE ( 'NONE',  #866 ) ;
#4543 = DIRECTION ( 'NONE',  ( -1.399999999999999714E-14, -9.999999999999999988E-15, -1.000000000000000000 ) ) ;
#4544 = ORIENTED_EDGE ( 'NONE', *, *, #1178, .T. ) ;
#4545 = DIRECTION ( 'NONE',  ( -0.000000000000000000, 0.000000000000000000, 1.000000000000000000 ) ) ;
#4546 = DIRECTION ( 'NONE',  ( -1.399999999999999714E-14, -9.999999999999999988E-15, -1.000000000000000000 ) ) ;
#4547 = LINE ( 'NONE', #8351, #8490 ) ;
#4548 = ORIENTED_EDGE ( 'NONE', *, *, #1486, .T. ) ;
#4549 = CARTESIAN_POINT ( 'NONE',  ( 4.799999999999999822, -19.10000000000000142, 24.80000000000000071 ) ) ;
#4550 = AXIS2_PLACEMENT_3D ( 'NONE', #8832, #3993, #9810 ) ;
#4551 = ORIENTED_EDGE ( 'NONE', *, *, #9265, .F. ) ;
#4552 = ORIENTED_EDGE ( 'NONE', *, *, #10154, .T. ) ;
#4553 = EDGE_CURVE ( 'NONE', #9051, #11337, #9255, .T. ) ;
#4554 = CARTESIAN_POINT ( 'NONE',  ( 31.80000000000000071, -17.50000000000000000, 5.799999999999999822 ) ) ;
#4555 = ORIENTED_EDGE ( 'NONE', *, *, #323, .F. ) ;
#4556 = EDGE_CURVE ( 'NONE', #5689, #9551, #8313, .T. ) ;
#4557 = ORIENTED_EDGE ( 'NONE', *, *, #9538, .T. ) ;
#4558 = CARTESIAN_POINT ( 'NONE',  ( 70.82471773640075696, -13.07762055678737312, -16.66175152372535706 ) ) ;
#4559 = CARTESIAN_POINT ( 'NONE',  ( 31.80000000000000071, -17.50000000000000355, 33.79999999999999716 ) ) ;
#4560 = ORIENTED_EDGE ( 'NONE', *, *, #11576, .F. ) ;
#4561 = ADVANCED_FACE ( 'NONE', ( #466 ), #11364, .F. ) ;
#4562 = CARTESIAN_POINT ( 'NONE',  ( 3.179705053936720649, -13.07142685129931614, -16.91778255998685410 ) ) ;
#4563 = LINE ( 'NONE', #2306, #7475 ) ;
#4564 = VERTEX_POINT ( 'NONE', #2575 ) ;
#4565 = VECTOR ( 'NONE', #6677, 1000.000000000000000 ) ;
#4566 = DIRECTION ( 'NONE',  ( 0.000000000000000000, -1.000000000000000000, -0.000000000000000000 ) ) ;
#4567 = DIRECTION ( 'NONE',  ( 0.000000000000000000, 0.000000000000000000, -1.000000000000000000 ) ) ;
#4568 = ORIENTED_EDGE ( 'NONE', *, *, #5045, .T. ) ;
#4569 = EDGE_CURVE ( 'NONE', #2547, #10130, #5922, .T. ) ;
#4570 = DIRECTION ( 'NONE',  ( 1.000000000000000000, 0.000000000000000000, 0.000000000000000000 ) ) ;
#4571 = ORIENTED_EDGE ( 'NONE', *, *, #11182, .F. ) ;
#4572 = AXIS2_PLACEMENT_3D ( 'NONE', #3826, #8566, #3872 ) ;
#4573 = ORIENTED_EDGE ( 'NONE', *, *, #11498, .F. ) ;
#4574 = ORIENTED_EDGE ( 'NONE', *, *, #6680, .F. ) ;
#4575 = VECTOR ( 'NONE', #6687, 1000.000000000000000 ) ;
#4576 = ORIENTED_EDGE ( 'NONE', *, *, #441, .F. ) ;
#4577 = DIRECTION ( 'NONE',  ( 0.000000000000000000, 0.000000000000000000, -1.000000000000000000 ) ) ;
#4578 = DIRECTION ( 'NONE',  ( 0.000000000000000000, 0.000000000000000000, -1.000000000000000000 ) ) ;
#4579 = LINE ( 'NONE', #2486, #7492 ) ;
#4580 = VERTEX_POINT ( 'NONE', #6500 ) ;
#4581 = AXIS2_PLACEMENT_3D ( 'NONE', #4009, #4972, #10901 ) ;
#4582 = CARTESIAN_POINT ( 'NONE',  ( 62.80000000000001137, -19.10000000000000142, 33.79999999999999716 ) ) ;
#4583 = ORIENTED_EDGE ( 'NONE', *, *, #2076, .F. ) ;
#4584 = FACE_BOUND ( 'NONE', #4640, .T. ) ;
#4585 = LINE ( 'NONE', #9621, #2795 ) ;
#4586 = CIRCLE ( 'NONE', #10509, 1.000000000000000888 ) ;
#4587 = DIRECTION ( 'NONE',  ( 0.000000000000000000, -1.000000000000000000, -1.234678630588475078E-16 ) ) ;
#4588 = ORIENTED_EDGE ( 'NONE', *, *, #4883, .F. ) ;
#4589 = ORIENTED_EDGE ( 'NONE', *, *, #5360, .T. ) ;
#4590 = CIRCLE ( 'NONE', #8916, 1.000000000000000888 ) ;
#4591 = CARTESIAN_POINT ( 'NONE',  ( 4.199999999999995737, -0.1000000000000000056, 56.84969335805276103 ) ) ;
#4592 = PLANE ( 'NONE',  #3799 ) ;
#4593 = CARTESIAN_POINT ( 'NONE',  ( 3.757902777986344756, -13.87688169151682871, -16.14906783515584721 ) ) ;
#4594 = CARTESIAN_POINT ( 'NONE',  ( 82.40000000000000568, -8.099999999999999645, 57.79999999999999716 ) ) ;
#4595 = VERTEX_POINT ( 'NONE', #10326 ) ;
#4596 = UNCERTAINTY_MEASURE_WITH_UNIT (LENGTH_MEASURE( 1.000000000000000082E-05 ), #11298, 'distance_accuracy_value', 'NONE');
#4597 = VERTEX_POINT ( 'NONE', #7564 ) ;
#4598 = CARTESIAN_POINT ( 'NONE',  ( 72.41445416040147620, -9.573992342895182972, -17.72946265155322010 ) ) ;
#4599 = VECTOR ( 'NONE', #2058, 1000.000000000000000 ) ;
#4600 = ORIENTED_EDGE ( 'NONE', *, *, #6012, .T. ) ;
#4601 = VERTEX_POINT ( 'NONE', #7407 ) ;
#4602 = AXIS2_PLACEMENT_3D ( 'NONE', #1161, #1083, #7855 ) ;
#4603 = CARTESIAN_POINT ( 'NONE',  ( 1.800000000000000044, -9.099999999999996092, -17.74000000000001265 ) ) ;
#4604 = FACE_BOUND ( 'NONE', #2873, .T. ) ;
#4605 = AXIS2_PLACEMENT_3D ( 'NONE', #11861, #5170, #1173 ) ;
#4606 = CARTESIAN_POINT ( 'NONE',  ( -1.339710204527638782, -13.86872614213735488, -16.53054711218620909 ) ) ;
#4607 = DIRECTION ( 'NONE',  ( 0.000000000000000000, 0.000000000000000000, -1.000000000000000000 ) ) ;
#4608 = CARTESIAN_POINT ( 'NONE',  ( 34.80000000000000426, -17.50000000000000000, 13.79999999999999716 ) ) ;
#4609 = DIRECTION ( 'NONE',  ( -0.000000000000000000, -0.000000000000000000, 1.000000000000000000 ) ) ;
#4610 = LINE ( 'NONE', #11883, #9619 ) ;
#4611 = CARTESIAN_POINT ( 'NONE',  ( 59.79999999999999716, -17.50000000000000000, 54.60000000000000853 ) ) ;
#4612 = ORIENTED_EDGE ( 'NONE', *, *, #297, .F. ) ;
#4613 = VERTEX_POINT ( 'NONE', #3647 ) ;
#4614 = AXIS2_PLACEMENT_3D ( 'NONE', #10336, #10205, #4456 ) ;
#4615 = CARTESIAN_POINT ( 'NONE',  ( 35.80000000000000426, -17.50000000000000711, 45.79999999999999005 ) ) ;
#4616 = VECTOR ( 'NONE', #7461, 1000.000000000000000 ) ;
#4617 = CARTESIAN_POINT ( 'NONE',  ( 4.799999999999999822, -17.50000000000000355, 17.80000000000000071 ) ) ;
#4618 = ORIENTED_EDGE ( 'NONE', *, *, #6617, .T. ) ;
#4619 = CYLINDRICAL_SURFACE ( 'NONE', #9676, 1.000000000000000888 ) ;
#4620 = CARTESIAN_POINT ( 'NONE',  ( 3.799999999999999378, -19.10000000000000142, 28.80000000000000071 ) ) ;
#4621 = CARTESIAN_POINT ( 'NONE',  ( -0.8000000000000001554, -6.100000000000001421, 1.599999999999999867 ) ) ;
#4622 = AXIS2_PLACEMENT_3D ( 'NONE', #4730, #8494, #1916 ) ;
#4623 = VERTEX_POINT ( 'NONE', #6410 ) ;
#4624 = LINE ( 'NONE', #5511, #4791 ) ;
#4625 = DIRECTION ( 'NONE',  ( 0.000000000000000000, 0.000000000000000000, 1.000000000000000000 ) ) ;
#4626 = VERTEX_POINT ( 'NONE', #6533 ) ;
#4627 = ORIENTED_EDGE ( 'NONE', *, *, #2638, .F. ) ;
#4628 = CARTESIAN_POINT ( 'NONE',  ( 72.56128964006271076, -9.175856539291686431, -17.73999999999999844 ) ) ;
#4629 = DIRECTION ( 'NONE',  ( -1.000000000000000000, -0.000000000000000000, 0.000000000000000000 ) ) ;
#4630 = LINE ( 'NONE', #4939, #12079 ) ;
#4631 = CARTESIAN_POINT ( 'NONE',  ( 56.39999999999999858, -3.200000000000003286, -0.7999999999999999334 ) ) ;
#4632 = ORIENTED_EDGE ( 'NONE', *, *, #6234, .T. ) ;
#4633 = EDGE_CURVE ( 'NONE', #7858, #9551, #11224, .T. ) ;
#4634 = CIRCLE ( 'NONE', #8346, 6.200000000000001066 ) ;
#4635 = VECTOR ( 'NONE', #1714, 1000.000000000000000 ) ;
#4636 = EDGE_CURVE ( 'NONE', #4227, #10118, #7597, .T. ) ;
#4637 = CARTESIAN_POINT ( 'NONE',  ( 4.800000000000001599, -17.50000000000000711, 45.79999999999999716 ) ) ;
#4638 = FACE_OUTER_BOUND ( 'NONE', #12078, .T. ) ;
#4639 = CARTESIAN_POINT ( 'NONE',  ( 1.937293577055452909, -9.450581285657293051, -17.73385307286636348 ) ) ;
#4640 = EDGE_LOOP ( 'NONE', ( #12025, #8915, #5242, #5099, #4743, #2397 ) ) ;
#4641 = VERTEX_POINT ( 'NONE', #8338 ) ;
#4642 = CARTESIAN_POINT ( 'NONE',  ( 3.799999999999999378, -17.50000000000000000, 24.80000000000000071 ) ) ;
#4643 = ORIENTED_EDGE ( 'NONE', *, *, #5970, .F. ) ;
#4644 = FACE_OUTER_BOUND ( 'NONE', #587, .T. ) ;
#4645 = ORIENTED_EDGE ( 'NONE', *, *, #5052, .F. ) ;
#4646 = ADVANCED_FACE ( 'NONE', ( #1830 ), #9336, .F. ) ;
#4647 = CARTESIAN_POINT ( 'NONE',  ( 70.63979677971965998, -13.88495347591283924, -16.14425074667543925 ) ) ;
#4648 = CARTESIAN_POINT ( 'NONE',  ( 35.80000000000000426, -17.50000000000000000, 38.79999999999999716 ) ) ;
#4649 = EDGE_CURVE ( 'NONE', #1150, #11917, #618, .T. ) ;
#4650 = AXIS2_PLACEMENT_3D ( 'NONE', #11584, #5772, #12563 ) ;
#4651 = EDGE_CURVE ( 'NONE', #11756, #4335, #11692, .T. ) ;
#4652 = DIRECTION ( 'NONE',  ( 0.000000000000000000, 1.000000000000000000, -0.000000000000000000 ) ) ;
#4653 = LINE ( 'NONE', #11217, #281 ) ;
#4654 = EDGE_CURVE ( 'NONE', #12172, #64, #1077, .T. ) ;
#4655 = CARTESIAN_POINT ( 'NONE',  ( 3.800000000000001155, -19.10000000000000142, 46.80000000000000426 ) ) ;
#4656 = ORIENTED_EDGE ( 'NONE', *, *, #11972, .F. ) ;
#4657 = EDGE_CURVE ( 'NONE', #2534, #9479, #5434, .T. ) ;
#4658 = ORIENTED_EDGE ( 'NONE', *, *, #5547, .T. ) ;
#4659 = DIRECTION ( 'NONE',  ( 0.000000000000000000, 0.000000000000000000, 1.000000000000000000 ) ) ;
#4660 = ORIENTED_EDGE ( 'NONE', *, *, #1130, .T. ) ;
#4661 = LINE ( 'NONE', #8422, #11492 ) ;
#4662 = DIRECTION ( 'NONE',  ( 0.000000000000000000, -1.404986760216307406E-16, 1.000000000000000000 ) ) ;
#4663 = LINE ( 'NONE', #3405, #1044 ) ;
#4664 = DIRECTION ( 'NONE',  ( 0.000000000000000000, 0.000000000000000000, -1.000000000000000000 ) ) ;
#4665 = CARTESIAN_POINT ( 'NONE',  ( 0.1999999999999996503, -9.099999999999994316, -17.74000000000000199 ) ) ;
#4666 = VERTEX_POINT ( 'NONE', #2822 ) ;
#4667 = VERTEX_POINT ( 'NONE', #10696 ) ;
#4668 = LINE ( 'NONE', #4505, #5114 ) ;
#4669 = DIRECTION ( 'NONE',  ( 0.000000000000000000, 0.000000000000000000, -1.000000000000000000 ) ) ;
#4670 = VECTOR ( 'NONE', #6807, 1000.000000000000000 ) ;
#4671 = DIRECTION ( 'NONE',  ( 1.000000000000000000, 0.000000000000000000, -0.000000000000000000 ) ) ;
#4672 = EDGE_CURVE ( 'NONE', #2865, #3030, #1382, .T. ) ;
#4673 = EDGE_CURVE ( 'NONE', #6868, #7874, #10935, .T. ) ;
#4674 = CARTESIAN_POINT ( 'NONE',  ( 71.37145450608308295, -11.62254443613653443, -17.31868327855166356 ) ) ;
#4675 = DIRECTION ( 'NONE',  ( 0.000000000000000000, 0.000000000000000000, 1.000000000000000000 ) ) ;
#4676 = ORIENTED_EDGE ( 'NONE', *, *, #6704, .T. ) ;
#4677 = ADVANCED_FACE ( 'NONE', ( #5760 ), #7724, .F. ) ;
#4678 = VECTOR ( 'NONE', #6311, 1000.000000000000000 ) ;
#4679 = ORIENTED_EDGE ( 'NONE', *, *, #7673, .F. ) ;
#4680 = CARTESIAN_POINT ( 'NONE',  ( 31.80000000000000071, -19.10000000000000497, 29.80000000000000071 ) ) ;
#4681 = DIRECTION ( 'NONE',  ( -1.000000000000000000, -0.000000000000000000, -0.000000000000000000 ) ) ;
#4682 = CARTESIAN_POINT ( 'NONE',  ( 2.538645803062332451, -11.03089971123660185, -17.55210391535728220 ) ) ;
#4683 = DIRECTION ( 'NONE',  ( -0.000000000000000000, 1.000000000000000000, -0.000000000000000000 ) ) ;
#4684 = CARTESIAN_POINT ( 'NONE',  ( 3.607263449921813248, -13.18964048688367541, -16.59667094004786492 ) ) ;
#4685 = CARTESIAN_POINT ( 'NONE',  ( 0.000000000000000000, 0.000000000000000000, -0.7999999999999999334 ) ) ;
#4686 = AXIS2_PLACEMENT_3D ( 'NONE', #5202, #1263, #2252 ) ;
#4687 = DIRECTION ( 'NONE',  ( 0.000000000000000000, 3.001251688541188813E-16, -1.000000000000000000 ) ) ;
#4688 = ORIENTED_EDGE ( 'NONE', *, *, #4040, .T. ) ;
#4689 = ORIENTED_EDGE ( 'NONE', *, *, #8134, .F. ) ;
#4690 = CARTESIAN_POINT ( 'NONE',  ( -0.2000000000000000111, -15.90000000000001101, -0.2000000000000023426 ) ) ;
#4691 = CARTESIAN_POINT ( 'NONE',  ( 71.70861327109956562, -11.45767369777800582, -17.46102821380220149 ) ) ;
#4692 = EDGE_CURVE ( 'NONE', #11652, #2921, #7303, .T. ) ;
#4693 = ORIENTED_EDGE ( 'NONE', *, *, #10036, .F. ) ;
#4694 = ORIENTED_EDGE ( 'NONE', *, *, #12307, .T. ) ;
#4695 = AXIS2_PLACEMENT_3D ( 'NONE', #11748, #4056, #155 ) ;
#4696 = DIRECTION ( 'NONE',  ( 0.000000000000000000, 0.000000000000000000, -1.000000000000000000 ) ) ;
#4697 = EDGE_LOOP ( 'NONE', ( #3669, #1240, #11855, #409, #8252, #7067, #7552, #11446, #9076 ) ) ;
#4698 = CARTESIAN_POINT ( 'NONE',  ( -0.8566618276574106128, -11.95145697611251911, -17.32485487121012468 ) ) ;
#4699 = CARTESIAN_POINT ( 'NONE',  ( 56.39999999999999858, -11.20000000000000462, -0.7999999999999999334 ) ) ;
#4700 = CARTESIAN_POINT ( 'NONE',  ( 0.01445416040130692234, -9.573992342895129681, -17.72946265155322720 ) ) ;
#4701 = VERTEX_POINT ( 'NONE', #804 ) ;
#4702 = ORIENTED_EDGE ( 'NONE', *, *, #11168, .T. ) ;
#4703 = AXIS2_PLACEMENT_3D ( 'NONE', #12247, #11353, #597 ) ;
#4704 = CIRCLE ( 'NONE', #7860, 1.000000000000000888 ) ;
#4705 = CARTESIAN_POINT ( 'NONE',  ( 35.80000000000000426, -19.10000000000000142, 20.79999999999999716 ) ) ;
#4706 = DIRECTION ( 'NONE',  ( -1.000000000000000000, 0.000000000000000000, -0.000000000000000000 ) ) ;
#4707 = ORIENTED_EDGE ( 'NONE', *, *, #8612, .T. ) ;
#4708 = ADVANCED_FACE ( 'NONE', ( #11840, #3641, #3212, #4235, #6686, #12143, #9102, #3953, #11373, #6232, #3358, #756, #2164, #1541, #8329, #11991, #7746, #2908, #10181, #4389, #6101, #1850, #9559 ), #1845, .F. ) ;
#4709 = EDGE_CURVE ( 'NONE', #1762, #3779, #916, .T. ) ;
#4710 = ORIENTED_EDGE ( 'NONE', *, *, #1587, .T. ) ;
#4711 = VECTOR ( 'NONE', #8927, 1000.000000000000000 ) ;
#4712 = DIRECTION ( 'NONE',  ( 0.000000000000000000, 1.234678630588475078E-16, -1.000000000000000000 ) ) ;
#4713 = PLANE ( 'NONE',  #3080 ) ;
#4714 = EDGE_CURVE ( 'NONE', #12076, #6181, #42, .T. ) ;
#4715 = CARTESIAN_POINT ( 'NONE',  ( 71.92539904654762495, -10.43846426097498004, -17.62279696273746410 ) ) ;
#4716 = VECTOR ( 'NONE', #11138, 1000.000000000000000 ) ;
#4717 = CARTESIAN_POINT ( 'NONE',  ( 6.800000000000001599, -19.10000000000000142, 56.20000000000000284 ) ) ;
#4718 = EDGE_LOOP ( 'NONE', ( #3175, #10806, #8889, #8472 ) ) ;
#4719 = LINE ( 'NONE', #980, #2178 ) ;
#4720 = VECTOR ( 'NONE', #1605, 1000.000000000000000 ) ;
#4721 = ORIENTED_EDGE ( 'NONE', *, *, #5886, .T. ) ;
#4722 = VERTEX_POINT ( 'NONE', #2915 ) ;
#4723 = FACE_OUTER_BOUND ( 'NONE', #12468, .T. ) ;
#4724 = CARTESIAN_POINT ( 'NONE',  ( 70.40000000000000568, -0.1000000000000002415, 56.79999999999999716 ) ) ;
#4725 = EDGE_CURVE ( 'NONE', #825, #12556, #10480, .T. ) ;
#4726 = DIRECTION ( 'NONE',  ( -1.000000000000000000, 0.000000000000000000, -0.000000000000000000 ) ) ;
#4727 = VECTOR ( 'NONE', #10943, 1000.000000000000000 ) ;
#4728 = ORIENTED_EDGE ( 'NONE', *, *, #5694, .F. ) ;
#4729 = CARTESIAN_POINT ( 'NONE',  ( 3.528387481027478234, -12.92265319255677447, -16.74862685958157371 ) ) ;
#4730 = CARTESIAN_POINT ( 'NONE',  ( 1.399999999999984590, -17.50000000000000000, -2.755455298081544778E-15 ) ) ;
#4731 = CARTESIAN_POINT ( 'NONE',  ( 34.80000000000000426, -17.50000000000000000, 4.799999999999999822 ) ) ;
#4732 = CIRCLE ( 'NONE', #9088, 0.9999999999999991118 ) ;
#4733 = EDGE_CURVE ( 'NONE', #2927, #4251, #7316, .T. ) ;
#4734 = VECTOR ( 'NONE', #7838, 1000.000000000000000 ) ;
#4735 = DIRECTION ( 'NONE',  ( 0.000000000000000000, 0.000000000000000000, 1.000000000000000000 ) ) ;
#4736 = CARTESIAN_POINT ( 'NONE',  ( 71.19864264292270661, -12.02993485198156343, -17.16838289445326993 ) ) ;
#4737 = LINE ( 'NONE', #9656, #4281 ) ;
#4738 = DIRECTION ( 'NONE',  ( 0.000000000000000000, -1.000000000000000000, 0.000000000000000000 ) ) ;
#4739 = VERTEX_POINT ( 'NONE', #7640 ) ;
#4740 = ORIENTED_EDGE ( 'NONE', *, *, #8787, .T. ) ;
#4741 = LINE ( 'NONE', #4254, #6733 ) ;
#4742 = CARTESIAN_POINT ( 'NONE',  ( 0.03087373300888979905, -9.431665903878450052, -17.73283663797293030 ) ) ;
#4743 = ORIENTED_EDGE ( 'NONE', *, *, #6640, .T. ) ;
#4744 = FACE_BOUND ( 'NONE', #1575, .T. ) ;
#4745 = CARTESIAN_POINT ( 'NONE',  ( 72.28011846648354322, -9.919632248509197225, -17.70643667474236693 ) ) ;
#4746 = VECTOR ( 'NONE', #6315, 1000.000000000000000 ) ;
#4747 = VERTEX_POINT ( 'NONE', #5672 ) ;
#4748 = EDGE_LOOP ( 'NONE', ( #9196, #6981, #12175, #8664 ) ) ;
#4749 = DIRECTION ( 'NONE',  ( 1.000000000000000000, 0.000000000000000000, 0.000000000000000000 ) ) ;
#4750 = EDGE_CURVE ( 'NONE', #12556, #7499, #5777, .T. ) ;
#4751 = EDGE_LOOP ( 'NONE', ( #3542, #11316, #9359, #11637 ) ) ;
#4752 = LINE ( 'NONE', #12218, #1723 ) ;
#4753 = VERTEX_POINT ( 'NONE', #3856 ) ;
#4754 = LINE ( 'NONE', #11871, #2221 ) ;
#4755 = DIRECTION ( 'NONE',  ( -0.000000000000000000, 1.000000000000000000, 3.001251688541188813E-16 ) ) ;
#4756 = LINE ( 'NONE', #1543, #2205 ) ;
#4757 = CARTESIAN_POINT ( 'NONE',  ( 62.80000000000001137, -17.50000000000000000, 12.79999999999999538 ) ) ;
#4758 = ORIENTED_EDGE ( 'NONE', *, *, #3939, .T. ) ;
#4759 = ORIENTED_EDGE ( 'NONE', *, *, #1517, .F. ) ;
#4760 = CARTESIAN_POINT ( 'NONE',  ( 57.00000000000000000, -17.50000000000000000, 49.29999999999999716 ) ) ;
#4761 = CARTESIAN_POINT ( 'NONE',  ( 72.36324778135923452, -9.564582867977208025, -17.72615080178283975 ) ) ;
#4762 = AXIS2_PLACEMENT_3D ( 'NONE', #11342, #10288, #7813 ) ;
#4763 = AXIS2_PLACEMENT_3D ( 'NONE', #5817, #1887, #6630 ) ;
#4764 = CARTESIAN_POINT ( 'NONE',  ( 35.80000000000000426, -19.10000000000000142, 12.79999999999999538 ) ) ;
#4765 = CARTESIAN_POINT ( 'NONE',  ( 2.199999999999993516, -5.200000000000060574, 51.69999999999998863 ) ) ;
#4766 = ORIENTED_EDGE ( 'NONE', *, *, #134, .T. ) ;
#4767 = EDGE_LOOP ( 'NONE', ( #8200, #6637, #6591, #3746, #10179 ) ) ;
#4768 = EDGE_CURVE ( 'NONE', #11031, #4858, #2919, .T. ) ;
#4769 = ORIENTED_EDGE ( 'NONE', *, *, #3999, .F. ) ;
#4770 = CARTESIAN_POINT ( 'NONE',  ( 2.102207175685469664, -9.873953244650140348, -17.71020630334627199 ) ) ;
#4771 = ORIENTED_EDGE ( 'NONE', *, *, #12569, .F. ) ;
#4772 = AXIS2_PLACEMENT_3D ( 'NONE', #9002, #6178, #9902 ) ;
#4773 = CARTESIAN_POINT ( 'NONE',  ( 63.80000000000001137, -19.10000000000000142, 13.79999999999999716 ) ) ;
#4774 = CARTESIAN_POINT ( 'NONE',  ( 71.00000000000002842, -19.09999999999999432, -7.977961573045432712E-15 ) ) ;
#4775 = DIRECTION ( 'NONE',  ( 1.000000000000000000, 0.000000000000000000, 0.000000000000000000 ) ) ;
#4776 = CARTESIAN_POINT ( 'NONE',  ( 16.19999999999999218, -11.30000000000000959, 57.79999999999999716 ) ) ;
#4777 = ORIENTED_EDGE ( 'NONE', *, *, #6663, .F. ) ;
#4778 = ORIENTED_EDGE ( 'NONE', *, *, #7200, .F. ) ;
#4779 = ORIENTED_EDGE ( 'NONE', *, *, #1424, .F. ) ;
#4780 = CARTESIAN_POINT ( 'NONE',  ( 4.799999999999999822, -19.10000000000000497, 36.79999999999999716 ) ) ;
#4781 = ORIENTED_EDGE ( 'NONE', *, *, #2332, .F. ) ;
#4782 = VECTOR ( 'NONE', #10730, 1000.000000000000000 ) ;
#4783 = ORIENTED_EDGE ( 'NONE', *, *, #9702, .F. ) ;
#4784 = CARTESIAN_POINT ( 'NONE',  ( -0.1605929261527525020, -10.02495114879340754, -17.69744415184170094 ) ) ;
#4785 = DIRECTION ( 'NONE',  ( 1.000000000000000000, 0.000000000000000000, 0.000000000000000000 ) ) ;
#4786 = CARTESIAN_POINT ( 'NONE',  ( -0.7981376452362972662, -11.11335174779670609, -17.47313900252472152 ) ) ;
#4787 = CARTESIAN_POINT ( 'NONE',  ( -1.332165886306966085, -12.36156639081348629, -17.02716536968382854 ) ) ;
#4788 = DIRECTION ( 'NONE',  ( -0.000000000000000000, 0.000000000000000000, 1.000000000000000000 ) ) ;
#4789 = PLANE ( 'NONE',  #4650 ) ;
#4790 = AXIS2_PLACEMENT_3D ( 'NONE', #3249, #2358, #6164 ) ;
#4791 = VECTOR ( 'NONE', #10411, 1000.000000000000000 ) ;
#4792 = CARTESIAN_POINT ( 'NONE',  ( 32.80000000000000426, -17.50000000000000000, 33.79999999999999716 ) ) ;
#4793 = CARTESIAN_POINT ( 'NONE',  ( -1.000000000000000000, -3.045900930049277200, 16.89936534720461125 ) ) ;
#4794 = EDGE_LOOP ( 'NONE', ( #12555, #806, #9759, #3919, #3252, #4902 ) ) ;
#4795 = ORIENTED_EDGE ( 'NONE', *, *, #6433, .F. ) ;
#4796 = CARTESIAN_POINT ( 'NONE',  ( 71.00000000000002842, -19.09999999999999076, -7.740000000000001101 ) ) ;
#4797 = DIRECTION ( 'NONE',  ( -0.000000000000000000, 0.000000000000000000, 1.000000000000000000 ) ) ;
#4798 = PLANE ( 'NONE',  #8298 ) ;
#4799 = EDGE_LOOP ( 'NONE', ( #10163, #10777, #7337, #8150, #3911, #4658 ) ) ;
#4800 = ORIENTED_EDGE ( 'NONE', *, *, #8612, .F. ) ;
#4801 = LINE ( 'NONE', #8948, #1479 ) ;
#4802 = VERTEX_POINT ( 'NONE', #11536 ) ;
#4803 = EDGE_CURVE ( 'NONE', #2697, #9703, #2599, .T. ) ;
#4804 = CARTESIAN_POINT ( 'NONE',  ( -1.000000000000000000, -4.545900930049277200, 16.39936534720461125 ) ) ;
#4805 = ORIENTED_EDGE ( 'NONE', *, *, #2566, .F. ) ;
#4806 = CARTESIAN_POINT ( 'NONE',  ( -0.2000000000000000111, -15.90000000000001101, -1.963139022635676547E-15 ) ) ;
#4807 = CARTESIAN_POINT ( 'NONE',  ( -0.8000000000000001554, -4.100000000000000533, 3.599999999999999645 ) ) ;
#4808 = EDGE_LOOP ( 'NONE', ( #3359, #6899, #9848, #3703 ) ) ;
#4809 = VERTEX_POINT ( 'NONE', #9888 ) ;
#4810 = LINE ( 'NONE', #1738, #10151 ) ;
#4811 = CARTESIAN_POINT ( 'NONE',  ( 2.199999999999993516, -0.1000000000000002415, 56.79999999999999716 ) ) ;
#4812 = CARTESIAN_POINT ( 'NONE',  ( -0.2000000000000000111, -2.449999999999728839, 12.27259155458886397 ) ) ;
#4813 = CARTESIAN_POINT ( 'NONE',  ( -0.2000000000000000111, -15.90000000000001457, 32.79999999999999716 ) ) ;
#4814 = EDGE_CURVE ( 'NONE', #5019, #7085, #4540, .T. ) ;
#4815 = LINE ( 'NONE', #6437, #11351 ) ;
#4816 = VECTOR ( 'NONE', #1027, 1000.000000000000000 ) ;
#4817 = CARTESIAN_POINT ( 'NONE',  ( 4.799999999999999822, -19.10000000000000142, 20.80000000000000071 ) ) ;
#4818 = EDGE_CURVE ( 'NONE', #9557, #8671, #5143, .T. ) ;
#4819 = CARTESIAN_POINT ( 'NONE',  ( -0.8228306187487565149, -0.09258188229134513281, 3.600000000000000089 ) ) ;
#4820 = CARTESIAN_POINT ( 'NONE',  ( 31.80000000000000071, -17.50000000000000355, 17.80000000000000071 ) ) ;
#4821 = EDGE_CURVE ( 'NONE', #2490, #4227, #2468, .T. ) ;
#4822 = DIRECTION ( 'NONE',  ( -1.000000000000000000, -0.000000000000000000, -0.000000000000000000 ) ) ;
#4823 = CARTESIAN_POINT ( 'NONE',  ( 0.1419335412046079659, -9.248177144078912448, -17.73894618487264196 ) ) ;
#4824 = EDGE_LOOP ( 'NONE', ( #11815, #4316, #7991, #6982, #1315, #11642, #12515, #5608, #12006, #2594, #11705, #8571, #8125, #6173, #11647, #1707, #7427, #7189, #2377, #5788, #4957, #3520, #1974, #8879, #1270, #7266 ) ) ;
#4825 = CARTESIAN_POINT ( 'NONE',  ( 34.80000000000000426, -19.10000000000000142, 10.79999999999999716 ) ) ;
#4826 = EDGE_LOOP ( 'NONE', ( #2694, #6318, #2099, #7536, #10369, #7781, #11166, #12051, #5168, #4033, #7370, #5798, #1748, #8786, #4332, #11, #9949, #1611, #5630, #5209, #2018, #3387, #6051, #11366, #4560, #11348, #5570, #1882, #5150, #2003, #672, #5165, #11535, #7323, #11546, #9650, #7514, #9079, #78, #6610, #1020, #6802, #5249, #9251, #4583, #12533, #6620, #7027, #11915, #11687, #2126, #417 ) ) ;
#4827 = CARTESIAN_POINT ( 'NONE',  ( 62.80000000000001137, -17.50000000000000355, 37.79999999999999716 ) ) ;
#4828 = CARTESIAN_POINT ( 'NONE',  ( -0.2000000000000000111, -15.90000000000001101, -1.963139022635676547E-15 ) ) ;
#4829 = LINE ( 'NONE', #1810, #2291 ) ;
#4830 = FACE_BOUND ( 'NONE', #9048, .T. ) ;
#4831 = DIRECTION ( 'NONE',  ( -0.000000000000000000, 1.000000000000000000, 3.001251688541188813E-16 ) ) ;
#4832 = LINE ( 'NONE', #7158, #2294 ) ;
#4833 = DIRECTION ( 'NONE',  ( -0.000000000000000000, 1.000000000000000000, 0.000000000000000000 ) ) ;
#4834 = ORIENTED_EDGE ( 'NONE', *, *, #6453, .F. ) ;
#4835 = VECTOR ( 'NONE', #5021, 1000.000000000000000 ) ;
#4836 = ORIENTED_EDGE ( 'NONE', *, *, #11435, .T. ) ;
#4837 = ORIENTED_EDGE ( 'NONE', *, *, #6239, .F. ) ;
#4838 = ORIENTED_EDGE ( 'NONE', *, *, #12055, .T. ) ;
#4839 = EDGE_CURVE ( 'NONE', #5000, #7725, #3067, .T. ) ;
#4840 = DIRECTION ( 'NONE',  ( 1.000000000000000000, 0.000000000000000000, 0.000000000000000000 ) ) ;
#4841 = DIRECTION ( 'NONE',  ( 1.000000000000000000, 0.000000000000000000, 0.000000000000000000 ) ) ;
#4842 = AXIS2_PLACEMENT_3D ( 'NONE', #10185, #11160, #5319 ) ;
#4843 = ORIENTED_EDGE ( 'NONE', *, *, #7396, .F. ) ;
#4844 = CARTESIAN_POINT ( 'NONE',  ( 35.80000000000000426, -17.50000000000000000, 20.79999999999999716 ) ) ;
#4845 = DIRECTION ( 'NONE',  ( 0.000000000000000000, -0.000000000000000000, -1.000000000000000000 ) ) ;
#4846 = EDGE_LOOP ( 'NONE', ( #2868, #7548, #932, #12369 ) ) ;
#4847 = CARTESIAN_POINT ( 'NONE',  ( 2.837835747295036182, -11.89375448166897797, -17.34183002216842340 ) ) ;
#4848 = VERTEX_POINT ( 'NONE', #2113 ) ;
#4849 = CARTESIAN_POINT ( 'NONE',  ( 62.80000000000001137, -17.50000000000000000, 8.799999999999998934 ) ) ;
#4850 = CARTESIAN_POINT ( 'NONE',  ( -1.338977896318592986, -13.86318290930059760, -16.53364112356639737 ) ) ;
#4851 = AXIS2_PLACEMENT_3D ( 'NONE', #9183, #10054, #2349 ) ;
#4852 = CARTESIAN_POINT ( 'NONE',  ( -0.2000000000000000111, -15.90000000000001101, -1.963139022635676547E-15 ) ) ;
#4853 = PLANE ( 'NONE',  #1067 ) ;
#4854 = EDGE_LOOP ( 'NONE', ( #547, #7071, #4783, #11266, #8464, #2080, #11902, #9868, #10640, #2334, #10458, #4277 ) ) ;
#4855 = AXIS2_PLACEMENT_3D ( 'NONE', #1601, #5335, #9392 ) ;
#4856 = CARTESIAN_POINT ( 'NONE',  ( -0.2000000000000000111, -0.1000000000000000056, 21.69999999999940599 ) ) ;
#4857 = VERTEX_POINT ( 'NONE', #10910 ) ;
#4858 = VERTEX_POINT ( 'NONE', #6042 ) ;
#4859 = PLANE ( 'NONE',  #11781 ) ;
#4860 = VERTEX_POINT ( 'NONE', #8776 ) ;
#4861 = CARTESIAN_POINT ( 'NONE',  ( -0.4378693592549676716, -10.75610976735362456, -17.60263187453053746 ) ) ;
#4862 = DIRECTION ( 'NONE',  ( 0.000000000000000000, 0.000000000000000000, 1.000000000000000000 ) ) ;
#4863 = LINE ( 'NONE', #6073, #5012 ) ;
#4864 = ORIENTED_EDGE ( 'NONE', *, *, #11881, .F. ) ;
#4865 = DIRECTION ( 'NONE',  ( 1.000000000000000000, 0.000000000000000000, 0.000000000000000000 ) ) ;
#4866 = FACE_OUTER_BOUND ( 'NONE', #2910, .T. ) ;
#4867 = ORIENTED_EDGE ( 'NONE', *, *, #2189, .F. ) ;
#4868 = LINE ( 'NONE', #9801, #1858 ) ;
#4869 = EDGE_CURVE ( 'NONE', #10066, #2836, #11978, .T. ) ;
#4870 = LINE ( 'NONE', #9745, #9275 ) ;
#4871 = VERTEX_POINT ( 'NONE', #4986 ) ;
#4872 = EDGE_CURVE ( 'NONE', #5703, #8096, #3916, .T. ) ;
#4873 = CARTESIAN_POINT ( 'NONE',  ( 86.79999999999999716, -17.50000000000020250, 39.19999999999971863 ) ) ;
#4874 = DIRECTION ( 'NONE',  ( 0.000000000000000000, 0.000000000000000000, -1.000000000000000000 ) ) ;
#4875 = ADVANCED_FACE ( 'NONE', ( #5928 ), #6891, .F. ) ;
#4876 = CIRCLE ( 'NONE', #1790, 1.000000000000000888 ) ;
#4877 = DIRECTION ( 'NONE',  ( 0.000000000000000000, 0.7071067811865511255, 0.7071067811865440200 ) ) ;
#4878 = CARTESIAN_POINT ( 'NONE',  ( 4.799999999999999822, -19.10000000000000142, 28.80000000000000071 ) ) ;
#4879 = CARTESIAN_POINT ( 'NONE',  ( 4.799999999999999822, -17.50000000000000000, 24.80000000000000071 ) ) ;
#4880 = CARTESIAN_POINT ( 'NONE',  ( 86.79999999999999716, -0.1000000000000000056, 36.89999999999971436 ) ) ;
#4881 = CIRCLE ( 'NONE', #6977, 1.900000000000000133 ) ;
#4882 = CARTESIAN_POINT ( 'NONE',  ( 3.312644728827455864, -13.70398960614584816, -16.61734469256652957 ) ) ;
#4883 = EDGE_CURVE ( 'NONE', #3930, #10121, #8595, .T. ) ;
#4884 = DIRECTION ( 'NONE',  ( -0.000000000000000000, -1.000000000000000000, 0.000000000000000000 ) ) ;
#4885 = EDGE_CURVE ( 'NONE', #5370, #11919, #6049, .T. ) ;
#4886 = DIRECTION ( 'NONE',  ( 1.000000000000000000, 0.000000000000000000, -0.000000000000000000 ) ) ;
#4887 = ADVANCED_FACE ( 'NONE', ( #5222 ), #2402, .F. ) ;
#4888 = EDGE_CURVE ( 'NONE', #11684, #3232, #5998, .T. ) ;
#4889 = VERTEX_POINT ( 'NONE', #5230 ) ;
#4890 = CARTESIAN_POINT ( 'NONE',  ( 71.11072344469771167, 14.57917983427808828, -17.09832137003619223 ) ) ;
#4891 = CARTESIAN_POINT ( 'NONE',  ( -1.800000000000000266, 11.79999999999999893, -11.50000000000000000 ) ) ;
#4892 = DIRECTION ( 'NONE',  ( 0.000000000000000000, 0.000000000000000000, 1.000000000000000000 ) ) ;
#4893 = VECTOR ( 'NONE', #6334, 1000.000000000000000 ) ;
#4894 = LINE ( 'NONE', #9663, #9761 ) ;
#4895 = VERTEX_POINT ( 'NONE', #7143 ) ;
#4896 = CARTESIAN_POINT ( 'NONE',  ( 4.199999999999995737, -8.100000000000001421, 56.79999999999999716 ) ) ;
#4897 = CARTESIAN_POINT ( 'NONE',  ( 88.40000000000000568, 0.000000000000000000, 0.000000000000000000 ) ) ;
#4898 = LINE ( 'NONE', #7270, #12209 ) ;
#4899 = DIRECTION ( 'NONE',  ( 0.000000000000000000, 0.000000000000000000, -1.000000000000000000 ) ) ;
#4900 = CARTESIAN_POINT ( 'NONE',  ( 0.000000000000000000, -0.1000000000000000056, 56.84969335805276103 ) ) ;
#4901 = ORIENTED_EDGE ( 'NONE', *, *, #741, .T. ) ;
#4902 = ORIENTED_EDGE ( 'NONE', *, *, #198, .T. ) ;
#4903 = LINE ( 'NONE', #3981, #6749 ) ;
#4904 = CARTESIAN_POINT ( 'NONE',  ( -1.800000000000000266, -17.50000000000000000, 32.79999999999999716 ) ) ;
#4905 = VECTOR ( 'NONE', #9834, 1000.000000000000000 ) ;
#4906 = ORIENTED_EDGE ( 'NONE', *, *, #9265, .T. ) ;
#4907 = CARTESIAN_POINT ( 'NONE',  ( 150.7570364914818697, -9.099999999999996092, -7.739999999999998437 ) ) ;
#4908 = CARTESIAN_POINT ( 'NONE',  ( 31.80000000000000071, -19.10000000000000142, 5.799999999999999822 ) ) ;
#4909 = SURFACE_STYLE_FILL_AREA ( #4398 ) ;
#4910 = CARTESIAN_POINT ( 'NONE',  ( 16.26999999999953772, -3.309999999999900133, -1.800000000000000044 ) ) ;
#4911 = EDGE_CURVE ( 'NONE', #5137, #1506, #9490, .T. ) ;
#4912 = EDGE_CURVE ( 'NONE', #2977, #1912, #539, .T. ) ;
#4913 = DIRECTION ( 'NONE',  ( 1.000000000000000000, 0.000000000000000000, -0.000000000000000000 ) ) ;
#4914 = CARTESIAN_POINT ( 'NONE',  ( 35.80000000000000426, -17.50000000000000000, 8.799999999999998934 ) ) ;
#4915 = VERTEX_POINT ( 'NONE', #11879 ) ;
#4916 = ORIENTED_EDGE ( 'NONE', *, *, #2480, .T. ) ;
#4917 = CARTESIAN_POINT ( 'NONE',  ( 81.00000000000000000, 4.299999999999999822, -0.1999999999999994837 ) ) ;
#4918 = FACE_OUTER_BOUND ( 'NONE', #9550, .T. ) ;
#4919 = ORIENTED_EDGE ( 'NONE', *, *, #9876, .T. ) ;
#4920 = ADVANCED_FACE ( 'NONE', ( #11592 ), #4136, .F. ) ;
#4921 = DIRECTION ( 'NONE',  ( 0.000000000000000000, -1.000000000000000000, 0.000000000000000000 ) ) ;
#4922 = EDGE_CURVE ( 'NONE', #9987, #3793, #5326, .T. ) ;
#4923 = ORIENTED_EDGE ( 'NONE', *, *, #1248, .F. ) ;
#4924 = LINE ( 'NONE', #573, #1769 ) ;
#4925 = DIRECTION ( 'NONE',  ( 0.000000000000000000, -1.404986760216307406E-16, 1.000000000000000000 ) ) ;
#4926 = CARTESIAN_POINT ( 'NONE',  ( 2.828825427203674359, -11.86632300498728831, -17.34976903523380543 ) ) ;
#4927 = ORIENTED_EDGE ( 'NONE', *, *, #5531, .F. ) ;
#4928 = ORIENTED_EDGE ( 'NONE', *, *, #8076, .T. ) ;
#4929 = DIRECTION ( 'NONE',  ( -0.000000000000000000, 1.000000000000000000, 3.001251688541188813E-16 ) ) ;
#4930 = ORIENTED_EDGE ( 'NONE', *, *, #10300, .T. ) ;
#4931 = CARTESIAN_POINT ( 'NONE',  ( 2.904312277131538611, -11.34391306362599572, -17.40799593921382993 ) ) ;
#4932 = VECTOR ( 'NONE', #5013, 1000.000000000000000 ) ;
#4933 = DIRECTION ( 'NONE',  ( -1.000000000000000000, -0.000000000000000000, -0.000000000000000000 ) ) ;
#4934 = DIRECTION ( 'NONE',  ( -0.000000000000000000, 1.000000000000000000, 3.001251688541188813E-16 ) ) ;
#4935 = DIRECTION ( 'NONE',  ( -0.000000000000000000, -0.000000000000000000, 1.000000000000000000 ) ) ;
#4936 = FACE_OUTER_BOUND ( 'NONE', #7642, .T. ) ;
#4937 = CARTESIAN_POINT ( 'NONE',  ( 34.80000000000000426, -19.10000000000000142, 36.79999999999999716 ) ) ;
#4938 = CARTESIAN_POINT ( 'NONE',  ( -1.289276555302312222, 14.57917983427808650, -17.09832137003618868 ) ) ;
#4939 = CARTESIAN_POINT ( 'NONE',  ( 110.2009174118888950, 11.80000000000007709, -0.1999999999999984290 ) ) ;
#4940 = ADVANCED_FACE ( 'NONE', ( #10068 ), #6243, .F. ) ;
#4941 = CARTESIAN_POINT ( 'NONE',  ( -1.800000000000000266, -9.500000000000001776, 44.79999999999999716 ) ) ;
#4942 = DIRECTION ( 'NONE',  ( 0.000000000000000000, 0.000000000000000000, -1.000000000000000000 ) ) ;
#4943 = ORIENTED_EDGE ( 'NONE', *, *, #5796, .F. ) ;
#4944 = VERTEX_POINT ( 'NONE', #7221 ) ;
#4945 = CARTESIAN_POINT ( 'NONE',  ( -1.271357636903864829, -12.20543646739751154, -17.09503825700299728 ) ) ;
#4946 = ORIENTED_EDGE ( 'NONE', *, *, #2500, .T. ) ;
#4947 = CIRCLE ( 'NONE', #7729, 6.200000000000000178 ) ;
#4948 = CARTESIAN_POINT ( 'NONE',  ( 62.80000000000001137, -17.50000000000000711, 44.79999999999999005 ) ) ;
#4949 = AXIS2_PLACEMENT_3D ( 'NONE', #8782, #9755, #4706 ) ;
#4950 = CARTESIAN_POINT ( 'NONE',  ( 35.80000000000000426, -19.09999999999999787, 16.79999999999999716 ) ) ;
#4951 = DIRECTION ( 'NONE',  ( 0.000000000000000000, 0.000000000000000000, -1.000000000000000000 ) ) ;
#4952 = DIRECTION ( 'NONE',  ( -0.000000000000000000, -0.2079116908177566780, -0.9781476007338061329 ) ) ;
#4953 = DIRECTION ( 'NONE',  ( -1.000000000000000000, 0.000000000000000000, 0.000000000000000000 ) ) ;
#4954 = ORIENTED_EDGE ( 'NONE', *, *, #4394, .T. ) ;
#4955 = ADVANCED_FACE ( 'NONE', ( #7908 ), #1406, .T. ) ;
#4956 = ORIENTED_EDGE ( 'NONE', *, *, #9607, .F. ) ;
#4957 = ORIENTED_EDGE ( 'NONE', *, *, #460, .T. ) ;
#4958 = CARTESIAN_POINT ( 'NONE',  ( 84.40000000000000568, -10.10000000000000142, 56.79999999999999716 ) ) ;
#4959 = ORIENTED_EDGE ( 'NONE', *, *, #1661, .F. ) ;
#4960 = DIRECTION ( 'NONE',  ( 0.000000000000000000, 0.000000000000000000, -1.000000000000000000 ) ) ;
#4961 = DIRECTION ( 'NONE',  ( 0.000000000000000000, 0.000000000000000000, 1.000000000000000000 ) ) ;
#4962 = EDGE_CURVE ( 'NONE', #6297, #6325, #10948, .T. ) ;
#4963 = VECTOR ( 'NONE', #6792, 1000.000000000000000 ) ;
#4964 = EDGE_CURVE ( 'NONE', #8965, #11885, #7611, .T. ) ;
#4965 = ORIENTED_EDGE ( 'NONE', *, *, #2800, .T. ) ;
#4966 = LINE ( 'NONE', #4447, #294 ) ;
#4967 = CARTESIAN_POINT ( 'NONE',  ( 87.40000000000000568, -16.69999999999999929, -9.299999999999998934 ) ) ;
#4968 = CARTESIAN_POINT ( 'NONE',  ( -1.800000000000000266, -9.500000000000001776, 32.79999999999999716 ) ) ;
#4969 = CARTESIAN_POINT ( 'NONE',  ( 1.400000000000012346, -17.50000000000000355, 32.79999999999999716 ) ) ;
#4970 = CARTESIAN_POINT ( 'NONE',  ( 35.80000000000000426, -17.50000000000000000, 26.79999999999999361 ) ) ;
#4971 = FACE_BOUND ( 'NONE', #9470, .T. ) ;
#4972 = DIRECTION ( 'NONE',  ( 0.000000000000000000, -1.000000000000000000, 0.000000000000000000 ) ) ;
#4973 = EDGE_CURVE ( 'NONE', #5154, #6586, #9231, .T. ) ;
#4975 = ORIENTED_EDGE ( 'NONE', *, *, #10225, .F. ) ;
#4974 = VECTOR ( 'NONE', #6743, 1000.000000000000000 ) ;
#4976 = DIRECTION ( 'NONE',  ( 0.000000000000000000, -1.000000000000000000, -1.234678630588475078E-16 ) ) ;
#4977 = CARTESIAN_POINT ( 'NONE',  ( 35.80000000000000426, -19.10000000000000142, 45.79999999999999005 ) ) ;
#4978 = VECTOR ( 'NONE', #6729, 1000.000000000000000 ) ;
#4979 = ORIENTED_EDGE ( 'NONE', *, *, #364, .T. ) ;
#4980 = DIRECTION ( 'NONE',  ( 1.000000000000000000, -0.000000000000000000, -0.000000000000000000 ) ) ;
#4981 = CARTESIAN_POINT ( 'NONE',  ( 84.20000000000001705, 11.79999999999999716, -11.53999999999999737 ) ) ;
#4982 = EDGE_CURVE ( 'NONE', #4564, #6980, #10280, .T. ) ;
#4983 = ADVANCED_FACE ( 'NONE', ( #10 ), #10306, .F. ) ;
#4984 = CARTESIAN_POINT ( 'NONE',  ( 0.1419467746047576584, -9.213769057275857932, -17.73920980744214759 ) ) ;
#4985 = ORIENTED_EDGE ( 'NONE', *, *, #3364, .T. ) ;
#4986 = CARTESIAN_POINT ( 'NONE',  ( 35.80000000000000426, -19.10000000000000142, 40.79999999999999716 ) ) ;
#4987 = ORIENTED_EDGE ( 'NONE', *, *, #813, .T. ) ;
#4988 = LINE ( 'NONE', #7887, #2903 ) ;
#4989 = ORIENTED_EDGE ( 'NONE', *, *, #4649, .T. ) ;
#4990 = ORIENTED_EDGE ( 'NONE', *, *, #5286, .F. ) ;
#4991 = DIRECTION ( 'NONE',  ( 0.000000000000000000, 0.000000000000000000, -1.000000000000000000 ) ) ;
#4993 = EDGE_LOOP ( 'NONE', ( #10517, #4588, #4927, #4100 ) ) ;
#4992 = CYLINDRICAL_SURFACE ( 'NONE', #6250, 2.000000000000001776 ) ;
#4994 = LINE ( 'NONE', #12541, #11084 ) ;
#4995 = AXIS2_PLACEMENT_3D ( 'NONE', #6245, #2483, #11189 ) ;
#4996 = ORIENTED_EDGE ( 'NONE', *, *, #3460, .F. ) ;
#4997 = ADVANCED_FACE ( 'NONE', ( #6274 ), #5073, .F. ) ;
#4998 = EDGE_CURVE ( 'NONE', #11441, #4480, #1700, .T. ) ;
#4999 = DIRECTION ( 'NONE',  ( -0.000000000000000000, 1.000000000000000000, 1.466789861310716348E-16 ) ) ;
#5000 = VERTEX_POINT ( 'NONE', #7425 ) ;
#5001 = DIRECTION ( 'NONE',  ( 1.000000000000000000, -0.000000000000000000, -0.000000000000000000 ) ) ;
#5002 = CARTESIAN_POINT ( 'NONE',  ( 34.80000000000000426, -19.10000000000000142, 37.79999999999999716 ) ) ;
#5003 = AXIS2_PLACEMENT_3D ( 'NONE', #4206, #7417, #6859 ) ;
#5004 = DIRECTION ( 'NONE',  ( 0.000000000000000000, -0.9876883405951378814, 0.1564344650402291204 ) ) ;
#5005 = AXIS2_PLACEMENT_3D ( 'NONE', #5481, #12297, #6478 ) ;
#5006 = FACE_OUTER_BOUND ( 'NONE', #5343, .T. ) ;
#5007 = DIRECTION ( 'NONE',  ( 0.000000000000000000, 1.000000000000000000, 0.000000000000000000 ) ) ;
#5008 = CARTESIAN_POINT ( 'NONE',  ( 59.79999999999999716, -19.10000000000000142, 52.09999999999999432 ) ) ;
#5009 = VERTEX_POINT ( 'NONE', #7310 ) ;
#5010 = CARTESIAN_POINT ( 'NONE',  ( 3.799999999999999822, -14.40659966456860275, -15.74000000000000377 ) ) ;
#5011 = ORIENTED_EDGE ( 'NONE', *, *, #1288, .T. ) ;
#5012 = VECTOR ( 'NONE', #1357, 1000.000000000000000 ) ;
#5013 = DIRECTION ( 'NONE',  ( -1.000000000000000000, -0.000000000000000000, -0.000000000000000000 ) ) ;
#5014 = VERTEX_POINT ( 'NONE', #3365 ) ;
#5015 = DIRECTION ( 'NONE',  ( 0.000000000000000000, -1.000000000000000000, -1.234678630588475078E-16 ) ) ;
#5016 = CARTESIAN_POINT ( 'NONE',  ( 35.80000000000000426, -17.50000000000000000, 18.79999999999999361 ) ) ;
#5017 = CARTESIAN_POINT ( 'NONE',  ( 88.40000000000000568, -15.54999999999981419, 18.75000000000047251 ) ) ;
#5018 = LINE ( 'NONE', #188, #7333 ) ;
#5019 = VERTEX_POINT ( 'NONE', #4347 ) ;
#5020 = DIRECTION ( 'NONE',  ( 1.000000000000000000, 0.000000000000000000, 0.000000000000000000 ) ) ;
#5021 = DIRECTION ( 'NONE',  ( 1.000000000000000000, -0.000000000000000000, -0.000000000000000000 ) ) ;
#5022 = ORIENTED_EDGE ( 'NONE', *, *, #9449, .T. ) ;
#5023 = LINE ( 'NONE', #6874, #2479 ) ;
#5024 = ORIENTED_EDGE ( 'NONE', *, *, #1268, .F. ) ;
#5025 = CARTESIAN_POINT ( 'NONE',  ( 1.877440035956913000, -9.251750930294326380, -17.74000000000000199 ) ) ;
#5026 = PLANE ( 'NONE',  #6333 ) ;
#5027 = EDGE_CURVE ( 'NONE', #11890, #6845, #5604, .T. ) ;
#5028 = EDGE_LOOP ( 'NONE', ( #5039, #272, #7144, #12153, #2351, #10818 ) ) ;
#5029 = EDGE_LOOP ( 'NONE', ( #9368, #3262, #6015, #5918, #5085 ) ) ;
#5030 = CYLINDRICAL_SURFACE ( 'NONE', #8747, 1.000000000000000888 ) ;
#5031 = DIRECTION ( 'NONE',  ( -0.000000000000000000, -1.000000000000000000, 0.000000000000000000 ) ) ;
#5032 = CARTESIAN_POINT ( 'NONE',  ( 34.80000000000000426, -17.50000000000000000, 33.79999999999999716 ) ) ;
#5033 = FACE_OUTER_BOUND ( 'NONE', #9717, .T. ) ;
#5034 = DIRECTION ( 'NONE',  ( 0.000000000000000000, 0.000000000000000000, -1.000000000000000000 ) ) ;
#5035 = VERTEX_POINT ( 'NONE', #3524 ) ;
#5036 = VERTEX_POINT ( 'NONE', #7346 ) ;
#5037 = LINE ( 'NONE', #1741, #9928 ) ;
#5038 = DIRECTION ( 'NONE',  ( 0.000000000000000000, 1.234678630588475078E-16, -1.000000000000000000 ) ) ;
#5039 = ORIENTED_EDGE ( 'NONE', *, *, #6375, .T. ) ;
#5040 = CIRCLE ( 'NONE', #8262, 1.500000000000001332 ) ;
#5041 = VECTOR ( 'NONE', #11241, 1000.000000000000000 ) ;
#5042 = CARTESIAN_POINT ( 'NONE',  ( 84.40000000000000568, -0.09999999999999889533, 56.79999999999999716 ) ) ;
#5043 = CARTESIAN_POINT ( 'NONE',  ( -1.800000000000000266, -9.500000000000001776, 42.80000000000000426 ) ) ;
#5044 = LINE ( 'NONE', #4256, #11903 ) ;
#5045 = EDGE_CURVE ( 'NONE', #6978, #3434, #5831, .T. ) ;
#5046 = AXIS2_PLACEMENT_3D ( 'NONE', #7294, #9132, #541 ) ;
#5047 = CARTESIAN_POINT ( 'NONE',  ( 34.80000000000000426, -19.10000000000000142, 18.79999999999999361 ) ) ;
#5048 = AXIS2_PLACEMENT_3D ( 'NONE', #12031, #6244, #4349 ) ;
#5049 = ORIENTED_EDGE ( 'NONE', *, *, #11984, .F. ) ;
#5050 = CARTESIAN_POINT ( 'NONE',  ( 62.80000000000001137, -19.10000000000000142, 5.799999999999999822 ) ) ;
#5051 = EDGE_CURVE ( 'NONE', #2921, #11206, #626, .T. ) ;
#5052 = EDGE_CURVE ( 'NONE', #4722, #6436, #8190, .T. ) ;
#5053 = DIRECTION ( 'NONE',  ( 0.000000000000000000, -1.000000000000000000, 0.000000000000000000 ) ) ;
#5054 = CYLINDRICAL_SURFACE ( 'NONE', #4346, 1.000000000000000888 ) ;
#5055 = DIRECTION ( 'NONE',  ( 0.000000000000000000, 1.000000000000000000, 0.000000000000000000 ) ) ;
#5056 = CARTESIAN_POINT ( 'NONE',  ( -0.2000000000000000111, -9.500000000000001776, 24.80000000000000071 ) ) ;
#5057 = DIRECTION ( 'NONE',  ( 0.000000000000000000, -1.000000000000000000, -1.234678630588475078E-16 ) ) ;
#5058 = CARTESIAN_POINT ( 'NONE',  ( 31.80000000000000071, -19.10000000000000142, 26.80000000000000071 ) ) ;
#5059 = PLANE ( 'NONE',  #241 ) ;
#5060 = CARTESIAN_POINT ( 'NONE',  ( 31.80000000000000071, -19.10000000000000497, 33.80000000000000426 ) ) ;
#5061 = DIRECTION ( 'NONE',  ( -0.7071067811865511255, 0.7071067811865440200, 0.000000000000000000 ) ) ;
#5062 = ADVANCED_FACE ( 'NONE', ( #2013 ), #12083, .F. ) ;
#5063 = FACE_OUTER_BOUND ( 'NONE', #10010, .T. ) ;
#5064 = EDGE_LOOP ( 'NONE', ( #11343, #8360, #8696, #5250, #5858 ) ) ;
#5065 = CARTESIAN_POINT ( 'NONE',  ( 87.14252032222729838, -10.57692769512026132, -17.59799893243153335 ) ) ;
#5066 = VERTEX_POINT ( 'NONE', #11148 ) ;
#5067 = DIRECTION ( 'NONE',  ( 0.000000000000000000, 0.000000000000000000, -1.000000000000000000 ) ) ;
#5068 = LINE ( 'NONE', #2337, #8710 ) ;
#5069 = FACE_BOUND ( 'NONE', #7982, .T. ) ;
#5070 = CARTESIAN_POINT ( 'NONE',  ( -1.800000000000000266, -14.40659966456863472, -15.74000000000000377 ) ) ;
#5071 = DIRECTION ( 'NONE',  ( 0.000000000000000000, 0.000000000000000000, -1.000000000000000000 ) ) ;
#5072 = PRODUCT ( 'case_bottom_main_OPEN', 'case_bottom_main_OPEN', '', ( #3470 ) ) ;
#5073 = PLANE ( 'NONE',  #8837 ) ;
#5074 = CARTESIAN_POINT ( 'NONE',  ( 88.40000000000000568, -0.1000000000000000056, 18.75000000000047251 ) ) ;
#5075 = CARTESIAN_POINT ( 'NONE',  ( -1.800000000000000266, -2.449999999999728839, 12.27259155458886397 ) ) ;
#5076 = EDGE_CURVE ( 'NONE', #11742, #1995, #12312, .T. ) ;
#5077 = VERTEX_POINT ( 'NONE', #8361 ) ;
#5078 = ORIENTED_EDGE ( 'NONE', *, *, #3075, .F. ) ;
#5079 = EDGE_CURVE ( 'NONE', #1151, #1693, #10035, .T. ) ;
#5080 = ORIENTED_EDGE ( 'NONE', *, *, #6151, .F. ) ;
#5081 = ADVANCED_FACE ( 'NONE', ( #11997 ), #4992, .T. ) ;
#5082 = CIRCLE ( 'NONE', #3583, 1.000000000000000888 ) ;
#5083 = DIRECTION ( 'NONE',  ( 0.000000000000000000, 0.000000000000000000, -1.000000000000000000 ) ) ;
#5084 = DIRECTION ( 'NONE',  ( 0.000000000000000000, 0.000000000000000000, -1.000000000000000000 ) ) ;
#5085 = ORIENTED_EDGE ( 'NONE', *, *, #6387, .F. ) ;
#5086 = EDGE_LOOP ( 'NONE', ( #9744, #10417, #9343, #3689, #7358 ) ) ;
#5087 = AXIS2_PLACEMENT_3D ( 'NONE', #9916, #10894, #4006 ) ;
#5088 = ORIENTED_EDGE ( 'NONE', *, *, #8885, .T. ) ;
#5089 = LINE ( 'NONE', #11111, #9199 ) ;
#5090 = CIRCLE ( 'NONE', #8780, 1.000000000000000888 ) ;
#5091 = EDGE_CURVE ( 'NONE', #1942, #1789, #620, .T. ) ;
#5092 = CARTESIAN_POINT ( 'NONE',  ( -1.800000000000000266, -17.50000000000000000, 32.79999999999999716 ) ) ;
#5093 = VERTEX_POINT ( 'NONE', #11187 ) ;
#5094 = AXIS2_PLACEMENT_3D ( 'NONE', #8159, #11956, #2433 ) ;
#5095 = PRESENTATION_STYLE_ASSIGNMENT (( #8400 ) ) ;
#5096 = PLANE ( 'NONE',  #5866 ) ;
#5097 = DIRECTION ( 'NONE',  ( 1.000000000000000000, -0.000000000000000000, 0.000000000000000000 ) ) ;
#5098 = VERTEX_POINT ( 'NONE', #8321 ) ;
#5099 = ORIENTED_EDGE ( 'NONE', *, *, #9203, .T. ) ;
#5100 = CARTESIAN_POINT ( 'NONE',  ( 86.58206479586428372, -9.457081605185678086, -17.73169687473014022 ) ) ;
#5101 = VECTOR ( 'NONE', #2240, 1000.000000000000000 ) ;
#5102 = DIRECTION ( 'NONE',  ( 0.000000000000000000, 1.000000000000000000, -0.000000000000000000 ) ) ;
#5103 = VERTEX_POINT ( 'NONE', #4470 ) ;
#5104 = CARTESIAN_POINT ( 'NONE',  ( 3.799999999999999378, -17.50000000000000000, 16.80000000000000071 ) ) ;
#5105 = CARTESIAN_POINT ( 'NONE',  ( -1.800000000000000266, -9.500000000000001776, 40.80000000000000426 ) ) ;
#5106 = VERTEX_POINT ( 'NONE', #1567 ) ;
#5107 = ADVANCED_FACE ( 'NONE', ( #9552 ), #1081, .F. ) ;
#5108 = LINE ( 'NONE', #10131, #11345 ) ;
#5109 = DIRECTION ( 'NONE',  ( -0.000000000000000000, 1.000000000000000000, 0.000000000000000000 ) ) ;
#5110 = ORIENTED_EDGE ( 'NONE', *, *, #11553, .F. ) ;
#5111 = EDGE_CURVE ( 'NONE', #10130, #5458, #11843, .T. ) ;
#5112 = CARTESIAN_POINT ( 'NONE',  ( -1.800000000000000266, -9.500000000000001776, 36.79999999999999716 ) ) ;
#5113 = CARTESIAN_POINT ( 'NONE',  ( 62.80000000000001137, -19.10000000000000142, 18.79999999999999361 ) ) ;
#5114 = VECTOR ( 'NONE', #3443, 1000.000000000000000 ) ;
#5115 = CARTESIAN_POINT ( 'NONE',  ( 4.800000000000001599, -19.10000000000000142, 13.79999999999999893 ) ) ;
#5116 = PLANE ( 'NONE',  #6730 ) ;
#5117 = EDGE_CURVE ( 'NONE', #7527, #7024, #182, .T. ) ;
#5118 = LINE ( 'NONE', #951, #9064 ) ;
#5119 = DIRECTION ( 'NONE',  ( 0.000000000000000000, -1.000000000000000000, -1.234678630588475078E-16 ) ) ;
#5120 = ORIENTED_EDGE ( 'NONE', *, *, #359, .F. ) ;
#5121 = CIRCLE ( 'NONE', #4396, 10.00000000000000000 ) ;
#5122 = CYLINDRICAL_SURFACE ( 'NONE', #9903, 1.000000000000000888 ) ;
#5123 = ADVANCED_FACE ( 'NONE', ( #8796 ), #6235, .F. ) ;
#5124 = EDGE_CURVE ( 'NONE', #8204, #10800, #8481, .T. ) ;
#5125 = DIRECTION ( 'NONE',  ( 0.000000000000000000, 1.000000000000000000, -0.000000000000000000 ) ) ;
#5126 = VECTOR ( 'NONE', #6984, 1000.000000000000000 ) ;
#5127 = ORIENTED_EDGE ( 'NONE', *, *, #3498, .F. ) ;
#5128 = EDGE_CURVE ( 'NONE', #12424, #3351, #1832, .T. ) ;
#5129 = CARTESIAN_POINT ( 'NONE',  ( -1.000000000000000000, -4.545900930049278088, 20.39936534720461481 ) ) ;
#5130 = EDGE_CURVE ( 'NONE', #4524, #11756, #4081, .T. ) ;
#5131 = ORIENTED_EDGE ( 'NONE', *, *, #10167, .F. ) ;
#5132 = DIRECTION ( 'NONE',  ( 1.000000000000000000, 0.000000000000000000, 0.000000000000000000 ) ) ;
#5133 = VECTOR ( 'NONE', #9484, 1000.000000000000000 ) ;
#5134 = CARTESIAN_POINT ( 'NONE',  ( -4.200000000000017941, -11.90000000000005365, 30.80000000000000071 ) ) ;
#5135 = CARTESIAN_POINT ( 'NONE',  ( 14.36999999999951605, -5.209999999999898712, -1.189999999999527436 ) ) ;
#5136 = CARTESIAN_POINT ( 'NONE',  ( -0.2000000000000000111, -15.90000000000003588, 44.79999999999999716 ) ) ;
#5137 = VERTEX_POINT ( 'NONE', #8583 ) ;
#5138 = DIRECTION ( 'NONE',  ( 0.7071067811865474617, 0.7071067811865474617, 2.122205421015050906E-16 ) ) ;
#5139 = CARTESIAN_POINT ( 'NONE',  ( 87.80135735707729339, -12.02993485198157941, -17.16838289445328058 ) ) ;
#5140 = CYLINDRICAL_SURFACE ( 'NONE', #9320, 1.000000000000000888 ) ;
#5141 = ORIENTED_EDGE ( 'NONE', *, *, #2001, .T. ) ;
#5142 = AXIS2_PLACEMENT_3D ( 'NONE', #10848, #7083, #10974 ) ;
#5143 = LINE ( 'NONE', #9751, #9723 ) ;
#5144 = EDGE_CURVE ( 'NONE', #7015, #9112, #11225, .T. ) ;
#5145 = CARTESIAN_POINT ( 'NONE',  ( 28.59999999996698961, -5.150000000033535308, -0.9999999999997256639 ) ) ;
#5146 = DIRECTION ( 'NONE',  ( 0.000000000000000000, 0.000000000000000000, 1.000000000000000000 ) ) ;
#5147 = DIRECTION ( 'NONE',  ( 0.000000000000000000, 0.000000000000000000, 1.000000000000000000 ) ) ;
#5148 = DIRECTION ( 'NONE',  ( -0.000000000000000000, 1.000000000000000000, 0.000000000000000000 ) ) ;
#5149 = CARTESIAN_POINT ( 'NONE',  ( 70.60000000000000853, 11.79999999999999716, -8.300000000000000711 ) ) ;
#5150 = ORIENTED_EDGE ( 'NONE', *, *, #4167, .F. ) ;
#5151 = ORIENTED_EDGE ( 'NONE', *, *, #4025, .T. ) ;
#5152 = CARTESIAN_POINT ( 'NONE',  ( 86.79999999999999716, -0.1000000000000000056, 54.39999999999972857 ) ) ;
#5153 = VECTOR ( 'NONE', #5442, 1000.000000000000000 ) ;
#5154 = VERTEX_POINT ( 'NONE', #12409 ) ;
#5155 = VERTEX_POINT ( 'NONE', #7502 ) ;
#5156 = ORIENTED_EDGE ( 'NONE', *, *, #7447, .F. ) ;
#5157 = AXIS2_PLACEMENT_3D ( 'NONE', #11098, #4338, #6305 ) ;
#5158 = CARTESIAN_POINT ( 'NONE',  ( 35.80000000000000426, -17.50000000000000000, 9.799999999999998934 ) ) ;
#5159 = VECTOR ( 'NONE', #4181, 1000.000000000000000 ) ;
#5160 = CARTESIAN_POINT ( 'NONE',  ( 88.40000000000000568, -15.54999999999981419, 18.75000000000047251 ) ) ;
#5161 = EDGE_CURVE ( 'NONE', #4243, #4054, #8640, .T. ) ;
#5162 = AXIS2_PLACEMENT_3D ( 'NONE', #7810, #2964, #11718 ) ;
#5163 = ADVANCED_FACE ( 'NONE', ( #10791 ), #12298, .T. ) ;
#5164 = LINE ( 'NONE', #3270, #9126 ) ;
#5165 = ORIENTED_EDGE ( 'NONE', *, *, #7839, .F. ) ;
#5166 = ORIENTED_EDGE ( 'NONE', *, *, #5441, .T. ) ;
#5167 = VECTOR ( 'NONE', #8691, 1000.000000000000000 ) ;
#5168 = ORIENTED_EDGE ( 'NONE', *, *, #5272, .F. ) ;
#5169 = ORIENTED_EDGE ( 'NONE', *, *, #4883, .T. ) ;
#5170 = DIRECTION ( 'NONE',  ( 0.000000000000000000, 0.000000000000000000, -1.000000000000000000 ) ) ;
#5171 = DIRECTION ( 'NONE',  ( 0.000000000000000000, -1.000000000000000000, -1.234678630588475078E-16 ) ) ;
#5172 = DIRECTION ( 'NONE',  ( 0.000000000000000000, -1.000000000000000000, -1.234678630588475078E-16 ) ) ;
#5173 = ORIENTED_EDGE ( 'NONE', *, *, #7359, .F. ) ;
#5174 = LINE ( 'NONE', #921, #2634 ) ;
#5175 = VERTEX_POINT ( 'NONE', #8449 ) ;
#5176 = CARTESIAN_POINT ( 'NONE',  ( 4.800000000000000711, -17.50000000000000000, 12.79999999999999893 ) ) ;
#5177 = ORIENTED_EDGE ( 'NONE', *, *, #4258, .T. ) ;
#5178 = FACE_OUTER_BOUND ( 'NONE', #2995, .T. ) ;
#5179 = ORIENTED_EDGE ( 'NONE', *, *, #4888, .T. ) ;
#5180 = CARTESIAN_POINT ( 'NONE',  ( 3.799999999999999378, -17.50000000000000000, 37.79999999999999716 ) ) ;
#5181 = DIRECTION ( 'NONE',  ( -0.5773502691896261751, 0.5773502691896230665, 0.5773502691896280625 ) ) ;
#5182 = CARTESIAN_POINT ( 'NONE',  ( 4.799999999999999822, -19.10000000000000142, 30.80000000000000071 ) ) ;
#5183 = CARTESIAN_POINT ( 'NONE',  ( 62.80000000000001137, -19.10000000000000142, 13.79999999999999716 ) ) ;
#5184 = CARTESIAN_POINT ( 'NONE',  ( -5.799999999999985612, 17.99999999999999645, -2.052778186154406104 ) ) ;
#5185 = CARTESIAN_POINT ( 'NONE',  ( 21.74999999999956657, -3.200000000000001510, -0.2000000000000005107 ) ) ;
#5186 = VERTEX_POINT ( 'NONE', #7469 ) ;
#5187 = CIRCLE ( 'NONE', #6762, 1.000000000000000888 ) ;
#5188 = VERTEX_POINT ( 'NONE', #6517 ) ;
#5189 = DIRECTION ( 'NONE',  ( -1.000000000000000000, 0.000000000000000000, 0.000000000000000000 ) ) ;
#5190 = VECTOR ( 'NONE', #8041, 1000.000000000000000 ) ;
#5191 = CARTESIAN_POINT ( 'NONE',  ( -1.799999999999996048, -0.1000000000000000056, -0.2000000000000000944 ) ) ;
#5192 = DIRECTION ( 'NONE',  ( 0.000000000000000000, -1.000000000000000000, 0.000000000000000000 ) ) ;
#5193 = CIRCLE ( 'NONE', #562, 1.500000000000001332 ) ;
#5194 = ORIENTED_EDGE ( 'NONE', *, *, #8784, .F. ) ;
#5195 = AXIS2_PLACEMENT_3D ( 'NONE', #4907, #11800, #2199 ) ;
#5196 = EDGE_CURVE ( 'NONE', #10800, #3164, #10937, .T. ) ;
#5197 = ORIENTED_EDGE ( 'NONE', *, *, #3765, .T. ) ;
#5198 = EDGE_CURVE ( 'NONE', #9674, #8706, #9105, .T. ) ;
#5199 = LINE ( 'NONE', #5234, #7209 ) ;
#5200 = VECTOR ( 'NONE', #10985, 1000.000000000000000 ) ;
#5201 = ORIENTED_EDGE ( 'NONE', *, *, #2156, .F. ) ;
#5202 = CARTESIAN_POINT ( 'NONE',  ( 31.80000000000000071, -17.50000000000000355, 29.80000000000000071 ) ) ;
#5203 = DIRECTION ( 'NONE',  ( 0.000000000000000000, -1.000000000000000000, -9.351609034915406741E-17 ) ) ;
#5204 = FACE_BOUND ( 'NONE', #1694, .T. ) ;
#5205 = EDGE_CURVE ( 'NONE', #7663, #7622, #8953, .T. ) ;
#5206 = EDGE_LOOP ( 'NONE', ( #7688, #10382, #3652, #9264 ) ) ;
#5207 = CARTESIAN_POINT ( 'NONE',  ( 72.40000000000000568, -0.09999999999999939493, 56.84969335805276103 ) ) ;
#5208 = AXIS2_PLACEMENT_3D ( 'NONE', #991, #11597, #5786 ) ;
#5209 = ORIENTED_EDGE ( 'NONE', *, *, #7320, .F. ) ;
#5210 = AXIS2_PLACEMENT_3D ( 'NONE', #11504, #5598, #12440 ) ;
#5211 = LINE ( 'NONE', #3594, #8877 ) ;
#5212 = CARTESIAN_POINT ( 'NONE',  ( -1.800000000000000266, -17.50000000000000000, 16.80000000000000071 ) ) ;
#5213 = EDGE_LOOP ( 'NONE', ( #6360, #5291, #7629, #10198 ) ) ;
#5214 = ORIENTED_EDGE ( 'NONE', *, *, #4633, .F. ) ;
#5215 = EDGE_CURVE ( 'NONE', #6845, #4944, #7894, .T. ) ;
#5216 = VECTOR ( 'NONE', #3788, 1000.000000000000000 ) ;
#5217 = CARTESIAN_POINT ( 'NONE',  ( -0.2000000000000000111, -9.500000000000001776, 32.79999999999999716 ) ) ;
#5218 = FACE_OUTER_BOUND ( 'NONE', #8478, .T. ) ;
#5219 = PLANE ( 'NONE',  #11112 ) ;
#5220 = CARTESIAN_POINT ( 'NONE',  ( 3.399999999999958611, -14.62770798392563876, -16.07333333333335190 ) ) ;
#5221 = CARTESIAN_POINT ( 'NONE',  ( 88.37464888275599151, -13.99032064014703280, -16.06743413229316175 ) ) ;
#5222 = FACE_OUTER_BOUND ( 'NONE', #138, .T. ) ;
#5223 = CARTESIAN_POINT ( 'NONE',  ( 88.39523123502922886, -14.21011574878603945, -15.89978838755791735 ) ) ;
#5224 = ORIENTED_EDGE ( 'NONE', *, *, #9686, .T. ) ;
#5225 = VERTEX_POINT ( 'NONE', #9404 ) ;
#5226 = ADVANCED_FACE ( 'NONE', ( #4527 ), #11982, .F. ) ;
#5227 = DIRECTION ( 'NONE',  ( -0.7071067811865426878, -0.7071067811865524577, -8.730496322752370596E-17 ) ) ;
#5228 = CARTESIAN_POINT ( 'NONE',  ( 31.80000000000000071, -19.10000000000000142, 30.80000000000000071 ) ) ;
#5229 = CIRCLE ( 'NONE', #10745, 2.149999999999999023 ) ;
#5230 = CARTESIAN_POINT ( 'NONE',  ( 6.800000000000000711, -17.50000000000000000, 52.09999999999999432 ) ) ;
#5231 = VECTOR ( 'NONE', #5925, 1000.000000000000000 ) ;
#5232 = CARTESIAN_POINT ( 'NONE',  ( 35.80000000000000426, -17.50000000000000355, 25.79999999999999716 ) ) ;
#5233 = DIRECTION ( 'NONE',  ( 0.000000000000000000, 0.000000000000000000, 1.000000000000000000 ) ) ;
#5234 = CARTESIAN_POINT ( 'NONE',  ( -4.200000000000016165, -11.90000000000005187, 8.799999999999995381 ) ) ;
#5235 = DIRECTION ( 'NONE',  ( 0.000000000000000000, 0.000000000000000000, -1.000000000000000000 ) ) ;
#5236 = EDGE_CURVE ( 'NONE', #8477, #11023, #12129, .T. ) ;
#5237 = CARTESIAN_POINT ( 'NONE',  ( 35.80000000000000426, -19.10000000000000142, 17.79999999999999716 ) ) ;
#5238 = ORIENTED_EDGE ( 'NONE', *, *, #8624, .F. ) ;
#5239 = EDGE_LOOP ( 'NONE', ( #551, #4057, #7410, #2916 ) ) ;
#5240 = AXIS2_PLACEMENT_3D ( 'NONE', #3783, #7616, #1134 ) ;
#5241 = DIRECTION ( 'NONE',  ( 1.000000000000000000, -0.000000000000000000, -0.000000000000000000 ) ) ;
#5242 = ORIENTED_EDGE ( 'NONE', *, *, #9864, .T. ) ;
#5243 = FACE_OUTER_BOUND ( 'NONE', #9725, .T. ) ;
#5244 = VECTOR ( 'NONE', #5392, 1000.000000000000000 ) ;
#5245 = ADVANCED_FACE ( 'NONE', ( #8789 ), #4592, .T. ) ;
#5246 = CARTESIAN_POINT ( 'NONE',  ( 72.04515626665033778, -10.53447031808923029, -17.63659009649955678 ) ) ;
#5247 = ORIENTED_EDGE ( 'NONE', *, *, #12149, .F. ) ;
#5248 = DIRECTION ( 'NONE',  ( 0.000000000000000000, 0.000000000000000000, 1.000000000000000000 ) ) ;
#5249 = ORIENTED_EDGE ( 'NONE', *, *, #3014, .F. ) ;
#5250 = ORIENTED_EDGE ( 'NONE', *, *, #2494, .T. ) ;
#5251 = VECTOR ( 'NONE', #5479, 1000.000000000000000 ) ;
#5252 = CARTESIAN_POINT ( 'NONE',  ( 87.25219545251744080, -11.34776666152249724, -17.48492162981213482 ) ) ;
#5253 = LINE ( 'NONE', #11036, #2427 ) ;
#5254 = AXIS2_PLACEMENT_3D ( 'NONE', #9027, #7219, #12081 ) ;
#5255 = DIRECTION ( 'NONE',  ( 0.000000000000000000, -1.234678630588475078E-16, 1.000000000000000000 ) ) ;
#5256 = ORIENTED_EDGE ( 'NONE', *, *, #10585, .F. ) ;
#5257 = CARTESIAN_POINT ( 'NONE',  ( 16.19999999999999218, -0.09999999999999889533, 56.79999999999999716 ) ) ;
#5258 = ORIENTED_EDGE ( 'NONE', *, *, #10552, .F. ) ;
#5259 = B_SPLINE_SURFACE_WITH_KNOTS ( 'NONE', 1, 3, ( 
 ( #4354, #5354, #7353, #12173, #10351, #5487, #12302, #11153, #1498, #2524, #3762, #12499, #1696, #8456, #6615, #8540, #3607, #9529, #7554, #3638, #9446, #2767, #4691, #791, #10551, #2680, #1796, #3719, #10384, #10427, #1826, #839, #4598, #7631, #8638, #11394, #7594, #5569, #5524, #6707 ),
 ( #753, #12377, #6567, #11432, #4647, #6661, #1746, #9408, #9563, #4558, #10506, #11483, #11357, #8497, #7668, #8589, #722, #2811, #12457, #4736, #2722, #11528, #9488, #3680, #5710, #10468, #882, #12417, #5622, #5662, #1873, #12337, #6524, #7508, #11662, #3040, #10638, #11702, #2905, #5843 ) ),
 .UNSPECIFIED., .F., .F., .F.,
 ( 2, 2 ),
 ( 4, 2, 2, 2, 2, 2, 2, 2, 2, 2, 2, 2, 2, 2, 2, 2, 2, 2, 2, 4 ),
 ( 0.000000000000000000, 1.000000000000000000 ),
 ( 0.000000000000000000, 0.0003672989148033134563, 0.0007345978296066269127, 0.001101896744409940369, 0.001469195659213253825, 0.001652845116614910445, 0.001836494574016567282, 0.002020144031418224118, 0.002203793488819880738, 0.002571092403623194411, 0.002938391318426507651, 0.003672989148033134563, 0.004040288062836448237, 0.004407586977639761476, 0.004774885892443075583, 0.005142184807246388822, 0.005509483722049702062, 0.005693133179451358682, 0.005784957908152187425, 0.005876782636853015301 ),
 .UNSPECIFIED. ) ;
#5260 = VERTEX_POINT ( 'NONE', #2853 ) ;
#5261 = VECTOR ( 'NONE', #5001, 1000.000000000000000 ) ;
#5262 = ORIENTED_EDGE ( 'NONE', *, *, #207, .F. ) ;
#5263 = CARTESIAN_POINT ( 'NONE',  ( 87.72128693224203744, -12.84202812039212027, -17.01367441625529153 ) ) ;
#5264 = VECTOR ( 'NONE', #3918, 1000.000000000000000 ) ;
#5265 = CARTESIAN_POINT ( 'NONE',  ( 87.93454286722440827, -12.36802040082545417, -17.02413904725267457 ) ) ;
#5266 = CARTESIAN_POINT ( 'NONE',  ( -0.2000000000000000111, -9.500000000000001776, 42.80000000000000426 ) ) ;
#5267 = EDGE_CURVE ( 'NONE', #2865, #6757, #6222, .T. ) ;
#5268 = ORIENTED_EDGE ( 'NONE', *, *, #4419, .F. ) ;
#5269 = LINE ( 'NONE', #9228, #890 ) ;
#5270 = DIRECTION ( 'NONE',  ( 1.000000000000000000, 0.000000000000000000, 0.000000000000000000 ) ) ;
#5271 = CARTESIAN_POINT ( 'NONE',  ( 31.80000000000000071, -17.50000000000000000, 34.79999999999999716 ) ) ;
#5272 = EDGE_CURVE ( 'NONE', #9623, #10731, #2909, .T. ) ;
#5273 = DIRECTION ( 'NONE',  ( 0.000000000000000000, 0.000000000000000000, 1.000000000000000000 ) ) ;
#5275 = ORIENTED_EDGE ( 'NONE', *, *, #10934, .T. ) ;
#5274 = VECTOR ( 'NONE', #10631, 1000.000000000000000 ) ;
#5276 = DIRECTION ( 'NONE',  ( 0.000000000000000000, 0.000000000000000000, -1.000000000000000000 ) ) ;
#5277 = CARTESIAN_POINT ( 'NONE',  ( 86.40000000000000568, -9.099999999999994316, -17.73999999999999488 ) ) ;
#5278 = ORIENTED_EDGE ( 'NONE', *, *, #9469, .T. ) ;
#5279 = VERTEX_POINT ( 'NONE', #4849 ) ;
#5280 = DIRECTION ( 'NONE',  ( -1.000000000000000000, -0.000000000000000000, 0.000000000000000000 ) ) ;
#5281 = EDGE_CURVE ( 'NONE', #508, #2926, #9094, .T. ) ;
#5282 = CARTESIAN_POINT ( 'NONE',  ( 71.33792644262898364, -12.62593030531670202, -17.09777886650336498 ) ) ;
#5283 = ORIENTED_EDGE ( 'NONE', *, *, #5284, .T. ) ;
#5284 = EDGE_CURVE ( 'NONE', #93, #8522, #11686, .T. ) ;
#5285 = ADVANCED_FACE ( 'NONE', ( #11070 ), #6699, .F. ) ;
#5286 = EDGE_CURVE ( 'NONE', #4666, #1637, #12430, .T. ) ;
#5287 = EDGE_CURVE ( 'NONE', #2711, #3230, #7151, .T. ) ;
#5288 = VERTEX_POINT ( 'NONE', #11697 ) ;
#5289 = DIRECTION ( 'NONE',  ( 0.000000000000000000, 1.000000000000000000, 9.351609034915406741E-17 ) ) ;
#5290 = CARTESIAN_POINT ( 'NONE',  ( -1.800000000000000266, 17.99999999999999645, -17.73999999999999844 ) ) ;
#5291 = ORIENTED_EDGE ( 'NONE', *, *, #7286, .F. ) ;
#5292 = VECTOR ( 'NONE', #10739, 1000.000000000000000 ) ;
#5293 = VECTOR ( 'NONE', #6513, 1000.000000000000000 ) ;
#5294 = DIRECTION ( 'NONE',  ( 0.000000000000000000, 0.000000000000000000, -1.000000000000000000 ) ) ;
#5295 = DIRECTION ( 'NONE',  ( -0.000000000000000000, 1.000000000000000000, 3.001251688541188813E-16 ) ) ;
#5296 = ORIENTED_EDGE ( 'NONE', *, *, #2165, .F. ) ;
#5297 = CYLINDRICAL_SURFACE ( 'NONE', #2683, 1.000000000000000888 ) ;
#5298 = ADVANCED_FACE ( 'NONE', ( #10457 ), #3889, .F. ) ;
#5299 = CARTESIAN_POINT ( 'NONE',  ( 1.400000000000012346, -17.50000000000000000, -2.755455298081544778E-15 ) ) ;
#5300 = EDGE_CURVE ( 'NONE', #3230, #6501, #454, .T. ) ;
#5301 = CARTESIAN_POINT ( 'NONE',  ( 62.80000000000001137, -17.50000000000000000, 9.799999999999998934 ) ) ;
#5302 = CARTESIAN_POINT ( 'NONE',  ( 88.39999999999997726, -14.31048789461095616, -15.81969100020542207 ) ) ;
#5303 = EDGE_CURVE ( 'NONE', #7002, #26, #1817, .T. ) ;
#5304 = ORIENTED_EDGE ( 'NONE', *, *, #7969, .T. ) ;
#5305 = VECTOR ( 'NONE', #2759, 1000.000000000000000 ) ;
#5306 = DIRECTION ( 'NONE',  ( 0.000000000000000000, -1.000000000000000000, -0.000000000000000000 ) ) ;
#5307 = VECTOR ( 'NONE', #2473, 1000.000000000000000 ) ;
#5308 = CARTESIAN_POINT ( 'NONE',  ( -1.400000000000012346, 4.299999999999992717, 57.79999999999999716 ) ) ;
#5309 = ORIENTED_EDGE ( 'NONE', *, *, #10123, .T. ) ;
#5310 = DIRECTION ( 'NONE',  ( 0.000000000000000000, -1.000000000000000000, 0.000000000000000000 ) ) ;
#5311 = VERTEX_POINT ( 'NONE', #1007 ) ;
#5312 = LINE ( 'NONE', #788, #10661 ) ;
#5313 = CARTESIAN_POINT ( 'NONE',  ( 70.60000000000000853, 11.79999999999999893, -11.50000000000000000 ) ) ;
#5314 = VERTEX_POINT ( 'NONE', #3798 ) ;
#5315 = CARTESIAN_POINT ( 'NONE',  ( 87.67448905000725290, -12.66981896494609039, -17.08131453687338919 ) ) ;
#5316 = AXIS2_PLACEMENT_3D ( 'NONE', #11852, #8999, #9998 ) ;
#5317 = VERTEX_POINT ( 'NONE', #10586 ) ;
#5318 = CIRCLE ( 'NONE', #2133, 1.000000000000000888 ) ;
#5319 = DIRECTION ( 'NONE',  ( -1.000000000000000000, 0.000000000000000000, -0.000000000000000000 ) ) ;
#5320 = DIRECTION ( 'NONE',  ( -0.000000000000000000, -0.000000000000000000, 1.000000000000000000 ) ) ;
#5321 = EDGE_CURVE ( 'NONE', #5664, #7315, #5911, .T. ) ;
#5322 = ORIENTED_EDGE ( 'NONE', *, *, #10197, .F. ) ;
#5323 = VECTOR ( 'NONE', #12375, 1000.000000000000000 ) ;
#5324 = CARTESIAN_POINT ( 'NONE',  ( 31.80000000000000071, -17.50000000000000000, 32.80000000000000426 ) ) ;
#5325 = ORIENTED_EDGE ( 'NONE', *, *, #1502, .F. ) ;
#5326 = CIRCLE ( 'NONE', #2591, 1.000000000000000888 ) ;
#5327 = LINE ( 'NONE', #1320, #5190 ) ;
#5328 = DIRECTION ( 'NONE',  ( 0.000000000000000000, 0.000000000000000000, 1.000000000000000000 ) ) ;
#5329 = EDGE_LOOP ( 'NONE', ( #1797, #9300, #7930, #2146 ) ) ;
#5330 = CIRCLE ( 'NONE', #10065, 1.000000000000000888 ) ;
#5331 = CARTESIAN_POINT ( 'NONE',  ( 3.799999999999999822, 11.79999999999999538, -15.74000000000000021 ) ) ;
#5332 = CARTESIAN_POINT ( 'NONE',  ( 86.80871084596779497, -10.15014582049943215, -17.68471909536720332 ) ) ;
#5333 = EDGE_LOOP ( 'NONE', ( #3319, #5656, #1128, #8572 ) ) ;
#5334 = PLANE ( 'NONE',  #8100 ) ;
#5335 = DIRECTION ( 'NONE',  ( -0.000000000000000000, 1.000000000000000000, 3.001251688541188813E-16 ) ) ;
#5336 = ORIENTED_EDGE ( 'NONE', *, *, #12481, .F. ) ;
#5337 = ORIENTED_EDGE ( 'NONE', *, *, #232, .T. ) ;
#5338 = EDGE_CURVE ( 'NONE', #10364, #5260, #7582, .T. ) ;
#5339 = CARTESIAN_POINT ( 'NONE',  ( 28.59999999996701447, -3.900000000034385295, -0.9999999999997389866 ) ) ;
#5340 = FACE_OUTER_BOUND ( 'NONE', #2217, .T. ) ;
#5341 = EDGE_CURVE ( 'NONE', #7972, #5357, #6514, .T. ) ;
#5342 = VERTEX_POINT ( 'NONE', #5877 ) ;
#5343 = EDGE_LOOP ( 'NONE', ( #12193, #11513, #3235, #1147, #8831 ) ) ;
#5344 = CARTESIAN_POINT ( 'NONE',  ( 88.21912864544160016, -13.23233170460213515, -16.57148833223327600 ) ) ;
#5345 = ADVANCED_FACE ( 'NONE', ( #10025 ), #3840, .T. ) ;
#5346 = VERTEX_POINT ( 'NONE', #11609 ) ;
#5347 = CARTESIAN_POINT ( 'NONE',  ( 84.20000000000001705, 8.123044737829948403, -14.04558441227158738 ) ) ;
#5348 = DIRECTION ( 'NONE',  ( 0.000000000000000000, -1.000000000000000000, 0.000000000000000000 ) ) ;
#5349 = CARTESIAN_POINT ( 'NONE',  ( -1.800000000000000266, -7.300000000000022027, 1.599999999999999867 ) ) ;
#5350 = CARTESIAN_POINT ( 'NONE',  ( -0.8000000000000001554, -0.1000000000000008521, 8.599999999999999645 ) ) ;
#5351 = EDGE_LOOP ( 'NONE', ( #5705, #7794, #6435, #3878 ) ) ;
#5352 = VECTOR ( 'NONE', #851, 1000.000000000000000 ) ;
#5353 = ORIENTED_EDGE ( 'NONE', *, *, #4319, .T. ) ;
#5354 = CARTESIAN_POINT ( 'NONE',  ( 71.00000506215226892, -14.52024117903242661, -16.14461814829068587 ) ) ;
#5355 = PLANE ( 'NONE',  #6995 ) ;
#5356 = FACE_OUTER_BOUND ( 'NONE', #12044, .T. ) ;
#5357 = VERTEX_POINT ( 'NONE', #2934 ) ;
#5358 = VECTOR ( 'NONE', #6342, 1000.000000000000000 ) ;
#5359 = AXIS2_PLACEMENT_3D ( 'NONE', #1981, #4015, #150 ) ;
#5360 = EDGE_CURVE ( 'NONE', #2926, #11746, #9237, .T. ) ;
#5361 = DIRECTION ( 'NONE',  ( 0.000000000000000000, 0.000000000000000000, 1.000000000000000000 ) ) ;
#5362 = FACE_OUTER_BOUND ( 'NONE', #11178, .T. ) ;
#5363 = EDGE_CURVE ( 'NONE', #1976, #275, #4211, .T. ) ;
#5364 = CARTESIAN_POINT ( 'NONE',  ( 3.799999999999999378, -17.50000000000000000, 4.799999999999999822 ) ) ;
#5365 = CARTESIAN_POINT ( 'NONE',  ( -1.800000000000000266, -0.1000000000000000056, 0.000000000000000000 ) ) ;
#5366 = ORIENTED_EDGE ( 'NONE', *, *, #12248, .F. ) ;
#5367 = CARTESIAN_POINT ( 'NONE',  ( 71.31226305219547612, -12.71793930181756060, -17.06267781364668679 ) ) ;
#5368 = LINE ( 'NONE', #11280, #394 ) ;
#5369 = ORIENTED_EDGE ( 'NONE', *, *, #6428, .F. ) ;
#5370 = VERTEX_POINT ( 'NONE', #57 ) ;
#5371 = ORIENTED_EDGE ( 'NONE', *, *, #8630, .T. ) ;
#5372 = CIRCLE ( 'NONE', #9382, 1.000000000000000888 ) ;
#5373 = ORIENTED_EDGE ( 'NONE', *, *, #4154, .F. ) ;
#5374 = CARTESIAN_POINT ( 'NONE',  ( 31.80000000000000071, -19.09999999999999787, 42.79999999999999716 ) ) ;
#5375 = PLANE ( 'NONE',  #4001 ) ;
#5376 = CARTESIAN_POINT ( 'NONE',  ( 86.99715568376909403, -10.64680067736441238, -17.62047068887026668 ) ) ;
#5377 = CARTESIAN_POINT ( 'NONE',  ( 88.00000000000001421, -18.70000000000001350, 57.79999999999999716 ) ) ;
#5378 = ORIENTED_EDGE ( 'NONE', *, *, #5804, .F. ) ;
#5379 = AXIS2_PLACEMENT_3D ( 'NONE', #2729, #5454, #9371 ) ;
#5380 = CARTESIAN_POINT ( 'NONE',  ( 35.80000000000000426, -19.10000000000000853, 41.79999999999999716 ) ) ;
#5381 = ADVANCED_FACE ( 'NONE', ( #6674 ), #5122, .F. ) ;
#5382 = EDGE_LOOP ( 'NONE', ( #11405, #2, #1527, #7535, #58, #2423, #7831, #2453 ) ) ;
#5383 = ORIENTED_EDGE ( 'NONE', *, *, #1012, .F. ) ;
#5384 = EDGE_CURVE ( 'NONE', #11684, #4135, #8622, .T. ) ;
#5385 = ORIENTED_EDGE ( 'NONE', *, *, #11615, .T. ) ;
#5386 = CIRCLE ( 'NONE', #5208, 1.249999999999144240 ) ;
#5387 = DIRECTION ( 'NONE',  ( -0.7071067811865419106, -0.7071067811865532349, -8.730496322752380456E-17 ) ) ;
#5388 = LINE ( 'NONE', #1881, #2415 ) ;
#5389 = FACE_OUTER_BOUND ( 'NONE', #6971, .T. ) ;
#5390 = PLANE ( 'NONE',  #1109 ) ;
#5391 = CARTESIAN_POINT ( 'NONE',  ( 88.30358008605840325, -13.57455627295760436, -16.35785755281857945 ) ) ;
#5392 = DIRECTION ( 'NONE',  ( -0.000000000000000000, 2.168404344971006896E-16, -1.000000000000000000 ) ) ;
#5393 = DIRECTION ( 'NONE',  ( -0.000000000000000000, 1.000000000000000000, 3.001251688541188813E-16 ) ) ;
#5394 = EDGE_LOOP ( 'NONE', ( #3973, #1451, #883, #318 ) ) ;
#5395 = AXIS2_PLACEMENT_3D ( 'NONE', #6314, #1496, #10101 ) ;
#5396 = CARTESIAN_POINT ( 'NONE',  ( 72.60000000000000853, -19.10000000000000142, -15.73999999999999666 ) ) ;
#5397 = VERTEX_POINT ( 'NONE', #3745 ) ;
#5398 = VECTOR ( 'NONE', #8093, 1000.000000000000114 ) ;
#5399 = AXIS2_PLACEMENT_3D ( 'NONE', #6473, #11259, #2583 ) ;
#5400 = CARTESIAN_POINT ( 'NONE',  ( 4.799999999999999822, -19.10000000000000142, 5.799999999999999822 ) ) ;
#5401 = ORIENTED_EDGE ( 'NONE', *, *, #5823, .F. ) ;
#5402 = DIRECTION ( 'NONE',  ( 0.000000000000000000, 1.234678630588475078E-16, -1.000000000000000000 ) ) ;
#5403 = VECTOR ( 'NONE', #7218, 1000.000000000000000 ) ;
#5404 = VERTEX_POINT ( 'NONE', #10810 ) ;
#5405 = EDGE_CURVE ( 'NONE', #4360, #1195, #6356, .T. ) ;
#5406 = VERTEX_POINT ( 'NONE', #6915 ) ;
#5407 = AXIS2_PLACEMENT_3D ( 'NONE', #4195, #251, #10000 ) ;
#5408 = CARTESIAN_POINT ( 'NONE',  ( 2.566584061478935030, -11.10768237792464141, -17.53711514264491811 ) ) ;
#5409 = DIRECTION ( 'NONE',  ( 0.000000000000000000, 0.000000000000000000, 1.000000000000000000 ) ) ;
#5410 = DIRECTION ( 'NONE',  ( -0.000000000000000000, -1.000000000000000000, -0.000000000000000000 ) ) ;
#5411 = VERTEX_POINT ( 'NONE', #11466 ) ;
#5412 = ORIENTED_EDGE ( 'NONE', *, *, #10135, .F. ) ;
#5413 = CARTESIAN_POINT ( 'NONE',  ( 31.79999999999999361, -17.50000000000000000, 42.79999999999999716 ) ) ;
#5414 = CIRCLE ( 'NONE', #3609, 1.000000000000000888 ) ;
#5415 = CARTESIAN_POINT ( 'NONE',  ( -1.800000000000000266, -9.500000000000001776, 44.79999999999999716 ) ) ;
#5416 = ORIENTED_EDGE ( 'NONE', *, *, #8957, .F. ) ;
#5417 = VECTOR ( 'NONE', #1733, 1000.000000000000000 ) ;
#5418 = CARTESIAN_POINT ( 'NONE',  ( 71.16421820093576400, -13.31380332840024927, -16.80885230909872519 ) ) ;
#5419 = PRODUCT_DEFINITION_CONTEXT ( 'detailed design', #7366, 'design' ) ;
#5420 = VECTOR ( 'NONE', #1851, 1000.000000000000000 ) ;
#5421 = AXIS2_PLACEMENT_3D ( 'NONE', #1052, #11691, #3064 ) ;
#5422 = CARTESIAN_POINT ( 'NONE',  ( 2.029357595202611719, 12.20382758788336908, -17.73010824390472706 ) ) ;
#5423 = EDGE_LOOP ( 'NONE', ( #6492, #2186, #3600, #6367, #11186 ) ) ;
#5424 = CYLINDRICAL_SURFACE ( 'NONE', #1174, 1.900000000000002354 ) ;
#5425 = CARTESIAN_POINT ( 'NONE',  ( 87.94639296586103683, -13.92094921441978173, -16.50120297281689830 ) ) ;
#5426 = ORIENTED_EDGE ( 'NONE', *, *, #6721, .F. ) ;
#5427 = AXIS2_PLACEMENT_3D ( 'NONE', #2561, #6487, #7472 ) ;
#5428 = LINE ( 'NONE', #9593, #4371 ) ;
#5429 = PLANE ( 'NONE',  #12176 ) ;
#5430 = CARTESIAN_POINT ( 'NONE',  ( 62.80000000000001137, -17.50000000000000355, 33.79999999999999716 ) ) ;
#5431 = ORIENTED_EDGE ( 'NONE', *, *, #12047, .F. ) ;
#5432 = DIRECTION ( 'NONE',  ( -0.000000000000000000, 1.000000000000000000, -0.000000000000000000 ) ) ;
#5433 = ORIENTED_EDGE ( 'NONE', *, *, #6602, .F. ) ;
#5434 = LINE ( 'NONE', #2693, #3782 ) ;
#5435 = ORIENTED_EDGE ( 'NONE', *, *, #12307, .F. ) ;
#5436 = PLANE ( 'NONE',  #4703 ) ;
#5437 = ORIENTED_EDGE ( 'NONE', *, *, #5384, .F. ) ;
#5438 = PLANE ( 'NONE',  #807 ) ;
#5439 = LINE ( 'NONE', #2122, #9097 ) ;
#5440 = CARTESIAN_POINT ( 'NONE',  ( -1.800000000000000266, 11.79999999999999893, -9.350000000000001421 ) ) ;
#5441 = EDGE_CURVE ( 'NONE', #5664, #8154, #3774, .T. ) ;
#5442 = DIRECTION ( 'NONE',  ( -0.000000000000000000, 1.000000000000000000, -0.000000000000000000 ) ) ;
#5443 = EDGE_CURVE ( 'NONE', #11077, #10710, #2579, .T. ) ;
#5444 = ORIENTED_EDGE ( 'NONE', *, *, #5465, .F. ) ;
#5445 = CARTESIAN_POINT ( 'NONE',  ( 35.80000000000000426, -17.50000000000000000, 28.79999999999999716 ) ) ;
#5446 = EDGE_LOOP ( 'NONE', ( #10401, #1491, #3525 ) ) ;
#5447 = CARTESIAN_POINT ( 'NONE',  ( 62.80000000000001137, -19.10000000000000142, 45.79999999999999005 ) ) ;
#5448 = DIRECTION ( 'NONE',  ( 0.000000000000000000, 0.000000000000000000, 1.000000000000000000 ) ) ;
#5449 = ORIENTED_EDGE ( 'NONE', *, *, #11479, .F. ) ;
#5450 = ADVANCED_FACE ( 'NONE', ( #7728 ), #2748, .F. ) ;
#5451 = VECTOR ( 'NONE', #7681, 1000.000000000000000 ) ;
#5452 = CARTESIAN_POINT ( 'NONE',  ( 3.220225810879899342, -13.24335474665552326, -16.84145960310358703 ) ) ;
#5453 = ORIENTED_EDGE ( 'NONE', *, *, #3155, .T. ) ;
#5454 = DIRECTION ( 'NONE',  ( -0.000000000000000000, 0.000000000000000000, -1.000000000000000000 ) ) ;
#5455 = CARTESIAN_POINT ( 'NONE',  ( -1.800000000000000266, -0.1000000000000000056, 34.24999999999941025 ) ) ;
#5456 = EDGE_CURVE ( 'NONE', #245, #4848, #11675, .T. ) ;
#5457 = AXIS2_PLACEMENT_3D ( 'NONE', #11412, #3657, #6587 ) ;
#5458 = VERTEX_POINT ( 'NONE', #12398 ) ;
#5459 = DIRECTION ( 'NONE',  ( -0.000000000000000000, 1.000000000000000000, 0.000000000000000000 ) ) ;
#5460 = ORIENTED_EDGE ( 'NONE', *, *, #2968, .T. ) ;
#5461 = AXIS2_PLACEMENT_3D ( 'NONE', #1066, #8979, #10945 ) ;
#5462 = VERTEX_POINT ( 'NONE', #1776 ) ;
#5463 = DIRECTION ( 'NONE',  ( 0.000000000000000000, 0.000000000000000000, -1.000000000000000000 ) ) ;
#5464 = EDGE_CURVE ( 'NONE', #2686, #2998, #4829, .T. ) ;
#5465 = EDGE_CURVE ( 'NONE', #3818, #10109, #10012, .T. ) ;
#5466 = VERTEX_POINT ( 'NONE', #5787 ) ;
#5467 = ORIENTED_EDGE ( 'NONE', *, *, #4040, .F. ) ;
#5468 = FACE_OUTER_BOUND ( 'NONE', #1678, .T. ) ;
#5469 = CARTESIAN_POINT ( 'NONE',  ( 87.52406277256955036, -12.16153997857096947, -17.26059548338226435 ) ) ;
#5470 = VERTEX_POINT ( 'NONE', #10533 ) ;
#5471 = VECTOR ( 'NONE', #5306, 1000.000000000000000 ) ;
#5472 = DIRECTION ( 'NONE',  ( 0.000000000000000000, -1.000000000000000000, -1.234678630588475078E-16 ) ) ;
#5473 = DIRECTION ( 'NONE',  ( 0.000000000000000000, -1.000000000000000000, 0.000000000000000000 ) ) ;
#5474 = ORIENTED_EDGE ( 'NONE', *, *, #7624, .T. ) ;
#5475 = VECTOR ( 'NONE', #11854, 1000.000000000000000 ) ;
#5476 = ORIENTED_EDGE ( 'NONE', *, *, #9700, .T. ) ;
#5477 = DIRECTION ( 'NONE',  ( 0.000000000000000000, -1.000000000000000000, -1.234678630588475078E-16 ) ) ;
#5478 = CARTESIAN_POINT ( 'NONE',  ( -1.800000000000000266, -4.100000000000000533, 6.599999999999999645 ) ) ;
#5479 = DIRECTION ( 'NONE',  ( 0.000000000000000000, 1.000000000000000000, -0.000000000000000000 ) ) ;
#5480 = EDGE_CURVE ( 'NONE', #6635, #8416, #8644, .T. ) ;
#5481 = CARTESIAN_POINT ( 'NONE',  ( 4.800000000000001599, -17.50000000000000000, 13.79999999999999716 ) ) ;
#5482 = ORIENTED_EDGE ( 'NONE', *, *, #8531, .F. ) ;
#5483 = PLANE ( 'NONE',  #1397 ) ;
#5484 = DIRECTION ( 'NONE',  ( 1.000000000000000000, 0.000000000000000000, 0.000000000000000000 ) ) ;
#5485 = LINE ( 'NONE', #4496, #7048 ) ;
#5486 = DIRECTION ( 'NONE',  ( 0.000000000000000000, 3.001251688541188813E-16, -1.000000000000000000 ) ) ;
#5487 = CARTESIAN_POINT ( 'NONE',  ( 71.06102210368143801, -13.86318290930058339, -16.53364112356639737 ) ) ;
#5488 = ORIENTED_EDGE ( 'NONE', *, *, #9400, .F. ) ;
#5489 = DIRECTION ( 'NONE',  ( -1.000000000000000000, -0.000000000000000000, -0.000000000000000000 ) ) ;
#5490 = LINE ( 'NONE', #9321, #5962 ) ;
#5491 = AXIS2_PLACEMENT_3D ( 'NONE', #5313, #11234, #10312 ) ;
#5492 = CARTESIAN_POINT ( 'NONE',  ( 3.379719106206521939, -14.19408400017729832, -16.34619511022959060 ) ) ;
#5493 = AXIS2_PLACEMENT_3D ( 'NONE', #7343, #1530, #8275 ) ;
#5494 = CARTESIAN_POINT ( 'NONE',  ( 59.79999999999999716, -17.50000000000000000, 52.09999999999999432 ) ) ;
#5495 = CARTESIAN_POINT ( 'NONE',  ( -1.800000000000000266, -17.50000000000000000, 12.79999999999999893 ) ) ;
#5496 = VECTOR ( 'NONE', #7183, 1000.000000000000000 ) ;
#5497 = ORIENTED_EDGE ( 'NONE', *, *, #10830, .T. ) ;
#5498 = CIRCLE ( 'NONE', #2802, 1.000000000000000888 ) ;
#5499 = ORIENTED_EDGE ( 'NONE', *, *, #7359, .T. ) ;
#5500 = CIRCLE ( 'NONE', #5142, 1.000000000000000888 ) ;
#5501 = ORIENTED_EDGE ( 'NONE', *, *, #3465, .F. ) ;
#5502 = ORIENTED_EDGE ( 'NONE', *, *, #11822, .F. ) ;
#5503 = AXIS2_PLACEMENT_3D ( 'NONE', #2455, #6363, #444 ) ;
#5504 = CARTESIAN_POINT ( 'NONE',  ( 3.650338083232926412, 15.51018207448036712, -16.51239678079717876 ) ) ;
#5505 = VERTEX_POINT ( 'NONE', #8526 ) ;
#5506 = CIRCLE ( 'NONE', #10241, 1.000000000000000888 ) ;
#5507 = VECTOR ( 'NONE', #8008, 1000.000000000000000 ) ;
#5508 = ORIENTED_EDGE ( 'NONE', *, *, #9871, .F. ) ;
#5509 = CARTESIAN_POINT ( 'NONE',  ( 88.40000000000000568, -18.69999999999999574, -7.740000000000001101 ) ) ;
#5510 = CARTESIAN_POINT ( 'NONE',  ( 70.40000000000000568, -10.30000000000001847, 56.79999999999999716 ) ) ;
#5511 = CARTESIAN_POINT ( 'NONE',  ( 29.84999999996615827, -3.200000000000001510, -1.800000000000443023 ) ) ;
#5512 = LINE ( 'NONE', #9996, #824 ) ;
#5513 = EDGE_CURVE ( 'NONE', #9534, #4253, #3929, .T. ) ;
#5514 = EDGE_CURVE ( 'NONE', #7898, #8648, #1233, .T. ) ;
#5515 = LINE ( 'NONE', #7731, #6013 ) ;
#5516 = CARTESIAN_POINT ( 'NONE',  ( 86.79999999999999716, -0.1000000000000000056, 54.39999999999972857 ) ) ;
#5517 = ORIENTED_EDGE ( 'NONE', *, *, #4750, .F. ) ;
#5518 = EDGE_LOOP ( 'NONE', ( #3448, #10565, #4838, #7160, #669, #4373 ) ) ;
#5519 = VECTOR ( 'NONE', #4212, 1000.000000000000114 ) ;
#5520 = CARTESIAN_POINT ( 'NONE',  ( 86.79999999999999716, -0.1000000000000000472, 1.950000000000472244 ) ) ;
#5521 = ORIENTED_EDGE ( 'NONE', *, *, #11047, .F. ) ;
#5522 = DIRECTION ( 'NONE',  ( 0.000000000000000000, -0.9876883405951378814, 0.1564344650402291204 ) ) ;
#5523 = CARTESIAN_POINT ( 'NONE',  ( 88.40000000000000568, -18.70000000000001350, 57.39999999999999858 ) ) ;
#5524 = CARTESIAN_POINT ( 'NONE',  ( 72.58844209022383609, -9.129490619514465166, -17.74000023429535133 ) ) ;
#5525 = ORIENTED_EDGE ( 'NONE', *, *, #4912, .F. ) ;
#5526 = CYLINDRICAL_SURFACE ( 'NONE', #6269, 1.000000000000000000 ) ;
#5527 = ORIENTED_EDGE ( 'NONE', *, *, #8465, .F. ) ;
#5528 = ORIENTED_EDGE ( 'NONE', *, *, #11557, .F. ) ;
#5529 = EDGE_CURVE ( 'NONE', #3276, #1150, #11228, .T. ) ;
#5530 = CARTESIAN_POINT ( 'NONE',  ( 3.289643059541409897, -12.25113714114674579, -17.07605494914358957 ) ) ;
#5531 = EDGE_CURVE ( 'NONE', #11977, #3930, #10940, .T. ) ;
#5532 = ORIENTED_EDGE ( 'NONE', *, *, #9894, .F. ) ;
#5533 = EDGE_CURVE ( 'NONE', #10038, #8811, #5765, .T. ) ;
#5534 = LINE ( 'NONE', #5017, #12082 ) ;
#5535 = CARTESIAN_POINT ( 'NONE',  ( 66.40000000000000568, -3.200000000000000622, -1.800000000000000044 ) ) ;
#5536 = DIRECTION ( 'NONE',  ( 0.000000000000000000, 0.000000000000000000, -1.000000000000000000 ) ) ;
#5537 = DIRECTION ( 'NONE',  ( 0.000000000000000000, 1.000000000000000000, -0.000000000000000000 ) ) ;
#5538 = DIRECTION ( 'NONE',  ( 0.000000000000000000, 0.000000000000000000, -1.000000000000000000 ) ) ;
#5539 = ORIENTED_EDGE ( 'NONE', *, *, #12112, .F. ) ;
#5540 = ORIENTED_EDGE ( 'NONE', *, *, #2249, .T. ) ;
#5541 = VERTEX_POINT ( 'NONE', #12447 ) ;
#5542 = LINE ( 'NONE', #11578, #10426 ) ;
#5543 = DIRECTION ( 'NONE',  ( -1.000000000000000000, 0.000000000000000000, -0.000000000000000000 ) ) ;
#5544 = ORIENTED_EDGE ( 'NONE', *, *, #2907, .T. ) ;
#5545 = DIRECTION ( 'NONE',  ( -0.000000000000000000, 0.000000000000000000, -1.000000000000000000 ) ) ;
#5546 = DIRECTION ( 'NONE',  ( 0.000000000000000000, -1.000000000000000000, 0.000000000000000000 ) ) ;
#5547 = EDGE_CURVE ( 'NONE', #2092, #10667, #458, .T. ) ;
#5548 = EDGE_CURVE ( 'NONE', #4155, #7671, #7584, .T. ) ;
#5549 = VERTEX_POINT ( 'NONE', #9640 ) ;
#5550 = DIRECTION ( 'NONE',  ( -0.000000000000000000, 0.000000000000000000, 1.000000000000000000 ) ) ;
#5551 = DIRECTION ( 'NONE',  ( 0.000000000000000000, 0.000000000000000000, 1.000000000000000000 ) ) ;
#5552 = ORIENTED_EDGE ( 'NONE', *, *, #3300, .T. ) ;
#5553 = ORIENTED_EDGE ( 'NONE', *, *, #1894, .T. ) ;
#5554 = LINE ( 'NONE', #9719, #7859 ) ;
#5555 = DIRECTION ( 'NONE',  ( 0.000000000000000000, -1.000000000000000000, 0.000000000000000000 ) ) ;
#5556 = LINE ( 'NONE', #1289, #868 ) ;
#5557 = DIRECTION ( 'NONE',  ( 0.000000000000000000, 0.000000000000000000, -1.000000000000000000 ) ) ;
#5558 = CARTESIAN_POINT ( 'NONE',  ( 62.80000000000001137, -19.10000000000000142, 32.79999999999999716 ) ) ;
#5559 = DIRECTION ( 'NONE',  ( 1.000000000000000000, 0.000000000000000000, 0.000000000000000000 ) ) ;
#5560 = AXIS2_PLACEMENT_3D ( 'NONE', #11863, #7132, #2339 ) ;
#5561 = ORIENTED_EDGE ( 'NONE', *, *, #10968, .T. ) ;
#5562 = DIRECTION ( 'NONE',  ( 0.000000000000000000, -1.000000000000000000, 0.000000000000000000 ) ) ;
#5563 = VECTOR ( 'NONE', #3761, 1000.000000000000000 ) ;
#5564 = CARTESIAN_POINT ( 'NONE',  ( 3.746747249973485516, -13.80702628442277202, -16.19856098843248304 ) ) ;
#5565 = DIRECTION ( 'NONE',  ( 0.000000000000000000, -1.234678630588475078E-16, 1.000000000000000000 ) ) ;
#5566 = AXIS2_PLACEMENT_3D ( 'NONE', #748, #7587, #1689 ) ;
#5567 = VERTEX_POINT ( 'NONE', #7694 ) ;
#5568 = VECTOR ( 'NONE', #10765, 1000.000000000000000 ) ;
#5569 = CARTESIAN_POINT ( 'NONE',  ( 72.57678131413724998, -9.159243671536879461, -17.73986857403078687 ) ) ;
#5570 = ORIENTED_EDGE ( 'NONE', *, *, #8974, .F. ) ;
#5571 = CARTESIAN_POINT ( 'NONE',  ( 86.79999999999999716, -18.20262464989040296, 21.29999999999972360 ) ) ;
#5572 = EDGE_CURVE ( 'NONE', #3434, #11993, #10028, .T. ) ;
#5573 = LINE ( 'NONE', #12331, #3335 ) ;
#5574 = LINE ( 'NONE', #4191, #8026 ) ;
#5575 = CARTESIAN_POINT ( 'NONE',  ( -1.799999999999999378, -3.200000000000001510, -1.800000000000000044 ) ) ;
#5576 = ADVANCED_FACE ( 'NONE', ( #7152 ), #7618, .T. ) ;
#5577 = AXIS2_PLACEMENT_3D ( 'NONE', #9823, #94, #4005 ) ;
#5578 = CARTESIAN_POINT ( 'NONE',  ( 3.399999999999958611, -14.62770798392563876, -16.07333333333335190 ) ) ;
#5579 = CARTESIAN_POINT ( 'NONE',  ( -1.800000000000000266, -2.449999999999729283, 14.32740920835357379 ) ) ;
#5580 = CARTESIAN_POINT ( 'NONE',  ( -1.800000000000000266, -17.50000000000000000, 24.80000000000000071 ) ) ;
#5581 = VERTEX_POINT ( 'NONE', #8483 ) ;
#5582 = VERTEX_POINT ( 'NONE', #11766 ) ;
#5583 = FACE_OUTER_BOUND ( 'NONE', #9757, .T. ) ;
#5584 = CARTESIAN_POINT ( 'NONE',  ( 86.79999999999999716, -18.20262464989040296, 36.89999999999971436 ) ) ;
#5585 = CARTESIAN_POINT ( 'NONE',  ( 32.80000000000000426, -17.50000000000000000, 29.80000000000000071 ) ) ;
#5586 = CARTESIAN_POINT ( 'NONE',  ( 34.80000000000000426, -19.10000000000000142, 22.79999999999999361 ) ) ;
#5587 = VECTOR ( 'NONE', #9598, 1000.000000000000000 ) ;
#5588 = VECTOR ( 'NONE', #11421, 1000.000000000000000 ) ;
#5589 = DIRECTION ( 'NONE',  ( 0.000000000000000000, -1.000000000000000000, 0.000000000000000000 ) ) ;
#5590 = CYLINDRICAL_SURFACE ( 'NONE', #7709, 1.000000000000000888 ) ;
#5591 = DIRECTION ( 'NONE',  ( 0.000000000000000000, -0.7071067811865414665, 0.7071067811865536790 ) ) ;
#5592 = EDGE_LOOP ( 'NONE', ( #5880, #2005, #6645, #6053, #4660, #8636, #852, #12157, #8619, #5972, #6775, #9873, #5729, #12407, #664, #2359, #11197, #8237, #7260, #11803, #4552, #9169, #3354, #698, #10388, #5652, #10229, #1581, #7540, #2806, #8560, #451, #6739, #54, #5437, #5179, #4979, #8486, #11707, #259, #11167, #6034, #6992, #12564, #8376, #9918, #8949, #5653, #4237, #9266, #11096, #4693, #11728, #3864, #5561, #9024, #11668, #1849, #6679, #10961, #5896, #7229 ) ) ;
#5593 = ADVANCED_FACE ( 'NONE', ( #1672 ), #5590, .F. ) ;
#5594 = ORIENTED_EDGE ( 'NONE', *, *, #12384, .F. ) ;
#5595 = ORIENTED_EDGE ( 'NONE', *, *, #1091, .T. ) ;
#5596 = LINE ( 'NONE', #274, #3505 ) ;
#5597 = DIRECTION ( 'NONE',  ( 0.000000000000000000, 1.000000000000000000, 0.000000000000000000 ) ) ;
#5598 = DIRECTION ( 'NONE',  ( 0.000000000000000000, -1.000000000000000000, 0.000000000000000000 ) ) ;
#5599 = ORIENTED_EDGE ( 'NONE', *, *, #8165, .T. ) ;
#5600 = AXIS2_PLACEMENT_3D ( 'NONE', #4441, #10114, #12095 ) ;
#5601 = ORIENTED_EDGE ( 'NONE', *, *, #9851, .F. ) ;
#5602 = CARTESIAN_POINT ( 'NONE',  ( 21.00677727426997166, -10.49463313667988906, -1.800000000000000044 ) ) ;
#5603 = VECTOR ( 'NONE', #2757, 1000.000000000000000 ) ;
#5604 = LINE ( 'NONE', #1447, #6196 ) ;
#5605 = CARTESIAN_POINT ( 'NONE',  ( 72.43087373458743627, -9.431665900776865286, -17.73283663810712341 ) ) ;
#5606 = CARTESIAN_POINT ( 'NONE',  ( 17.00677727426996810, -9.494633136679889063, -2.000000000000000000 ) ) ;
#5607 = CARTESIAN_POINT ( 'NONE',  ( 34.80000000000000426, -19.10000000000000142, 4.799999999999999822 ) ) ;
#5608 = ORIENTED_EDGE ( 'NONE', *, *, #3258, .T. ) ;
#5609 = ORIENTED_EDGE ( 'NONE', *, *, #6370, .T. ) ;
#5610 = DIRECTION ( 'NONE',  ( 0.000000000000000000, 0.000000000000000000, -1.000000000000000000 ) ) ;
#5611 = DIRECTION ( 'NONE',  ( 0.000000000000000000, 1.000000000000000000, -0.000000000000000000 ) ) ;
#5612 = ORIENTED_EDGE ( 'NONE', *, *, #2517, .F. ) ;
#5613 = CARTESIAN_POINT ( 'NONE',  ( 2.343613340820963398, -10.50465559583687991, -17.64086850942764073 ) ) ;
#5614 = AXIS2_PLACEMENT_3D ( 'NONE', #3461, #400, #7234 ) ;
#5615 = EDGE_CURVE ( 'NONE', #1863, #8567, #9240, .T. ) ;
#5616 = DIRECTION ( 'NONE',  ( 0.7071067811865524577, -0.7071067811865426878, 0.000000000000000000 ) ) ;
#5617 = CARTESIAN_POINT ( 'NONE',  ( 4.799999999999999822, -19.09999999999999787, 5.799999999999999822 ) ) ;
#5618 = ORIENTED_EDGE ( 'NONE', *, *, #7933, .F. ) ;
#5619 = DIRECTION ( 'NONE',  ( -0.000000000000000000, -0.000000000000000000, -1.000000000000000000 ) ) ;
#5620 = EDGE_CURVE ( 'NONE', #6436, #2276, #12132, .T. ) ;
#5621 = FACE_OUTER_BOUND ( 'NONE', #10562, .T. ) ;
#5622 = CARTESIAN_POINT ( 'NONE',  ( 72.02497172372579826, -10.23660541186259287, -17.65645327249643159 ) ) ;
#5623 = ORIENTED_EDGE ( 'NONE', *, *, #1036, .T. ) ;
#5624 = VECTOR ( 'NONE', #628, 1000.000000000000000 ) ;
#5625 = ORIENTED_EDGE ( 'NONE', *, *, #8727, .T. ) ;
#5626 = ORIENTED_EDGE ( 'NONE', *, *, #7609, .T. ) ;
#5627 = VECTOR ( 'NONE', #6563, 1000.000000000000000 ) ;
#5628 = CARTESIAN_POINT ( 'NONE',  ( -1.255215095127959701, -13.40411162654811683, -16.76643244766104957 ) ) ;
#5629 = DIRECTION ( 'NONE',  ( 0.000000000000000000, 0.000000000000000000, 1.000000000000000000 ) ) ;
#5630 = ORIENTED_EDGE ( 'NONE', *, *, #6217, .F. ) ;
#5631 = CARTESIAN_POINT ( 'NONE',  ( -0.7051907853740397858, -10.91508861040931677, -17.52442738495854968 ) ) ;
#5632 = EDGE_CURVE ( 'NONE', #7054, #10833, #7448, .T. ) ;
#5633 = AXIS2_PLACEMENT_3D ( 'NONE', #8433, #12240, #11371 ) ;
#5634 = AXIS2_PLACEMENT_3D ( 'NONE', #4582, #5555, #6557 ) ;
#5635 = AXIS2_PLACEMENT_3D ( 'NONE', #10919, #7115, #1298 ) ;
#5636 = CARTESIAN_POINT ( 'NONE',  ( 31.80000000000000071, -19.09999999999999787, 26.80000000000000071 ) ) ;
#5637 = EDGE_CURVE ( 'NONE', #6694, #8477, #5439, .T. ) ;
#5638 = VERTEX_POINT ( 'NONE', #1999 ) ;
#5639 = VECTOR ( 'NONE', #10966, 1000.000000000000000 ) ;
#5640 = DIRECTION ( 'NONE',  ( 0.000000000000000000, -1.000000000000000000, 0.000000000000000000 ) ) ;
#5641 = VECTOR ( 'NONE', #2558, 1000.000000000000114 ) ;
#5642 = CARTESIAN_POINT ( 'NONE',  ( 34.80000000000000426, -17.50000000000000000, 10.79999999999999716 ) ) ;
#5643 = ADVANCED_FACE ( 'NONE', ( #2302 ), #9543, .F. ) ;
#5644 = CARTESIAN_POINT ( 'NONE',  ( 71.79674495889142349, -10.70210358208379553, -17.57257672758346700 ) ) ;
#5645 = AXIS2_PLACEMENT_3D ( 'NONE', #1655, #12260, #9406 ) ;
#5646 = LINE ( 'NONE', #9742, #7347 ) ;
#5647 = LINE ( 'NONE', #61, #3111 ) ;
#5648 = AXIS2_PLACEMENT_3D ( 'NONE', #7918, #9135, #6824 ) ;
#5649 = FACE_OUTER_BOUND ( 'NONE', #2253, .T. ) ;
#5650 = LINE ( 'NONE', #7276, #226 ) ;
#5651 = CARTESIAN_POINT ( 'NONE',  ( 35.80000000000000426, -17.50000000000000000, 40.79999999999999716 ) ) ;
#5652 = ORIENTED_EDGE ( 'NONE', *, *, #7118, .F. ) ;
#5653 = ORIENTED_EDGE ( 'NONE', *, *, #7286, .T. ) ;
#5654 = DIRECTION ( 'NONE',  ( 0.000000000000000000, 0.000000000000000000, -1.000000000000000000 ) ) ;
#5655 = CARTESIAN_POINT ( 'NONE',  ( 82.40000000000000568, -0.09999999999999882594, 57.79999999999999716 ) ) ;
#5656 = ORIENTED_EDGE ( 'NONE', *, *, #6203, .T. ) ;
#5657 = DIRECTION ( 'NONE',  ( 1.000000000000000000, 0.000000000000000000, -0.000000000000000000 ) ) ;
#5658 = DIRECTION ( 'NONE',  ( 0.000000000000000000, -1.000000000000000000, -1.404986760216307406E-16 ) ) ;
#5659 = ADVANCED_FACE ( 'NONE', ( #8470 ), #2000, .F. ) ;
#5660 = ORIENTED_EDGE ( 'NONE', *, *, #4397, .T. ) ;
#5661 = CARTESIAN_POINT ( 'NONE',  ( -1.800000000000000266, -9.500000000000001776, 36.79999999999999716 ) ) ;
#5662 = CARTESIAN_POINT ( 'NONE',  ( 72.13835845049840145, -10.00950308089736218, -17.68687633709495444 ) ) ;
#5663 = FACE_OUTER_BOUND ( 'NONE', #6562, .T. ) ;
#5664 = VERTEX_POINT ( 'NONE', #3879 ) ;
#5665 = LINE ( 'NONE', #11989, #2813 ) ;
#5666 = ORIENTED_EDGE ( 'NONE', *, *, #6365, .T. ) ;
#5667 = ORIENTED_EDGE ( 'NONE', *, *, #143, .T. ) ;
#5668 = VECTOR ( 'NONE', #2454, 1000.000000000000000 ) ;
#5669 = DIRECTION ( 'NONE',  ( 0.000000000000000000, 0.000000000000000000, -1.000000000000000000 ) ) ;
#5670 = CARTESIAN_POINT ( 'NONE',  ( -1.800000000000000266, -9.500000000000001776, 6.800000000000000711 ) ) ;
#5671 = CARTESIAN_POINT ( 'NONE',  ( 0.1884420902223408467, -9.129490619513831007, -17.74000023429535133 ) ) ;
#5672 = CARTESIAN_POINT ( 'NONE',  ( 4.799999999999999822, -19.10000000000000142, 20.80000000000000071 ) ) ;
#5673 = VECTOR ( 'NONE', #4219, 1000.000000000000000 ) ;
#5674 = ORIENTED_EDGE ( 'NONE', *, *, #12502, .F. ) ;
#5675 = DIRECTION ( 'NONE',  ( 0.000000000000000000, 0.000000000000000000, -1.000000000000000000 ) ) ;
#5676 = VECTOR ( 'NONE', #6589, 1000.000000000000000 ) ;
#5677 = ORIENTED_EDGE ( 'NONE', *, *, #7907, .F. ) ;
#5678 = AXIS2_PLACEMENT_3D ( 'NONE', #6530, #7522, #1668 ) ;
#5679 = EDGE_LOOP ( 'NONE', ( #2464, #5626, #1768, #4079, #8720, #9788 ) ) ;
#5680 = CARTESIAN_POINT ( 'NONE',  ( -4.200000000000017941, -11.90000000000005365, 28.80000000000000071 ) ) ;
#5681 = COLOUR_RGB ( '',0.7921568627450980005, 0.8196078431372548767, 0.9333333333333333481 ) ;
#5682 = PLANE ( 'NONE',  #11294 ) ;
#5683 = ORIENTED_EDGE ( 'NONE', *, *, #988, .T. ) ;
#5684 = LINE ( 'NONE', #12356, #9025 ) ;
#5685 = CYLINDRICAL_SURFACE ( 'NONE', #6480, 1.000000000000000888 ) ;
#5686 = PLANE ( 'NONE',  #12187 ) ;
#5687 = VECTOR ( 'NONE', #12271, 1000.000000000000000 ) ;
#5688 = DIRECTION ( 'NONE',  ( 1.000000000000000000, 0.000000000000000000, 0.000000000000000000 ) ) ;
#5689 = VERTEX_POINT ( 'NONE', #8701 ) ;
#5690 = ORIENTED_EDGE ( 'NONE', *, *, #6490, .T. ) ;
#5691 = CARTESIAN_POINT ( 'NONE',  ( 72.04333696997500169, -10.19985875245081530, -17.66119457511137014 ) ) ;
#5692 = ORIENTED_EDGE ( 'NONE', *, *, #9870, .F. ) ;
#5693 = DIRECTION ( 'NONE',  ( -0.000000000000000000, -1.000000000000000000, 0.000000000000000000 ) ) ;
#5694 = EDGE_CURVE ( 'NONE', #9136, #12172, #171, .T. ) ;
#5695 = ADVANCED_FACE ( 'NONE', ( #8034 ), #7862, .F. ) ;
#5696 = CYLINDRICAL_SURFACE ( 'NONE', #4762, 1.000000000000000888 ) ;
#5697 = EDGE_CURVE ( 'NONE', #1789, #11537, #4530, .T. ) ;
#5698 = CARTESIAN_POINT ( 'NONE',  ( 4.799999999999999822, -19.10000000000000142, 28.80000000000000071 ) ) ;
#5699 = ORIENTED_EDGE ( 'NONE', *, *, #4654, .T. ) ;
#5700 = LINE ( 'NONE', #1778, #6030 ) ;
#5701 = CARTESIAN_POINT ( 'NONE',  ( 2.072545906098490764, -9.797544242870094067, -17.71564417715706696 ) ) ;
#5702 = EDGE_LOOP ( 'NONE', ( #8, #11596, #8785, #5721 ) ) ;
#5703 = VERTEX_POINT ( 'NONE', #9764 ) ;
#5704 = CARTESIAN_POINT ( 'NONE',  ( 16.26999999999964430, 4.300000000001169553, -0.1999999999999994837 ) ) ;
#5705 = ORIENTED_EDGE ( 'NONE', *, *, #9293, .F. ) ;
#5706 = DIRECTION ( 'NONE',  ( 0.000000000000000000, 1.000000000000000000, 1.404986760216307406E-16 ) ) ;
#5707 = CARTESIAN_POINT ( 'NONE',  ( 84.20000000000001705, 4.299999999999998934, -14.73999999999995225 ) ) ;
#5708 = ORIENTED_EDGE ( 'NONE', *, *, #9269, .F. ) ;
#5709 = CARTESIAN_POINT ( 'NONE',  ( -0.2000000000000000111, -9.500000000000001776, 34.79999999999999716 ) ) ;
#5710 = CARTESIAN_POINT ( 'NONE',  ( 71.69480921462596257, -10.91508861040930967, -17.52442738495854258 ) ) ;
#5711 = CARTESIAN_POINT ( 'NONE',  ( 70.59999999999999432, 7.353738136766379441, 0.7160040702168346538 ) ) ;
#5712 = EDGE_CURVE ( 'NONE', #3102, #9313, #5915, .T. ) ;
#5713 = AXIS2_PLACEMENT_3D ( 'NONE', #5232, #1449, #12032 ) ;
#5714 = ADVANCED_FACE ( 'NONE', ( #6840 ), #10797, .F. ) ;
#5715 = EDGE_CURVE ( 'NONE', #6672, #4016, #2145, .T. ) ;
#5716 = ORIENTED_EDGE ( 'NONE', *, *, #1225, .F. ) ;
#5717 = CARTESIAN_POINT ( 'NONE',  ( 19.00677727426997166, -9.494633136679889063, -2.000000000000000000 ) ) ;
#5718 = LINE ( 'NONE', #503, #9988 ) ;
#5719 = EDGE_CURVE ( 'NONE', #11478, #11337, #7883, .T. ) ;
#5720 = CARTESIAN_POINT ( 'NONE',  ( -0.4640725350892603851, -10.82733979634049959, -17.58986554487120912 ) ) ;
#5721 = ORIENTED_EDGE ( 'NONE', *, *, #7602, .F. ) ;
#5722 = EDGE_CURVE ( 'NONE', #1995, #9880, #11368, .T. ) ;
#5723 = ORIENTED_EDGE ( 'NONE', *, *, #3537, .T. ) ;
#5724 = LINE ( 'NONE', #10698, #3604 ) ;
#5725 = DIRECTION ( 'NONE',  ( 0.000000000000000000, -1.000000000000000000, 0.000000000000000000 ) ) ;
#5726 = CARTESIAN_POINT ( 'NONE',  ( -1.393111312509301536, -12.52702620634887687, -16.94957744424778312 ) ) ;
#5727 = VECTOR ( 'NONE', #5410, 1000.000000000000000 ) ;
#5728 = FACE_OUTER_BOUND ( 'NONE', #1212, .T. ) ;
#5729 = ORIENTED_EDGE ( 'NONE', *, *, #8134, .T. ) ;
#5730 = DIRECTION ( 'NONE',  ( 0.000000000000000000, 1.234678630588475078E-16, -1.000000000000000000 ) ) ;
#5731 = CARTESIAN_POINT ( 'NONE',  ( 62.80000000000001137, -17.50000000000000355, 24.79999999999999716 ) ) ;
#5732 = ORIENTED_EDGE ( 'NONE', *, *, #5480, .T. ) ;
#5733 = LINE ( 'NONE', #2181, #1192 ) ;
#5734 = ORIENTED_EDGE ( 'NONE', *, *, #8167, .T. ) ;
#5735 = ORIENTED_EDGE ( 'NONE', *, *, #535, .F. ) ;
#5736 = LINE ( 'NONE', #5478, #4061 ) ;
#5737 = DIRECTION ( 'NONE',  ( -1.000000000000000000, 0.000000000000000000, -0.000000000000000000 ) ) ;
#5738 = CARTESIAN_POINT ( 'NONE',  ( 62.80000000000001137, -19.09999999999999787, 9.799999999999998934 ) ) ;
#5739 = DIRECTION ( 'NONE',  ( 0.000000000000000000, 1.234678630588475078E-16, -1.000000000000000000 ) ) ;
#5740 = LINE ( 'NONE', #5825, #8930 ) ;
#5741 = DIRECTION ( 'NONE',  ( 0.000000000000000000, 0.000000000000000000, -1.000000000000000000 ) ) ;
#5742 = EDGE_CURVE ( 'NONE', #5370, #1960, #4073, .T. ) ;
#5743 = CARTESIAN_POINT ( 'NONE',  ( 68.40000000000000568, -14.40000000000002167, -1.800000000000000044 ) ) ;
#5744 = CIRCLE ( 'NONE', #6839, 1.000000000000000000 ) ;
#5745 = ORIENTED_EDGE ( 'NONE', *, *, #7518, .T. ) ;
#5746 = ORIENTED_EDGE ( 'NONE', *, *, #2330, .T. ) ;
#5747 = LINE ( 'NONE', #11836, #4516 ) ;
#5748 = ORIENTED_EDGE ( 'NONE', *, *, #6680, .T. ) ;
#5749 = CARTESIAN_POINT ( 'NONE',  ( 32.80000000000000426, -19.10000000000000142, 29.80000000000000071 ) ) ;
#5750 = LINE ( 'NONE', #2845, #11073 ) ;
#5751 = CARTESIAN_POINT ( 'NONE',  ( 2.588702434876497982, -11.16985044292706775, -17.52345106213129000 ) ) ;
#5752 = LINE ( 'NONE', #7775, #1650 ) ;
#5753 = DIRECTION ( 'NONE',  ( 0.000000000000000000, 0.000000000000000000, -1.000000000000000000 ) ) ;
#5754 = DIRECTION ( 'NONE',  ( -1.000000000000000000, -0.000000000000000000, -0.000000000000000000 ) ) ;
#5755 = CARTESIAN_POINT ( 'NONE',  ( 86.40000000000000568, -19.10000000000000142, -17.73999999999999844 ) ) ;
#5756 = ORIENTED_EDGE ( 'NONE', *, *, #7496, .F. ) ;
#5757 = DIRECTION ( 'NONE',  ( 0.000000000000000000, -1.000000000000000000, 0.000000000000000000 ) ) ;
#5758 = CARTESIAN_POINT ( 'NONE',  ( -1.800000000000000266, -9.500000000000001776, 42.80000000000000426 ) ) ;
#5759 = EDGE_CURVE ( 'NONE', #5397, #1702, #1660, .T. ) ;
#5760 = FACE_OUTER_BOUND ( 'NONE', #1092, .T. ) ;
#5761 = ORIENTED_EDGE ( 'NONE', *, *, #8489, .F. ) ;
#5762 = DIRECTION ( 'NONE',  ( 0.000000000000000000, 1.000000000000000000, 0.000000000000000000 ) ) ;
#5763 = ORIENTED_EDGE ( 'NONE', *, *, #4279, .F. ) ;
#5764 = CARTESIAN_POINT ( 'NONE',  ( 31.80000000000000071, -19.10000000000000142, 21.80000000000000071 ) ) ;
#5765 = LINE ( 'NONE', #3663, #11212 ) ;
#5766 = CARTESIAN_POINT ( 'NONE',  ( -0.0009482756179180777591, -9.613575870652853794, -17.72684727352570278 ) ) ;
#5767 = DIRECTION ( 'NONE',  ( 1.000000000000000000, -0.000000000000000000, -0.000000000000000000 ) ) ;
#5768 = CARTESIAN_POINT ( 'NONE',  ( -0.7859118487365488459, -11.08712454763264255, -17.48012280814635133 ) ) ;
#5769 = CARTESIAN_POINT ( 'NONE',  ( -0.08965960866172550947, -9.668694093174860171, -17.71977196889484318 ) ) ;
#5770 = ORIENTED_EDGE ( 'NONE', *, *, #4025, .F. ) ;
#5771 = CARTESIAN_POINT ( 'NONE',  ( 70.94435169912377148, -12.70246682030630225, -16.86404632033009321 ) ) ;
#5772 = DIRECTION ( 'NONE',  ( 0.000000000000000000, 0.000000000000000000, 1.000000000000000000 ) ) ;
#5773 = AXIS2_PLACEMENT_3D ( 'NONE', #8683, #8645, #1752 ) ;
#5774 = CARTESIAN_POINT ( 'NONE',  ( 3.399999999999958611, -19.09999999999999432, -7.740000000000005542 ) ) ;
#5775 = ORIENTED_EDGE ( 'NONE', *, *, #7896, .T. ) ;
#5776 = PLANE ( 'NONE',  #10472 ) ;
#5777 = LINE ( 'NONE', #3815, #5451 ) ;
#5778 = EDGE_CURVE ( 'NONE', #7002, #3286, #11679, .T. ) ;
#5779 = LINE ( 'NONE', #7077, #488 ) ;
#5780 = CARTESIAN_POINT ( 'NONE',  ( 72.41685923577756512, -9.567924548516172578, -17.72913276810643879 ) ) ;
#5781 = EDGE_CURVE ( 'NONE', #5470, #1861, #11975, .T. ) ;
#5782 = ORIENTED_EDGE ( 'NONE', *, *, #11404, .F. ) ;
#5783 = DIRECTION ( 'NONE',  ( -0.7071067811865456854, -0.7071067811865493491, -8.730496322752332385E-17 ) ) ;
#5784 = ADVANCED_FACE ( 'NONE', ( #9087 ), #9046, .F. ) ;
#5785 = CARTESIAN_POINT ( 'NONE',  ( -1.800000000000000266, -1.649999999999729017, 12.27259155458886397 ) ) ;
#5786 = DIRECTION ( 'NONE',  ( 1.000000000000000000, 0.000000000000000000, 0.000000000000000000 ) ) ;
#5787 = CARTESIAN_POINT ( 'NONE',  ( 62.80000000000001137, -17.50000000000000000, 44.79999999999999005 ) ) ;
#5788 = ORIENTED_EDGE ( 'NONE', *, *, #10515, .T. ) ;
#5789 = FACE_OUTER_BOUND ( 'NONE', #10922, .T. ) ;
#5790 = DIRECTION ( 'NONE',  ( -0.000000000000000000, 1.000000000000000000, 0.000000000000000000 ) ) ;
#5791 = CIRCLE ( 'NONE', #10316, 1.000000000000000888 ) ;
#5792 = EDGE_CURVE ( 'NONE', #4135, #10196, #447, .T. ) ;
#5793 = ORIENTED_EDGE ( 'NONE', *, *, #7304, .F. ) ;
#5794 = CARTESIAN_POINT ( 'NONE',  ( 3.030875356383776698, -12.51667476957960012, -17.13828900609902917 ) ) ;
#5795 = AXIS2_PLACEMENT_3D ( 'NONE', #10657, #43, #6816 ) ;
#5796 = EDGE_CURVE ( 'NONE', #9220, #307, #11358, .T. ) ;
#5797 = CYLINDRICAL_SURFACE ( 'NONE', #10879, 1.000000000000000888 ) ;
#5798 = ORIENTED_EDGE ( 'NONE', *, *, #2890, .T. ) ;
#5799 = CARTESIAN_POINT ( 'NONE',  ( 3.744116199044275728, -13.79133566840897274, -16.20956712037319747 ) ) ;
#5800 = CARTESIAN_POINT ( 'NONE',  ( 4.800000000000000711, -17.50000000000000000, 46.80000000000000426 ) ) ;
#5801 = CARTESIAN_POINT ( 'NONE',  ( 1.400000000000012346, -17.50000000000000000, -2.755455298081544778E-15 ) ) ;
#5802 = ORIENTED_EDGE ( 'NONE', *, *, #3591, .F. ) ;
#5803 = LINE ( 'NONE', #9422, #3977 ) ;
#5804 = EDGE_CURVE ( 'NONE', #10137, #7936, #2896, .T. ) ;
#5805 = LINE ( 'NONE', #5299, #10058 ) ;
#5806 = ORIENTED_EDGE ( 'NONE', *, *, #871, .F. ) ;
#5807 = CARTESIAN_POINT ( 'NONE',  ( 3.800000000000000266, -17.50000000000000000, 8.799999999999998934 ) ) ;
#5808 = DIRECTION ( 'NONE',  ( 1.000000000000000000, 0.000000000000000000, 0.000000000000000000 ) ) ;
#5809 = CARTESIAN_POINT ( 'NONE',  ( 2.123603225540458439, -9.929072149393952884, -17.70627889641279396 ) ) ;
#5810 = CARTESIAN_POINT ( 'NONE',  ( -0.2957319667694031096, -10.37795892820258103, -17.65832027823714157 ) ) ;
#5811 = CARTESIAN_POINT ( 'NONE',  ( 84.40000000000000568, -10.30000000000001847, 56.79999999999999716 ) ) ;
#5812 = VERTEX_POINT ( 'NONE', #10964 ) ;
#5813 = CARTESIAN_POINT ( 'NONE',  ( -0.6032550418373052725, -10.70210358359928371, -17.57257672726407449 ) ) ;
#5814 = CARTESIAN_POINT ( 'NONE',  ( 0.1767813141372888697, -9.159243671536884790, -17.73986857403079043 ) ) ;
#5815 = EDGE_LOOP ( 'NONE', ( #3697, #917, #6834, #2137 ) ) ;
#5816 = VECTOR ( 'NONE', #11945, 1000.000000000000000 ) ;
#5817 = CARTESIAN_POINT ( 'NONE',  ( 31.80000000000000071, -19.10000000000000853, 45.79999999999999716 ) ) ;
#5818 = LINE ( 'NONE', #6662, #8686 ) ;
#5819 = DIRECTION ( 'NONE',  ( 0.000000000000000000, -1.000000000000000000, -1.234678630588475078E-16 ) ) ;
#5820 = VERTEX_POINT ( 'NONE', #1217 ) ;
#5821 = DIRECTION ( 'NONE',  ( 0.000000000000000000, 0.000000000000000000, 1.000000000000000000 ) ) ;
#5822 = PLANE ( 'NONE',  #665 ) ;
#5823 = EDGE_CURVE ( 'NONE', #11503, #3655, #8307, .T. ) ;
#5824 = ORIENTED_EDGE ( 'NONE', *, *, #2973, .F. ) ;
#5825 = CARTESIAN_POINT ( 'NONE',  ( 88.40000000000000568, -0.1000000000000000056, 0.000000000000000000 ) ) ;
#5826 = ORIENTED_EDGE ( 'NONE', *, *, #10201, .T. ) ;
#5827 = LINE ( 'NONE', #1313, #11129 ) ;
#5828 = ORIENTED_EDGE ( 'NONE', *, *, #12449, .T. ) ;
#5829 = CARTESIAN_POINT ( 'NONE',  ( 34.80000000000000426, -19.10000000000000142, 9.799999999999995381 ) ) ;
#5830 = AXIS2_PLACEMENT_3D ( 'NONE', #739, #8480, #3660 ) ;
#5831 = LINE ( 'NONE', #6441, #5471 ) ;
#5832 = CARTESIAN_POINT ( 'NONE',  ( 70.20000000000001705, 8.123044737829948403, -14.04558441227158738 ) ) ;
#5833 = FACE_OUTER_BOUND ( 'NONE', #11720, .T. ) ;
#5834 = ORIENTED_EDGE ( 'NONE', *, *, #1754, .T. ) ;
#5835 = EDGE_CURVE ( 'NONE', #11672, #6784, #5574, .T. ) ;
#5836 = DIRECTION ( 'NONE',  ( 0.000000000000000000, 1.234678630588475078E-16, -1.000000000000000000 ) ) ;
#5837 = AXIS2_PLACEMENT_3D ( 'NONE', #1740, #834, #6519 ) ;
#5838 = FACE_OUTER_BOUND ( 'NONE', #8903, .T. ) ;
#5839 = CARTESIAN_POINT ( 'NONE',  ( 62.80000000000001137, -19.09999999999999787, 42.79999999999999005 ) ) ;
#5840 = CYLINDRICAL_SURFACE ( 'NONE', #1780, 1.000000000000000888 ) ;
#5841 = CARTESIAN_POINT ( 'NONE',  ( 62.80000000000001137, -19.09999999999999787, 13.79999999999999716 ) ) ;
#5842 = DIRECTION ( 'NONE',  ( -0.000000000000000000, -1.000000000000000000, 0.000000000000000000 ) ) ;
#5843 = CARTESIAN_POINT ( 'NONE',  ( 72.60000000000000853, -9.099999999999996092, -17.74000000000000199 ) ) ;
#5844 = DIRECTION ( 'NONE',  ( 0.000000000000000000, 0.3420201433256623291, -0.9396926207859107594 ) ) ;
#5845 = ORIENTED_EDGE ( 'NONE', *, *, #12569, .T. ) ;
#5846 = ADVANCED_FACE ( 'NONE', ( #8939 ), #4236, .F. ) ;
#5847 = EDGE_LOOP ( 'NONE', ( #10148, #2247, #4513, #1904, #6774 ) ) ;
#5848 = AXIS2_PLACEMENT_3D ( 'NONE', #12360, #3751, #8487 ) ;
#5849 = ORIENTED_EDGE ( 'NONE', *, *, #303, .F. ) ;
#5850 = CARTESIAN_POINT ( 'NONE',  ( 4.800000000000001599, -17.50000000000000711, 45.79999999999999716 ) ) ;
#5851 = VECTOR ( 'NONE', #10376, 1000.000000000000000 ) ;
#5852 = CARTESIAN_POINT ( 'NONE',  ( -0.1935538189399844955, -10.11061701852581507, -17.68895573264445531 ) ) ;
#5853 = CARTESIAN_POINT ( 'NONE',  ( -0.1430709788562332663, -9.774366380994468528, -17.71036009141432999 ) ) ;
#5854 = CARTESIAN_POINT ( 'NONE',  ( 70.60000000000000853, 9.823197995883754530, -12.34543115421777415 ) ) ;
#5855 = CARTESIAN_POINT ( 'NONE',  ( 34.80000000000000426, -19.10000000000000142, 22.79999999999999361 ) ) ;
#5856 = CARTESIAN_POINT ( 'NONE',  ( 31.80000000000000071, -19.10000000000000142, 25.80000000000000071 ) ) ;
#5857 = DIRECTION ( 'NONE',  ( 0.000000000000000000, 0.000000000000000000, 1.000000000000000000 ) ) ;
#5858 = ORIENTED_EDGE ( 'NONE', *, *, #10589, .T. ) ;
#5859 = FACE_OUTER_BOUND ( 'NONE', #12529, .T. ) ;
#5860 = CARTESIAN_POINT ( 'NONE',  ( -1.800000000000000266, -4.100000000000000533, 3.599999999999999645 ) ) ;
#5861 = VERTEX_POINT ( 'NONE', #4116 ) ;
#5862 = ORIENTED_EDGE ( 'NONE', *, *, #8723, .F. ) ;
#5863 = ADVANCED_FACE ( 'NONE', ( #3625 ), #10926, .T. ) ;
#5864 = ORIENTED_EDGE ( 'NONE', *, *, #9033, .F. ) ;
#5865 = CARTESIAN_POINT ( 'NONE',  ( -1.800000000000000266, -1.649999999999729017, 12.27259155458886397 ) ) ;
#5866 = AXIS2_PLACEMENT_3D ( 'NONE', #2176, #1355, #9914 ) ;
#5867 = VERTEX_POINT ( 'NONE', #7025 ) ;
#5868 = ORIENTED_EDGE ( 'NONE', *, *, #9519, .F. ) ;
#5869 = EDGE_CURVE ( 'NONE', #2127, #4085, #1367, .T. ) ;
#5870 = EDGE_LOOP ( 'NONE', ( #6488, #3831, #5553, #5552 ) ) ;
#5871 = VECTOR ( 'NONE', #8779, 1000.000000000000000 ) ;
#5872 = ORIENTED_EDGE ( 'NONE', *, *, #5198, .T. ) ;
#5873 = EDGE_CURVE ( 'NONE', #3779, #1715, #4832, .T. ) ;
#5874 = LINE ( 'NONE', #5520, #8751 ) ;
#5875 = EDGE_LOOP ( 'NONE', ( #1214, #3266, #7484, #946 ) ) ;
#5876 = CARTESIAN_POINT ( 'NONE',  ( 3.092603621128878988, -12.73385246040988505, -17.05729315888926223 ) ) ;
#5877 = CARTESIAN_POINT ( 'NONE',  ( 4.800000000000000711, -17.50000000000000000, 8.799999999999998934 ) ) ;
#5878 = LINE ( 'NONE', #4047, #4194 ) ;
#5879 = CARTESIAN_POINT ( 'NONE',  ( 84.20000000000001705, 11.23431457505075315, -10.93431457505077375 ) ) ;
#5880 = ORIENTED_EDGE ( 'NONE', *, *, #8528, .T. ) ;
#5881 = ORIENTED_EDGE ( 'NONE', *, *, #4058, .F. ) ;
#5882 = VECTOR ( 'NONE', #8550, 1000.000000000000000 ) ;
#5883 = CARTESIAN_POINT ( 'NONE',  ( 70.59999999999999432, 16.20156963646480719, -15.91279854156216267 ) ) ;
#5884 = DIRECTION ( 'NONE',  ( 0.000000000000000000, 0.000000000000000000, -1.000000000000000000 ) ) ;
#5885 = DIRECTION ( 'NONE',  ( 1.000000000000000000, 0.000000000000000000, 0.000000000000000000 ) ) ;
#5886 = EDGE_CURVE ( 'NONE', #5009, #625, #10447, .T. ) ;
#5887 = AXIS2_PLACEMENT_3D ( 'NONE', #3629, #1164, #6936 ) ;
#5888 = EDGE_CURVE ( 'NONE', #5137, #6586, #897, .T. ) ;
#5889 = EDGE_CURVE ( 'NONE', #3030, #7271, #6890, .T. ) ;
#5890 = EDGE_LOOP ( 'NONE', ( #3940, #2598, #8341, #7049, #5824 ) ) ;
#5891 = ADVANCED_FACE ( 'NONE', ( #5901 ), #12521, .F. ) ;
#5892 = LINE ( 'NONE', #7309, #10307 ) ;
#5893 = CARTESIAN_POINT ( 'NONE',  ( 0.06397474664234473196, -9.366671827181665577, -17.73543089870604916 ) ) ;
#5894 = DIRECTION ( 'NONE',  ( 0.000000000000000000, 0.000000000000000000, -1.000000000000000000 ) ) ;
#5895 = DIRECTION ( 'NONE',  ( -0.000000000000000000, 1.000000000000000000, -0.000000000000000000 ) ) ;
#5896 = ORIENTED_EDGE ( 'NONE', *, *, #5303, .F. ) ;
#5897 = CARTESIAN_POINT ( 'NONE',  ( -4.200000000000016165, -11.90000000000005187, 4.799999999999998934 ) ) ;
#5898 = ORIENTED_EDGE ( 'NONE', *, *, #2183, .T. ) ;
#5899 = VECTOR ( 'NONE', #9731, 1000.000000000000000 ) ;
#5900 = DIRECTION ( 'NONE',  ( 1.000000000000000000, 0.000000000000000000, 0.000000000000000000 ) ) ;
#5901 = FACE_OUTER_BOUND ( 'NONE', #4854, .T. ) ;
#5902 = DIRECTION ( 'NONE',  ( 0.000000000000000000, 0.7071067811865444641, -0.7071067811865505703 ) ) ;
#5903 = PLANE ( 'NONE',  #258 ) ;
#5904 = AXIS2_PLACEMENT_3D ( 'NONE', #3006, #10744, #11753 ) ;
#5905 = ORIENTED_EDGE ( 'NONE', *, *, #3329, .T. ) ;
#5906 = ORIENTED_EDGE ( 'NONE', *, *, #1519, .T. ) ;
#5907 = AXIS2_PLACEMENT_3D ( 'NONE', #1522, #11057, #6264 ) ;
#5908 = VERTEX_POINT ( 'NONE', #8654 ) ;
#5909 = EDGE_LOOP ( 'NONE', ( #7846, #10129, #5806, #6063 ) ) ;
#5910 = CARTESIAN_POINT ( 'NONE',  ( 63.80000000000001137, -17.50000000000000000, 13.79999999999999716 ) ) ;
#5911 = LINE ( 'NONE', #3934, #4974 ) ;
#5912 = EDGE_CURVE ( 'NONE', #7687, #4580, #5752, .T. ) ;
#5913 = VECTOR ( 'NONE', #826, 1000.000000000000000 ) ;
#5914 = DIRECTION ( 'NONE',  ( -0.000000000000000000, 1.000000000000000000, 1.404986760216307406E-16 ) ) ;
#5915 = LINE ( 'NONE', #4917, #6515 ) ;
#5916 = ORIENTED_EDGE ( 'NONE', *, *, #4143, .T. ) ;
#5917 = AXIS2_PLACEMENT_3D ( 'NONE', #7899, #8568, #10619 ) ;
#5918 = ORIENTED_EDGE ( 'NONE', *, *, #2986, .F. ) ;
#5919 = VECTOR ( 'NONE', #2399, 1000.000000000000000 ) ;
#5920 = DIRECTION ( 'NONE',  ( 0.000000000000000000, -1.000000000000000000, 0.000000000000000000 ) ) ;
#5921 = VERTEX_POINT ( 'NONE', #3871 ) ;
#5922 = CIRCLE ( 'NONE', #473, 1.000000000000000888 ) ;
#5923 = ORIENTED_EDGE ( 'NONE', *, *, #6856, .F. ) ;
#5924 = DIRECTION ( 'NONE',  ( 0.000000000000000000, -1.000000000000000000, -1.355252715606879310E-16 ) ) ;
#5925 = DIRECTION ( 'NONE',  ( 0.000000000000000000, -1.000000000000000000, -0.000000000000000000 ) ) ;
#5927 = ORIENTED_EDGE ( 'NONE', *, *, #3171, .F. ) ;
#5926 = VECTOR ( 'NONE', #5522, 1000.000000000000114 ) ;
#5928 = FACE_OUTER_BOUND ( 'NONE', #9062, .T. ) ;
#5929 = CARTESIAN_POINT ( 'NONE',  ( -1.800000000000000266, -17.50000000000000000, 40.80000000000000426 ) ) ;
#5930 = DIRECTION ( 'NONE',  ( 0.000000000000000000, -1.000000000000000000, -1.084202172485504434E-16 ) ) ;
#5931 = AXIS2_PLACEMENT_3D ( 'NONE', #6069, #6993, #2174 ) ;
#5932 = ADVANCED_FACE ( 'NONE', ( #7717 ), #1896, .F. ) ;
#5933 = DIRECTION ( 'NONE',  ( 0.000000000000000000, 0.000000000000000000, 1.000000000000000000 ) ) ;
#5934 = CARTESIAN_POINT ( 'NONE',  ( 72.31421715949529982, 12.30393073080117006, -17.72030608521776784 ) ) ;
#5935 = DIRECTION ( 'NONE',  ( 0.000000000000000000, 1.234678630588475078E-16, -1.000000000000000000 ) ) ;
#5936 = CARTESIAN_POINT ( 'NONE',  ( 4.800000000000000711, -19.10000000000000142, 8.799999999999998934 ) ) ;
#5937 = EDGE_LOOP ( 'NONE', ( #9243, #6781, #6797, #12363 ) ) ;
#5938 = CARTESIAN_POINT ( 'NONE',  ( 31.79999999999999361, -19.10000000000000142, 8.799999999999998934 ) ) ;
#5939 = AXIS2_PLACEMENT_3D ( 'NONE', #461, #8119, #2342 ) ;
#5940 = CARTESIAN_POINT ( 'NONE',  ( -1.800000000000000266, -9.500000000000001776, 4.799999999999998934 ) ) ;
#5941 = EDGE_LOOP ( 'NONE', ( #9858, #4490, #9036, #10168 ) ) ;
#5942 = ORIENTED_EDGE ( 'NONE', *, *, #4556, .T. ) ;
#5943 = DIRECTION ( 'NONE',  ( 1.000000000000000000, 0.000000000000000000, 0.000000000000000000 ) ) ;
#5944 = ORIENTED_EDGE ( 'NONE', *, *, #9939, .F. ) ;
#5945 = CARTESIAN_POINT ( 'NONE',  ( 4.799999999999999822, -17.50000000000000000, 16.80000000000000071 ) ) ;
#5946 = CARTESIAN_POINT ( 'NONE',  ( -1.800000000000000266, -6.100000000000001421, 1.599999999999999867 ) ) ;
#5947 = CARTESIAN_POINT ( 'NONE',  ( -1.800000000000000266, -9.500000000000001776, 44.79999999999999716 ) ) ;
#5948 = DIRECTION ( 'NONE',  ( -1.000000000000000000, -0.000000000000000000, -0.000000000000000000 ) ) ;
#5949 = CARTESIAN_POINT ( 'NONE',  ( 3.800000000000001155, -17.50000000000000000, 41.80000000000000426 ) ) ;
#5950 = LINE ( 'NONE', #7419, #3089 ) ;
#5951 = LINE ( 'NONE', #2780, #7016 ) ;
#5952 = EDGE_CURVE ( 'NONE', #9185, #5175, #10156, .T. ) ;
#5953 = CARTESIAN_POINT ( 'NONE',  ( 0.000000000000000000, -0.1000000000000000056, 0.000000000000000000 ) ) ;
#5954 = ORIENTED_EDGE ( 'NONE', *, *, #11633, .T. ) ;
#5955 = DIRECTION ( 'NONE',  ( 0.000000000000000000, -1.000000000000000000, -1.301042606983496980E-16 ) ) ;
#5956 = CARTESIAN_POINT ( 'NONE',  ( 3.800000000000001155, -17.50000000000000000, 46.80000000000000426 ) ) ;
#5957 = ADVANCED_FACE ( 'NONE', ( #7572 ), #5686, .F. ) ;
#5958 = CARTESIAN_POINT ( 'NONE',  ( -0.2000000000000000111, -15.90000000000001101, 6.800000000000000711 ) ) ;
#5959 = FACE_OUTER_BOUND ( 'NONE', #6746, .T. ) ;
#5960 = EDGE_CURVE ( 'NONE', #10931, #2150, #1808, .T. ) ;
#5961 = ORIENTED_EDGE ( 'NONE', *, *, #846, .F. ) ;
#5962 = VECTOR ( 'NONE', #5619, 1000.000000000000000 ) ;
#5963 = PLANE ( 'NONE',  #2688 ) ;
#5964 = AXIS2_PLACEMENT_3D ( 'NONE', #9972, #7097, #4199 ) ;
#5965 = EDGE_CURVE ( 'NONE', #1861, #7289, #6665, .T. ) ;
#5966 = EDGE_CURVE ( 'NONE', #7858, #12076, #4503, .T. ) ;
#5967 = CARTESIAN_POINT ( 'NONE',  ( 88.40000000000000568, -15.54999999999981419, 1.950000000000472244 ) ) ;
#5968 = DIRECTION ( 'NONE',  ( 0.000000000000000000, 3.001251688541188813E-16, -1.000000000000000000 ) ) ;
#5969 = ORIENTED_EDGE ( 'NONE', *, *, #7515, .T. ) ;
#5970 = EDGE_CURVE ( 'NONE', #5867, #3614, #5740, .T. ) ;
#5971 = VECTOR ( 'NONE', #24, 1000.000000000000000 ) ;
#5972 = ORIENTED_EDGE ( 'NONE', *, *, #11240, .F. ) ;
#5973 = CARTESIAN_POINT ( 'NONE',  ( 0.000000000000000000, -0.1000000000000000056, 56.84969335805276103 ) ) ;
#5974 = VECTOR ( 'NONE', #9779, 1000.000000000000000 ) ;
#5975 = DIRECTION ( 'NONE',  ( 0.000000000000000000, 1.000000000000000000, 0.000000000000000000 ) ) ;
#5976 = DIRECTION ( 'NONE',  ( 0.000000000000000000, 0.000000000000000000, 1.000000000000000000 ) ) ;
#5977 = FACE_BOUND ( 'NONE', #6443, .T. ) ;
#5978 = DIRECTION ( 'NONE',  ( 0.000000000000000000, -0.000000000000000000, 1.000000000000000000 ) ) ;
#5979 = ADVANCED_FACE ( 'NONE', ( #12118 ), #596, .F. ) ;
#5980 = DIRECTION ( 'NONE',  ( 0.000000000000000000, 2.110556468111117249E-16, -1.000000000000000000 ) ) ;
#5981 = DIRECTION ( 'NONE',  ( 0.000000000000000000, 0.000000000000000000, -1.000000000000000000 ) ) ;
#5982 = CARTESIAN_POINT ( 'NONE',  ( -1.415906012305577777, -12.58891131607817648, -16.92055843299003115 ) ) ;
#5983 = DIRECTION ( 'NONE',  ( 0.000000000000000000, -1.000000000000000000, -1.234678630588475078E-16 ) ) ;
#5984 = DIRECTION ( 'NONE',  ( 0.000000000000000000, 1.000000000000000000, -0.000000000000000000 ) ) ;
#5985 = ORIENTED_EDGE ( 'NONE', *, *, #7915, .T. ) ;
#5986 = DIRECTION ( 'NONE',  ( 0.000000000000000000, 0.000000000000000000, -1.000000000000000000 ) ) ;
#5987 = FACE_OUTER_BOUND ( 'NONE', #2230, .T. ) ;
#5988 = DIRECTION ( 'NONE',  ( 1.000000000000000000, -0.000000000000000000, -0.000000000000000000 ) ) ;
#5989 = VECTOR ( 'NONE', #9416, 1000.000000000000000 ) ;
#5990 = ORIENTED_EDGE ( 'NONE', *, *, #5051, .F. ) ;
#5991 = CARTESIAN_POINT ( 'NONE',  ( 70.60000000000000853, -18.69999999999998863, -5.612340657572019333E-15 ) ) ;
#5992 = EDGE_CURVE ( 'NONE', #3344, #7011, #1203, .T. ) ;
#5993 = DIRECTION ( 'NONE',  ( -0.000000000000000000, 0.000000000000000000, 1.000000000000000000 ) ) ;
#5994 = EDGE_CURVE ( 'NONE', #2865, #4253, #10298, .T. ) ;
#5995 = FACE_OUTER_BOUND ( 'NONE', #10930, .T. ) ;
#5996 = EDGE_LOOP ( 'NONE', ( #1075, #9604, #7167, #774 ) ) ;
#5997 = ADVANCED_FACE ( 'NONE', ( #10006 ), #2031, .T. ) ;
#5998 = LINE ( 'NONE', #10057, #5673 ) ;
#5999 = ORIENTED_EDGE ( 'NONE', *, *, #11219, .F. ) ;
#6000 = VECTOR ( 'NONE', #3375, 1000.000000000000000 ) ;
#6001 = VERTEX_POINT ( 'NONE', #1993 ) ;
#6002 = DIRECTION ( 'NONE',  ( 0.000000000000000000, 0.000000000000000000, -1.000000000000000000 ) ) ;
#6003 = ORIENTED_EDGE ( 'NONE', *, *, #12461, .F. ) ;
#6004 = DIRECTION ( 'NONE',  ( -0.000000000000000000, 1.000000000000000000, 3.001251688541188813E-16 ) ) ;
#6005 = LINE ( 'NONE', #2586, #10711 ) ;
#6006 = AXIS2_PLACEMENT_3D ( 'NONE', #10975, #11952, #1314 ) ;
#6007 = LINE ( 'NONE', #4246, #8399 ) ;
#6008 = CARTESIAN_POINT ( 'NONE',  ( 70.40000000000000568, -11.30000000000000959, 57.79999999999999716 ) ) ;
#6009 = LINE ( 'NONE', #1476, #12222 ) ;
#6010 = AXIS2_PLACEMENT_3D ( 'NONE', #7056, #1249, #11965 ) ;
#6011 = CARTESIAN_POINT ( 'NONE',  ( 87.10000000000009379, -17.20000000000010942, 54.39999999999972857 ) ) ;
#6012 = EDGE_CURVE ( 'NONE', #8096, #5703, #6, .T. ) ;
#6013 = VECTOR ( 'NONE', #8693, 1000.000000000000000 ) ;
#6014 = PLANE ( 'NONE',  #5931 ) ;
#6015 = ORIENTED_EDGE ( 'NONE', *, *, #3404, .F. ) ;
#6016 = VERTEX_POINT ( 'NONE', #169 ) ;
#6017 = AXIS2_PLACEMENT_3D ( 'NONE', #4400, #3338, #2458 ) ;
#6018 = ORIENTED_EDGE ( 'NONE', *, *, #8370, .F. ) ;
#6019 = VECTOR ( 'NONE', #11574, 1000.000000000000000 ) ;
#6020 = DIRECTION ( 'NONE',  ( 1.000000000000000000, 0.000000000000000000, 0.000000000000000000 ) ) ;
#6021 = CARTESIAN_POINT ( 'NONE',  ( 35.80000000000000426, -19.10000000000000142, 25.79999999999999361 ) ) ;
#6022 = VERTEX_POINT ( 'NONE', #2074 ) ;
#6023 = CARTESIAN_POINT ( 'NONE',  ( 86.72160515535591685, -9.731897137224361671, -17.71414268452868157 ) ) ;
#6024 = FACE_OUTER_BOUND ( 'NONE', #3098, .T. ) ;
#6025 = CARTESIAN_POINT ( 'NONE',  ( 72.14483380378682398, 12.60443016395431748, -17.69088693320101413 ) ) ;
#6026 = CARTESIAN_POINT ( 'NONE',  ( 3.533333333333305681, -14.55400521080662379, -15.96222222222223586 ) ) ;
#6027 = DIRECTION ( 'NONE',  ( 1.000000000000000000, 0.000000000000000000, 0.000000000000000000 ) ) ;
#6028 = AXIS2_PLACEMENT_3D ( 'NONE', #2994, #5885, #9743 ) ;
#6029 = ORIENTED_EDGE ( 'NONE', *, *, #910, .F. ) ;
#6030 = VECTOR ( 'NONE', #10374, 1000.000000000000000 ) ;
#6031 = CARTESIAN_POINT ( 'NONE',  ( 1.399999999999984590, -17.50000000000000000, -2.755455298081544778E-15 ) ) ;
#6032 = CARTESIAN_POINT ( 'NONE',  ( 70.82407801452494311, -13.08048315848711773, -16.65987545358485988 ) ) ;
#6033 = DIRECTION ( 'NONE',  ( 0.000000000000000000, -1.000000000000000000, 0.000000000000000000 ) ) ;
#6034 = ORIENTED_EDGE ( 'NONE', *, *, #8370, .T. ) ;
#6035 = ORIENTED_EDGE ( 'NONE', *, *, #4714, .T. ) ;
#6036 = ADVANCED_FACE ( 'NONE', ( #3764 ), #82, .F. ) ;
#6037 = VERTEX_POINT ( 'NONE', #1042 ) ;
#6038 = CARTESIAN_POINT ( 'NONE',  ( -1.586864808740090949, -13.11790586740276154, -16.63844351088205187 ) ) ;
#6039 = DIRECTION ( 'NONE',  ( -1.000000000000000000, 0.000000000000000000, 0.000000000000000000 ) ) ;
#6040 = EDGE_LOOP ( 'NONE', ( #2562, #12182, #8211, #4139 ) ) ;
#6041 = EDGE_CURVE ( 'NONE', #4860, #2182, #7283, .T. ) ;
#6042 = CARTESIAN_POINT ( 'NONE',  ( 14.19999999999999041, -0.09999999999999882594, 56.84969335805276103 ) ) ;
#6043 = CARTESIAN_POINT ( 'NONE',  ( 1.400000000000012346, -17.50000000000000000, -2.755455298081544778E-15 ) ) ;
#6044 = CIRCLE ( 'NONE', #4192, 1.000000000000000888 ) ;
#6045 = CARTESIAN_POINT ( 'NONE',  ( 31.80000000000000071, -19.10000000000000142, 37.79999999999999716 ) ) ;
#6046 = EDGE_CURVE ( 'NONE', #3022, #9045, #11203, .T. ) ;
#6047 = CARTESIAN_POINT ( 'NONE',  ( -1.000000000000000000, -3.045900930049277200, 19.89936534720461481 ) ) ;
#6048 = EDGE_LOOP ( 'NONE', ( #3785, #331, #10309, #4014 ) ) ;
#6049 = LINE ( 'NONE', #1158, #127 ) ;
#6050 = EDGE_LOOP ( 'NONE', ( #10092, #2329, #2161, #9747, #8071, #864, #1211, #6481 ) ) ;
#6051 = ORIENTED_EDGE ( 'NONE', *, *, #4258, .F. ) ;
#6052 = VECTOR ( 'NONE', #5289, 1000.000000000000000 ) ;
#6053 = ORIENTED_EDGE ( 'NONE', *, *, #8681, .T. ) ;
#6054 = PLANE ( 'NONE',  #623 ) ;
#6055 = ADVANCED_FACE ( 'NONE', ( #2441 ), #4859, .T. ) ;
#6056 = CARTESIAN_POINT ( 'NONE',  ( 88.40000000000000568, -0.1000000000000000056, 0.000000000000000000 ) ) ;
#6057 = EDGE_CURVE ( 'NONE', #5820, #10208, #3192, .T. ) ;
#6058 = VERTEX_POINT ( 'NONE', #3906 ) ;
#6059 = LINE ( 'NONE', #1237, #1346 ) ;
#6060 = DIRECTION ( 'NONE',  ( 1.000000000000000000, -0.000000000000000000, -0.000000000000000000 ) ) ;
#6061 = ORIENTED_EDGE ( 'NONE', *, *, #2803, .T. ) ;
#6062 = EDGE_CURVE ( 'NONE', #4360, #3247, #6162, .T. ) ;
#6063 = ORIENTED_EDGE ( 'NONE', *, *, #4218, .F. ) ;
#6064 = CIRCLE ( 'NONE', #2564, 1.000000000000000888 ) ;
#6065 = CARTESIAN_POINT ( 'NONE',  ( 62.80000000000001137, -19.10000000000000142, 26.79999999999999361 ) ) ;
#6066 = ORIENTED_EDGE ( 'NONE', *, *, #3692, .T. ) ;
#6067 = CARTESIAN_POINT ( 'NONE',  ( -1.800000000000000266, -9.500000000000001776, 34.79999999999999716 ) ) ;
#6068 = CARTESIAN_POINT ( 'NONE',  ( -0.2000000000000000111, -9.500000000000001776, 30.80000000000000071 ) ) ;
#6069 = CARTESIAN_POINT ( 'NONE',  ( -0.8000000000000001554, 0.000000000000000000, 0.000000000000000000 ) ) ;
#6070 = CIRCLE ( 'NONE', #9415, 1.000000000000000888 ) ;
#6071 = CARTESIAN_POINT ( 'NONE',  ( 3.193178410902116404, -12.01063098918104899, -17.17558472118028945 ) ) ;
#6072 = DIRECTION ( 'NONE',  ( 0.7071067811865474617, -0.000000000000000000, -0.7071067811865474617 ) ) ;
#6073 = CARTESIAN_POINT ( 'NONE',  ( 66.40000000000000568, -9.200000000000118305, -1.800000000000000044 ) ) ;
#6074 = VERTEX_POINT ( 'NONE', #11875 ) ;
#6075 = VECTOR ( 'NONE', #3241, 1000.000000000000000 ) ;
#6076 = CARTESIAN_POINT ( 'NONE',  ( 4.799999999999999822, -17.50000000000000355, 29.80000000000000071 ) ) ;
#6077 = CARTESIAN_POINT ( 'NONE',  ( 59.79999999999999716, -15.90000000000000391, 56.20000000000000284 ) ) ;
#6078 = CIRCLE ( 'NONE', #7513, 1.000000000000000888 ) ;
#6079 = CARTESIAN_POINT ( 'NONE',  ( 34.80000000000000426, -17.50000000000000000, 9.799999999999998934 ) ) ;
#6080 = CARTESIAN_POINT ( 'NONE',  ( 88.22245390093515027, -13.24168496857639887, -16.56682894894361979 ) ) ;
#6081 = VECTOR ( 'NONE', #8107, 1000.000000000000000 ) ;
#6082 = ORIENTED_EDGE ( 'NONE', *, *, #2596, .T. ) ;
#6083 = CARTESIAN_POINT ( 'NONE',  ( -1.400000000000012346, -19.10000000000001208, 57.39999999999999858 ) ) ;
#6084 = EDGE_CURVE ( 'NONE', #11113, #11977, #6070, .T. ) ;
#6085 = CARTESIAN_POINT ( 'NONE',  ( -1.800000000000000266, -3.100000000000058265, 3.599999999999999645 ) ) ;
#6086 = ORIENTED_EDGE ( 'NONE', *, *, #3626, .T. ) ;
#6087 = VERTEX_POINT ( 'NONE', #6928 ) ;
#6088 = LINE ( 'NONE', #10097, #10773 ) ;
#6089 = ORIENTED_EDGE ( 'NONE', *, *, #6373, .T. ) ;
#6090 = DIRECTION ( 'NONE',  ( -0.000000000000000000, 1.000000000000000000, -0.000000000000000000 ) ) ;
#6091 = CARTESIAN_POINT ( 'NONE',  ( -0.2000000000000000111, -15.90000000000003233, 56.20000000000000284 ) ) ;
#6092 = AXIS2_PLACEMENT_3D ( 'NONE', #12315, #654, #7443 ) ;
#6093 = VERTEX_POINT ( 'NONE', #4021 ) ;
#6094 = ORIENTED_EDGE ( 'NONE', *, *, #8634, .T. ) ;
#6095 = CARTESIAN_POINT ( 'NONE',  ( 31.80000000000000071, -17.50000000000000000, 24.80000000000000071 ) ) ;
#6096 = EDGE_CURVE ( 'NONE', #4626, #10816, #9380, .T. ) ;
#6097 = VECTOR ( 'NONE', #6634, 1000.000000000000000 ) ;
#6098 = DIRECTION ( 'NONE',  ( 1.000000000000000000, -0.000000000000000000, -0.000000000000000000 ) ) ;
#6099 = VERTEX_POINT ( 'NONE', #6085 ) ;
#6100 = EDGE_LOOP ( 'NONE', ( #6943, #1688, #10990, #6358, #8394 ) ) ;
#6101 = FACE_BOUND ( 'NONE', #5028, .T. ) ;
#6102 = ADVANCED_FACE ( 'NONE', ( #7130 ), #7700, .F. ) ;
#6103 = PLANE ( 'NONE',  #4117 ) ;
#6104 = ORIENTED_EDGE ( 'NONE', *, *, #2448, .T. ) ;
#6105 = CIRCLE ( 'NONE', #6174, 1.000000000000000888 ) ;
#6106 = DIRECTION ( 'NONE',  ( -0.000000000000000000, 0.000000000000000000, -1.000000000000000000 ) ) ;
#6107 = DIRECTION ( 'NONE',  ( 0.000000000000000000, 0.000000000000000000, 1.000000000000000000 ) ) ;
#6108 = VECTOR ( 'NONE', #9693, 1000.000000000000000 ) ;
#6109 = CARTESIAN_POINT ( 'NONE',  ( 2.028931749487280722, -9.549212289010499788, -17.72695893045091609 ) ) ;
#6110 = VERTEX_POINT ( 'NONE', #2111 ) ;
#6111 = CARTESIAN_POINT ( 'NONE',  ( 1.400000000000012568, -17.50000000000000355, 24.80000000000000071 ) ) ;
#6112 = CARTESIAN_POINT ( 'NONE',  ( -1.800000000000000266, -9.500000000000001776, 44.79999999999999716 ) ) ;
#6113 = ADVANCED_FACE ( 'NONE', ( #12274 ), #10823, .F. ) ;
#6114 = AXIS2_PLACEMENT_3D ( 'NONE', #3530, #4472, #8415 ) ;
#6115 = DIRECTION ( 'NONE',  ( 0.000000000000000000, 1.955719815080955213E-16, -1.000000000000000000 ) ) ;
#6116 = PLANE ( 'NONE',  #3865 ) ;
#6117 = CIRCLE ( 'NONE', #4511, 1.000000000000000888 ) ;
#6118 = DIRECTION ( 'NONE',  ( 0.000000000000000000, -0.7071067811865483499, 0.7071067811865467956 ) ) ;
#6119 = CARTESIAN_POINT ( 'NONE',  ( 34.80000000000000426, -19.10000000000000142, 38.79999999999999716 ) ) ;
#6120 = ORIENTED_EDGE ( 'NONE', *, *, #6041, .T. ) ;
#6121 = FACE_OUTER_BOUND ( 'NONE', #792, .T. ) ;
#6122 = VECTOR ( 'NONE', #5844, 999.9999999999998863 ) ;
#6123 = CARTESIAN_POINT ( 'NONE',  ( 31.80000000000000071, -19.10000000000000142, 34.79999999999999716 ) ) ;
#6124 = CARTESIAN_POINT ( 'NONE',  ( -0.8000000000000001554, -0.09999999999999982514, 1.600000000000000089 ) ) ;
#6125 = EDGE_LOOP ( 'NONE', ( #5708, #4688, #7485, #10021 ) ) ;
#6126 = DIRECTION ( 'NONE',  ( 1.000000000000000000, -0.000000000000000000, -0.000000000000000000 ) ) ;
#6127 = ORIENTED_EDGE ( 'NONE', *, *, #3770, .T. ) ;
#6128 = VECTOR ( 'NONE', #10724, 1000.000000000000000 ) ;
#6129 = CARTESIAN_POINT ( 'NONE',  ( -4.200000000000017941, -11.90000000000005365, 34.79999999999999716 ) ) ;
#6130 = EDGE_CURVE ( 'NONE', #6246, #4809, #10903, .T. ) ;
#6131 = LINE ( 'NONE', #4852, #4424 ) ;
#6132 = ORIENTED_EDGE ( 'NONE', *, *, #755, .F. ) ;
#6133 = VECTOR ( 'NONE', #12444, 1000.000000000000000 ) ;
#6134 = DIRECTION ( 'NONE',  ( 0.000000000000000000, 0.000000000000000000, 1.000000000000000000 ) ) ;
#6135 = EDGE_CURVE ( 'NONE', #4597, #467, #2713, .T. ) ;
#6136 = LINE ( 'NONE', #8369, #11888 ) ;
#6137 = FACE_OUTER_BOUND ( 'NONE', #11465, .T. ) ;
#6138 = DIRECTION ( 'NONE',  ( 0.000000000000000000, -1.234678630588475078E-16, 1.000000000000000000 ) ) ;
#6139 = ORIENTED_EDGE ( 'NONE', *, *, #909, .T. ) ;
#6140 = DIRECTION ( 'NONE',  ( 0.000000000000000000, 0.000000000000000000, -1.000000000000000000 ) ) ;
#6141 = ORIENTED_EDGE ( 'NONE', *, *, #1341, .T. ) ;
#6142 = VECTOR ( 'NONE', #11134, 1000.000000000000000 ) ;
#6143 = EDGE_CURVE ( 'NONE', #10875, #6281, #4049, .T. ) ;
#6144 = LINE ( 'NONE', #10227, #8384 ) ;
#6145 = CARTESIAN_POINT ( 'NONE',  ( -1.800000000000000266, -9.500000000000001776, 24.80000000000000071 ) ) ;
#6146 = AXIS2_PLACEMENT_3D ( 'NONE', #6045, #7967, #8989 ) ;
#6147 = DIRECTION ( 'NONE',  ( -0.000000000000000000, 0.2079116908177566780, 0.9781476007338061329 ) ) ;
#6148 = EDGE_CURVE ( 'NONE', #6708, #8077, #9516, .T. ) ;
#6149 = VECTOR ( 'NONE', #5988, 1000.000000000000000 ) ;
#6150 = CARTESIAN_POINT ( 'NONE',  ( 70.60000000000000853, 9.823197995883754530, -12.34543115421777415 ) ) ;
#6151 = EDGE_CURVE ( 'NONE', #8457, #11684, #5556, .T. ) ;
#6152 = CARTESIAN_POINT ( 'NONE',  ( 86.69445106943931023, -9.678280666248529229, -17.71841987155406528 ) ) ;
#6153 = CARTESIAN_POINT ( 'NONE',  ( 70.60000000000000853, -18.70000000000001350, -1.800000000000000044 ) ) ;
#6154 = DIRECTION ( 'NONE',  ( -1.000000000000000000, 1.400000000000014387E-14, 1.399999999999985673E-14 ) ) ;
#6155 = CIRCLE ( 'NONE', #37, 1.000000000000000000 ) ;
#6156 = CARTESIAN_POINT ( 'NONE',  ( 29.84999999996616893, -3.899999999944430584, -0.2000000000000006217 ) ) ;
#6157 = ORIENTED_EDGE ( 'NONE', *, *, #11168, .F. ) ;
#6158 = CARTESIAN_POINT ( 'NONE',  ( 87.51423341113539323, -11.36336674988788253, -17.40523385655692223 ) ) ;
#6159 = ORIENTED_EDGE ( 'NONE', *, *, #11726, .T. ) ;
#6160 = ADVANCED_FACE ( 'NONE', ( #3326 ), #12080, .F. ) ;
#6161 = CARTESIAN_POINT ( 'NONE',  ( 4.799999999999999822, -17.50000000000000355, 25.80000000000000071 ) ) ;
#6162 = B_SPLINE_CURVE_WITH_KNOTS ( 'NONE', 3,
 ( #931, #11533, #7804, #8729, #5893, #8646, #9669, #4742, #10646, #9713, #10693, #1883, #11624, #11670, #9793, #12508, #7679, #5853, #6714, #2024, #891, #8774, #3003, #2869, #7721, #9617, #3812, #9748, #5813, #3946, #10737, #10602, #5768, #4786, #111, #6887, #1070, #3855, #12557, #32, #6755, #8862, #7886, #7055, #11921, #4945, #3240, #2281, #10018, #11834, #10865, #5982, #4096, #7103, #6969, #314, #3081, #8049, #6038, #1245, #7926, #233, #7008, #8011, #11797, #10780, #10950, #11747, #9931, #5070 ),
 .UNSPECIFIED., .F., .F.,
 ( 4, 2, 1, 1, 1, 2, 2, 2, 1, 1, 2, 2, 2, 1, 1, 1, 2, 2, 2, 1, 1, 2, 2, 2, 1, 1, 2, 2, 2, 1, 1, 2, 2, 2, 1, 1, 2, 2, 2, 1, 1, 2, 2, 4 ),
 ( 0.000000000000000000, 0.03124999999999476114, 0.04687499999999176353, 0.05468749999999023004, 0.05859374999998950145, 0.06054687499998971656, 0.06249999999998993860, 0.09374999999998799571, 0.1093749999999870937, 0.1171874999999870243, 0.1210937499999865247, 0.1249999999999860112, 0.1874999999999751310, 0.2187499999999697187, 0.2343749999999669986, 0.2421874999999660549, 0.2460937499999660272, 0.2499999999999659717, 0.3124999999999675815, 0.3437499999999688027, 0.3593749999999698019, 0.3671874999999700795, 0.3749999999999703570, 0.4374999999999710232, 0.4687499999999715228, 0.4843749999999720224, 0.4921874999999722999, 0.4999999999999724665, 0.5624999999999726885, 0.5937499999999730216, 0.6093749999999733546, 0.6171874999999737987, 0.6249999999999742428, 0.6874999999999784617, 0.7187499999999809042, 0.7343749999999820144, 0.7421874999999830136, 0.7499999999999840128, 0.8124999999999900080, 0.8437499999999933387, 0.8593749999999945599, 0.8671874999999953371, 0.8749999999999960032, 1.000000000000000000 ),
 .UNSPECIFIED. ) ;
#6163 = DIRECTION ( 'NONE',  ( 0.000000000000000000, -1.234678630588475078E-16, 1.000000000000000000 ) ) ;
#6164 = DIRECTION ( 'NONE',  ( -1.400000000000000345E-14, -1.000000000000000000, 9.999999999999999988E-15 ) ) ;
#6165 = ORIENTED_EDGE ( 'NONE', *, *, #10360, .T. ) ;
#6166 = LINE ( 'NONE', #9396, #10242 ) ;
#6167 = CYLINDRICAL_SURFACE ( 'NONE', #9254, 0.9999999999999991118 ) ;
#6168 = CYLINDRICAL_SURFACE ( 'NONE', #7840, 1.000000000000000888 ) ;
#6169 = DIRECTION ( 'NONE',  ( 1.000000000000000000, -1.311074900679422674E-14, -1.842042877106499206E-30 ) ) ;
#6170 = DIRECTION ( 'NONE',  ( -0.000000000000000000, 1.000000000000000000, -0.000000000000000000 ) ) ;
#6171 = ADVANCED_FACE ( 'NONE', ( #5728 ), #2476, .F. ) ;
#6172 = DIRECTION ( 'NONE',  ( 0.000000000000000000, 0.000000000000000000, -1.000000000000000000 ) ) ;
#6173 = ORIENTED_EDGE ( 'NONE', *, *, #8302, .T. ) ;
#6174 = AXIS2_PLACEMENT_3D ( 'NONE', #982, #7772, #1990 ) ;
#6175 = VERTEX_POINT ( 'NONE', #12121 ) ;
#6176 = DIRECTION ( 'NONE',  ( 0.000000000000000000, 0.000000000000000000, 1.000000000000000000 ) ) ;
#6177 = ORIENTED_EDGE ( 'NONE', *, *, #3763, .F. ) ;
#6178 = DIRECTION ( 'NONE',  ( -1.000000000000000000, 0.000000000000000000, 0.000000000000000000 ) ) ;
#6179 = CIRCLE ( 'NONE', #8223, 2.799999999999997158 ) ;
#6180 = AXIS2_PLACEMENT_3D ( 'NONE', #3181, #2293, #10883 ) ;
#6181 = VERTEX_POINT ( 'NONE', #11963 ) ;
#6182 = DIRECTION ( 'NONE',  ( 0.000000000000000000, -1.084202172485503448E-16, 1.000000000000000000 ) ) ;
#6183 = CARTESIAN_POINT ( 'NONE',  ( 4.799999999999999822, -19.10000000000000142, 36.79999999999999716 ) ) ;
#6184 = VERTEX_POINT ( 'NONE', #1445 ) ;
#6185 = AXIS2_PLACEMENT_3D ( 'NONE', #10165, #11136, #5294 ) ;
#6186 = CARTESIAN_POINT ( 'NONE',  ( 2.494389046745891569, -10.47879774365804018, -17.61559042782594631 ) ) ;
#6187 = CARTESIAN_POINT ( 'NONE',  ( 3.799999999999999822, -18.69999999999997797, -5.612340657572016178E-15 ) ) ;
#6188 = ORIENTED_EDGE ( 'NONE', *, *, #12391, .T. ) ;
#6189 = ORIENTED_EDGE ( 'NONE', *, *, #2745, .T. ) ;
#6190 = CARTESIAN_POINT ( 'NONE',  ( 9.600000000000001421, -17.50000000000000000, 49.29999999999999716 ) ) ;
#6191 = VECTOR ( 'NONE', #8169, 1000.000000000000000 ) ;
#6192 = ORIENTED_EDGE ( 'NONE', *, *, #12405, .F. ) ;
#6193 = CARTESIAN_POINT ( 'NONE',  ( 35.80000000000000426, -19.10000000000000142, 28.79999999999999716 ) ) ;
#6194 = AXIS2_PLACEMENT_3D ( 'NONE', #4900, #11709, #10821 ) ;
#6195 = CARTESIAN_POINT ( 'NONE',  ( 88.39999367230960559, -14.30343153187115313, -15.82554177794882122 ) ) ;
#6196 = VECTOR ( 'NONE', #472, 1000.000000000000000 ) ;
#6197 = CARTESIAN_POINT ( 'NONE',  ( 4.800000000000001599, -19.10000000000000853, 44.79999999999999716 ) ) ;
#6198 = ORIENTED_EDGE ( 'NONE', *, *, #9698, .F. ) ;
#6199 = EDGE_CURVE ( 'NONE', #7759, #346, #8444, .T. ) ;
#6200 = CARTESIAN_POINT ( 'NONE',  ( -1.800000000000000266, -17.50000000000000000, 4.799999999999998934 ) ) ;
#6201 = FACE_OUTER_BOUND ( 'NONE', #7339, .T. ) ;
#6202 = CARTESIAN_POINT ( 'NONE',  ( -1.799999999999999378, -3.200000000000001510, -1.800000000000000044 ) ) ;
#6203 = EDGE_CURVE ( 'NONE', #1351, #10118, #5253, .T. ) ;
#6204 = DIRECTION ( 'NONE',  ( -0.000000000000000000, 1.000000000000000000, 3.001251688541188813E-16 ) ) ;
#6205 = VERTEX_POINT ( 'NONE', #9227 ) ;
#6206 = DIRECTION ( 'NONE',  ( 1.000000000000000000, 0.000000000000000000, 0.000000000000000000 ) ) ;
#6207 = DIRECTION ( 'NONE',  ( 0.000000000000000000, 0.000000000000000000, -1.000000000000000000 ) ) ;
#6208 = ORIENTED_EDGE ( 'NONE', *, *, #12464, .F. ) ;
#6209 = ORIENTED_EDGE ( 'NONE', *, *, #11808, .F. ) ;
#6210 = CARTESIAN_POINT ( 'NONE',  ( -0.2000000000000000111, -15.90000000000001457, 24.80000000000000071 ) ) ;
#6211 = EDGE_CURVE ( 'NONE', #11559, #6300, #7274, .T. ) ;
#6212 = CARTESIAN_POINT ( 'NONE',  ( 71.19101016499219270, -13.19246737952026827, -16.86501151819669886 ) ) ;
#6213 = AXIS2_PLACEMENT_3D ( 'NONE', #3491, #10259, #9319 ) ;
#6214 = EDGE_CURVE ( 'NONE', #5009, #3614, #12403, .T. ) ;
#6215 = ADVANCED_FACE ( 'NONE', ( #1497 ), #11191, .F. ) ;
#6216 = DIRECTION ( 'NONE',  ( 0.000000000000000000, 0.000000000000000000, -1.000000000000000000 ) ) ;
#6217 = EDGE_CURVE ( 'NONE', #6251, #8768, #10289, .T. ) ;
#6218 = EDGE_CURVE ( 'NONE', #3858, #6417, #6960, .T. ) ;
#6219 = VERTEX_POINT ( 'NONE', #12027 ) ;
#6220 = ORIENTED_EDGE ( 'NONE', *, *, #10664, .F. ) ;
#6221 = CARTESIAN_POINT ( 'NONE',  ( 86.53227383572544795, -9.437745251740636832, -17.73429716709815196 ) ) ;
#6223 = VERTEX_POINT ( 'NONE', #6240 ) ;
#6222 = LINE ( 'NONE', #2008, #9709 ) ;
#6224 = DIRECTION ( 'NONE',  ( 1.000000000000000000, -0.000000000000000000, -0.000000000000000000 ) ) ;
#6225 = CARTESIAN_POINT ( 'NONE',  ( 62.80000000000001137, -19.10000000000000853, 45.79999999999999005 ) ) ;
#6226 = CARTESIAN_POINT ( 'NONE',  ( -1.800000000000000266, -9.500000000000001776, 26.80000000000000071 ) ) ;
#6227 = DIRECTION ( 'NONE',  ( 1.000000000000000000, -1.400000000000000345E-14, -1.966981464302830696E-30 ) ) ;
#6228 = VERTEX_POINT ( 'NONE', #10988 ) ;
#6229 = DIRECTION ( 'NONE',  ( -0.000000000000000000, 0.7071067811865505703, 0.7071067811865444641 ) ) ;
#6230 = ADVANCED_FACE ( 'NONE', ( #6332 ), #4305, .T. ) ;
#6231 = DIRECTION ( 'NONE',  ( 0.000000000000000000, 0.000000000000000000, -1.000000000000000000 ) ) ;
#6232 = FACE_BOUND ( 'NONE', #5518, .T. ) ;
#6233 = ORIENTED_EDGE ( 'NONE', *, *, #5970, .T. ) ;
#6234 = EDGE_CURVE ( 'NONE', #227, #12293, #4663, .T. ) ;
#6235 = CYLINDRICAL_SURFACE ( 'NONE', #2362, 1.000000000000000888 ) ;
#6236 = DIRECTION ( 'NONE',  ( -1.000000000000000000, 0.000000000000000000, -0.000000000000000000 ) ) ;
#6237 = CARTESIAN_POINT ( 'NONE',  ( 88.35790277797357817, -13.87688169144306194, -16.14906783521568201 ) ) ;
#6238 = FACE_OUTER_BOUND ( 'NONE', #1947, .T. ) ;
#6239 = EDGE_CURVE ( 'NONE', #4722, #4059, #11053, .T. ) ;
#6240 = CARTESIAN_POINT ( 'NONE',  ( -1.800000000000000266, -17.50000000000000000, 8.799999999999995381 ) ) ;
#6241 = CARTESIAN_POINT ( 'NONE',  ( -1.800000000000000266, -0.2000000000003226419, 34.24999999999941025 ) ) ;
#6242 = B_SPLINE_CURVE_WITH_KNOTS ( 'NONE', 3,
 ( #8853, #1062, #4083, #264, #5934, #6025, #7917, #7836, #10815, #222, #3197, #4890, #2046, #6999, #11701, #1186, #5883, #3072 ),
 .UNSPECIFIED., .F., .F.,
 ( 4, 2, 2, 2, 2, 2, 2, 2, 4 ),
 ( -1.574802300843305519E-05, 0.0003295906482096049635, 0.0006749293194276429755, 0.001365606661863698508, 0.002056284004299753932, 0.002746961346735809356, 0.004128316031607903724, 0.004818993374043956113, 0.005509670716480008501 ),
 .UNSPECIFIED. ) ;
#6243 = PLANE ( 'NONE',  #12334 ) ;
#6244 = DIRECTION ( 'NONE',  ( 0.000000000000000000, -1.000000000000000000, -1.234678630588475078E-16 ) ) ;
#6245 = CARTESIAN_POINT ( 'NONE',  ( 41.99999999996699529, -3.900000000034580694, -1.800000000000000044 ) ) ;
#6246 = VERTEX_POINT ( 'NONE', #389 ) ;
#6247 = DIRECTION ( 'NONE',  ( -0.000000000000000000, -0.000000000000000000, 1.000000000000000000 ) ) ;
#6248 = DIRECTION ( 'NONE',  ( -0.000000000000000000, 1.000000000000000000, 3.001251688541188813E-16 ) ) ;
#6249 = CARTESIAN_POINT ( 'NONE',  ( 70.60000000000000853, 11.79999999999999893, -11.50000000000000000 ) ) ;
#6250 = AXIS2_PLACEMENT_3D ( 'NONE', #5396, #5348, #563 ) ;
#6251 = VERTEX_POINT ( 'NONE', #11066 ) ;
#6252 = CARTESIAN_POINT ( 'NONE',  ( 84.40000000000000568, -0.09999999999999889533, 57.79999999999999716 ) ) ;
#6253 = LINE ( 'NONE', #3867, #2765 ) ;
#6254 = EDGE_CURVE ( 'NONE', #6980, #11206, #2701, .T. ) ;
#6255 = CARTESIAN_POINT ( 'NONE',  ( 72.16170429181049428, -10.22737896980248529, -17.67625962445782761 ) ) ;
#6256 = AXIS2_PLACEMENT_3D ( 'NONE', #7683, #9677, #5730 ) ;
#6257 = FACE_BOUND ( 'NONE', #5702, .T. ) ;
#6258 = EDGE_LOOP ( 'NONE', ( #11445, #9010, #3285, #115 ) ) ;
#6259 = CIRCLE ( 'NONE', #11204, 1.000000000000000000 ) ;
#6260 = ORIENTED_EDGE ( 'NONE', *, *, #594, .T. ) ;
#6261 = CARTESIAN_POINT ( 'NONE',  ( 87.35372120396709761, -11.64169242059863763, -17.41178326160339296 ) ) ;
#6262 = AXIS2_PLACEMENT_3D ( 'NONE', #4680, #3795, #6649 ) ;
#6263 = ORIENTED_EDGE ( 'NONE', *, *, #761, .T. ) ;
#6264 = DIRECTION ( 'NONE',  ( 0.000000000000000000, 0.000000000000000000, -1.000000000000000000 ) ) ;
#6265 = EDGE_LOOP ( 'NONE', ( #4042, #1261, #2791, #8112 ) ) ;
#6266 = LINE ( 'NONE', #1671, #790 ) ;
#6267 = VECTOR ( 'NONE', #5489, 1000.000000000000000 ) ;
#6268 = CARTESIAN_POINT ( 'NONE',  ( 84.20000000000001705, 13.94999999999999929, -11.50000000000000000 ) ) ;
#6269 = AXIS2_PLACEMENT_3D ( 'NONE', #11162, #2365, #2493 ) ;
#6270 = CARTESIAN_POINT ( 'NONE',  ( 87.93897789631859041, -13.86318290930059938, -16.53364112356638671 ) ) ;
#6271 = VERTEX_POINT ( 'NONE', #2518 ) ;
#6272 = CARTESIAN_POINT ( 'NONE',  ( 87.11286298576526121, -10.51653193478783344, -17.60867195344387071 ) ) ;
#6273 = ADVANCED_FACE ( 'NONE', ( #10741 ), #1652, .F. ) ;
#6274 = FACE_OUTER_BOUND ( 'NONE', #11860, .T. ) ;
#6275 = DIRECTION ( 'NONE',  ( 0.000000000000000000, 0.000000000000000000, -1.000000000000000000 ) ) ;
#6276 = DIRECTION ( 'NONE',  ( -0.000000000000000000, 1.000000000000000000, 3.001251688541188813E-16 ) ) ;
#6277 = CARTESIAN_POINT ( 'NONE',  ( -0.2000000000000000111, -9.500000000000001776, 26.80000000000000071 ) ) ;
#6278 = ORIENTED_EDGE ( 'NONE', *, *, #4821, .T. ) ;
#6279 = FACE_BOUND ( 'NONE', #3554, .T. ) ;
#6280 = CARTESIAN_POINT ( 'NONE',  ( 86.79999999999999716, -17.50000000000000355, 36.89999999999971436 ) ) ;
#6281 = VERTEX_POINT ( 'NONE', #1368 ) ;
#6282 = AXIS2_PLACEMENT_3D ( 'NONE', #105, #10778, #3078 ) ;
#6283 = EDGE_CURVE ( 'NONE', #10038, #2039, #7852, .T. ) ;
#6284 = CARTESIAN_POINT ( 'NONE',  ( 3.799993672309639692, -14.30343153187111582, -15.82554177794882477 ) ) ;
#6285 = EDGE_CURVE ( 'NONE', #8174, #10665, #10132, .T. ) ;
#6286 = ORIENTED_EDGE ( 'NONE', *, *, #2316, .T. ) ;
#6287 = CARTESIAN_POINT ( 'NONE',  ( 4.799999999999999822, -17.50000000000000000, 30.80000000000000071 ) ) ;
#6288 = ADVANCED_FACE ( 'NONE', ( #7254 ), #7424, .F. ) ;
#6289 = LINE ( 'NONE', #10358, #5989 ) ;
#6290 = CARTESIAN_POINT ( 'NONE',  ( 71.45829934393458416, -12.21919382036004897, -17.24127998012238194 ) ) ;
#6291 = LINE ( 'NONE', #11063, #8544 ) ;
#6292 = SURFACE_SIDE_STYLE ('',( #4909 ) ) ;
#6293 = DIRECTION ( 'NONE',  ( 0.000000000000000000, -3.614007241618347292E-17, 1.000000000000000000 ) ) ;
#6294 = CIRCLE ( 'NONE', #3959, 1.249999999999143352 ) ;
#6295 = EDGE_CURVE ( 'NONE', #7725, #5019, #1342, .T. ) ;
#6296 = ORIENTED_EDGE ( 'NONE', *, *, #832, .T. ) ;
#6297 = VERTEX_POINT ( 'NONE', #5347 ) ;
#6298 = CARTESIAN_POINT ( 'NONE',  ( -0.2000000000000000111, -9.500000000000001776, 10.79999999999999716 ) ) ;
#6299 = ORIENTED_EDGE ( 'NONE', *, *, #6721, .T. ) ;
#6300 = VERTEX_POINT ( 'NONE', #10346 ) ;
#6301 = LINE ( 'NONE', #2279, #7230 ) ;
#6302 = DIRECTION ( 'NONE',  ( 1.000000000000000000, 0.000000000000000000, -0.000000000000000000 ) ) ;
#6303 = EDGE_CURVE ( 'NONE', #2343, #7936, #5874, .T. ) ;
#6304 = DIRECTION ( 'NONE',  ( 1.000000000000000000, -1.311074900679422674E-14, 0.000000000000000000 ) ) ;
#6305 = DIRECTION ( 'NONE',  ( 0.000000000000000000, 0.000000000000000000, -1.000000000000000000 ) ) ;
#6306 = CARTESIAN_POINT ( 'NONE',  ( -1.800000000000000266, -7.300000000000022027, 8.599999999999999645 ) ) ;
#6307 = CARTESIAN_POINT ( 'NONE',  ( 88.20726344990711709, -13.18964048682991397, -16.59667094007882326 ) ) ;
#6308 = ORIENTED_EDGE ( 'NONE', *, *, #1036, .F. ) ;
#6309 = VERTEX_POINT ( 'NONE', #7466 ) ;
#6310 = DIRECTION ( 'NONE',  ( -0.000000000000000000, 1.000000000000000000, 3.001251688541188813E-16 ) ) ;
#6311 = DIRECTION ( 'NONE',  ( 1.000000000000000000, -0.000000000000000000, -0.000000000000000000 ) ) ;
#6312 = AXIS2_PLACEMENT_3D ( 'NONE', #8282, #5310, #11356 ) ;
#6313 = CARTESIAN_POINT ( 'NONE',  ( 32.80000000000000426, -17.50000000000000000, 25.80000000000000071 ) ) ;
#6314 = CARTESIAN_POINT ( 'NONE',  ( 84.20000000000001705, 11.79999999999999893, -11.50000000000000000 ) ) ;
#6315 = DIRECTION ( 'NONE',  ( 0.000000000000000000, 0.000000000000000000, -1.000000000000000000 ) ) ;
#6316 = EDGE_CURVE ( 'NONE', #3690, #7345, #12094, .T. ) ;
#6317 = VERTEX_POINT ( 'NONE', #4420 ) ;
#6318 = ORIENTED_EDGE ( 'NONE', *, *, #8804, .T. ) ;
#6319 = ORIENTED_EDGE ( 'NONE', *, *, #4002, .T. ) ;
#6320 = VECTOR ( 'NONE', #2404, 1000.000000000000000 ) ;
#6321 = ORIENTED_EDGE ( 'NONE', *, *, #10852, .F. ) ;
#6322 = DIRECTION ( 'NONE',  ( 0.000000000000000000, -1.000000000000000000, 0.000000000000000000 ) ) ;
#6323 = DIRECTION ( 'NONE',  ( -1.399999999999999714E-14, -9.999999999999999988E-15, -1.000000000000000000 ) ) ;
#6324 = PLANE ( 'NONE',  #1319 ) ;
#6325 = VERTEX_POINT ( 'NONE', #1610 ) ;
#6326 = DIRECTION ( 'NONE',  ( 0.000000000000000000, 0.000000000000000000, 1.000000000000000000 ) ) ;
#6327 = AXIS2_PLACEMENT_3D ( 'NONE', #9026, #1115, #428 ) ;
#6328 = VERTEX_POINT ( 'NONE', #11305 ) ;
#6329 = CYLINDRICAL_SURFACE ( 'NONE', #3922, 9.999999999999998224 ) ;
#6330 = CARTESIAN_POINT ( 'NONE',  ( 62.80000000000001137, -17.50000000000000000, 4.799999999999999822 ) ) ;
#6331 = CARTESIAN_POINT ( 'NONE',  ( 86.49288421328789411, -9.337096398373363471, -17.73723279575030887 ) ) ;
#6332 = FACE_OUTER_BOUND ( 'NONE', #1311, .T. ) ;
#6333 = AXIS2_PLACEMENT_3D ( 'NONE', #7893, #5902, #7932 ) ;
#6334 = DIRECTION ( 'NONE',  ( -0.000000000000000000, 1.000000000000000000, 0.000000000000000000 ) ) ;
#6335 = DIRECTION ( 'NONE',  ( 1.000000000000000000, 0.000000000000000000, 0.000000000000000000 ) ) ;
#6336 = CARTESIAN_POINT ( 'NONE',  ( -1.800000000000000266, -0.1000000000000000056, 57.39999999999999858 ) ) ;
#6337 = CARTESIAN_POINT ( 'NONE',  ( -0.8000000000000001554, -0.1000000000000008521, 8.599999999999999645 ) ) ;
#6338 = EDGE_LOOP ( 'NONE', ( #6790, #1165, #10193, #2585 ) ) ;
#6339 = ORIENTED_EDGE ( 'NONE', *, *, #124, .T. ) ;
#6340 = LINE ( 'NONE', #215, #8608 ) ;
#6341 = ORIENTED_EDGE ( 'NONE', *, *, #10827, .F. ) ;
#6342 = DIRECTION ( 'NONE',  ( 1.000000000000000000, 0.000000000000000000, 0.000000000000000000 ) ) ;
#6343 = DIRECTION ( 'NONE',  ( 0.000000000000000000, 0.000000000000000000, -1.000000000000000000 ) ) ;
#6344 = CARTESIAN_POINT ( 'NONE',  ( 88.26585875931199610, -13.41293231286626408, -16.46104948873298213 ) ) ;
#6345 = CARTESIAN_POINT ( 'NONE',  ( -1.800000000000000266, -3.045900930049277200, 16.89936534720461125 ) ) ;
#6346 = EDGE_CURVE ( 'NONE', #9306, #8332, #1032, .T. ) ;
#6347 = ORIENTED_EDGE ( 'NONE', *, *, #741, .F. ) ;
#6348 = CARTESIAN_POINT ( 'NONE',  ( 34.80000000000000426, -19.10000000000000142, 44.79999999999999005 ) ) ;
#6349 = VERTEX_POINT ( 'NONE', #6392 ) ;
#6350 = DIRECTION ( 'NONE',  ( 0.000000000000000000, -1.000000000000000000, -1.301042606983479970E-16 ) ) ;
#6351 = DIRECTION ( 'NONE',  ( 0.000000000000000000, 0.000000000000000000, -1.000000000000000000 ) ) ;
#6352 = DIRECTION ( 'NONE',  ( 1.000000000000000000, 0.000000000000000000, -0.000000000000000000 ) ) ;
#6353 = EDGE_LOOP ( 'NONE', ( #3810, #1846, #9040, #5110 ) ) ;
#6354 = CARTESIAN_POINT ( 'NONE',  ( 16.26999999999953772, -3.200000000000001510, -1.800000000000252953 ) ) ;
#6355 = CARTESIAN_POINT ( 'NONE',  ( 34.80000000000000426, -17.50000000000000000, 45.79999999999999005 ) ) ;
#6357 = ORIENTED_EDGE ( 'NONE', *, *, #3991, .F. ) ;
#6356 = LINE ( 'NONE', #1098, #1363 ) ;
#6358 = ORIENTED_EDGE ( 'NONE', *, *, #7156, .F. ) ;
#6359 = DIRECTION ( 'NONE',  ( 0.000000000000000000, -1.234678630588475078E-16, 1.000000000000000000 ) ) ;
#6360 = ORIENTED_EDGE ( 'NONE', *, *, #12289, .F. ) ;
#6361 = ORIENTED_EDGE ( 'NONE', *, *, #4750, .T. ) ;
#6362 = CARTESIAN_POINT ( 'NONE',  ( -1.800000000000000266, 11.79999999999999893, -13.64999999999999858 ) ) ;
#6363 = DIRECTION ( 'NONE',  ( -1.000000000000000000, 1.245113975359227837E-14, 1.399999999999987250E-14 ) ) ;
#6364 = ORIENTED_EDGE ( 'NONE', *, *, #5443, .F. ) ;
#6365 = EDGE_CURVE ( 'NONE', #9397, #4067, #8434, .T. ) ;
#6366 = CARTESIAN_POINT ( 'NONE',  ( 71.12374574439019170, -13.50629269485987827, -16.71729759821646155 ) ) ;
#6367 = ORIENTED_EDGE ( 'NONE', *, *, #5284, .F. ) ;
#6368 = AXIS2_PLACEMENT_3D ( 'NONE', #2055, #5061, #5978 ) ;
#6369 = VECTOR ( 'NONE', #2042, 1000.000000000000000 ) ;
#6370 = EDGE_CURVE ( 'NONE', #7318, #11490, #12562, .T. ) ;
#6371 =( LENGTH_UNIT ( ) NAMED_UNIT ( * ) SI_UNIT ( .MILLI., .METRE. ) );
#6372 = CARTESIAN_POINT ( 'NONE',  ( 81.00000000000000000, 18.00000000000000000, -3.653981901626786044 ) ) ;
#6373 = EDGE_CURVE ( 'NONE', #6325, #10410, #3740, .T. ) ;
#6374 = FACE_OUTER_BOUND ( 'NONE', #12436, .T. ) ;
#6375 = EDGE_CURVE ( 'NONE', #6219, #248, #12395, .T. ) ;
#6376 = ORIENTED_EDGE ( 'NONE', *, *, #9269, .T. ) ;
#6377 = ORIENTED_EDGE ( 'NONE', *, *, #910, .T. ) ;
#6378 = DIRECTION ( 'NONE',  ( 0.000000000000000000, 0.000000000000000000, -1.000000000000000000 ) ) ;
#6379 = LINE ( 'NONE', #9497, #11235 ) ;
#6380 = DIRECTION ( 'NONE',  ( 0.000000000000000000, 0.000000000000000000, 1.000000000000000000 ) ) ;
#6381 = CARTESIAN_POINT ( 'NONE',  ( -1.800000000000000266, -9.500000000000001776, 6.800000000000000711 ) ) ;
#6382 = CARTESIAN_POINT ( 'NONE',  ( 35.80000000000000426, -17.50000000000000000, 22.79999999999999361 ) ) ;
#6383 = DIRECTION ( 'NONE',  ( -1.400000000000014545E-14, -1.000000000000000000, -1.404986760216307406E-16 ) ) ;
#6384 = DIRECTION ( 'NONE',  ( 0.000000000000000000, 1.000000000000000000, 0.000000000000000000 ) ) ;
#6385 = VERTEX_POINT ( 'NONE', #4549 ) ;
#6386 = ORIENTED_EDGE ( 'NONE', *, *, #2946, .F. ) ;
#6387 = EDGE_CURVE ( 'NONE', #622, #7987, #11646, .T. ) ;
#6388 = CARTESIAN_POINT ( 'NONE',  ( 87.98352359862387573, -12.50108474896417121, -16.96169092392547029 ) ) ;
#6389 = EDGE_CURVE ( 'NONE', #6708, #4747, #6949, .T. ) ;
#6390 = CYLINDRICAL_SURFACE ( 'NONE', #8661, 1.999999999999998224 ) ;
#6391 = ORIENTED_EDGE ( 'NONE', *, *, #7272, .F. ) ;
#6392 = CARTESIAN_POINT ( 'NONE',  ( 1.400000000000012346, -17.50000000000000000, 1.400000000000015676 ) ) ;
#6393 = DIRECTION ( 'NONE',  ( 0.000000000000000000, 0.000000000000000000, 1.000000000000000000 ) ) ;
#6394 = EDGE_LOOP ( 'NONE', ( #9179, #7462, #8440, #6260, #11932, #2670 ) ) ;
#6395 = CIRCLE ( 'NONE', #1970, 1.000000000000000888 ) ;
#6396 = AXIS2_PLACEMENT_3D ( 'NONE', #3960, #8178, #4272 ) ;
#6397 = DIRECTION ( 'NONE',  ( 0.000000000000000000, 0.000000000000000000, -1.000000000000000000 ) ) ;
#6398 = DIRECTION ( 'NONE',  ( -1.399999999999999714E-14, -9.999999999999999988E-15, -1.000000000000000000 ) ) ;
#6399 = DIRECTION ( 'NONE',  ( 0.000000000000000000, -1.000000000000000000, 0.000000000000000000 ) ) ;
#6400 = ORIENTED_EDGE ( 'NONE', *, *, #5960, .T. ) ;
#6401 = ORIENTED_EDGE ( 'NONE', *, *, #12545, .T. ) ;
#6402 = CARTESIAN_POINT ( 'NONE',  ( 2.437869359254929424, -10.75610976735361923, -17.60263187453054456 ) ) ;
#6403 = VERTEX_POINT ( 'NONE', #7703 ) ;
#6404 = AXIS2_PLACEMENT_3D ( 'NONE', #10760, #4030, #1957 ) ;
#6405 = ORIENTED_EDGE ( 'NONE', *, *, #1841, .T. ) ;
#6406 = FACE_OUTER_BOUND ( 'NONE', #11783, .T. ) ;
#6407 = DIRECTION ( 'NONE',  ( 0.000000000000000000, 0.000000000000000000, -1.000000000000000000 ) ) ;
#6408 = CARTESIAN_POINT ( 'NONE',  ( 82.40000000000000568, -8.099999999999999645, 57.79999999999999716 ) ) ;
#6409 = EDGE_CURVE ( 'NONE', #6701, #10833, #3310, .T. ) ;
#6410 = CARTESIAN_POINT ( 'NONE',  ( 68.40000000000000568, -3.200000000000001510, -1.800000000000000044 ) ) ;
#6411 = ORIENTED_EDGE ( 'NONE', *, *, #529, .F. ) ;
#6412 =( NAMED_UNIT ( * ) SI_UNIT ( $, .STERADIAN. ) SOLID_ANGLE_UNIT ( ) );
#6413 = CARTESIAN_POINT ( 'NONE',  ( 34.80000000000000426, -17.50000000000000000, 37.79999999999999716 ) ) ;
#6414 = ORIENTED_EDGE ( 'NONE', *, *, #4355, .F. ) ;
#6415 = VECTOR ( 'NONE', #8806, 1000.000000000000000 ) ;
#6416 = ORIENTED_EDGE ( 'NONE', *, *, #5722, .T. ) ;
#6417 = VERTEX_POINT ( 'NONE', #8580 ) ;
#6418 = LINE ( 'NONE', #2786, #662 ) ;
#6419 = VECTOR ( 'NONE', #793, 1000.000000000000000 ) ;
#6420 = DIRECTION ( 'NONE',  ( 0.000000000000000000, -0.000000000000000000, 1.000000000000000000 ) ) ;
#6421 = ORIENTED_EDGE ( 'NONE', *, *, #404, .T. ) ;
#6422 = AXIS2_PLACEMENT_3D ( 'NONE', #6754, #4785, #4607 ) ;
#6423 = PLANE ( 'NONE',  #3672 ) ;
#6424 = LINE ( 'NONE', #6484, #3547 ) ;
#6425 = CARTESIAN_POINT ( 'NONE',  ( 35.80000000000000426, -19.10000000000000142, 37.79999999999999005 ) ) ;
#6426 = ADVANCED_FACE ( 'NONE', ( #4494 ), #6609, .F. ) ;
#6427 = CARTESIAN_POINT ( 'NONE',  ( 35.14999999999955094, -3.900000000004197886, -0.2000000000000006495 ) ) ;
#6428 = EDGE_CURVE ( 'NONE', #1078, #613, #2114, .T. ) ;
#6429 = VECTOR ( 'NONE', #12128, 1000.000000000000000 ) ;
#6430 = EDGE_LOOP ( 'NONE', ( #3271, #6988, #11321, #5283 ) ) ;
#6431 = DIRECTION ( 'NONE',  ( 0.000000000000000000, -1.000000000000000000, -0.000000000000000000 ) ) ;
#6432 = VECTOR ( 'NONE', #9257, 1000.000000000000000 ) ;
#6433 = EDGE_CURVE ( 'NONE', #7444, #1078, #422, .T. ) ;
#6434 = CARTESIAN_POINT ( 'NONE',  ( 70.60000000000000853, 11.79999999999999716, -9.350000000000001421 ) ) ;
#6435 = ORIENTED_EDGE ( 'NONE', *, *, #2001, .F. ) ;
#6436 = VERTEX_POINT ( 'NONE', #8668 ) ;
#6437 = CARTESIAN_POINT ( 'NONE',  ( 84.20000000000001705, -16.69999999999999929, -9.299999999999998934 ) ) ;
#6438 = LINE ( 'NONE', #7184, #11893 ) ;
#6439 = DIRECTION ( 'NONE',  ( 1.000000000000000000, 0.000000000000000000, -0.000000000000000000 ) ) ;
#6440 = CARTESIAN_POINT ( 'NONE',  ( -1.800000000000000266, -9.500000000000001776, 40.80000000000000426 ) ) ;
#6441 = CARTESIAN_POINT ( 'NONE',  ( 35.80000000000000426, -19.10000000000000142, 8.799999999999998934 ) ) ;
#6442 = CARTESIAN_POINT ( 'NONE',  ( 72.40000000000000568, -0.1000000000000000056, 56.84969335805276103 ) ) ;
#6443 = EDGE_LOOP ( 'NONE', ( #3712, #966, #2400, #8722, #9429, #7168 ) ) ;
#6444 = DIRECTION ( 'NONE',  ( -1.000000000000000000, -0.000000000000000000, -0.000000000000000000 ) ) ;
#6445 = CARTESIAN_POINT ( 'NONE',  ( 81.00000000000000000, 11.79999999999999893, -11.50000000000000000 ) ) ;
#6446 = VECTOR ( 'NONE', #5031, 1000.000000000000000 ) ;
#6447 = EDGE_LOOP ( 'NONE', ( #7686, #5011, #2467, #7288 ) ) ;
#6448 = AXIS2_PLACEMENT_3D ( 'NONE', #1471, #2461, #4405 ) ;
#6449 = EDGE_CURVE ( 'NONE', #8225, #12386, #10695, .T. ) ;
#6450 = CARTESIAN_POINT ( 'NONE',  ( 2.542520322227308505, -10.57692769512025421, -17.59799893243155111 ) ) ;
#6451 = CARTESIAN_POINT ( 'NONE',  ( -1.208989835002838298, -13.19246737949769965, -16.86501151820715094 ) ) ;
#6452 = CARTESIAN_POINT ( 'NONE',  ( 4.799999999999999822, -19.10000000000000142, 17.80000000000000071 ) ) ;
#6453 = EDGE_CURVE ( 'NONE', #8474, #3148, #710, .T. ) ;
#6454 = CARTESIAN_POINT ( 'NONE',  ( 70.60000000000000853, -9.099999999999996092, -15.73999999999999666 ) ) ;
#6455 = VECTOR ( 'NONE', #3866, 1000.000000000000000 ) ;
#6456 = ORIENTED_EDGE ( 'NONE', *, *, #10203, .T. ) ;
#6457 = VERTEX_POINT ( 'NONE', #7790 ) ;
#6458 = ORIENTED_EDGE ( 'NONE', *, *, #557, .T. ) ;
#6459 = CARTESIAN_POINT ( 'NONE',  ( 3.778055677180370608, 16.03571698205852059, -16.07330799726355153 ) ) ;
#6460 = LINE ( 'NONE', #11061, #7528 ) ;
#6461 = CARTESIAN_POINT ( 'NONE',  ( -1.400000000000012346, -18.70000000000001350, 57.79999999999999716 ) ) ;
#6462 = EDGE_LOOP ( 'NONE', ( #9060, #8103, #12455, #8873, #9581, #908, #8561, #8858 ) ) ;
#6463 = LINE ( 'NONE', #7413, #1470 ) ;
#6464 = CARTESIAN_POINT ( 'NONE',  ( 87.48654119440740828, -12.04296280489683646, -17.29798759451916013 ) ) ;
#6465 = CARTESIAN_POINT ( 'NONE',  ( 62.80000000000001137, -19.10000000000000497, 33.79999999999999716 ) ) ;
#6466 = CARTESIAN_POINT ( 'NONE',  ( 34.80000000000000426, -17.50000000000000000, 42.79999999999999005 ) ) ;
#6467 = EDGE_LOOP ( 'NONE', ( #990, #7232, #6647, #706, #8403 ) ) ;
#6468 = ORIENTED_EDGE ( 'NONE', *, *, #11454, .F. ) ;
#6469 = EDGE_CURVE ( 'NONE', #10060, #2384, #9367, .T. ) ;
#6470 = ORIENTED_EDGE ( 'NONE', *, *, #5161, .T. ) ;
#6471 = FACE_OUTER_BOUND ( 'NONE', #2143, .T. ) ;
#6472 = CARTESIAN_POINT ( 'NONE',  ( -0.8000000000000001554, -6.300000000000011369, 0.000000000000000000 ) ) ;
#6473 = CARTESIAN_POINT ( 'NONE',  ( 62.80000000000001137, -17.50000000000000355, 25.79999999999999361 ) ) ;
#6474 = ORIENTED_EDGE ( 'NONE', *, *, #4733, .F. ) ;
#6475 = CARTESIAN_POINT ( 'NONE',  ( -0.8000000000000001554, -6.300000000000011369, 1.599999999999999867 ) ) ;
#6476 = CARTESIAN_POINT ( 'NONE',  ( -1.800000000000000266, -9.500000000000001776, 40.80000000000000426 ) ) ;
#6477 = FACE_OUTER_BOUND ( 'NONE', #11474, .T. ) ;
#6478 = DIRECTION ( 'NONE',  ( 0.000000000000000000, 0.000000000000000000, -1.000000000000000000 ) ) ;
#6479 = ORIENTED_EDGE ( 'NONE', *, *, #7612, .F. ) ;
#6480 = AXIS2_PLACEMENT_3D ( 'NONE', #6593, #11507, #4874 ) ;
#6481 = ORIENTED_EDGE ( 'NONE', *, *, #10120, .T. ) ;
#6482 = CARTESIAN_POINT ( 'NONE',  ( -1.800000000000000266, 17.99999999999999645, -17.73999999999999844 ) ) ;
#6483 = CYLINDRICAL_SURFACE ( 'NONE', #10766, 1.000000000000000888 ) ;
#6484 = CARTESIAN_POINT ( 'NONE',  ( 35.80000000000000426, -17.50000000000000000, 6.799999999999999822 ) ) ;
#6485 = ORIENTED_EDGE ( 'NONE', *, *, #4394, .F. ) ;
#6486 = CARTESIAN_POINT ( 'NONE',  ( 35.80000000000000426, -19.10000000000000142, 32.79999999999999716 ) ) ;
#6487 = DIRECTION ( 'NONE',  ( 1.000000000000000000, 0.000000000000000000, 0.000000000000000000 ) ) ;
#6488 = ORIENTED_EDGE ( 'NONE', *, *, #11200, .T. ) ;
#6489 = DIRECTION ( 'NONE',  ( 0.000000000000000000, -1.000000000000000000, -1.234678630588475078E-16 ) ) ;
#6490 = EDGE_CURVE ( 'NONE', #7972, #7759, #11326, .T. ) ;
#6491 = ADVANCED_FACE ( 'NONE', ( #7989 ), #11733, .F. ) ;
#6492 = ORIENTED_EDGE ( 'NONE', *, *, #9329, .T. ) ;
#6493 = AXIS2_PLACEMENT_3D ( 'NONE', #4908, #3982, #3954 ) ;
#6494 = CARTESIAN_POINT ( 'NONE',  ( 2.884473480533340073, -12.03662738416455902, -17.29985016974862333 ) ) ;
#6495 = CIRCLE ( 'NONE', #5094, 1.000000000000000888 ) ;
#6496 = PLANE ( 'NONE',  #5379 ) ;
#6497 = CARTESIAN_POINT ( 'NONE',  ( 87.40000000000000568, 4.299999999999999822, -13.70000000000000107 ) ) ;
#6498 = ORIENTED_EDGE ( 'NONE', *, *, #1421, .F. ) ;
#6499 = CARTESIAN_POINT ( 'NONE',  ( -0.8000000000000001554, -4.100000000000000533, 3.599999999999999645 ) ) ;
#6500 = CARTESIAN_POINT ( 'NONE',  ( -0.2000000000000000111, -15.90000000000001457, 18.80000000000000071 ) ) ;
#6501 = VERTEX_POINT ( 'NONE', #3029 ) ;
#6502 = DIRECTION ( 'NONE',  ( 0.000000000000000000, -1.000000000000000000, -1.234678630588475078E-16 ) ) ;
#6503 = DIRECTION ( 'NONE',  ( 0.000000000000000000, -1.000000000000000000, -1.234678630588475078E-16 ) ) ;
#6504 = EDGE_LOOP ( 'NONE', ( #4864, #2069, #8748, #7116 ) ) ;
#6505 = FACE_OUTER_BOUND ( 'NONE', #8699, .T. ) ;
#6506 = LINE ( 'NONE', #7058, #11210 ) ;
#6507 = CARTESIAN_POINT ( 'NONE',  ( 87.91264472892541448, -13.70398960669631983, -16.61734469228103706 ) ) ;
#6508 = ORIENTED_EDGE ( 'NONE', *, *, #10767, .F. ) ;
#6509 = AXIS2_PLACEMENT_3D ( 'NONE', #10610, #12516, #898 ) ;
#6510 = CARTESIAN_POINT ( 'NONE',  ( -1.800000000000000266, -9.500000000000001776, 28.80000000000000071 ) ) ;
#6511 = CARTESIAN_POINT ( 'NONE',  ( 31.80000000000000071, -17.50000000000000355, 29.80000000000000071 ) ) ;
#6512 = ORIENTED_EDGE ( 'NONE', *, *, #553, .T. ) ;
#6513 = DIRECTION ( 'NONE',  ( -0.000000000000000000, 1.000000000000000000, 0.000000000000000000 ) ) ;
#6514 = LINE ( 'NONE', #1058, #9854 ) ;
#6515 = VECTOR ( 'NONE', #5914, 1000.000000000000000 ) ;
#6516 = EDGE_CURVE ( 'NONE', #11853, #6074, #9057, .T. ) ;
#6517 = CARTESIAN_POINT ( 'NONE',  ( 31.79999999999999361, -17.50000000000000000, 12.79999999999999893 ) ) ;
#6518 = DIRECTION ( 'NONE',  ( 0.000000000000000000, 0.000000000000000000, -1.000000000000000000 ) ) ;
#6519 = DIRECTION ( 'NONE',  ( 0.000000000000000000, 0.000000000000000000, 1.000000000000000000 ) ) ;
#6520 = CARTESIAN_POINT ( 'NONE',  ( 32.80000000000000426, -17.50000000000000000, 37.79999999999999716 ) ) ;
#6521 = EDGE_CURVE ( 'NONE', #10283, #7280, #8588, .T. ) ;
#6522 = CARTESIAN_POINT ( 'NONE',  ( 70.60000000000000853, 3.662330314989931779, -17.73999999999999844 ) ) ;
#6523 = VERTEX_POINT ( 'NONE', #2090 ) ;
#6524 = CARTESIAN_POINT ( 'NONE',  ( 72.36806770050139903, -9.555032649180239090, -17.72735518186383885 ) ) ;
#6525 = EDGE_LOOP ( 'NONE', ( #2151, #12261, #5521, #2374 ) ) ;
#6526 = VECTOR ( 'NONE', #3634, 1000.000000000000000 ) ;
#6527 = CARTESIAN_POINT ( 'NONE',  ( 2.375028276274206096, -10.23660541186259287, -17.65645327249644936 ) ) ;
#6528 = DIRECTION ( 'NONE',  ( 0.000000000000000000, 0.000000000000000000, 1.000000000000000000 ) ) ;
#6529 = CARTESIAN_POINT ( 'NONE',  ( 63.80000000000001137, -17.50000000000000000, 25.79999999999999361 ) ) ;
#6530 = CARTESIAN_POINT ( 'NONE',  ( -1.800000000000000266, -9.500000000000001776, 22.80000000000000071 ) ) ;
#6531 = EDGE_CURVE ( 'NONE', #2182, #10997, #3468, .T. ) ;
#6532 = ORIENTED_EDGE ( 'NONE', *, *, #11183, .F. ) ;
#6533 = CARTESIAN_POINT ( 'NONE',  ( 59.79999999999999716, -15.90000000000000391, 56.20000000000000284 ) ) ;
#6534 = ORIENTED_EDGE ( 'NONE', *, *, #3595, .T. ) ;
#6535 = AXIS2_PLACEMENT_3D ( 'NONE', #2706, #10451, #6549 ) ;
#6536 = DIRECTION ( 'NONE',  ( -0.000000000000000000, 1.000000000000000000, 3.001251688541188813E-16 ) ) ;
#6537 = AXIS2_PLACEMENT_3D ( 'NONE', #2032, #3217, #11887 ) ;
#6538 = CARTESIAN_POINT ( 'NONE',  ( 34.80000000000000426, -17.50000000000000000, 16.79999999999999716 ) ) ;
#6539 = ORIENTED_EDGE ( 'NONE', *, *, #3258, .F. ) ;
#6540 = ORIENTED_EDGE ( 'NONE', *, *, #871, .T. ) ;
#6541 = EDGE_CURVE ( 'NONE', #4158, #7015, #12549, .T. ) ;
#6542 = ORIENTED_EDGE ( 'NONE', *, *, #7824, .F. ) ;
#6543 = VERTEX_POINT ( 'NONE', #8844 ) ;
#6544 = LINE ( 'NONE', #7031, #2323 ) ;
#6545 = CARTESIAN_POINT ( 'NONE',  ( 87.82950618855335279, -13.28538293860691333, -16.82200642070193908 ) ) ;
#6546 = DIRECTION ( 'NONE',  ( -0.000000000000000000, 0.000000000000000000, 1.000000000000000000 ) ) ;
#6547 = CARTESIAN_POINT ( 'NONE',  ( 62.80000000000001137, -17.50000000000000000, 13.79999999999999716 ) ) ;
#6548 = ADVANCED_FACE ( 'NONE', ( #4485, #5389 ), #5963, .T. ) ;
#6549 = DIRECTION ( 'NONE',  ( -1.000000000000000000, 0.000000000000000000, -0.000000000000000000 ) ) ;
#6550 = ORIENTED_EDGE ( 'NONE', *, *, #3556, .F. ) ;
#6551 = DIRECTION ( 'NONE',  ( -1.000000000000000000, -0.000000000000000000, -0.000000000000000000 ) ) ;
#6552 = EDGE_LOOP ( 'NONE', ( #6937, #3620, #743, #7593, #6838, #9230 ) ) ;
#6553 = VECTOR ( 'NONE', #11540, 1000.000000000000000 ) ;
#6554 = AXIS2_PLACEMENT_3D ( 'NONE', #1987, #976, #3952 ) ;
#6555 = AXIS2_PLACEMENT_3D ( 'NONE', #7657, #8268, #4457 ) ;
#6556 = VERTEX_POINT ( 'NONE', #1056 ) ;
#6557 = DIRECTION ( 'NONE',  ( 0.000000000000000000, 0.000000000000000000, -1.000000000000000000 ) ) ;
#6558 = LINE ( 'NONE', #8139, #5159 ) ;
#6559 = DIRECTION ( 'NONE',  ( 0.000000000000000000, -1.000000000000000000, -1.234678630588475078E-16 ) ) ;
#6560 = AXIS2_PLACEMENT_3D ( 'NONE', #2883, #10573, #8883 ) ;
#6561 = VECTOR ( 'NONE', #11912, 1000.000000000000000 ) ;
#6562 = EDGE_LOOP ( 'NONE', ( #1034, #3162, #11436, #5508, #10433 ) ) ;
#6563 = DIRECTION ( 'NONE',  ( 0.000000000000000000, -1.000000000000000000, 0.000000000000000000 ) ) ;
#6564 = VECTOR ( 'NONE', #8759, 1000.000000000000000 ) ;
#6565 = ADVANCED_FACE ( 'NONE', ( #1954 ), #11981, .F. ) ;
#6566 = LINE ( 'NONE', #7395, #12022 ) ;
#6567 = CARTESIAN_POINT ( 'NONE',  ( 70.60545924325830924, -14.19955991398947681, -15.90807934452068473 ) ) ;
#6568 = VERTEX_POINT ( 'NONE', #5092 ) ;
#6569 = DIRECTION ( 'NONE',  ( -0.000000000000000000, -1.000000000000000000, 0.000000000000000000 ) ) ;
#6570 = ORIENTED_EDGE ( 'NONE', *, *, #6316, .F. ) ;
#6571 = CARTESIAN_POINT ( 'NONE',  ( 2.431385902849238612, -10.35033533290996743, -17.63864607138571827 ) ) ;
#6572 = AXIS2_PLACEMENT_3D ( 'NONE', #12164, #1565, #8447 ) ;
#6573 = CARTESIAN_POINT ( 'NONE',  ( -1.235781799064889164, -13.31380332840307723, -16.80885230909741068 ) ) ;
#6574 = LINE ( 'NONE', #7394, #8852 ) ;
#6575 = ORIENTED_EDGE ( 'NONE', *, *, #7192, .F. ) ;
#6576 = CIRCLE ( 'NONE', #2408, 1.900000000000000577 ) ;
#6577 = ORIENTED_EDGE ( 'NONE', *, *, #2745, .F. ) ;
#6578 = VECTOR ( 'NONE', #12016, 1000.000000000000000 ) ;
#6579 = DIRECTION ( 'NONE',  ( -0.000000000000000000, -1.000000000000000000, 0.000000000000000000 ) ) ;
#6580 = ORIENTED_EDGE ( 'NONE', *, *, #10863, .T. ) ;
#6581 = AXIS2_PLACEMENT_3D ( 'NONE', #1921, #2014, #8766 ) ;
#6582 = CARTESIAN_POINT ( 'NONE',  ( 84.20000000000001705, 15.00000000000000000, -11.50000000000000000 ) ) ;
#6583 = FACE_OUTER_BOUND ( 'NONE', #3459, .T. ) ;
#6584 = ORIENTED_EDGE ( 'NONE', *, *, #4692, .T. ) ;
#6585 = ORIENTED_EDGE ( 'NONE', *, *, #11309, .F. ) ;
#6586 = VERTEX_POINT ( 'NONE', #4080 ) ;
#6587 = DIRECTION ( 'NONE',  ( 0.000000000000000000, -1.000000000000000000, 0.000000000000000000 ) ) ;
#6588 = FACE_OUTER_BOUND ( 'NONE', #4115, .T. ) ;
#6589 = DIRECTION ( 'NONE',  ( 0.000000000000000000, 0.000000000000000000, -1.000000000000000000 ) ) ;
#6590 = AXIS2_PLACEMENT_3D ( 'NONE', #8813, #10779, #4942 ) ;
#6591 = ORIENTED_EDGE ( 'NONE', *, *, #1841, .F. ) ;
#6592 = DIRECTION ( 'NONE',  ( 0.000000000000000000, 0.000000000000000000, 1.000000000000000000 ) ) ;
#6593 = CARTESIAN_POINT ( 'NONE',  ( 62.80000000000001137, -19.10000000000000142, 17.79999999999999361 ) ) ;
#6594 = DIRECTION ( 'NONE',  ( 0.000000000000000000, -1.000000000000000000, 0.000000000000000000 ) ) ;
#6596 = LINE ( 'NONE', #4873, #11143 ) ;
#6595 = CARTESIAN_POINT ( 'NONE',  ( 71.91676950263656920, -10.45604150003706678, -17.61968396250836832 ) ) ;
#6597 = DIRECTION ( 'NONE',  ( 0.000000000000000000, 0.000000000000000000, -1.000000000000000000 ) ) ;
#6598 = PLANE ( 'NONE',  #12431 ) ;
#6599 = FACE_OUTER_BOUND ( 'NONE', #10476, .T. ) ;
#6600 = EDGE_CURVE ( 'NONE', #4802, #10931, #11947, .T. ) ;
#6601 = ORIENTED_EDGE ( 'NONE', *, *, #9955, .F. ) ;
#6602 = EDGE_CURVE ( 'NONE', #10121, #6672, #3593, .T. ) ;
#6603 = LINE ( 'NONE', #10704, #5352 ) ;
#6604 = CARTESIAN_POINT ( 'NONE',  ( -0.2000000000000000111, -15.90000000000003588, 42.80000000000000426 ) ) ;
#6605 = DIRECTION ( 'NONE',  ( -1.000000000000000000, 0.000000000000000000, 0.000000000000000000 ) ) ;
#6606 = LINE ( 'NONE', #3177, #4013 ) ;
#6607 = ORIENTED_EDGE ( 'NONE', *, *, #2515, .T. ) ;
#6608 = LINE ( 'NONE', #4415, #247 ) ;
#6609 = PLANE ( 'NONE',  #10723 ) ;
#6610 = ORIENTED_EDGE ( 'NONE', *, *, #6046, .F. ) ;
#6611 = DIRECTION ( 'NONE',  ( 0.000000000000000000, -1.000000000000000000, 0.000000000000000000 ) ) ;
#6612 = CARTESIAN_POINT ( 'NONE',  ( 3.771695112110816872, -13.97309493415495751, -16.07953651766000647 ) ) ;
#6613 = DIRECTION ( 'NONE',  ( 0.000000000000000000, 0.000000000000000000, -1.000000000000000000 ) ) ;
#6614 = CARTESIAN_POINT ( 'NONE',  ( 88.40000000000000568, 4.299999999999999822, -17.73999999999999844 ) ) ;
#6615 = CARTESIAN_POINT ( 'NONE',  ( 71.27871306775796256, -12.84202812039210606, -17.01367441625530219 ) ) ;
#6616 = CARTESIAN_POINT ( 'NONE',  ( 0.08519555509523980830, 12.00213436052007943, -17.73752412870603123 ) ) ;
#6617 = EDGE_CURVE ( 'NONE', #9557, #9491, #8424, .T. ) ;
#6618 = VERTEX_POINT ( 'NONE', #5002 ) ;
#6619 = AXIS2_PLACEMENT_3D ( 'NONE', #6522, #8455, #11480 ) ;
#6620 = ORIENTED_EDGE ( 'NONE', *, *, #9329, .F. ) ;
#6621 = ORIENTED_EDGE ( 'NONE', *, *, #3438, .F. ) ;
#6622 = EDGE_CURVE ( 'NONE', #7193, #6457, #9352, .T. ) ;
#6623 = CARTESIAN_POINT ( 'NONE',  ( 1.916083622304318501, -9.396333942646082349, -17.73578430876381518 ) ) ;
#6624 = ORIENTED_EDGE ( 'NONE', *, *, #10840, .T. ) ;
#6625 = EDGE_CURVE ( 'NONE', #9157, #5035, #123, .T. ) ;
#6626 = DIRECTION ( 'NONE',  ( 1.000000000000000000, 0.000000000000000000, 0.000000000000000000 ) ) ;
#6627 = EDGE_CURVE ( 'NONE', #1392, #1593, #8742, .T. ) ;
#6628 = FACE_OUTER_BOUND ( 'NONE', #7723, .T. ) ;
#6629 = CARTESIAN_POINT ( 'NONE',  ( -0.5665840614789766638, -11.10768237792465030, -17.53711514264491456 ) ) ;
#6630 = DIRECTION ( 'NONE',  ( 0.000000000000000000, 0.000000000000000000, 1.000000000000000000 ) ) ;
#6631 = ORIENTED_EDGE ( 'NONE', *, *, #6057, .F. ) ;
#6632 = LINE ( 'NONE', #12359, #8579 ) ;
#6633 = CARTESIAN_POINT ( 'NONE',  ( 72.40000000000000568, -6.100000000000187050, 57.79999999999999716 ) ) ;
#6634 = DIRECTION ( 'NONE',  ( 0.000000000000000000, -1.234678630588475078E-16, 1.000000000000000000 ) ) ;
#6635 = VERTEX_POINT ( 'NONE', #3106 ) ;
#6636 = ORIENTED_EDGE ( 'NONE', *, *, #6148, .T. ) ;
#6637 = ORIENTED_EDGE ( 'NONE', *, *, #8299, .F. ) ;
#6638 = ADVANCED_FACE ( 'NONE', ( #4936 ), #6014, .F. ) ;
#6639 = CARTESIAN_POINT ( 'NONE',  ( 31.80000000000000071, -19.09999999999999787, 13.79999999999999893 ) ) ;
#6640 = EDGE_CURVE ( 'NONE', #6385, #5106, #8271, .T. ) ;
#6641 = CARTESIAN_POINT ( 'NONE',  ( 62.80000000000001137, -19.10000000000000142, 37.79999999999999716 ) ) ;
#6642 = EDGE_CURVE ( 'NONE', #4284, #7444, #6793, .T. ) ;
#6643 = VERTEX_POINT ( 'NONE', #4156 ) ;
#6644 = DIRECTION ( 'NONE',  ( 1.000000000000000000, 0.000000000000000000, 0.000000000000000000 ) ) ;
#6645 = ORIENTED_EDGE ( 'NONE', *, *, #8607, .F. ) ;
#6646 = LINE ( 'NONE', #9104, #2710 ) ;
#6647 = ORIENTED_EDGE ( 'NONE', *, *, #10275, .F. ) ;
#6648 = CARTESIAN_POINT ( 'NONE',  ( 88.40000000000000568, 7.111771793400198050, -1.511653759786973028 ) ) ;
#6649 = DIRECTION ( 'NONE',  ( 0.000000000000000000, 0.000000000000000000, 1.000000000000000000 ) ) ;
#6650 = CARTESIAN_POINT ( 'NONE',  ( 2.753721203441269250, -11.64169241913050001, -17.41178326198921766 ) ) ;
#6651 = VERTEX_POINT ( 'NONE', #1309 ) ;
#6652 = DIRECTION ( 'NONE',  ( 0.000000000000000000, -1.000000000000000000, 0.000000000000000000 ) ) ;
#6653 = CYLINDRICAL_SURFACE ( 'NONE', #3974, 1.000000000000000888 ) ;
#6654 = CARTESIAN_POINT ( 'NONE',  ( 3.594711069742508869, -13.14519362640019473, -16.62265592154301430 ) ) ;
#6655 = CARTESIAN_POINT ( 'NONE',  ( 62.80000000000001137, -17.50000000000000000, 10.79999999999999716 ) ) ;
#6656 = DIRECTION ( 'NONE',  ( 1.000000000000000000, 0.000000000000000000, 0.000000000000000000 ) ) ;
#6657 = VERTEX_POINT ( 'NONE', #6145 ) ;
#6658 = ORIENTED_EDGE ( 'NONE', *, *, #5719, .T. ) ;
#6659 = FACE_OUTER_BOUND ( 'NONE', #7847, .T. ) ;
#6660 = DIRECTION ( 'NONE',  ( 0.000000000000000000, 0.000000000000000000, 1.000000000000000000 ) ) ;
#6661 = CARTESIAN_POINT ( 'NONE',  ( 70.67627762960349003, -13.67265559291859489, -16.29236934828661987 ) ) ;
#6662 = CARTESIAN_POINT ( 'NONE',  ( 6.800000000000055778, -17.50000000000000711, 54.60000000000000853 ) ) ;
#6663 = EDGE_CURVE ( 'NONE', #8421, #4210, #7975, .T. ) ;
#6664 = FACE_OUTER_BOUND ( 'NONE', #7636, .T. ) ;
#6665 = LINE ( 'NONE', #11502, #1509 ) ;
#6666 = AXIS2_PLACEMENT_3D ( 'NONE', #6970, #9837, #234 ) ;
#6667 = CARTESIAN_POINT ( 'NONE',  ( 0.05979833873453500870, -9.458018878023143117, -17.73358937365393118 ) ) ;
#6668 = DIRECTION ( 'NONE',  ( -0.000000000000000000, -0.7071067811865474617, -0.7071067811865474617 ) ) ;
#6669 = ADVANCED_FACE ( 'NONE', ( #3451 ), #6168, .F. ) ;
#6670 = EDGE_LOOP ( 'NONE', ( #3508, #5775, #6968, #724 ) ) ;
#6671 = CARTESIAN_POINT ( 'NONE',  ( -1.412952788653542679, -12.58214886773943597, -16.92300552984469064 ) ) ;
#6672 = VERTEX_POINT ( 'NONE', #8030 ) ;
#6673 = LINE ( 'NONE', #6200, #4070 ) ;
#6674 = FACE_OUTER_BOUND ( 'NONE', #2248, .T. ) ;
#6675 = AXIS2_PLACEMENT_3D ( 'NONE', #6465, #1716, #11456 ) ;
#6676 = VECTOR ( 'NONE', #11383, 1000.000000000000114 ) ;
#6677 = DIRECTION ( 'NONE',  ( 1.000000000000000000, 0.000000000000000000, 0.000000000000000000 ) ) ;
#6678 = CARTESIAN_POINT ( 'NONE',  ( 0.000000000000000000, 0.000000000000000000, -1.800000000000000044 ) ) ;
#6679 = ORIENTED_EDGE ( 'NONE', *, *, #2648, .T. ) ;
#6680 = EDGE_CURVE ( 'NONE', #11468, #11853, #1317, .T. ) ;
#6681 = ORIENTED_EDGE ( 'NONE', *, *, #11223, .T. ) ;
#6682 = ORIENTED_EDGE ( 'NONE', *, *, #11200, .F. ) ;
#6683 = VECTOR ( 'NONE', #4134, 1000.000000000000000 ) ;
#6684 = DIRECTION ( 'NONE',  ( -0.000000000000000000, 1.000000000000000000, 3.001251688541188813E-16 ) ) ;
#6685 = EDGE_CURVE ( 'NONE', #2322, #8457, #2541, .T. ) ;
#6686 = FACE_BOUND ( 'NONE', #10024, .T. ) ;
#6687 = DIRECTION ( 'NONE',  ( -1.000000000000000000, -0.000000000000000000, -0.000000000000000000 ) ) ;
#6688 = CARTESIAN_POINT ( 'NONE',  ( 62.80000000000001137, -19.10000000000000142, 4.799999999999999822 ) ) ;
#6690 = ORIENTED_EDGE ( 'NONE', *, *, #1566, .F. ) ;
#6689 = VECTOR ( 'NONE', #11477, 1000.000000000000000 ) ;
#6691 = CARTESIAN_POINT ( 'NONE',  ( 72.29898886670008551, -9.691247420806142543, -17.71730118344773786 ) ) ;
#6692 = ORIENTED_EDGE ( 'NONE', *, *, #699, .F. ) ;
#6693 = LINE ( 'NONE', #5636, #4089 ) ;
#6694 = VERTEX_POINT ( 'NONE', #9253 ) ;
#6695 = CARTESIAN_POINT ( 'NONE',  ( 2.074597741303567666, -9.802828123672551186, -17.71527420173327982 ) ) ;
#6696 = AXIS2_PLACEMENT_3D ( 'NONE', #11743, #9787, #7881 ) ;
#6697 = VERTEX_POINT ( 'NONE', #5207 ) ;
#6698 = EDGE_CURVE ( 'NONE', #11556, #3247, #12084, .T. ) ;
#6699 = PLANE ( 'NONE',  #9485 ) ;
#6700 = CARTESIAN_POINT ( 'NONE',  ( 66.40000000000000568, -11.20000000000000107, -1.800000000000000044 ) ) ;
#6701 = VERTEX_POINT ( 'NONE', #6298 ) ;
#6702 = DIRECTION ( 'NONE',  ( 0.000000000000000000, 1.000000000000000000, 0.000000000000000000 ) ) ;
#6703 = ADVANCED_FACE ( 'NONE', ( #9968 ), #7392, .F. ) ;
#6704 = EDGE_CURVE ( 'NONE', #4210, #476, #9189, .T. ) ;
#6705 = ORIENTED_EDGE ( 'NONE', *, *, #9050, .T. ) ;
#6706 = CARTESIAN_POINT ( 'NONE',  ( 86.79999999999999716, -0.1000000000000000056, 1.950000000000472244 ) ) ;
#6707 = CARTESIAN_POINT ( 'NONE',  ( 72.60000000000000853, -9.099999999999994316, -17.73999999999999844 ) ) ;
#6708 = VERTEX_POINT ( 'NONE', #12105 ) ;
#6709 = VECTOR ( 'NONE', #4877, 1000.000000000000000 ) ;
#6710 = ORIENTED_EDGE ( 'NONE', *, *, #4553, .F. ) ;
#6711 = CIRCLE ( 'NONE', #5837, 1.000000000000000888 ) ;
#6712 = CARTESIAN_POINT ( 'NONE',  ( -0.6300288832712686027, -11.28578464848960117, -17.49820637551068714 ) ) ;
#6713 = DIRECTION ( 'NONE',  ( 1.000000000000000000, 0.000000000000000000, 0.000000000000000000 ) ) ;
#6714 = CARTESIAN_POINT ( 'NONE',  ( -0.2112552832888267285, -9.909266435130286155, -17.69834501636023205 ) ) ;
#6715 = CARTESIAN_POINT ( 'NONE',  ( -0.5973366990686965750, -10.68986537665932879, -17.57515824943680016 ) ) ;
#6716 = CARTESIAN_POINT ( 'NONE',  ( 150.7570364914818697, -17.50000000000000000, -2.755455298081544778E-15 ) ) ;
#6717 = ORIENTED_EDGE ( 'NONE', *, *, #1207, .T. ) ;
#6718 = AXIS2_PLACEMENT_3D ( 'NONE', #10734, #11831, #10820 ) ;
#6719 = DIRECTION ( 'NONE',  ( -0.000000000000000000, 0.000000000000000000, 1.000000000000000000 ) ) ;
#6720 = CARTESIAN_POINT ( 'NONE',  ( 84.20000000000001705, 18.00000000000000000, -11.53999999999999559 ) ) ;
#6721 = EDGE_CURVE ( 'NONE', #5036, #5541, #7850, .T. ) ;
#6722 = FACE_OUTER_BOUND ( 'NONE', #7770, .T. ) ;
#6723 = ORIENTED_EDGE ( 'NONE', *, *, #3134, .F. ) ;
#6724 = CYLINDRICAL_SURFACE ( 'NONE', #12099, 1.000000000000000888 ) ;
#6725 = PLANE ( 'NONE',  #4572 ) ;
#6726 = DIRECTION ( 'NONE',  ( -1.000000000000000000, 3.388131789017198275E-17, 0.000000000000000000 ) ) ;
#6727 = CARTESIAN_POINT ( 'NONE',  ( 35.80000000000000426, -19.10000000000000853, 45.79999999999999005 ) ) ;
#6728 = CARTESIAN_POINT ( 'NONE',  ( 71.40771423699492004, -11.54029224779575280, -17.34604835820938362 ) ) ;
#6729 = DIRECTION ( 'NONE',  ( 1.000000000000000000, 0.000000000000000000, 0.000000000000000000 ) ) ;
#6730 = AXIS2_PLACEMENT_3D ( 'NONE', #3170, #2241, #239 ) ;
#6731 = ADVANCED_FACE ( 'NONE', ( #12237 ), #7452, .T. ) ;
#6732 = FACE_OUTER_BOUND ( 'NONE', #2254, .T. ) ;
#6733 = VECTOR ( 'NONE', #3373, 1000.000000000000000 ) ;
#6734 = AXIS2_PLACEMENT_3D ( 'NONE', #6846, #1030, #11798 ) ;
#6735 = ORIENTED_EDGE ( 'NONE', *, *, #695, .T. ) ;
#6736 = VECTOR ( 'NONE', #12196, 1000.000000000000000 ) ;
#6737 = FACE_OUTER_BOUND ( 'NONE', #11643, .T. ) ;
#6738 = CARTESIAN_POINT ( 'NONE',  ( 150.7570364914818697, -17.50000000000000355, 21.29999999999972360 ) ) ;
#6739 = ORIENTED_EDGE ( 'NONE', *, *, #9206, .T. ) ;
#6740 = CARTESIAN_POINT ( 'NONE',  ( -1.800000000000000266, -17.50000000000000000, 30.80000000000000071 ) ) ;
#6741 = EDGE_CURVE ( 'NONE', #5311, #10997, #6463, .T. ) ;
#6742 = CYLINDRICAL_SURFACE ( 'NONE', #6312, 1.000000000000000888 ) ;
#6743 = DIRECTION ( 'NONE',  ( 0.000000000000000000, -0.000000000000000000, 1.000000000000000000 ) ) ;
#6744 = ORIENTED_EDGE ( 'NONE', *, *, #7284, .F. ) ;
#6745 = DIRECTION ( 'NONE',  ( 0.000000000000000000, 0.000000000000000000, -1.000000000000000000 ) ) ;
#6746 = EDGE_LOOP ( 'NONE', ( #6347, #629, #1623, #1299 ) ) ;
#6747 = DIRECTION ( 'NONE',  ( -1.000000000000000000, 0.000000000000000000, 0.000000000000000000 ) ) ;
#6748 = LINE ( 'NONE', #322, #11418 ) ;
#6749 = VECTOR ( 'NONE', #9891, 1000.000000000000000 ) ;
#6750 = ORIENTED_EDGE ( 'NONE', *, *, #10120, .F. ) ;
#6751 = VECTOR ( 'NONE', #8972, 1000.000000000000000 ) ;
#6752 = DIRECTION ( 'NONE',  ( 0.000000000000000000, 0.000000000000000000, -1.000000000000000000 ) ) ;
#6753 = CARTESIAN_POINT ( 'NONE',  ( 0.1380217991261521171, -9.258140665162073901, -17.74000000000001265 ) ) ;
#6754 = CARTESIAN_POINT ( 'NONE',  ( -1.400000000000012346, -9.099999999999996092, -7.740000000000002878 ) ) ;
#6755 = CARTESIAN_POINT ( 'NONE',  ( -1.086069706336905138, -11.75575552392297851, -17.27169152918170525 ) ) ;
#6756 = CARTESIAN_POINT ( 'NONE',  ( 0.2000000000000057288, -9.099999999999994316, -17.74000000000000199 ) ) ;
#6757 = VERTEX_POINT ( 'NONE', #9305 ) ;
#6758 = ORIENTED_EDGE ( 'NONE', *, *, #10757, .F. ) ;
#6759 = DIRECTION ( 'NONE',  ( 1.000000000000000000, 0.000000000000000000, 0.000000000000000000 ) ) ;
#6760 = VECTOR ( 'NONE', #4187, 1000.000000000000000 ) ;
#6761 = ORIENTED_EDGE ( 'NONE', *, *, #10302, .T. ) ;
#6762 = AXIS2_PLACEMENT_3D ( 'NONE', #10177, #10311, #10265 ) ;
#6763 = CARTESIAN_POINT ( 'NONE',  ( 34.80000000000000426, -19.10000000000000142, 37.79999999999999005 ) ) ;
#6764 = VECTOR ( 'NONE', #989, 1000.000000000000000 ) ;
#6765 = ADVANCED_FACE ( 'NONE', ( #3581 ), #8345, .F. ) ;
#6766 = CARTESIAN_POINT ( 'NONE',  ( 72.31978666118301646, -9.817294578114246661, -17.71424341935817282 ) ) ;
#6767 = VECTOR ( 'NONE', #4659, 1000.000000000000000 ) ;
#6768 = CARTESIAN_POINT ( 'NONE',  ( 41.99999999996698818, -5.150000000033722714, -0.9999999999999137357 ) ) ;
#6769 = ORIENTED_EDGE ( 'NONE', *, *, #7586, .F. ) ;
#6770 = ORIENTED_EDGE ( 'NONE', *, *, #11273, .T. ) ;
#6771 = DIRECTION ( 'NONE',  ( 0.000000000000000000, 0.000000000000000000, 1.000000000000000000 ) ) ;
#6772 = CARTESIAN_POINT ( 'NONE',  ( 6.800000000000000711, -19.10000000000000142, 49.29999999999999716 ) ) ;
#6773 = DIRECTION ( 'NONE',  ( 0.000000000000000000, -1.000000000000000000, 0.000000000000000000 ) ) ;
#6774 = ORIENTED_EDGE ( 'NONE', *, *, #609, .F. ) ;
#6775 = ORIENTED_EDGE ( 'NONE', *, *, #4673, .F. ) ;
#6776 = VECTOR ( 'NONE', #3475, 1000.000000000000000 ) ;
#6777 = EDGE_CURVE ( 'NONE', #6281, #9397, #10878, .T. ) ;
#6778 = PLANE ( 'NONE',  #4109 ) ;
#6779 = CARTESIAN_POINT ( 'NONE',  ( 86.40000000000000568, 3.662330314989931779, -17.73999999999999844 ) ) ;
#6780 = CARTESIAN_POINT ( 'NONE',  ( 88.40000000000000568, 4.299999999999999822, -0.2000000000000000666 ) ) ;
#6781 = ORIENTED_EDGE ( 'NONE', *, *, #9587, .T. ) ;
#6782 = LINE ( 'NONE', #5365, #116 ) ;
#6783 = DIRECTION ( 'NONE',  ( 0.000000000000000000, -1.955719815080955213E-16, 1.000000000000000000 ) ) ;
#6784 = VERTEX_POINT ( 'NONE', #12394 ) ;
#6785 = VERTEX_POINT ( 'NONE', #2542 ) ;
#6786 = DIRECTION ( 'NONE',  ( -1.000000000000000000, -0.000000000000000000, -0.000000000000000000 ) ) ;
#6787 = EDGE_LOOP ( 'NONE', ( #1395, #2823, #11108, #2809 ) ) ;
#6788 = CARTESIAN_POINT ( 'NONE',  ( 3.724735565691758676, -13.67855546246950205, -16.28825346434378929 ) ) ;
#6789 = CARTESIAN_POINT ( 'NONE',  ( 70.60000000000000853, 10.95456884578223189, -13.47680200411624618 ) ) ;
#6790 = ORIENTED_EDGE ( 'NONE', *, *, #5697, .T. ) ;
#6791 = VECTOR ( 'NONE', #4092, 1000.000000000000000 ) ;
#6792 = DIRECTION ( 'NONE',  ( 0.000000000000000000, -1.000000000000000000, 0.000000000000000000 ) ) ;
#6793 = LINE ( 'NONE', #1228, #3158 ) ;
#6794 = DIRECTION ( 'NONE',  ( 1.399999999999985673E-14, -0.000000000000000000, 1.000000000000000000 ) ) ;
#6795 = CARTESIAN_POINT ( 'NONE',  ( -4.200000000000022382, -11.90000000000004121, 44.79999999999999716 ) ) ;
#6796 = EDGE_CURVE ( 'NONE', #2798, #2444, #565, .T. ) ;
#6797 = ORIENTED_EDGE ( 'NONE', *, *, #7609, .F. ) ;
#6798 = CARTESIAN_POINT ( 'NONE',  ( 1.846442580314807236, -9.218509434662776059, -17.73934150620584305 ) ) ;
#6799 = LINE ( 'NONE', #12159, #9194 ) ;
#6800 = EDGE_CURVE ( 'NONE', #1607, #2999, #7678, .T. ) ;
#6801 = ORIENTED_EDGE ( 'NONE', *, *, #11395, .T. ) ;
#6802 = ORIENTED_EDGE ( 'NONE', *, *, #5912, .T. ) ;
#6803 = EDGE_CURVE ( 'NONE', #4534, #1637, #1783, .T. ) ;
#6804 = ADVANCED_FACE ( 'NONE', ( #8895 ), #2578, .F. ) ;
#6805 = ORIENTED_EDGE ( 'NONE', *, *, #10882, .F. ) ;
#6806 = LINE ( 'NONE', #3979, #8431 ) ;
#6807 = DIRECTION ( 'NONE',  ( 0.000000000000000000, 0.000000000000000000, 1.000000000000000000 ) ) ;
#6808 = CARTESIAN_POINT ( 'NONE',  ( -1.524631317420912513, -12.91256977724736643, -16.75333907198420746 ) ) ;
#6809 = EDGE_LOOP ( 'NONE', ( #1674, #8529, #5990, #7897 ) ) ;
#6810 = CYLINDRICAL_SURFACE ( 'NONE', #7330, 1.000000000000000888 ) ;
#6811 = ORIENTED_EDGE ( 'NONE', *, *, #3132, .T. ) ;
#6812 = CARTESIAN_POINT ( 'NONE',  ( 34.80000000000000426, -19.10000000000000142, 26.79999999999999361 ) ) ;
#6813 = DIRECTION ( 'NONE',  ( -0.000000000000000000, 0.000000000000000000, 1.000000000000000000 ) ) ;
#6814 = DIRECTION ( 'NONE',  ( 1.399999999999987250E-14, -0.000000000000000000, 1.000000000000000000 ) ) ;
#6815 = LINE ( 'NONE', #4294, #3185 ) ;
#6816 = DIRECTION ( 'NONE',  ( 1.000000000000000000, 0.000000000000000000, 0.000000000000000000 ) ) ;
#6817 = EDGE_LOOP ( 'NONE', ( #5594, #12527, #6570, #11590 ) ) ;
#6818 = VECTOR ( 'NONE', #8981, 1000.000000000000000 ) ;
#6819 = ADVANCED_FACE ( 'NONE', ( #4327 ), #5696, .F. ) ;
#6820 = EDGE_CURVE ( 'NONE', #6568, #10293, #10559, .T. ) ;
#6821 = CARTESIAN_POINT ( 'NONE',  ( 87.40000000000000568, 4.299999999999999822, -9.299999999999998934 ) ) ;
#6822 = DIRECTION ( 'NONE',  ( 0.000000000000000000, -1.000000000000000000, 0.000000000000000000 ) ) ;
#6823 = LINE ( 'NONE', #11786, #11669 ) ;
#6824 = DIRECTION ( 'NONE',  ( 0.000000000000000000, 0.000000000000000000, -1.000000000000000000 ) ) ;
#6825 = LINE ( 'NONE', #7222, #2892 ) ;
#6826 = CARTESIAN_POINT ( 'NONE',  ( 63.80000000000001137, -19.10000000000000142, 41.79999999999999716 ) ) ;
#6827 = ORIENTED_EDGE ( 'NONE', *, *, #2130, .F. ) ;
#6828 = DIRECTION ( 'NONE',  ( 0.000000000000000000, 1.000000000000000000, 0.000000000000000000 ) ) ;
#6829 = CARTESIAN_POINT ( 'NONE',  ( 72.31012502617410576, -9.842197340320836929, -17.71242222071917993 ) ) ;
#6830 = CARTESIAN_POINT ( 'NONE',  ( -1.280839424630621171, -13.52733843144877390, -16.70741543730408907 ) ) ;
#6831 = AXIS2_PLACEMENT_3D ( 'NONE', #8086, #2314, #10138 ) ;
#6832 = DIRECTION ( 'NONE',  ( 0.000000000000000000, -1.000000000000000000, 0.000000000000000000 ) ) ;
#6833 = ADVANCED_FACE ( 'NONE', ( #9043 ), #11135, .F. ) ;
#6834 = ORIENTED_EDGE ( 'NONE', *, *, #6283, .T. ) ;
#6835 = ORIENTED_EDGE ( 'NONE', *, *, #7656, .T. ) ;
#6836 = CARTESIAN_POINT ( 'NONE',  ( -1.800000000000000266, -1.649999999999729017, 12.27259155458886397 ) ) ;
#6837 = CARTESIAN_POINT ( 'NONE',  ( 70.60000000000000853, -3.200000000000001510, -0.2000000000000005107 ) ) ;
#6838 = ORIENTED_EDGE ( 'NONE', *, *, #7200, .T. ) ;
#6839 = AXIS2_PLACEMENT_3D ( 'NONE', #3847, #959, #6660 ) ;
#6840 = FACE_OUTER_BOUND ( 'NONE', #5382, .T. ) ;
#6841 = ORIENTED_EDGE ( 'NONE', *, *, #6909, .F. ) ;
#6842 = CARTESIAN_POINT ( 'NONE',  ( -0.08987497301379392123, -9.842197338207760993, -17.71242222087605356 ) ) ;
#6843 = CARTESIAN_POINT ( 'NONE',  ( 34.80000000000000426, -17.50000000000000000, 28.79999999999999716 ) ) ;
#6844 = CARTESIAN_POINT ( 'NONE',  ( 41.99999999996712319, -5.150000000033730707, -1.800000000000000044 ) ) ;
#6845 = VERTEX_POINT ( 'NONE', #8229 ) ;
#6846 = CARTESIAN_POINT ( 'NONE',  ( 3.799999999999999822, 11.79999999999999893, -11.50000000000000000 ) ) ;
#6847 = EDGE_LOOP ( 'NONE', ( #8111, #11016, #6376, #2545 ) ) ;
#6848 = AXIS2_PLACEMENT_3D ( 'NONE', #8446, #9438, #3521 ) ;
#6849 = VECTOR ( 'NONE', #5591, 1000.000000000000000 ) ;
#6850 = VERTEX_POINT ( 'NONE', #585 ) ;
#6851 = CARTESIAN_POINT ( 'NONE',  ( -1.136338585950000590, -12.89939836674903972, -16.99032087624389931 ) ) ;
#6852 = DIRECTION ( 'NONE',  ( -1.000000000000000000, -0.000000000000000000, 0.000000000000000000 ) ) ;
#6853 = EDGE_CURVE ( 'NONE', #5867, #6403, #2085, .T. ) ;
#6854 = LINE ( 'NONE', #6091, #11700 ) ;
#6855 = DIRECTION ( 'NONE',  ( 0.000000000000000000, 1.000000000000000000, 0.000000000000000000 ) ) ;
#6856 = EDGE_CURVE ( 'NONE', #4082, #10783, #6009, .T. ) ;
#6857 = ORIENTED_EDGE ( 'NONE', *, *, #9208, .T. ) ;
#6858 = DIRECTION ( 'NONE',  ( -1.000000000000000000, -0.000000000000000000, -0.000000000000000000 ) ) ;
#6859 = DIRECTION ( 'NONE',  ( 1.000000000000000000, 0.000000000000000000, 0.000000000000000000 ) ) ;
#6860 = DIRECTION ( 'NONE',  ( 0.000000000000000000, -1.000000000000000000, -1.234678630588475078E-16 ) ) ;
#6861 = VECTOR ( 'NONE', #5790, 1000.000000000000000 ) ;
#6862 = EDGE_LOOP ( 'NONE', ( #3216, #10999, #8171, #9180, #1701, #5667 ) ) ;
#6863 = FACE_OUTER_BOUND ( 'NONE', #6670, .T. ) ;
#6864 = ORIENTED_EDGE ( 'NONE', *, *, #10529, .T. ) ;
#6865 = DIRECTION ( 'NONE',  ( 0.000000000000000000, 0.000000000000000000, -1.000000000000000000 ) ) ;
#6866 = VECTOR ( 'NONE', #3250, 1000.000000000000000 ) ;
#6867 = EDGE_CURVE ( 'NONE', #3875, #3793, #12067, .T. ) ;
#6868 = VERTEX_POINT ( 'NONE', #9258 ) ;
#6869 = EDGE_CURVE ( 'NONE', #3881, #7002, #11452, .T. ) ;
#6870 = FACE_OUTER_BOUND ( 'NONE', #2255, .T. ) ;
#6871 = ORIENTED_EDGE ( 'NONE', *, *, #6135, .F. ) ;
#6872 = EDGE_CURVE ( 'NONE', #9863, #8474, #8120, .T. ) ;
#6873 = CARTESIAN_POINT ( 'NONE',  ( 2.823965868470849738, -11.16898713574553170, -17.45800958818361437 ) ) ;
#6874 = CARTESIAN_POINT ( 'NONE',  ( 34.80000000000000426, -17.50000000000000000, 20.79999999999999716 ) ) ;
#6875 = CARTESIAN_POINT ( 'NONE',  ( 70.60000000000000853, 16.36070170039655025, -15.73999999999999666 ) ) ;
#6876 = VECTOR ( 'NONE', #10587, 1000.000000000000000 ) ;
#6877 = EDGE_CURVE ( 'NONE', #8343, #9535, #3717, .T. ) ;
#6878 = DIRECTION ( 'NONE',  ( 0.000000000000000000, -1.466789861310716348E-16, 1.000000000000000000 ) ) ;
#6879 = DIRECTION ( 'NONE',  ( -0.000000000000000000, 1.000000000000000000, 3.001251688541188813E-16 ) ) ;
#6880 = DIRECTION ( 'NONE',  ( 0.000000000000000000, -1.000000000000000000, -0.000000000000000000 ) ) ;
#6881 = CARTESIAN_POINT ( 'NONE',  ( -1.800000000000000266, 16.36070170039654315, -15.74000000000000021 ) ) ;
#6882 = ORIENTED_EDGE ( 'NONE', *, *, #348, .T. ) ;
#6883 = PLANE ( 'NONE',  #6368 ) ;
#6884 = ADVANCED_FACE ( 'NONE', ( #5218 ), #833, .F. ) ;
#6885 = PLANE ( 'NONE',  #1945 ) ;
#6886 = ORIENTED_EDGE ( 'NONE', *, *, #6254, .F. ) ;
#6887 = CARTESIAN_POINT ( 'NONE',  ( -0.8653245450275789397, -11.25802946693923623, -17.43385908143980956 ) ) ;
#6888 = CARTESIAN_POINT ( 'NONE',  ( 4.799999999999999822, -17.50000000000000000, 18.80000000000000071 ) ) ;
#6889 = FACE_BOUND ( 'NONE', #484, .T. ) ;
#6890 = B_SPLINE_CURVE_WITH_KNOTS ( 'NONE', 3,
 ( #12144, #9295, #10276, #9124, #531, #3507, #7322, #11246, #2417, #1508, #7196, #3336, #6366, #8183, #8251, #3379, #5418, #6212, #10155, #2495, #405, #5367, #9204, #9245, #5282, #10191, #9158, #6290, #10116, #12183, #10232, #1418, #4395, #11123, #8147, #4362, #1383, #11202, #489, #575, #7282, #12097, #8297, #4280, #11081, #1464, #7363, #8215, #5246, #12049, #1550, #3424, #6255, #2535, #7238, #11164, #690, #4745, #954, #6829, #2707, #6766, #12439, #7736, #11593, #5780, #10526, #940, #815, #8609, #4, #9579, #8695, #11545 ),
 .UNSPECIFIED., .F., .F.,
 ( 4, 2, 1, 1, 2, 2, 2, 1, 1, 2, 2, 2, 1, 1, 2, 2, 2, 1, 1, 2, 2, 2, 1, 1, 2, 2, 2, 1, 1, 2, 2, 1, 1, 2, 2, 1, 1, 1, 2, 2, 2, 1, 1, 1, 2, 2, 4 ),
 ( 0.000000000000000000, 0.06250000000000774381, 0.09375000000001117162, 0.1093750000000128786, 0.1171875000000134615, 0.1250000000000140443, 0.1875000000000169309, 0.2187500000000183742, 0.2343750000000185130, 0.2421875000000185962, 0.2500000000000186517, 0.3125000000000205391, 0.3437500000000218714, 0.3593750000000229261, 0.3671875000000238698, 0.3750000000000247580, 0.4375000000000343059, 0.4687500000000381362, 0.4843750000000388578, 0.4921875000000386358, 0.5000000000000383027, 0.5625000000000427436, 0.5937500000000440759, 0.6093750000000446310, 0.6171875000000451861, 0.6250000000000456302, 0.6875000000000474065, 0.7187500000000487388, 0.7343750000000484057, 0.7421875000000474065, 0.7500000000000465183, 0.7812500000000418554, 0.7968750000000406342, 0.8046875000000401901, 0.8125000000000397460, 0.8437500000000472955, 0.8593750000000514033, 0.8671875000000535127, 0.8710937500000529576, 0.8750000000000524025, 0.9062500000000426326, 0.9218750000000381917, 0.9296875000000350830, 0.9335937500000334177, 0.9355468750000329736, 0.9375000000000325295, 1.000000000000000000 ),
 .UNSPECIFIED. ) ;
#6891 = PLANE ( 'NONE',  #1297 ) ;
#6892 = VECTOR ( 'NONE', #4434, 1000.000000000000000 ) ;
#6893 = DIRECTION ( 'NONE',  ( 0.000000000000000000, 1.000000000000000000, -0.000000000000000000 ) ) ;
#6894 = CARTESIAN_POINT ( 'NONE',  ( -1.800000000000000266, -18.69999999999999574, -7.740000000000005542 ) ) ;
#6895 = DIRECTION ( 'NONE',  ( 0.000000000000000000, -1.000000000000000000, -1.234678630588475078E-16 ) ) ;
#6896 = EDGE_CURVE ( 'NONE', #3811, #1702, #401, .T. ) ;
#6897 = EDGE_CURVE ( 'NONE', #10816, #307, #8565, .T. ) ;
#6898 = ADVANCED_FACE ( 'NONE', ( #548 ), #5685, .F. ) ;
#6899 = ORIENTED_EDGE ( 'NONE', *, *, #7510, .T. ) ;
#6900 = ORIENTED_EDGE ( 'NONE', *, *, #7510, .F. ) ;
#6901 = LINE ( 'NONE', #3038, #5974 ) ;
#6902 = EDGE_LOOP ( 'NONE', ( #7155, #11332, #7947, #10075, #11789, #1229, #12169, #1073, #4149, #9814 ) ) ;
#6903 = CIRCLE ( 'NONE', #1542, 1.000000000000000888 ) ;
#6904 = AXIS2_PLACEMENT_3D ( 'NONE', #3206, #9144, #8089 ) ;
#6905 = VECTOR ( 'NONE', #2352, 1000.000000000000000 ) ;
#6906 = VERTEX_POINT ( 'NONE', #6688 ) ;
#6907 = FACE_OUTER_BOUND ( 'NONE', #11543, .T. ) ;
#6908 = VECTOR ( 'NONE', #8289, 1000.000000000000000 ) ;
#6909 = EDGE_CURVE ( 'NONE', #5311, #4860, #8249, .T. ) ;
#6910 = VERTEX_POINT ( 'NONE', #4757 ) ;
#6911 = CARTESIAN_POINT ( 'NONE',  ( 3.800000000000001155, -19.10000000000000142, 46.80000000000000426 ) ) ;
#6912 = CARTESIAN_POINT ( 'NONE',  ( 3.124334295001233830, -12.85190360481961314, -17.01031140688295906 ) ) ;
#6913 = ORIENTED_EDGE ( 'NONE', *, *, #3925, .T. ) ;
#6914 = VECTOR ( 'NONE', #3624, 1000.000000000000114 ) ;
#6915 = CARTESIAN_POINT ( 'NONE',  ( 63.80000000000001137, -19.10000000000000142, 33.79999999999999716 ) ) ;
#6916 = CARTESIAN_POINT ( 'NONE',  ( -1.399994937847697907, -14.52024117903244083, -16.14461814829068942 ) ) ;
#6917 = DIRECTION ( 'NONE',  ( 0.000000000000000000, 1.000000000000000000, -0.000000000000000000 ) ) ;
#6918 = CARTESIAN_POINT ( 'NONE',  ( -1.799999999999996048, -9.099999999999994316, -17.74000000000000199 ) ) ;
#6919 = VECTOR ( 'NONE', #11497, 1000.000000000000000 ) ;
#6920 = CARTESIAN_POINT ( 'NONE',  ( 62.80000000000001137, -17.50000000000000355, 25.79999999999999716 ) ) ;
#6921 = EDGE_LOOP ( 'NONE', ( #3305, #7755, #7878, #2970 ) ) ;
#6922 = ORIENTED_EDGE ( 'NONE', *, *, #6704, .F. ) ;
#6923 = CIRCLE ( 'NONE', #4157, 1.000000000000000888 ) ;
#6924 = DIRECTION ( 'NONE',  ( 0.000000000000000000, 1.234678630588475078E-16, -1.000000000000000000 ) ) ;
#6925 = FACE_OUTER_BOUND ( 'NONE', #9501, .T. ) ;
#6926 = ADVANCED_FACE ( 'NONE', ( #5362 ), #11026, .F. ) ;
#6927 = VECTOR ( 'NONE', #3742, 1000.000000000000000 ) ;
#6928 = CARTESIAN_POINT ( 'NONE',  ( 70.60000000000000853, 11.79999999999999893, -13.64999999999999858 ) ) ;
#6929 = DIRECTION ( 'NONE',  ( 0.000000000000000000, 0.000000000000000000, 1.000000000000000000 ) ) ;
#6930 = DIRECTION ( 'NONE',  ( 0.000000000000000000, -1.234678630588475078E-16, 1.000000000000000000 ) ) ;
#6931 = ORIENTED_EDGE ( 'NONE', *, *, #759, .T. ) ;
#6932 = CONICAL_SURFACE ( 'NONE', #2463, 9.600000000000004974, 0.7853981633974613796 ) ;
#6933 = CARTESIAN_POINT ( 'NONE',  ( 84.20000000000001705, 11.79999999999999716, -8.300000000000000711 ) ) ;
#6934 = CARTESIAN_POINT ( 'NONE',  ( 31.80000000000000071, -17.50000000000000000, 13.79999999999999893 ) ) ;
#6935 = ORIENTED_EDGE ( 'NONE', *, *, #6958, .F. ) ;
#6936 = DIRECTION ( 'NONE',  ( -1.000000000000000000, 0.000000000000000000, 0.000000000000000000 ) ) ;
#6937 = ORIENTED_EDGE ( 'NONE', *, *, #2100, .T. ) ;
#6938 = DIRECTION ( 'NONE',  ( 1.000000000000000000, -0.000000000000000000, 0.000000000000000000 ) ) ;
#6939 = CARTESIAN_POINT ( 'NONE',  ( 34.80000000000000426, -19.10000000000000142, 45.79999999999999005 ) ) ;
#6940 = ADVANCED_FACE ( 'NONE', ( #2677, #252, #1765, #11769, #10247, #5069, #12519, #9954, #7377, #7217, #2373, #5204, #686, #9474, #4604 ), #8788, .F. ) ;
#6941 = DIRECTION ( 'NONE',  ( 0.000000000000000000, 0.000000000000000000, -1.000000000000000000 ) ) ;
#6942 = CARTESIAN_POINT ( 'NONE',  ( 150.7570364914818697, -17.50000000000000711, 56.20000000000000284 ) ) ;
#6943 = ORIENTED_EDGE ( 'NONE', *, *, #2023, .T. ) ;
#6944 = ORIENTED_EDGE ( 'NONE', *, *, #3991, .T. ) ;
#6945 = EDGE_CURVE ( 'NONE', #12263, #2036, #9332, .T. ) ;
#6946 = ORIENTED_EDGE ( 'NONE', *, *, #68, .F. ) ;
#6947 = DIRECTION ( 'NONE',  ( 1.000000000000000000, 0.000000000000000000, 0.000000000000000000 ) ) ;
#6948 = EDGE_CURVE ( 'NONE', #4433, #1772, #984, .T. ) ;
#6949 = LINE ( 'NONE', #7501, #4188 ) ;
#6950 = CARTESIAN_POINT ( 'NONE',  ( 2.924062772079720318, -12.16153997690934041, -17.26059548391659959 ) ) ;
#6951 = ADVANCED_FACE ( 'NONE', ( #6599 ), #3018, .F. ) ;
#6952 = EDGE_LOOP ( 'NONE', ( #10086, #8043, #8635, #11551 ) ) ;
#6953 = CARTESIAN_POINT ( 'NONE',  ( 86.76305580258426176, -9.813918472646038893, -17.70677575571589202 ) ) ;
#6954 = VECTOR ( 'NONE', #12150, 1000.000000000000000 ) ;
#6955 = DIRECTION ( 'NONE',  ( -1.000000000000000000, 0.000000000000000000, 0.000000000000000000 ) ) ;
#6956 = CARTESIAN_POINT ( 'NONE',  ( 88.40000000000000568, -9.099999999999996092, -7.739999999999998437 ) ) ;
#6957 = DIRECTION ( 'NONE',  ( -0.000000000000000000, 1.000000000000000000, 3.001251688541188813E-16 ) ) ;
#6958 = EDGE_CURVE ( 'NONE', #11869, #9737, #1444, .T. ) ;
#6959 = VECTOR ( 'NONE', #3570, 1000.000000000000000 ) ;
#6960 = LINE ( 'NONE', #8198, #1803 ) ;
#6961 = AXIS2_PLACEMENT_3D ( 'NONE', #351, #7147, #1372 ) ;
#6962 = PLANE ( 'NONE',  #10684 ) ;
#6963 = DIRECTION ( 'NONE',  ( 0.000000000000000000, -1.000000000000000000, -1.234678630588475078E-16 ) ) ;
#6964 = CARTESIAN_POINT ( 'NONE',  ( -0.2000000000000000111, -1.649999999999729017, 12.27259155458886397 ) ) ;
#6965 = EDGE_CURVE ( 'NONE', #11926, #12424, #6294, .T. ) ;
#6966 = DIRECTION ( 'NONE',  ( 0.000000000000000000, -1.000000000000000000, -2.110556468111117249E-16 ) ) ;
#6967 = EDGE_CURVE ( 'NONE', #11430, #3148, #9161, .T. ) ;
#6968 = ORIENTED_EDGE ( 'NONE', *, *, #8898, .F. ) ;
#6969 = CARTESIAN_POINT ( 'NONE',  ( -1.536199621067940280, -12.94882415093155892, -16.73377862417525463 ) ) ;
#6970 = CARTESIAN_POINT ( 'NONE',  ( 70.60000000000000853, 11.79999999999999716, -11.53999999999999737 ) ) ;
#6971 = EDGE_LOOP ( 'NONE', ( #7313, #72, #5690, #7974, #6723, #12437, #11044, #9989, #3207, #7592, #10799 ) ) ;
#6972 = ORIENTED_EDGE ( 'NONE', *, *, #9702, .T. ) ;
#6973 = CIRCLE ( 'NONE', #3224, 1.000000000000000888 ) ;
#6974 = DIRECTION ( 'NONE',  ( -0.000000000000000000, 1.000000000000000000, 3.001251688541188813E-16 ) ) ;
#6975 = CARTESIAN_POINT ( 'NONE',  ( 3.799999999999999378, -19.10000000000000142, 36.79999999999999716 ) ) ;
#6976 = PLANE ( 'NONE',  #10405 ) ;
#6977 = AXIS2_PLACEMENT_3D ( 'NONE', #8712, #20, #9701 ) ;
#6978 = VERTEX_POINT ( 'NONE', #4914 ) ;
#6979 = VERTEX_POINT ( 'NONE', #7938 ) ;
#6980 = VERTEX_POINT ( 'NONE', #2209 ) ;
#6981 = ORIENTED_EDGE ( 'NONE', *, *, #3925, .F. ) ;
#6982 = ORIENTED_EDGE ( 'NONE', *, *, #2117, .T. ) ;
#6983 = EDGE_CURVE ( 'NONE', #442, #12043, #5512, .T. ) ;
#6984 = DIRECTION ( 'NONE',  ( -0.000000000000000000, -1.000000000000000000, -0.000000000000000000 ) ) ;
#6985 = AXIS2_PLACEMENT_3D ( 'NONE', #1518, #5171, #8116 ) ;
#6986 = ADVANCED_FACE ( 'NONE', ( #8549 ), #1306, .F. ) ;
#6987 = CARTESIAN_POINT ( 'NONE',  ( -0.2000000000000000111, -1.545900930049274757, -1.676069146806784134E-16 ) ) ;
#6988 = ORIENTED_EDGE ( 'NONE', *, *, #7304, .T. ) ;
#6989 = CLOSED_SHELL ( 'NONE', ( #10115, #8274, #9139, #5891, #8123, #6731, #5997, #8499, #167, #11393, #7879, #3257, #2056, #8959, #6548, #2166, #1525, #3487, #11959, #7985, #4342, #3854, #2439, #7835, #6160, #12476, #12460, #2950, #2606, #10881, #11004, #4113, #11943, #3077, #9249, #28, #6940, #7137, #11523, #4708, #7069, #6055, #10770, #5576, #11723, #836, #11453, #9785, #2136, #3019, #2419, #8168, #4955, #1235, #363, #4561, #5695, #313, #326, #2967, #1325, #8233, #7574, #5846, #9925, #1284, #445, #7053, #2565, #2867, #2831, #4283, #8618, #6491, #4051, #3120, #10705, #899, #6273, #12120, #5932, #6288, #12507, #97, #9125, #12544, #4940, #7255, #8882, #9001, #9083, #1396, #1039, #6230, #6638, #5714, #9019, #9875, #12005, #11575, #1584, #5298, #4677, #9532, #8067, #10601, #3362, #8850, #4920, #12414, #12141, #6986, #5062, #8642, #1462, #8940, #5784, #1103, #6565, #11636, #8834, #3297, #8653, #10033, #7803, #9977, #9070, #6036, #2072, #6113, #7691, #4646, #8783, #2296, #2762, #3060, #3184, #1086, #5345, #10553, #997, #773, #821, #6171, #4215, #3312, #11657, #7863, #6951, #5163, #1782, #7647, #10895, #1720, #10928, #9285, #9835, #11105, #7620, #8518, #11122, #4997, #4007, #11169, #704, #956, #2348, #11745, #266, #10819, #10666, #6426, #2698, #5450, #10801, #4399, #3617, #2012, #10158, #4887, #5285, #6765, #2109, #4034, #7925, #149, #2185, #380, #5081, #8182, #4234, #2929, #1925, #10534, #3440, #758, #7590, #1510, #3729, #1191, #10441, #8309, #930, #5245, #1806, #10864, #1709, #2310, #3201, #12053, #10946, #7815, #7677, #9471, #5863, #2551, #12069, #8109, #9855, #12185, #3093, #799, #6833, #11554, #1951, #3807, #3238, #2366, #1069, #5957, #1443, #4298, #4875, #10315, #9943, #11810, #3428, #8586, #10688, #9739, #192, #6804, #9602, #1842, #586, #10170, #85, #4983, #9413, #11992, #11375, #491, #9806, #6102, #10211, #5226, #6703, #9487, #7308, #4095, #9997, #9202, #73, #5643, #9181, #12287, #9514, #3791, #10759, #4170, #1871, #10634, #942, #4435, #2815, #11244, #1149, #1019, #7740, #5107, #10503, #2202, #8048, #3994, #6215, #11062, #4152, #250, #7380, #11872, #5979, #9766, #7954, #2474, #1265, #11623, #6926, #10569, #5659, #5593, #3695, #6669, #1344, #1133, #10049, #6884, #427, #12526, #5381, #11784, #7195, #7017, #2900, #4361, #6898, #7122, #5123, #9546, #8005, #6819, #8554, #9, #3036, #558, #219, #4066, #2620, #11591, #9662, #9899, #7174, #1215, #1742, #1599, #8217, #11764, #1388, #11891, #2251, #7242 ) ) ;
#6990 = CIRCLE ( 'NONE', #12275, 1.000000000000000888 ) ;
#6991 = CARTESIAN_POINT ( 'NONE',  ( 35.80000000000000426, -19.10000000000000142, 25.79999999999999361 ) ) ;
#6992 = ORIENTED_EDGE ( 'NONE', *, *, #4094, .F. ) ;
#6993 = DIRECTION ( 'NONE',  ( 1.000000000000000000, 0.000000000000000000, -0.000000000000000000 ) ) ;
#6994 = LINE ( 'NONE', #7871, #10793 ) ;
#6995 = AXIS2_PLACEMENT_3D ( 'NONE', #7435, #3563, #4473 ) ;
#6996 = CARTESIAN_POINT ( 'NONE',  ( -1.000000000000000000, -3.045900930049277200, 18.39936534720461481 ) ) ;
#6997 = AXIS2_PLACEMENT_3D ( 'NONE', #8519, #6684, #7648 ) ;
#6998 = CARTESIAN_POINT ( 'NONE',  ( 35.80000000000000426, -17.50000000000000355, 42.79999999999999005 ) ) ;
#6999 = CARTESIAN_POINT ( 'NONE',  ( 70.74966591279140005, 15.51016901305974827, -16.51240665707781474 ) ) ;
#7000 = CARTESIAN_POINT ( 'NONE',  ( 62.80000000000001137, -17.50000000000000000, 20.79999999999999716 ) ) ;
#7001 = ORIENTED_EDGE ( 'NONE', *, *, #11518, .F. ) ;
#7002 = VERTEX_POINT ( 'NONE', #9947 ) ;
#7003 = PLANE ( 'NONE',  #10936 ) ;
#7004 = AXIS2_PLACEMENT_3D ( 'NONE', #6934, #10748, #117 ) ;
#7005 = VECTOR ( 'NONE', #8471, 1000.000000000000000 ) ;
#7006 = ORIENTED_EDGE ( 'NONE', *, *, #6239, .T. ) ;
#7007 = CARTESIAN_POINT ( 'NONE',  ( -0.2000000000000000111, -15.90000000000001457, -1.963139022635676941E-15 ) ) ;
#7008 = CARTESIAN_POINT ( 'NONE',  ( -1.708364182974405843, -13.60005196236269498, -16.34037758869778401 ) ) ;
#7009 = ORIENTED_EDGE ( 'NONE', *, *, #12458, .F. ) ;
#7010 = CARTESIAN_POINT ( 'NONE',  ( 35.80000000000000426, -19.10000000000000142, 44.79999999999999005 ) ) ;
#7011 = VERTEX_POINT ( 'NONE', #126 ) ;
#7012 = DIRECTION ( 'NONE',  ( 0.000000000000000000, 0.000000000000000000, 1.000000000000000000 ) ) ;
#7013 = CARTESIAN_POINT ( 'NONE',  ( 68.40000000000000568, -3.200000000000001510, -0.7999999999999999334 ) ) ;
#7014 = LINE ( 'NONE', #4804, #11548 ) ;
#7015 = VERTEX_POINT ( 'NONE', #6095 ) ;
#7016 = VECTOR ( 'NONE', #5900, 1000.000000000000000 ) ;
#7017 = ADVANCED_FACE ( 'NONE', ( #10391 ), #5840, .F. ) ;
#7018 = EDGE_CURVE ( 'NONE', #3654, #5137, #388, .T. ) ;
#7019 = CARTESIAN_POINT ( 'NONE',  ( 86.79999999999999716, 0.000000000000000000, 0.000000000000000000 ) ) ;
#7020 = EDGE_CURVE ( 'NONE', #1607, #7444, #11610, .T. ) ;
#7021 = VERTEX_POINT ( 'NONE', #11003 ) ;
#7022 = CARTESIAN_POINT ( 'NONE',  ( 4.799999999999999822, -19.10000000000000142, 29.80000000000000071 ) ) ;
#7023 = DIRECTION ( 'NONE',  ( -1.000000000000000000, 0.000000000000000000, 0.000000000000000000 ) ) ;
#7024 = VERTEX_POINT ( 'NONE', #7117 ) ;
#7025 = CARTESIAN_POINT ( 'NONE',  ( 88.40000000000000568, -0.1000000000000000056, 36.89999999999971436 ) ) ;
#7026 = VECTOR ( 'NONE', #223, 1000.000000000000000 ) ;
#7027 = ORIENTED_EDGE ( 'NONE', *, *, #4078, .F. ) ;
#7028 = DIRECTION ( 'NONE',  ( 0.000000000000000000, 0.000000000000000000, -1.000000000000000000 ) ) ;
#7029 = ORIENTED_EDGE ( 'NONE', *, *, #5722, .F. ) ;
#7030 = CYLINDRICAL_SURFACE ( 'NONE', #6017, 1.000000000000000888 ) ;
#7031 = CARTESIAN_POINT ( 'NONE',  ( 66.40000000000000568, -3.192321953927066414, -0.8484772750227331795 ) ) ;
#7032 = ORIENTED_EDGE ( 'NONE', *, *, #5144, .F. ) ;
#7033 = EDGE_CURVE ( 'NONE', #9055, #9032, #2665, .T. ) ;
#7034 = DIRECTION ( 'NONE',  ( 1.000000000000000000, 0.000000000000000000, 0.000000000000000000 ) ) ;
#7035 = LINE ( 'NONE', #5523, #5641 ) ;
#7036 = CARTESIAN_POINT ( 'NONE',  ( 35.80000000000000426, -19.10000000000000497, 29.79999999999999361 ) ) ;
#7037 = AXIS2_PLACEMENT_3D ( 'NONE', #631, #7423, #8355 ) ;
#7038 = EDGE_CURVE ( 'NONE', #9974, #9492, #7519, .T. ) ;
#7039 = EDGE_CURVE ( 'NONE', #8259, #5505, #3567, .T. ) ;
#7040 = PLANE ( 'NONE',  #9643 ) ;
#7041 = CARTESIAN_POINT ( 'NONE',  ( 43.24999999996615685, -3.900000000034580694, -1.800000000000000044 ) ) ;
#7042 = VERTEX_POINT ( 'NONE', #6894 ) ;
#7043 = CYLINDRICAL_SURFACE ( 'NONE', #4536, 1.000000000000000888 ) ;
#7044 = CARTESIAN_POINT ( 'NONE',  ( 6.800000000000001599, -19.10000000000000142, 56.20000000000000284 ) ) ;
#7045 = CYLINDRICAL_SURFACE ( 'NONE', #7981, 1.000000000000000888 ) ;
#7046 = DIRECTION ( 'NONE',  ( 0.000000000000000000, -1.000000000000000000, -1.234678630588475078E-16 ) ) ;
#7047 = ORIENTED_EDGE ( 'NONE', *, *, #11334, .T. ) ;
#7048 = VECTOR ( 'NONE', #8348, 1000.000000000000000 ) ;
#7049 = ORIENTED_EDGE ( 'NONE', *, *, #10030, .T. ) ;
#7050 = CARTESIAN_POINT ( 'NONE',  ( -0.2000000000000000111, -9.500000000000001776, 28.80000000000000071 ) ) ;
#7051 = CARTESIAN_POINT ( 'NONE',  ( 87.61411549409973532, -11.58620013662168624, -17.33420337862452953 ) ) ;
#7052 = LINE ( 'NONE', #434, #10226 ) ;
#7053 = ADVANCED_FACE ( 'NONE', ( #12040 ), #8820, .F. ) ;
#7054 = VERTEX_POINT ( 'NONE', #9841 ) ;
#7055 = CARTESIAN_POINT ( 'NONE',  ( -1.158297001567790252, -11.92552749546270086, -17.20948158354991619 ) ) ;
#7056 = CARTESIAN_POINT ( 'NONE',  ( 70.60000000000000853, 11.79999999999999893, -11.50000000000000000 ) ) ;
#7057 = LINE ( 'NONE', #9236, #2645 ) ;
#7058 = CARTESIAN_POINT ( 'NONE',  ( 31.80000000000000071, -17.50000000000000000, 4.799999999999999822 ) ) ;
#7059 = LINE ( 'NONE', #6362, #5041 ) ;
#7060 = DIRECTION ( 'NONE',  ( 1.000000000000000000, -0.000000000000000000, -0.000000000000000000 ) ) ;
#7061 = ORIENTED_EDGE ( 'NONE', *, *, #3591, .T. ) ;
#7062 = CIRCLE ( 'NONE', #1286, 1.249999999975583087 ) ;
#7063 = EDGE_CURVE ( 'NONE', #4016, #11113, #11299, .T. ) ;
#7064 = VERTEX_POINT ( 'NONE', #161 ) ;
#7065 = DIRECTION ( 'NONE',  ( 0.000000000000000000, -1.000000000000000000, -0.000000000000000000 ) ) ;
#7066 = AXIS2_PLACEMENT_3D ( 'NONE', #4090, #6966, #5980 ) ;
#7067 = ORIENTED_EDGE ( 'NONE', *, *, #10837, .T. ) ;
#7068 = FACE_OUTER_BOUND ( 'NONE', #4250, .T. ) ;
#7069 = ADVANCED_FACE ( 'NONE', ( #1602 ), #114, .T. ) ;
#7070 = LINE ( 'NONE', #12396, #5676 ) ;
#7071 = ORIENTED_EDGE ( 'NONE', *, *, #9614, .T. ) ;
#7072 = EDGE_LOOP ( 'NONE', ( #4453, #1136, #7237, #5476 ) ) ;
#7073 = CARTESIAN_POINT ( 'NONE',  ( -1.800000000000000266, -17.50000000000000000, 6.800000000000000711 ) ) ;
#7074 = AXIS2_PLACEMENT_3D ( 'NONE', #5841, #1101, #7873 ) ;
#7075 = FACE_OUTER_BOUND ( 'NONE', #10617, .T. ) ;
#7076 = DIRECTION ( 'NONE',  ( 0.000000000000000000, 0.000000000000000000, 1.000000000000000000 ) ) ;
#7077 = CARTESIAN_POINT ( 'NONE',  ( 70.20000000000001705, 15.00000000000000000, -11.50000000000000000 ) ) ;
#7078 = DIRECTION ( 'NONE',  ( 0.000000000000000000, 0.000000000000000000, 1.000000000000000000 ) ) ;
#7079 = CARTESIAN_POINT ( 'NONE',  ( 62.80000000000001137, -19.10000000000000142, 21.79999999999999716 ) ) ;
#7080 = ORIENTED_EDGE ( 'NONE', *, *, #11415, .T. ) ;
#7081 = EDGE_LOOP ( 'NONE', ( #5699, #10153, #4174, #5544, #11010, #2889 ) ) ;
#7082 = AXIS2_PLACEMENT_3D ( 'NONE', #5415, #4393, #11121 ) ;
#7083 = DIRECTION ( 'NONE',  ( 0.000000000000000000, -1.000000000000000000, -1.234678630588475078E-16 ) ) ;
#7084 = DIRECTION ( 'NONE',  ( -0.000000000000000000, 1.000000000000000000, 3.001251688541188813E-16 ) ) ;
#7085 = VERTEX_POINT ( 'NONE', #1941 ) ;
#7086 = ORIENTED_EDGE ( 'NONE', *, *, #7447, .T. ) ;
#7087 = CARTESIAN_POINT ( 'NONE',  ( 86.65119256128139114, -9.593038064929364950, -17.72421620602956693 ) ) ;
#7088 = CIRCLE ( 'NONE', #3355, 1.000000000000000000 ) ;
#7089 = DIRECTION ( 'NONE',  ( 0.000000000000000000, -1.000000000000000000, 0.000000000000000000 ) ) ;
#7090 = VECTOR ( 'NONE', #5597, 1000.000000000000000 ) ;
#7091 = CARTESIAN_POINT ( 'NONE',  ( 34.80000000000000426, -19.10000000000000142, 42.79999999999999005 ) ) ;
#7092 = CARTESIAN_POINT ( 'NONE',  ( 3.666666666666652752, -14.48030243768761238, -15.85111111111112159 ) ) ;
#7093 = DIRECTION ( 'NONE',  ( -0.000000000000000000, 1.000000000000000000, 3.001251688541188813E-16 ) ) ;
#7094 = AXIS2_PLACEMENT_3D ( 'NONE', #4655, #8552, #6626 ) ;
#7095 = CARTESIAN_POINT ( 'NONE',  ( 86.54510452788019848, -9.384480584939792536, -17.73494117051659913 ) ) ;
#7096 = LINE ( 'NONE', #4359, #4172 ) ;
#7097 = DIRECTION ( 'NONE',  ( 0.000000000000000000, -1.000000000000000000, 0.000000000000000000 ) ) ;
#7098 = DIRECTION ( 'NONE',  ( -0.000000000000000000, 0.000000000000000000, 1.000000000000000000 ) ) ;
#7099 = ORIENTED_EDGE ( 'NONE', *, *, #2731, .F. ) ;
#7100 = ORIENTED_EDGE ( 'NONE', *, *, #8993, .T. ) ;
#7101 = ORIENTED_EDGE ( 'NONE', *, *, #8900, .T. ) ;
#7102 = LINE ( 'NONE', #1979, #1950 ) ;
#7103 = CARTESIAN_POINT ( 'NONE',  ( -1.510193072320496599, -12.86757576004760750, -16.77749819855143087 ) ) ;
#7104 = CARTESIAN_POINT ( 'NONE',  ( 3.799999999999999378, -19.10000000000000142, 16.80000000000000071 ) ) ;
#7105 = EDGE_CURVE ( 'NONE', #10273, #3007, #2224, .T. ) ;
#7106 = DIRECTION ( 'NONE',  ( 0.000000000000000000, 0.000000000000000000, -1.000000000000000000 ) ) ;
#7107 = CARTESIAN_POINT ( 'NONE',  ( 62.80000000000001137, -19.10000000000000142, 29.79999999999999716 ) ) ;
#7108 = CARTESIAN_POINT ( 'NONE',  ( 4.799999999999999822, -19.10000000000000142, 21.80000000000000071 ) ) ;
#7109 = EDGE_CURVE ( 'NONE', #3654, #10455, #9317, .T. ) ;
#7110 = DIRECTION ( 'NONE',  ( -0.000000000000000000, 1.000000000000000000, 0.000000000000000000 ) ) ;
#7111 = ORIENTED_EDGE ( 'NONE', *, *, #11654, .T. ) ;
#7112 = FACE_OUTER_BOUND ( 'NONE', #3084, .T. ) ;
#7113 = ORIENTED_EDGE ( 'NONE', *, *, #8573, .F. ) ;
#7114 = VERTEX_POINT ( 'NONE', #2961 ) ;
#7115 = DIRECTION ( 'NONE',  ( 0.5773502691896257311, -0.5773502691896257311, 0.5773502691896257311 ) ) ;
#7116 = ORIENTED_EDGE ( 'NONE', *, *, #4241, .F. ) ;
#7117 = CARTESIAN_POINT ( 'NONE',  ( 1.400000000000012568, -17.50000000000000000, 38.80000000000000426 ) ) ;
#7118 = EDGE_CURVE ( 'NONE', #6568, #9863, #1907, .T. ) ;
#7119 = DIRECTION ( 'NONE',  ( 0.000000000000000000, 1.000000000000000000, 0.000000000000000000 ) ) ;
#7120 = EDGE_CURVE ( 'NONE', #3344, #2182, #8387, .T. ) ;
#7121 = ORIENTED_EDGE ( 'NONE', *, *, #11894, .T. ) ;
#7122 = ADVANCED_FACE ( 'NONE', ( #11599 ), #5054, .F. ) ;
#7123 = FACE_OUTER_BOUND ( 'NONE', #81, .T. ) ;
#7124 = CARTESIAN_POINT ( 'NONE',  ( 4.799999999999999822, -17.50000000000000000, 34.79999999999999716 ) ) ;
#7125 = ORIENTED_EDGE ( 'NONE', *, *, #52, .F. ) ;
#7126 = EDGE_CURVE ( 'NONE', #11537, #2744, #3557, .T. ) ;
#7127 = VECTOR ( 'NONE', #12238, 1000.000000000000000 ) ;
#7128 = VERTEX_POINT ( 'NONE', #11838 ) ;
#7129 = DIRECTION ( 'NONE',  ( 1.000000000000000000, -0.000000000000000000, -0.000000000000000000 ) ) ;
#7130 = FACE_OUTER_BOUND ( 'NONE', #9290, .T. ) ;
#7131 = CARTESIAN_POINT ( 'NONE',  ( 2.501791873104504571, -10.49391214965839936, -17.61283308600566144 ) ) ;
#7132 = DIRECTION ( 'NONE',  ( -1.399999999999999714E-14, -9.999999999999999988E-15, -1.000000000000000000 ) ) ;
#7133 = DIRECTION ( 'NONE',  ( 0.000000000000000000, 0.000000000000000000, -1.000000000000000000 ) ) ;
#7134 = CARTESIAN_POINT ( 'NONE',  ( 32.80000000000000426, -19.10000000000000142, 17.80000000000000071 ) ) ;
#7135 = LINE ( 'NONE', #3123, #2144 ) ;
#7136 = DIRECTION ( 'NONE',  ( 1.000000000000000000, 0.000000000000000000, 0.000000000000000000 ) ) ;
#7137 = ADVANCED_FACE ( 'NONE', ( #10081 ), #5116, .T. ) ;
#7138 = CARTESIAN_POINT ( 'NONE',  ( 35.80000000000000426, -17.50000000000000711, 41.79999999999999716 ) ) ;
#7139 = VECTOR ( 'NONE', #11938, 1000.000000000000000 ) ;
#7140 = EDGE_CURVE ( 'NONE', #8118, #7193, #4590, .T. ) ;
#7141 = DIRECTION ( 'NONE',  ( -1.400000000000000345E-14, -1.000000000000000000, 1.000000000000019563E-14 ) ) ;
#7142 = B_SPLINE_CURVE_WITH_KNOTS ( 'NONE', 3,
 ( #4341, #5302, #5223, #12119, #4380, #6237, #12026, #9226, #1400, #1564, #5391, #6344, #3403, #5344, #6307, #7342, #1528, #11104, #8317, #426, #8166, #4418, #2553, #6388, #8273, #5265, #2516, #468, #598, #3315, #7259, #9270, #10093, #4257, #3486, #8196, #512, #10251, #12208, #7215, #2395, #9142, #3361, #12075, #4304, #1440, #6272, #7306, #9178, #10173, #1488, #3535, #8933, #3156, #4168, #10849, #6953, #9877, #11955, #6023, #6152, #7087, #4126, #10814, #221, #5100, #339, #1184, #10897, #7955, #2179 ),
 .UNSPECIFIED., .F., .F.,
 ( 4, 2, 1, 1, 2, 2, 2, 1, 1, 2, 2, 2, 1, 1, 2, 2, 2, 1, 1, 2, 2, 2, 1, 1, 2, 2, 2, 1, 1, 1, 2, 2, 2, 1, 1, 1, 2, 2, 2, 1, 1, 1, 2, 2, 4 ),
 ( 0.000000000000000000, 0.06249999999997056521, 0.09374999999995584088, 0.1093749999999484857, 0.1171874999999453354, 0.1249999999999421851, 0.1874999999999228950, 0.2187499999999128475, 0.2343749999999074352, 0.2421874999999047429, 0.2499999999999020228, 0.3124999999998861466, 0.3437499999998782085, 0.3593749999998752109, 0.3671874999998750444, 0.3749999999998748224, 0.4374999999998818168, 0.4687499999998841482, 0.4843749999998868683, 0.4921874999998890887, 0.4999999999998914202, 0.5624999999999039657, 0.5937499999999091838, 0.6093749999999118483, 0.6171874999999131806, 0.6249999999999145128, 0.6874999999999221734, 0.7187499999999259481, 0.7343749999999278355, 0.7421874999999283906, 0.7460937499999286127, 0.7499999999999288347, 0.8124999999999698019, 0.8437499999999905631, 0.8593750000000019984, 0.8671875000000076605, 0.8710937500000092149, 0.8750000000000106581, 0.9062500000000129896, 0.9218750000000129896, 0.9296875000000145439, 0.9335937500000154321, 0.9355468750000157652, 0.9375000000000162093, 1.000000000000000000 ),
 .UNSPECIFIED. ) ;
#7143 = CARTESIAN_POINT ( 'NONE',  ( 35.14999999999955804, -3.200000000000001510, -0.2000000000000005107 ) ) ;
#7144 = ORIENTED_EDGE ( 'NONE', *, *, #1949, .F. ) ;
#7145 = VECTOR ( 'NONE', #4468, 1000.000000000000000 ) ;
#7146 = CARTESIAN_POINT ( 'NONE',  ( 35.80000000000000426, -19.09999999999999787, 13.79999999999999716 ) ) ;
#7147 = DIRECTION ( 'NONE',  ( 0.000000000000000000, -1.000000000000000000, 0.000000000000000000 ) ) ;
#7148 = ORIENTED_EDGE ( 'NONE', *, *, #5300, .F. ) ;
#7149 = ORIENTED_EDGE ( 'NONE', *, *, #8221, .T. ) ;
#7150 = DIRECTION ( 'NONE',  ( -1.000000000000000000, 0.000000000000000000, 0.000000000000000000 ) ) ;
#7151 = CIRCLE ( 'NONE', #8412, 1.900000000000002354 ) ;
#7152 = FACE_OUTER_BOUND ( 'NONE', #1243, .T. ) ;
#7153 = AXIS2_PLACEMENT_3D ( 'NONE', #11218, #8621, #10292 ) ;
#7154 = DIRECTION ( 'NONE',  ( 1.000000000000000000, 0.000000000000000000, 0.000000000000000000 ) ) ;
#7155 = ORIENTED_EDGE ( 'NONE', *, *, #5513, .T. ) ;
#7156 = EDGE_CURVE ( 'NONE', #4944, #3022, #9462, .T. ) ;
#7157 = LINE ( 'NONE', #12318, #6849 ) ;
#7158 = CARTESIAN_POINT ( 'NONE',  ( 56.39999999999999858, -11.20000000000000462, -1.800000000000000044 ) ) ;
#7159 = ORIENTED_EDGE ( 'NONE', *, *, #2168, .F. ) ;
#7160 = ORIENTED_EDGE ( 'NONE', *, *, #1838, .F. ) ;
#7161 = EDGE_LOOP ( 'NONE', ( #3775, #10442, #7786, #4287, #45 ) ) ;
#7162 = CARTESIAN_POINT ( 'NONE',  ( -1.800000000000000266, -9.500000000000001776, 16.80000000000000071 ) ) ;
#7163 = CARTESIAN_POINT ( 'NONE',  ( 29.84999999996620090, -4.178999999995310925E-13, -1.800000000000000044 ) ) ;
#7164 = ORIENTED_EDGE ( 'NONE', *, *, #10512, .T. ) ;
#7165 = DIRECTION ( 'NONE',  ( -0.000000000000000000, 1.000000000000000000, 3.001251688541188813E-16 ) ) ;
#7166 = PLANE ( 'NONE',  #4270 ) ;
#7167 = ORIENTED_EDGE ( 'NONE', *, *, #11395, .F. ) ;
#7168 = ORIENTED_EDGE ( 'NONE', *, *, #10197, .T. ) ;
#7169 = CARTESIAN_POINT ( 'NONE',  ( 36.39999999994491731, -5.150000000033649883, -1.800000000000000044 ) ) ;
#7170 = ORIENTED_EDGE ( 'NONE', *, *, #5128, .T. ) ;
#7171 = CIRCLE ( 'NONE', #7704, 1.000000000000000888 ) ;
#7172 = CARTESIAN_POINT ( 'NONE',  ( 87.10000000000009379, -17.20000000000010942, 39.19999999999971863 ) ) ;
#7173 = CARTESIAN_POINT ( 'NONE',  ( 88.12463131742089217, -12.91256977724736998, -16.75333907198421102 ) ) ;
#7174 = ADVANCED_FACE ( 'NONE', ( #10380 ), #7801, .F. ) ;
#7175 = LINE ( 'NONE', #7334, #10052 ) ;
#7176 = DIRECTION ( 'NONE',  ( 0.000000000000000000, -1.000000000000000000, -1.234678630588475078E-16 ) ) ;
#7177 = ORIENTED_EDGE ( 'NONE', *, *, #11659, .T. ) ;
#7178 = LINE ( 'NONE', #9720, #9565 ) ;
#7179 = DIRECTION ( 'NONE',  ( 0.000000000000000000, -6.478347848338164592E-14, 1.000000000000000000 ) ) ;
#7180 = DIRECTION ( 'NONE',  ( 0.000000000000000000, -1.000000000000000000, 0.000000000000000000 ) ) ;
#7181 = DIRECTION ( 'NONE',  ( 0.000000000000000000, -0.000000000000000000, 1.000000000000000000 ) ) ;
#7182 = DIRECTION ( 'NONE',  ( 0.000000000000000000, -1.000000000000000000, 0.000000000000000000 ) ) ;
#7183 = DIRECTION ( 'NONE',  ( 0.000000000000000000, 1.000000000000000000, 0.000000000000000000 ) ) ;
#7184 = CARTESIAN_POINT ( 'NONE',  ( 84.40000000000000568, -0.09999999999999889533, 56.79999999999999716 ) ) ;
#7185 = AXIS2_PLACEMENT_3D ( 'NONE', #1074, #9718, #6929 ) ;
#7186 = EDGE_CURVE ( 'NONE', #11885, #1593, #2976, .T. ) ;
#7187 = CARTESIAN_POINT ( 'NONE',  ( 87.03786935925498369, -10.75610976735361746, -17.60263187453053746 ) ) ;
#7188 = FACE_OUTER_BOUND ( 'NONE', #10507, .T. ) ;
#7189 = ORIENTED_EDGE ( 'NONE', *, *, #68, .T. ) ;
#7190 = ORIENTED_EDGE ( 'NONE', *, *, #11378, .F. ) ;
#7191 = LINE ( 'NONE', #6510, #6736 ) ;
#7192 = EDGE_CURVE ( 'NONE', #416, #7615, #7653, .T. ) ;
#7193 = VERTEX_POINT ( 'NONE', #10023 ) ;
#7194 = DIRECTION ( 'NONE',  ( 1.000000000000000000, 0.000000000000000000, -0.000000000000000000 ) ) ;
#7195 = ADVANCED_FACE ( 'NONE', ( #536 ), #3130, .F. ) ;
#7196 = CARTESIAN_POINT ( 'NONE',  ( 71.07728358824573434, -13.76014123068383910, -16.58866995918782195 ) ) ;
#7197 = PLANE ( 'NONE',  #9913 ) ;
#7198 = LINE ( 'NONE', #6354, #11419 ) ;
#7199 = LINE ( 'NONE', #11909, #6751 ) ;
#7200 = EDGE_CURVE ( 'NONE', #2744, #6618, #9012, .T. ) ;
#7201 = VECTOR ( 'NONE', #5986, 1000.000000000000000 ) ;
#7202 = CARTESIAN_POINT ( 'NONE',  ( 86.93895217238491568, -10.49229856589979804, -17.64261130869429195 ) ) ;
#7203 = AXIS2_PLACEMENT_3D ( 'NONE', #4896, #885, #3942 ) ;
#7204 = ORIENTED_EDGE ( 'NONE', *, *, #2655, .F. ) ;
#7205 = EDGE_CURVE ( 'NONE', #5000, #7931, #4898, .T. ) ;
#7206 = PLANE ( 'NONE',  #7468 ) ;
#7207 = EDGE_CURVE ( 'NONE', #10410, #9381, #10234, .T. ) ;
#7208 = DIRECTION ( 'NONE',  ( 1.000000000000000000, -0.000000000000000000, -0.000000000000000000 ) ) ;
#7209 = VECTOR ( 'NONE', #477, 1000.000000000000000 ) ;
#7210 = ORIENTED_EDGE ( 'NONE', *, *, #11920, .F. ) ;
#7211 = FACE_OUTER_BOUND ( 'NONE', #8347, .T. ) ;
#7212 = DIRECTION ( 'NONE',  ( 0.000000000000000000, 0.000000000000000000, -1.000000000000000000 ) ) ;
#7213 = FACE_OUTER_BOUND ( 'NONE', #9289, .T. ) ;
#7214 = CARTESIAN_POINT ( 'NONE',  ( 86.40000000000000568, -9.099999999999996092, -17.73999999999999844 ) ) ;
#7215 = CARTESIAN_POINT ( 'NONE',  ( 87.42396586856192187, -11.16898713594661174, -17.45800958812954207 ) ) ;
#7216 = LINE ( 'NONE', #4538, #6914 ) ;
#7217 = FACE_BOUND ( 'NONE', #10372, .T. ) ;
#7218 = DIRECTION ( 'NONE',  ( 0.000000000000000000, 1.000000000000000000, 0.000000000000000000 ) ) ;
#7219 = DIRECTION ( 'NONE',  ( 0.000000000000000000, -1.000000000000000000, 0.000000000000000000 ) ) ;
#7220 = B_SPLINE_CURVE_WITH_KNOTS ( 'NONE', 3,
 ( #754, #2681, #6616, #7595, #2016, #8855, #3074, #10681, #9830, #9660, #1106, #4938, #4010, #2945, #10776, #963, #11570, #6881 ),
 .UNSPECIFIED., .F., .F.,
 ( 4, 2, 2, 2, 2, 2, 2, 2, 4 ),
 ( -1.574802300844119687E-05, 0.0003295906482095902726, 0.0006749293194276217251, 0.001365606661863679860, 0.002056284004299738320, 0.002746961346735796346, 0.004128316031607915000, 0.004818993374043971725, 0.005509670716480027583 ),
 .UNSPECIFIED. ) ;
#7221 = CARTESIAN_POINT ( 'NONE',  ( -1.800000000000000266, -9.500000000000001776, 20.80000000000000071 ) ) ;
#7222 = CARTESIAN_POINT ( 'NONE',  ( 84.20000000000001705, 11.79999999999999893, -11.50000000000000000 ) ) ;
#7223 = CARTESIAN_POINT ( 'NONE',  ( 8.029999999999516191, -5.209999999999815223, -1.800000000000000044 ) ) ;
#7224 = AXIS2_PLACEMENT_3D ( 'NONE', #3833, #11690, #948 ) ;
#7225 = VECTOR ( 'NONE', #10656, 1000.000000000000000 ) ;
#7226 = CARTESIAN_POINT ( 'NONE',  ( 31.80000000000000071, -19.10000000000000142, 6.799999999999999822 ) ) ;
#7227 = DIRECTION ( 'NONE',  ( 0.000000000000000000, 9.351609034915419067E-17, -1.000000000000000000 ) ) ;
#7228 = ORIENTED_EDGE ( 'NONE', *, *, #1405, .T. ) ;
#7229 = ORIENTED_EDGE ( 'NONE', *, *, #5778, .T. ) ;
#7230 = VECTOR ( 'NONE', #8194, 1000.000000000000000 ) ;
#7231 = DIRECTION ( 'NONE',  ( 0.000000000000000000, 0.000000000000000000, 1.000000000000000000 ) ) ;
#7232 = ORIENTED_EDGE ( 'NONE', *, *, #9613, .T. ) ;
#7233 = FACE_OUTER_BOUND ( 'NONE', #4334, .T. ) ;
#7234 = DIRECTION ( 'NONE',  ( 0.000000000000000000, 0.000000000000000000, 1.000000000000000000 ) ) ;
#7235 = CARTESIAN_POINT ( 'NONE',  ( 62.80000000000001137, -19.10000000000000142, 25.79999999999999716 ) ) ;
#7236 = DIRECTION ( 'NONE',  ( -0.000000000000000000, -0.000000000000000000, -1.000000000000000000 ) ) ;
#7237 = ORIENTED_EDGE ( 'NONE', *, *, #11651, .F. ) ;
#7238 = CARTESIAN_POINT ( 'NONE',  ( 72.18005354228752424, -10.17944762753312204, -17.68157857195712879 ) ) ;
#7239 = VERTEX_POINT ( 'NONE', #519 ) ;
#7240 = AXIS2_PLACEMENT_3D ( 'NONE', #4121, #1224, #1269 ) ;
#7241 = APPLICATION_PROTOCOL_DEFINITION ( 'draft international standard', 'automotive_design', 1998, #9248 ) ;
#7242 = ADVANCED_FACE ( 'NONE', ( #2360 ), #3259, .F. ) ;
#7243 = ORIENTED_EDGE ( 'NONE', *, *, #1875, .F. ) ;
#7244 = LINE ( 'NONE', #9831, #4465 ) ;
#7245 = AXIS2_PLACEMENT_3D ( 'NONE', #372, #4041, #8967 ) ;
#7246 = EDGE_LOOP ( 'NONE', ( #7099, #11318, #2289, #4568 ) ) ;
#7247 = CARTESIAN_POINT ( 'NONE',  ( 87.38274446947096408, -11.72740284506235930, -17.38897314387669368 ) ) ;
#7248 = MECHANICAL_DESIGN_GEOMETRIC_PRESENTATION_REPRESENTATION (  '', ( #7718 ), #7880 ) ;
#7249 = VECTOR ( 'NONE', #6304, 1000.000000000000000 ) ;
#7250 = DIRECTION ( 'NONE',  ( -1.000000000000000000, 0.000000000000000000, 0.000000000000000000 ) ) ;
#7251 = ORIENTED_EDGE ( 'NONE', *, *, #5835, .T. ) ;
#7252 = VERTEX_POINT ( 'NONE', #6277 ) ;
#7253 = DIRECTION ( 'NONE',  ( 1.000000000000000000, -0.000000000000000000, -0.000000000000000000 ) ) ;
#7254 = FACE_OUTER_BOUND ( 'NONE', #7354, .T. ) ;
#7255 = ADVANCED_FACE ( 'NONE', ( #10675 ), #11069, .F. ) ;
#7256 = AXIS2_PLACEMENT_3D ( 'NONE', #3119, #8902, #7885 ) ;
#7257 = CARTESIAN_POINT ( 'NONE',  ( 87.99563260539163423, -14.41204157704821576, -16.21339945378196035 ) ) ;
#7258 = CARTESIAN_POINT ( 'NONE',  ( 70.60000000000000853, 11.08431457505077589, -11.08431457505075102 ) ) ;
#7259 = CARTESIAN_POINT ( 'NONE',  ( 87.73314477059179239, -11.86660076509158657, -17.23090323509605426 ) ) ;
#7260 = ORIENTED_EDGE ( 'NONE', *, *, #7449, .F. ) ;
#7261 = DIRECTION ( 'NONE',  ( -1.000000000000000000, 0.000000000000000000, 0.000000000000000000 ) ) ;
#7262 = DIRECTION ( 'NONE',  ( 1.000000000000000000, -0.000000000000000000, 0.000000000000000000 ) ) ;
#7263 = VERTEX_POINT ( 'NONE', #4427 ) ;
#7264 = EDGE_CURVE ( 'NONE', #8154, #639, #3415, .T. ) ;
#7265 = DIRECTION ( 'NONE',  ( -1.000000000000000000, -0.000000000000000000, 0.000000000000000000 ) ) ;
#7266 = ORIENTED_EDGE ( 'NONE', *, *, #7281, .T. ) ;
#7267 = CARTESIAN_POINT ( 'NONE',  ( 63.80000000000001137, -17.50000000000000000, 21.79999999999999716 ) ) ;
#7268 = FACE_OUTER_BOUND ( 'NONE', #9465, .T. ) ;
#7269 = CARTESIAN_POINT ( 'NONE',  ( 2.199999999999993516, -10.30000000000001847, 56.79999999999999716 ) ) ;
#7270 = CARTESIAN_POINT ( 'NONE',  ( 34.80000000000000426, -19.10000000000000142, 26.79999999999999361 ) ) ;
#7271 = VERTEX_POINT ( 'NONE', #4385 ) ;
#7272 = EDGE_CURVE ( 'NONE', #2036, #7864, #8227, .T. ) ;
#7273 = VECTOR ( 'NONE', #687, 1000.000000000000000 ) ;
#7274 = CIRCLE ( 'NONE', #95, 1.000000000000000888 ) ;
#7275 = CARTESIAN_POINT ( 'NONE',  ( 110.2009174118888950, 7.687136352791989147, -0.1999999999999990119 ) ) ;
#7276 = CARTESIAN_POINT ( 'NONE',  ( 150.7570364914818697, -0.1000000000000002554, 57.79999999999999716 ) ) ;
#7277 = FACE_OUTER_BOUND ( 'NONE', #2385, .T. ) ;
#7278 = DIRECTION ( 'NONE',  ( 0.000000000000000000, -3.001251688541188813E-16, 1.000000000000000000 ) ) ;
#7279 = CIRCLE ( 'NONE', #9697, 1.000000000000000888 ) ;
#7280 = VERTEX_POINT ( 'NONE', #12033 ) ;
#7281 = EDGE_CURVE ( 'NONE', #8811, #4155, #2214, .T. ) ;
#7282 = CARTESIAN_POINT ( 'NONE',  ( 71.78698963864815141, -11.23787840265588400, -17.50881096714751806 ) ) ;
#7283 = LINE ( 'NONE', #8829, #4816 ) ;
#7284 = EDGE_CURVE ( 'NONE', #10783, #6110, #8085, .T. ) ;
#7285 = DIRECTION ( 'NONE',  ( 0.000000000000000000, -1.000000000000000000, -3.614007241618347292E-17 ) ) ;
#7286 = EDGE_CURVE ( 'NONE', #10816, #10982, #7052, .T. ) ;
#7287 = EDGE_CURVE ( 'NONE', #11605, #9691, #1734, .T. ) ;
#7288 = ORIENTED_EDGE ( 'NONE', *, *, #11740, .T. ) ;
#7289 = VERTEX_POINT ( 'NONE', #12086 ) ;
#7290 = LINE ( 'NONE', #1446, #4678 ) ;
#7291 = VERTEX_POINT ( 'NONE', #9190 ) ;
#7292 = ORIENTED_EDGE ( 'NONE', *, *, #2088, .T. ) ;
#7293 = DIRECTION ( 'NONE',  ( 0.000000000000000000, 1.000000000000000000, -0.000000000000000000 ) ) ;
#7294 = CARTESIAN_POINT ( 'NONE',  ( 4.799999999999999822, -19.10000000000000142, 37.79999999999999716 ) ) ;
#7295 = ORIENTED_EDGE ( 'NONE', *, *, #6800, .F. ) ;
#7296 = DIRECTION ( 'NONE',  ( 0.000000000000000000, 0.000000000000000000, -1.000000000000000000 ) ) ;
#7297 = DIRECTION ( 'NONE',  ( -1.000000000000000000, -0.000000000000000000, -0.000000000000000000 ) ) ;
#7298 = ORIENTED_EDGE ( 'NONE', *, *, #5888, .F. ) ;
#7299 = DIRECTION ( 'NONE',  ( 0.000000000000000000, -1.000000000000000000, 0.000000000000000000 ) ) ;
#7300 = ORIENTED_EDGE ( 'NONE', *, *, #7933, .T. ) ;
#7301 = DIRECTION ( 'NONE',  ( -1.000000000000000000, 0.000000000000000000, 1.403756497007548054E-14 ) ) ;
#7302 = ORIENTED_EDGE ( 'NONE', *, *, #2073, .T. ) ;
#7303 = CIRCLE ( 'NONE', #4763, 1.000000000000000888 ) ;
#7304 = EDGE_CURVE ( 'NONE', #9212, #9049, #9308, .T. ) ;
#7305 = ORIENTED_EDGE ( 'NONE', *, *, #4078, .T. ) ;
#7306 = CARTESIAN_POINT ( 'NONE',  ( 87.10179187303897663, -10.49391214952454732, -17.61283308603018583 ) ) ;
#7307 = LINE ( 'NONE', #3893, #1230 ) ;
#7308 = ADVANCED_FACE ( 'NONE', ( #6583 ), #6742, .F. ) ;
#7309 = CARTESIAN_POINT ( 'NONE',  ( -1.800000000000000266, -9.500000000000001776, 22.80000000000000071 ) ) ;
#7310 = CARTESIAN_POINT ( 'NONE',  ( 88.40000000000000568, -18.50000000000002132, 39.19999999999971863 ) ) ;
#7311 = CARTESIAN_POINT ( 'NONE',  ( 35.80000000000000426, -19.10000000000000497, 37.79999999999999716 ) ) ;
#7312 = ORIENTED_EDGE ( 'NONE', *, *, #10921, .T. ) ;
#7313 = ORIENTED_EDGE ( 'NONE', *, *, #534, .T. ) ;
#7314 = DIRECTION ( 'NONE',  ( 1.000000000000000000, 0.000000000000000000, -0.000000000000000000 ) ) ;
#7315 = VERTEX_POINT ( 'NONE', #720 ) ;
#7316 = LINE ( 'NONE', #3731, #11542 ) ;
#7317 = AXIS2_PLACEMENT_3D ( 'NONE', #10174, #7265, #8279 ) ;
#7318 = VERTEX_POINT ( 'NONE', #6520 ) ;
#7319 = CARTESIAN_POINT ( 'NONE',  ( -0.2000000000000000111, -2.449999999999729283, 14.32740920835357379 ) ) ;
#7320 = EDGE_CURVE ( 'NONE', #7263, #6251, #5037, .T. ) ;
#7321 = ORIENTED_EDGE ( 'NONE', *, *, #12028, .T. ) ;
#7322 = CARTESIAN_POINT ( 'NONE',  ( 71.03899593760476705, -14.03204843560083681, -16.43914803124327406 ) ) ;
#7323 = ORIENTED_EDGE ( 'NONE', *, *, #4803, .T. ) ;
#7324 = FACE_OUTER_BOUND ( 'NONE', #12162, .T. ) ;
#7325 = FACE_OUTER_BOUND ( 'NONE', #1771, .T. ) ;
#7326 = ORIENTED_EDGE ( 'NONE', *, *, #5272, .T. ) ;
#7327 = DIRECTION ( 'NONE',  ( -0.7071067811865389130, -0.000000000000000000, -0.7071067811865561215 ) ) ;
#7328 = DIRECTION ( 'NONE',  ( -0.000000000000000000, 1.000000000000000000, 3.001251688541188813E-16 ) ) ;
#7329 = CARTESIAN_POINT ( 'NONE',  ( 86.79327528704614281, -10.10995214958906985, -17.68887910837019817 ) ) ;
#7330 = AXIS2_PLACEMENT_3D ( 'NONE', #2742, #12441, #3702 ) ;
#7331 = ORIENTED_EDGE ( 'NONE', *, *, #5529, .T. ) ;
#7332 = DIRECTION ( 'NONE',  ( -0.7071067811865426878, -0.7071067811865524577, -8.730496322752370596E-17 ) ) ;
#7333 = VECTOR ( 'NONE', #2141, 1000.000000000000000 ) ;
#7334 = CARTESIAN_POINT ( 'NONE',  ( 14.19999999999999041, -0.09999999999999882594, 56.79999999999999716 ) ) ;
#7335 = VECTOR ( 'NONE', #9953, 1000.000000000000000 ) ;
#7336 = EDGE_CURVE ( 'NONE', #3164, #3963, #3693, .T. ) ;
#7337 = ORIENTED_EDGE ( 'NONE', *, *, #11651, .T. ) ;
#7338 = EDGE_CURVE ( 'NONE', #3247, #7042, #11422, .T. ) ;
#7339 = EDGE_LOOP ( 'NONE', ( #3961, #765, #692, #4600 ) ) ;
#7340 = CARTESIAN_POINT ( 'NONE',  ( -1.800000000000000266, -9.500000000000001776, 14.80000000000000071 ) ) ;
#7341 = CARTESIAN_POINT ( 'NONE',  ( 86.79999999999999716, -0.09999999999999939493, 56.20000000000000284 ) ) ;
#7342 = CARTESIAN_POINT ( 'NONE',  ( 88.19922843970731208, -13.16106248381512955, -16.61342045928283895 ) ) ;
#7343 = CARTESIAN_POINT ( 'NONE',  ( 35.80000000000000426, -17.50000000000000000, 13.79999999999999361 ) ) ;
#7344 = DIRECTION ( 'NONE',  ( 0.7071067811865475727, 0.000000000000000000, 0.7071067811865475727 ) ) ;
#7345 = VERTEX_POINT ( 'NONE', #7505 ) ;
#7346 = CARTESIAN_POINT ( 'NONE',  ( 86.40000000000000568, -9.099999999999996092, -17.73999999999999844 ) ) ;
#7347 = VECTOR ( 'NONE', #9706, 1000.000000000000000 ) ;
#7348 = ORIENTED_EDGE ( 'NONE', *, *, #3572, .F. ) ;
#7349 = PLANE ( 'NONE',  #6213 ) ;
#7350 = FACE_BOUND ( 'NONE', #9505, .T. ) ;
#7351 = CARTESIAN_POINT ( 'NONE',  ( 4.800000000000000711, -17.50000000000000000, 14.79999999999999893 ) ) ;
#7352 = LINE ( 'NONE', #8286, #4431 ) ;
#7353 = CARTESIAN_POINT ( 'NONE',  ( 71.00436739460843683, -14.41204157704820510, -16.21339945378196745 ) ) ;
#7354 = EDGE_LOOP ( 'NONE', ( #9923, #9338, #10685, #4425, #2537 ) ) ;
#7355 = AXIS2_PLACEMENT_3D ( 'NONE', #191, #6963, #3117 ) ;
#7356 = CARTESIAN_POINT ( 'NONE',  ( -1.800000000000000266, -9.500000000000001776, 20.80000000000000071 ) ) ;
#7357 = CARTESIAN_POINT ( 'NONE',  ( 3.799999999999999822, -14.40659966456860275, -15.74000000000000377 ) ) ;
#7358 = ORIENTED_EDGE ( 'NONE', *, *, #4869, .F. ) ;
#7359 = EDGE_CURVE ( 'NONE', #12163, #8495, #7645, .T. ) ;
#7360 = FACE_OUTER_BOUND ( 'NONE', #5394, .T. ) ;
#7361 = DIRECTION ( 'NONE',  ( 0.000000000000000000, 0.000000000000000000, 1.000000000000000000 ) ) ;
#7362 = LINE ( 'NONE', #7007, #9467 ) ;
#7363 = CARTESIAN_POINT ( 'NONE',  ( 72.02681120859128328, -10.58328637461634614, -17.62939391680603762 ) ) ;
#7364 = ORIENTED_EDGE ( 'NONE', *, *, #1505, .F. ) ;
#7365 = ORIENTED_EDGE ( 'NONE', *, *, #5079, .F. ) ;
#7366 = APPLICATION_CONTEXT ( 'automotive_design' ) ;
#7367 = CARTESIAN_POINT ( 'NONE',  ( -1.220225810879935091, -13.24335474665554813, -16.84145960310357637 ) ) ;
#7368 = LINE ( 'NONE', #8018, #3995 ) ;
#7369 = ORIENTED_EDGE ( 'NONE', *, *, #10840, .F. ) ;
#7370 = ORIENTED_EDGE ( 'NONE', *, *, #8703, .F. ) ;
#7371 = ORIENTED_EDGE ( 'NONE', *, *, #12448, .F. ) ;
#7372 = AXIS2_PLACEMENT_3D ( 'NONE', #108, #8901, #4899 ) ;
#7373 = CARTESIAN_POINT ( 'NONE',  ( 1.982064795720499539, -9.457081604902848326, -17.73169687474325684 ) ) ;
#7374 = DIRECTION ( 'NONE',  ( 0.000000000000000000, -3.001251688541188813E-16, 1.000000000000000000 ) ) ;
#7375 = EDGE_CURVE ( 'NONE', #3504, #1813, #11274, .T. ) ;
#7376 = CARTESIAN_POINT ( 'NONE',  ( 70.59999999999999432, 18.00000000000000000, -3.653981901626786044 ) ) ;
#7377 = FACE_BOUND ( 'NONE', #4499, .T. ) ;
#7378 = DIRECTION ( 'NONE',  ( 0.000000000000000000, -1.000000000000000000, -0.000000000000000000 ) ) ;
#7379 = DIRECTION ( 'NONE',  ( -1.399999999999999714E-14, -9.999999999999999988E-15, -1.000000000000000000 ) ) ;
#7380 = ADVANCED_FACE ( 'NONE', ( #6137 ), #8859, .F. ) ;
#7381 = ORIENTED_EDGE ( 'NONE', *, *, #9044, .T. ) ;
#7382 = FACE_OUTER_BOUND ( 'NONE', #805, .T. ) ;
#7383 = ORIENTED_EDGE ( 'NONE', *, *, #10664, .T. ) ;
#7384 = ORIENTED_EDGE ( 'NONE', *, *, #2582, .T. ) ;
#7385 = LINE ( 'NONE', #11828, #4325 ) ;
#7386 = ORIENTED_EDGE ( 'NONE', *, *, #988, .F. ) ;
#7387 = CARTESIAN_POINT ( 'NONE',  ( 4.799999999999999822, -19.10000000000000142, 5.799999999999999822 ) ) ;
#7388 = EDGE_LOOP ( 'NONE', ( #8864, #11272, #4916, #3180, #4836 ) ) ;
#7389 = AXIS2_PLACEMENT_3D ( 'NONE', #8732, #9797, #10699 ) ;
#7390 = LINE ( 'NONE', #12332, #1614 ) ;
#7391 = DIRECTION ( 'NONE',  ( -1.000000000000000000, -0.000000000000000000, -0.000000000000000000 ) ) ;
#7392 = CYLINDRICAL_SURFACE ( 'NONE', #5046, 1.000000000000000888 ) ;
#7393 = AXIS2_PLACEMENT_3D ( 'NONE', #3244, #11068, #1290 ) ;
#7394 = CARTESIAN_POINT ( 'NONE',  ( -1.799999999999999378, -3.200000000000001510, -0.2000000000000005107 ) ) ;
#7395 = CARTESIAN_POINT ( 'NONE',  ( 3.799999999999999378, -19.10000000000000142, 6.799999999999999822 ) ) ;
#7396 = EDGE_CURVE ( 'NONE', #12172, #9974, #6424, .T. ) ;
#7397 = ORIENTED_EDGE ( 'NONE', *, *, #10325, .F. ) ;
#7398 = EDGE_LOOP ( 'NONE', ( #5304, #7204, #2897, #11083 ) ) ;
#7399 = CARTESIAN_POINT ( 'NONE',  ( 3.774648882755988311, -13.99032064014699550, -16.06743413229316531 ) ) ;
#7400 = VERTEX_POINT ( 'NONE', #7551 ) ;
#7401 = EDGE_LOOP ( 'NONE', ( #10618, #11946, #4805, #567, #5746 ) ) ;
#7402 = CARTESIAN_POINT ( 'NONE',  ( 66.40000000000000568, -11.20000000000000107, -0.7999999999999999334 ) ) ;
#7403 = DIRECTION ( 'NONE',  ( -1.000000000000000000, 0.000000000000000000, 0.000000000000000000 ) ) ;
#7404 = CARTESIAN_POINT ( 'NONE',  ( -1.400000000000012346, -19.09999999999999432, -7.977961573045432712E-15 ) ) ;
#7405 = VECTOR ( 'NONE', #6783, 1000.000000000000000 ) ;
#7406 = CARTESIAN_POINT ( 'NONE',  ( 88.40000000000000568, -18.50000000000002132, 36.89999999999971436 ) ) ;
#7407 = CARTESIAN_POINT ( 'NONE',  ( -1.800000000000000266, -9.500000000000001776, 34.79999999999999716 ) ) ;
#7408 = VECTOR ( 'NONE', #6383, 1000.000000000000000 ) ;
#7409 = VERTEX_POINT ( 'NONE', #9486 ) ;
#7410 = ORIENTED_EDGE ( 'NONE', *, *, #8968, .T. ) ;
#7411 = ORIENTED_EDGE ( 'NONE', *, *, #1572, .T. ) ;
#7412 = CYLINDRICAL_SURFACE ( 'NONE', #4451, 1.500000000000001332 ) ;
#7413 = CARTESIAN_POINT ( 'NONE',  ( 3.800000000000001155, -19.10000000000000142, 40.80000000000000426 ) ) ;
#7414 = VECTOR ( 'NONE', #2715, 1000.000000000000000 ) ;
#7415 = ORIENTED_EDGE ( 'NONE', *, *, #5531, .T. ) ;
#7416 = CARTESIAN_POINT ( 'NONE',  ( 4.799999999999999822, -19.10000000000000142, 25.80000000000000071 ) ) ;
#7417 = DIRECTION ( 'NONE',  ( -0.000000000000000000, 0.000000000000000000, 1.000000000000000000 ) ) ;
#7418 = FILL_AREA_STYLE_COLOUR ( '', #8151 ) ;
#7419 = CARTESIAN_POINT ( 'NONE',  ( 6.129999999999649951, 4.300000000001295675, -0.1999999999999994837 ) ) ;
#7420 = VERTEX_POINT ( 'NONE', #2635 ) ;
#7421 = ORIENTED_EDGE ( 'NONE', *, *, #11937, .T. ) ;
#7422 = ORIENTED_EDGE ( 'NONE', *, *, #9933, .T. ) ;
#7423 = DIRECTION ( 'NONE',  ( -0.000000000000000000, 1.000000000000000000, 3.001251688541188813E-16 ) ) ;
#7424 = PLANE ( 'NONE',  #2937 ) ;
#7425 = CARTESIAN_POINT ( 'NONE',  ( 35.80000000000000426, -19.10000000000000142, 26.79999999999999361 ) ) ;
#7426 = FACE_OUTER_BOUND ( 'NONE', #356, .T. ) ;
#7427 = ORIENTED_EDGE ( 'NONE', *, *, #11984, .T. ) ;
#7428 = EDGE_CURVE ( 'NONE', #11295, #9691, #7035, .T. ) ;
#7429 = DIRECTION ( 'NONE',  ( 0.000000000000000000, 0.000000000000000000, -1.000000000000000000 ) ) ;
#7430 = ADVANCED_BREP_SHAPE_REPRESENTATION ( 'case_bottom_main_OPEN', ( #2763, #10277 ), #10039 ) ;
#7431 = ORIENTED_EDGE ( 'NONE', *, *, #5128, .F. ) ;
#7432 = VECTOR ( 'NONE', #9276, 1000.000000000000000 ) ;
#7433 = DIRECTION ( 'NONE',  ( -0.000000000000000000, 1.000000000000000000, 3.001251688541188813E-16 ) ) ;
#7434 = VECTOR ( 'NONE', #4675, 1000.000000000000000 ) ;
#7435 = CARTESIAN_POINT ( 'NONE',  ( -1.800000000000000266, -9.500000000000001776, 4.799999999999998934 ) ) ;
#7436 = VECTOR ( 'NONE', #8961, 1000.000000000000000 ) ;
#7437 = CARTESIAN_POINT ( 'NONE',  ( 3.121286932242023138, -12.84202812039209185, -17.01367441625530219 ) ) ;
#7438 = CARTESIAN_POINT ( 'NONE',  ( -0.9144101992821922487, -12.13151545322363134, -17.26977953996002668 ) ) ;
#7439 = DIRECTION ( 'NONE',  ( 0.000000000000000000, 0.000000000000000000, 1.000000000000000000 ) ) ;
#7440 = ORIENTED_EDGE ( 'NONE', *, *, #10352, .F. ) ;
#7441 = LINE ( 'NONE', #7927, #4835 ) ;
#7442 = EDGE_CURVE ( 'NONE', #2380, #7898, #1876, .T. ) ;
#7443 = DIRECTION ( 'NONE',  ( 0.000000000000000000, 5.421010862427523156E-16, -1.000000000000000000 ) ) ;
#7444 = VERTEX_POINT ( 'NONE', #11392 ) ;
#7445 = AXIS2_PLACEMENT_3D ( 'NONE', #3898, #9612, #5808 ) ;
#7446 = CARTESIAN_POINT ( 'NONE',  ( 3.799999999999998934, 16.20157191626419291, -15.91279606597051099 ) ) ;
#7447 = EDGE_CURVE ( 'NONE', #3015, #5103, #9297, .T. ) ;
#7448 = LINE ( 'NONE', #7780, #11829 ) ;
#7449 = EDGE_CURVE ( 'NONE', #5093, #9134, #5490, .T. ) ;
#7450 = VERTEX_POINT ( 'NONE', #12300 ) ;
#7451 = ORIENTED_EDGE ( 'NONE', *, *, #6346, .T. ) ;
#7452 = PLANE ( 'NONE',  #298 ) ;
#7453 = CARTESIAN_POINT ( 'NONE',  ( -1.799999999999999378, -3.200000000000001510, -0.2000000000000005107 ) ) ;
#7454 = CYLINDRICAL_SURFACE ( 'NONE', #1534, 1.249999999999161560 ) ;
#7455 = DIRECTION ( 'NONE',  ( 1.000000000000000000, 0.000000000000000000, 0.000000000000000000 ) ) ;
#7456 = CARTESIAN_POINT ( 'NONE',  ( 3.800000000000000711, -17.50000000000000000, 9.799999999999998934 ) ) ;
#7457 = EDGE_LOOP ( 'NONE', ( #5262, #11231, #7421, #9407, #11461, #1866 ) ) ;
#7458 = VECTOR ( 'NONE', #7603, 1000.000000000000000 ) ;
#7459 = SURFACE_SIDE_STYLE ('',( #12101 ) ) ;
#7460 = DIRECTION ( 'NONE',  ( 0.000000000000000000, 0.000000000000000000, -1.000000000000000000 ) ) ;
#7461 = DIRECTION ( 'NONE',  ( 0.000000000000000000, -1.000000000000000000, -0.000000000000000000 ) ) ;
#7462 = ORIENTED_EDGE ( 'NONE', *, *, #6948, .T. ) ;
#7463 = CARTESIAN_POINT ( 'NONE',  ( -0.2000000000000000111, -9.500000000000001776, 40.80000000000000426 ) ) ;
#7464 = FACE_OUTER_BOUND ( 'NONE', #11704, .T. ) ;
#7465 = ORIENTED_EDGE ( 'NONE', *, *, #4402, .F. ) ;
#7466 = CARTESIAN_POINT ( 'NONE',  ( 35.80000000000000426, -17.50000000000000000, 4.799999999999999822 ) ) ;
#7467 = ORIENTED_EDGE ( 'NONE', *, *, #5287, .F. ) ;
#7468 = AXIS2_PLACEMENT_3D ( 'NONE', #1475, #8228, #3436 ) ;
#7469 = CARTESIAN_POINT ( 'NONE',  ( 87.40000000000000568, -16.69999999999999929, -13.70000000000000107 ) ) ;
#7470 = ORIENTED_EDGE ( 'NONE', *, *, #6741, .F. ) ;
#7471 = CARTESIAN_POINT ( 'NONE',  ( 87.40000000000000568, -16.69999999999999929, -9.299999999999998934 ) ) ;
#7472 = DIRECTION ( 'NONE',  ( 0.000000000000000000, 0.000000000000000000, -1.000000000000000000 ) ) ;
#7473 = DIRECTION ( 'NONE',  ( 0.000000000000000000, 0.000000000000000000, 1.000000000000000000 ) ) ;
#7474 = CARTESIAN_POINT ( 'NONE',  ( 3.723722370396520986, -13.67265559291857180, -16.29236934828663763 ) ) ;
#7475 = VECTOR ( 'NONE', #549, 1000.000000000000000 ) ;
#7476 = AXIS2_PLACEMENT_3D ( 'NONE', #246, #3222, #4150 ) ;
#7477 = LINE ( 'NONE', #4705, #12011 ) ;
#7478 = ORIENTED_EDGE ( 'NONE', *, *, #3541, .F. ) ;
#7479 = PLANE ( 'NONE',  #5678 ) ;
#7480 = ORIENTED_EDGE ( 'NONE', *, *, #5548, .F. ) ;
#7481 = LINE ( 'NONE', #6129, #6866 ) ;
#7482 = AXIS2_PLACEMENT_3D ( 'NONE', #6076, #2101, #1104 ) ;
#7483 = PLANE ( 'NONE',  #11942 ) ;
#7484 = ORIENTED_EDGE ( 'NONE', *, *, #8922, .F. ) ;
#7485 = ORIENTED_EDGE ( 'NONE', *, *, #6945, .T. ) ;
#7486 = CIRCLE ( 'NONE', #715, 1.000000000000000888 ) ;
#7487 = DIRECTION ( 'NONE',  ( 0.000000000000000000, -1.000000000000000000, -1.234678630588475078E-16 ) ) ;
#7488 = VECTOR ( 'NONE', #9362, 1000.000000000000114 ) ;
#7489 = DIRECTION ( 'NONE',  ( 0.000000000000000000, 0.000000000000000000, 1.000000000000000000 ) ) ;
#7490 = CARTESIAN_POINT ( 'NONE',  ( 31.80000000000000071, -17.50000000000000355, 36.79999999999999716 ) ) ;
#7491 = EDGE_CURVE ( 'NONE', #4848, #977, #217, .T. ) ;
#7492 = VECTOR ( 'NONE', #1574, 1000.000000000000000 ) ;
#7493 = DIRECTION ( 'NONE',  ( 0.000000000000000000, -1.000000000000000000, -1.234678630588475078E-16 ) ) ;
#7494 = VERTEX_POINT ( 'NONE', #3605 ) ;
#7495 = FACE_OUTER_BOUND ( 'NONE', #9259, .T. ) ;
#7496 = EDGE_CURVE ( 'NONE', #12076, #1065, #8523, .T. ) ;
#7497 = CYLINDRICAL_SURFACE ( 'NONE', #12367, 1.000000000000000888 ) ;
#7498 = DIRECTION ( 'NONE',  ( -1.000000000000000000, -0.000000000000000000, -0.000000000000000000 ) ) ;
#7499 = VERTEX_POINT ( 'NONE', #4471 ) ;
#7500 = VECTOR ( 'NONE', #9031, 1000.000000000000000 ) ;
#7501 = CARTESIAN_POINT ( 'NONE',  ( 3.799999999999999378, -19.10000000000000142, 20.80000000000000071 ) ) ;
#7502 = CARTESIAN_POINT ( 'NONE',  ( 63.80000000000001137, -17.50000000000000000, 41.79999999999999716 ) ) ;
#7503 = DIRECTION ( 'NONE',  ( 0.000000000000000000, -1.000000000000000000, -0.000000000000000000 ) ) ;
#7504 = DIRECTION ( 'NONE',  ( 0.000000000000000000, -1.000000000000000000, -1.234678630588475078E-16 ) ) ;
#7505 = CARTESIAN_POINT ( 'NONE',  ( 62.80000000000001137, -19.10000000000000142, 46.79999999999999716 ) ) ;
#7506 = EDGE_LOOP ( 'NONE', ( #10701, #4122, #1955, #5834, #10938, #2460 ) ) ;
#7507 = LINE ( 'NONE', #8365, #12203 ) ;
#7508 = CARTESIAN_POINT ( 'NONE',  ( 72.45489547211980152, -9.384480584939794312, -17.73494117051659913 ) ) ;
#7509 = LINE ( 'NONE', #650, #3422 ) ;
#7510 = EDGE_CURVE ( 'NONE', #1989, #10686, #4881, .T. ) ;
#7511 = EDGE_LOOP ( 'NONE', ( #3966, #9589, #3733, #4348 ) ) ;
#7512 = ORIENTED_EDGE ( 'NONE', *, *, #10029, .F. ) ;
#7513 = AXIS2_PLACEMENT_3D ( 'NONE', #4827, #5819, #7851 ) ;
#7514 = ORIENTED_EDGE ( 'NONE', *, *, #2821, .F. ) ;
#7515 = EDGE_CURVE ( 'NONE', #1523, #6697, #11124, .T. ) ;
#7516 = VECTOR ( 'NONE', #205, 1000.000000000000000 ) ;
#7517 = CARTESIAN_POINT ( 'NONE',  ( 2.204504031925523133, -9.895909263418301904, -17.69953467569465033 ) ) ;
#7518 = EDGE_CURVE ( 'NONE', #2107, #11302, #4737, .T. ) ;
#7519 = CIRCLE ( 'NONE', #6554, 1.000000000000000000 ) ;
#7520 = DIRECTION ( 'NONE',  ( 0.000000000000000000, -1.000000000000000000, -0.000000000000000000 ) ) ;
#7521 = EDGE_CURVE ( 'NONE', #6317, #10143, #2965, .T. ) ;
#7522 = DIRECTION ( 'NONE',  ( 0.000000000000000000, 0.000000000000000000, 1.000000000000000000 ) ) ;
#7523 = ORIENTED_EDGE ( 'NONE', *, *, #7018, .T. ) ;
#7524 = DIRECTION ( 'NONE',  ( 1.000000000000000000, 0.000000000000000000, 0.000000000000000000 ) ) ;
#7525 = ORIENTED_EDGE ( 'NONE', *, *, #5792, .T. ) ;
#7526 = ORIENTED_EDGE ( 'NONE', *, *, #12096, .T. ) ;
#7527 = VERTEX_POINT ( 'NONE', #3526 ) ;
#7528 = VECTOR ( 'NONE', #11181, 1000.000000000000000 ) ;
#7529 = CARTESIAN_POINT ( 'NONE',  ( 35.80000000000000426, -19.10000000000000142, 17.79999999999999361 ) ) ;
#7530 = ORIENTED_EDGE ( 'NONE', *, *, #854, .F. ) ;
#7531 = CARTESIAN_POINT ( 'NONE',  ( 82.40000000000000568, -8.099999999999999645, 56.79999999999999716 ) ) ;
#7532 = LINE ( 'NONE', #4278, #2393 ) ;
#7533 = CARTESIAN_POINT ( 'NONE',  ( 150.7570364914818697, -19.09999999999999432, -7.977961573045432712E-15 ) ) ;
#7534 = EDGE_CURVE ( 'NONE', #10697, #12389, #2346, .T. ) ;
#7535 = ORIENTED_EDGE ( 'NONE', *, *, #5547, .F. ) ;
#7536 = ORIENTED_EDGE ( 'NONE', *, *, #5456, .F. ) ;
#7537 = EDGE_CURVE ( 'NONE', #7015, #5458, #12340, .T. ) ;
#7538 = CARTESIAN_POINT ( 'NONE',  ( 72.26579388886725042, -9.756835877850111416, -17.71188160661553823 ) ) ;
#7539 = DIRECTION ( 'NONE',  ( 1.000000000000000000, 0.000000000000000000, -0.000000000000000000 ) ) ;
#7540 = ORIENTED_EDGE ( 'NONE', *, *, #3747, .T. ) ;
#7541 = VECTOR ( 'NONE', #2148, 1000.000000000000000 ) ;
#7542 = VECTOR ( 'NONE', #5836, 1000.000000000000000 ) ;
#7543 = CARTESIAN_POINT ( 'NONE',  ( -0.2000000000000000111, -9.500000000000001776, 34.79999999999999716 ) ) ;
#7544 = CARTESIAN_POINT ( 'NONE',  ( 2.137738774532836228, -9.965739944650016113, -17.70276087797397935 ) ) ;
#7545 = ORIENTED_EDGE ( 'NONE', *, *, #6965, .F. ) ;
#7546 = ORIENTED_EDGE ( 'NONE', *, *, #9870, .T. ) ;
#7547 = CARTESIAN_POINT ( 'NONE',  ( -4.200000000000020606, -11.90000000000005898, 16.80000000000000071 ) ) ;
#7548 = ORIENTED_EDGE ( 'NONE', *, *, #11273, .F. ) ;
#7549 = LINE ( 'NONE', #10651, #2273 ) ;
#7550 = AXIS2_PLACEMENT_3D ( 'NONE', #9229, #3449, #4383 ) ;
#7551 = CARTESIAN_POINT ( 'NONE',  ( 35.80000000000000426, -19.10000000000000142, 10.79999999999999716 ) ) ;
#7552 = ORIENTED_EDGE ( 'NONE', *, *, #5205, .F. ) ;
#7553 = CIRCLE ( 'NONE', #5773, 2.149999999999999023 ) ;
#7554 = CARTESIAN_POINT ( 'NONE',  ( 71.40828555236721797, -12.38243452202678085, -17.18671245762001121 ) ) ;
#7555 = EDGE_CURVE ( 'NONE', #1169, #10410, #11732, .T. ) ;
#7556 = AXIS2_PLACEMENT_3D ( 'NONE', #3034, #5754, #3842 ) ;
#7557 = CARTESIAN_POINT ( 'NONE',  ( 3.155591850678276966, -11.91916228882515760, -17.21182020368836874 ) ) ;
#7558 = CARTESIAN_POINT ( 'NONE',  ( -1.075217825997308863, -12.67285580156318403, -17.07996583724987261 ) ) ;
#7559 = EDGE_LOOP ( 'NONE', ( #12089, #5501, #321, #4297 ) ) ;
#7560 = EDGE_LOOP ( 'NONE', ( #4573, #4702, #5024, #723 ) ) ;
#7561 = VECTOR ( 'NONE', #975, 1000.000000000000000 ) ;
#7562 = DIRECTION ( 'NONE',  ( 0.000000000000000000, 0.000000000000000000, 1.000000000000000000 ) ) ;
#7563 = CYLINDRICAL_SURFACE ( 'NONE', #737, 1.000000000000000888 ) ;
#7564 = CARTESIAN_POINT ( 'NONE',  ( 63.80000000000001137, -19.10000000000000142, 5.799999999999999822 ) ) ;
#7565 = CARTESIAN_POINT ( 'NONE',  ( 66.40000000000000568, -9.200000000000118305, -1.800000000000000044 ) ) ;
#7566 = DIRECTION ( 'NONE',  ( 0.000000000000000000, 0.000000000000000000, -1.000000000000000000 ) ) ;
#7567 = ORIENTED_EDGE ( 'NONE', *, *, #3075, .T. ) ;
#7568 = VECTOR ( 'NONE', #3145, 1000.000000000000000 ) ;
#7569 = CARTESIAN_POINT ( 'NONE',  ( 0.000000000000000000, -0.1000000000000000056, 0.000000000000000000 ) ) ;
#7570 = ORIENTED_EDGE ( 'NONE', *, *, #10186, .F. ) ;
#7571 = LINE ( 'NONE', #712, #4213 ) ;
#7572 = FACE_OUTER_BOUND ( 'NONE', #12314, .T. ) ;
#7573 = CARTESIAN_POINT ( 'NONE',  ( 34.80000000000000426, -19.10000000000000142, 30.79999999999999361 ) ) ;
#7574 = ADVANCED_FACE ( 'NONE', ( #7789 ), #7710, .F. ) ;
#7575 = DIRECTION ( 'NONE',  ( 1.000000000000000000, -0.000000000000000000, -0.000000000000000000 ) ) ;
#7576 = CARTESIAN_POINT ( 'NONE',  ( 72.48390775820197973, -9.327561899944178947, -17.73668061754256442 ) ) ;
#7577 = DIRECTION ( 'NONE',  ( -1.000000000000000000, 0.000000000000000000, -0.000000000000000000 ) ) ;
#7578 = DIRECTION ( 'NONE',  ( 0.000000000000000000, 0.000000000000000000, -1.000000000000000000 ) ) ;
#7579 = ORIENTED_EDGE ( 'NONE', *, *, #7654, .T. ) ;
#7580 = EDGE_LOOP ( 'NONE', ( #1481, #8390, #708, #8266 ) ) ;
#7581 = VECTOR ( 'NONE', #429, 1000.000000000000000 ) ;
#7582 = LINE ( 'NONE', #5839, #2446 ) ;
#7583 = CARTESIAN_POINT ( 'NONE',  ( 2.598496303493038617, -11.19720387728112421, -17.51762401804858627 ) ) ;
#7584 = LINE ( 'NONE', #5743, #4978 ) ;
#7585 = AXIS2_PLACEMENT_3D ( 'NONE', #3069, #7910, #9822 ) ;
#7586 = EDGE_CURVE ( 'NONE', #721, #10832, #10072, .T. ) ;
#7587 = DIRECTION ( 'NONE',  ( 0.000000000000000000, 0.7071067811865505703, -0.7071067811865444641 ) ) ;
#7588 = DIRECTION ( 'NONE',  ( 0.000000000000000000, -1.000000000000000000, 0.000000000000000000 ) ) ;
#7589 = DIRECTION ( 'NONE',  ( 1.000000000000000000, 0.000000000000000000, 0.000000000000000000 ) ) ;
#7590 = ADVANCED_FACE ( 'NONE', ( #9141 ), #955, .F. ) ;
#7591 = EDGE_CURVE ( 'NONE', #613, #4858, #3984, .T. ) ;
#7592 = ORIENTED_EDGE ( 'NONE', *, *, #2552, .F. ) ;
#7593 = ORIENTED_EDGE ( 'NONE', *, *, #12077, .T. ) ;
#7594 = CARTESIAN_POINT ( 'NONE',  ( 72.55355741968431005, -9.218509434662371049, -17.73934150620080175 ) ) ;
#7595 = CARTESIAN_POINT ( 'NONE',  ( -0.02897025827602918782, 12.20352332247479232, -17.72767586043541854 ) ) ;
#7596 = ORIENTED_EDGE ( 'NONE', *, *, #7672, .T. ) ;
#7597 = CIRCLE ( 'NONE', #2843, 1.000000000000000000 ) ;
#7598 = CARTESIAN_POINT ( 'NONE',  ( -1.000000000000000000, -1.545900930049276534, 16.39936534720461125 ) ) ;
#7599 = CARTESIAN_POINT ( 'NONE',  ( -1.062073557385179612, -12.62593030536602612, -17.09777886648486245 ) ) ;
#7600 = DIRECTION ( 'NONE',  ( 0.000000000000000000, -1.234678630588475078E-16, 1.000000000000000000 ) ) ;
#7601 = CARTESIAN_POINT ( 'NONE',  ( -1.794540756741707543, -14.19955991398949458, -15.90807934452069183 ) ) ;
#7602 = EDGE_CURVE ( 'NONE', #9551, #6181, #2200, .T. ) ;
#7603 = DIRECTION ( 'NONE',  ( -0.000000000000000000, -0.000000000000000000, 1.000000000000000000 ) ) ;
#7604 = DIRECTION ( 'NONE',  ( 0.000000000000000000, 0.000000000000000000, 1.000000000000000000 ) ) ;
#7605 = AXIS2_PLACEMENT_3D ( 'NONE', #4308, #3410, #4265 ) ;
#7606 = LINE ( 'NONE', #10478, #10627 ) ;
#7607 = ORIENTED_EDGE ( 'NONE', *, *, #612, .T. ) ;
#7608 = CARTESIAN_POINT ( 'NONE',  ( -0.2000000000000000111, -15.90000000000001457, 22.80000000000000071 ) ) ;
#7609 = EDGE_CURVE ( 'NONE', #4809, #5036, #8992, .T. ) ;
#7610 = CARTESIAN_POINT ( 'NONE',  ( 62.80000000000001137, -17.50000000000000000, 4.799999999999999822 ) ) ;
#7611 = CIRCLE ( 'NONE', #6010, 3.199999999999999734 ) ;
#7612 = EDGE_CURVE ( 'NONE', #6087, #9381, #5312, .T. ) ;
#7613 = ORIENTED_EDGE ( 'NONE', *, *, #9519, .T. ) ;
#7614 = CARTESIAN_POINT ( 'NONE',  ( 150.7570364914818697, 4.299999999999992717, 57.79999999999999716 ) ) ;
#7615 = VERTEX_POINT ( 'NONE', #12542 ) ;
#7616 = DIRECTION ( 'NONE',  ( 1.000000000000000000, 0.000000000000000000, -0.000000000000000000 ) ) ;
#7617 = CARTESIAN_POINT ( 'NONE',  ( 72.25931687811501547, -9.769643737395210081, -17.71077289551329059 ) ) ;
#7618 = PLANE ( 'NONE',  #2532 ) ;
#7619 = LINE ( 'NONE', #12433, #6553 ) ;
#7620 = ADVANCED_FACE ( 'NONE', ( #10209 ), #3100, .T. ) ;
#7621 = ORIENTED_EDGE ( 'NONE', *, *, #5513, .F. ) ;
#7622 = VERTEX_POINT ( 'NONE', #2899 ) ;
#7623 = DIRECTION ( 'NONE',  ( -0.000000000000000000, -1.000000000000000000, -0.000000000000000000 ) ) ;
#7624 = EDGE_CURVE ( 'NONE', #12272, #1392, #7921, .T. ) ;
#7625 = AXIS2_PLACEMENT_3D ( 'NONE', #7533, #8479, #7374 ) ;
#7626 = CARTESIAN_POINT ( 'NONE',  ( -4.200000000000017941, -11.90000000000005365, 38.80000000000000426 ) ) ;
#7627 = LINE ( 'NONE', #1187, #4727 ) ;
#7628 = PLANE ( 'NONE',  #1047 ) ;
#7629 = ORIENTED_EDGE ( 'NONE', *, *, #6096, .F. ) ;
#7630 = LINE ( 'NONE', #3539, #8839 ) ;
#7631 = CARTESIAN_POINT ( 'NONE',  ( 72.48391637769567808, -9.396333942646066362, -17.73578430876381162 ) ) ;
#7632 = CARTESIAN_POINT ( 'NONE',  ( 2.031727686929320598, -9.692389680390620654, -17.72314330741227550 ) ) ;
#7633 = CARTESIAN_POINT ( 'NONE',  ( 3.800000000000000711, -19.10000000000000142, 9.799999999999998934 ) ) ;
#7634 = ORIENTED_EDGE ( 'NONE', *, *, #9384, .F. ) ;
#7635 = LINE ( 'NONE', #3972, #5971 ) ;
#7636 = EDGE_LOOP ( 'NONE', ( #3393, #5275, #3637, #11269 ) ) ;
#7637 = VECTOR ( 'NONE', #602, 1000.000000000000000 ) ;
#7638 = CARTESIAN_POINT ( 'NONE',  ( -0.1693132396018061925, -10.04739904260241268, -17.69573028091298283 ) ) ;
#7639 = VECTOR ( 'NONE', #1060, 1000.000000000000000 ) ;
#7640 = CARTESIAN_POINT ( 'NONE',  ( 86.79999999999999716, -0.1000000000000000056, 18.75000000000047251 ) ) ;
#7641 = CIRCLE ( 'NONE', #12535, 2.149999999999999023 ) ;
#7642 = EDGE_LOOP ( 'NONE', ( #987, #6061, #6744, #5923, #9904, #5078, #9763, #1090 ) ) ;
#7643 = ORIENTED_EDGE ( 'NONE', *, *, #10278, .F. ) ;
#7644 = CARTESIAN_POINT ( 'NONE',  ( 3.799999999999999378, -19.10000000000000142, 26.80000000000000071 ) ) ;
#7645 = LINE ( 'NONE', #600, #11588 ) ;
#7646 = CARTESIAN_POINT ( 'NONE',  ( 4.799999999999999822, -17.50000000000000000, 20.80000000000000071 ) ) ;
#7647 = ADVANCED_FACE ( 'NONE', ( #2948 ), #7628, .F. ) ;
#7648 = DIRECTION ( 'NONE',  ( 0.000000000000000000, 0.000000000000000000, 1.000000000000000000 ) ) ;
#7649 = VECTOR ( 'NONE', #10732, 1000.000000000000000 ) ;
#7650 = CARTESIAN_POINT ( 'NONE',  ( 62.80000000000001137, -19.10000000000000142, 6.799999999999999822 ) ) ;
#7651 = CARTESIAN_POINT ( 'NONE',  ( 31.80000000000000071, -19.09999999999999787, 9.799999999999997158 ) ) ;
#7652 = CARTESIAN_POINT ( 'NONE',  ( 71.59665548132211654, -11.12454015992994627, -17.47013393941278636 ) ) ;
#7653 = LINE ( 'NONE', #8053, #7500 ) ;
#7654 = EDGE_CURVE ( 'NONE', #2797, #6001, #3390, .T. ) ;
#7655 = ORIENTED_EDGE ( 'NONE', *, *, #71, .T. ) ;
#7656 = EDGE_CURVE ( 'NONE', #8676, #5314, #1108, .T. ) ;
#7657 = CARTESIAN_POINT ( 'NONE',  ( 84.20000000000001705, 11.79999999999999893, -11.50000000000000000 ) ) ;
#7658 = VECTOR ( 'NONE', #11194, 1000.000000000000000 ) ;
#7659 = ORIENTED_EDGE ( 'NONE', *, *, #9469, .F. ) ;
#7660 = CIRCLE ( 'NONE', #11741, 1.000000000000000888 ) ;
#7661 = CARTESIAN_POINT ( 'NONE',  ( 2.273229340593406089, -10.31877794777788360, -17.66576191313350108 ) ) ;
#7662 = ORIENTED_EDGE ( 'NONE', *, *, #3151, .T. ) ;
#7663 = VERTEX_POINT ( 'NONE', #3071 ) ;
#7664 = DIRECTION ( 'NONE',  ( 1.245113975359227994E-14, 1.000000000000000000, 1.404986760216307406E-16 ) ) ;
#7665 = CARTESIAN_POINT ( 'NONE',  ( 3.409788821688570337, -12.57354062686200891, -16.92705824511711299 ) ) ;
#7666 = DIRECTION ( 'NONE',  ( 0.000000000000000000, -1.234678630588475078E-16, 1.000000000000000000 ) ) ;
#7667 = CARTESIAN_POINT ( 'NONE',  ( 14.19999999999999041, -0.1000000000000000056, 56.84969335805276103 ) ) ;
#7668 = CARTESIAN_POINT ( 'NONE',  ( 70.94839133469744752, -12.69234699557644497, -16.86840929950635726 ) ) ;
#7669 = EDGE_CURVE ( 'NONE', #10053, #6297, #3248, .T. ) ;
#7670 = ORIENTED_EDGE ( 'NONE', *, *, #1091, .F. ) ;
#7671 = VERTEX_POINT ( 'NONE', #11736 ) ;
#7672 = EDGE_CURVE ( 'NONE', #4135, #2322, #7778, .T. ) ;
#7673 = EDGE_CURVE ( 'NONE', #5098, #11931, #1271, .T. ) ;
#7674 = LINE ( 'NONE', #2102, #2840 ) ;
#7675 = CARTESIAN_POINT ( 'NONE',  ( 62.80000000000001137, -17.50000000000000355, 32.79999999999999716 ) ) ;
#7676 = EDGE_CURVE ( 'NONE', #10825, #7252, #10365, .T. ) ;
#7677 = ADVANCED_FACE ( 'NONE', ( #10062 ), #1181, .T. ) ;
#7678 = LINE ( 'NONE', #3582, #4635 ) ;
#7679 = CARTESIAN_POINT ( 'NONE',  ( -0.1406831230111239561, -9.769643739628914858, -17.71077289531776344 ) ) ;
#7680 = CARTESIAN_POINT ( 'NONE',  ( -0.6913867289004974603, -11.45767369777800937, -17.46102821380221215 ) ) ;
#7681 = DIRECTION ( 'NONE',  ( -0.000000000000000000, 1.000000000000000000, -0.000000000000000000 ) ) ;
#7682 = CARTESIAN_POINT ( 'NONE',  ( 82.40000000000000568, -6.100000000000187050, 57.79999999999999716 ) ) ;
#7683 = CARTESIAN_POINT ( 'NONE',  ( 88.40000000000000568, -18.50000000000001776, -2.284155466588681112E-15 ) ) ;
#7684 = CARTESIAN_POINT ( 'NONE',  ( 16.26999999999955904, -3.309999999999920561, -0.2000000000000005107 ) ) ;
#7685 = ORIENTED_EDGE ( 'NONE', *, *, #5338, .F. ) ;
#7686 = ORIENTED_EDGE ( 'NONE', *, *, #2093, .T. ) ;
#7687 = VERTEX_POINT ( 'NONE', #141 ) ;
#7688 = ORIENTED_EDGE ( 'NONE', *, *, #348, .F. ) ;
#7689 = CARTESIAN_POINT ( 'NONE',  ( 17.00677727426996810, 0.000000000000000000, -1.800000000000000044 ) ) ;
#7690 = EDGE_CURVE ( 'NONE', #7252, #9703, #2335, .T. ) ;
#7691 = ADVANCED_FACE ( 'NONE', ( #4267 ), #355, .F. ) ;
#7692 = CARTESIAN_POINT ( 'NONE',  ( -0.2000000000000000111, -15.90000000000001457, 26.80000000000000071 ) ) ;
#7693 = CARTESIAN_POINT ( 'NONE',  ( 71.31393029365563052, -11.75575552395423173, -17.27169152917538497 ) ) ;
#7694 = CARTESIAN_POINT ( 'NONE',  ( -1.800000000000000266, -17.50000000000000000, 34.79999999999999716 ) ) ;
#7695 = ORIENTED_EDGE ( 'NONE', *, *, #5124, .F. ) ;
#7696 = ORIENTED_EDGE ( 'NONE', *, *, #4336, .F. ) ;
#7697 = AXIS2_PLACEMENT_3D ( 'NONE', #9120, #242, #2208 ) ;
#7698 = VECTOR ( 'NONE', #11837, 1000.000000000000000 ) ;
#7699 = CIRCLE ( 'NONE', #9926, 2.799999999999997158 ) ;
#7700 = CYLINDRICAL_SURFACE ( 'NONE', #2459, 1.000000000000000888 ) ;
#7701 = ORIENTED_EDGE ( 'NONE', *, *, #10690, .F. ) ;
#7702 = CARTESIAN_POINT ( 'NONE',  ( 62.80000000000001137, -19.10000000000000853, 45.79999999999999005 ) ) ;
#7703 = CARTESIAN_POINT ( 'NONE',  ( 88.40000000000000568, -18.50000000000002132, 36.89999999999971436 ) ) ;
#7704 = AXIS2_PLACEMENT_3D ( 'NONE', #2098, #1010, #7793 ) ;
#7705 = ORIENTED_EDGE ( 'NONE', *, *, #837, .T. ) ;
#7706 = DIRECTION ( 'NONE',  ( -0.000000000000000000, -1.000000000000000000, -0.000000000000000000 ) ) ;
#7707 = LINE ( 'NONE', #2274, #9521 ) ;
#7708 = DIRECTION ( 'NONE',  ( 0.000000000000000000, 0.000000000000000000, 1.000000000000000000 ) ) ;
#7709 = AXIS2_PLACEMENT_3D ( 'NONE', #9856, #6773, #9689 ) ;
#7710 = PLANE ( 'NONE',  #3182 ) ;
#7711 = ORIENTED_EDGE ( 'NONE', *, *, #11172, .T. ) ;
#7712 = CIRCLE ( 'NONE', #11165, 1.000000000000000888 ) ;
#7713 = DIRECTION ( 'NONE',  ( 1.000000000000000000, -1.400000000000000345E-14, -1.966981464302830696E-30 ) ) ;
#7714 = CARTESIAN_POINT ( 'NONE',  ( -1.800000000000000266, -9.500000000000001776, 4.799999999999998934 ) ) ;
#7715 = EDGE_CURVE ( 'NONE', #1772, #12039, #9131, .T. ) ;
#7716 = LINE ( 'NONE', #7787, #595 ) ;
#7717 = FACE_OUTER_BOUND ( 'NONE', #5996, .T. ) ;
#7718 = STYLED_ITEM ( 'NONE', ( #5095 ), #2763 ) ;
#7719 = CARTESIAN_POINT ( 'NONE',  ( 1.811557909772484543, -9.129490619516062111, -17.74000023431014128 ) ) ;
#7720 = LINE ( 'NONE', #5661, #3331 ) ;
#7721 = CARTESIAN_POINT ( 'NONE',  ( -0.4746009539507521358, -10.43846426198970434, -17.62279696255869155 ) ) ;
#7722 = CARTESIAN_POINT ( 'NONE',  ( -0.7582300768438539063, -11.02737508279716927, -17.49653817117677335 ) ) ;
#7723 = EDGE_LOOP ( 'NONE', ( #3341, #12220, #2609, #8753 ) ) ;
#7724 = PLANE ( 'NONE',  #3096 ) ;
#7725 = VERTEX_POINT ( 'NONE', #4970 ) ;
#7726 = CARTESIAN_POINT ( 'NONE',  ( 88.40000000000000568, -0.1000000000000000056, 57.39999999999999858 ) ) ;
#7727 = CARTESIAN_POINT ( 'NONE',  ( 86.79999999999999716, 0.000000000000000000, 0.000000000000000000 ) ) ;
#7728 = FACE_OUTER_BOUND ( 'NONE', #658, .T. ) ;
#7729 = AXIS2_PLACEMENT_3D ( 'NONE', #9566, #11532, #2106 ) ;
#7730 = CARTESIAN_POINT ( 'NONE',  ( 88.40000000000000568, -0.1000000000000000056, 54.39999999999972857 ) ) ;
#7731 = CARTESIAN_POINT ( 'NONE',  ( -7.210000000046401757E-14, -5.150000000033142733, -1.800000000000000044 ) ) ;
#7732 = ORIENTED_EDGE ( 'NONE', *, *, #11496, .T. ) ;
#7733 = EDGE_CURVE ( 'NONE', #10832, #2865, #12012, .T. ) ;
#7734 = ORIENTED_EDGE ( 'NONE', *, *, #6642, .F. ) ;
#7735 = LINE ( 'NONE', #10781, #9548 ) ;
#7736 = CARTESIAN_POINT ( 'NONE',  ( 72.36444478154164983, -9.702370166845831534, -17.72201706774101737 ) ) ;
#7737 = EDGE_CURVE ( 'NONE', #5288, #2775, #7767, .T. ) ;
#7738 = ORIENTED_EDGE ( 'NONE', *, *, #4008, .F. ) ;
#7739 = CARTESIAN_POINT ( 'NONE',  ( 62.80000000000001137, -17.50000000000000000, 30.79999999999999361 ) ) ;
#7740 = ADVANCED_FACE ( 'NONE', ( #9437 ), #2778, .F. ) ;
#7741 = ORIENTED_EDGE ( 'NONE', *, *, #4636, .T. ) ;
#7742 = EDGE_LOOP ( 'NONE', ( #7009, #9599, #1631, #9829 ) ) ;
#7743 = CARTESIAN_POINT ( 'NONE',  ( -0.2000000000000000111, -9.500000000000001776, 38.80000000000000426 ) ) ;
#7744 = DIRECTION ( 'NONE',  ( -1.000000000000000000, 0.000000000000000000, -0.000000000000000000 ) ) ;
#7745 = LINE ( 'NONE', #8388, #2597 ) ;
#7746 = FACE_BOUND ( 'NONE', #8690, .T. ) ;
#7747 = EDGE_CURVE ( 'NONE', #10408, #4322, #2184, .T. ) ;
#7748 = DIRECTION ( 'NONE',  ( 0.000000000000000000, -1.000000000000000000, 0.000000000000000000 ) ) ;
#7749 = EDGE_CURVE ( 'NONE', #9051, #4018, #7171, .T. ) ;
#7750 = CARTESIAN_POINT ( 'NONE',  ( -4.200000000000017053, -11.90000000000005187, 20.80000000000000071 ) ) ;
#7751 = DIRECTION ( 'NONE',  ( 0.000000000000000000, 0.000000000000000000, -1.000000000000000000 ) ) ;
#7752 = EDGE_CURVE ( 'NONE', #10997, #7011, #1553, .T. ) ;
#7753 = PLANE ( 'NONE',  #9011 ) ;
#7754 = CARTESIAN_POINT ( 'NONE',  ( 34.80000000000000426, -19.10000000000000142, 29.79999999999999716 ) ) ;
#7755 = ORIENTED_EDGE ( 'NONE', *, *, #5514, .F. ) ;
#7756 = ORIENTED_EDGE ( 'NONE', *, *, #9454, .F. ) ;
#7757 = CARTESIAN_POINT ( 'NONE',  ( 17.00677727426996810, -10.49463313667988906, -1.800000000000000044 ) ) ;
#7758 = PLANE ( 'NONE',  #49 ) ;
#7759 = VERTEX_POINT ( 'NONE', #9736 ) ;
#7760 = EDGE_LOOP ( 'NONE', ( #10439, #4526, #3420, #2053, #2901, #8997 ) ) ;
#7761 = CARTESIAN_POINT ( 'NONE',  ( -0.2199464581530210516, -10.17944762867579911, -17.68157857183465609 ) ) ;
#7762 = DIRECTION ( 'NONE',  ( 0.000000000000000000, 0.000000000000000000, -1.000000000000000000 ) ) ;
#7763 = CARTESIAN_POINT ( 'NONE',  ( 0.1274169265059114653, -9.242250058315455874, -17.73873542184710672 ) ) ;
#7764 = DIRECTION ( 'NONE',  ( -1.000000000000000000, -3.469446951953613696E-16, 0.000000000000000000 ) ) ;
#7765 = ORIENTED_EDGE ( 'NONE', *, *, #4818, .F. ) ;
#7766 = CARTESIAN_POINT ( 'NONE',  ( 4.800000000000000711, -19.10000000000000142, 12.79999999999999893 ) ) ;
#7767 = LINE ( 'NONE', #3969, #10962 ) ;
#7768 = PLANE ( 'NONE',  #10117 ) ;
#7769 = CARTESIAN_POINT ( 'NONE',  ( -1.800000000000000266, -17.50000000000000000, 32.79999999999999716 ) ) ;
#7770 = EDGE_LOOP ( 'NONE', ( #1598, #2567, #9436, #9457 ) ) ;
#7771 = DIRECTION ( 'NONE',  ( 0.000000000000000000, -1.000000000000000000, -0.000000000000000000 ) ) ;
#7772 = DIRECTION ( 'NONE',  ( 0.000000000000000000, -1.000000000000000000, -1.234678630588475078E-16 ) ) ;
#7773 = EDGE_CURVE ( 'NONE', #3504, #10272, #2027, .T. ) ;
#7774 = VECTOR ( 'NONE', #694, 1000.000000000000000 ) ;
#7775 = CARTESIAN_POINT ( 'NONE',  ( -0.2000000000000000111, -15.90000000000001101, -1.963139022635676547E-15 ) ) ;
#7776 = ORIENTED_EDGE ( 'NONE', *, *, #1205, .T. ) ;
#7777 = ORIENTED_EDGE ( 'NONE', *, *, #1421, .T. ) ;
#7778 = LINE ( 'NONE', #2135, #3827 ) ;
#7779 = CARTESIAN_POINT ( 'NONE',  ( 31.80000000000000071, -19.10000000000000142, 21.80000000000000071 ) ) ;
#7780 = CARTESIAN_POINT ( 'NONE',  ( -0.2000000000000000111, -15.90000000000001101, -1.963139022635676547E-15 ) ) ;
#7781 = ORIENTED_EDGE ( 'NONE', *, *, #2830, .T. ) ;
#7782 = VERTEX_POINT ( 'NONE', #336 ) ;
#7783 = VECTOR ( 'NONE', #5688, 1000.000000000000000 ) ;
#7784 = FACE_OUTER_BOUND ( 'NONE', #1122, .T. ) ;
#7785 = CARTESIAN_POINT ( 'NONE',  ( 3.799999999999999822, -18.69999999999997797, -5.612340657572016178E-15 ) ) ;
#7786 = ORIENTED_EDGE ( 'NONE', *, *, #5778, .F. ) ;
#7787 = CARTESIAN_POINT ( 'NONE',  ( 6.800000000000000711, -17.50000000000000000, 49.29999999999999716 ) ) ;
#7788 = EDGE_CURVE ( 'NONE', #4701, #11742, #5791, .T. ) ;
#7789 = FACE_OUTER_BOUND ( 'NONE', #12242, .T. ) ;
#7790 = CARTESIAN_POINT ( 'NONE',  ( 4.799999999999999822, -17.50000000000000000, 22.80000000000000071 ) ) ;
#7791 = CARTESIAN_POINT ( 'NONE',  ( 34.80000000000000426, -19.10000000000000142, 4.799999999999999822 ) ) ;
#7792 = CARTESIAN_POINT ( 'NONE',  ( 3.199999999999978861, -19.29999999999996163, -1.200000000000048139 ) ) ;
#7793 = DIRECTION ( 'NONE',  ( 0.000000000000000000, 0.000000000000000000, 1.000000000000000000 ) ) ;
#7794 = ORIENTED_EDGE ( 'NONE', *, *, #10626, .F. ) ;
#7795 = EDGE_LOOP ( 'NONE', ( #10125, #4656, #7177, #671 ) ) ;
#7796 = DIRECTION ( 'NONE',  ( 1.000000000000000000, 0.000000000000000000, 0.000000000000000000 ) ) ;
#7797 = DIRECTION ( 'NONE',  ( 0.000000000000000000, 0.000000000000000000, -1.000000000000000000 ) ) ;
#7798 = FACE_BOUND ( 'NONE', #3723, .T. ) ;
#7799 = VECTOR ( 'NONE', #4652, 1000.000000000000000 ) ;
#7800 = DIRECTION ( 'NONE',  ( 1.000000000000000000, 0.000000000000000000, 0.000000000000000000 ) ) ;
#7801 = CYLINDRICAL_SURFACE ( 'NONE', #8019, 0.9999999999999991118 ) ;
#7802 = CARTESIAN_POINT ( 'NONE',  ( 0.03851674630305726432, -9.512470213949690390, -17.73151248060318608 ) ) ;
#7803 = ADVANCED_FACE ( 'NONE', ( #5468 ), #1275, .F. ) ;
#7804 = CARTESIAN_POINT ( 'NONE',  ( 0.1274183967596146938, -9.242229101055274398, -17.73889356874608225 ) ) ;
#7805 = DIRECTION ( 'NONE',  ( 0.000000000000000000, 0.000000000000000000, -1.000000000000000000 ) ) ;
#7806 = CARTESIAN_POINT ( 'NONE',  ( -1.800000000000000266, -17.50000000000000000, 42.80000000000000426 ) ) ;
#7807 = LINE ( 'NONE', #1663, #10700 ) ;
#7808 = ORIENTED_EDGE ( 'NONE', *, *, #645, .F. ) ;
#7809 = ORIENTED_EDGE ( 'NONE', *, *, #4649, .F. ) ;
#7810 = CARTESIAN_POINT ( 'NONE',  ( 35.80000000000000426, -19.10000000000000497, 33.79999999999999716 ) ) ;
#7811 = PRESENTATION_STYLE_ASSIGNMENT (( #490 ) ) ;
#7812 = CARTESIAN_POINT ( 'NONE',  ( 63.80000000000001137, -17.50000000000000000, 45.79999999999999005 ) ) ;
#7813 = DIRECTION ( 'NONE',  ( 0.000000000000000000, 0.000000000000000000, -1.000000000000000000 ) ) ;
#7814 = VECTOR ( 'NONE', #8735, 1000.000000000000000 ) ;
#7815 = ADVANCED_FACE ( 'NONE', ( #9898 ), #7166, .F. ) ;
#7816 = ORIENTED_EDGE ( 'NONE', *, *, #10859, .T. ) ;
#7817 = EDGE_LOOP ( 'NONE', ( #5677, #10324, #9478, #10294 ) ) ;
#7818 = VERTEX_POINT ( 'NONE', #8761 ) ;
#7819 = DIRECTION ( 'NONE',  ( 0.000000000000000000, -1.055278234055558625E-16, 1.000000000000000000 ) ) ;
#7820 = VECTOR ( 'NONE', #8039, 1000.000000000000000 ) ;
#7821 = AXIS2_PLACEMENT_3D ( 'NONE', #2777, #10561, #12512 ) ;
#7822 = ORIENTED_EDGE ( 'NONE', *, *, #6303, .F. ) ;
#7823 = EDGE_LOOP ( 'NONE', ( #5, #3481, #5502, #1885 ) ) ;
#7824 = EDGE_CURVE ( 'NONE', #3148, #8581, #2931, .T. ) ;
#7825 = LINE ( 'NONE', #3478, #5216 ) ;
#7826 = EDGE_CURVE ( 'NONE', #1715, #1374, #4863, .T. ) ;
#7827 = DIRECTION ( 'NONE',  ( -0.000000000000000000, 1.000000000000000000, 0.000000000000000000 ) ) ;
#7828 = VERTEX_POINT ( 'NONE', #9098 ) ;
#7829 = CARTESIAN_POINT ( 'NONE',  ( 3.399990493338294506, -14.42588712190869771, -16.20720614816859850 ) ) ;
#7830 = ORIENTED_EDGE ( 'NONE', *, *, #7624, .F. ) ;
#7831 = ORIENTED_EDGE ( 'NONE', *, *, #6469, .T. ) ;
#7832 = CARTESIAN_POINT ( 'NONE',  ( 2.762045696867285294, -11.03559340830250513, -17.49430477288710506 ) ) ;
#7833 = CIRCLE ( 'NONE', #9783, 1.000000000000000888 ) ;
#7834 = DIRECTION ( 'NONE',  ( 0.000000000000000000, -1.000000000000000000, 0.000000000000000000 ) ) ;
#7835 = ADVANCED_FACE ( 'NONE', ( #4723 ), #9572, .F. ) ;
#7836 = CARTESIAN_POINT ( 'NONE',  ( 71.81449808419060332, 13.20131624434889694, -17.58295971038934269 ) ) ;
#7837 = VECTOR ( 'NONE', #7129, 1000.000000000000000 ) ;
#7838 = DIRECTION ( 'NONE',  ( 1.000000000000000000, -0.000000000000000000, -0.000000000000000000 ) ) ;
#7839 = EDGE_CURVE ( 'NONE', #3154, #11430, #4112, .T. ) ;
#7840 = AXIS2_PLACEMENT_3D ( 'NONE', #7990, #3231, #11904 ) ;
#7841 = PRESENTATION_LAYER_ASSIGNMENT (  '', '', ( #2650 ) ) ;
#7842 = CARTESIAN_POINT ( 'NONE',  ( 34.80000000000000426, -17.50000000000000000, 9.799999999999995381 ) ) ;
#7843 = CARTESIAN_POINT ( 'NONE',  ( 8.029999999999558824, -5.209999999999800124, -0.2000000000000007883 ) ) ;
#7844 = AXIS2_PLACEMENT_3D ( 'NONE', #10960, #3332, #5083 ) ;
#7845 = DIRECTION ( 'NONE',  ( 0.000000000000000000, 0.000000000000000000, 1.000000000000000000 ) ) ;
#7846 = ORIENTED_EDGE ( 'NONE', *, *, #9208, .F. ) ;
#7847 = EDGE_LOOP ( 'NONE', ( #2244, #729, #2709, #9842, #8838 ) ) ;
#7848 = EDGE_CURVE ( 'NONE', #9642, #5397, #8978, .T. ) ;
#7849 = CARTESIAN_POINT ( 'NONE',  ( 34.80000000000000426, -17.50000000000000000, 12.79999999999999538 ) ) ;
#7850 = B_SPLINE_CURVE_WITH_KNOTS ( 'NONE', 3,
 ( #2462, #1472, #9214, #6331, #11088, #1554, #6221, #1390, #3432, #10200, #8306, #12059, #9093, #11052, #11131, #3391, #4368, #11175, #10077, #3342, #4245, #7329, #1428, #5332, #8261, #2505, #4406, #11211, #7202, #411, #5376, #12192, #12013, #8157, #581, #2376, #4330, #9164, #5252, #10127, #6261, #7247, #8188, #2426, #9345, #10444, #6464, #5469, #1595, #4535, #10371, #12353, #3546, #1766, #2700, #3514, #1675, #9425, #4449, #663, #775, #6545, #10332, #1636, #6507, #11291, #2617, #5425, #8476, #2658, #4493, #3623, #12281 ),
 .UNSPECIFIED., .F., .F.,
 ( 4, 2, 1, 1, 1, 2, 2, 2, 1, 1, 2, 2, 1, 1, 2, 2, 1, 1, 2, 2, 2, 1, 1, 2, 2, 2, 1, 1, 2, 2, 2, 1, 1, 2, 2, 2, 1, 1, 2, 2, 2, 1, 1, 2, 2, 4 ),
 ( 0.000000000000000000, 0.03124999999999339417, 0.04687499999998923084, 0.05468749999998667038, 0.05859374999998539363, 0.06054687499998420014, 0.06249999999998299971, 0.09374999999998545608, 0.1093749999999870798, 0.1171874999999892031, 0.1210937499999888561, 0.1249999999999885092, 0.1562499999999707456, 0.1718749999999621969, 0.1796874999999587830, 0.1874999999999553413, 0.2187499999999457656, 0.2343749999999421851, 0.2421874999999420464, 0.2499999999999418798, 0.3124999999999339417, 0.3437499999999312772, 0.3593749999999314992, 0.3671874999999314992, 0.3749999999999314437, 0.4374999999999270583, 0.4687499999999237832, 0.4843749999999232281, 0.4921874999999230060, 0.4999999999999227285, 0.5624999999999238387, 0.5937499999999232836, 0.6093749999999221734, 0.6171874999999225064, 0.6249999999999228395, 0.6874999999999314992, 0.7187499999999354960, 0.7343749999999383826, 0.7421874999999401590, 0.7499999999999419353, 0.8124999999999549249, 0.8437499999999621414, 0.8593749999999659162, 0.8671874999999681366, 0.8749999999999703570, 1.000000000000000000 ),
 .UNSPECIFIED. ) ;
#7851 = DIRECTION ( 'NONE',  ( 0.000000000000000000, 0.000000000000000000, -1.000000000000000000 ) ) ;
#7852 = LINE ( 'NONE', #3558, #1484 ) ;
#7853 = DIRECTION ( 'NONE',  ( 0.5773502691896277295, -0.5773502691896198469, 0.5773502691896296168 ) ) ;
#7854 = DIRECTION ( 'NONE',  ( 0.000000000000000000, -1.234678630588475078E-16, 1.000000000000000000 ) ) ;
#7855 = DIRECTION ( 'NONE',  ( 0.000000000000000000, -0.000000000000000000, 1.000000000000000000 ) ) ;
#7856 = ORIENTED_EDGE ( 'NONE', *, *, #676, .T. ) ;
#7857 = VERTEX_POINT ( 'NONE', #6875 ) ;
#7858 = VERTEX_POINT ( 'NONE', #9963 ) ;
#7859 = VECTOR ( 'NONE', #6759, 1000.000000000000000 ) ;
#7860 = AXIS2_PLACEMENT_3D ( 'NONE', #733, #12350, #1761 ) ;
#7861 = VECTOR ( 'NONE', #1054, 1000.000000000000000 ) ;
#7862 = PLANE ( 'NONE',  #9655 ) ;
#7863 = ADVANCED_FACE ( 'NONE', ( #10199 ), #4164, .F. ) ;
#7864 = VERTEX_POINT ( 'NONE', #7041 ) ;
#7865 = ORIENTED_EDGE ( 'NONE', *, *, #2992, .F. ) ;
#7866 = VECTOR ( 'NONE', #4546, 1000.000000000000000 ) ;
#7867 = CARTESIAN_POINT ( 'NONE',  ( 3.351636256948361314, -13.95910101254446900, -16.48010405987841409 ) ) ;
#7868 = VECTOR ( 'NONE', #280, 1000.000000000000000 ) ;
#7869 = AXIS2_PLACEMENT_3D ( 'NONE', #12568, #8736, #8955 ) ;
#7870 = DIRECTION ( 'NONE',  ( -0.000000000000000000, -0.000000000000000000, -1.000000000000000000 ) ) ;
#7871 = CARTESIAN_POINT ( 'NONE',  ( -1.800000000000000266, -0.1000000000000002554, 3.600000000000000089 ) ) ;
#7872 = AXIS2_PLACEMENT_3D ( 'NONE', #11892, #327, #291 ) ;
#7873 = DIRECTION ( 'NONE',  ( 0.000000000000000000, 0.000000000000000000, 1.000000000000000000 ) ) ;
#7874 = VERTEX_POINT ( 'NONE', #5212 ) ;
#7875 = CARTESIAN_POINT ( 'NONE',  ( 4.799999999999999822, -19.10000000000000497, 29.80000000000000071 ) ) ;
#7876 = CARTESIAN_POINT ( 'NONE',  ( 87.39999999999999147, -17.50000000000020250, 54.39999999999972857 ) ) ;
#7877 = EDGE_LOOP ( 'NONE', ( #11944, #10490, #8294, #11018 ) ) ;
#7878 = ORIENTED_EDGE ( 'NONE', *, *, #7442, .F. ) ;
#7879 = ADVANCED_FACE ( 'NONE', ( #206 ), #8075, .F. ) ;
#7880 =( GEOMETRIC_REPRESENTATION_CONTEXT ( 3 ) GLOBAL_UNCERTAINTY_ASSIGNED_CONTEXT ( ( #4596 ) ) GLOBAL_UNIT_ASSIGNED_CONTEXT ( ( #11298, #667, #4374 ) ) REPRESENTATION_CONTEXT ( 'NONE', 'WORKASPACE' ) );
#7881 = DIRECTION ( 'NONE',  ( 1.000000000000000000, 0.000000000000000000, 0.000000000000000000 ) ) ;
#7882 = CIRCLE ( 'NONE', #11075, 1.000000000000000888 ) ;
#7883 = CIRCLE ( 'NONE', #4686, 1.000000000000000888 ) ;
#7884 = DIRECTION ( 'NONE',  ( 1.000000000000000000, 0.000000000000000000, -0.000000000000000000 ) ) ;
#7885 = DIRECTION ( 'NONE',  ( 0.000000000000000000, 0.000000000000000000, -1.000000000000000000 ) ) ;
#7886 = CARTESIAN_POINT ( 'NONE',  ( -1.102200073100146005, -11.79350583091917670, -17.25800622180672406 ) ) ;
#7887 = CARTESIAN_POINT ( 'NONE',  ( 34.80000000000000426, -19.10000000000000142, 32.79999999999999716 ) ) ;
#7888 = DIRECTION ( 'NONE',  ( 0.000000000000000000, 1.000000000000000000, -0.000000000000000000 ) ) ;
#7889 = VERTEX_POINT ( 'NONE', #2304 ) ;
#7890 = DIRECTION ( 'NONE',  ( -0.000000000000000000, -0.000000000000000000, -1.000000000000000000 ) ) ;
#7891 = AXIS2_PLACEMENT_3D ( 'NONE', #6476, #5611, #4506 ) ;
#7892 = CARTESIAN_POINT ( 'NONE',  ( 34.80000000000000426, -19.10000000000000142, 33.79999999999999716 ) ) ;
#7893 = CARTESIAN_POINT ( 'NONE',  ( 150.7570364914818697, -15.90000000000000391, 56.20000000000000284 ) ) ;
#7894 = LINE ( 'NONE', #1791, #1526 ) ;
#7895 = EDGE_CURVE ( 'NONE', #8077, #6643, #55, .T. ) ;
#7896 = EDGE_CURVE ( 'NONE', #1185, #8343, #1262, .T. ) ;
#7897 = ORIENTED_EDGE ( 'NONE', *, *, #9056, .T. ) ;
#7898 = VERTEX_POINT ( 'NONE', #11813 ) ;
#7899 = CARTESIAN_POINT ( 'NONE',  ( -5.799999999999985612, 11.79999999999999893, -11.50000000000000000 ) ) ;
#7900 = VERTEX_POINT ( 'NONE', #5042 ) ;
#7901 = LINE ( 'NONE', #2260, #4711 ) ;
#7902 = CARTESIAN_POINT ( 'NONE',  ( 31.79999999999999361, -19.10000000000000142, 10.79999999999999893 ) ) ;
#7903 = PLANE ( 'NONE',  #3202 ) ;
#7904 = EDGE_CURVE ( 'NONE', #1374, #1813, #6544, .T. ) ;
#7905 = CARTESIAN_POINT ( 'NONE',  ( 84.20000000000001705, 18.00000000000000000, -17.73999999999999844 ) ) ;
#7906 = AXIS2_PLACEMENT_3D ( 'NONE', #4062, #4103, #1331 ) ;
#7907 = EDGE_CURVE ( 'NONE', #2150, #10267, #8819, .T. ) ;
#7908 = FACE_OUTER_BOUND ( 'NONE', #1779, .T. ) ;
#7909 = CARTESIAN_POINT ( 'NONE',  ( 3.227315458465252807, -12.09486145610140007, -17.14135382956738241 ) ) ;
#7910 = DIRECTION ( 'NONE',  ( 0.000000000000000000, -0.7071067811865511255, -0.7071067811865440200 ) ) ;
#7911 = DIRECTION ( 'NONE',  ( -0.000000000000000000, -1.000000000000000000, -0.000000000000000000 ) ) ;
#7912 = DIRECTION ( 'NONE',  ( 0.000000000000000000, -0.7071067811865467956, -0.7071067811865483499 ) ) ;
#7913 = ORIENTED_EDGE ( 'NONE', *, *, #5111, .T. ) ;
#7914 = VECTOR ( 'NONE', #38, 1000.000000000000000 ) ;
#7915 = EDGE_CURVE ( 'NONE', #7622, #10137, #7901, .T. ) ;
#7916 = LINE ( 'NONE', #9353, #12168 ) ;
#7917 = CARTESIAN_POINT ( 'NONE',  ( 72.03330800790959643, 12.80379910063937032, -17.66155508376919769 ) ) ;
#7918 = CARTESIAN_POINT ( 'NONE',  ( 4.799999999999999822, -17.50000000000000355, 37.79999999999999716 ) ) ;
#7919 = ORIENTED_EDGE ( 'NONE', *, *, #1089, .F. ) ;
#7920 = ORIENTED_EDGE ( 'NONE', *, *, #7109, .T. ) ;
#7921 = LINE ( 'NONE', #1822, #10969 ) ;
#7922 = DIRECTION ( 'NONE',  ( -0.000000000000000000, 1.000000000000000000, -0.000000000000000000 ) ) ;
#7923 = EDGE_LOOP ( 'NONE', ( #6086, #5666, #4376, #9103, #3887, #2413 ) ) ;
#7924 = PLANE ( 'NONE',  #6696 ) ;
#7925 = ADVANCED_FACE ( 'NONE', ( #5621 ), #4153, .F. ) ;
#7926 = CARTESIAN_POINT ( 'NONE',  ( -1.653274641183829052, -13.35901726718572036, -16.49547217285480372 ) ) ;
#7927 = CARTESIAN_POINT ( 'NONE',  ( -1.800000000000000266, -17.50000000000000000, 20.80000000000000071 ) ) ;
#7928 = FACE_OUTER_BOUND ( 'NONE', #11213, .T. ) ;
#7929 = PLANE ( 'NONE',  #7906 ) ;
#7930 = ORIENTED_EDGE ( 'NONE', *, *, #11819, .F. ) ;
#7931 = VERTEX_POINT ( 'NONE', #6065 ) ;
#7932 = DIRECTION ( 'NONE',  ( 1.000000000000000000, 0.000000000000000000, 0.000000000000000000 ) ) ;
#7933 = EDGE_CURVE ( 'NONE', #8965, #1392, #5779, .T. ) ;
#7934 = VECTOR ( 'NONE', #3938, 1000.000000000000000 ) ;
#7935 = VECTOR ( 'NONE', #5402, 1000.000000000000000 ) ;
#7936 = VERTEX_POINT ( 'NONE', #253 ) ;
#7937 = VECTOR ( 'NONE', #11215, 1000.000000000000000 ) ;
#7938 = CARTESIAN_POINT ( 'NONE',  ( 70.60000000000000853, -3.200000000000001510, -1.800000000000000044 ) ) ;
#7939 = EDGE_LOOP ( 'NONE', ( #11632, #2825, #5532, #5927 ) ) ;
#7940 = VECTOR ( 'NONE', #11150, 1000.000000000000000 ) ;
#7941 = CARTESIAN_POINT ( 'NONE',  ( 0.1999999999999998723, 11.79999999999999538, -17.73999999999999844 ) ) ;
#7942 = ORIENTED_EDGE ( 'NONE', *, *, #2912, .T. ) ;
#7943 = VECTOR ( 'NONE', #385, 1000.000000000000000 ) ;
#7944 = ORIENTED_EDGE ( 'NONE', *, *, #2988, .F. ) ;
#7945 = CARTESIAN_POINT ( 'NONE',  ( 19.00677727426997166, -10.49463313667988906, -0.2000000000000016209 ) ) ;
#7946 = DIRECTION ( 'NONE',  ( 1.000000000000000000, 0.000000000000000000, -0.000000000000000000 ) ) ;
#7947 = ORIENTED_EDGE ( 'NONE', *, *, #2117, .F. ) ;
#7948 = AXIS2_PLACEMENT_3D ( 'NONE', #8632, #8711, #2097 ) ;
#7949 = LINE ( 'NONE', #6939, #1442 ) ;
#7950 = CARTESIAN_POINT ( 'NONE',  ( 2.942604524832220125, -11.42886672194455677, -17.38176477286019050 ) ) ;
#7951 = VECTOR ( 'NONE', #6126, 1000.000000000000000 ) ;
#7952 = CARTESIAN_POINT ( 'NONE',  ( -1.800000000000000266, -3.045900930049277200, 16.89936534720461125 ) ) ;
#7953 = DIRECTION ( 'NONE',  ( 0.000000000000000000, 1.000000000000000000, -0.000000000000000000 ) ) ;
#7954 = ADVANCED_FACE ( 'NONE', ( #10339 ), #5297, .F. ) ;
#7955 = CARTESIAN_POINT ( 'NONE',  ( 86.47744005822541169, -9.251750973866075256, -17.74000000000000199 ) ) ;
#7956 = CARTESIAN_POINT ( 'NONE',  ( 62.80000000000001137, -17.50000000000000355, 37.79999999999999005 ) ) ;
#7957 = VECTOR ( 'NONE', #9333, 1000.000000000000000 ) ;
#7958 = AXIS2_PLACEMENT_3D ( 'NONE', #843, #10599, #5629 ) ;
#7959 = ORIENTED_EDGE ( 'NONE', *, *, #6218, .F. ) ;
#7960 = VECTOR ( 'NONE', #2472, 1000.000000000000000 ) ;
#7961 = ORIENTED_EDGE ( 'NONE', *, *, #5715, .T. ) ;
#7962 = CARTESIAN_POINT ( 'NONE',  ( 70.81313519126076983, -13.11790586739998865, -16.63844351088373230 ) ) ;
#7963 = CARTESIAN_POINT ( 'NONE',  ( 3.799999999999999822, -18.69999999999997797, -7.740000000000005542 ) ) ;
#7964 = EDGE_CURVE ( 'NONE', #10750, #1185, #2604, .T. ) ;
#7965 = CARTESIAN_POINT ( 'NONE',  ( -1.800000000000000266, -9.500000000000001776, 28.80000000000000071 ) ) ;
#7966 = DIRECTION ( 'NONE',  ( -0.7071067811865426878, -0.7071067811865524577, -8.730496322752370596E-17 ) ) ;
#7967 = DIRECTION ( 'NONE',  ( 0.000000000000000000, -1.000000000000000000, 0.000000000000000000 ) ) ;
#7968 = CARTESIAN_POINT ( 'NONE',  ( -1.800000000000000266, -9.500000000000001776, 20.80000000000000071 ) ) ;
#7969 = EDGE_CURVE ( 'NONE', #8430, #9769, #6253, .T. ) ;
#7970 = LINE ( 'NONE', #2875, #2242 ) ;
#7971 = CARTESIAN_POINT ( 'NONE',  ( 3.799999999999999378, -19.10000000000000142, 21.80000000000000071 ) ) ;
#7972 = VERTEX_POINT ( 'NONE', #6720 ) ;
#7973 = ORIENTED_EDGE ( 'NONE', *, *, #4319, .F. ) ;
#7974 = ORIENTED_EDGE ( 'NONE', *, *, #11151, .F. ) ;
#7975 = CIRCLE ( 'NONE', #9162, 1.000000000000000888 ) ;
#7976 = DIRECTION ( 'NONE',  ( -0.000000000000000000, 0.000000000000000000, 1.000000000000000000 ) ) ;
#7977 = DIRECTION ( 'NONE',  ( 0.000000000000000000, -1.000000000000000000, 0.000000000000000000 ) ) ;
#7978 = EDGE_CURVE ( 'NONE', #480, #2155, #3656, .T. ) ;
#7979 = CARTESIAN_POINT ( 'NONE',  ( -1.000000000000000000, -4.545900930049277200, 16.39936534720461125 ) ) ;
#7980 = LINE ( 'NONE', #6472, #11640 ) ;
#7981 = AXIS2_PLACEMENT_3D ( 'NONE', #4977, #9882, #11791 ) ;
#7982 = EDGE_LOOP ( 'NONE', ( #11290, #8842, #10885, #10253 ) ) ;
#7983 = ORIENTED_EDGE ( 'NONE', *, *, #8213, .T. ) ;
#7984 = EDGE_CURVE ( 'NONE', #5581, #10208, #11857, .T. ) ;
#7985 = ADVANCED_FACE ( 'NONE', ( #2471 ), #5776, .F. ) ;
#7986 = LINE ( 'NONE', #11149, #6320 ) ;
#7987 = VERTEX_POINT ( 'NONE', #4793 ) ;
#7988 = EDGE_CURVE ( 'NONE', #1398, #6618, #3802, .T. ) ;
#7989 = FACE_OUTER_BOUND ( 'NONE', #6100, .T. ) ;
#7990 = CARTESIAN_POINT ( 'NONE',  ( 62.80000000000001137, -19.10000000000000142, 45.79999999999999005 ) ) ;
#7991 = ORIENTED_EDGE ( 'NONE', *, *, #8630, .F. ) ;
#7992 = DIRECTION ( 'NONE',  ( 0.000000000000000000, 5.421010862427523156E-16, -1.000000000000000000 ) ) ;
#7993 = CARTESIAN_POINT ( 'NONE',  ( 4.199999999999995737, -0.09999999999999939493, 56.84969335805276103 ) ) ;
#7994 = ORIENTED_EDGE ( 'NONE', *, *, #8209, .F. ) ;
#7995 = CARTESIAN_POINT ( 'NONE',  ( 3.799999999999999378, -19.10000000000000142, 26.80000000000000071 ) ) ;
#7996 = ORIENTED_EDGE ( 'NONE', *, *, #11404, .T. ) ;
#7997 = CIRCLE ( 'NONE', #9205, 2.149999999999999023 ) ;
#7998 = CARTESIAN_POINT ( 'NONE',  ( 6.800000000000001599, -17.50000000000000000, 54.60000000000000853 ) ) ;
#7999 = CARTESIAN_POINT ( 'NONE',  ( -1.800000000000000266, -9.500000000000001776, 6.800000000000000711 ) ) ;
#8000 = ORIENTED_EDGE ( 'NONE', *, *, #1811, .T. ) ;
#8001 = DIRECTION ( 'NONE',  ( -1.000000000000000000, 0.000000000000000000, -0.000000000000000000 ) ) ;
#8002 = VECTOR ( 'NONE', #7403, 1000.000000000000000 ) ;
#8003 = ORIENTED_EDGE ( 'NONE', *, *, #8374, .F. ) ;
#8004 = CARTESIAN_POINT ( 'NONE',  ( 82.40000000000000568, -0.09999999999999882594, 56.79999999999999716 ) ) ;
#8005 = ADVANCED_FACE ( 'NONE', ( #2169 ), #4102, .F. ) ;
#8006 = CARTESIAN_POINT ( 'NONE',  ( 88.01295278865357830, -12.58214886773943775, -16.92300552984467643 ) ) ;
#8007 = DIRECTION ( 'NONE',  ( -0.000000000000000000, 1.000000000000000000, -0.000000000000000000 ) ) ;
#8008 = DIRECTION ( 'NONE',  ( 1.000000000000000000, 0.000000000000000000, 0.000000000000000000 ) ) ;
#8009 = EDGE_CURVE ( 'NONE', #6175, #8416, #10188, .T. ) ;
#8010 = LINE ( 'NONE', #11824, #11962 ) ;
#8011 = CARTESIAN_POINT ( 'NONE',  ( -1.726025558088113865, -13.69024564128256927, -16.27944211246356332 ) ) ;
#8012 = CARTESIAN_POINT ( 'NONE',  ( -1.800000000000000266, -17.50000000000000000, 44.79999999999999716 ) ) ;
#8013 = ORIENTED_EDGE ( 'NONE', *, *, #8059, .F. ) ;
#8014 = ORIENTED_EDGE ( 'NONE', *, *, #965, .F. ) ;
#8015 = LINE ( 'NONE', #8754, #4501 ) ;
#8016 = DIRECTION ( 'NONE',  ( -1.000000000000000000, 0.000000000000000000, -0.000000000000000000 ) ) ;
#8017 = CARTESIAN_POINT ( 'NONE',  ( -1.000000000000000000, -3.045900930049277200, 18.39936534720461481 ) ) ;
#8018 = CARTESIAN_POINT ( 'NONE',  ( 1.400000000000012346, -17.50000000000000000, -2.755455298081544778E-15 ) ) ;
#8019 = AXIS2_PLACEMENT_3D ( 'NONE', #1253, #8990, #11925 ) ;
#8020 = LINE ( 'NONE', #11568, #9078 ) ;
#8021 = AXIS2_PLACEMENT_3D ( 'NONE', #1330, #349, #9110 ) ;
#8022 = DIRECTION ( 'NONE',  ( 0.000000000000000000, 0.000000000000000000, -1.000000000000000000 ) ) ;
#8023 = VECTOR ( 'NONE', #12483, 1000.000000000000000 ) ;
#8024 = EDGE_CURVE ( 'NONE', #11347, #1685, #6105, .T. ) ;
#8025 = CIRCLE ( 'NONE', #8189, 1.000000000000000888 ) ;
#8026 = VECTOR ( 'NONE', #3293, 1000.000000000000000 ) ;
#8027 = CARTESIAN_POINT ( 'NONE',  ( 16.26999999999954127, -3.200000000000001510, -1.800000000000000044 ) ) ;
#8028 = VERTEX_POINT ( 'NONE', #9576 ) ;
#8029 = EDGE_LOOP ( 'NONE', ( #2636, #7386, #5525, #9730 ) ) ;
#8030 = CARTESIAN_POINT ( 'NONE',  ( 62.80000000000001137, -19.10000000000000142, 20.79999999999999716 ) ) ;
#8031 = CIRCLE ( 'NONE', #6262, 1.000000000000000888 ) ;
#8032 = EDGE_CURVE ( 'NONE', #2618, #4753, #3518, .T. ) ;
#8033 = CARTESIAN_POINT ( 'NONE',  ( 31.80000000000000071, -19.10000000000000142, 25.80000000000000071 ) ) ;
#8034 = FACE_OUTER_BOUND ( 'NONE', #6921, .T. ) ;
#8035 = CARTESIAN_POINT ( 'NONE',  ( 35.80000000000000426, -17.50000000000000355, 14.79999999999999361 ) ) ;
#8036 = DIRECTION ( 'NONE',  ( 1.000000000000000000, 0.000000000000000000, 0.000000000000000000 ) ) ;
#8037 = ORIENTED_EDGE ( 'NONE', *, *, #7126, .F. ) ;
#8038 = ORIENTED_EDGE ( 'NONE', *, *, #438, .F. ) ;
#8039 = DIRECTION ( 'NONE',  ( 0.000000000000000000, 1.000000000000000000, 0.000000000000000000 ) ) ;
#8040 = AXIS2_PLACEMENT_3D ( 'NONE', #8463, #2692, #7562 ) ;
#8041 = DIRECTION ( 'NONE',  ( -0.000000000000000000, -1.000000000000000000, 0.000000000000000000 ) ) ;
#8042 = LINE ( 'NONE', #12435, #7005 ) ;
#8043 = ORIENTED_EDGE ( 'NONE', *, *, #11223, .F. ) ;
#8044 = DIRECTION ( 'NONE',  ( -1.000000000000000000, 0.000000000000000000, -0.000000000000000000 ) ) ;
#8045 = ORIENTED_EDGE ( 'NONE', *, *, #10041, .T. ) ;
#8046 = DIRECTION ( 'NONE',  ( -0.000000000000000000, 2.110556468111117249E-16, -1.000000000000000000 ) ) ;
#8047 = CARTESIAN_POINT ( 'NONE',  ( 32.80000000000000426, -17.50000000000000000, 21.80000000000000071 ) ) ;
#8048 = ADVANCED_FACE ( 'NONE', ( #1093 ), #8051, .F. ) ;
#8049 = CARTESIAN_POINT ( 'NONE',  ( -1.583542316194171740, -13.10647755618763810, -16.64501190873183134 ) ) ;
#8050 = DIRECTION ( 'NONE',  ( -0.000000000000000000, -1.000000000000000000, 0.000000000000000000 ) ) ;
#8051 = CYLINDRICAL_SURFACE ( 'NONE', #7869, 1.000000000000000888 ) ;
#8052 = CARTESIAN_POINT ( 'NONE',  ( -1.800000000000000266, -17.50000000000000000, 22.80000000000000071 ) ) ;
#8053 = CARTESIAN_POINT ( 'NONE',  ( 34.80000000000000426, -17.50000000000000000, 18.79999999999999361 ) ) ;
#8054 = ORIENTED_EDGE ( 'NONE', *, *, #2768, .T. ) ;
#8055 = DIRECTION ( 'NONE',  ( 0.000000000000000000, 0.000000000000000000, -1.000000000000000000 ) ) ;
#8056 = CIRCLE ( 'NONE', #5399, 1.000000000000000888 ) ;
#8057 = VERTEX_POINT ( 'NONE', #4104 ) ;
#8058 = VERTEX_POINT ( 'NONE', #10958 ) ;
#8059 = EDGE_CURVE ( 'NONE', #11561, #10060, #6854, .T. ) ;
#8060 = VECTOR ( 'NONE', #934, 1000.000000000000000 ) ;
#8061 = ORIENTED_EDGE ( 'NONE', *, *, #5533, .T. ) ;
#8062 = DIRECTION ( 'NONE',  ( 0.000000000000000000, 0.000000000000000000, -1.000000000000000000 ) ) ;
#8063 = DIRECTION ( 'NONE',  ( 0.000000000000000000, -1.000000000000000000, 0.000000000000000000 ) ) ;
#8064 = EDGE_CURVE ( 'NONE', #4067, #10875, #10470, .T. ) ;
#8065 = VECTOR ( 'NONE', #7953, 1000.000000000000000 ) ;
#8066 = CARTESIAN_POINT ( 'NONE',  ( 84.20000000000001705, -16.69999999999999929, -9.299999999999998934 ) ) ;
#8067 = ADVANCED_FACE ( 'NONE', ( #6374 ), #10872, .F. ) ;
#8068 = DIRECTION ( 'NONE',  ( 0.000000000000000000, -1.000000000000000000, -1.234678630588475078E-16 ) ) ;
#8069 = LINE ( 'NONE', #5129, #1559 ) ;
#8070 = LINE ( 'NONE', #7714, #4734 ) ;
#8071 = ORIENTED_EDGE ( 'NONE', *, *, #5267, .T. ) ;
#8072 = EDGE_CURVE ( 'NONE', #1989, #4641, #12434, .T. ) ;
#8073 = AXIS2_PLACEMENT_3D ( 'NONE', #1603, #12204, #10297 ) ;
#8074 = DIRECTION ( 'NONE',  ( 0.000000000000000000, 0.000000000000000000, -1.000000000000000000 ) ) ;
#8075 = PLANE ( 'NONE',  #5003 ) ;
#8076 = EDGE_CURVE ( 'NONE', #11077, #7318, #11214, .T. ) ;
#8077 = VERTEX_POINT ( 'NONE', #8914 ) ;
#8078 = VECTOR ( 'NONE', #11738, 1000.000000000000000 ) ;
#8079 = DIRECTION ( 'NONE',  ( 1.000000000000000000, 0.000000000000000000, 0.000000000000000000 ) ) ;
#8080 = DIRECTION ( 'NONE',  ( -0.000000000000000000, -1.000000000000000000, 0.000000000000000000 ) ) ;
#8081 = CIRCLE ( 'NONE', #8492, 1.000000000000000888 ) ;
#8082 = VECTOR ( 'NONE', #9530, 1000.000000000000000 ) ;
#8083 = CARTESIAN_POINT ( 'NONE',  ( 35.80000000000000426, -19.10000000000000142, 46.79999999999999716 ) ) ;
#8084 = DIRECTION ( 'NONE',  ( 0.000000000000000000, -1.234678630588475078E-16, 1.000000000000000000 ) ) ;
#8085 = LINE ( 'NONE', #5350, #1891 ) ;
#8086 = CARTESIAN_POINT ( 'NONE',  ( 31.80000000000000071, -19.10000000000000142, 45.79999999999999716 ) ) ;
#8087 = CARTESIAN_POINT ( 'NONE',  ( 31.80000000000000071, -19.10000000000000497, 33.79999999999999716 ) ) ;
#8088 = EDGE_LOOP ( 'NONE', ( #2489, #2985, #9627, #2191, #8655 ) ) ;
#8089 = DIRECTION ( 'NONE',  ( -1.000000000000000000, 0.000000000000000000, 0.000000000000000000 ) ) ;
#8090 = VERTEX_POINT ( 'NONE', #10792 ) ;
#8091 = PLANE ( 'NONE',  #532 ) ;
#8092 = LINE ( 'NONE', #1920, #3848 ) ;
#8093 = DIRECTION ( 'NONE',  ( 0.000000000000000000, 0.7071067811865465735, 0.7071067811865483499 ) ) ;
#8094 = FACE_BOUND ( 'NONE', #3630, .T. ) ;
#8095 = CARTESIAN_POINT ( 'NONE',  ( 66.40000000000000568, -11.20000000000000107, -0.7999999999999999334 ) ) ;
#8096 = VERTEX_POINT ( 'NONE', #11844 ) ;
#8097 = ORIENTED_EDGE ( 'NONE', *, *, #8356, .F. ) ;
#8098 = CARTESIAN_POINT ( 'NONE',  ( -1.799999999999999378, -3.200000000000001510, -1.800000000000000044 ) ) ;
#8099 = VECTOR ( 'NONE', #279, 1000.000000000000000 ) ;
#8100 = AXIS2_PLACEMENT_3D ( 'NONE', #12155, #7332, #5255 ) ;
#8101 = ORIENTED_EDGE ( 'NONE', *, *, #4483, .F. ) ;
#8102 = LINE ( 'NONE', #9150, #2060 ) ;
#8103 = ORIENTED_EDGE ( 'NONE', *, *, #10325, .T. ) ;
#8104 = CIRCLE ( 'NONE', #6396, 1.500000000000001332 ) ;
#8105 = ORIENTED_EDGE ( 'NONE', *, *, #11820, .T. ) ;
#8106 = ORIENTED_EDGE ( 'NONE', *, *, #6151, .T. ) ;
#8107 = DIRECTION ( 'NONE',  ( 0.000000000000000000, -1.234678630588475078E-16, 1.000000000000000000 ) ) ;
#8108 = LINE ( 'NONE', #3658, #2987 ) ;
#8109 = ADVANCED_FACE ( 'NONE', ( #582 ), #5903, .T. ) ;
#8110 = AXIS2_PLACEMENT_3D ( 'NONE', #3055, #9758, #3987 ) ;
#8111 = ORIENTED_EDGE ( 'NONE', *, *, #5161, .F. ) ;
#8112 = ORIENTED_EDGE ( 'NONE', *, *, #10572, .T. ) ;
#8113 = ORIENTED_EDGE ( 'NONE', *, *, #7826, .F. ) ;
#8114 = CARTESIAN_POINT ( 'NONE',  ( 34.80000000000000426, -19.10000000000000142, 45.79999999999999005 ) ) ;
#8115 = FACE_OUTER_BOUND ( 'NONE', #10078, .T. ) ;
#8116 = DIRECTION ( 'NONE',  ( 0.000000000000000000, 0.000000000000000000, -1.000000000000000000 ) ) ;
#8117 = DIRECTION ( 'NONE',  ( 0.000000000000000000, 0.000000000000000000, 1.000000000000000000 ) ) ;
#8118 = VERTEX_POINT ( 'NONE', #7971 ) ;
#8119 = DIRECTION ( 'NONE',  ( -0.000000000000000000, -0.000000000000000000, 1.000000000000000000 ) ) ;
#8120 = LINE ( 'NONE', #10485, #6927 ) ;
#8121 = CARTESIAN_POINT ( 'NONE',  ( 31.80000000000000071, -17.50000000000000000, 26.80000000000000071 ) ) ;
#8122 = DIRECTION ( 'NONE',  ( 0.000000000000000000, 0.000000000000000000, 1.000000000000000000 ) ) ;
#8123 = ADVANCED_FACE ( 'NONE', ( #2550 ), #3088, .T. ) ;
#8124 = AXIS2_PLACEMENT_3D ( 'NONE', #6067, #3964, #254 ) ;
#8125 = ORIENTED_EDGE ( 'NONE', *, *, #8869, .F. ) ;
#8126 = CARTESIAN_POINT ( 'NONE',  ( 88.30167893854019212, -13.56572536450173061, -16.36367032937571508 ) ) ;
#8127 = CARTESIAN_POINT ( 'NONE',  ( 3.800000000000001155, -19.10000000000000142, 40.80000000000000426 ) ) ;
#8128 = CARTESIAN_POINT ( 'NONE',  ( 34.80000000000000426, -19.10000000000000142, 8.799999999999998934 ) ) ;
#8129 = ORIENTED_EDGE ( 'NONE', *, *, #4657, .F. ) ;
#8130 = ORIENTED_EDGE ( 'NONE', *, *, #8956, .F. ) ;
#8131 = VECTOR ( 'NONE', #320, 1000.000000000000000 ) ;
#8132 = CARTESIAN_POINT ( 'NONE',  ( -1.400000000000012346, -18.70000000000001350, 57.79999999999999716 ) ) ;
#8133 = ORIENTED_EDGE ( 'NONE', *, *, #11240, .T. ) ;
#8134 = EDGE_CURVE ( 'NONE', #8740, #11999, #7368, .T. ) ;
#8135 = CARTESIAN_POINT ( 'NONE',  ( 32.80000000000000426, -19.10000000000000142, 9.799999999999997158 ) ) ;
#8136 = CARTESIAN_POINT ( 'NONE',  ( -0.8000000000000001554, -4.100000000000000533, 6.599999999999999645 ) ) ;
#8137 = EDGE_CURVE ( 'NONE', #6001, #10109, #3681, .T. ) ;
#8138 = CARTESIAN_POINT ( 'NONE',  ( 3.799999999999998046, -9.099999999999996092, -7.740000000000002878 ) ) ;
#8139 = CARTESIAN_POINT ( 'NONE',  ( -1.800000000000000266, -17.50000000000000000, 12.79999999999999893 ) ) ;
#8140 = VERTEX_POINT ( 'NONE', #2319 ) ;
#8141 = ORIENTED_EDGE ( 'NONE', *, *, #12449, .F. ) ;
#8142 = CARTESIAN_POINT ( 'NONE',  ( -1.800000000000000266, 17.99999999999999645, -11.53999999999999737 ) ) ;
#8143 = FACE_OUTER_BOUND ( 'NONE', #2756, .T. ) ;
#8144 = VECTOR ( 'NONE', #12252, 1000.000000000000114 ) ;
#8145 = ORIENTED_EDGE ( 'NONE', *, *, #2571, .F. ) ;
#8146 = CARTESIAN_POINT ( 'NONE',  ( -0.2000000000000000111, -9.500000000000001776, 20.80000000000000071 ) ) ;
#8147 = CARTESIAN_POINT ( 'NONE',  ( 71.62638335222709429, -11.69979082227048828, -17.39688640100309414 ) ) ;
#8148 = AXIS2_PLACEMENT_3D ( 'NONE', #11130, #7328, #3389 ) ;
#8149 = EDGE_CURVE ( 'NONE', #7900, #10079, #6438, .T. ) ;
#8150 = ORIENTED_EDGE ( 'NONE', *, *, #11881, .T. ) ;
#8151 = COLOUR_RGB ( '',0.7921568627450980005, 0.8196078431372548767, 0.9333333333333333481 ) ;
#8152 = CARTESIAN_POINT ( 'NONE',  ( 31.80000000000000071, -19.09999999999999787, 46.80000000000000426 ) ) ;
#8153 = EDGE_CURVE ( 'NONE', #8522, #9212, #6558, .T. ) ;
#8154 = VERTEX_POINT ( 'NONE', #478 ) ;
#8155 = EDGE_CURVE ( 'NONE', #9642, #11977, #642, .T. ) ;
#8156 = ORIENTED_EDGE ( 'NONE', *, *, #3386, .F. ) ;
#8157 = CARTESIAN_POINT ( 'NONE',  ( 87.13864580314235297, -11.03089971145488768, -17.55210391531385383 ) ) ;
#8158 = VECTOR ( 'NONE', #154, 1000.000000000000000 ) ;
#8159 = CARTESIAN_POINT ( 'NONE',  ( 35.80000000000000426, -19.10000000000000142, 21.79999999999999361 ) ) ;
#8160 = ORIENTED_EDGE ( 'NONE', *, *, #12248, .T. ) ;
#8161 = FACE_OUTER_BOUND ( 'NONE', #10290, .T. ) ;
#8162 = DIRECTION ( 'NONE',  ( 0.000000000000000000, -1.000000000000000000, -0.000000000000000000 ) ) ;
#8163 = CARTESIAN_POINT ( 'NONE',  ( 87.76554953835244532, -13.01410568776494081, -16.94237148018464012 ) ) ;
#8164 = VECTOR ( 'NONE', #3469, 1000.000000000000000 ) ;
#8165 = EDGE_CURVE ( 'NONE', #7900, #9539, #10636, .T. ) ;
#8166 = CARTESIAN_POINT ( 'NONE',  ( 88.04530441437161414, -12.67367856370025159, -16.87800726032673637 ) ) ;
#8167 = EDGE_CURVE ( 'NONE', #8811, #11307, #3790, .T. ) ;
#8168 = ADVANCED_FACE ( 'NONE', ( #8614 ), #11072, .F. ) ;
#8169 = DIRECTION ( 'NONE',  ( 0.000000000000000000, -1.000000000000000000, -0.000000000000000000 ) ) ;
#8170 = CARTESIAN_POINT ( 'NONE',  ( 150.7570364914818697, 4.299999999999992717, 57.79999999999999716 ) ) ;
#8171 = ORIENTED_EDGE ( 'NONE', *, *, #10683, .T. ) ;
#8172 = CARTESIAN_POINT ( 'NONE',  ( 41.99999999996702371, -3.900000000034565151, -0.2000000000000006217 ) ) ;
#8173 = ORIENTED_EDGE ( 'NONE', *, *, #5715, .F. ) ;
#8174 = VERTEX_POINT ( 'NONE', #10064 ) ;
#8175 = CARTESIAN_POINT ( 'NONE',  ( 4.799999999999999822, -19.10000000000000142, 32.80000000000000426 ) ) ;
#8176 = LINE ( 'NONE', #4724, #5588 ) ;
#8177 = DIRECTION ( 'NONE',  ( 0.000000000000000000, 0.000000000000000000, -1.000000000000000000 ) ) ;
#8178 = DIRECTION ( 'NONE',  ( -1.000000000000000000, -0.000000000000000000, 0.000000000000000000 ) ) ;
#8179 = ORIENTED_EDGE ( 'NONE', *, *, #1482, .F. ) ;
#8180 = VERTEX_POINT ( 'NONE', #8175 ) ;
#8181 = DIRECTION ( 'NONE',  ( -0.000000000000000000, -1.000000000000000000, -0.000000000000000000 ) ) ;
#8182 = ADVANCED_FACE ( 'NONE', ( #11787 ), #2277, .T. ) ;
#8183 = CARTESIAN_POINT ( 'NONE',  ( 71.14478490490270701, -13.40411162641003529, -16.76643244772663977 ) ) ;
#8184 = VECTOR ( 'NONE', #2676, 1000.000000000000000 ) ;
#8185 = LINE ( 'NONE', #8816, #1679 ) ;
#8186 = DIRECTION ( 'NONE',  ( -0.000000000000000000, -1.000000000000000000, 0.000000000000000000 ) ) ;
#8187 = ORIENTED_EDGE ( 'NONE', *, *, #2712, .T. ) ;
#8188 = CARTESIAN_POINT ( 'NONE',  ( 87.41521033207028779, -11.82500530435471475, -17.36163138418122642 ) ) ;
#8189 = AXIS2_PLACEMENT_3D ( 'NONE', #4637, #4587, #5557 ) ;
#8190 = LINE ( 'NONE', #12256, #2317 ) ;
#8191 = DIRECTION ( 'NONE',  ( -0.000000000000000000, 0.000000000000000000, 1.000000000000000000 ) ) ;
#8192 = DIRECTION ( 'NONE',  ( -1.000000000000000000, -4.201283418381325737E-16, 0.000000000000000000 ) ) ;
#8193 = ORIENTED_EDGE ( 'NONE', *, *, #7120, .T. ) ;
#8194 = DIRECTION ( 'NONE',  ( -0.000000000000000000, -1.000000000000000000, 0.000000000000000000 ) ) ;
#8195 = CARTESIAN_POINT ( 'NONE',  ( 87.85796312074749892, -13.41425517559636837, -16.76235745745502115 ) ) ;
#8196 = CARTESIAN_POINT ( 'NONE',  ( 87.54260452537057802, -11.42886672318990726, -17.38176477248552132 ) ) ;
#8197 = ORIENTED_EDGE ( 'NONE', *, *, #7039, .T. ) ;
#8198 = CARTESIAN_POINT ( 'NONE',  ( -0.2000000000000000111, -2.449999999999728839, 12.27259155458886397 ) ) ;
#8199 = PLANE ( 'NONE',  #1152 ) ;
#8200 = ORIENTED_EDGE ( 'NONE', *, *, #11571, .T. ) ;
#8201 = FACE_OUTER_BOUND ( 'NONE', #3753, .T. ) ;
#8202 = DIRECTION ( 'NONE',  ( -1.399999999999999714E-14, -9.999999999999999988E-15, -1.000000000000000000 ) ) ;
#8203 = DIRECTION ( 'NONE',  ( -0.000000000000000000, 1.000000000000000000, 3.001251688541188813E-16 ) ) ;
#8204 = VERTEX_POINT ( 'NONE', #2406 ) ;
#8205 = ORIENTED_EDGE ( 'NONE', *, *, #6012, .F. ) ;
#8206 = PLANE ( 'NONE',  #4790 ) ;
#8207 = DIRECTION ( 'NONE',  ( 1.000000000000000000, 0.000000000000000000, 0.000000000000000000 ) ) ;
#8208 = AXIS2_PLACEMENT_3D ( 'NONE', #8436, #6546, #7455 ) ;
#8209 = EDGE_CURVE ( 'NONE', #537, #3642, #7481, .T. ) ;
#8210 = CARTESIAN_POINT ( 'NONE',  ( 87.48447348053338146, -12.03662738416458211, -17.29985016974861267 ) ) ;
#8211 = ORIENTED_EDGE ( 'NONE', *, *, #10300, .F. ) ;
#8212 = LINE ( 'NONE', #3260, #5639 ) ;
#8213 = EDGE_CURVE ( 'NONE', #8285, #3102, #10955, .T. ) ;
#8214 = LINE ( 'NONE', #1145, #10504 ) ;
#8215 = CARTESIAN_POINT ( 'NONE',  ( 72.03857161954312005, -10.55197407463723458, -17.63403971072807508 ) ) ;
#8216 =( LENGTH_UNIT ( ) NAMED_UNIT ( * ) SI_UNIT ( .MILLI., .METRE. ) );
#8217 = ADVANCED_FACE ( 'NONE', ( #3776 ), #1695, .F. ) ;
#8218 = CARTESIAN_POINT ( 'NONE',  ( 31.80000000000000071, -19.10000000000000142, 25.80000000000000071 ) ) ;
#8219 = ORIENTED_EDGE ( 'NONE', *, *, #8226, .T. ) ;
#8220 = LINE ( 'NONE', #3268, #1293 ) ;
#8221 = EDGE_CURVE ( 'NONE', #10267, #7615, #288, .T. ) ;
#8222 = VECTOR ( 'NONE', #9118, 1000.000000000000000 ) ;
#8223 = AXIS2_PLACEMENT_3D ( 'NONE', #12085, #6276, #3323 ) ;
#8224 = ORIENTED_EDGE ( 'NONE', *, *, #11894, .F. ) ;
#8225 = VERTEX_POINT ( 'NONE', #10027 ) ;
#8226 = EDGE_CURVE ( 'NONE', #11795, #11917, #6044, .T. ) ;
#8227 = CIRCLE ( 'NONE', #4995, 1.249999999999161560 ) ;
#8228 = DIRECTION ( 'NONE',  ( 0.000000000000000000, 0.000000000000000000, -1.000000000000000000 ) ) ;
#8229 = CARTESIAN_POINT ( 'NONE',  ( -1.800000000000000266, -17.50000000000000000, 20.80000000000000071 ) ) ;
#8230 = EDGE_CURVE ( 'NONE', #7931, #11041, #12336, .T. ) ;
#8231 = CARTESIAN_POINT ( 'NONE',  ( 62.80000000000001137, -17.50000000000000000, 26.79999999999999361 ) ) ;
#8232 = ORIENTED_EDGE ( 'NONE', *, *, #5196, .T. ) ;
#8233 = ADVANCED_FACE ( 'NONE', ( #9922 ), #5355, .F. ) ;
#8234 = VECTOR ( 'NONE', #4980, 1000.000000000000000 ) ;
#8235 = LINE ( 'NONE', #5364, #5668 ) ;
#8237 = ORIENTED_EDGE ( 'NONE', *, *, #9358, .F. ) ;
#8236 = VECTOR ( 'NONE', #2154, 1000.000000000000000 ) ;
#8238 = AXIS2_PLACEMENT_3D ( 'NONE', #678, #750, #8363 ) ;
#8239 = CARTESIAN_POINT ( 'NONE',  ( -0.2000000000000000111, -15.90000000000001812, 16.80000000000000071 ) ) ;
#8240 = AXIS2_PLACEMENT_3D ( 'NONE', #3320, #9981, #5147 ) ;
#8241 = CARTESIAN_POINT ( 'NONE',  ( -1.800000000000000266, -9.500000000000001776, 38.80000000000000426 ) ) ;
#8242 = CARTESIAN_POINT ( 'NONE',  ( 21.74999999999958789, -3.044999999999973394E-13, -1.800000000000000044 ) ) ;
#8243 = LINE ( 'NONE', #358, #3862 ) ;
#8244 = ORIENTED_EDGE ( 'NONE', *, *, #10494, .F. ) ;
#8245 = EDGE_CURVE ( 'NONE', #10293, #4601, #1573, .T. ) ;
#8246 = CIRCLE ( 'NONE', #4331, 2.000000000000001776 ) ;
#8247 = ORIENTED_EDGE ( 'NONE', *, *, #4498, .T. ) ;
#8248 = VECTOR ( 'NONE', #5004, 1000.000000000000114 ) ;
#8249 = LINE ( 'NONE', #10708, #10547 ) ;
#8250 = DIRECTION ( 'NONE',  ( 0.000000000000000000, -1.000000000000000000, 0.000000000000000000 ) ) ;
#8251 = CARTESIAN_POINT ( 'NONE',  ( 71.15424237311310662, -13.35980282460526603, -16.78733928084835725 ) ) ;
#8252 = ORIENTED_EDGE ( 'NONE', *, *, #2299, .T. ) ;
#8253 = ORIENTED_EDGE ( 'NONE', *, *, #165, .T. ) ;
#8254 =( NAMED_UNIT ( * ) PLANE_ANGLE_UNIT ( ) SI_UNIT ( $, .RADIAN. ) );
#8255 = ORIENTED_EDGE ( 'NONE', *, *, #4633, .T. ) ;
#8256 = DIRECTION ( 'NONE',  ( 0.000000000000000000, -1.000000000000000000, -0.000000000000000000 ) ) ;
#8257 = LINE ( 'NONE', #12115, #398 ) ;
#8258 = AXIS2_PLACEMENT_3D ( 'NONE', #9630, #5640, #3825 ) ;
#8259 = VERTEX_POINT ( 'NONE', #4388 ) ;
#8260 = LINE ( 'NONE', #5785, #12532 ) ;
#8261 = CARTESIAN_POINT ( 'NONE',  ( 86.83849626768088115, -10.22782425123126515, -17.67639363851430900 ) ) ;
#8262 = AXIS2_PLACEMENT_3D ( 'NONE', #8017, #3213, #4991 ) ;
#8263 = FACE_OUTER_BOUND ( 'NONE', #4993, .T. ) ;
#8264 = DIRECTION ( 'NONE',  ( -0.000000000000000000, 1.000000000000000000, 0.000000000000000000 ) ) ;
#8265 = ORIENTED_EDGE ( 'NONE', *, *, #10790, .T. ) ;
#8266 = ORIENTED_EDGE ( 'NONE', *, *, #9893, .F. ) ;
#8267 = CARTESIAN_POINT ( 'NONE',  ( 86.79999999999999716, -15.54999999999981419, 1.950000000000472244 ) ) ;
#8268 = DIRECTION ( 'NONE',  ( 1.000000000000000000, 0.000000000000000000, 0.000000000000000000 ) ) ;
#8269 = ORIENTED_EDGE ( 'NONE', *, *, #8667, .F. ) ;
#8270 = LINE ( 'NONE', #5580, #9507 ) ;
#8271 = CIRCLE ( 'NONE', #8504, 1.000000000000000888 ) ;
#8272 = CARTESIAN_POINT ( 'NONE',  ( 63.80000000000001137, -17.50000000000000000, 29.79999999999999361 ) ) ;
#8273 = CARTESIAN_POINT ( 'NONE',  ( 87.97757783334402859, -12.48485450121353679, -16.96935271591067718 ) ) ;
#8274 = ADVANCED_FACE ( 'NONE', ( #11411 ), #3545, .F. ) ;
#8275 = DIRECTION ( 'NONE',  ( 0.000000000000000000, 0.000000000000000000, -1.000000000000000000 ) ) ;
#8276 = DIRECTION ( 'NONE',  ( -0.000000000000000000, 1.000000000000000000, 0.000000000000000000 ) ) ;
#8277 = ORIENTED_EDGE ( 'NONE', *, *, #8149, .F. ) ;
#8278 = EDGE_CURVE ( 'NONE', #9157, #4739, #12190, .T. ) ;
#8279 = DIRECTION ( 'NONE',  ( 0.000000000000000000, 0.000000000000000000, -1.000000000000000000 ) ) ;
#8280 = DIRECTION ( 'NONE',  ( 0.000000000000000000, 0.000000000000000000, -1.000000000000000000 ) ) ;
#8281 = LINE ( 'NONE', #3860, #1495 ) ;
#8282 = CARTESIAN_POINT ( 'NONE',  ( 4.799999999999999822, -19.10000000000000142, 33.79999999999999716 ) ) ;
#8283 = ORIENTED_EDGE ( 'NONE', *, *, #7555, .F. ) ;
#8284 = EDGE_CURVE ( 'NONE', #4601, #5567, #7352, .T. ) ;
#8285 = VERTEX_POINT ( 'NONE', #9281 ) ;
#8286 = CARTESIAN_POINT ( 'NONE',  ( -1.800000000000000266, -9.500000000000001776, 34.79999999999999716 ) ) ;
#8287 = CARTESIAN_POINT ( 'NONE',  ( 3.025732709045913627, -12.49746499043199854, -17.14597114140270051 ) ) ;
#8288 = CIRCLE ( 'NONE', #7482, 1.000000000000000888 ) ;
#8289 = DIRECTION ( 'NONE',  ( -1.000000000000000000, 4.336808689942013792E-16, 0.000000000000000000 ) ) ;
#8290 = CARTESIAN_POINT ( 'NONE',  ( -1.799999999999999378, -3.200000000000001510, -1.800000000000000044 ) ) ;
#8291 = ORIENTED_EDGE ( 'NONE', *, *, #7534, .F. ) ;
#8292 = VECTOR ( 'NONE', #2529, 1000.000000000000000 ) ;
#8293 = CARTESIAN_POINT ( 'NONE',  ( 31.79999999999999361, -17.50000000000000000, 14.79999999999999893 ) ) ;
#8294 = ORIENTED_EDGE ( 'NONE', *, *, #7442, .T. ) ;
#8295 = EDGE_CURVE ( 'NONE', #2490, #3587, #6566, .T. ) ;
#8296 = VECTOR ( 'NONE', #2894, 1000.000000000000000 ) ;
#8297 = CARTESIAN_POINT ( 'NONE',  ( 71.87127184988463569, -11.00331117151968741, -17.55792354220681517 ) ) ;
#8298 = AXIS2_PLACEMENT_3D ( 'NONE', #9638, #5550, #6644 ) ;
#8299 = EDGE_CURVE ( 'NONE', #7828, #1339, #8366, .T. ) ;
#8300 = CARTESIAN_POINT ( 'NONE',  ( -1.800000000000000266, -9.500000000000001776, 46.80000000000000426 ) ) ;
#8301 = EDGE_CURVE ( 'NONE', #8954, #9987, #6136, .T. ) ;
#8302 = EDGE_CURVE ( 'NONE', #1991, #6436, #9445, .T. ) ;
#8303 = EDGE_LOOP ( 'NONE', ( #583, #7856, #2723, #12504 ) ) ;
#8304 = ORIENTED_EDGE ( 'NONE', *, *, #538, .F. ) ;
#8305 = CIRCLE ( 'NONE', #2497, 1.249999999999159783 ) ;
#8306 = CARTESIAN_POINT ( 'NONE',  ( 86.56498572779733536, -9.521407219466480498, -17.73133415360690890 ) ) ;
#8307 = CIRCLE ( 'NONE', #11125, 1.000000000000000888 ) ;
#8308 = CARTESIAN_POINT ( 'NONE',  ( 31.80000000000000071, -19.10000000000000142, 4.799999999999999822 ) ) ;
#8309 = ADVANCED_FACE ( 'NONE', ( #6737 ), #12264, .T. ) ;
#8310 = ORIENTED_EDGE ( 'NONE', *, *, #6370, .F. ) ;
#8311 = DIRECTION ( 'NONE',  ( 0.000000000000000000, -1.000000000000000000, 0.000000000000000000 ) ) ;
#8312 = ORIENTED_EDGE ( 'NONE', *, *, #6600, .F. ) ;
#8313 = CIRCLE ( 'NONE', #11268, 2.000000000000001776 ) ;
#8314 = DIRECTION ( 'NONE',  ( -0.000000000000000000, 1.000000000000000000, -0.000000000000000000 ) ) ;
#8315 = EDGE_CURVE ( 'NONE', #8077, #3227, #3978, .T. ) ;
#8316 = VECTOR ( 'NONE', #6611, 1000.000000000000000 ) ;
#8317 = CARTESIAN_POINT ( 'NONE',  ( 88.12838748100243436, -12.92265319248197031, -16.74862685962449049 ) ) ;
#8318 = DIRECTION ( 'NONE',  ( 1.000000000000000000, -0.000000000000000000, -0.000000000000000000 ) ) ;
#8319 = VECTOR ( 'NONE', #5693, 1000.000000000000000 ) ;
#8320 = AXIS2_PLACEMENT_3D ( 'NONE', #11821, #4205, #4163 ) ;
#8321 = CARTESIAN_POINT ( 'NONE',  ( 2.199999999999993516, -0.1000000000000002415, 56.79999999999999716 ) ) ;
#8322 = CARTESIAN_POINT ( 'NONE',  ( 66.40000000000000568, -3.200000000000000622, -0.7999999999999999334 ) ) ;
#8323 = ORIENTED_EDGE ( 'NONE', *, *, #11397, .T. ) ;
#8324 = CARTESIAN_POINT ( 'NONE',  ( 4.800000000000001599, -19.10000000000000142, 41.79999999999999716 ) ) ;
#8325 =( BOUNDED_CURVE ( )  B_SPLINE_CURVE ( 3, ( #2796, #10673, #2086, #6779 ),
 .UNSPECIFIED., .F., .T. ) 
 B_SPLINE_CURVE_WITH_KNOTS ( ( 4, 4 ),
 ( 1.570796326794898334, 3.141592653589793116 ),
 .UNSPECIFIED. ) 
 CURVE ( )  GEOMETRIC_REPRESENTATION_ITEM ( )  RATIONAL_B_SPLINE_CURVE ( ( 1.000000000000000000, 0.8047378541243654926, 0.8047378541243654926, 1.000000000000000000 ) ) 
 REPRESENTATION_ITEM ( '' )  );
#8326 = ORIENTED_EDGE ( 'NONE', *, *, #7612, .T. ) ;
#8327 = CARTESIAN_POINT ( 'NONE',  ( 3.799999999999999378, -19.10000000000000142, 34.79999999999999716 ) ) ;
#8328 = ORIENTED_EDGE ( 'NONE', *, *, #353, .F. ) ;
#8329 = FACE_BOUND ( 'NONE', #561, .T. ) ;
#8330 = CARTESIAN_POINT ( 'NONE',  ( 3.399994937847704790, -14.52024117903242129, -16.14461814829070363 ) ) ;
#8331 = AXIS2_PLACEMENT_3D ( 'NONE', #47, #6822, #3962 ) ;
#8332 = VERTEX_POINT ( 'NONE', #681 ) ;
#8333 = CARTESIAN_POINT ( 'NONE',  ( 21.00677727426997166, 4.299999999999999822, -0.1999999999999994837 ) ) ;
#8334 = VECTOR ( 'NONE', #6852, 1000.000000000000000 ) ;
#8335 = CARTESIAN_POINT ( 'NONE',  ( 70.20000000000001705, 8.123044737829948403, -14.04558441227158738 ) ) ;
#8336 = EDGE_CURVE ( 'NONE', #9313, #10543, #1282, .T. ) ;
#8337 = ORIENTED_EDGE ( 'NONE', *, *, #3220, .F. ) ;
#8338 = CARTESIAN_POINT ( 'NONE',  ( 6.129999999999536264, -3.309999999999783338, -1.800000000000000044 ) ) ;
#8339 = AXIS2_PLACEMENT_3D ( 'NONE', #11671, #9794, #1194 ) ;
#8340 = LINE ( 'NONE', #6738, #9271 ) ;
#8341 = ORIENTED_EDGE ( 'NONE', *, *, #6897, .T. ) ;
#8342 = ORIENTED_EDGE ( 'NONE', *, *, #5321, .T. ) ;
#8343 = VERTEX_POINT ( 'NONE', #11315 ) ;
#8344 = VECTOR ( 'NONE', #11022, 1000.000000000000000 ) ;
#8345 = PLANE ( 'NONE',  #5457 ) ;
#8346 = AXIS2_PLACEMENT_3D ( 'NONE', #4981, #11794, #5981 ) ;
#8347 = EDGE_LOOP ( 'NONE', ( #1336, #11034, #180, #6299, #7777, #2814 ) ) ;
#8348 = DIRECTION ( 'NONE',  ( 0.000000000000000000, 1.234678630588475078E-16, -1.000000000000000000 ) ) ;
#8349 = CARTESIAN_POINT ( 'NONE',  ( 86.79999999999999716, -0.1000000000000000056, 18.75000000000047251 ) ) ;
#8350 = CARTESIAN_POINT ( 'NONE',  ( 32.80000000000000426, -19.10000000000000142, 41.80000000000000426 ) ) ;
#8351 = CARTESIAN_POINT ( 'NONE',  ( 70.60000000000000853, -2.961269837220837697, -2.961269837220851464 ) ) ;
#8352 = ORIENTED_EDGE ( 'NONE', *, *, #7534, .T. ) ;
#8353 = LINE ( 'NONE', #6987, #7335 ) ;
#8354 = EDGE_CURVE ( 'NONE', #10868, #7315, #3255, .T. ) ;
#8355 = DIRECTION ( 'NONE',  ( 0.000000000000000000, 0.000000000000000000, 1.000000000000000000 ) ) ;
#8356 = EDGE_CURVE ( 'NONE', #1398, #11537, #10980, .T. ) ;
#8357 = ORIENTED_EDGE ( 'NONE', *, *, #6627, .T. ) ;
#8358 = DIRECTION ( 'NONE',  ( -0.000000000000000000, -0.000000000000000000, 1.000000000000000000 ) ) ;
#8359 = PLANE ( 'NONE',  #10080 ) ;
#8360 = ORIENTED_EDGE ( 'NONE', *, *, #2986, .T. ) ;
#8361 = CARTESIAN_POINT ( 'NONE',  ( -0.8252409113012726394, -0.1000000000000002554, 3.600000000000000089 ) ) ;
#8362 = LINE ( 'NONE', #11569, #8078 ) ;
#8363 = DIRECTION ( 'NONE',  ( 0.000000000000000000, 0.000000000000000000, -1.000000000000000000 ) ) ;
#8364 = LINE ( 'NONE', #10887, #5816 ) ;
#8365 = CARTESIAN_POINT ( 'NONE',  ( 88.40000000000000568, -18.69999999999999574, -7.740000000000001101 ) ) ;
#8366 = CIRCLE ( 'NONE', #12007, 9.999999999999998224 ) ;
#8367 = CARTESIAN_POINT ( 'NONE',  ( 88.40000000000000568, -0.1000000000000000056, 39.19999999999971863 ) ) ;
#8368 = ORIENTED_EDGE ( 'NONE', *, *, #4226, .T. ) ;
#8369 = CARTESIAN_POINT ( 'NONE',  ( 31.80000000000000071, -17.50000000000000355, 16.80000000000000071 ) ) ;
#8370 = EDGE_CURVE ( 'NONE', #7782, #2506, #5818, .T. ) ;
#8371 = AXIS2_PLACEMENT_3D ( 'NONE', #5575, #5762, #1877 ) ;
#8372 = EDGE_CURVE ( 'NONE', #11490, #8174, #1713, .T. ) ;
#8373 = CARTESIAN_POINT ( 'NONE',  ( 1.858053225393572649, -9.213769057276413932, -17.73920980744721021 ) ) ;
#8374 = EDGE_CURVE ( 'NONE', #1301, #9157, #10671, .T. ) ;
#8375 = CARTESIAN_POINT ( 'NONE',  ( -0.8810765775846606251, -12.02700549151457565, -17.30213212163555525 ) ) ;
#8376 = ORIENTED_EDGE ( 'NONE', *, *, #9028, .F. ) ;
#8377 = EDGE_CURVE ( 'NONE', #1195, #11556, #7220, .T. ) ;
#8378 = VECTOR ( 'NONE', #145, 1000.000000000000000 ) ;
#8379 = EDGE_LOOP ( 'NONE', ( #11898, #9580, #6474, #8791, #486 ) ) ;
#8380 = FACE_OUTER_BOUND ( 'NONE', #1371, .T. ) ;
#8381 = CARTESIAN_POINT ( 'NONE',  ( -1.799999999999999378, -3.200000000000001510, -1.800000000000000044 ) ) ;
#8382 = LINE ( 'NONE', #10202, #6578 ) ;
#8383 = CARTESIAN_POINT ( 'NONE',  ( 31.80000000000000071, -17.50000000000000000, 5.799999999999999822 ) ) ;
#8384 = VECTOR ( 'NONE', #5241, 1000.000000000000000 ) ;
#8385 = ORIENTED_EDGE ( 'NONE', *, *, #9545, .F. ) ;
#8386 = ORIENTED_EDGE ( 'NONE', *, *, #8315, .T. ) ;
#8387 = CIRCLE ( 'NONE', #4108, 1.000000000000000888 ) ;
#8388 = CARTESIAN_POINT ( 'NONE',  ( -0.8000000000000001554, -0.09999999999999982514, 1.600000000000000089 ) ) ;
#8389 = ORIENTED_EDGE ( 'NONE', *, *, #6741, .T. ) ;
#8390 = ORIENTED_EDGE ( 'NONE', *, *, #11011, .T. ) ;
#8391 = DIRECTION ( 'NONE',  ( 0.000000000000000000, 0.000000000000000000, -1.000000000000000000 ) ) ;
#8392 = CIRCLE ( 'NONE', #7844, 1.000000000000000888 ) ;
#8393 = EDGE_LOOP ( 'NONE', ( #9151, #3721, #2695, #9302 ) ) ;
#8394 = ORIENTED_EDGE ( 'NONE', *, *, #5215, .F. ) ;
#8395 = CARTESIAN_POINT ( 'NONE',  ( 3.799999999999999378, -17.50000000000000000, 33.80000000000000426 ) ) ;
#8396 = CARTESIAN_POINT ( 'NONE',  ( -1.800000000000000266, -9.500000000000001776, 24.80000000000000071 ) ) ;
#8397 = VERTEX_POINT ( 'NONE', #4648 ) ;
#8398 = EDGE_CURVE ( 'NONE', #8285, #6271, #8673, .T. ) ;
#8399 = VECTOR ( 'NONE', #10973, 1000.000000000000000 ) ;
#8400 = SURFACE_STYLE_USAGE ( .BOTH. , #7459 ) ;
#8401 = CARTESIAN_POINT ( 'NONE',  ( 35.80000000000000426, -19.10000000000000142, 30.79999999999999361 ) ) ;
#8402 = DIRECTION ( 'NONE',  ( -1.000000000000000000, 0.000000000000000000, 0.000000000000000000 ) ) ;
#8403 = ORIENTED_EDGE ( 'NONE', *, *, #9509, .F. ) ;
#8404 = VECTOR ( 'NONE', #12223, 1000.000000000000000 ) ;
#8405 = DIRECTION ( 'NONE',  ( 0.000000000000000000, 0.000000000000000000, -1.000000000000000000 ) ) ;
#8406 = PLANE ( 'NONE',  #8521 ) ;
#8407 = ORIENTED_EDGE ( 'NONE', *, *, #10203, .F. ) ;
#8408 = DIRECTION ( 'NONE',  ( 0.000000000000000000, 0.000000000000000000, 1.000000000000000000 ) ) ;
#8409 = LINE ( 'NONE', #424, #2672 ) ;
#8410 = VECTOR ( 'NONE', #11463, 1000.000000000000000 ) ;
#8411 = DIRECTION ( 'NONE',  ( 0.000000000000000000, 1.000000000000000000, 9.351609034915406741E-17 ) ) ;
#8412 = AXIS2_PLACEMENT_3D ( 'NONE', #9735, #10546, #12539 ) ;
#8413 = CARTESIAN_POINT ( 'NONE',  ( 1.800000000000000044, -9.099999999999994316, -17.74000000000000199 ) ) ;
#8414 = DIRECTION ( 'NONE',  ( -0.000000000000000000, 0.000000000000000000, 1.000000000000000000 ) ) ;
#8415 = DIRECTION ( 'NONE',  ( 0.000000000000000000, 0.000000000000000000, -1.000000000000000000 ) ) ;
#8416 = VERTEX_POINT ( 'NONE', #25 ) ;
#8417 = ORIENTED_EDGE ( 'NONE', *, *, #10582, .T. ) ;
#8418 = AXIS2_PLACEMENT_3D ( 'NONE', #12387, #5589, #10281 ) ;
#8419 = CARTESIAN_POINT ( 'NONE',  ( 3.368162576222911486, -14.08432653739880713, -16.41020895556867032 ) ) ;
#8420 = CYLINDRICAL_SURFACE ( 'NONE', #691, 1.249999999975583087 ) ;
#8421 = VERTEX_POINT ( 'NONE', #7754 ) ;
#8422 = CARTESIAN_POINT ( 'NONE',  ( 1.400000000000012346, -17.50000000000000000, -2.755455298081544778E-15 ) ) ;
#8423 = LINE ( 'NONE', #152, #11785 ) ;
#8424 = LINE ( 'NONE', #7162, #277 ) ;
#8425 = DIRECTION ( 'NONE',  ( 0.000000000000000000, 0.7071067811865465735, 0.7071067811865483499 ) ) ;
#8426 = CARTESIAN_POINT ( 'NONE',  ( -1.800000000000000266, -2.449999999999728839, 12.27259155458886397 ) ) ;
#8427 = AXIS2_PLACEMENT_3D ( 'NONE', #5060, #10210, #5976 ) ;
#8428 = ORIENTED_EDGE ( 'NONE', *, *, #6057, .T. ) ;
#8429 = ORIENTED_EDGE ( 'NONE', *, *, #3679, .F. ) ;
#8430 = VERTEX_POINT ( 'NONE', #4776 ) ;
#8431 = VECTOR ( 'NONE', #10785, 1000.000000000000000 ) ;
#8432 = LINE ( 'NONE', #2864, #3466 ) ;
#8433 = CARTESIAN_POINT ( 'NONE',  ( 4.799999999999999822, -19.10000000000000142, 17.80000000000000071 ) ) ;
#8434 = CIRCLE ( 'NONE', #5005, 0.9999999999999991118 ) ;
#8435 = ORIENTED_EDGE ( 'NONE', *, *, #8009, .T. ) ;
#8436 = CARTESIAN_POINT ( 'NONE',  ( 34.80000000000000426, -19.10000000000000142, 18.79999999999999361 ) ) ;
#8437 = DIRECTION ( 'NONE',  ( 0.000000000000000000, 0.000000000000000000, -1.000000000000000000 ) ) ;
#8438 = VECTOR ( 'NONE', #10009, 1000.000000000000000 ) ;
#8439 = VERTEX_POINT ( 'NONE', #7876 ) ;
#8440 = ORIENTED_EDGE ( 'NONE', *, *, #7715, .T. ) ;
#8441 = FACE_BOUND ( 'NONE', #2640, .T. ) ;
#8442 = DIRECTION ( 'NONE',  ( 0.000000000000000000, -1.000000000000000000, -1.234678630588475078E-16 ) ) ;
#8443 = LINE ( 'NONE', #2129, #7861 ) ;
#8444 = LINE ( 'NONE', #5184, #3920 ) ;
#8445 = CARTESIAN_POINT ( 'NONE',  ( 63.80000000000001137, -17.50000000000000000, 41.79999999999999005 ) ) ;
#8446 = CARTESIAN_POINT ( 'NONE',  ( 70.60000000000000853, 0.000000000000000000, 0.000000000000000000 ) ) ;
#8447 = DIRECTION ( 'NONE',  ( 0.000000000000000000, 0.000000000000000000, 1.000000000000000000 ) ) ;
#8448 = EDGE_CURVE ( 'NONE', #2206, #5689, #9578, .T. ) ;
#8449 = CARTESIAN_POINT ( 'NONE',  ( 35.80000000000000426, -17.50000000000000000, 32.79999999999999716 ) ) ;
#8450 = DIRECTION ( 'NONE',  ( 0.000000000000000000, 0.000000000000000000, 1.000000000000000000 ) ) ;
#8451 = DIRECTION ( 'NONE',  ( -1.000000000000000000, 0.000000000000000000, 0.000000000000000000 ) ) ;
#8452 = CARTESIAN_POINT ( 'NONE',  ( -1.800000000000000266, -1.649999999999729017, 12.27259155458886397 ) ) ;
#8453 = ORIENTED_EDGE ( 'NONE', *, *, #10341, .T. ) ;
#8454 = EDGE_CURVE ( 'NONE', #8225, #4360, #10361, .T. ) ;
#8455 = DIRECTION ( 'NONE',  ( 0.000000000000000000, -0.9781476007338062439, 0.2079116908177566780 ) ) ;
#8456 = CARTESIAN_POINT ( 'NONE',  ( 71.26366141405003418, -12.89939836674903084, -16.99032087624389931 ) ) ;
#8457 = VERTEX_POINT ( 'NONE', #5758 ) ;
#8458 = LINE ( 'NONE', #2980, #5899 ) ;
#8459 = CARTESIAN_POINT ( 'NONE',  ( 3.014115494099719239, -11.58620013662166315, -17.33420337862454019 ) ) ;
#8460 = CARTESIAN_POINT ( 'NONE',  ( -1.366262235962823146, -14.07542527355690964, -16.41450692680994550 ) ) ;
#8461 = ORIENTED_EDGE ( 'NONE', *, *, #4478, .T. ) ;
#8462 = LINE ( 'NONE', #10055, #6075 ) ;
#8463 = CARTESIAN_POINT ( 'NONE',  ( 62.80000000000001137, -19.09999999999999787, 9.799999999999995381 ) ) ;
#8464 = ORIENTED_EDGE ( 'NONE', *, *, #11117, .T. ) ;
#8465 = EDGE_CURVE ( 'NONE', #6037, #245, #8070, .T. ) ;
#8466 = EDGE_LOOP ( 'NONE', ( #1874, #1278, #12234, #1807 ) ) ;
#8467 = VECTOR ( 'NONE', #7706, 1000.000000000000000 ) ;
#8468 = VECTOR ( 'NONE', #1862, 1000.000000000000000 ) ;
#8469 = AXIS2_PLACEMENT_3D ( 'NONE', #10113, #4231, #8062 ) ;
#8470 = FACE_OUTER_BOUND ( 'NONE', #4035, .T. ) ;
#8471 = DIRECTION ( 'NONE',  ( 1.000000000000000000, -0.000000000000000000, -0.000000000000000000 ) ) ;
#8472 = ORIENTED_EDGE ( 'NONE', *, *, #8377, .F. ) ;
#8473 = EDGE_CURVE ( 'NONE', #7128, #3924, #3245, .T. ) ;
#8474 = VERTEX_POINT ( 'NONE', #4813 ) ;
#8475 = CIRCLE ( 'NONE', #4043, 1.000000000000000888 ) ;
#8476 = CARTESIAN_POINT ( 'NONE',  ( 87.95005498682266420, -13.94743512949587760, -16.48657656024572660 ) ) ;
#8477 = VERTEX_POINT ( 'NONE', #8769 ) ;
#8478 = EDGE_LOOP ( 'NONE', ( #9555, #9307, #3085, #1932 ) ) ;
#8479 = DIRECTION ( 'NONE',  ( -0.000000000000000000, 1.000000000000000000, 3.001251688541188813E-16 ) ) ;
#8480 = DIRECTION ( 'NONE',  ( -0.000000000000000000, 1.000000000000000000, 3.001251688541188813E-16 ) ) ;
#8481 = LINE ( 'NONE', #11424, #5926 ) ;
#8482 = CARTESIAN_POINT ( 'NONE',  ( 72.18874471888156563, -9.909266430906399137, -17.69834501674267102 ) ) ;
#8483 = CARTESIAN_POINT ( 'NONE',  ( 34.80000000000000426, -17.50000000000000000, 29.79999999999999716 ) ) ;
#8484 = CARTESIAN_POINT ( 'NONE',  ( 62.80000000000001137, -19.10000000000000142, 21.79999999999999361 ) ) ;
#8485 = AXIS2_PLACEMENT_3D ( 'NONE', #7529, #11449, #1711 ) ;
#8486 = ORIENTED_EDGE ( 'NONE', *, *, #12052, .F. ) ;
#8487 = DIRECTION ( 'NONE',  ( 0.000000000000000000, 0.000000000000000000, -1.000000000000000000 ) ) ;
#8488 = CARTESIAN_POINT ( 'NONE',  ( -1.800000000000000266, -17.50000000000000000, 28.80000000000000071 ) ) ;
#8489 = EDGE_CURVE ( 'NONE', #1813, #7420, #2941, .T. ) ;
#8490 = VECTOR ( 'NONE', #589, 1000.000000000000000 ) ;
#8491 = ORIENTED_EDGE ( 'NONE', *, *, #3189, .F. ) ;
#8492 = AXIS2_PLACEMENT_3D ( 'NONE', #5380, #3515, #9426 ) ;
#8493 = DIRECTION ( 'NONE',  ( 0.000000000000000000, 0.000000000000000000, -1.000000000000000000 ) ) ;
#8494 = DIRECTION ( 'NONE',  ( -0.7071067811865449082, -0.7071067811865501263, -8.730496322752342246E-17 ) ) ;
#8495 = VERTEX_POINT ( 'NONE', #5936 ) ;
#8496 = EDGE_LOOP ( 'NONE', ( #1929, #2110, #2227, #3948 ) ) ;
#8497 = CARTESIAN_POINT ( 'NONE',  ( 70.92957676756250862, -12.74742243207903947, -16.84038505149271003 ) ) ;
#8498 = ORIENTED_EDGE ( 'NONE', *, *, #2968, .F. ) ;
#8499 = ADVANCED_FACE ( 'NONE', ( #939 ), #4853, .T. ) ;
#8500 = AXIS2_PLACEMENT_3D ( 'NONE', #1412, #3284, #5276 ) ;
#8501 = DIRECTION ( 'NONE',  ( 1.000000000000000000, 0.000000000000000000, 0.000000000000000000 ) ) ;
#8502 = LINE ( 'NONE', #1557, #5624 ) ;
#8503 = VERTEX_POINT ( 'NONE', #6837 ) ;
#8504 = AXIS2_PLACEMENT_3D ( 'NONE', #3265, #2262, #3146 ) ;
#8505 = ORIENTED_EDGE ( 'NONE', *, *, #1736, .F. ) ;
#8506 = CIRCLE ( 'NONE', #2370, 1.000000000000000888 ) ;
#8507 = CARTESIAN_POINT ( 'NONE',  ( -1.066789251298084551, -12.64269248220409025, -17.09144857208193002 ) ) ;
#8508 = PLANE ( 'NONE',  #10653 ) ;
#8509 = DIRECTION ( 'NONE',  ( 0.000000000000000000, 0.000000000000000000, -1.000000000000000000 ) ) ;
#8510 = ORIENTED_EDGE ( 'NONE', *, *, #9364, .F. ) ;
#8511 = VECTOR ( 'NONE', #11522, 1000.000000000000000 ) ;
#8512 = AXIS2_PLACEMENT_3D ( 'NONE', #5430, #5472, #12246 ) ;
#8513 = CARTESIAN_POINT ( 'NONE',  ( 4.800000000000001599, -19.10000000000000853, 41.79999999999999716 ) ) ;
#8514 = DIRECTION ( 'NONE',  ( 0.000000000000000000, 0.000000000000000000, -1.000000000000000000 ) ) ;
#8515 = ORIENTED_EDGE ( 'NONE', *, *, #6373, .F. ) ;
#8516 = EDGE_LOOP ( 'NONE', ( #6585, #128, #11278, #1011 ) ) ;
#8517 = VECTOR ( 'NONE', #1589, 1000.000000000000000 ) ;
#8518 = ADVANCED_FACE ( 'NONE', ( #2492 ), #1017, .F. ) ;
#8519 = CARTESIAN_POINT ( 'NONE',  ( 62.80000000000001137, -19.10000000000000142, 17.79999999999999361 ) ) ;
#8520 = CARTESIAN_POINT ( 'NONE',  ( -1.800000000000000266, -9.500000000000001776, 32.79999999999999716 ) ) ;
#8521 = AXIS2_PLACEMENT_3D ( 'NONE', #3597, #15, #10538 ) ;
#8522 = VERTEX_POINT ( 'NONE', #8677 ) ;
#8523 = CIRCLE ( 'NONE', #5645, 2.000000000000001776 ) ;
#8524 = DIRECTION ( 'NONE',  ( 0.000000000000000000, 0.000000000000000000, 1.000000000000000000 ) ) ;
#8525 = CARTESIAN_POINT ( 'NONE',  ( 71.67658746266114633, -10.95385323655254872, -17.51447486796232411 ) ) ;
#8526 = CARTESIAN_POINT ( 'NONE',  ( 84.20000000000001705, 4.299999999999999822, -9.299999999999998934 ) ) ;
#8527 = ORIENTED_EDGE ( 'NONE', *, *, #8245, .F. ) ;
#8528 = EDGE_CURVE ( 'NONE', #3286, #6543, #5805, .T. ) ;
#8529 = ORIENTED_EDGE ( 'NONE', *, *, #6254, .T. ) ;
#8530 = VECTOR ( 'NONE', #6072, 1000.000000000000114 ) ;
#8531 = EDGE_CURVE ( 'NONE', #9209, #10267, #2333, .T. ) ;
#8532 = ORIENTED_EDGE ( 'NONE', *, *, #7978, .T. ) ;
#8533 = DIRECTION ( 'NONE',  ( 0.000000000000000000, -1.000000000000000000, -1.234678630588475078E-16 ) ) ;
#8534 = CARTESIAN_POINT ( 'NONE',  ( 2.176950590946560737, -10.06748857859444790, -17.69316030333265743 ) ) ;
#8535 = DIRECTION ( 'NONE',  ( 0.000000000000000000, -1.000000000000000000, -1.234678630588475078E-16 ) ) ;
#8536 = CARTESIAN_POINT ( 'NONE',  ( 31.80000000000000071, -19.09999999999999787, 14.79999999999999893 ) ) ;
#8537 = ORIENTED_EDGE ( 'NONE', *, *, #5124, .T. ) ;
#8538 = VECTOR ( 'NONE', #10145, 1000.000000000000000 ) ;
#8539 = ORIENTED_EDGE ( 'NONE', *, *, #11170, .T. ) ;
#8540 = CARTESIAN_POINT ( 'NONE',  ( 71.30963776907717033, -12.72723840389525130, -17.05917127487056106 ) ) ;
#8541 = CIRCLE ( 'NONE', #6718, 1.000000000000000888 ) ;
#8542 = EDGE_CURVE ( 'NONE', #4597, #6906, #10828, .T. ) ;
#8543 = EDGE_LOOP ( 'NONE', ( #3483, #7365, #7567, #5898 ) ) ;
#8544 = VECTOR ( 'NONE', #8084, 1000.000000000000000 ) ;
#8545 = EDGE_CURVE ( 'NONE', #1283, #10925, #8214, .T. ) ;
#8546 = VECTOR ( 'NONE', #229, 1000.000000000000000 ) ;
#8547 = CARTESIAN_POINT ( 'NONE',  ( 32.80000000000000426, -19.10000000000000142, 37.79999999999999716 ) ) ;
#8548 = EDGE_CURVE ( 'NONE', #12386, #275, #8817, .T. ) ;
#8549 = FACE_OUTER_BOUND ( 'NONE', #11365, .T. ) ;
#8550 = DIRECTION ( 'NONE',  ( 0.3090169943749444537, 0.9510565162951545304, 1.031137541123702114E-16 ) ) ;
#8551 = DIRECTION ( 'NONE',  ( 1.000000000000000000, -0.000000000000000000, -0.000000000000000000 ) ) ;
#8552 = DIRECTION ( 'NONE',  ( -0.000000000000000000, 0.000000000000000000, 1.000000000000000000 ) ) ;
#8553 = EDGE_CURVE ( 'NONE', #10925, #8180, #10195, .T. ) ;
#8554 = ADVANCED_FACE ( 'NONE', ( #2482 ), #4403, .F. ) ;
#8555 = CARTESIAN_POINT ( 'NONE',  ( -1.774648882755988977, -13.99032064014703458, -16.06743413229316531 ) ) ;
#8556 = DIRECTION ( 'NONE',  ( 0.000000000000000000, -1.000000000000000000, -1.234678630588475078E-16 ) ) ;
#8557 = VECTOR ( 'NONE', #4065, 1000.000000000000000 ) ;
#8558 = ORIENTED_EDGE ( 'NONE', *, *, #3767, .F. ) ;
#8559 = CIRCLE ( 'NONE', #2429, 1.500000000000001332 ) ;
#8560 = ORIENTED_EDGE ( 'NONE', *, *, #4725, .F. ) ;
#8561 = ORIENTED_EDGE ( 'NONE', *, *, #7773, .F. ) ;
#8562 = CARTESIAN_POINT ( 'NONE',  ( -1.800000000000000266, -2.449999999999729283, 14.32740920835357379 ) ) ;
#8563 = LINE ( 'NONE', #550, #9789 ) ;
#8564 = DIRECTION ( 'NONE',  ( 0.000000000000000000, -1.000000000000000000, 0.000000000000000000 ) ) ;
#8565 = LINE ( 'NONE', #10449, #12373 ) ;
#8566 = DIRECTION ( 'NONE',  ( -0.000000000000000000, 0.000000000000000000, 1.000000000000000000 ) ) ;
#8567 = VERTEX_POINT ( 'NONE', #1280 ) ;
#8568 = DIRECTION ( 'NONE',  ( 1.000000000000000000, -0.000000000000000000, -0.000000000000000000 ) ) ;
#8569 = EDGE_CURVE ( 'NONE', #1408, #3281, #3095, .T. ) ;
#8570 = DIRECTION ( 'NONE',  ( 0.000000000000000000, -1.000000000000000000, 0.000000000000000000 ) ) ;
#8571 = ORIENTED_EDGE ( 'NONE', *, *, #1338, .T. ) ;
#8572 = ORIENTED_EDGE ( 'NONE', *, *, #4821, .F. ) ;
#8573 = EDGE_CURVE ( 'NONE', #6979, #8503, #2774, .T. ) ;
#8574 = CARTESIAN_POINT ( 'NONE',  ( 72.12830352962394898, -10.02952629352118308, -17.68446695461013363 ) ) ;
#8575 = LINE ( 'NONE', #5104, #4932 ) ;
#8576 = ORIENTED_EDGE ( 'NONE', *, *, #10852, .T. ) ;
#8577 = DIRECTION ( 'NONE',  ( 0.000000000000000000, 1.234678630588475078E-16, -1.000000000000000000 ) ) ;
#8578 = ORIENTED_EDGE ( 'NONE', *, *, #4071, .F. ) ;
#8579 = VECTOR ( 'NONE', #3589, 1000.000000000000000 ) ;
#8580 = CARTESIAN_POINT ( 'NONE',  ( -0.2000000000000000111, -1.649999999999729017, 12.27259155458886397 ) ) ;
#8581 = VERTEX_POINT ( 'NONE', #3234 ) ;
#8582 = ORIENTED_EDGE ( 'NONE', *, *, #4569, .F. ) ;
#8583 = CARTESIAN_POINT ( 'NONE',  ( 3.799999999999999378, 17.99999999999999289, -2.052778186154400775 ) ) ;
#8584 = CARTESIAN_POINT ( 'NONE',  ( 82.40000000000000568, -8.099999999999999645, 56.79999999999999716 ) ) ;
#8585 = CYLINDRICAL_SURFACE ( 'NONE', #6961, 1.000000000000000888 ) ;
#8586 = ADVANCED_FACE ( 'NONE', ( #7325 ), #3442, .F. ) ;
#8587 = CARTESIAN_POINT ( 'NONE',  ( -1.800000000000000266, -9.500000000000001776, 26.80000000000000071 ) ) ;
#8588 = LINE ( 'NONE', #56, #410 ) ;
#8589 = CARTESIAN_POINT ( 'NONE',  ( 70.98704721134645013, -12.58214886773941998, -16.92300552984467998 ) ) ;
#8590 = CARTESIAN_POINT ( 'NONE',  ( -1.800000000000000266, -0.2000000000003211154, 21.69999999999940599 ) ) ;
#8591 = EDGE_CURVE ( 'NONE', #9017, #7263, #4263, .T. ) ;
#8592 = CARTESIAN_POINT ( 'NONE',  ( -0.2000000000000000111, -9.500000000000001776, 44.79999999999999716 ) ) ;
#8593 = AXIS2_PLACEMENT_3D ( 'NONE', #8087, #11994, #390 ) ;
#8594 = CARTESIAN_POINT ( 'NONE',  ( 63.80000000000001137, -17.50000000000000000, 29.79999999999999716 ) ) ;
#8595 = CIRCLE ( 'NONE', #8240, 1.000000000000000888 ) ;
#8596 = CARTESIAN_POINT ( 'NONE',  ( 0.09160923421422395574, -9.376658413319242769, -17.73648400296363192 ) ) ;
#8597 = ORIENTED_EDGE ( 'NONE', *, *, #10282, .F. ) ;
#8598 = CYLINDRICAL_SURFACE ( 'NONE', #4475, 2.149999999999999023 ) ;
#8599 = CARTESIAN_POINT ( 'NONE',  ( -1.760203220280359915, -13.88495347591285345, -16.14425074667543925 ) ) ;
#8600 = VECTOR ( 'NONE', #9452, 1000.000000000000000 ) ;
#8601 = CARTESIAN_POINT ( 'NONE',  ( 14.19999999999999041, -0.09999999999999882594, 56.79999999999999716 ) ) ;
#8602 = AXIS2_PLACEMENT_3D ( 'NONE', #6727, #9584, #6771 ) ;
#8603 = CARTESIAN_POINT ( 'NONE',  ( 4.799999999999999822, -19.10000000000000497, 33.79999999999999716 ) ) ;
#8604 = CARTESIAN_POINT ( 'NONE',  ( 34.80000000000000426, -19.10000000000000142, 46.79999999999999716 ) ) ;
#8605 = DIRECTION ( 'NONE',  ( 0.000000000000000000, -1.000000000000000000, -1.234678630588475078E-16 ) ) ;
#8606 = ORIENTED_EDGE ( 'NONE', *, *, #7264, .T. ) ;
#8607 = EDGE_CURVE ( 'NONE', #6651, #6223, #9567, .T. ) ;
#8608 = VECTOR ( 'NONE', #9908, 1000.000000000000000 ) ;
#8609 = CARTESIAN_POINT ( 'NONE',  ( 72.45754761490546514, -9.463775769384678682, -17.73338200778247753 ) ) ;
#8610 = EDGE_LOOP ( 'NONE', ( #2684, #5474, #5618, #4571 ) ) ;
#8611 = DIRECTION ( 'NONE',  ( 0.000000000000000000, 0.000000000000000000, -1.000000000000000000 ) ) ;
#8612 = EDGE_CURVE ( 'NONE', #9492, #6309, #2180, .T. ) ;
#8613 = VECTOR ( 'NONE', #9646, 1000.000000000000000 ) ;
#8614 = FACE_OUTER_BOUND ( 'NONE', #12290, .T. ) ;
#8615 = CARTESIAN_POINT ( 'NONE',  ( 34.80000000000000426, -17.50000000000000000, 8.799999999999998934 ) ) ;
#8616 = CARTESIAN_POINT ( 'NONE',  ( 71.12864236270331730, -12.20543646837882257, -17.09503825657642651 ) ) ;
#8617 = EDGE_LOOP ( 'NONE', ( #9197, #5412, #11641, #1257 ) ) ;
#8618 = ADVANCED_FACE ( 'NONE', ( #11555 ), #5436, .F. ) ;
#8619 = ORIENTED_EDGE ( 'NONE', *, *, #5637, .T. ) ;
#8620 = ORIENTED_EDGE ( 'NONE', *, *, #1168, .T. ) ;
#8621 = DIRECTION ( 'NONE',  ( 0.000000000000000000, -1.000000000000000000, 0.000000000000000000 ) ) ;
#8623 = EDGE_LOOP ( 'NONE', ( #12243, #9772, #3205, #1964 ) ) ;
#8622 = LINE ( 'NONE', #5929, #1988 ) ;
#8624 = EDGE_CURVE ( 'NONE', #10060, #2436, #7916, .T. ) ;
#8625 = CIRCLE ( 'NONE', #1980, 1.000000000000000888 ) ;
#8626 = CARTESIAN_POINT ( 'NONE',  ( 2.338952172363403026, -10.49229856584388720, -17.64261130870218608 ) ) ;
#8627 = VECTOR ( 'NONE', #5125, 1000.000000000000000 ) ;
#8628 = EDGE_LOOP ( 'NONE', ( #6575, #4954, #10483, #6414, #10523, #7149 ) ) ;
#8629 = AXIS2_PLACEMENT_3D ( 'NONE', #3900, #11665, #8770 ) ;
#8630 = EDGE_CURVE ( 'NONE', #6979, #4623, #11251, .T. ) ;
#8631 = CARTESIAN_POINT ( 'NONE',  ( -1.800000000000000266, -17.50000000000000000, 4.799999999999998934 ) ) ;
#8632 = CARTESIAN_POINT ( 'NONE',  ( 56.39999999999999858, -11.20000000000000462, -0.7999999999999999334 ) ) ;
#8633 = CARTESIAN_POINT ( 'NONE',  ( 4.799999999999999822, -19.10000000000000142, 4.799999999999999822 ) ) ;
#8634 = EDGE_CURVE ( 'NONE', #12163, #5549, #1706, .T. ) ;
#8635 = ORIENTED_EDGE ( 'NONE', *, *, #6685, .F. ) ;
#8636 = ORIENTED_EDGE ( 'NONE', *, *, #4114, .F. ) ;
#8637 = DIRECTION ( 'NONE',  ( 0.000000000000000000, 0.000000000000000000, -1.000000000000000000 ) ) ;
#8638 = CARTESIAN_POINT ( 'NONE',  ( 72.50711991774781495, -9.337058635042247090, -17.73736509961750585 ) ) ;
#8639 = VECTOR ( 'NONE', #4570, 1000.000000000000000 ) ;
#8640 = LINE ( 'NONE', #11355, #3360 ) ;
#8641 = CARTESIAN_POINT ( 'NONE',  ( 35.80000000000000426, -17.50000000000000355, 21.79999999999999716 ) ) ;
#8642 = ADVANCED_FACE ( 'NONE', ( #5789 ), #2514, .F. ) ;
#8643 = CARTESIAN_POINT ( 'NONE',  ( 70.60000000000000853, 11.79999999999999893, -11.50000000000000000 ) ) ;
#8644 = LINE ( 'NONE', #9586, #12282 ) ;
#8645 = DIRECTION ( 'NONE',  ( 1.000000000000000000, 0.000000000000000000, 0.000000000000000000 ) ) ;
#8646 = CARTESIAN_POINT ( 'NONE',  ( 0.04390400129050202327, -9.406076175833501196, -17.73391199892576964 ) ) ;
#8647 = CARTESIAN_POINT ( 'NONE',  ( -0.3750282762742546683, -10.23660541186258932, -17.65645327249643159 ) ) ;
#8648 = VERTEX_POINT ( 'NONE', #2628 ) ;
#8649 = EDGE_LOOP ( 'NONE', ( #5369, #9272, #5692, #10008 ) ) ;
#8650 = DIRECTION ( 'NONE',  ( -0.000000000000000000, -1.000000000000000000, -0.000000000000000000 ) ) ;
#8651 = EDGE_CURVE ( 'NONE', #93, #8058, #10481, .T. ) ;
#8652 = ORIENTED_EDGE ( 'NONE', *, *, #10356, .F. ) ;
#8653 = ADVANCED_FACE ( 'NONE', ( #6863 ), #1651, .F. ) ;
#8654 = CARTESIAN_POINT ( 'NONE',  ( -0.8000000000000001554, -0.1000000000000002554, 3.600000000000000089 ) ) ;
#8655 = ORIENTED_EDGE ( 'NONE', *, *, #2498, .F. ) ;
#8656 = CARTESIAN_POINT ( 'NONE',  ( 4.199999999999995737, -6.100000000000187050, 57.79999999999999716 ) ) ;
#8657 = CARTESIAN_POINT ( 'NONE',  ( 71.71592611859119870, -10.87103877987020084, -17.53424145618629382 ) ) ;
#8658 = DIRECTION ( 'NONE',  ( -0.000000000000000000, 0.000000000000000000, 1.000000000000000000 ) ) ;
#8659 = VERTEX_POINT ( 'NONE', #4460 ) ;
#8660 = AXIS2_PLACEMENT_3D ( 'NONE', #9147, #474, #3324 ) ;
#8661 = AXIS2_PLACEMENT_3D ( 'NONE', #9312, #12288, #7460 ) ;
#8662 = ORIENTED_EDGE ( 'NONE', *, *, #10934, .F. ) ;
#8663 = DIRECTION ( 'NONE',  ( 0.000000000000000000, -1.000000000000000000, 0.000000000000000000 ) ) ;
#8664 = ORIENTED_EDGE ( 'NONE', *, *, #9525, .F. ) ;
#8665 = DIRECTION ( 'NONE',  ( -0.000000000000000000, 1.000000000000000000, 3.001251688541188813E-16 ) ) ;
#8666 = DIRECTION ( 'NONE',  ( 0.000000000000000000, 0.000000000000000000, 1.000000000000000000 ) ) ;
#8667 = EDGE_CURVE ( 'NONE', #2155, #9051, #8031, .T. ) ;
#8668 = CARTESIAN_POINT ( 'NONE',  ( 21.74999999999953459, -3.900000000004009593, -1.800000000000000044 ) ) ;
#8669 = VECTOR ( 'NONE', #9828, 1000.000000000000000 ) ;
#8670 = PLANE ( 'NONE',  #4622 ) ;
#8671 = VERTEX_POINT ( 'NONE', #711 ) ;
#8672 = LINE ( 'NONE', #11811, #5475 ) ;
#8673 = LINE ( 'NONE', #5711, #6122 ) ;
#8674 = PLANE ( 'NONE',  #3193 ) ;
#8675 = DIRECTION ( 'NONE',  ( 0.000000000000000000, -1.000000000000000000, 0.000000000000000000 ) ) ;
#8676 = VERTEX_POINT ( 'NONE', #6434 ) ;
#8677 = CARTESIAN_POINT ( 'NONE',  ( -1.800000000000000266, -17.50000000000000000, 14.80000000000000071 ) ) ;
#8678 = CARTESIAN_POINT ( 'NONE',  ( -1.400000000000012346, -14.62770798392567073, -16.07333333333333059 ) ) ;
#8679 = AXIS2_PLACEMENT_3D ( 'NONE', #1966, #6106, #295 ) ;
#8680 = DIRECTION ( 'NONE',  ( -0.000000000000000000, -1.000000000000000000, -0.000000000000000000 ) ) ;
#8681 = EDGE_CURVE ( 'NONE', #6651, #7889, #5750, .T. ) ;
#8682 = CARTESIAN_POINT ( 'NONE',  ( -0.05728239393454339495, -9.758221604920169767, -17.71845256264610313 ) ) ;
#8683 = CARTESIAN_POINT ( 'NONE',  ( 70.60000000000000853, 11.79999999999999893, -11.50000000000000000 ) ) ;
#8684 = CARTESIAN_POINT ( 'NONE',  ( 0.05489547211980855268, -9.384480584939796088, -17.73494117051660268 ) ) ;
#8685 = LINE ( 'NONE', #8615, #4575 ) ;
#8686 = VECTOR ( 'NONE', #11433, 1000.000000000000000 ) ;
#8687 = CARTESIAN_POINT ( 'NONE',  ( 70.98409398765627998, -12.58891131617507853, -16.92055843294143358 ) ) ;
#8688 = CARTESIAN_POINT ( 'NONE',  ( 1.400000000000012346, -17.50000000000000000, -2.755455298081544778E-15 ) ) ;
#8689 = DIRECTION ( 'NONE',  ( 1.000000000000000000, 0.000000000000000000, 0.000000000000000000 ) ) ;
#8690 = EDGE_LOOP ( 'NONE', ( #8461, #7422, #9910, #10495, #2760, #1226 ) ) ;
#8691 = DIRECTION ( 'NONE',  ( 0.7071067811865678898, 0.7071067811865272557, 0.000000000000000000 ) ) ;
#8692 = VECTOR ( 'NONE', #10349, 1000.000000000000000 ) ;
#8693 = DIRECTION ( 'NONE',  ( 1.000000000000000000, -1.400000000000000345E-14, 0.000000000000000000 ) ) ;
#8694 = DIRECTION ( 'NONE',  ( 0.000000000000000000, -1.000000000000000000, 0.000000000000000000 ) ) ;
#8695 = CARTESIAN_POINT ( 'NONE',  ( 72.53802179605563083, -9.258140673020484712, -17.74000000000000554 ) ) ;
#8696 = ORIENTED_EDGE ( 'NONE', *, *, #4336, .T. ) ;
#8697 = LINE ( 'NONE', #10243, #4893 ) ;
#8698 = ORIENTED_EDGE ( 'NONE', *, *, #11576, .T. ) ;
#8699 = EDGE_LOOP ( 'NONE', ( #12138, #5828, #1682, #3899 ) ) ;
#8700 = DIRECTION ( 'NONE',  ( 1.257045997084642365E-16, 0.000000000000000000, 1.000000000000000000 ) ) ;
#8701 = CARTESIAN_POINT ( 'NONE',  ( 21.00677727426997166, -9.494633136679889063, -0.2000000000000013989 ) ) ;
#8702 = EDGE_CURVE ( 'NONE', #5406, #91, #12432, .T. ) ;
#8703 = EDGE_CURVE ( 'NONE', #505, #6556, #5428, .T. ) ;
#8704 = VECTOR ( 'NONE', #3327, 1000.000000000000000 ) ;
#8705 = LINE ( 'NONE', #402, #243 ) ;
#8706 = VERTEX_POINT ( 'NONE', #5651 ) ;
#8707 = ORIENTED_EDGE ( 'NONE', *, *, #9613, .F. ) ;
#8708 = DIRECTION ( 'NONE',  ( 1.000000000000000000, -0.000000000000000000, -0.000000000000000000 ) ) ;
#8709 = EDGE_LOOP ( 'NONE', ( #7994, #811, #4959, #1524 ) ) ;
#8710 = VECTOR ( 'NONE', #335, 1000.000000000000000 ) ;
#8711 = DIRECTION ( 'NONE',  ( -1.000000000000000000, 0.000000000000000000, 0.000000000000000000 ) ) ;
#8712 = CARTESIAN_POINT ( 'NONE',  ( 8.029999999999558824, -3.309999999999799769, -0.2000000000000005107 ) ) ;
#8713 = DIRECTION ( 'NONE',  ( -1.399999999999987250E-14, 0.000000000000000000, -1.000000000000000000 ) ) ;
#8714 = PLANE ( 'NONE',  #12014 ) ;
#8715 = CARTESIAN_POINT ( 'NONE',  ( 35.80000000000000426, -19.10000000000000142, 4.799999999999999822 ) ) ;
#8716 = EDGE_CURVE ( 'NONE', #7874, #9557, #3631, .T. ) ;
#8717 = ORIENTED_EDGE ( 'NONE', *, *, #1854, .F. ) ;
#8718 = LINE ( 'NONE', #5455, #8404 ) ;
#8719 = AXIS2_PLACEMENT_3D ( 'NONE', #509, #4543, #7301 ) ;
#8720 = ORIENTED_EDGE ( 'NONE', *, *, #3612, .T. ) ;
#8721 = ORIENTED_EDGE ( 'NONE', *, *, #7904, .T. ) ;
#8722 = ORIENTED_EDGE ( 'NONE', *, *, #10182, .T. ) ;
#8723 = EDGE_CURVE ( 'NONE', #8746, #5462, #8176, .T. ) ;
#8724 = CIRCLE ( 'NONE', #7037, 1.000000000000000888 ) ;
#8725 = CARTESIAN_POINT ( 'NONE',  ( -0.6833572472774854800, -11.43717230470071655, -17.46338827251214099 ) ) ;
#8726 = CARTESIAN_POINT ( 'NONE',  ( -0.2000000000000000111, -15.90000000000001812, 14.80000000000000071 ) ) ;
#8727 = EDGE_CURVE ( 'NONE', #10868, #9623, #4072, .T. ) ;
#8728 = LINE ( 'NONE', #8349, #8410 ) ;
#8729 = CARTESIAN_POINT ( 'NONE',  ( 0.08390774832689597285, -9.327561919310252136, -17.73668061696840681 ) ) ;
#8730 = CARTESIAN_POINT ( 'NONE',  ( -1.289643059541418779, -12.25113714114676711, -17.07605494914358246 ) ) ;
#8731 = CARTESIAN_POINT ( 'NONE',  ( 62.80000000000001137, -17.50000000000000000, 24.79999999999999716 ) ) ;
#8732 = CARTESIAN_POINT ( 'NONE',  ( -1.800000000000000266, -9.500000000000001776, 12.79999999999999893 ) ) ;
#8733 = LINE ( 'NONE', #7490, #11317 ) ;
#8734 = DIRECTION ( 'NONE',  ( -0.000000000000000000, 0.000000000000000000, 1.000000000000000000 ) ) ;
#8735 = DIRECTION ( 'NONE',  ( 8.888657488019595430E-17, 0.7071067811865444641, 0.7071067811865505703 ) ) ;
#8736 = DIRECTION ( 'NONE',  ( 0.000000000000000000, -1.000000000000000000, 0.000000000000000000 ) ) ;
#8737 = ORIENTED_EDGE ( 'NONE', *, *, #3640, .T. ) ;
#8738 = ORIENTED_EDGE ( 'NONE', *, *, #12384, .T. ) ;
#8739 = LINE ( 'NONE', #7013, #10567 ) ;
#8740 = VERTEX_POINT ( 'NONE', #10496 ) ;
#8741 = VECTOR ( 'NONE', #12466, 1000.000000000000000 ) ;
#8742 = CIRCLE ( 'NONE', #7245, 3.199999999999999734 ) ;
#8743 = CARTESIAN_POINT ( 'NONE',  ( 35.80000000000000426, -19.09999999999999787, 5.799999999999999822 ) ) ;
#8744 = LINE ( 'NONE', #4411, #7249 ) ;
#8745 = ORIENTED_EDGE ( 'NONE', *, *, #9472, .F. ) ;
#8746 = VERTEX_POINT ( 'NONE', #10537 ) ;
#8747 = AXIS2_PLACEMENT_3D ( 'NONE', #9633, #1852, #12524 ) ;
#8748 = ORIENTED_EDGE ( 'NONE', *, *, #11897, .F. ) ;
#8749 = ORIENTED_EDGE ( 'NONE', *, *, #10438, .F. ) ;
#8750 = CARTESIAN_POINT ( 'NONE',  ( 62.80000000000001137, -17.50000000000000355, 28.79999999999999716 ) ) ;
#8751 = VECTOR ( 'NONE', #8318, 1000.000000000000000 ) ;
#8752 = CARTESIAN_POINT ( 'NONE',  ( 43.24999999996620659, -6.054999999995330901E-13, -1.800000000000000044 ) ) ;
#8753 = ORIENTED_EDGE ( 'NONE', *, *, #8966, .T. ) ;
#8754 = CARTESIAN_POINT ( 'NONE',  ( -1.800000000000000266, -17.50000000000000000, 16.80000000000000071 ) ) ;
#8755 = DIRECTION ( 'NONE',  ( -0.000000000000000000, 1.000000000000000000, 0.000000000000000000 ) ) ;
#8756 = AXIS2_PLACEMENT_3D ( 'NONE', #9846, #5119, #10916 ) ;
#8757 = DIRECTION ( 'NONE',  ( 0.000000000000000000, 3.001251688541188813E-16, -1.000000000000000000 ) ) ;
#8758 = CARTESIAN_POINT ( 'NONE',  ( 3.113970133539793572, -11.82120607000292623, -17.24782495269456462 ) ) ;
#8759 = DIRECTION ( 'NONE',  ( 0.7071067811865389130, -0.7071067811865561215, -2.122205421015076543E-16 ) ) ;
#8760 = AXIS2_PLACEMENT_3D ( 'NONE', #2630, #11184, #3488 ) ;
#8761 = CARTESIAN_POINT ( 'NONE',  ( 84.20000000000001705, 4.299999999999999822, -13.70000000000000107 ) ) ;
#8762 = ORIENTED_EDGE ( 'NONE', *, *, #71, .F. ) ;
#8763 = CARTESIAN_POINT ( 'NONE',  ( 68.40000000000000568, -3.200000000000001510, -0.7999999999999999334 ) ) ;
#8764 = ORIENTED_EDGE ( 'NONE', *, *, #8473, .T. ) ;
#8765 = VECTOR ( 'NONE', #6893, 1000.000000000000000 ) ;
#8766 = DIRECTION ( 'NONE',  ( -1.000000000000000000, 0.000000000000000000, -0.000000000000000000 ) ) ;
#8767 = CARTESIAN_POINT ( 'NONE',  ( 4.799999999999999822, -19.09999999999999787, 16.80000000000000071 ) ) ;
#8768 = VERTEX_POINT ( 'NONE', #6604 ) ;
#8769 = CARTESIAN_POINT ( 'NONE',  ( 1.400000000000012568, -17.50000000000000355, 16.80000000000000071 ) ) ;
#8770 = DIRECTION ( 'NONE',  ( 0.000000000000000000, 0.000000000000000000, -1.000000000000000000 ) ) ;
#8771 = CARTESIAN_POINT ( 'NONE',  ( 0.04956601945948453658, -9.484194593825684194, -17.73262280817948522 ) ) ;
#8772 = CARTESIAN_POINT ( 'NONE',  ( -1.800000000000000266, -9.500000000000001776, 18.80000000000000071 ) ) ;
#8773 = ORIENTED_EDGE ( 'NONE', *, *, #1853, .F. ) ;
#8774 = CARTESIAN_POINT ( 'NONE',  ( -0.3977260649634765666, -10.28251065371134843, -17.64894216904389523 ) ) ;
#8775 = ORIENTED_EDGE ( 'NONE', *, *, #553, .F. ) ;
#8776 = CARTESIAN_POINT ( 'NONE',  ( 31.79999999999999361, -17.50000000000000000, 40.80000000000000426 ) ) ;
#8777 = EDGE_LOOP ( 'NONE', ( #10466, #10140, #6319, #1260 ) ) ;
#8778 = CARTESIAN_POINT ( 'NONE',  ( -1.800000000000000266, -0.2000000000003211154, 21.69999999999940599 ) ) ;
#8779 = DIRECTION ( 'NONE',  ( 0.000000000000000000, 1.234678630588475078E-16, -1.000000000000000000 ) ) ;
#8780 = AXIS2_PLACEMENT_3D ( 'NONE', #6452, #651, #7439 ) ;
#8781 = DIRECTION ( 'NONE',  ( -0.000000000000000000, 0.000000000000000000, 1.000000000000000000 ) ) ;
#8782 = CARTESIAN_POINT ( 'NONE',  ( 86.79999999999999716, -15.54999999999981419, 1.950000000000472244 ) ) ;
#8783 = ADVANCED_FACE ( 'NONE', ( #746 ), #10461, .F. ) ;
#8784 = EDGE_CURVE ( 'NONE', #7420, #1715, #2736, .T. ) ;
#8785 = ORIENTED_EDGE ( 'NONE', *, *, #11400, .F. ) ;
#8786 = ORIENTED_EDGE ( 'NONE', *, *, #8624, .T. ) ;
#8787 = EDGE_CURVE ( 'NONE', #11302, #1912, #606, .T. ) ;
#8788 = PLANE ( 'NONE',  #3094 ) ;
#8789 = FACE_OUTER_BOUND ( 'NONE', #7559, .T. ) ;
#8790 = CARTESIAN_POINT ( 'NONE',  ( 34.80000000000000426, -17.50000000000000000, 36.79999999999999716 ) ) ;
#8791 = ORIENTED_EDGE ( 'NONE', *, *, #10036, .T. ) ;
#8792 = VERTEX_POINT ( 'NONE', #5698 ) ;
#8793 = ORIENTED_EDGE ( 'NONE', *, *, #4317, .F. ) ;
#8794 = CARTESIAN_POINT ( 'NONE',  ( 4.800000000000001599, -19.10000000000000853, 40.80000000000000426 ) ) ;
#8795 = AXIS2_PLACEMENT_3D ( 'NONE', #2026, #3859, #10650 ) ;
#8796 = FACE_OUTER_BOUND ( 'NONE', #1176, .T. ) ;
#8797 = VECTOR ( 'NONE', #1071, 1000.000000000000000 ) ;
#8798 = EDGE_CURVE ( 'NONE', #1863, #508, #8025, .T. ) ;
#8799 = DIRECTION ( 'NONE',  ( 0.7071067811865561215, 0.7071067811865389130, 2.122205421015024774E-16 ) ) ;
#8800 = EDGE_CURVE ( 'NONE', #9960, #10119, #8625, .T. ) ;
#8801 = CARTESIAN_POINT ( 'NONE',  ( 2.711033147028352186, -10.92739222727792558, -17.52145298241702775 ) ) ;
#8802 = DIRECTION ( 'NONE',  ( 0.000000000000000000, 0.000000000000000000, -1.000000000000000000 ) ) ;
#8803 = DIRECTION ( 'NONE',  ( 0.000000000000000000, -0.000000000000000000, 1.000000000000000000 ) ) ;
#8804 = EDGE_CURVE ( 'NONE', #603, #977, #11064, .T. ) ;
#8805 = CARTESIAN_POINT ( 'NONE',  ( 62.80000000000001137, -19.09999999999999787, 34.79999999999999716 ) ) ;
#8806 = DIRECTION ( 'NONE',  ( 0.000000000000000000, -1.000000000000000000, -0.000000000000000000 ) ) ;
#8807 = VERTEX_POINT ( 'NONE', #12404 ) ;
#8808 = DIRECTION ( 'NONE',  ( 0.000000000000000000, 0.000000000000000000, -1.000000000000000000 ) ) ;
#8809 = CARTESIAN_POINT ( 'NONE',  ( 4.799999999999999822, -17.50000000000000000, 36.79999999999999716 ) ) ;
#8810 = ORIENTED_EDGE ( 'NONE', *, *, #3884, .T. ) ;
#8811 = VERTEX_POINT ( 'NONE', #1816 ) ;
#8812 = CARTESIAN_POINT ( 'NONE',  ( 31.80000000000000071, -17.50000000000000355, 28.80000000000000071 ) ) ;
#8813 = CARTESIAN_POINT ( 'NONE',  ( 4.799999999999999822, -19.10000000000000142, 37.79999999999999716 ) ) ;
#8814 = CARTESIAN_POINT ( 'NONE',  ( -0.2000000000000000111, -9.500000000000001776, 20.80000000000000071 ) ) ;
#8815 = ORIENTED_EDGE ( 'NONE', *, *, #4004, .T. ) ;
#8816 = CARTESIAN_POINT ( 'NONE',  ( 1.400000000000012346, -17.50000000000000000, -2.755455298081544778E-15 ) ) ;
#8817 = B_SPLINE_CURVE_WITH_KNOTS ( 'NONE', 3,
 ( #1487, #6026, #7092, #5010 ),
 .UNSPECIFIED., .F., .F.,
 ( 4, 4 ),
 ( 0.000000000000000000, 1.000000000000000000 ),
 .UNSPECIFIED. ) ;
#8818 = CARTESIAN_POINT ( 'NONE',  ( 86.79999999999999716, -0.1000000000000000056, -0.000000000000000000 ) ) ;
#8819 = LINE ( 'NONE', #11900, #2922 ) ;
#8820 = PLANE ( 'NONE',  #7389 ) ;
#8821 = ORIENTED_EDGE ( 'NONE', *, *, #5443, .T. ) ;
#8822 = CARTESIAN_POINT ( 'NONE',  ( 70.59999999999999432, 18.00000000000000000, -3.653981901626787820 ) ) ;
#8823 = EDGE_CURVE ( 'NONE', #7864, #11307, #1216, .T. ) ;
#8824 = DIRECTION ( 'NONE',  ( 1.000000000000000000, 0.000000000000000000, 0.000000000000000000 ) ) ;
#8825 = EDGE_CURVE ( 'NONE', #3649, #4809, #8325, .T. ) ;
#8826 = LINE ( 'NONE', #6337, #4716 ) ;
#8827 = ORIENTED_EDGE ( 'NONE', *, *, #4733, .T. ) ;
#8828 = LINE ( 'NONE', #3691, #4565 ) ;
#8829 = CARTESIAN_POINT ( 'NONE',  ( 3.800000000000001155, -17.50000000000000000, 40.80000000000000426 ) ) ;
#8830 = ORIENTED_EDGE ( 'NONE', *, *, #591, .T. ) ;
#8831 = ORIENTED_EDGE ( 'NONE', *, *, #12311, .T. ) ;
#8832 = CARTESIAN_POINT ( 'NONE',  ( 62.80000000000001137, -19.10000000000000142, 37.79999999999999005 ) ) ;
#8833 = CARTESIAN_POINT ( 'NONE',  ( -0.2000000000000000111, -9.500000000000001776, 30.80000000000000071 ) ) ;
#8834 = ADVANCED_FACE ( 'NONE', ( #311 ), #2932, .F. ) ;
#8835 = DIRECTION ( 'NONE',  ( -1.000000000000000000, -0.000000000000000000, -0.000000000000000000 ) ) ;
#8836 = LINE ( 'NONE', #7091, #10822 ) ;
#8837 = AXIS2_PLACEMENT_3D ( 'NONE', #11265, #516, #4423 ) ;
#8838 = ORIENTED_EDGE ( 'NONE', *, *, #1743, .F. ) ;
#8839 = VECTOR ( 'NONE', #10366, 1000.000000000000000 ) ;
#8840 = CARTESIAN_POINT ( 'NONE',  ( -1.800000000000000266, -9.500000000000001776, 38.80000000000000426 ) ) ;
#8841 = EDGE_CURVE ( 'NONE', #1065, #2206, #8458, .T. ) ;
#8842 = ORIENTED_EDGE ( 'NONE', *, *, #10425, .T. ) ;
#8843 = DIRECTION ( 'NONE',  ( 1.000000000000000000, 0.000000000000000000, 0.000000000000000000 ) ) ;
#8844 = CARTESIAN_POINT ( 'NONE',  ( 1.400000000000012346, -17.50000000000000000, 8.799999999999995381 ) ) ;
#8845 = AXIS2_PLACEMENT_3D ( 'NONE', #4615, #6502, #11408 ) ;
#8846 = DIRECTION ( 'NONE',  ( 0.000000000000000000, 0.000000000000000000, 1.000000000000000000 ) ) ;
#8847 = PLANE ( 'NONE',  #7585 ) ;
#8848 = CARTESIAN_POINT ( 'NONE',  ( 66.40000000000000568, -3.200000000000000622, -0.8496933580527809005 ) ) ;
#8849 = DIRECTION ( 'NONE',  ( 0.000000000000000000, 0.000000000000000000, 1.000000000000000000 ) ) ;
#8850 = ADVANCED_FACE ( 'NONE', ( #6664 ), #9694, .F. ) ;
#8851 = ORIENTED_EDGE ( 'NONE', *, *, #6698, .T. ) ;
#8852 = VECTOR ( 'NONE', #7314, 1000.000000000000000 ) ;
#8853 = CARTESIAN_POINT ( 'NONE',  ( 72.60000000000000853, 11.79999999999999716, -17.73999999999999844 ) ) ;
#8854 = DIRECTION ( 'NONE',  ( -0.000000000000000000, -1.000000000000000000, -0.000000000000000000 ) ) ;
#8855 = CARTESIAN_POINT ( 'NONE',  ( -0.2551661962131682726, 12.60443016395430682, -17.69088693320101413 ) ) ;
#8856 = LINE ( 'NONE', #6150, #1426 ) ;
#8857 = LINE ( 'NONE', #4817, #9304 ) ;
#8858 = ORIENTED_EDGE ( 'NONE', *, *, #287, .F. ) ;
#8859 = CYLINDRICAL_SURFACE ( 'NONE', #8238, 1.000000000000000888 ) ;
#8860 = CARTESIAN_POINT ( 'NONE',  ( -1.800000000000000266, -17.50000000000000000, 44.79999999999999716 ) ) ;
#8861 = DIRECTION ( 'NONE',  ( -1.000000000000000000, 0.000000000000000000, 0.000000000000000000 ) ) ;
#8862 = CARTESIAN_POINT ( 'NONE',  ( -1.097314227805528120, -11.78204947287741966, -17.26217936671662656 ) ) ;
#8863 = DIRECTION ( 'NONE',  ( -1.000000000000000000, -0.000000000000000000, -0.000000000000000000 ) ) ;
#8864 = ORIENTED_EDGE ( 'NONE', *, *, #6853, .T. ) ;
#8865 = CARTESIAN_POINT ( 'NONE',  ( 34.80000000000000426, -19.10000000000000142, 25.79999999999999361 ) ) ;
#8866 = VECTOR ( 'NONE', #12037, 1000.000000000000000 ) ;
#8867 = ORIENTED_EDGE ( 'NONE', *, *, #12448, .T. ) ;
#8868 = LINE ( 'NONE', #1606, #7649 ) ;
#8869 = EDGE_CURVE ( 'NONE', #1991, #1125, #1659, .T. ) ;
#8870 = CARTESIAN_POINT ( 'NONE',  ( 0.000000000000000000, -14.40000000000002167, -1.800000000000000044 ) ) ;
#8871 = ORIENTED_EDGE ( 'NONE', *, *, #11183, .T. ) ;
#8872 = CARTESIAN_POINT ( 'NONE',  ( 59.79999999999999716, -19.10000000000000142, 52.09999999999999432 ) ) ;
#8873 = ORIENTED_EDGE ( 'NONE', *, *, #1183, .F. ) ;
#8874 = ORIENTED_EDGE ( 'NONE', *, *, #11740, .F. ) ;
#8875 = EDGE_LOOP ( 'NONE', ( #8003, #8368, #636, #8620, #2887 ) ) ;
#8876 = DIRECTION ( 'NONE',  ( -0.000000000000000000, 0.000000000000000000, 1.000000000000000000 ) ) ;
#8877 = VECTOR ( 'NONE', #3439, 1000.000000000000000 ) ;
#8878 = AXIS2_PLACEMENT_3D ( 'NONE', #3086, #2065, #3052 ) ;
#8879 = ORIENTED_EDGE ( 'NONE', *, *, #8823, .T. ) ;
#8880 = EDGE_CURVE ( 'NONE', #1065, #5638, #12117, .T. ) ;
#8881 = FACE_OUTER_BOUND ( 'NONE', #3199, .T. ) ;
#8882 = ADVANCED_FACE ( 'NONE', ( #9223 ), #8886, .F. ) ;
#8883 = DIRECTION ( 'NONE',  ( -0.000000000000000000, 0.000000000000000000, -1.000000000000000000 ) ) ;
#8884 = VECTOR ( 'NONE', #8570, 1000.000000000000000 ) ;
#8885 = EDGE_CURVE ( 'NONE', #7499, #798, #10313, .T. ) ;
#8886 = PLANE ( 'NONE',  #8679 ) ;
#8887 = DIRECTION ( 'NONE',  ( 0.000000000000000000, 0.000000000000000000, -1.000000000000000000 ) ) ;
#8888 = CARTESIAN_POINT ( 'NONE',  ( 2.976935393137684294, -12.33436774100354150, -17.20269288657316409 ) ) ;
#8889 = ORIENTED_EDGE ( 'NONE', *, *, #6698, .F. ) ;
#8890 = ORIENTED_EDGE ( 'NONE', *, *, #1814, .T. ) ;
#8891 = FACE_OUTER_BOUND ( 'NONE', #5086, .T. ) ;
#8892 = PLANE ( 'NONE',  #9403 ) ;
#8893 = CARTESIAN_POINT ( 'NONE',  ( -0.2000000000000000111, -9.500000000000001776, 26.80000000000000071 ) ) ;
#8894 = CARTESIAN_POINT ( 'NONE',  ( -1.800000000000000266, -9.500000000000001776, 12.79999999999999893 ) ) ;
#8895 = FACE_OUTER_BOUND ( 'NONE', #5329, .T. ) ;
#8896 = CARTESIAN_POINT ( 'NONE',  ( -0.2000000000000000111, -4.545900930049278088, 20.39936534720461481 ) ) ;
#8897 = DIRECTION ( 'NONE',  ( 0.000000000000000000, 0.000000000000000000, -1.000000000000000000 ) ) ;
#8898 = EDGE_CURVE ( 'NONE', #8746, #8343, #7571, .T. ) ;
#8899 = CARTESIAN_POINT ( 'NONE',  ( 34.80000000000000426, -17.50000000000000000, 17.79999999999999716 ) ) ;
#8900 = EDGE_CURVE ( 'NONE', #524, #2384, #9531, .T. ) ;
#8901 = DIRECTION ( 'NONE',  ( 0.000000000000000000, -1.000000000000000000, 0.000000000000000000 ) ) ;
#8902 = DIRECTION ( 'NONE',  ( 0.000000000000000000, -1.000000000000000000, 0.000000000000000000 ) ) ;
#8903 = EDGE_LOOP ( 'NONE', ( #9041, #5599, #1345, #12279, #7061, #893, #1546, #828 ) ) ;
#8904 = ORIENTED_EDGE ( 'NONE', *, *, #287, .T. ) ;
#8905 = EDGE_CURVE ( 'NONE', #3575, #1474, #10016, .T. ) ;
#8906 = ORIENTED_EDGE ( 'NONE', *, *, #4885, .T. ) ;
#8907 = CIRCLE ( 'NONE', #7605, 2.799999999999997158 ) ;
#8908 = CARTESIAN_POINT ( 'NONE',  ( 70.20000000000001705, 11.23431457505075315, -10.93431457505077375 ) ) ;
#8909 = ORIENTED_EDGE ( 'NONE', *, *, #688, .F. ) ;
#8910 = VECTOR ( 'NONE', #6713, 1000.000000000000000 ) ;
#8911 = CARTESIAN_POINT ( 'NONE',  ( 16.26999999999955193, -2.749999999999920064, -1.189999999999578284 ) ) ;
#8912 = DIRECTION ( 'NONE',  ( -0.000000000000000000, -1.000000000000000000, -0.000000000000000000 ) ) ;
#8913 = CARTESIAN_POINT ( 'NONE',  ( 70.59999999999999432, 8.379798566743366095, -2.103073792140897513 ) ) ;
#8914 = CARTESIAN_POINT ( 'NONE',  ( 31.80000000000000071, -17.50000000000000000, 20.80000000000000071 ) ) ;
#8915 = ORIENTED_EDGE ( 'NONE', *, *, #4569, .T. ) ;
#8916 = AXIS2_PLACEMENT_3D ( 'NONE', #7108, #6974, #7012 ) ;
#8917 = LINE ( 'NONE', #6330, #11807 ) ;
#8918 = AXIS2_PLACEMENT_3D ( 'NONE', #2238, #10992, #7179 ) ;
#8919 = ORIENTED_EDGE ( 'NONE', *, *, #10154, .F. ) ;
#8920 = FACE_OUTER_BOUND ( 'NONE', #9965, .T. ) ;
#8921 = DIRECTION ( 'NONE',  ( 1.000000000000000000, -0.000000000000000000, -0.000000000000000000 ) ) ;
#8922 = EDGE_CURVE ( 'NONE', #1685, #5411, #5573, .T. ) ;
#8923 = CARTESIAN_POINT ( 'NONE',  ( -1.800000000000000266, -9.500000000000001776, 46.80000000000000426 ) ) ;
#8924 = CARTESIAN_POINT ( 'NONE',  ( 0.000000000000000000, 0.000000000000000000, 0.000000000000000000 ) ) ;
#8925 = ORIENTED_EDGE ( 'NONE', *, *, #9698, .T. ) ;
#8926 = VECTOR ( 'NONE', #2004, 1000.000000000000000 ) ;
#8927 = DIRECTION ( 'NONE',  ( 1.000000000000000000, -0.000000000000000000, -0.000000000000000000 ) ) ;
#8928 = VECTOR ( 'NONE', #3975, 1000.000000000000000 ) ;
#8929 = DIRECTION ( 'NONE',  ( 0.000000000000000000, 0.000000000000000000, 1.000000000000000000 ) ) ;
#8930 = VECTOR ( 'NONE', #3698, 1000.000000000000000 ) ;
#8931 = AXIS2_PLACEMENT_3D ( 'NONE', #12338, #3804, #10595 ) ;
#8932 = CARTESIAN_POINT ( 'NONE',  ( 87.45131232494519224, -17.55131232494520788, 36.89999999999971436 ) ) ;
#8933 = CARTESIAN_POINT ( 'NONE',  ( 86.90003915212125207, -10.08634474657272939, -17.67670420322253833 ) ) ;
#8934 = LINE ( 'NONE', #11185, #11208 ) ;
#8935 = CARTESIAN_POINT ( 'NONE',  ( -1.800000000000000266, -0.1000000000000000056, 34.24999999999941025 ) ) ;
#8936 = CARTESIAN_POINT ( 'NONE',  ( 31.80000000000000071, -19.10000000000000142, 28.80000000000000071 ) ) ;
#8937 = FACE_OUTER_BOUND ( 'NONE', #9328, .T. ) ;
#8938 = CARTESIAN_POINT ( 'NONE',  ( 35.80000000000000426, -19.10000000000000142, 6.799999999999999822 ) ) ;
#8939 = FACE_OUTER_BOUND ( 'NONE', #7161, .T. ) ;
#8940 = ADVANCED_FACE ( 'NONE', ( #11677 ), #5438, .F. ) ;
#8941 = CARTESIAN_POINT ( 'NONE',  ( 63.80000000000001137, -17.50000000000000000, 5.799999999999999822 ) ) ;
#8942 = CARTESIAN_POINT ( 'NONE',  ( 4.799999999999999822, -17.50000000000000000, 26.80000000000000071 ) ) ;
#8943 = ORIENTED_EDGE ( 'NONE', *, *, #8149, .T. ) ;
#8944 = DIRECTION ( 'NONE',  ( -0.000000000000000000, 0.000000000000000000, 1.000000000000000000 ) ) ;
#8945 = ORIENTED_EDGE ( 'NONE', *, *, #11557, .T. ) ;
#8946 = VECTOR ( 'NONE', #8050, 1000.000000000000000 ) ;
#8947 = DIRECTION ( 'NONE',  ( -0.000000000000000000, 1.000000000000000000, 3.001251688541188813E-16 ) ) ;
#8948 = CARTESIAN_POINT ( 'NONE',  ( -1.800000000000000266, -9.500000000000001776, 12.79999999999999893 ) ) ;
#8949 = ORIENTED_EDGE ( 'NONE', *, *, #6897, .F. ) ;
#8950 = CARTESIAN_POINT ( 'NONE',  ( 35.80000000000000426, -19.10000000000000142, 24.79999999999999716 ) ) ;
#8951 = DIRECTION ( 'NONE',  ( 0.000000000000000000, -1.000000000000000000, -0.000000000000000000 ) ) ;
#8952 = ORIENTED_EDGE ( 'NONE', *, *, #1130, .F. ) ;
#8954 = VERTEX_POINT ( 'NONE', #11384 ) ;
#8953 = LINE ( 'NONE', #1654, #5603 ) ;
#8955 = DIRECTION ( 'NONE',  ( 0.000000000000000000, 0.000000000000000000, -1.000000000000000000 ) ) ;
#8956 = EDGE_CURVE ( 'NONE', #1560, #11585, #2580, .T. ) ;
#8957 = EDGE_CURVE ( 'NONE', #11926, #10927, #9391, .T. ) ;
#8958 = ORIENTED_EDGE ( 'NONE', *, *, #2768, .F. ) ;
#8959 = ADVANCED_FACE ( 'NONE', ( #4830, #3931 ), #2589, .F. ) ;
#8960 = VECTOR ( 'NONE', #1805, 1000.000000000000000 ) ;
#8961 = DIRECTION ( 'NONE',  ( 1.000000000000000000, -0.000000000000000000, -0.000000000000000000 ) ) ;
#8962 = ORIENTED_EDGE ( 'NONE', *, *, #5441, .F. ) ;
#8963 = VERTEX_POINT ( 'NONE', #5558 ) ;
#8964 = DIRECTION ( 'NONE',  ( 1.000000000000000000, -0.000000000000000000, -0.000000000000000000 ) ) ;
#8965 = VERTEX_POINT ( 'NONE', #12361 ) ;
#8966 = EDGE_CURVE ( 'NONE', #7114, #1997, #3618, .T. ) ;
#8967 = DIRECTION ( 'NONE',  ( 0.000000000000000000, 0.000000000000000000, -1.000000000000000000 ) ) ;
#8968 = EDGE_CURVE ( 'NONE', #4500, #8259, #4815, .T. ) ;
#8969 = LINE ( 'NONE', #9393, #924 ) ;
#8970 = EDGE_CURVE ( 'NONE', #3818, #3344, #3041, .T. ) ;
#8971 = DIRECTION ( 'NONE',  ( 0.000000000000000000, 0.000000000000000000, 1.000000000000000000 ) ) ;
#8972 = DIRECTION ( 'NONE',  ( 1.000000000000000000, -0.000000000000000000, -0.000000000000000000 ) ) ;
#8973 = FACE_OUTER_BOUND ( 'NONE', #904, .T. ) ;
#8974 = EDGE_CURVE ( 'NONE', #2457, #537, #9687, .T. ) ;
#8975 = CARTESIAN_POINT ( 'NONE',  ( 72.40000000000000568, -8.100000000000001421, 57.79999999999999716 ) ) ;
#8976 = ORIENTED_EDGE ( 'NONE', *, *, #6803, .F. ) ;
#8977 = DIRECTION ( 'NONE',  ( 0.000000000000000000, 0.000000000000000000, -1.000000000000000000 ) ) ;
#8978 = CIRCLE ( 'NONE', #3633, 1.000000000000000888 ) ;
#8979 = DIRECTION ( 'NONE',  ( 0.000000000000000000, -1.000000000000000000, -1.234678630588475078E-16 ) ) ;
#8980 = CARTESIAN_POINT ( 'NONE',  ( 62.80000000000001137, -17.50000000000000000, 42.79999999999999005 ) ) ;
#8981 = DIRECTION ( 'NONE',  ( 0.000000000000000000, -0.7071067811865467956, -0.7071067811865483499 ) ) ;
#8982 = CARTESIAN_POINT ( 'NONE',  ( 86.40000000000000568, 0.000000000000000000, -15.73999999999999666 ) ) ;
#8983 = CIRCLE ( 'NONE', #5907, 1.000000000000000888 ) ;
#8984 = DIRECTION ( 'NONE',  ( 0.000000000000000000, -1.000000000000000000, -1.234678630588475078E-16 ) ) ;
#8985 = ORIENTED_EDGE ( 'NONE', *, *, #6203, .F. ) ;
#8986 = CIRCLE ( 'NONE', #3499, 1.000000000000000888 ) ;
#8987 = B_SPLINE_CURVE_WITH_KNOTS ( 'NONE', 3,
 ( #3829, #4628, #10531, #7576, #9585, #740, #11416, #5605, #12482, #10574, #780, #4761, #12397, #6691, #860, #7538, #7617, #1809, #8482, #8574, #5691, #10486, #3661, #11464, #4715, #11547, #6595, #1774, #5644, #8657, #8525, #2747, #11508, #2884, #7652, #9511, #3706, #6728, #4674, #12446, #7693, #2788, #9554, #3744, #1855, #8616, #2837, #1905, #11638, #10649, #1938, #8687, #5771, #1888, #12561, #2871, #6032, #11832, #7962, #9930, #4091, #2779, #9541, #10608, #11587, #1943, #11627, #2963, #11676, #3912 ),
 .UNSPECIFIED., .F., .F.,
 ( 4, 2, 1, 1, 1, 2, 2, 2, 1, 1, 2, 2, 2, 1, 1, 1, 2, 2, 2, 1, 1, 2, 2, 2, 1, 1, 2, 2, 2, 1, 1, 2, 2, 2, 1, 1, 2, 2, 2, 1, 1, 2, 2, 4 ),
 ( 0.000000000000000000, 0.03124999999996148220, 0.04687499999994068633, 0.05468749999993073596, 0.05859374999992417177, 0.06054687499992137539, 0.06249999999991857902, 0.09374999999990044075, 0.1093749999998914341, 0.1171874999998869238, 0.1210937499998863409, 0.1249999999998857581, 0.1874999999998714639, 0.2187499999998638589, 0.2343749999998600286, 0.2421874999998598899, 0.2460937499998618605, 0.2499999999998638867, 0.3124999999999035771, 0.3437499999999228950, 0.3593749999999305000, 0.3671874999999324429, 0.3749999999999343303, 0.4374999999999455436, 0.4687499999999500400, 0.4843749999999518718, 0.4921874999999537037, 0.4999999999999555911, 0.5624999999999713562, 0.5937499999999781286, 0.6093749999999811262, 0.6171874999999817923, 0.6249999999999824585, 0.6874999999999854561, 0.7187499999999856781, 0.7343749999999849010, 0.7421874999999849010, 0.7499999999999849010, 0.8124999999999908962, 0.8437499999999934497, 0.8593749999999946709, 0.8671874999999952260, 0.8749999999999958922, 1.000000000000000000 ),
 .UNSPECIFIED. ) ;
#8988 = DIRECTION ( 'NONE',  ( -1.399999999999999714E-14, -9.999999999999999988E-15, -1.000000000000000000 ) ) ;
#8989 = DIRECTION ( 'NONE',  ( 0.000000000000000000, 0.000000000000000000, -1.000000000000000000 ) ) ;
#8990 = DIRECTION ( 'NONE',  ( 0.000000000000000000, -1.000000000000000000, 0.000000000000000000 ) ) ;
#8991 = ORIENTED_EDGE ( 'NONE', *, *, #4076, .F. ) ;
#8992 = LINE ( 'NONE', #5755, #8511 ) ;
#8993 = EDGE_CURVE ( 'NONE', #7291, #10066, #4201, .T. ) ;
#8994 = EDGE_LOOP ( 'NONE', ( #9296, #8890, #6750, #9099 ) ) ;
#8995 = FACE_OUTER_BOUND ( 'NONE', #12255, .T. ) ;
#8996 = VECTOR ( 'NONE', #6569, 1000.000000000000000 ) ;
#8997 = ORIENTED_EDGE ( 'NONE', *, *, #1608, .T. ) ;
#8998 = ORIENTED_EDGE ( 'NONE', *, *, #9210, .T. ) ;
#8999 = DIRECTION ( 'NONE',  ( -0.000000000000000000, 1.000000000000000000, 3.001251688541188813E-16 ) ) ;
#9000 = AXIS2_PLACEMENT_3D ( 'NONE', #6021, #6832, #11782 ) ;
#9001 = ADVANCED_FACE ( 'NONE', ( #3190 ), #10344, .F. ) ;
#9002 = CARTESIAN_POINT ( 'NONE',  ( 88.40000000000000568, -9.099999999999996092, -7.739999999999998437 ) ) ;
#9003 = AXIS2_PLACEMENT_3D ( 'NONE', #8743, #993, #9727 ) ;
#9004 = ORIENTED_EDGE ( 'NONE', *, *, #11334, .F. ) ;
#9005 = VERTEX_POINT ( 'NONE', #9354 ) ;
#9006 = VECTOR ( 'NONE', #8951, 1000.000000000000000 ) ;
#9007 = CARTESIAN_POINT ( 'NONE',  ( 70.40000000000000568, -5.200000000000060574, 51.69999999999998863 ) ) ;
#9008 = ORIENTED_EDGE ( 'NONE', *, *, #11147, .T. ) ;
#9009 = LINE ( 'NONE', #9215, #6432 ) ;
#9010 = ORIENTED_EDGE ( 'NONE', *, *, #2746, .T. ) ;
#9011 = AXIS2_PLACEMENT_3D ( 'NONE', #11613, #2904, #11661 ) ;
#9012 = CIRCLE ( 'NONE', #471, 1.000000000000000888 ) ;
#9013 = DIRECTION ( 'NONE',  ( 0.000000000000000000, 0.000000000000000000, -1.000000000000000000 ) ) ;
#9014 = DIRECTION ( 'NONE',  ( 0.000000000000000000, 0.000000000000000000, 1.000000000000000000 ) ) ;
#9015 = CARTESIAN_POINT ( 'NONE',  ( 35.14999999999966462, 4.300000000001050537, -0.1999999999999994837 ) ) ;
#9016 = VECTOR ( 'NONE', #4833, 1000.000000000000000 ) ;
#9017 = VERTEX_POINT ( 'NONE', #10379 ) ;
#9018 = CARTESIAN_POINT ( 'NONE',  ( 62.80000000000001137, -17.50000000000000000, 6.799999999999999822 ) ) ;
#9019 = ADVANCED_FACE ( 'NONE', ( #11505 ), #8406, .F. ) ;
#9020 = CIRCLE ( 'NONE', #7697, 1.000000000000000888 ) ;
#9021 = AXIS2_PLACEMENT_3D ( 'NONE', #8128, #11961, #9107 ) ;
#9022 = ORIENTED_EDGE ( 'NONE', *, *, #1760, .F. ) ;
#9023 = CARTESIAN_POINT ( 'NONE',  ( 29.84999999996614761, -3.900000000034393288, -1.800000000000000044 ) ) ;
#9024 = ORIENTED_EDGE ( 'NONE', *, *, #4226, .F. ) ;
#9025 = VECTOR ( 'NONE', #1639, 1000.000000000000000 ) ;
#9026 = CARTESIAN_POINT ( 'NONE',  ( 4.800000000000001599, -19.09999999999999787, 13.79999999999999716 ) ) ;
#9027 = CARTESIAN_POINT ( 'NONE',  ( 35.80000000000000426, -19.10000000000000142, 21.79999999999999716 ) ) ;
#9028 = EDGE_CURVE ( 'NONE', #9220, #4123, #7716, .T. ) ;
#9029 = CARTESIAN_POINT ( 'NONE',  ( 3.799999999999999378, -17.50000000000000000, 29.80000000000000071 ) ) ;
#9030 = CARTESIAN_POINT ( 'NONE',  ( 70.60000000000000853, 12.21568542494925325, -12.21568542494922127 ) ) ;
#9031 = DIRECTION ( 'NONE',  ( 1.000000000000000000, 0.000000000000000000, 0.000000000000000000 ) ) ;
#9032 = VERTEX_POINT ( 'NONE', #3835 ) ;
#9033 = EDGE_CURVE ( 'NONE', #7898, #1579, #11968, .T. ) ;
#9034 = DIRECTION ( 'NONE',  ( 0.000000000000000000, 0.000000000000000000, -1.000000000000000000 ) ) ;
#9035 = DIRECTION ( 'NONE',  ( 0.000000000000000000, -1.000000000000000000, -9.351609034915406741E-17 ) ) ;
#9036 = ORIENTED_EDGE ( 'NONE', *, *, #9435, .F. ) ;
#9037 = ORIENTED_EDGE ( 'NONE', *, *, #7978, .F. ) ;
#9038 = ORIENTED_EDGE ( 'NONE', *, *, #6041, .F. ) ;
#9039 = FACE_OUTER_BOUND ( 'NONE', #9991, .T. ) ;
#9040 = ORIENTED_EDGE ( 'NONE', *, *, #9781, .F. ) ;
#9041 = ORIENTED_EDGE ( 'NONE', *, *, #1505, .T. ) ;
#9042 = LINE ( 'NONE', #1393, #2841 ) ;
#9043 = FACE_OUTER_BOUND ( 'NONE', #340, .T. ) ;
#9044 = EDGE_CURVE ( 'NONE', #4220, #10335, #2881, .T. ) ;
#9045 = VERTEX_POINT ( 'NONE', #11470 ) ;
#9046 = PLANE ( 'NONE',  #7476 ) ;
#9047 = AXIS2_PLACEMENT_3D ( 'NONE', #10099, #8203, #12212 ) ;
#9048 = EDGE_LOOP ( 'NONE', ( #12418, #9095, #2340, #4118, #199, #9647, #2570, #9123, #211 ) ) ;
#9049 = VERTEX_POINT ( 'NONE', #2799 ) ;
#9050 = EDGE_CURVE ( 'NONE', #11689, #11931, #1202, .T. ) ;
#9051 = VERTEX_POINT ( 'NONE', #5749 ) ;
#9052 = DIRECTION ( 'NONE',  ( -1.000000000000000000, -0.000000000000000000, -0.000000000000000000 ) ) ;
#9053 = EDGE_CURVE ( 'NONE', #7291, #8581, #11201, .T. ) ;
#9054 = FACE_OUTER_BOUND ( 'NONE', #2906, .T. ) ;
#9055 = VERTEX_POINT ( 'NONE', #2847 ) ;
#9056 = EDGE_CURVE ( 'NONE', #2921, #4564, #11664, .T. ) ;
#9057 = LINE ( 'NONE', #2041, #3017 ) ;
#9058 = ORIENTED_EDGE ( 'NONE', *, *, #9724, .F. ) ;
#9059 = CARTESIAN_POINT ( 'NONE',  ( 35.80000000000000426, -17.50000000000000355, 21.79999999999999361 ) ) ;
#9060 = ORIENTED_EDGE ( 'NONE', *, *, #9044, .F. ) ;
#9061 = ORIENTED_EDGE ( 'NONE', *, *, #1811, .F. ) ;
#9062 = EDGE_LOOP ( 'NONE', ( #10026, #3131, #10176, #7415 ) ) ;
#9063 = CARTESIAN_POINT ( 'NONE',  ( -0.8000000000000001554, -0.1000000000000002554, 6.599999999999999645 ) ) ;
#9064 = VECTOR ( 'NONE', #89, 1000.000000000000000 ) ;
#9065 = EDGE_LOOP ( 'NONE', ( #2632, #12008, #4771, #369 ) ) ;
#9066 = CARTESIAN_POINT ( 'NONE',  ( 88.40000000000000568, -14.40659966456864893, -15.73999999999999666 ) ) ;
#9067 = AXIS2_PLACEMENT_3D ( 'NONE', #5738, #1899, #4357 ) ;
#9068 = CARTESIAN_POINT ( 'NONE',  ( 4.799999999999999822, -19.10000000000000142, 38.80000000000000426 ) ) ;
#9069 = EDGE_CURVE ( 'NONE', #7345, #4701, #884, .T. ) ;
#9070 = ADVANCED_FACE ( 'NONE', ( #1043 ), #10625, .F. ) ;
#9071 = VERTEX_POINT ( 'NONE', #6780 ) ;
#9072 = DIRECTION ( 'NONE',  ( -0.000000000000000000, 1.000000000000000000, 0.000000000000000000 ) ) ;
#9073 = ORIENTED_EDGE ( 'NONE', *, *, #1608, .F. ) ;
#9074 = CARTESIAN_POINT ( 'NONE',  ( -4.200000000000022382, -11.90000000000004121, 42.80000000000000426 ) ) ;
#9075 = CARTESIAN_POINT ( 'NONE',  ( 84.40000000000000568, -0.09999999999999889533, 56.79999999999999716 ) ) ;
#9076 = ORIENTED_EDGE ( 'NONE', *, *, #2848, .F. ) ;
#9077 = DIRECTION ( 'NONE',  ( 1.000000000000000000, -0.000000000000000000, 0.000000000000000000 ) ) ;
#9078 = VECTOR ( 'NONE', #838, 1000.000000000000000 ) ;
#9079 = ORIENTED_EDGE ( 'NONE', *, *, #11681, .T. ) ;
#9080 = ORIENTED_EDGE ( 'NONE', *, *, #7537, .T. ) ;
#9081 = LINE ( 'NONE', #3450, #1515 ) ;
#9082 = VECTOR ( 'NONE', #10452, 1000.000000000000000 ) ;
#9083 = ADVANCED_FACE ( 'NONE', ( #435 ), #7903, .F. ) ;
#9084 = EDGE_CURVE ( 'NONE', #848, #11430, #8443, .T. ) ;
#9085 = VECTOR ( 'NONE', #1785, 1000.000000000000000 ) ;
#9086 = CARTESIAN_POINT ( 'NONE',  ( 57.00000000000000000, -17.50000000000000711, 52.09999999999999432 ) ) ;
#9087 = FACE_OUTER_BOUND ( 'NONE', #7388, .T. ) ;
#9088 = AXIS2_PLACEMENT_3D ( 'NONE', #11205, #12054, #9128 ) ;
#9089 = ORIENTED_EDGE ( 'NONE', *, *, #6965, .T. ) ;
#9090 = ORIENTED_EDGE ( 'NONE', *, *, #6541, .F. ) ;
#9091 = VECTOR ( 'NONE', #514, 1000.000000000000000 ) ;
#9092 = ORIENTED_EDGE ( 'NONE', *, *, #6218, .T. ) ;
#9093 = CARTESIAN_POINT ( 'NONE',  ( 86.62400233149450912, -9.672727866740663316, -17.72362967213344476 ) ) ;
#9095 = ORIENTED_EDGE ( 'NONE', *, *, #11579, .T. ) ;
#9094 = LINE ( 'NONE', #12495, #8467 ) ;
#9096 = DIRECTION ( 'NONE',  ( 0.000000000000000000, -1.955719815080955213E-16, 1.000000000000000000 ) ) ;
#9097 = VECTOR ( 'NONE', #3921, 1000.000000000000000 ) ;
#9098 = CARTESIAN_POINT ( 'NONE',  ( 81.00000000000000000, 8.379798566743366095, -2.103073792140897513 ) ) ;
#9099 = ORIENTED_EDGE ( 'NONE', *, *, #1900, .F. ) ;
#9100 = CARTESIAN_POINT ( 'NONE',  ( 86.79999999999999716, -17.50000000000020250, 54.39999999999972857 ) ) ;
#9101 = CARTESIAN_POINT ( 'NONE',  ( 87.88964305954142731, -12.25113714114677599, -17.07605494914356470 ) ) ;
#9102 = FACE_BOUND ( 'NONE', #11250, .T. ) ;
#9103 = ORIENTED_EDGE ( 'NONE', *, *, #11076, .T. ) ;
#9104 = CARTESIAN_POINT ( 'NONE',  ( -0.2000000000000000111, -9.500000000000001776, 36.79999999999999716 ) ) ;
#9106 = ORIENTED_EDGE ( 'NONE', *, *, #1409, .F. ) ;
#9105 = LINE ( 'NONE', #9520, #8184 ) ;
#9107 = DIRECTION ( 'NONE',  ( -1.000000000000000000, 0.000000000000000000, -0.000000000000000000 ) ) ;
#9108 = CARTESIAN_POINT ( 'NONE',  ( 22.99999999997513100, -3.900000000057865179, -0.2000000000000006217 ) ) ;
#9109 = DIRECTION ( 'NONE',  ( -1.000000000000000000, 0.000000000000000000, -0.000000000000000000 ) ) ;
#9110 = DIRECTION ( 'NONE',  ( 1.257045997084642365E-16, 0.000000000000000000, 1.000000000000000000 ) ) ;
#9111 = DIRECTION ( 'NONE',  ( -1.000000000000000000, 0.000000000000000000, 1.405126015568660742E-14 ) ) ;
#9112 = VERTEX_POINT ( 'NONE', #4879 ) ;
#9113 = DIRECTION ( 'NONE',  ( 0.000000000000000000, 0.000000000000000000, 1.000000000000000000 ) ) ;
#9114 = AXIS2_PLACEMENT_3D ( 'NONE', #7022, #11850, #9946 ) ;
#9115 = ORIENTED_EDGE ( 'NONE', *, *, #10373, .F. ) ;
#9116 = EDGE_LOOP ( 'NONE', ( #156, #10050, #9901, #493, #6580, #6944 ) ) ;
#9117 = EDGE_CURVE ( 'NONE', #12043, #5812, #5118, .T. ) ;
#9118 = DIRECTION ( 'NONE',  ( -1.400000000000014387E-14, -1.000000000000000000, 0.000000000000000000 ) ) ;
#9119 = ORIENTED_EDGE ( 'NONE', *, *, #9282, .F. ) ;
#9120 = CARTESIAN_POINT ( 'NONE',  ( 62.80000000000001137, -17.50000000000000711, 45.79999999999999005 ) ) ;
#9121 = EDGE_CURVE ( 'NONE', #625, #8439, #9672, .T. ) ;
#9122 = ORIENTED_EDGE ( 'NONE', *, *, #10805, .T. ) ;
#9123 = ORIENTED_EDGE ( 'NONE', *, *, #4964, .T. ) ;
#9124 = CARTESIAN_POINT ( 'NONE',  ( 71.01548371704137708, -14.25851716784021761, -16.30701673559672571 ) ) ;
#9125 = ADVANCED_FACE ( 'NONE', ( #10144 ), #2172, .F. ) ;
#9126 = VECTOR ( 'NONE', #10206, 1000.000000000000000 ) ;
#9127 = ORIENTED_EDGE ( 'NONE', *, *, #9364, .T. ) ;
#9128 = DIRECTION ( 'NONE',  ( 0.000000000000000000, 0.000000000000000000, -1.000000000000000000 ) ) ;
#9129 = LINE ( 'NONE', #5707, #495 ) ;
#9130 = EDGE_CURVE ( 'NONE', #8028, #5406, #147, .T. ) ;
#9131 = CIRCLE ( 'NONE', #7074, 1.000000000000000888 ) ;
#9132 = DIRECTION ( 'NONE',  ( 0.000000000000000000, -1.000000000000000000, 0.000000000000000000 ) ) ;
#9133 = PLANE ( 'NONE',  #2021 ) ;
#9134 = VERTEX_POINT ( 'NONE', #9909 ) ;
#9135 = DIRECTION ( 'NONE',  ( 0.000000000000000000, -1.000000000000000000, -1.234678630588475078E-16 ) ) ;
#9136 = VERTEX_POINT ( 'NONE', #3065 ) ;
#9137 = FACE_BOUND ( 'NONE', #6552, .T. ) ;
#9138 = DIRECTION ( 'NONE',  ( -0.000000000000000000, 1.000000000000000000, 0.000000000000000000 ) ) ;
#9139 = ADVANCED_FACE ( 'NONE', ( #9993 ), #7412, .F. ) ;
#9140 = CARTESIAN_POINT ( 'NONE',  ( 87.99999493784768845, -14.52024117903243727, -16.14461814829067876 ) ) ;
#9141 = FACE_OUTER_BOUND ( 'NONE', #7511, .T. ) ;
#9142 = CARTESIAN_POINT ( 'NONE',  ( 87.36204569661575192, -11.03559340774531883, -17.49430477303432241 ) ) ;
#9143 = AXIS2_PLACEMENT_3D ( 'NONE', #12156, #8191, #6335 ) ;
#9144 = DIRECTION ( 'NONE',  ( -0.000000000000000000, 0.000000000000000000, -1.000000000000000000 ) ) ;
#9145 = ORIENTED_EDGE ( 'NONE', *, *, #7063, .F. ) ;
#9146 = DIRECTION ( 'NONE',  ( 0.000000000000000000, 1.000000000000000000, 0.000000000000000000 ) ) ;
#9147 = CARTESIAN_POINT ( 'NONE',  ( 62.80000000000001137, -19.10000000000000142, 25.79999999999999361 ) ) ;
#9148 = LINE ( 'NONE', #218, #4288 ) ;
#9149 = LINE ( 'NONE', #1379, #8222 ) ;
#9150 = CARTESIAN_POINT ( 'NONE',  ( -1.800000000000000266, -9.500000000000001776, 12.79999999999999893 ) ) ;
#9151 = ORIENTED_EDGE ( 'NONE', *, *, #8841, .T. ) ;
#9152 = DIRECTION ( 'NONE',  ( -1.000000000000000000, 0.000000000000000000, -0.000000000000000000 ) ) ;
#9153 = EDGE_CURVE ( 'NONE', #12488, #11869, #1635, .T. ) ;
#9154 = CARTESIAN_POINT ( 'NONE',  ( 86.51608362230433613, -9.396333942646068138, -17.73578430876381518 ) ) ;
#9155 = DIRECTION ( 'NONE',  ( 0.000000000000000000, 0.000000000000000000, -1.000000000000000000 ) ) ;
#9156 = CYLINDRICAL_SURFACE ( 'NONE', #4422, 1.000000000000000888 ) ;
#9157 = VERTEX_POINT ( 'NONE', #776 ) ;
#9158 = CARTESIAN_POINT ( 'NONE',  ( 71.40542672287664061, -12.39202131272026541, -17.18337657171323940 ) ) ;
#9159 = AXIS2_PLACEMENT_3D ( 'NONE', #1658, #1538, #7473 ) ;
#9160 = DIRECTION ( 'NONE',  ( -1.000000000000000000, -4.201283418381325737E-16, 0.000000000000000000 ) ) ;
#9161 = LINE ( 'NONE', #8833, #11144 ) ;
#9162 = AXIS2_PLACEMENT_3D ( 'NONE', #7036, #3191, #6107 ) ;
#9163 = CARTESIAN_POINT ( 'NONE',  ( 21.74999999999954525, -3.200000000000001510, -1.800000000000329559 ) ) ;
#9164 = CARTESIAN_POINT ( 'NONE',  ( 87.20268363788223098, -11.20891858741992486, -17.51510673343299374 ) ) ;
#9165 = FACE_OUTER_BOUND ( 'NONE', #11252, .T. ) ;
#9166 = ORIENTED_EDGE ( 'NONE', *, *, #5341, .T. ) ;
#9167 = LINE ( 'NONE', #6306, #7960 ) ;
#9168 = CARTESIAN_POINT ( 'NONE',  ( 62.80000000000001137, -19.10000000000000497, 29.79999999999999716 ) ) ;
#9169 = ORIENTED_EDGE ( 'NONE', *, *, #10353, .F. ) ;
#9170 = CARTESIAN_POINT ( 'NONE',  ( 86.79999999999999716, -15.54999999999981419, 1.950000000000472244 ) ) ;
#9171 = CIRCLE ( 'NONE', #4315, 0.9999999999999991118 ) ;
#9172 = CARTESIAN_POINT ( 'NONE',  ( 84.20000000000001705, 4.299999999999999822, -0.2000000000000000666 ) ) ;
#9173 = DIRECTION ( 'NONE',  ( 0.000000000000000000, 1.000000000000000000, -0.000000000000000000 ) ) ;
#9174 = DIRECTION ( 'NONE',  ( -0.3090169943749444537, -0.9510565162951545304, 0.000000000000000000 ) ) ;
#9175 = ORIENTED_EDGE ( 'NONE', *, *, #7984, .F. ) ;
#9176 = CARTESIAN_POINT ( 'NONE',  ( 87.82022581087991853, -13.24335474665554813, -16.84145960310356926 ) ) ;
#9177 = VECTOR ( 'NONE', #9335, 1000.000000000000000 ) ;
#9178 = CARTESIAN_POINT ( 'NONE',  ( 87.09438904671229409, -10.47879774358948701, -17.61559042783835594 ) ) ;
#9179 = ORIENTED_EDGE ( 'NONE', *, *, #3220, .T. ) ;
#9180 = ORIENTED_EDGE ( 'NONE', *, *, #4982, .F. ) ;
#9181 = ADVANCED_FACE ( 'NONE', ( #10287 ), #6810, .F. ) ;
#9182 = VECTOR ( 'NONE', #11867, 1000.000000000000000 ) ;
#9183 = CARTESIAN_POINT ( 'NONE',  ( -0.8000000000000001554, -4.100000000000000533, 6.599999999999999645 ) ) ;
#9184 = DIRECTION ( 'NONE',  ( 0.000000000000000000, 0.000000000000000000, -1.000000000000000000 ) ) ;
#9185 = VERTEX_POINT ( 'NONE', #5032 ) ;
#9186 = EDGE_CURVE ( 'NONE', #3933, #11724, #7699, .T. ) ;
#9187 = DIRECTION ( 'NONE',  ( -1.000000000000000000, -0.000000000000000000, -0.000000000000000000 ) ) ;
#9188 = DIRECTION ( 'NONE',  ( 0.000000000000000000, 0.000000000000000000, -1.000000000000000000 ) ) ;
#9189 = LINE ( 'NONE', #4290, #6776 ) ;
#9190 = CARTESIAN_POINT ( 'NONE',  ( -1.800000000000000266, -17.50000000000000000, 30.80000000000000071 ) ) ;
#9191 = EDGE_CURVE ( 'NONE', #10118, #6317, #9366, .T. ) ;
#9192 = CARTESIAN_POINT ( 'NONE',  ( -4.200000000000017941, -11.90000000000005365, 40.80000000000000426 ) ) ;
#9193 = DIRECTION ( 'NONE',  ( -0.000000000000000000, 1.000000000000000000, 3.001251688541188813E-16 ) ) ;
#9194 = VECTOR ( 'NONE', #12198, 1000.000000000000000 ) ;
#9195 = CARTESIAN_POINT ( 'NONE',  ( 84.20000000000001705, 4.299999999999999822, -17.73999999999999844 ) ) ;
#9196 = ORIENTED_EDGE ( 'NONE', *, *, #3540, .F. ) ;
#9197 = ORIENTED_EDGE ( 'NONE', *, *, #2411, .F. ) ;
#9198 = CARTESIAN_POINT ( 'NONE',  ( 86.49288008225241242, -9.337058635042170707, -17.73736509961749874 ) ) ;
#9199 = VECTOR ( 'NONE', #10100, 1000.000000000000000 ) ;
#9200 = DIRECTION ( 'NONE',  ( 0.000000000000000000, -1.000000000000000000, 0.000000000000000000 ) ) ;
#9201 = VECTOR ( 'NONE', #6668, 1000.000000000000114 ) ;
#9202 = ADVANCED_FACE ( 'NONE', ( #3909 ), #7563, .F. ) ;
#9203 = EDGE_CURVE ( 'NONE', #4158, #6385, #2425, .T. ) ;
#9204 = CARTESIAN_POINT ( 'NONE',  ( 71.32478217400040421, -12.67285580157389369, -17.07996583724579054 ) ) ;
#9205 = AXIS2_PLACEMENT_3D ( 'NONE', #278, #3210, #10022 ) ;
#9206 = EDGE_CURVE ( 'NONE', #7024, #10196, #4661, .T. ) ;
#9207 = CARTESIAN_POINT ( 'NONE',  ( -4.200000000000018829, -11.90000000000003233, 46.80000000000000426 ) ) ;
#9208 = EDGE_CURVE ( 'NONE', #11041, #9222, #4048, .T. ) ;
#9209 = VERTEX_POINT ( 'NONE', #1705 ) ;
#9210 = EDGE_CURVE ( 'NONE', #4580, #8740, #1188, .T. ) ;
#9211 = LINE ( 'NONE', #4819, #5882 ) ;
#9212 = VERTEX_POINT ( 'NONE', #5495 ) ;
#9213 = CARTESIAN_POINT ( 'NONE',  ( 88.00000000000001421, -0.1000000000000002554, 57.79999999999999716 ) ) ;
#9214 = CARTESIAN_POINT ( 'NONE',  ( 86.45807478960395542, -9.248208442865401224, -17.73907732521614733 ) ) ;
#9215 = CARTESIAN_POINT ( 'NONE',  ( -0.2000000000000000111, -9.500000000000001776, 44.79999999999999716 ) ) ;
#9216 = CARTESIAN_POINT ( 'NONE',  ( 32.80000000000000426, -17.50000000000000000, 17.80000000000000071 ) ) ;
#9217 = ORIENTED_EDGE ( 'NONE', *, *, #7773, .T. ) ;
#9218 = FACE_OUTER_BOUND ( 'NONE', #981, .T. ) ;
#9219 = CARTESIAN_POINT ( 'NONE',  ( -0.2000000000000000111, -15.90000000000001101, -1.963139022635676547E-15 ) ) ;
#9220 = VERTEX_POINT ( 'NONE', #3646 ) ;
#9221 = VECTOR ( 'NONE', #7503, 1000.000000000000000 ) ;
#9222 = VERTEX_POINT ( 'NONE', #11195 ) ;
#9223 = FACE_OUTER_BOUND ( 'NONE', #2245, .T. ) ;
#9224 = DIRECTION ( 'NONE',  ( 0.000000000000000000, -1.000000000000000000, 0.000000000000000000 ) ) ;
#9225 = EDGE_CURVE ( 'NONE', #9975, #10525, #867, .T. ) ;
#9226 = CARTESIAN_POINT ( 'NONE',  ( 88.34674724996904160, -13.80702628439946622, -16.19856098845130887 ) ) ;
#9227 = CARTESIAN_POINT ( 'NONE',  ( 84.20000000000001705, 11.79999999999999716, -17.73999999999999844 ) ) ;
#9228 = CARTESIAN_POINT ( 'NONE',  ( 70.60000000000000853, 18.00000000000000000, -17.73999999999999844 ) ) ;
#9229 = CARTESIAN_POINT ( 'NONE',  ( 35.80000000000000426, -19.10000000000000142, 25.79999999999999716 ) ) ;
#9230 = ORIENTED_EDGE ( 'NONE', *, *, #10941, .T. ) ;
#9231 = CIRCLE ( 'NONE', #7317, 11.30000000000000071 ) ;
#9232 = DIRECTION ( 'NONE',  ( 0.000000000000000000, -1.404986760216307406E-16, 1.000000000000000000 ) ) ;
#9233 = DIRECTION ( 'NONE',  ( 0.000000000000000000, -1.000000000000000000, 0.000000000000000000 ) ) ;
#9234 = CARTESIAN_POINT ( 'NONE',  ( 8.029999999999535731, -3.309999999999815756, -1.800000000000000044 ) ) ;
#9235 = LINE ( 'NONE', #8136, #604 ) ;
#9236 = CARTESIAN_POINT ( 'NONE',  ( 70.60000000000000853, -9.099999999999996092, -17.73999999999999844 ) ) ;
#9238 = ORIENTED_EDGE ( 'NONE', *, *, #1463, .F. ) ;
#9237 = CIRCLE ( 'NONE', #3635, 1.000000000000000888 ) ;
#9239 = DIRECTION ( 'NONE',  ( 0.000000000000000000, 0.000000000000000000, -1.000000000000000000 ) ) ;
#9240 = LINE ( 'NONE', #5956, #11074 ) ;
#9241 = CARTESIAN_POINT ( 'NONE',  ( 3.799999999999999822, -14.40659966456860630, -15.74000000000000377 ) ) ;
#9242 = VERTEX_POINT ( 'NONE', #2691 ) ;
#9243 = ORIENTED_EDGE ( 'NONE', *, *, #4333, .F. ) ;
#9244 = EDGE_CURVE ( 'NONE', #5342, #8495, #3474, .T. ) ;
#9245 = CARTESIAN_POINT ( 'NONE',  ( 71.33321074870072209, -12.64269248220972131, -17.09144857207980550 ) ) ;
#9246 = VECTOR ( 'NONE', #11565, 1000.000000000000000 ) ;
#9247 = AXIS2_PLACEMENT_3D ( 'NONE', #10929, #11013, #7028 ) ;
#9248 = APPLICATION_CONTEXT ( 'automotive_design' ) ;
#9249 = ADVANCED_FACE ( 'NONE', ( #8920 ), #1545, .T. ) ;
#9250 = CARTESIAN_POINT ( 'NONE',  ( -1.800000000000000266, -9.500000000000001776, 8.799999999999995381 ) ) ;
#9251 = ORIENTED_EDGE ( 'NONE', *, *, #2149, .F. ) ;
#9252 = DIRECTION ( 'NONE',  ( 1.399999999999985673E-14, -0.000000000000000000, 1.000000000000000000 ) ) ;
#9253 = CARTESIAN_POINT ( 'NONE',  ( 1.400000000000012568, -17.50000000000000000, 14.80000000000000071 ) ) ;
#9254 = AXIS2_PLACEMENT_3D ( 'NONE', #11376, #4455, #2508 ) ;
#9255 = LINE ( 'NONE', #5585, #12443 ) ;
#9256 = ORIENTED_EDGE ( 'NONE', *, *, #12538, .F. ) ;
#9257 = DIRECTION ( 'NONE',  ( -0.000000000000000000, 1.000000000000000000, -0.000000000000000000 ) ) ;
#9258 = CARTESIAN_POINT ( 'NONE',  ( -1.800000000000000266, -17.50000000000000000, 18.80000000000000071 ) ) ;
#9259 = EDGE_LOOP ( 'NONE', ( #1023, #10535, #2138, #540 ) ) ;
#9260 = VECTOR ( 'NONE', #10520, 1000.000000000000000 ) ;
#9261 = CARTESIAN_POINT ( 'NONE',  ( -0.2000000000000000111, -0.2000000000003211154, 21.69999999999940599 ) ) ;
#9262 = DIRECTION ( 'NONE',  ( 0.000000000000000000, 1.234678630588475078E-16, -1.000000000000000000 ) ) ;
#9263 = CARTESIAN_POINT ( 'NONE',  ( 1.400000000000012346, -17.50000000000000000, -2.755455298081544778E-15 ) ) ;
#9264 = ORIENTED_EDGE ( 'NONE', *, *, #9225, .T. ) ;
#9265 = EDGE_CURVE ( 'NONE', #1994, #7818, #10578, .T. ) ;
#9266 = ORIENTED_EDGE ( 'NONE', *, *, #12461, .T. ) ;
#9267 = VECTOR ( 'NONE', #1333, 1000.000000000000000 ) ;
#9268 = CARTESIAN_POINT ( 'NONE',  ( 32.80000000000000426, -19.10000000000000142, 5.799999999999999822 ) ) ;
#9269 = EDGE_CURVE ( 'NONE', #3602, #2669, #2549, .T. ) ;
#9270 = CARTESIAN_POINT ( 'NONE',  ( 87.72085683557787661, -11.83746709825977383, -17.24180047132876936 ) ) ;
#9271 = VECTOR ( 'NONE', #10337, 1000.000000000000000 ) ;
#9272 = ORIENTED_EDGE ( 'NONE', *, *, #759, .F. ) ;
#9273 = LINE ( 'NONE', #719, #5627 ) ;
#9274 = CARTESIAN_POINT ( 'NONE',  ( 87.40000000000000568, -16.69999999999999929, -9.299999999999998934 ) ) ;
#9275 = VECTOR ( 'NONE', #9833, 1000.000000000000000 ) ;
#9276 = DIRECTION ( 'NONE',  ( -0.000000000000000000, 1.000000000000000000, -0.000000000000000000 ) ) ;
#9277 = CARTESIAN_POINT ( 'NONE',  ( 4.800000000000001599, -19.10000000000000142, 45.79999999999999716 ) ) ;
#9278 = ORIENTED_EDGE ( 'NONE', *, *, #3155, .F. ) ;
#9279 = DIRECTION ( 'NONE',  ( 0.000000000000000000, -1.000000000000000000, -1.234678630588475078E-16 ) ) ;
#9280 = ORIENTED_EDGE ( 'NONE', *, *, #1486, .F. ) ;
#9281 = CARTESIAN_POINT ( 'NONE',  ( 70.59999999999999432, 7.687136352791988259, -0.1999999999999989564 ) ) ;
#9282 = EDGE_CURVE ( 'NONE', #1637, #5370, #5090, .T. ) ;
#9283 = ORIENTED_EDGE ( 'NONE', *, *, #178, .T. ) ;
#9284 = AXIS2_PLACEMENT_3D ( 'NONE', #3688, #11444, #7604 ) ;
#9285 = ADVANCED_FACE ( 'NONE', ( #5243 ), #4482, .F. ) ;
#9286 = EDGE_CURVE ( 'NONE', #1169, #6087, #7553, .T. ) ;
#9287 = CARTESIAN_POINT ( 'NONE',  ( 2.914233411135361607, -11.36336674988786832, -17.40523385655691868 ) ) ;
#9288 = CYLINDRICAL_SURFACE ( 'NONE', #4581, 1.000000000000000888 ) ;
#9289 = EDGE_LOOP ( 'NONE', ( #11856, #5120, #5864, #10386 ) ) ;
#9290 = EDGE_LOOP ( 'NONE', ( #3664, #6886, #1423, #1348 ) ) ;
#9291 = CIRCLE ( 'NONE', #8845, 1.000000000000000888 ) ;
#9292 = CARTESIAN_POINT ( 'NONE',  ( 3.799999999999999378, -19.10000000000000142, 33.79999999999999716 ) ) ;
#9293 = EDGE_CURVE ( 'NONE', #4747, #8118, #3168, .T. ) ;
#9294 = ORIENTED_EDGE ( 'NONE', *, *, #2002, .F. ) ;
#9295 = CARTESIAN_POINT ( 'NONE',  ( 71.00000475275443534, -14.52680978993161354, -16.14026162363387940 ) ) ;
#9296 = ORIENTED_EDGE ( 'NONE', *, *, #3455, .F. ) ;
#9297 = LINE ( 'NONE', #2679, #510 ) ;
#9298 = APPLICATION_PROTOCOL_DEFINITION ( 'draft international standard', 'automotive_design', 1998, #7366 ) ;
#9299 = CARTESIAN_POINT ( 'NONE',  ( 35.80000000000000426, -19.10000000000000853, 44.79999999999999005 ) ) ;
#9300 = ORIENTED_EDGE ( 'NONE', *, *, #11219, .T. ) ;
#9301 = ORIENTED_EDGE ( 'NONE', *, *, #12235, .T. ) ;
#9302 = ORIENTED_EDGE ( 'NONE', *, *, #7496, .T. ) ;
#9303 = FACE_OUTER_BOUND ( 'NONE', #22, .T. ) ;
#9304 = VECTOR ( 'NONE', #11437, 1000.000000000000000 ) ;
#9305 = CARTESIAN_POINT ( 'NONE',  ( 88.00000000000001421, -19.09999999999999076, -7.740000000000001101 ) ) ;
#9306 = VERTEX_POINT ( 'NONE', #2730 ) ;
#9307 = ORIENTED_EDGE ( 'NONE', *, *, #778, .T. ) ;
#9308 = LINE ( 'NONE', #1535, #7940 ) ;
#9309 = CARTESIAN_POINT ( 'NONE',  ( 3.799999999999999378, -19.10000000000000142, 37.79999999999999716 ) ) ;
#9310 = EDGE_CURVE ( 'NONE', #4467, #4613, #10738, .T. ) ;
#9311 = FILL_AREA_STYLE ('',( #7418 ) ) ;
#9312 = CARTESIAN_POINT ( 'NONE',  ( 0.1999999999999998723, 17.99999999999999645, -15.74000000000000021 ) ) ;
#9313 = VERTEX_POINT ( 'NONE', #2819 ) ;
#9314 = CIRCLE ( 'NONE', #1613, 1.000000000000000888 ) ;
#9315 = VECTOR ( 'NONE', #10906, 1000.000000000000000 ) ;
#9316 = CARTESIAN_POINT ( 'NONE',  ( 86.79999999999999716, -17.50000000000020250, 39.19999999999971863 ) ) ;
#9317 = LINE ( 'NONE', #3861, #10998 ) ;
#9318 = DIRECTION ( 'NONE',  ( -0.000000000000000000, 1.000000000000000000, 0.000000000000000000 ) ) ;
#9319 = DIRECTION ( 'NONE',  ( 1.000000000000000000, 0.000000000000000000, -0.000000000000000000 ) ) ;
#9320 = AXIS2_PLACEMENT_3D ( 'NONE', #3578, #3694, #8514 ) ;
#9321 = CARTESIAN_POINT ( 'NONE',  ( -1.800000000000000266, -17.50000000000000000, 24.80000000000000071 ) ) ;
#9322 = ORIENTED_EDGE ( 'NONE', *, *, #1178, .F. ) ;
#9323 = FACE_OUTER_BOUND ( 'NONE', #2410, .T. ) ;
#9324 = ORIENTED_EDGE ( 'NONE', *, *, #10356, .T. ) ;
#9325 = DIRECTION ( 'NONE',  ( 0.000000000000000000, -1.000000000000000000, 0.000000000000000000 ) ) ;
#9326 = CARTESIAN_POINT ( 'NONE',  ( 62.80000000000001137, -17.50000000000000355, 17.79999999999999361 ) ) ;
#9327 = LINE ( 'NONE', #11936, #6760 ) ;
#9328 = EDGE_LOOP ( 'NONE', ( #4438, #10709, #2611, #8919 ) ) ;
#9329 = EDGE_CURVE ( 'NONE', #8058, #9482, #11481, .T. ) ;
#9330 = ORIENTED_EDGE ( 'NONE', *, *, #5572, .T. ) ;
#9331 = CARTESIAN_POINT ( 'NONE',  ( 3.201357357077278643, -12.02993485198155454, -17.16838289445329124 ) ) ;
#9332 = LINE ( 'NONE', #6768, #6764 ) ;
#9333 = DIRECTION ( 'NONE',  ( 1.000000000000000000, 0.000000000000000000, 0.000000000000000000 ) ) ;
#9334 = CARTESIAN_POINT ( 'NONE',  ( 62.80000000000001137, -17.50000000000000000, 14.79999999999999361 ) ) ;
#9335 = DIRECTION ( 'NONE',  ( -0.000000000000000000, -1.000000000000000000, -0.000000000000000000 ) ) ;
#9336 = PLANE ( 'NONE',  #6092 ) ;
#9337 = ORIENTED_EDGE ( 'NONE', *, *, #8448, .F. ) ;
#9338 = ORIENTED_EDGE ( 'NONE', *, *, #7824, .T. ) ;
#9339 = VERTEX_POINT ( 'NONE', #7633 ) ;
#9340 = CARTESIAN_POINT ( 'NONE',  ( 88.00000000000001421, -9.099999999999996092, -7.739999999999998437 ) ) ;
#9341 = LINE ( 'NONE', #10687, #4782 ) ;
#9342 = ORIENTED_EDGE ( 'NONE', *, *, #2270, .T. ) ;
#9343 = ORIENTED_EDGE ( 'NONE', *, *, #12131, .T. ) ;
#9344 = VECTOR ( 'NONE', #6182, 1000.000000000000000 ) ;
#9345 = CARTESIAN_POINT ( 'NONE',  ( 87.43783574738000652, -11.89375448190428308, -17.34183002209979563 ) ) ;
#9346 = ORIENTED_EDGE ( 'NONE', *, *, #10302, .F. ) ;
#9347 = AXIS2_PLACEMENT_3D ( 'NONE', #643, #7433, #3562 ) ;
#9348 = ORIENTED_EDGE ( 'NONE', *, *, #5952, .F. ) ;
#9349 = EDGE_LOOP ( 'NONE', ( #1000, #352, #4627, #599 ) ) ;
#9350 = DIRECTION ( 'NONE',  ( -0.000000000000000000, 1.000000000000000000, -0.000000000000000000 ) ) ;
#9351 = CARTESIAN_POINT ( 'NONE',  ( 68.40000000000000568, -13.40000000000001279, -0.7999999999999999334 ) ) ;
#9352 = LINE ( 'NONE', #1353, #10889 ) ;
#9353 = CARTESIAN_POINT ( 'NONE',  ( -0.2000000000000000111, -15.90000000000002522, -1.963139022635678519E-15 ) ) ;
#9354 = CARTESIAN_POINT ( 'NONE',  ( 35.80000000000000426, -19.10000000000000142, 38.79999999999999716 ) ) ;
#9355 = ORIENTED_EDGE ( 'NONE', *, *, #2119, .T. ) ;
#9356 = ORIENTED_EDGE ( 'NONE', *, *, #6285, .F. ) ;
#9357 = ORIENTED_EDGE ( 'NONE', *, *, #794, .T. ) ;
#9358 = EDGE_CURVE ( 'NONE', #9134, #2686, #8270, .T. ) ;
#9359 = ORIENTED_EDGE ( 'NONE', *, *, #1949, .T. ) ;
#9360 = DIRECTION ( 'NONE',  ( 0.7071067811865524577, -0.7071067811865426878, 0.000000000000000000 ) ) ;
#9361 = LINE ( 'NONE', #5946, #419 ) ;
#9362 = DIRECTION ( 'NONE',  ( 0.000000000000000000, 0.9876883405951378814, -0.1564344650402291204 ) ) ;
#9363 = ORIENTED_EDGE ( 'NONE', *, *, #7788, .F. ) ;
#9364 = EDGE_CURVE ( 'NONE', #5505, #4480, #5542, .T. ) ;
#9365 = DIRECTION ( 'NONE',  ( 0.000000000000000000, 0.000000000000000000, -1.000000000000000000 ) ) ;
#9366 = CIRCLE ( 'NONE', #1241, 1.000000000000000000 ) ;
#9367 = LINE ( 'NONE', #11606, #3895 ) ;
#9368 = ORIENTED_EDGE ( 'NONE', *, *, #3291, .F. ) ;
#9369 = DIRECTION ( 'NONE',  ( 0.000000000000000000, -1.000000000000000000, -1.234678630588475078E-16 ) ) ;
#9370 = CARTESIAN_POINT ( 'NONE',  ( 3.651049280787120210, -13.35024489418611715, -16.50089852476786234 ) ) ;
#9371 = DIRECTION ( 'NONE',  ( -1.000000000000000000, 0.000000000000000000, 0.000000000000000000 ) ) ;
#9372 = ORIENTED_EDGE ( 'NONE', *, *, #2261, .T. ) ;
#9373 = ORIENTED_EDGE ( 'NONE', *, *, #8548, .F. ) ;
#9374 = CARTESIAN_POINT ( 'NONE',  ( 88.00000000000001421, -19.10000000000001208, 57.79999999999999716 ) ) ;
#9375 = FACE_OUTER_BOUND ( 'NONE', #10314, .T. ) ;
#9376 = DIRECTION ( 'NONE',  ( 0.000000000000000000, 1.000000000000000000, 4.065758146820641628E-18 ) ) ;
#9377 = EDGE_CURVE ( 'NONE', #7450, #44, #2699, .T. ) ;
#9378 = VECTOR ( 'NONE', #12493, 1000.000000000000000 ) ;
#9379 = DIRECTION ( 'NONE',  ( 1.000000000000000000, 0.000000000000000000, 0.000000000000000000 ) ) ;
#9380 = LINE ( 'NONE', #1157, #11352 ) ;
#9381 = VERTEX_POINT ( 'NONE', #1934 ) ;
#9382 = AXIS2_PLACEMENT_3D ( 'NONE', #8641, #2859, #2996 ) ;
#9383 = DIRECTION ( 'NONE',  ( 0.000000000000000000, 1.000000000000000000, -0.000000000000000000 ) ) ;
#9384 = EDGE_CURVE ( 'NONE', #1579, #10160, #8432, .T. ) ;
#9385 = DIRECTION ( 'NONE',  ( 0.000000000000000000, -0.9396926207859107594, -0.3420201433256623291 ) ) ;
#9386 = ORIENTED_EDGE ( 'NONE', *, *, #2250, .F. ) ;
#9387 = ORIENTED_EDGE ( 'NONE', *, *, #10612, .T. ) ;
#9388 = VECTOR ( 'NONE', #6398, 1000.000000000000000 ) ;
#9389 = CARTESIAN_POINT ( 'NONE',  ( 3.800000000000001155, -17.50000000000000000, 13.79999999999999716 ) ) ;
#9390 = EDGE_LOOP ( 'NONE', ( #6127, #8815, #6470, #11137 ) ) ;
#9391 = LINE ( 'NONE', #10301, #7866 ) ;
#9392 = DIRECTION ( 'NONE',  ( 0.000000000000000000, 0.000000000000000000, 1.000000000000000000 ) ) ;
#9393 = CARTESIAN_POINT ( 'NONE',  ( -0.2000000000000000111, -9.500000000000001776, 12.79999999999999893 ) ) ;
#9394 = EDGE_LOOP ( 'NONE', ( #949, #7913, #10319, #9090 ) ) ;
#9395 = LINE ( 'NONE', #12122, #1667 ) ;
#9396 = CARTESIAN_POINT ( 'NONE',  ( 59.79999999999999716, -19.10000000000000142, 56.20000000000000284 ) ) ;
#9397 = VERTEX_POINT ( 'NONE', #889 ) ;
#9398 = ORIENTED_EDGE ( 'NONE', *, *, #7428, .T. ) ;
#9399 = CARTESIAN_POINT ( 'NONE',  ( 70.40000000000000568, -0.1000000000000002415, 56.79999999999999716 ) ) ;
#9400 = EDGE_CURVE ( 'NONE', #8963, #9547, #12093, .T. ) ;
#9401 = CARTESIAN_POINT ( 'NONE',  ( 84.20000000000001705, 9.254415587728425763, -15.17695526217005941 ) ) ;
#9402 = VECTOR ( 'NONE', #8835, 1000.000000000000000 ) ;
#9403 = AXIS2_PLACEMENT_3D ( 'NONE', #3107, #6302, #11986 ) ;
#9404 = CARTESIAN_POINT ( 'NONE',  ( 35.80000000000000426, -19.10000000000000142, 22.79999999999999361 ) ) ;
#9405 = DIRECTION ( 'NONE',  ( 0.000000000000000000, -1.000000000000000000, 0.000000000000000000 ) ) ;
#9406 = DIRECTION ( 'NONE',  ( 1.000000000000000000, 0.000000000000000000, 0.000000000000000000 ) ) ;
#9407 = ORIENTED_EDGE ( 'NONE', *, *, #5835, .F. ) ;
#9408 = CARTESIAN_POINT ( 'NONE',  ( 70.74895071921288547, -13.35024489418613136, -16.50089852476784813 ) ) ;
#9409 = CARTESIAN_POINT ( 'NONE',  ( 86.79999999999999716, -0.1000000000000000056, -0.000000000000000000 ) ) ;
#9410 = ORIENTED_EDGE ( 'NONE', *, *, #11579, .F. ) ;
#9411 = CARTESIAN_POINT ( 'NONE',  ( 4.800000000000000711, -19.10000000000000142, 14.79999999999999893 ) ) ;
#9412 = EDGE_LOOP ( 'NONE', ( #10327, #11823, #10479, #11682 ) ) ;
#9413 = ADVANCED_FACE ( 'NONE', ( #571 ), #10475, .F. ) ;
#9414 = CARTESIAN_POINT ( 'NONE',  ( 3.760203220280359471, -13.88495347591281615, -16.14425074667544280 ) ) ;
#9415 = AXIS2_PLACEMENT_3D ( 'NONE', #273, #8984, #2192 ) ;
#9416 = DIRECTION ( 'NONE',  ( 1.000000000000000000, -0.000000000000000000, -0.000000000000000000 ) ) ;
#9417 = ORIENTED_EDGE ( 'NONE', *, *, #6346, .F. ) ;
#9418 = DIRECTION ( 'NONE',  ( 0.000000000000000000, 0.000000000000000000, 1.000000000000000000 ) ) ;
#9419 = ORIENTED_EDGE ( 'NONE', *, *, #4654, .F. ) ;
#9420 = AXIS2_PLACEMENT_3D ( 'NONE', #1531, #560, #11229 ) ;
#9421 = EDGE_LOOP ( 'NONE', ( #6621, #9859, #354, #11002 ) ) ;
#9422 = CARTESIAN_POINT ( 'NONE',  ( 35.80000000000000426, -17.50000000000000355, 46.79999999999999716 ) ) ;
#9423 = EDGE_LOOP ( 'NONE', ( #10471, #1302, #9733 ) ) ;
#9424 = ORIENTED_EDGE ( 'NONE', *, *, #11151, .T. ) ;
#9425 = CARTESIAN_POINT ( 'NONE',  ( 87.78880878276272881, -13.10858168876869811, -16.90175314145364638 ) ) ;
#9426 = DIRECTION ( 'NONE',  ( 0.000000000000000000, 0.000000000000000000, 1.000000000000000000 ) ) ;
#9427 = DIRECTION ( 'NONE',  ( -0.000000000000000000, -0.000000000000000000, -1.000000000000000000 ) ) ;
#9428 = ORIENTED_EDGE ( 'NONE', *, *, #1225, .T. ) ;
#9429 = ORIENTED_EDGE ( 'NONE', *, *, #3627, .T. ) ;
#9430 = LINE ( 'NONE', #8536, #5305 ) ;
#9431 = EDGE_CURVE ( 'NONE', #2444, #3963, #3309, .T. ) ;
#9432 = VECTOR ( 'NONE', #7498, 1000.000000000000000 ) ;
#9433 = ORIENTED_EDGE ( 'NONE', *, *, #3228, .T. ) ;
#9434 = PLANE ( 'NONE',  #5887 ) ;
#9435 = EDGE_CURVE ( 'NONE', #2449, #8118, #5388, .T. ) ;
#9436 = ORIENTED_EDGE ( 'NONE', *, *, #10201, .F. ) ;
#9437 = FACE_OUTER_BOUND ( 'NONE', #4846, .T. ) ;
#9438 = DIRECTION ( 'NONE',  ( 1.000000000000000000, 0.000000000000000000, -0.000000000000000000 ) ) ;
#9439 = DIRECTION ( 'NONE',  ( 0.000000000000000000, -1.000000000000000000, -1.234678630588475078E-16 ) ) ;
#9440 = VERTEX_POINT ( 'NONE', #4699 ) ;
#9441 = CARTESIAN_POINT ( 'NONE',  ( 3.780759215067904577, -14.05316696639235552, -16.01966575484362920 ) ) ;
#9442 = DIRECTION ( 'NONE',  ( -0.7071067811865524577, 0.7071067811865426878, 0.000000000000000000 ) ) ;
#9443 = ORIENTED_EDGE ( 'NONE', *, *, #4869, .T. ) ;
#9444 = LINE ( 'NONE', #5642, #7783 ) ;
#9445 = LINE ( 'NONE', #8242, #6892 ) ;
#9446 = CARTESIAN_POINT ( 'NONE',  ( 71.51552651946663275, -12.03662738416456612, -17.29985016974862333 ) ) ;
#9447 = EDGE_CURVE ( 'NONE', #3881, #4848, #12393, .T. ) ;
#9448 = AXIS2_PLACEMENT_3D ( 'NONE', #7146, #8947, #350 ) ;
#9449 = EDGE_CURVE ( 'NONE', #12540, #3654, #4947, .T. ) ;
#9450 = CARTESIAN_POINT ( 'NONE',  ( 1.829023357328404042, -9.156873924675247522, -17.73984228883065484 ) ) ;
#9451 = CARTESIAN_POINT ( 'NONE',  ( -1.357377776768962319, -14.00299976372255806, -16.45555342806947863 ) ) ;
#9452 = DIRECTION ( 'NONE',  ( 0.7071067811865524577, -0.7071067811865426878, 0.000000000000000000 ) ) ;
#9453 = ORIENTED_EDGE ( 'NONE', *, *, #12480, .F. ) ;
#9454 = EDGE_CURVE ( 'NONE', #44, #11295, #1483, .T. ) ;
#9455 = VECTOR ( 'NONE', #6747, 1000.000000000000000 ) ;
#9456 = DIRECTION ( 'NONE',  ( 0.000000000000000000, -1.000000000000000000, 0.000000000000000000 ) ) ;
#9457 = ORIENTED_EDGE ( 'NONE', *, *, #7428, .F. ) ;
#9458 = LINE ( 'NONE', #3304, #6142 ) ;
#9459 = DIRECTION ( 'NONE',  ( -1.000000000000000000, 0.000000000000000000, -0.000000000000000000 ) ) ;
#9460 = ORIENTED_EDGE ( 'NONE', *, *, #8841, .F. ) ;
#9461 = CARTESIAN_POINT ( 'NONE',  ( 35.80000000000000426, -17.50000000000000355, 34.79999999999999716 ) ) ;
#9462 = LINE ( 'NONE', #7968, #8236 ) ;
#9463 = DIRECTION ( 'NONE',  ( 0.000000000000000000, 0.3420201433256622736, -0.9396926207859106484 ) ) ;
#9464 = LINE ( 'NONE', #1332, #8704 ) ;
#9465 = EDGE_LOOP ( 'NONE', ( #4557, #12536, #11363, #158 ) ) ;
#9466 = LINE ( 'NONE', #4950, #9006 ) ;
#9467 = VECTOR ( 'NONE', #6924, 1000.000000000000000 ) ;
#9468 = CARTESIAN_POINT ( 'NONE',  ( -1.800000000000000266, -9.500000000000001776, 38.80000000000000426 ) ) ;
#9469 = EDGE_CURVE ( 'NONE', #2775, #10221, #4038, .T. ) ;
#9470 = EDGE_LOOP ( 'NONE', ( #8205, #11190 ) ) ;
#9471 = ADVANCED_FACE ( 'NONE', ( #2401 ), #3045, .T. ) ;
#9472 = EDGE_CURVE ( 'NONE', #3793, #9786, #3728, .T. ) ;
#9473 = CARTESIAN_POINT ( 'NONE',  ( 86.79999999999999716, -17.50000000000000355, 39.19999999999971863 ) ) ;
#9474 = FACE_BOUND ( 'NONE', #103, .T. ) ;
#9475 = ORIENTED_EDGE ( 'NONE', *, *, #2582, .F. ) ;
#9476 = DIRECTION ( 'NONE',  ( 0.000000000000000000, -1.000000000000000000, 0.000000000000000000 ) ) ;
#9477 = VERTEX_POINT ( 'NONE', #9792 ) ;
#9478 = ORIENTED_EDGE ( 'NONE', *, *, #12309, .F. ) ;
#9479 = VERTEX_POINT ( 'NONE', #2059 ) ;
#9480 = CIRCLE ( 'NONE', #300, 1.000000000000000888 ) ;
#9481 = CARTESIAN_POINT ( 'NONE',  ( 1.830981105073977266, -9.179049932029993641, -17.74000000000000199 ) ) ;
#9482 = VERTEX_POINT ( 'NONE', #8726 ) ;
#9483 = FACE_OUTER_BOUND ( 'NONE', #11805, .T. ) ;
#9484 = DIRECTION ( 'NONE',  ( 0.000000000000000000, 1.000000000000000000, 0.000000000000000000 ) ) ;
#9485 = AXIS2_PLACEMENT_3D ( 'NONE', #1915, #8799, #8757 ) ;
#9486 = CARTESIAN_POINT ( 'NONE',  ( 35.80000000000000426, -17.50000000000000000, 30.79999999999999361 ) ) ;
#9487 = ADVANCED_FACE ( 'NONE', ( #1626 ), #4326, .F. ) ;
#9488 = CARTESIAN_POINT ( 'NONE',  ( 71.48576658886467783, -11.36336674988787365, -17.40523385655689381 ) ) ;
#9489 = EDGE_CURVE ( 'NONE', #603, #11359, #8423, .T. ) ;
#9490 = CIRCLE ( 'NONE', #8918, 11.30000000000000071 ) ;
#9491 = VERTEX_POINT ( 'NONE', #8772 ) ;
#9492 = VERTEX_POINT ( 'NONE', #9712 ) ;
#9493 = AXIS2_PLACEMENT_3D ( 'NONE', #11521, #876, #7666 ) ;
#9494 = DIRECTION ( 'NONE',  ( -1.000000000000000000, -1.734723475976808080E-16, 0.000000000000000000 ) ) ;
#9495 = CARTESIAN_POINT ( 'NONE',  ( -1.116082050291127503, -12.82200475549341512, -17.02190518829998922 ) ) ;
#9496 = DIRECTION ( 'NONE',  ( 0.000000000000000000, 1.000000000000000000, 0.000000000000000000 ) ) ;
#9497 = CARTESIAN_POINT ( 'NONE',  ( -0.2000000000000000111, 4.299999999999999822, -0.1999999999999994837 ) ) ;
#9498 = PLANE ( 'NONE',  #7821 ) ;
#9499 = DIRECTION ( 'NONE',  ( -0.000000000000000000, 1.000000000000000000, 3.001251688541188813E-16 ) ) ;
#9500 = ORIENTED_EDGE ( 'NONE', *, *, #4355, .T. ) ;
#9501 = EDGE_LOOP ( 'NONE', ( #2733, #556, #9475, #1040 ) ) ;
#9502 = ORIENTED_EDGE ( 'NONE', *, *, #4888, .F. ) ;
#9503 = LINE ( 'NONE', #2153, #7698 ) ;
#9504 = CARTESIAN_POINT ( 'NONE',  ( 32.80000000000000426, -17.50000000000000000, 29.80000000000000071 ) ) ;
#9505 = EDGE_LOOP ( 'NONE', ( #11929, #10224, #919, #5916, #6139, #8539 ) ) ;
#9506 = EDGE_CURVE ( 'NONE', #5186, #4500, #12382, .T. ) ;
#9507 = VECTOR ( 'NONE', #5767, 1000.000000000000000 ) ;
#9508 = VECTOR ( 'NONE', #1687, 1000.000000000000000 ) ;
#9509 = EDGE_CURVE ( 'NONE', #524, #2983, #3016, .T. ) ;
#9510 = DIRECTION ( 'NONE',  ( 0.000000000000000000, 0.000000000000000000, -1.000000000000000000 ) ) ;
#9511 = CARTESIAN_POINT ( 'NONE',  ( 71.53467545495412594, -11.25802946700705753, -17.43385908142908747 ) ) ;
#9512 = DIRECTION ( 'NONE',  ( -1.000000000000000000, 0.000000000000000000, 0.000000000000000000 ) ) ;
#9513 = ORIENTED_EDGE ( 'NONE', *, *, #366, .F. ) ;
#9514 = ADVANCED_FACE ( 'NONE', ( #9657 ), #9807, .F. ) ;
#9515 = VECTOR ( 'NONE', #9252, 1000.000000000000000 ) ;
#9516 = LINE ( 'NONE', #4055, #11494 ) ;
#9517 = EDGE_CURVE ( 'NONE', #6205, #7972, #4634, .T. ) ;
#9518 = CARTESIAN_POINT ( 'NONE',  ( 1.932273838250598619, -9.437745258194095044, -17.73429716687846991 ) ) ;
#9519 = EDGE_CURVE ( 'NONE', #5314, #10053, #5229, .T. ) ;
#9520 = CARTESIAN_POINT ( 'NONE',  ( 34.80000000000000426, -17.50000000000000000, 40.79999999999999716 ) ) ;
#9521 = VECTOR ( 'NONE', #1316, 1000.000000000000000 ) ;
#9522 = CARTESIAN_POINT ( 'NONE',  ( 3.645502328594349972, -13.33071403897412210, -16.51234122283369388 ) ) ;
#9523 = PLANE ( 'NONE',  #9493 ) ;
#9524 = ORIENTED_EDGE ( 'NONE', *, *, #7907, .T. ) ;
#9525 = EDGE_CURVE ( 'NONE', #4085, #2447, #1952, .T. ) ;
#9526 = CARTESIAN_POINT ( 'NONE',  ( 16.19999999999999218, -10.30000000000001847, 56.79999999999999716 ) ) ;
#9527 = LINE ( 'NONE', #1489, #10296 ) ;
#9528 = CARTESIAN_POINT ( 'NONE',  ( 16.19999999999999218, -10.10000000000000142, 56.79999999999999716 ) ) ;
#9529 = CARTESIAN_POINT ( 'NONE',  ( 71.37426729095409428, -12.49746499043200032, -17.14597114140268985 ) ) ;
#9530 = DIRECTION ( 'NONE',  ( 0.000000000000000000, 1.000000000000000000, 0.000000000000000000 ) ) ;
#9531 = LINE ( 'NONE', #11300, #9695 ) ;
#9532 = ADVANCED_FACE ( 'NONE', ( #10727 ), #10987, .F. ) ;
#9533 = CARTESIAN_POINT ( 'NONE',  ( -0.9945732769538193629, -12.39202131212338465, -17.18337657192131829 ) ) ;
#9534 = VERTEX_POINT ( 'NONE', #10862 ) ;
#9535 = VERTEX_POINT ( 'NONE', #5811 ) ;
#9536 = CARTESIAN_POINT ( 'NONE',  ( -1.651049280787123763, -13.35024489418615623, -16.50089852476785524 ) ) ;
#9537 = ORIENTED_EDGE ( 'NONE', *, *, #11476, .F. ) ;
#9538 = EDGE_CURVE ( 'NONE', #11759, #9055, #5534, .T. ) ;
#9539 = VERTEX_POINT ( 'NONE', #1322 ) ;
#9540 = CARTESIAN_POINT ( 'NONE',  ( 87.39999999999999147, -17.50000000000000355, 36.89999999999971436 ) ) ;
#9541 = CARTESIAN_POINT ( 'NONE',  ( 70.69163581701977250, -13.60005196239161052, -16.34037758867874501 ) ) ;
#9542 = EDGE_CURVE ( 'NONE', #2835, #9055, #122, .T. ) ;
#9543 = CYLINDRICAL_SURFACE ( 'NONE', #8331, 1.000000000000000888 ) ;
#9544 = DIRECTION ( 'NONE',  ( 0.000000000000000000, -2.168404344971008868E-16, 1.000000000000000000 ) ) ;
#9545 = EDGE_CURVE ( 'NONE', #3129, #6643, #2258, .T. ) ;
#9546 = ADVANCED_FACE ( 'NONE', ( #3299 ), #3592, .F. ) ;
#9547 = VERTEX_POINT ( 'NONE', #9973 ) ;
#9548 = VECTOR ( 'NONE', #1116, 1000.000000000000000 ) ;
#9549 = CARTESIAN_POINT ( 'NONE',  ( 34.80000000000000426, -19.10000000000000142, 28.79999999999999716 ) ) ;
#9550 = EDGE_LOOP ( 'NONE', ( #4462, #11048, #3772, #4508, #3639 ) ) ;
#9551 = VERTEX_POINT ( 'NONE', #1287 ) ;
#9552 = FACE_OUTER_BOUND ( 'NONE', #11866, .T. ) ;
#9553 = FACE_OUTER_BOUND ( 'NONE', #12184, .T. ) ;
#9554 = CARTESIAN_POINT ( 'NONE',  ( 71.29779992693642043, -11.79350583083739501, -17.25800622183832544 ) ) ;
#9555 = ORIENTED_EDGE ( 'NONE', *, *, #3307, .F. ) ;
#9556 = CARTESIAN_POINT ( 'NONE',  ( 62.80000000000001137, -17.50000000000000000, 13.79999999999999361 ) ) ;
#9557 = VERTEX_POINT ( 'NONE', #554 ) ;
#9558 = EDGE_LOOP ( 'NONE', ( #8606, #3908, #1621, #5197, #11239, #8773, #6188, #8851, #1665, #2739, #2066, #7944, #9884, #1844, #12347, #11426, #5166 ) ) ;
#9559 = FACE_OUTER_BOUND ( 'NONE', #5592, .T. ) ;
#9560 = DIRECTION ( 'NONE',  ( -0.7071067811865426878, -0.7071067811865524577, -8.730496322752370596E-17 ) ) ;
#9561 = ORIENTED_EDGE ( 'NONE', *, *, #2830, .F. ) ;
#9562 = CARTESIAN_POINT ( 'NONE',  ( 70.60000000000000853, 11.79999999999999716, -9.350000000000001421 ) ) ;
#9563 = CARTESIAN_POINT ( 'NONE',  ( 70.77754609906490657, -13.24168496857637756, -16.56682894894361979 ) ) ;
#9564 = DIRECTION ( 'NONE',  ( 0.000000000000000000, -1.000000000000000000, 0.000000000000000000 ) ) ;
#9565 = VECTOR ( 'NONE', #9442, 1000.000000000000000 ) ;
#9566 = CARTESIAN_POINT ( 'NONE',  ( 3.799999999999999378, 11.79999999999999538, -11.53999999999999915 ) ) ;
#9567 = LINE ( 'NONE', #4416, #4720 ) ;
#9568 = ORIENTED_EDGE ( 'NONE', *, *, #12303, .F. ) ;
#9569 = CARTESIAN_POINT ( 'NONE',  ( -1.622453900935084015, -13.24168496857638111, -16.56682894894363400 ) ) ;
#9570 = CARTESIAN_POINT ( 'NONE',  ( -1.800000000000000266, -17.50000000000000000, 16.80000000000000071 ) ) ;
#9571 = CARTESIAN_POINT ( 'NONE',  ( 70.59999999999999432, 11.79999999999999893, -11.50000000000000000 ) ) ;
#9572 = CYLINDRICAL_SURFACE ( 'NONE', #5560, 1.249999999975583087 ) ;
#9573 = AXIS2_PLACEMENT_3D ( 'NONE', #2157, #1119, #3127 ) ;
#9574 = DIRECTION ( 'NONE',  ( 1.400000000000000345E-14, 1.000000000000000000, -9.999999999999999988E-15 ) ) ;
#9575 = CARTESIAN_POINT ( 'NONE',  ( 4.799999999999999822, -19.10000000000000142, 34.79999999999999716 ) ) ;
#9576 = CARTESIAN_POINT ( 'NONE',  ( 62.80000000000001137, -19.10000000000000142, 34.79999999999999716 ) ) ;
#9577 = VECTOR ( 'NONE', #9160, 1000.000000000000000 ) ;
#9578 = LINE ( 'NONE', #1064, #4414 ) ;
#9579 = CARTESIAN_POINT ( 'NONE',  ( 72.49160923114368416, -9.376658421172685109, -17.73648400268422165 ) ) ;
#9580 = ORIENTED_EDGE ( 'NONE', *, *, #10512, .F. ) ;
#9581 = ORIENTED_EDGE ( 'NONE', *, *, #12311, .F. ) ;
#9582 = DIRECTION ( 'NONE',  ( -0.000000000000000000, 1.000000000000000000, 3.001251688541188813E-16 ) ) ;
#9583 = CARTESIAN_POINT ( 'NONE',  ( -1.800000000000000266, 0.000000000000000000, 0.000000000000000000 ) ) ;
#9584 = DIRECTION ( 'NONE',  ( -0.000000000000000000, 1.000000000000000000, 3.001251688541188813E-16 ) ) ;
#9585 = CARTESIAN_POINT ( 'NONE',  ( 72.46397475527629695, -9.366671810236354645, -17.73543089931372663 ) ) ;
#9586 = CARTESIAN_POINT ( 'NONE',  ( -1.799999999999999378, -3.200000000000001510, -0.2000000000000005107 ) ) ;
#9587 = EDGE_CURVE ( 'NONE', #1431, #5036, #7142, .T. ) ;
#9588 = LINE ( 'NONE', #2048, #659 ) ;
#9589 = ORIENTED_EDGE ( 'NONE', *, *, #3384, .F. ) ;
#9590 = VECTOR ( 'NONE', #4454, 1000.000000000000000 ) ;
#9591 = EDGE_CURVE ( 'NONE', #7409, #5581, #1329, .T. ) ;
#9592 = CARTESIAN_POINT ( 'NONE',  ( 35.80000000000000426, -19.10000000000000142, 45.79999999999999005 ) ) ;
#9593 = CARTESIAN_POINT ( 'NONE',  ( -0.2000000000000000111, -0.2000000000003226419, 34.24999999999941025 ) ) ;
#9594 = ORIENTED_EDGE ( 'NONE', *, *, #8800, .F. ) ;
#9595 = DIRECTION ( 'NONE',  ( 1.000000000000000000, -0.000000000000000000, -0.000000000000000000 ) ) ;
#9596 = DIRECTION ( 'NONE',  ( -0.000000000000000000, 0.7071067811865440200, -0.7071067811865511255 ) ) ;
#9597 = CARTESIAN_POINT ( 'NONE',  ( 2.040803915289292281, -9.715876377236003947, -17.72108485053836091 ) ) ;
#9598 = DIRECTION ( 'NONE',  ( -0.000000000000000000, -1.000000000000000000, -0.000000000000000000 ) ) ;
#9599 = ORIENTED_EDGE ( 'NONE', *, *, #2803, .F. ) ;
#9600 = CARTESIAN_POINT ( 'NONE',  ( 14.36999999999953559, -3.309999999999900133, -1.800000000000000044 ) ) ;
#9601 = CARTESIAN_POINT ( 'NONE',  ( 150.7570364914818697, -19.09999999999999432, -1.400000000000017009 ) ) ;
#9602 = ADVANCED_FACE ( 'NONE', ( #6628 ), #1236, .F. ) ;
#9603 = VECTOR ( 'NONE', #4387, 1000.000000000000000 ) ;
#9604 = ORIENTED_EDGE ( 'NONE', *, *, #9084, .F. ) ;
#9605 = CARTESIAN_POINT ( 'NONE',  ( 32.80000000000000426, -17.50000000000000000, 17.80000000000000071 ) ) ;
#9606 = LINE ( 'NONE', #8812, #4905 ) ;
#9607 = EDGE_CURVE ( 'NONE', #5567, #3642, #11325, .T. ) ;
#9608 = CIRCLE ( 'NONE', #7185, 1.000000000000000888 ) ;
#9609 = AXIS2_PLACEMENT_3D ( 'NONE', #3353, #4340, #10013 ) ;
#9610 = VERTEX_POINT ( 'NONE', #1276 ) ;
#9611 = ORIENTED_EDGE ( 'NONE', *, *, #3540, .T. ) ;
#9612 = DIRECTION ( 'NONE',  ( 0.000000000000000000, -0.7071067811865511255, -0.7071067811865440200 ) ) ;
#9613 = EDGE_CURVE ( 'NONE', #3575, #12379, #9042, .T. ) ;
#9614 = EDGE_CURVE ( 'NONE', #8430, #11689, #3002, .T. ) ;
#9615 = CARTESIAN_POINT ( 'NONE',  ( -0.08379036658893045109, -9.826512087194050338, -17.71357719313517620 ) ) ;
#9616 = EDGE_CURVE ( 'NONE', #6785, #7054, #399, .T. ) ;
#9617 = CARTESIAN_POINT ( 'NONE',  ( -0.4807988837625042922, -10.45108717447959812, -17.62056473676372903 ) ) ;
#9618 = CARTESIAN_POINT ( 'NONE',  ( -0.2045040319256004879, -9.895909263418289470, -17.69953467569462902 ) ) ;
#9619 = VECTOR ( 'NONE', #6090, 1000.000000000000000 ) ;
#9620 = ORIENTED_EDGE ( 'NONE', *, *, #2484, .T. ) ;
#9621 = CARTESIAN_POINT ( 'NONE',  ( 31.80000000000000071, -19.09999999999999787, 34.79999999999999716 ) ) ;
#9622 = ORIENTED_EDGE ( 'NONE', *, *, #6389, .T. ) ;
#9623 = VERTEX_POINT ( 'NONE', #9261 ) ;
#9624 = ORIENTED_EDGE ( 'NONE', *, *, #7156, .T. ) ;
#9625 = PLANE ( 'NONE',  #6256 ) ;
#9626 = CARTESIAN_POINT ( 'NONE',  ( 2.199999999999993516, -0.1000000000000002415, 56.79999999999999716 ) ) ;
#9627 = ORIENTED_EDGE ( 'NONE', *, *, #4094, .T. ) ;
#9628 = DIRECTION ( 'NONE',  ( -1.000000000000000000, 1.400000000000014387E-14, 1.399999999999985673E-14 ) ) ;
#9629 = VECTOR ( 'NONE', #11133, 1000.000000000000114 ) ;
#9630 = CARTESIAN_POINT ( 'NONE',  ( 31.80000000000000071, -19.10000000000000142, 33.79999999999999716 ) ) ;
#9631 = ORIENTED_EDGE ( 'NONE', *, *, #4240, .T. ) ;
#9632 = CIRCLE ( 'NONE', #8040, 1.000000000000000888 ) ;
#9633 = CARTESIAN_POINT ( 'NONE',  ( 35.80000000000000426, -19.10000000000000142, 29.79999999999999716 ) ) ;
#9634 = ORIENTED_EDGE ( 'NONE', *, *, #10029, .T. ) ;
#9635 = ORIENTED_EDGE ( 'NONE', *, *, #10419, .F. ) ;
#9636 = EDGE_CURVE ( 'NONE', #2735, #9032, #11310, .T. ) ;
#9637 = CARTESIAN_POINT ( 'NONE',  ( 3.799999999999999378, -19.10000000000000142, 32.80000000000000426 ) ) ;
#9638 = CARTESIAN_POINT ( 'NONE',  ( 3.800000000000001155, -19.10000000000000142, 14.79999999999999893 ) ) ;
#9639 = ORIENTED_EDGE ( 'NONE', *, *, #3626, .F. ) ;
#9640 = CARTESIAN_POINT ( 'NONE',  ( 31.79999999999999361, -17.50000000000000000, 8.799999999999998934 ) ) ;
#9641 = VECTOR ( 'NONE', #3042, 1000.000000000000000 ) ;
#9642 = VERTEX_POINT ( 'NONE', #6382 ) ;
#9643 = AXIS2_PLACEMENT_3D ( 'NONE', #262, #2266, #6020 ) ;
#9644 = FACE_OUTER_BOUND ( 'NONE', #3996, .T. ) ;
#9645 = CARTESIAN_POINT ( 'NONE',  ( 56.39999999999999858, -10.99654801910769208, -2.084545252522502778 ) ) ;
#9646 = DIRECTION ( 'NONE',  ( 1.000000000000000000, -0.000000000000000000, -0.000000000000000000 ) ) ;
#9647 = ORIENTED_EDGE ( 'NONE', *, *, #10552, .T. ) ;
#9648 = FACE_OUTER_BOUND ( 'NONE', #1732, .T. ) ;
#9649 = CARTESIAN_POINT ( 'NONE',  ( 3.188808782593449909, -13.10858168809067514, -16.90175314175207433 ) ) ;
#9650 = ORIENTED_EDGE ( 'NONE', *, *, #7676, .F. ) ;
#9651 = AXIS2_PLACEMENT_3D ( 'NONE', #2011, #4934, #3937 ) ;
#9652 = VERTEX_POINT ( 'NONE', #11296 ) ;
#9653 = EDGE_LOOP ( 'NONE', ( #8435, #2300, #10555, #6539 ) ) ;
#9654 = CARTESIAN_POINT ( 'NONE',  ( -1.600000000000011191, -18.90000000000000924, 57.39999999999999858 ) ) ;
#9655 = AXIS2_PLACEMENT_3D ( 'NONE', #5865, #2081, #7819 ) ;
#9656 = CARTESIAN_POINT ( 'NONE',  ( 31.80000000000000071, -19.09999999999999787, 10.79999999999999893 ) ) ;
#9657 = FACE_OUTER_BOUND ( 'NONE', #4186, .T. ) ;
#9658 = CARTESIAN_POINT ( 'NONE',  ( -0.2000000000000000111, -15.90000000000003233, 46.80000000000000426 ) ) ;
#9659 = CARTESIAN_POINT ( 'NONE',  ( 35.80000000000000426, -19.10000000000000142, 20.79999999999999716 ) ) ;
#9660 = CARTESIAN_POINT ( 'NONE',  ( -0.9012879784183974730, 13.79528670462202022, -17.41380579911223592 ) ) ;
#9661 = EDGE_CURVE ( 'NONE', #944, #10143, #996, .T. ) ;
#9662 = ADVANCED_FACE ( 'NONE', ( #6024 ), #6167, .F. ) ;
#9663 = CARTESIAN_POINT ( 'NONE',  ( 86.79999999999999716, -15.54999999999981419, 18.75000000000047251 ) ) ;
#9664 = CARTESIAN_POINT ( 'NONE',  ( 0.01685923793499448028, -9.567924543000327020, -17.72913276835867791 ) ) ;
#9665 = ORIENTED_EDGE ( 'NONE', *, *, #922, .F. ) ;
#9666 = VERTEX_POINT ( 'NONE', #7376 ) ;
#9667 = ORIENTED_EDGE ( 'NONE', *, *, #1248, .T. ) ;
#9668 = LINE ( 'NONE', #4138, #3905 ) ;
#9669 = CARTESIAN_POINT ( 'NONE',  ( 0.03466364124061586255, -9.424222380859898607, -17.73315713710653085 ) ) ;
#9670 = CARTESIAN_POINT ( 'NONE',  ( -0.1236032255405386526, -9.929072149393931568, -17.70627889641279396 ) ) ;
#9671 = ORIENTED_EDGE ( 'NONE', *, *, #5215, .T. ) ;
#9672 = LINE ( 'NONE', #6011, #2560 ) ;
#9673 = UNCERTAINTY_MEASURE_WITH_UNIT (LENGTH_MEASURE( 1.000000000000000082E-05 ), #6371, 'distance_accuracy_value', 'NONE');
#9674 = VERTEX_POINT ( 'NONE', #10291 ) ;
#9675 = CARTESIAN_POINT ( 'NONE',  ( 3.800000000000001155, -17.50000000000000000, 14.79999999999999893 ) ) ;
#9676 = AXIS2_PLACEMENT_3D ( 'NONE', #11390, #10421, #6351 ) ;
#9677 = DIRECTION ( 'NONE',  ( 0.7071067811865475727, 0.7071067811865475727, 8.730496322752310198E-17 ) ) ;
#9678 = DIRECTION ( 'NONE',  ( 0.000000000000000000, 0.000000000000000000, -1.000000000000000000 ) ) ;
#9679 = ORIENTED_EDGE ( 'NONE', *, *, #1205, .F. ) ;
#9680 = EDGE_CURVE ( 'NONE', #4739, #11759, #8728, .T. ) ;
#9681 = VERTEX_POINT ( 'NONE', #12244 ) ;
#9682 = CYLINDRICAL_SURFACE ( 'NONE', #11396, 1.000000000000000888 ) ;
#9683 = CARTESIAN_POINT ( 'NONE',  ( 35.80000000000000426, -17.50000000000000355, 33.79999999999999716 ) ) ;
#9684 = ORIENTED_EDGE ( 'NONE', *, *, #6803, .T. ) ;
#9685 = DIRECTION ( 'NONE',  ( -1.399999999999999714E-14, -9.999999999999999988E-15, -1.000000000000000000 ) ) ;
#9686 = EDGE_CURVE ( 'NONE', #9610, #11347, #7825, .T. ) ;
#9687 = LINE ( 'NONE', #7543, #5417 ) ;
#9688 = CARTESIAN_POINT ( 'NONE',  ( 110.2009174118888950, -15.90000000000001101, -0.2000000000000023426 ) ) ;
#9689 = DIRECTION ( 'NONE',  ( 0.000000000000000000, 0.000000000000000000, -1.000000000000000000 ) ) ;
#9690 = ORIENTED_EDGE ( 'NONE', *, *, #1754, .F. ) ;
#9691 = VERTEX_POINT ( 'NONE', #3743 ) ;
#9692 = ORIENTED_EDGE ( 'NONE', *, *, #9431, .T. ) ;
#9693 = DIRECTION ( 'NONE',  ( 1.000000000000000000, -0.000000000000000000, -0.000000000000000000 ) ) ;
#9694 = PLANE ( 'NONE',  #5421 ) ;
#9695 = VECTOR ( 'NONE', #6605, 1000.000000000000000 ) ;
#9696 = CARTESIAN_POINT ( 'NONE',  ( 3.211383475766311335, -13.20518845613560011, -16.85860770113918150 ) ) ;
#9697 = AXIS2_PLACEMENT_3D ( 'NONE', #564, #1448, #3606 ) ;
#9698 = EDGE_CURVE ( 'NONE', #9880, #12254, #10257, .T. ) ;
#9699 = DIRECTION ( 'NONE',  ( 0.000000000000000000, -0.000000000000000000, -1.000000000000000000 ) ) ;
#9700 = EDGE_CURVE ( 'NONE', #11724, #9220, #700, .T. ) ;
#9701 = DIRECTION ( 'NONE',  ( 0.000000000000000000, -1.000000000000000000, -1.426581805901979389E-16 ) ) ;
#9702 = EDGE_CURVE ( 'NONE', #9242, #11689, #2675, .T. ) ;
#9703 = VERTEX_POINT ( 'NONE', #7692 ) ;
#9704 = LINE ( 'NONE', #4421, #1209 ) ;
#9705 = DIRECTION ( 'NONE',  ( -1.400000000000000345E-14, -1.000000000000000000, 9.999999999999999988E-15 ) ) ;
#9706 = DIRECTION ( 'NONE',  ( -1.000000000000000000, 0.000000000000000000, 0.000000000000000000 ) ) ;
#9707 = EDGE_LOOP ( 'NONE', ( #8985, #9690, #11462, #2536 ) ) ;
#9708 = ORIENTED_EDGE ( 'NONE', *, *, #7375, .F. ) ;
#9709 = VECTOR ( 'NONE', #3032, 1000.000000000000000 ) ;
#9710 = CARTESIAN_POINT ( 'NONE',  ( 59.79999999999999005, -19.10000000000001208, 56.20000000000000284 ) ) ;
#9711 = CARTESIAN_POINT ( 'NONE',  ( -0.8112466656578682933, -11.81222788875689211, -17.36583388004004291 ) ) ;
#9712 = CARTESIAN_POINT ( 'NONE',  ( 34.80000000000000426, -17.50000000000000000, 5.799999999999999822 ) ) ;
#9713 = CARTESIAN_POINT ( 'NONE',  ( 0.02796461511616218573, -9.437379714338591796, -17.73258824253845489 ) ) ;
#9714 = CARTESIAN_POINT ( 'NONE',  ( -0.3940162577817755696, -10.63846634908297162, -17.62166577702664227 ) ) ;
#9715 = EDGE_LOOP ( 'NONE', ( #7190, #5131, #12415, #8352 ) ) ;
#9716 = DIRECTION ( 'NONE',  ( 1.000000000000000000, 0.000000000000000000, 0.000000000000000000 ) ) ;
#9717 = EDGE_LOOP ( 'NONE', ( #705, #3792, #2173, #9895 ) ) ;
#9718 = DIRECTION ( 'NONE',  ( -0.000000000000000000, 1.000000000000000000, 3.001251688541188813E-16 ) ) ;
#9719 = CARTESIAN_POINT ( 'NONE',  ( 3.799999999999998046, -19.09999999999999076, -7.740000000000005542 ) ) ;
#9720 = CARTESIAN_POINT ( 'NONE',  ( -4.200000000000017941, -11.90000000000005365, 36.79999999999999716 ) ) ;
#9721 = CARTESIAN_POINT ( 'NONE',  ( 31.80000000000000071, -19.10000000000000142, 32.80000000000000426 ) ) ;
#9722 = DIRECTION ( 'NONE',  ( 0.000000000000000000, 0.000000000000000000, -1.000000000000000000 ) ) ;
#9723 = VECTOR ( 'NONE', #9838, 1000.000000000000000 ) ;
#9724 = EDGE_CURVE ( 'NONE', #2380, #6417, #8260, .T. ) ;
#9725 = EDGE_LOOP ( 'NONE', ( #11864, #6177, #3048, #11827 ) ) ;
#9726 = CARTESIAN_POINT ( 'NONE',  ( 62.80000000000001137, -19.09999999999999787, 13.79999999999999361 ) ) ;
#9727 = DIRECTION ( 'NONE',  ( 0.000000000000000000, 0.000000000000000000, 1.000000000000000000 ) ) ;
#9728 = ORIENTED_EDGE ( 'NONE', *, *, #7988, .T. ) ;
#9729 = ORIENTED_EDGE ( 'NONE', *, *, #8667, .T. ) ;
#9730 = ORIENTED_EDGE ( 'NONE', *, *, #1254, .F. ) ;
#9731 = DIRECTION ( 'NONE',  ( 0.000000000000000000, 1.000000000000000000, -0.000000000000000000 ) ) ;
#9732 = EDGE_CURVE ( 'NONE', #10697, #6022, #5082, .T. ) ;
#9733 = ORIENTED_EDGE ( 'NONE', *, *, #4458, .F. ) ;
#9734 = CARTESIAN_POINT ( 'NONE',  ( 3.042708302360028760, -12.55784218425953114, -17.12315191800316327 ) ) ;
#9735 = CARTESIAN_POINT ( 'NONE',  ( 14.36999999999955868, -3.309999999999884146, -0.2000000000000005107 ) ) ;
#9736 = CARTESIAN_POINT ( 'NONE',  ( 84.20000000000001705, 17.99999999999999645, -2.052778186154404327 ) ) ;
#9737 = VERTEX_POINT ( 'NONE', #12445 ) ;
#9738 = FACE_OUTER_BOUND ( 'NONE', #8617, .T. ) ;
#9739 = ADVANCED_FACE ( 'NONE', ( #844 ), #1773, .F. ) ;
#9740 = VECTOR ( 'NONE', #10851, 1000.000000000000000 ) ;
#9741 = CARTESIAN_POINT ( 'NONE',  ( -0.2000000000000000111, -0.09999999999999939493, 56.20000000000000284 ) ) ;
#9742 = CARTESIAN_POINT ( 'NONE',  ( 110.2009174118888950, 4.299999999999999822, -0.1999999999999994837 ) ) ;
#9743 = DIRECTION ( 'NONE',  ( 0.000000000000000000, 0.000000000000000000, -1.000000000000000000 ) ) ;
#9744 = ORIENTED_EDGE ( 'NONE', *, *, #10353, .T. ) ;
#9745 = CARTESIAN_POINT ( 'NONE',  ( 82.40000000000000568, -0.1000000000000000056, 56.84969335805276103 ) ) ;
#9746 = CARTESIAN_POINT ( 'NONE',  ( -0.6462370871751466073, -11.33156239116484620, -17.48791432308771121 ) ) ;
#9747 = ORIENTED_EDGE ( 'NONE', *, *, #7733, .T. ) ;
#9748 = CARTESIAN_POINT ( 'NONE',  ( -0.5465149558301332089, -10.58507173867424989, -17.59653913212126142 ) ) ;
#9749 = CARTESIAN_POINT ( 'NONE',  ( 87.40000000000000568, 4.299999999999998934, -13.70000000000000107 ) ) ;
#9750 = FACE_OUTER_BOUND ( 'NONE', #12528, .T. ) ;
#9751 = CARTESIAN_POINT ( 'NONE',  ( -1.800000000000000266, -9.500000000000001776, 16.80000000000000071 ) ) ;
#9752 = CARTESIAN_POINT ( 'NONE',  ( -1.800000000000000266, -0.2000000000003226419, 34.24999999999941025 ) ) ;
#9753 = DIRECTION ( 'NONE',  ( 0.000000000000000000, 1.000000000000000000, 3.614007241618347292E-17 ) ) ;
#9754 = DIRECTION ( 'NONE',  ( 0.000000000000000000, 1.000000000000000000, -0.000000000000000000 ) ) ;
#9755 = DIRECTION ( 'NONE',  ( 0.000000000000000000, 0.000000000000000000, -1.000000000000000000 ) ) ;
#9756 = DIRECTION ( 'NONE',  ( 0.000000000000000000, 0.000000000000000000, -1.000000000000000000 ) ) ;
#9757 = EDGE_LOOP ( 'NONE', ( #3800, #5325, #3949, #820 ) ) ;
#9758 = DIRECTION ( 'NONE',  ( 1.000000000000000000, 0.000000000000000000, 0.000000000000000000 ) ) ;
#9759 = ORIENTED_EDGE ( 'NONE', *, *, #1376, .T. ) ;
#9760 = LINE ( 'NONE', #1274, #8530 ) ;
#9761 = VECTOR ( 'NONE', #12419, 1000.000000000000000 ) ;
#9762 = EDGE_LOOP ( 'NONE', ( #11140, #6857, #5539, #10400 ) ) ;
#9763 = ORIENTED_EDGE ( 'NONE', *, *, #9876, .F. ) ;
#9764 = CARTESIAN_POINT ( 'NONE',  ( 3.799999999999999822, 11.79999999999999893, -9.350000000000001421 ) ) ;
#9765 = EDGE_CURVE ( 'NONE', #977, #3286, #7390, .T. ) ;
#9766 = ADVANCED_FACE ( 'NONE', ( #9644 ), #4619, .F. ) ;
#9767 = EDGE_LOOP ( 'NONE', ( #7080, #296, #6584, #12291, #11032, #4589 ) ) ;
#9768 = EDGE_CURVE ( 'NONE', #476, #1632, #12236, .T. ) ;
#9769 = VERTEX_POINT ( 'NONE', #10260 ) ;
#9770 = VECTOR ( 'NONE', #10746, 1000.000000000000000 ) ;
#9771 = LINE ( 'NONE', #6648, #2063 ) ;
#9772 = ORIENTED_EDGE ( 'NONE', *, *, #1006, .T. ) ;
#9773 = CARTESIAN_POINT ( 'NONE',  ( 3.350054986806789259, -13.94743512940830854, -16.48657656029433127 ) ) ;
#9774 = ORIENTED_EDGE ( 'NONE', *, *, #10126, .F. ) ;
#9775 = LINE ( 'NONE', #11725, #10532 ) ;
#9776 = CARTESIAN_POINT ( 'NONE',  ( -1.800000000000000266, -9.500000000000001776, 14.80000000000000071 ) ) ;
#9777 = DIRECTION ( 'NONE',  ( 0.000000000000000000, -0.7071067811865511255, -0.7071067811865440200 ) ) ;
#9778 = CARTESIAN_POINT ( 'NONE',  ( -68.20000000000001705, 0.000000000000000000, 56.79999999999999716 ) ) ;
#9779 = DIRECTION ( 'NONE',  ( 1.000000000000000000, -0.000000000000000000, 0.000000000000000000 ) ) ;
#9780 = DIRECTION ( 'NONE',  ( -1.000000000000000000, -0.000000000000000000, -0.000000000000000000 ) ) ;
#9781 = EDGE_CURVE ( 'NONE', #4345, #467, #7088, .T. ) ;
#9782 = ORIENTED_EDGE ( 'NONE', *, *, #11595, .F. ) ;
#9783 = AXIS2_PLACEMENT_3D ( 'NONE', #6920, #4976, #1110 ) ;
#9784 = CARTESIAN_POINT ( 'NONE',  ( 6.800000000000000711, -19.10000000000000142, 49.29999999999999716 ) ) ;
#9785 = ADVANCED_FACE ( 'NONE', ( #263 ), #5483, .T. ) ;
#9786 = VERTEX_POINT ( 'NONE', #3603 ) ;
#9787 = DIRECTION ( 'NONE',  ( -0.000000000000000000, 0.000000000000000000, 1.000000000000000000 ) ) ;
#9788 = ORIENTED_EDGE ( 'NONE', *, *, #534, .F. ) ;
#9789 = VECTOR ( 'NONE', #2512, 1000.000000000000000 ) ;
#9790 = ORIENTED_EDGE ( 'NONE', *, *, #10171, .F. ) ;
#9791 = CARTESIAN_POINT ( 'NONE',  ( 32.80000000000000426, -17.50000000000000000, 37.79999999999999716 ) ) ;
#9792 = CARTESIAN_POINT ( 'NONE',  ( 35.80000000000000426, -19.10000000000000142, 34.79999999999999716 ) ) ;
#9793 = CARTESIAN_POINT ( 'NONE',  ( -0.1244122630775795907, -9.737474176950135174, -17.71353343795960811 ) ) ;
#9794 = DIRECTION ( 'NONE',  ( 1.000000000000000000, 0.000000000000000000, 0.000000000000000000 ) ) ;
#9795 = DIRECTION ( 'NONE',  ( 0.000000000000000000, 1.234678630588475078E-16, -1.000000000000000000 ) ) ;
#9796 = CARTESIAN_POINT ( 'NONE',  ( 4.800000000000000711, -19.10000000000000142, 46.80000000000000426 ) ) ;
#9797 = DIRECTION ( 'NONE',  ( -0.000000000000000000, 0.000000000000000000, -1.000000000000000000 ) ) ;
#9798 = ORIENTED_EDGE ( 'NONE', *, *, #3404, .T. ) ;
#9799 = DIRECTION ( 'NONE',  ( -1.000000000000000000, -0.000000000000000000, -0.000000000000000000 ) ) ;
#9800 = LINE ( 'NONE', #5584, #9177 ) ;
#9801 = CARTESIAN_POINT ( 'NONE',  ( 34.80000000000000426, -17.50000000000000000, 32.79999999999999716 ) ) ;
#9802 = CARTESIAN_POINT ( 'NONE',  ( 3.799999999999999378, -19.10000000000000142, 38.80000000000000426 ) ) ;
#9803 = EDGE_LOOP ( 'NONE', ( #3709, #1324, #11693, #11771 ) ) ;
#9804 = ORIENTED_EDGE ( 'NONE', *, *, #9636, .F. ) ;
#9805 = ORIENTED_EDGE ( 'NONE', *, *, #5384, .T. ) ;
#9806 = ADVANCED_FACE ( 'NONE', ( #9483 ), #1155, .F. ) ;
#9807 = CYLINDRICAL_SURFACE ( 'NONE', #7256, 1.000000000000000888 ) ;
#9808 = DIRECTION ( 'NONE',  ( 0.000000000000000000, -0.000000000000000000, 1.000000000000000000 ) ) ;
#9809 = AXIS2_PLACEMENT_3D ( 'NONE', #11287, #9385, #9463 ) ;
#9810 = DIRECTION ( 'NONE',  ( 0.000000000000000000, 0.000000000000000000, -1.000000000000000000 ) ) ;
#9811 = EDGE_LOOP ( 'NONE', ( #4069, #3215, #958, #1050, #4323, #12286 ) ) ;
#9812 = DIRECTION ( 'NONE',  ( 0.000000000000000000, 1.234678630588475078E-16, -1.000000000000000000 ) ) ;
#9813 = ORIENTED_EDGE ( 'NONE', *, *, #9768, .T. ) ;
#9814 = ORIENTED_EDGE ( 'NONE', *, *, #3101, .T. ) ;
#9815 = ORIENTED_EDGE ( 'NONE', *, *, #4912, .T. ) ;
#9816 = FACE_OUTER_BOUND ( 'NONE', #4147, .T. ) ;
#9817 = ORIENTED_EDGE ( 'NONE', *, *, #1829, .T. ) ;
#9818 = VECTOR ( 'NONE', #2773, 1000.000000000000000 ) ;
#9819 = CARTESIAN_POINT ( 'NONE',  ( 21.00677727426997166, -10.49463313667988906, -2.000000000000000000 ) ) ;
#9820 = CARTESIAN_POINT ( 'NONE',  ( 3.326566221994477157, -13.78679613444438345, -16.57405657831087353 ) ) ;
#9821 = AXIS2_PLACEMENT_3D ( 'NONE', #3820, #8605, #9678 ) ;
#9822 = DIRECTION ( 'NONE',  ( 1.000000000000000000, 0.000000000000000000, 0.000000000000000000 ) ) ;
#9823 = CARTESIAN_POINT ( 'NONE',  ( 3.799999999999999378, -19.10000000000000142, 24.80000000000000071 ) ) ;
#9824 = AXIS2_PLACEMENT_3D ( 'NONE', #7614, #4669, #5737 ) ;
#9825 = ORIENTED_EDGE ( 'NONE', *, *, #12224, .T. ) ;
#9826 = FACE_OUTER_BOUND ( 'NONE', #4826, .T. ) ;
#9827 = PLANE ( 'NONE',  #4445 ) ;
#9828 = DIRECTION ( 'NONE',  ( 0.000000000000000000, -1.000000000000000000, 0.000000000000000000 ) ) ;
#9829 = ORIENTED_EDGE ( 'NONE', *, *, #7264, .F. ) ;
#9830 = CARTESIAN_POINT ( 'NONE',  ( -0.6927967103817740391, 13.39946004060251461, -17.53370429516186135 ) ) ;
#9831 = CARTESIAN_POINT ( 'NONE',  ( 88.00000000000001421, -0.1000000000000002554, 57.79999999999999716 ) ) ;
#9832 = AXIS2_PLACEMENT_3D ( 'NONE', #10246, #10489, #9512 ) ;
#9833 = DIRECTION ( 'NONE',  ( 1.000000000000000000, 0.000000000000000000, 0.000000000000000000 ) ) ;
#9834 = DIRECTION ( 'NONE',  ( -0.000000000000000000, 1.000000000000000000, 0.000000000000000000 ) ) ;
#9835 = ADVANCED_FACE ( 'NONE', ( #8881 ), #8670, .F. ) ;
#9836 = VECTOR ( 'NONE', #4735, 1000.000000000000000 ) ;
#9837 = DIRECTION ( 'NONE',  ( -1.000000000000000000, -0.000000000000000000, 0.000000000000000000 ) ) ;
#9838 = DIRECTION ( 'NONE',  ( 1.000000000000000000, -0.000000000000000000, -0.000000000000000000 ) ) ;
#9839 = ORIENTED_EDGE ( 'NONE', *, *, #4279, .T. ) ;
#9840 = CYLINDRICAL_SURFACE ( 'NONE', #1914, 6.199999999999999289 ) ;
#9841 = CARTESIAN_POINT ( 'NONE',  ( -0.2000000000000000111, -15.90000000000001101, 12.79999999999999893 ) ) ;
#9842 = ORIENTED_EDGE ( 'NONE', *, *, #3378, .F. ) ;
#9843 = AXIS2_PLACEMENT_3D ( 'NONE', #7702, #1910, #8666 ) ;
#9844 = VECTOR ( 'NONE', #632, 1000.000000000000000 ) ;
#9845 = CARTESIAN_POINT ( 'NONE',  ( 35.80000000000000426, -19.10000000000000142, 8.799999999999998934 ) ) ;
#9846 = CARTESIAN_POINT ( 'NONE',  ( 31.80000000000000071, -17.50000000000000355, 37.79999999999999716 ) ) ;
#9847 = EDGE_CURVE ( 'NONE', #2798, #3164, #1456, .T. ) ;
#9848 = ORIENTED_EDGE ( 'NONE', *, *, #3541, .T. ) ;
#9849 = LINE ( 'NONE', #10304, #7145 ) ;
#9850 = ORIENTED_EDGE ( 'NONE', *, *, #10182, .F. ) ;
#9851 = EDGE_CURVE ( 'NONE', #6635, #1506, #1764, .T. ) ;
#9852 = ORIENTED_EDGE ( 'NONE', *, *, #2500, .F. ) ;
#9853 = CARTESIAN_POINT ( 'NONE',  ( 31.80000000000000071, -17.50000000000000000, 16.80000000000000071 ) ) ;
#9854 = VECTOR ( 'NONE', #6786, 1000.000000000000000 ) ;
#9855 = ADVANCED_FACE ( 'NONE', ( #6925 ), #8847, .F. ) ;
#9856 = CARTESIAN_POINT ( 'NONE',  ( 31.80000000000000071, -19.10000000000000142, 17.80000000000000071 ) ) ;
#9857 = EDGE_LOOP ( 'NONE', ( #9825, #8537, #8232, #3473, #3374 ) ) ;
#9858 = ORIENTED_EDGE ( 'NONE', *, *, #6622, .F. ) ;
#9859 = ORIENTED_EDGE ( 'NONE', *, *, #9545, .T. ) ;
#9860 = CYLINDRICAL_SURFACE ( 'NONE', #11619, 10.00000000000000000 ) ;
#9861 = CARTESIAN_POINT ( 'NONE',  ( 150.7570364914818697, -19.10000000000001208, 57.39999999999999858 ) ) ;
#9862 = CARTESIAN_POINT ( 'NONE',  ( 4.799999999999999822, -17.50000000000000000, 28.80000000000000071 ) ) ;
#9863 = VERTEX_POINT ( 'NONE', #4969 ) ;
#9864 = EDGE_CURVE ( 'NONE', #10130, #4158, #983, .T. ) ;
#9865 = ORIENTED_EDGE ( 'NONE', *, *, #3171, .T. ) ;
#9866 = CARTESIAN_POINT ( 'NONE',  ( -1.800000000000000266, -9.500000000000001776, 38.80000000000000426 ) ) ;
#9867 = AXIS2_PLACEMENT_3D ( 'NONE', #2718, #717, #1690 ) ;
#9868 = ORIENTED_EDGE ( 'NONE', *, *, #386, .F. ) ;
#9869 = FACE_OUTER_BOUND ( 'NONE', #12004, .T. ) ;
#9870 = EDGE_CURVE ( 'NONE', #4858, #1493, #1600, .T. ) ;
#9871 = EDGE_CURVE ( 'NONE', #6058, #6651, #6007, .T. ) ;
#9872 = DIRECTION ( 'NONE',  ( -0.000000000000000000, 1.000000000000000000, -0.000000000000000000 ) ) ;
#9873 = ORIENTED_EDGE ( 'NONE', *, *, #303, .T. ) ;
#9874 = CARTESIAN_POINT ( 'NONE',  ( 2.199999999999993516, -0.1000000000000002415, 56.79999999999999716 ) ) ;
#9875 = ADVANCED_FACE ( 'NONE', ( #7075 ), #5096, .F. ) ;
#9876 = EDGE_CURVE ( 'NONE', #5908, #1151, #5068, .T. ) ;
#9877 = CARTESIAN_POINT ( 'NONE',  ( 86.75509068192351947, -9.798149441949295380, -17.70822940651568089 ) ) ;
#9878 = DIRECTION ( 'NONE',  ( 1.000000000000000000, -0.000000000000000000, -0.000000000000000000 ) ) ;
#9879 = DIRECTION ( 'NONE',  ( 0.000000000000000000, 0.000000000000000000, -1.000000000000000000 ) ) ;
#9880 = VERTEX_POINT ( 'NONE', #8114 ) ;
#9881 = DIRECTION ( 'NONE',  ( 1.000000000000000000, -0.000000000000000000, -0.000000000000000000 ) ) ;
#9882 = DIRECTION ( 'NONE',  ( 0.000000000000000000, -1.000000000000000000, 0.000000000000000000 ) ) ;
#9883 = VECTOR ( 'NONE', #10141, 1000.000000000000000 ) ;
#9884 = ORIENTED_EDGE ( 'NONE', *, *, #10839, .T. ) ;
#9885 = CARTESIAN_POINT ( 'NONE',  ( 70.60000000000000853, 3.662330314989931779, -17.73999999999999844 ) ) ;
#9886 = VERTEX_POINT ( 'NONE', #10721 ) ;
#9887 = DIRECTION ( 'NONE',  ( 0.000000000000000000, -1.234678630588475078E-16, 1.000000000000000000 ) ) ;
#9888 = CARTESIAN_POINT ( 'NONE',  ( 86.40000000000000568, 3.662330314989931779, -17.73999999999999844 ) ) ;
#9889 = EDGE_LOOP ( 'NONE', ( #1931, #3579, #4975, #10576 ) ) ;
#9890 = CARTESIAN_POINT ( 'NONE',  ( 62.80000000000001137, -19.10000000000000142, 44.79999999999999005 ) ) ;
#9891 = DIRECTION ( 'NONE',  ( 1.000000000000000000, -0.000000000000000000, -0.000000000000000000 ) ) ;
#9892 = DIRECTION ( 'NONE',  ( 1.000000000000000000, 0.000000000000000000, 0.000000000000000000 ) ) ;
#9893 = EDGE_CURVE ( 'NONE', #11885, #8676, #11608, .T. ) ;
#9894 = EDGE_CURVE ( 'NONE', #6403, #10798, #10545, .T. ) ;
#9895 = ORIENTED_EDGE ( 'NONE', *, *, #9847, .T. ) ;
#9896 = FACE_OUTER_BOUND ( 'NONE', #2982, .T. ) ;
#9897 = ORIENTED_EDGE ( 'NONE', *, *, #4182, .F. ) ;
#9898 = FACE_OUTER_BOUND ( 'NONE', #2175, .T. ) ;
#9899 = ADVANCED_FACE ( 'NONE', ( #7233 ), #2084, .F. ) ;
#9900 = CIRCLE ( 'NONE', #1076, 9.600000000000006750 ) ;
#9901 = ORIENTED_EDGE ( 'NONE', *, *, #8356, .T. ) ;
#9902 = DIRECTION ( 'NONE',  ( 0.000000000000000000, 0.000000000000000000, 1.000000000000000000 ) ) ;
#9903 = AXIS2_PLACEMENT_3D ( 'NONE', #139, #4003, #3068 ) ;
#9904 = ORIENTED_EDGE ( 'NONE', *, *, #10991, .F. ) ;
#9905 = LINE ( 'NONE', #10034, #11567 ) ;
#9906 = DIRECTION ( 'NONE',  ( -1.000000000000000000, 0.000000000000000000, 0.000000000000000000 ) ) ;
#9907 = ORIENTED_EDGE ( 'NONE', *, *, #9700, .F. ) ;
#9908 = DIRECTION ( 'NONE',  ( -0.000000000000000000, -0.7071067811865440200, 0.7071067811865511255 ) ) ;
#9909 = CARTESIAN_POINT ( 'NONE',  ( -1.800000000000000266, -17.50000000000000000, 24.80000000000000071 ) ) ;
#9910 = ORIENTED_EDGE ( 'NONE', *, *, #12545, .F. ) ;
#9911 = VECTOR ( 'NONE', #6399, 1000.000000000000000 ) ;
#9912 = DIRECTION ( 'NONE',  ( -0.000000000000000000, 0.000000000000000000, -1.000000000000000000 ) ) ;
#9913 = AXIS2_PLACEMENT_3D ( 'NONE', #2372, #6293, #7285 ) ;
#9914 = DIRECTION ( 'NONE',  ( -1.000000000000000000, 0.000000000000000000, -0.000000000000000000 ) ) ;
#9915 = CARTESIAN_POINT ( 'NONE',  ( -1.800000000000000266, -7.300000000000022027, 1.599999999999999867 ) ) ;
#9916 = CARTESIAN_POINT ( 'NONE',  ( 70.60000000000000853, 11.79999999999999893, -11.50000000000000000 ) ) ;
#9917 = ORIENTED_EDGE ( 'NONE', *, *, #4657, .T. ) ;
#9918 = ORIENTED_EDGE ( 'NONE', *, *, #5796, .T. ) ;
#9919 = VECTOR ( 'NONE', #5361, 1000.000000000000000 ) ;
#9920 = EDGE_LOOP ( 'NONE', ( #3165, #10159, #8179, #1163 ) ) ;
#9921 = LINE ( 'NONE', #3828, #357 ) ;
#9922 = FACE_OUTER_BOUND ( 'NONE', #543, .T. ) ;
#9923 = ORIENTED_EDGE ( 'NONE', *, *, #6967, .T. ) ;
#9924 = CARTESIAN_POINT ( 'NONE',  ( 31.80000000000000071, -17.50000000000000000, 12.79999999999999893 ) ) ;
#9925 = ADVANCED_FACE ( 'NONE', ( #11297 ), #6423, .F. ) ;
#9926 = AXIS2_PLACEMENT_3D ( 'NONE', #286, #4111, #10920 ) ;
#9927 = CARTESIAN_POINT ( 'NONE',  ( 88.10693692294056234, -12.85754146025437628, -16.78284577622154927 ) ) ;
#9928 = VECTOR ( 'NONE', #3559, 1000.000000000000000 ) ;
#9929 = DIRECTION ( 'NONE',  ( 0.000000000000000000, -1.234678630588475078E-16, 1.000000000000000000 ) ) ;
#9930 = CARTESIAN_POINT ( 'NONE',  ( 70.77586318552008038, -13.24753130725345507, -16.56344790210973272 ) ) ;
#9931 = CARTESIAN_POINT ( 'NONE',  ( -1.800000000000000711, -14.21435377653569176, -15.89940053033535605 ) ) ;
#9932 = CARTESIAN_POINT ( 'NONE',  ( 150.7570364914818697, -9.099999999999996092, -7.740000000000002878 ) ) ;
#9933 = EDGE_CURVE ( 'NONE', #862, #5342, #9171, .T. ) ;
#9934 = VECTOR ( 'NONE', #6444, 1000.000000000000000 ) ;
#9935 = EDGE_LOOP ( 'NONE', ( #590, #3128 ) ) ;
#9936 = DIRECTION ( 'NONE',  ( 1.000000000000000000, -0.000000000000000000, -0.000000000000000000 ) ) ;
#9937 = DIRECTION ( 'NONE',  ( 0.000000000000000000, 0.000000000000000000, -1.000000000000000000 ) ) ;
#9938 = VECTOR ( 'NONE', #1154, 1000.000000000000000 ) ;
#9939 = EDGE_CURVE ( 'NONE', #9652, #11559, #5684, .T. ) ;
#9940 = DIRECTION ( 'NONE',  ( 0.000000000000000000, 0.000000000000000000, -1.000000000000000000 ) ) ;
#9941 = FACE_OUTER_BOUND ( 'NONE', #4045, .T. ) ;
#9942 = EDGE_LOOP ( 'NONE', ( #8145, #7321, #12485, #10660 ) ) ;
#9943 = ADVANCED_FACE ( 'NONE', ( #3869 ), #12283, .F. ) ;
#9944 = FACE_OUTER_BOUND ( 'NONE', #5213, .T. ) ;
#9945 = ORIENTED_EDGE ( 'NONE', *, *, #6316, .T. ) ;
#9946 = DIRECTION ( 'NONE',  ( 0.000000000000000000, 0.000000000000000000, -1.000000000000000000 ) ) ;
#9947 = CARTESIAN_POINT ( 'NONE',  ( -1.800000000000000266, -17.50000000000000000, 6.800000000000000711 ) ) ;
#9948 = CIRCLE ( 'NONE', #3944, 1.000000000000000888 ) ;
#9949 = ORIENTED_EDGE ( 'NONE', *, *, #761, .F. ) ;
#9950 = EDGE_LOOP ( 'NONE', ( #6159, #5745, #1334, #6607 ) ) ;
#9951 = DIRECTION ( 'NONE',  ( 0.000000000000000000, -1.000000000000000000, -1.234678630588475078E-16 ) ) ;
#9952 = EDGE_CURVE ( 'NONE', #5225, #9642, #3277, .T. ) ;
#9953 = DIRECTION ( 'NONE',  ( 0.000000000000000000, -1.084202172485503448E-16, 1.000000000000000000 ) ) ;
#9954 = FACE_BOUND ( 'NONE', #6430, .T. ) ;
#9955 = EDGE_CURVE ( 'NONE', #9482, #6694, #7216, .T. ) ;
#9956 = DIRECTION ( 'NONE',  ( -0.000000000000000000, 0.7071067811865440200, -0.7071067811865511255 ) ) ;
#9957 = ORIENTED_EDGE ( 'NONE', *, *, #7673, .T. ) ;
#9958 = LINE ( 'NONE', #4792, #6455 ) ;
#9959 = ORIENTED_EDGE ( 'NONE', *, *, #5286, .T. ) ;
#9960 = VERTEX_POINT ( 'NONE', #5910 ) ;
#9961 = ORIENTED_EDGE ( 'NONE', *, *, #11808, .T. ) ;
#9962 = VECTOR ( 'NONE', #10855, 1000.000000000000000 ) ;
#9963 = CARTESIAN_POINT ( 'NONE',  ( 17.00677727426996810, -9.494633136679889063, -1.800000000000000044 ) ) ;
#9964 = ORIENTED_EDGE ( 'NONE', *, *, #8137, .T. ) ;
#9965 = EDGE_LOOP ( 'NONE', ( #2022, #439, #829, #5732 ) ) ;
#9966 = VECTOR ( 'NONE', #10522, 1000.000000000000114 ) ;
#9967 = CARTESIAN_POINT ( 'NONE',  ( 43.24999999996618527, -3.899999999944617990, -0.2000000000000006217 ) ) ;
#9968 = FACE_OUTER_BOUND ( 'NONE', #2167, .T. ) ;
#9969 = CARTESIAN_POINT ( 'NONE',  ( 62.80000000000001137, -19.10000000000000142, 22.79999999999999361 ) ) ;
#9970 = ORIENTED_EDGE ( 'NONE', *, *, #6531, .F. ) ;
#9971 = FACE_OUTER_BOUND ( 'NONE', #1114, .T. ) ;
#9972 = CARTESIAN_POINT ( 'NONE',  ( 35.80000000000000426, -19.10000000000000142, 13.79999999999999361 ) ) ;
#9973 = CARTESIAN_POINT ( 'NONE',  ( 62.80000000000001137, -17.50000000000000000, 32.79999999999999716 ) ) ;
#9974 = VERTEX_POINT ( 'NONE', #703 ) ;
#9975 = VERTEX_POINT ( 'NONE', #8395 ) ;
#9976 = EDGE_CURVE ( 'NONE', #4667, #537, #8108, .T. ) ;
#9977 = ADVANCED_FACE ( 'NONE', ( #1749 ), #10880, .F. ) ;
#9978 = DIRECTION ( 'NONE',  ( 0.000000000000000000, 0.000000000000000000, -1.000000000000000000 ) ) ;
#9979 = DIRECTION ( 'NONE',  ( -1.000000000000000000, -0.000000000000000000, -0.000000000000000000 ) ) ;
#9980 = B_SPLINE_CURVE_WITH_KNOTS ( 'NONE', 3,
 ( #11438, #10392, #3569, #12310, #12421, #8460, #2690, #9451, #3645, #4606, #1751, #11403, #4481, #5628, #12268, #12381, #6573, #6451, #762, #2772, #9495, #3683, #7558, #8507, #7599, #1798, #9533, #11276, #7438, #8375, #2601, #4698, #2818, #9711, #1982, #10557, #8725, #9746, #6712, #1933, #3768, #3901, #11485, #5720, #888, #11622, #10691, #1880, #11667, #2863, #5810, #30, #10513, #11577, #7761, #5852, #4784, #12552, #69, #6842, #9615, #1022, #8682, #1839, #5766, #9664, #7802, #8771, #842, #3853, #6667, #8596, #6753, #928 ),
 .UNSPECIFIED., .F., .F.,
 ( 4, 2, 1, 1, 2, 2, 2, 1, 1, 2, 2, 2, 1, 1, 2, 2, 2, 1, 1, 2, 2, 2, 1, 1, 2, 2, 2, 1, 1, 2, 2, 1, 1, 2, 2, 1, 1, 1, 2, 2, 2, 1, 1, 1, 2, 2, 4 ),
 ( 0.000000000000000000, 0.06250000000000575928, 0.09375000000000818789, 0.1093750000000094785, 0.1171875000000097145, 0.1250000000000099643, 0.1875000000000053013, 0.2187500000000029698, 0.2343750000000018041, 0.2421875000000011935, 0.2500000000000005551, 0.3124999999999987232, 0.3437499999999977796, 0.3593749999999973355, 0.3671874999999975020, 0.3749999999999976130, 0.4374999999999998335, 0.4687500000000009437, 0.4843750000000013323, 0.4921875000000009437, 0.5000000000000005551, 0.5624999999999947820, 0.5937499999999922284, 0.6093749999999913403, 0.6171874999999908962, 0.6249999999999905631, 0.6874999999999882316, 0.7187499999999873435, 0.7343749999999872324, 0.7421874999999866773, 0.7499999999999861222, 0.7812499999999852340, 0.7968749999999852340, 0.8046874999999847899, 0.8124999999999842348, 0.8437499999999806821, 0.8593749999999792388, 0.8671874999999790168, 0.8710937499999787947, 0.8749999999999785727, 0.9062499999999783507, 0.9218749999999785727, 0.9296874999999787947, 0.9335937499999792388, 0.9355468749999794609, 0.9374999999999795719, 1.000000000000000000 ),
 .UNSPECIFIED. ) ;
#9981 = DIRECTION ( 'NONE',  ( -0.000000000000000000, 1.000000000000000000, 3.001251688541188813E-16 ) ) ;
#9982 = DIRECTION ( 'NONE',  ( 0.000000000000000000, 0.000000000000000000, 1.000000000000000000 ) ) ;
#9983 = DIRECTION ( 'NONE',  ( -1.000000000000000000, -1.734723475976808080E-16, 0.000000000000000000 ) ) ;
#9984 = DIRECTION ( 'NONE',  ( 0.000000000000000000, -1.000000000000000000, -1.234678630588475078E-16 ) ) ;
#9985 = DIRECTION ( 'NONE',  ( 0.000000000000000000, 2.168404344971006896E-16, -1.000000000000000000 ) ) ;
#9986 = CARTESIAN_POINT ( 'NONE',  ( 6.129999999999543370, -3.309999999999783338, -1.189999999999431290 ) ) ;
#9987 = VERTEX_POINT ( 'NONE', #9853 ) ;
#9988 = VECTOR ( 'NONE', #7299, 1000.000000000000000 ) ;
#9989 = ORIENTED_EDGE ( 'NONE', *, *, #8968, .F. ) ;
#9990 = ORIENTED_EDGE ( 'NONE', *, *, #2655, .T. ) ;
#9991 = EDGE_LOOP ( 'NONE', ( #4463, #12041, #1823, #7465 ) ) ;
#9992 = CARTESIAN_POINT ( 'NONE',  ( 3.799999999999999378, -19.10000000000000142, 30.80000000000000071 ) ) ;
#9993 = FACE_OUTER_BOUND ( 'NONE', #5029, .T. ) ;
#9994 = VECTOR ( 'NONE', #915, 1000.000000000000114 ) ;
#9995 = EDGE_LOOP ( 'NONE', ( #4533, #9337, #9460, #12269 ) ) ;
#9996 = CARTESIAN_POINT ( 'NONE',  ( -1.800000000000000266, -9.500000000000001776, 44.79999999999999716 ) ) ;
#9997 = ADVANCED_FACE ( 'NONE', ( #1141 ), #2371, .F. ) ;
#9998 = DIRECTION ( 'NONE',  ( 0.000000000000000000, 0.000000000000000000, 1.000000000000000000 ) ) ;
#9999 = AXIS2_PLACEMENT_3D ( 'NONE', #9250, #12148, #6326 ) ;
#10000 = DIRECTION ( 'NONE',  ( 0.000000000000000000, 0.000000000000000000, -1.000000000000000000 ) ) ;
#10001 = ORIENTED_EDGE ( 'NONE', *, *, #2596, .F. ) ;
#10002 = LINE ( 'NONE', #6911, #735 ) ;
#10003 = DIRECTION ( 'NONE',  ( -0.000000000000000000, 1.000000000000000000, 0.000000000000000000 ) ) ;
#10004 = ORIENTED_EDGE ( 'NONE', *, *, #7672, .F. ) ;
#10005 = VECTOR ( 'NONE', #9596, 1000.000000000000000 ) ;
#10006 = FACE_OUTER_BOUND ( 'NONE', #3063, .T. ) ;
#10007 = CARTESIAN_POINT ( 'NONE',  ( 34.80000000000000426, -19.10000000000000142, 33.79999999999999716 ) ) ;
#10008 = ORIENTED_EDGE ( 'NONE', *, *, #7591, .F. ) ;
#10009 = DIRECTION ( 'NONE',  ( -0.000000000000000000, -0.7071067811865440200, 0.7071067811865511255 ) ) ;
#10010 = EDGE_LOOP ( 'NONE', ( #2278, #7920, #10216, #7298 ) ) ;
#10011 = LINE ( 'NONE', #10217, #7432 ) ;
#10012 = LINE ( 'NONE', #11598, #9082 ) ;
#10013 = DIRECTION ( 'NONE',  ( 0.000000000000000000, -1.000000000000000000, -1.301042607008020201E-16 ) ) ;
#10014 = AXIS2_PLACEMENT_3D ( 'NONE', #4891, #961, #5884 ) ;
#10015 = DIRECTION ( 'NONE',  ( 1.000000000000000000, -0.000000000000000000, -0.000000000000000000 ) ) ;
#10016 = LINE ( 'NONE', #5516, #9844 ) ;
#10017 = VECTOR ( 'NONE', #3137, 1000.000000000000000 ) ;
#10018 = CARTESIAN_POINT ( 'NONE',  ( -1.353439492770178942, -12.41966975670542261, -16.99971670502815613 ) ) ;
#10019 = CARTESIAN_POINT ( 'NONE',  ( 34.80000000000000426, -17.50000000000000000, 44.79999999999999005 ) ) ;
#10020 = DIRECTION ( 'NONE',  ( 0.000000000000000000, -1.000000000000000000, -1.234678630588475078E-16 ) ) ;
#10021 = ORIENTED_EDGE ( 'NONE', *, *, #3477, .F. ) ;
#10022 = DIRECTION ( 'NONE',  ( 0.000000000000000000, 0.000000000000000000, -1.000000000000000000 ) ) ;
#10023 = CARTESIAN_POINT ( 'NONE',  ( 4.799999999999999822, -19.10000000000000142, 22.80000000000000071 ) ) ;
#10024 = EDGE_LOOP ( 'NONE', ( #2544, #3846, #4244, #7032, #9080, #3797 ) ) ;
#10026 = ORIENTED_EDGE ( 'NONE', *, *, #10830, .F. ) ;
#10025 = FACE_OUTER_BOUND ( 'NONE', #8543, .T. ) ;
#10027 = CARTESIAN_POINT ( 'NONE',  ( 1.800000000000000044, -9.099999999999994316, -17.74000000000000199 ) ) ;
#10028 = CIRCLE ( 'NONE', #12092, 1.000000000000000888 ) ;
#10029 = EDGE_CURVE ( 'NONE', #3655, #9880, #7949, .T. ) ;
#10030 = EDGE_CURVE ( 'NONE', #307, #3933, #10094, .T. ) ;
#10031 = ORIENTED_EDGE ( 'NONE', *, *, #6521, .T. ) ;
#10032 = ORIENTED_EDGE ( 'NONE', *, *, #5719, .F. ) ;
#10033 = ADVANCED_FACE ( 'NONE', ( #5838 ), #11763, .T. ) ;
#10034 = CARTESIAN_POINT ( 'NONE',  ( 56.39999999999999858, -3.200000000000003286, -0.7999999999999999334 ) ) ;
#10035 = LINE ( 'NONE', #11230, #12146 ) ;
#10036 = EDGE_CURVE ( 'NONE', #2927, #21, #6596, .T. ) ;
#10037 = ORIENTED_EDGE ( 'NONE', *, *, #10939, .T. ) ;
#10038 = VERTEX_POINT ( 'NONE', #10796 ) ;
#10039 =( GEOMETRIC_REPRESENTATION_CONTEXT ( 3 ) GLOBAL_UNCERTAINTY_ASSIGNED_CONTEXT ( ( #9673 ) ) GLOBAL_UNIT_ASSIGNED_CONTEXT ( ( #6371, #3337, #10157 ) ) REPRESENTATION_CONTEXT ( 'NONE', 'WORKASPACE' ) );
#10040 = FACE_OUTER_BOUND ( 'NONE', #10484, .T. ) ;
#10041 = EDGE_CURVE ( 'NONE', #11874, #11067, #9775, .T. ) ;
#10042 = CARTESIAN_POINT ( 'NONE',  ( 4.800000000000000711, -19.10000000000000142, 10.79999999999999893 ) ) ;
#10043 = EDGE_LOOP ( 'NONE', ( #7613, #6735, #10568, #6835 ) ) ;
#10044 = VECTOR ( 'NONE', #10299, 1000.000000000000000 ) ;
#10045 = CARTESIAN_POINT ( 'NONE',  ( 87.39999999999999147, -17.50000000000000355, 21.29999999999972360 ) ) ;
#10046 = PLANE ( 'NONE',  #10219 ) ;
#10047 = ORIENTED_EDGE ( 'NONE', *, *, #5236, .F. ) ;
#10048 = VECTOR ( 'NONE', #9956, 1000.000000000000000 ) ;
#10049 = ADVANCED_FACE ( 'NONE', ( #5995 ), #10846, .F. ) ;
#10050 = ORIENTED_EDGE ( 'NONE', *, *, #10767, .T. ) ;
#10051 = CARTESIAN_POINT ( 'NONE',  ( 88.40000000000000568, -14.40659966456864893, -15.73999999999999666 ) ) ;
#10052 = VECTOR ( 'NONE', #12160, 1000.000000000000000 ) ;
#10053 = VERTEX_POINT ( 'NONE', #12181 ) ;
#10054 = DIRECTION ( 'NONE',  ( 0.000000000000000000, -0.000000000000000000, 1.000000000000000000 ) ) ;
#10055 = CARTESIAN_POINT ( 'NONE',  ( -0.8000000000000001554, -4.100000000000000533, 6.599999999999999645 ) ) ;
#10056 = CIRCLE ( 'NONE', #1057, 1.000000000000000888 ) ;
#10057 = CARTESIAN_POINT ( 'NONE',  ( -1.800000000000000266, -17.50000000000000000, 42.80000000000000426 ) ) ;
#10058 = VECTOR ( 'NONE', #511, 1000.000000000000000 ) ;
#10059 = DIRECTION ( 'NONE',  ( -1.734723475976808080E-16, 1.000000000000000000, 0.000000000000000000 ) ) ;
#10060 = VERTEX_POINT ( 'NONE', #2603 ) ;
#10061 = CARTESIAN_POINT ( 'NONE',  ( 4.800000000000001599, -17.50000000000000711, 41.80000000000000426 ) ) ;
#10062 = FACE_OUTER_BOUND ( 'NONE', #12178, .T. ) ;
#10063 = CARTESIAN_POINT ( 'NONE',  ( -1.799999999999999378, -3.200000000000001510, -0.2000000000000005107 ) ) ;
#10064 = CARTESIAN_POINT ( 'NONE',  ( 31.80000000000000071, -19.10000000000000142, 38.80000000000000426 ) ) ;
#10065 = AXIS2_PLACEMENT_3D ( 'NONE', #7416, #4408, #6380 ) ;
#10066 = VERTEX_POINT ( 'NONE', #487 ) ;
#10067 = DIRECTION ( 'NONE',  ( 0.000000000000000000, -1.000000000000000000, 0.000000000000000000 ) ) ;
#10068 = FACE_OUTER_BOUND ( 'NONE', #2616, .T. ) ;
#10069 = VERTEX_POINT ( 'NONE', #2533 ) ;
#10070 = FACE_OUTER_BOUND ( 'NONE', #1432, .T. ) ;
#10071 = CARTESIAN_POINT ( 'NONE',  ( 62.80000000000001137, -17.50000000000000000, 5.799999999999999822 ) ) ;
#10072 = LINE ( 'NONE', #9601, #3105 ) ;
#10073 = CARTESIAN_POINT ( 'NONE',  ( 86.79999999999999716, -17.50000000000000355, 21.29999999999972360 ) ) ;
#10074 = ORIENTED_EDGE ( 'NONE', *, *, #4240, .F. ) ;
#10075 = ORIENTED_EDGE ( 'NONE', *, *, #8573, .T. ) ;
#10076 = LINE ( 'NONE', #5967, #2972 ) ;
#10077 = CARTESIAN_POINT ( 'NONE',  ( 86.70220717514679620, -9.873953243240581656, -17.71020630344670366 ) ) ;
#10078 = EDGE_LOOP ( 'NONE', ( #324, #1739, #8698, #11928, #5517 ) ) ;
#10079 = VERTEX_POINT ( 'NONE', #6252 ) ;
#10080 = AXIS2_PLACEMENT_3D ( 'NONE', #9528, #7262, #9184 ) ;
#10081 = FACE_OUTER_BOUND ( 'NONE', #10835, .T. ) ;
#10082 = DIRECTION ( 'NONE',  ( -0.7071067811865272557, 0.7071067811865678898, 2.122205421015111796E-16 ) ) ;
#10083 = DIRECTION ( 'NONE',  ( 1.000000000000000000, -0.000000000000000000, -0.000000000000000000 ) ) ;
#10084 = DIRECTION ( 'NONE',  ( -1.000000000000000000, 1.311074900679436716E-14, 1.399999999999986619E-14 ) ) ;
#10085 = PLANE ( 'NONE',  #1963 ) ;
#10086 = ORIENTED_EDGE ( 'NONE', *, *, #7320, .T. ) ;
#10087 = LINE ( 'NONE', #8095, #973 ) ;
#10088 = VECTOR ( 'NONE', #163, 1000.000000000000000 ) ;
#10089 = CIRCLE ( 'NONE', #9067, 1.000000000000000888 ) ;
#10090 = ORIENTED_EDGE ( 'NONE', *, *, #1175, .F. ) ;
#10091 = CARTESIAN_POINT ( 'NONE',  ( 87.35823007684385288, -11.02737508279716749, -17.49653817117676979 ) ) ;
#10092 = ORIENTED_EDGE ( 'NONE', *, *, #11648, .T. ) ;
#10093 = CARTESIAN_POINT ( 'NONE',  ( 87.71397013349846361, -11.82120606989917277, -17.24782495273029781 ) ) ;
#10094 = LINE ( 'NONE', #8872, #7516 ) ;
#10095 = VECTOR ( 'NONE', #6170, 1000.000000000000000 ) ;
#10096 = DIRECTION ( 'NONE',  ( 0.000000000000000000, -1.000000000000000000, -1.301042607008020201E-16 ) ) ;
#10097 = CARTESIAN_POINT ( 'NONE',  ( 34.80000000000000426, -19.10000000000000142, 41.79999999999999005 ) ) ;
#10098 = EDGE_CURVE ( 'NONE', #6757, #11295, #822, .T. ) ;
#10099 = CARTESIAN_POINT ( 'NONE',  ( 62.80000000000001137, -19.09999999999999787, 5.799999999999999822 ) ) ;
#10100 = DIRECTION ( 'NONE',  ( -1.000000000000000000, -0.000000000000000000, -0.000000000000000000 ) ) ;
#10101 = DIRECTION ( 'NONE',  ( 0.000000000000000000, 0.000000000000000000, -1.000000000000000000 ) ) ;
#10102 = EDGE_CURVE ( 'NONE', #4524, #6317, #8235, .T. ) ;
#10103 = VECTOR ( 'NONE', #3985, 1000.000000000000000 ) ;
#10104 = DIRECTION ( 'NONE',  ( 0.000000000000000000, 0.000000000000000000, 1.000000000000000000 ) ) ;
#10105 = ORIENTED_EDGE ( 'NONE', *, *, #1919, .F. ) ;
#10106 = ORIENTED_EDGE ( 'NONE', *, *, #8213, .F. ) ;
#10107 = CIRCLE ( 'NONE', #9609, 1.249999999975582199 ) ;
#10108 = EDGE_LOOP ( 'NONE', ( #11983, #9524, #5482, #3863 ) ) ;
#10109 = VERTEX_POINT ( 'NONE', #5413 ) ;
#10110 = VECTOR ( 'NONE', #10245, 1000.000000000000000 ) ;
#10111 = CARTESIAN_POINT ( 'NONE',  ( 87.29138672890053385, -11.45767369777799871, -17.46102821380221215 ) ) ;
#10112 = VECTOR ( 'NONE', #8264, 1000.000000000000000 ) ;
#10113 = CARTESIAN_POINT ( 'NONE',  ( 31.80000000000000071, -17.50000000000000711, 45.79999999999999716 ) ) ;
#10114 = DIRECTION ( 'NONE',  ( 0.000000000000000000, -1.000000000000000000, -1.234678630588475078E-16 ) ) ;
#10115 = ADVANCED_FACE ( 'NONE', ( #5987 ), #1745, .F. ) ;
#10116 = CARTESIAN_POINT ( 'NONE',  ( 71.48558980056947121, -12.13151545375104767, -17.26977953979353586 ) ) ;
#10117 = AXIS2_PLACEMENT_3D ( 'NONE', #1986, #3005, #3050 ) ;
#10118 = VERTEX_POINT ( 'NONE', #11161 ) ;
#10119 = VERTEX_POINT ( 'NONE', #9334 ) ;
#10120 = EDGE_CURVE ( 'NONE', #423, #4467, #816, .T. ) ;
#10121 = VERTEX_POINT ( 'NONE', #1547 ) ;
#10122 = CARTESIAN_POINT ( 'NONE',  ( 62.80000000000001137, -17.50000000000000355, 29.79999999999999361 ) ) ;
#10123 = EDGE_CURVE ( 'NONE', #12424, #10395, #2659, .T. ) ;
#10124 = VECTOR ( 'NONE', #4012, 1000.000000000000000 ) ;
#10125 = ORIENTED_EDGE ( 'NONE', *, *, #4417, .F. ) ;
#10126 = EDGE_CURVE ( 'NONE', #5014, #8096, #7059, .T. ) ;
#10127 = CARTESIAN_POINT ( 'NONE',  ( 87.29408082859156082, -11.46753059012559461, -17.45643793713827563 ) ) ;
#10128 = ORIENTED_EDGE ( 'NONE', *, *, #4255, .T. ) ;
#10129 = ORIENTED_EDGE ( 'NONE', *, *, #8230, .F. ) ;
#10130 = VERTEX_POINT ( 'NONE', #526 ) ;
#10131 = CARTESIAN_POINT ( 'NONE',  ( 3.800000000000001155, -19.10000000000000142, 10.79999999999999893 ) ) ;
#10132 = CIRCLE ( 'NONE', #6572, 1.000000000000000888 ) ;
#10133 = CARTESIAN_POINT ( 'NONE',  ( 29.84999999996615117, -3.200000000000001510, -1.800000000000000044 ) ) ;
#10134 = CARTESIAN_POINT ( 'NONE',  ( 87.77970505393675182, -13.07142685129934456, -16.91778255998684699 ) ) ;
#10135 = EDGE_CURVE ( 'NONE', #4335, #3587, #1582, .T. ) ;
#10136 = EDGE_CURVE ( 'NONE', #4322, #9681, #527, .T. ) ;
#10137 = VERTEX_POINT ( 'NONE', #1201 ) ;
#10138 = DIRECTION ( 'NONE',  ( 0.000000000000000000, 0.000000000000000000, -1.000000000000000000 ) ) ;
#10139 = DIRECTION ( 'NONE',  ( 0.000000000000000000, -1.000000000000000000, -1.234678630588475078E-16 ) ) ;
#10140 = ORIENTED_EDGE ( 'NONE', *, *, #10171, .T. ) ;
#10141 = DIRECTION ( 'NONE',  ( 0.000000000000000000, 0.7071067811865491270, -0.7071067811865459074 ) ) ;
#10142 = LINE ( 'NONE', #2115, #8765 ) ;
#10143 = VERTEX_POINT ( 'NONE', #3467 ) ;
#10144 = FACE_OUTER_BOUND ( 'NONE', #2510, .T. ) ;
#10145 = DIRECTION ( 'NONE',  ( 1.000000000000000000, -1.400000000000000345E-14, 0.000000000000000000 ) ) ;
#10146 = CARTESIAN_POINT ( 'NONE',  ( 68.40000000000000568, -13.20000000000000107, -1.800000000000000044 ) ) ;
#10147 = VECTOR ( 'NONE', #4775, 1000.000000000000000 ) ;
#10148 = ORIENTED_EDGE ( 'NONE', *, *, #3673, .F. ) ;
#10149 = ORIENTED_EDGE ( 'NONE', *, *, #2907, .F. ) ;
#10150 = CARTESIAN_POINT ( 'NONE',  ( -1.800000000000000266, 11.79999999999999893, -11.50000000000000000 ) ) ;
#10151 = VECTOR ( 'NONE', #12411, 1000.000000000000000 ) ;
#10152 = CARTESIAN_POINT ( 'NONE',  ( 59.79999999999999716, -19.10000000000000142, 49.29999999999999716 ) ) ;
#10153 = ORIENTED_EDGE ( 'NONE', *, *, #11006, .T. ) ;
#10154 = EDGE_CURVE ( 'NONE', #6228, #648, #238, .T. ) ;
#10155 = CARTESIAN_POINT ( 'NONE',  ( 71.21746503605750434, -13.08124055020327781, -16.91415815875548034 ) ) ;
#10156 = CIRCLE ( 'NONE', #12267, 1.000000000000000888 ) ;
#10157 =( NAMED_UNIT ( * ) SI_UNIT ( $, .STERADIAN. ) SOLID_ANGLE_UNIT ( ) );
#10158 = ADVANCED_FACE ( 'NONE', ( #7211 ), #12045, .T. ) ;
#10159 = ORIENTED_EDGE ( 'NONE', *, *, #4962, .T. ) ;
#10160 = VERTEX_POINT ( 'NONE', #5075 ) ;
#10161 = DIRECTION ( 'NONE',  ( 0.000000000000000000, 0.000000000000000000, -1.000000000000000000 ) ) ;
#10163 = ORIENTED_EDGE ( 'NONE', *, *, #2973, .T. ) ;
#10162 = VECTOR ( 'NONE', #7065, 1000.000000000000000 ) ;
#10164 = CARTESIAN_POINT ( 'NONE',  ( 3.800000000000001155, -17.50000000000000000, 12.79999999999999893 ) ) ;
#10165 = CARTESIAN_POINT ( 'NONE',  ( 35.80000000000000426, -19.10000000000000142, 33.79999999999999716 ) ) ;
#10166 = DIRECTION ( 'NONE',  ( 0.000000000000000000, 0.000000000000000000, 1.000000000000000000 ) ) ;
#10167 = EDGE_CURVE ( 'NONE', #6022, #12017, #9466, .T. ) ;
#10168 = ORIENTED_EDGE ( 'NONE', *, *, #134, .F. ) ;
#10169 = DIRECTION ( 'NONE',  ( 0.000000000000000000, -1.000000000000000000, 0.000000000000000000 ) ) ;
#10170 = ADVANCED_FACE ( 'NONE', ( #6907 ), #11717, .F. ) ;
#10171 = EDGE_CURVE ( 'NONE', #2120, #442, #88, .T. ) ;
#10172 = CARTESIAN_POINT ( 'NONE',  ( 86.42902335732826202, -9.156873924675295484, -17.73984228883062997 ) ) ;
#10173 = CARTESIAN_POINT ( 'NONE',  ( 87.09002212396617892, -10.46988888160690223, -17.61720008179608143 ) ) ;
#10174 = CARTESIAN_POINT ( 'NONE',  ( -1.800000000000000488, 11.79999999999999893, -11.50000000000000000 ) ) ;
#10175 = DIRECTION ( 'NONE',  ( 0.000000000000000000, -1.000000000000000000, 0.000000000000000000 ) ) ;
#10176 = ORIENTED_EDGE ( 'NONE', *, *, #8155, .T. ) ;
#10177 = CARTESIAN_POINT ( 'NONE',  ( 4.799999999999999822, -19.10000000000000497, 37.79999999999999716 ) ) ;
#10178 = VECTOR ( 'NONE', #697, 1000.000000000000114 ) ;
#10179 = ORIENTED_EDGE ( 'NONE', *, *, #11496, .F. ) ;
#10180 = AXIS2_PLACEMENT_3D ( 'NONE', #8324, #12171, #7429 ) ;
#10181 = FACE_BOUND ( 'NONE', #11776, .T. ) ;
#10182 = EDGE_CURVE ( 'NONE', #10719, #48, #11431, .T. ) ;
#10183 = CARTESIAN_POINT ( 'NONE',  ( 86.44644258031583206, -9.218509434662328417, -17.73934150620583949 ) ) ;
#10184 = ORIENTED_EDGE ( 'NONE', *, *, #5712, .F. ) ;
#10185 = CARTESIAN_POINT ( 'NONE',  ( -1.000000000000000000, -4.545900930049277200, 16.39936534720461125 ) ) ;
#10186 = EDGE_CURVE ( 'NONE', #5470, #5812, #4903, .T. ) ;
#10187 = ORIENTED_EDGE ( 'NONE', *, *, #4872, .T. ) ;
#10188 = LINE ( 'NONE', #80, #4392 ) ;
#10189 = CARTESIAN_POINT ( 'NONE',  ( 4.199999999999995737, -0.09999999999999939493, 56.79999999999999716 ) ) ;
#10190 = ORIENTED_EDGE ( 'NONE', *, *, #9489, .T. ) ;
#10191 = CARTESIAN_POINT ( 'NONE',  ( 71.37245603178706688, -12.50386631843884189, -17.14356971342152036 ) ) ;
#10192 = DIRECTION ( 'NONE',  ( 1.000000000000000000, 0.000000000000000000, -0.000000000000000000 ) ) ;
#10193 = ORIENTED_EDGE ( 'NONE', *, *, #12077, .F. ) ;
#10194 = LINE ( 'NONE', #5680, #1102 ) ;
#10195 = LINE ( 'NONE', #11788, #5307 ) ;
#10196 = VERTEX_POINT ( 'NONE', #12216 ) ;
#10197 = EDGE_CURVE ( 'NONE', #607, #11586, #1433, .T. ) ;
#10198 = ORIENTED_EDGE ( 'NONE', *, *, #4028, .F. ) ;
#10199 = FACE_OUTER_BOUND ( 'NONE', #7795, .T. ) ;
#10200 = CARTESIAN_POINT ( 'NONE',  ( 86.53762844266938714, -9.451437546266349798, -17.73382352319903532 ) ) ;
#10201 = EDGE_CURVE ( 'NONE', #9691, #911, #7507, .T. ) ;
#10202 = CARTESIAN_POINT ( 'NONE',  ( 14.19999999999999041, -0.09999999999999882594, 57.79999999999999716 ) ) ;
#10203 = EDGE_CURVE ( 'NONE', #2664, #12107, #4440, .T. ) ;
#10204 = LINE ( 'NONE', #1318, #6561 ) ;
#10205 = DIRECTION ( 'NONE',  ( 1.000000000000000000, 0.000000000000000000, 0.000000000000000000 ) ) ;
#10206 = DIRECTION ( 'NONE',  ( 1.257045997084642365E-16, 0.000000000000000000, 1.000000000000000000 ) ) ;
#10207 = ORIENTED_EDGE ( 'NONE', *, *, #846, .T. ) ;
#10208 = VERTEX_POINT ( 'NONE', #5445 ) ;
#10209 = FACE_OUTER_BOUND ( 'NONE', #11516, .T. ) ;
#10210 = DIRECTION ( 'NONE',  ( -0.000000000000000000, 1.000000000000000000, 3.001251688541188813E-16 ) ) ;
#10211 = ADVANCED_FACE ( 'NONE', ( #7360 ), #3261, .F. ) ;
#10212 = DIRECTION ( 'NONE',  ( 0.000000000000000000, 0.000000000000000000, -1.000000000000000000 ) ) ;
#10213 = CARTESIAN_POINT ( 'NONE',  ( 70.20000000000001705, 11.79999999999999893, -11.50000000000000000 ) ) ;
#10214 = ORIENTED_EDGE ( 'NONE', *, *, #4651, .T. ) ;
#10215 = DIRECTION ( 'NONE',  ( -1.000000000000000000, 0.000000000000000000, -0.000000000000000000 ) ) ;
#10216 = ORIENTED_EDGE ( 'NONE', *, *, #1853, .T. ) ;
#10217 = CARTESIAN_POINT ( 'NONE',  ( 87.40000000000000568, -16.69999999999999929, -13.70000000000000107 ) ) ;
#10218 = CIRCLE ( 'NONE', #1500, 1.000000000000000888 ) ;
#10219 = AXIS2_PLACEMENT_3D ( 'NONE', #1430, #9173, #11027 ) ;
#10220 = DIRECTION ( 'NONE',  ( 0.000000000000000000, 0.000000000000000000, -1.000000000000000000 ) ) ;
#10221 = VERTEX_POINT ( 'NONE', #3528 ) ;
#10222 = LINE ( 'NONE', #9468, #7937 ) ;
#10223 = ORIENTED_EDGE ( 'NONE', *, *, #9121, .T. ) ;
#10224 = ORIENTED_EDGE ( 'NONE', *, *, #2946, .T. ) ;
#10225 = EDGE_CURVE ( 'NONE', #11441, #5186, #11899, .T. ) ;
#10226 = VECTOR ( 'NONE', #12170, 1000.000000000000000 ) ;
#10227 = CARTESIAN_POINT ( 'NONE',  ( 86.79999999999999716, -0.1000000000000000056, 39.19999999999971863 ) ) ;
#10228 = VERTEX_POINT ( 'NONE', #6486 ) ;
#10229 = ORIENTED_EDGE ( 'NONE', *, *, #11615, .F. ) ;
#10230 = DIRECTION ( 'NONE',  ( 0.000000000000000000, 0.000000000000000000, 1.000000000000000000 ) ) ;
#10231 = LINE ( 'NONE', #11362, #2812 ) ;
#10232 = CARTESIAN_POINT ( 'NONE',  ( 71.53352956501535687, -11.98173982107696567, -17.31579372127458782 ) ) ;
#10233 = DIRECTION ( 'NONE',  ( 0.000000000000000000, -1.000000000000000000, 0.000000000000000000 ) ) ;
#10234 = CIRCLE ( 'NONE', #5395, 2.149999999999999023 ) ;
#10235 = ORIENTED_EDGE ( 'NONE', *, *, #1422, .T. ) ;
#10236 = LINE ( 'NONE', #5731, #9016 ) ;
#10237 = ORIENTED_EDGE ( 'NONE', *, *, #7038, .T. ) ;
#10238 = DIRECTION ( 'NONE',  ( -0.000000000000000000, 1.000000000000000000, -0.000000000000000000 ) ) ;
#10239 = LINE ( 'NONE', #2923, #3711 ) ;
#10240 = EDGE_LOOP ( 'NONE', ( #7741, #11340, #10501, #2095, #10214, #7670 ) ) ;
#10241 = AXIS2_PLACEMENT_3D ( 'NONE', #1411, #9193, #11970 ) ;
#10242 = VECTOR ( 'NONE', #5432, 1000.000000000000000 ) ;
#10243 = CARTESIAN_POINT ( 'NONE',  ( 63.80000000000001137, -17.50000000000000000, 37.79999999999999005 ) ) ;
#10244 = ORIENTED_EDGE ( 'NONE', *, *, #6449, .F. ) ;
#10245 = DIRECTION ( 'NONE',  ( 1.000000000000000000, 0.000000000000000000, 0.000000000000000000 ) ) ;
#10246 = CARTESIAN_POINT ( 'NONE',  ( -1.800000000000000266, -9.500000000000001776, 16.80000000000000071 ) ) ;
#10247 = FACE_BOUND ( 'NONE', #8777, .T. ) ;
#10248 = CARTESIAN_POINT ( 'NONE',  ( 86.79999999999999716, -17.50000000000020250, 54.39999999999972857 ) ) ;
#10249 = LINE ( 'NONE', #6499, #6767 ) ;
#10250 = CARTESIAN_POINT ( 'NONE',  ( 35.80000000000000426, -17.50000000000000000, 5.799999999999999822 ) ) ;
#10251 = CARTESIAN_POINT ( 'NONE',  ( 87.45786133482749847, -11.24243212949426152, -17.43745892585383572 ) ) ;
#10252 = ORIENTED_EDGE ( 'NONE', *, *, #8245, .T. ) ;
#10253 = ORIENTED_EDGE ( 'NONE', *, *, #6869, .T. ) ;
#10254 = ORIENTED_EDGE ( 'NONE', *, *, #8569, .F. ) ;
#10255 = DIRECTION ( 'NONE',  ( 0.000000000000000000, -1.000000000000000000, -1.234678630588475078E-16 ) ) ;
#10256 = EDGE_CURVE ( 'NONE', #4641, #11950, #6576, .T. ) ;
#10257 = CIRCLE ( 'NONE', #8602, 1.000000000000000888 ) ;
#10258 = DIRECTION ( 'NONE',  ( -0.000000000000000000, 0.000000000000000000, -1.000000000000000000 ) ) ;
#10259 = DIRECTION ( 'NONE',  ( 0.000000000000000000, 0.000000000000000000, 1.000000000000000000 ) ) ;
#10260 = CARTESIAN_POINT ( 'NONE',  ( 16.19999999999999218, -0.09999999999999889533, 57.79999999999999716 ) ) ;
#10261 = VECTOR ( 'NONE', #10238, 1000.000000000000000 ) ;
#10262 = DIRECTION ( 'NONE',  ( -0.000000000000000000, 1.000000000000000000, 3.001251688541188813E-16 ) ) ;
#10263 = EDGE_CURVE ( 'NONE', #10196, #9017, #960, .T. ) ;
#10264 = DIRECTION ( 'NONE',  ( -0.7071067811865524577, 0.7071067811865426878, 0.000000000000000000 ) ) ;
#10265 = DIRECTION ( 'NONE',  ( 0.000000000000000000, 0.000000000000000000, 1.000000000000000000 ) ) ;
#10266 = DIRECTION ( 'NONE',  ( 0.000000000000000000, 0.000000000000000000, -1.000000000000000000 ) ) ;
#10267 = VERTEX_POINT ( 'NONE', #4430 ) ;
#10268 = CIRCLE ( 'NONE', #3116, 1.000000000000000888 ) ;
#10269 = EDGE_LOOP ( 'NONE', ( #11220, #11413, #5756, #6035 ) ) ;
#10270 = ORIENTED_EDGE ( 'NONE', *, *, #1422, .F. ) ;
#10271 = CARTESIAN_POINT ( 'NONE',  ( 2.597336699068659716, -10.68986537665931635, -17.57515824943682503 ) ) ;
#10272 = VERTEX_POINT ( 'NONE', #4353 ) ;
#10273 = VERTEX_POINT ( 'NONE', #7351 ) ;
#10274 = DIRECTION ( 'NONE',  ( 0.000000000000000000, -0.000000000000000000, 1.000000000000000000 ) ) ;
#10275 = EDGE_CURVE ( 'NONE', #10982, #12379, #3988, .T. ) ;
#10276 = CARTESIAN_POINT ( 'NONE',  ( 71.00387627610906804, -14.42194677583439599, -16.20718270682595374 ) ) ;
#10277 = AXIS2_PLACEMENT_3D ( 'NONE', #8924, #3426, #3510 ) ;
#10278 = EDGE_CURVE ( 'NONE', #6501, #1125, #7198, .T. ) ;
#10279 = ORIENTED_EDGE ( 'NONE', *, *, #6428, .T. ) ;
#10280 = LINE ( 'NONE', #11110, #10733 ) ;
#10281 = DIRECTION ( 'NONE',  ( 0.000000000000000000, 0.000000000000000000, -1.000000000000000000 ) ) ;
#10282 = EDGE_CURVE ( 'NONE', #7239, #9071, #2047, .T. ) ;
#10283 = VERTEX_POINT ( 'NONE', #9526 ) ;
#10284 = ORIENTED_EDGE ( 'NONE', *, *, #3923, .T. ) ;
#10285 = LINE ( 'NONE', #9030, #5398 ) ;
#10286 = ORIENTED_EDGE ( 'NONE', *, *, #11147, .F. ) ;
#10287 = FACE_OUTER_BOUND ( 'NONE', #5941, .T. ) ;
#10288 = DIRECTION ( 'NONE',  ( 0.000000000000000000, -1.000000000000000000, 0.000000000000000000 ) ) ;
#10289 = LINE ( 'NONE', #5266, #2872 ) ;
#10290 = EDGE_LOOP ( 'NONE', ( #9127, #3368, #4612, #8197 ) ) ;
#10291 = CARTESIAN_POINT ( 'NONE',  ( 62.80000000000001137, -17.50000000000000000, 40.79999999999999716 ) ) ;
#10292 = DIRECTION ( 'NONE',  ( 0.000000000000000000, 0.000000000000000000, -1.000000000000000000 ) ) ;
#10293 = VERTEX_POINT ( 'NONE', #98 ) ;
#10294 = ORIENTED_EDGE ( 'NONE', *, *, #8221, .F. ) ;
#10295 = B_SPLINE_SURFACE_WITH_KNOTS ( 'NONE', 1, 3, ( 
 ( #9241, #6284, #725, #7399, #9414, #7474, #2600, #9370, #2685, #10317, #610, #2568, #3644, #12266, #11398, #3500, #1620, #10430, #5530, #9331, #7557, #8459, #9287, #1662, #2642, #10271, #6450, #6571, #6527, #12221, #7517, #11360, #12341, #4479, #1699, #1577, #8373, #9450, #3566, #4603 ),
 ( #5578, #8330, #3532, #5492, #8419, #2531, #3611, #646, #11275, #5452, #10390, #4562, #12308, #12380, #7437, #685, #760, #8287, #10354, #4437, #6494, #4522, #11238, #5408, #11320, #6402, #797, #10473, #11531, #11620, #5809, #7632, #29, #6623, #10643, #1928, #6798, #12462, #7719, #10511 ) ),
 .UNSPECIFIED., .F., .F., .F.,
 ( 2, 2 ),
 ( 4, 2, 2, 2, 2, 2, 2, 2, 2, 2, 2, 2, 2, 2, 2, 2, 2, 2, 2, 4 ),
 ( 0.000000000000000000, 1.000000000000000000 ),
 ( 0.000000000000000000, 0.0003672989148033118300, 0.0007345978296066236601, 0.001101896744409935382, 0.001469195659213247320, 0.001652845116614903073, 0.001836494574016559042, 0.002020144031418215011, 0.002203793488819870763, 0.002571092403623182702, 0.002938391318426494640, 0.003672989148033118083, 0.004040288062836430022, 0.004407586977639741527, 0.004774885892443053031, 0.005142184807246365404, 0.005509483722049677776, 0.005693133179451333528, 0.005784957908152161404, 0.005876782636852989281 ),
 .UNSPECIFIED. ) ;
#10296 = VECTOR ( 'NONE', #8408, 1000.000000000000000 ) ;
#10297 = DIRECTION ( 'NONE',  ( 0.000000000000000000, 3.637323417370724909E-15, -1.000000000000000000 ) ) ;
#10298 = LINE ( 'NONE', #4796, #5264 ) ;
#10299 = DIRECTION ( 'NONE',  ( 1.000000000000000000, -0.000000000000000000, -0.000000000000000000 ) ) ;
#10300 = EDGE_CURVE ( 'NONE', #4915, #8028, #2792, .T. ) ;
#10301 = CARTESIAN_POINT ( 'NONE',  ( 28.59999999996698961, -5.150000000033535308, -0.9999999999997263300 ) ) ;
#10302 = EDGE_CURVE ( 'NONE', #12316, #64, #5647, .T. ) ;
#10303 = CARTESIAN_POINT ( 'NONE',  ( 62.80000000000001137, -19.09999999999999787, 46.79999999999999716 ) ) ;
#10304 = CARTESIAN_POINT ( 'NONE',  ( -0.2000000000000000111, -9.500000000000001776, 20.80000000000000071 ) ) ;
#10305 = ORIENTED_EDGE ( 'NONE', *, *, #9286, .F. ) ;
#10306 = PLANE ( 'NONE',  #1221 ) ;
#10307 = VECTOR ( 'NONE', #881, 1000.000000000000000 ) ;
#10308 = CARTESIAN_POINT ( 'NONE',  ( -0.2000000000000000111, -9.500000000000001776, 6.800000000000000711 ) ) ;
#10309 = ORIENTED_EDGE ( 'NONE', *, *, #12137, .F. ) ;
#10310 = ORIENTED_EDGE ( 'NONE', *, *, #1006, .F. ) ;
#10311 = DIRECTION ( 'NONE',  ( -0.000000000000000000, 1.000000000000000000, 3.001251688541188813E-16 ) ) ;
#10312 = DIRECTION ( 'NONE',  ( 0.000000000000000000, 0.000000000000000000, -1.000000000000000000 ) ) ;
#10313 = LINE ( 'NONE', #3198, #17 ) ;
#10314 = EDGE_LOOP ( 'NONE', ( #6029, #12111, #9357, #962 ) ) ;
#10315 = ADVANCED_FACE ( 'NONE', ( #518 ), #2940, .F. ) ;
#10316 = AXIS2_PLACEMENT_3D ( 'NONE', #6225, #7084, #8117 ) ;
#10317 = CARTESIAN_POINT ( 'NONE',  ( 3.575282263599238064, -13.07762055678735713, -16.66175152372536417 ) ) ;
#10318 = CARTESIAN_POINT ( 'NONE',  ( 31.80000000000000071, -19.10000000000000142, 41.80000000000000426 ) ) ;
#10319 = ORIENTED_EDGE ( 'NONE', *, *, #7537, .F. ) ;
#10320 = ORIENTED_EDGE ( 'NONE', *, *, #10572, .F. ) ;
#10321 = FACE_OUTER_BOUND ( 'NONE', #5679, .T. ) ;
#10322 = B_SPLINE_SURFACE_WITH_KNOTS ( 'NONE', 1, 3, ( 
 ( #10051, #6195, #343, #5221, #11028, #4171, #8126, #3163, #6080, #269, #10984, #7173, #9927, #1365, #11916, #8006, #1242, #2345, #9101, #5139, #3313, #7051, #6158, #10091, #4088, #1285, #5065, #11960, #2232, #11870, #4131, #10947, #310, #7095, #3236, #12071, #3400, #10172, #4301, #7214 ),
 ( #2440, #9140, #7257, #1435, #1399, #6270, #465, #2392, #8195, #9176, #3356, #10134, #8163, #11102, #5263, #4390, #5315, #2412, #1457, #11118, #8210, #12135, #10111, #569, #12003, #7187, #3289, #2451, #3330, #11043, #2321, #4230, #4318, #9154, #9198, #3416, #10183, #482, #2488, #5277 ) ),
 .UNSPECIFIED., .F., .F., .F.,
 ( 2, 2 ),
 ( 4, 2, 2, 2, 2, 2, 2, 2, 2, 2, 2, 2, 2, 2, 2, 2, 2, 2, 2, 4 ),
 ( 0.000000000000000000, 1.000000000000000000 ),
 ( 0.000000000000000000, 0.0003672989148033151911, 0.0007345978296066303821, 0.001101896744409945573, 0.001469195659213260764, 0.001652845116614918251, 0.001836494574016575955, 0.002020144031418233659, 0.002203793488819891146, 0.002571092403623206554, 0.002938391318426521528, 0.003672989148033151911, 0.004040288062836467319, 0.004407586977639782293, 0.004774885892443098134, 0.005142184807246413109, 0.005509483722049728083, 0.005693133179451385570, 0.005784957908152214313, 0.005876782636853043057 ),
 .UNSPECIFIED. ) ;
#10323 = DIRECTION ( 'NONE',  ( 0.000000000000000000, -0.000000000000000000, 1.000000000000000000 ) ) ;
#10324 = ORIENTED_EDGE ( 'NONE', *, *, #5960, .F. ) ;
#10325 = EDGE_CURVE ( 'NONE', #4220, #2039, #1124, .T. ) ;
#10326 = CARTESIAN_POINT ( 'NONE',  ( -0.2000000000000000111, -9.500000000000001776, 32.79999999999999716 ) ) ;
#10327 = ORIENTED_EDGE ( 'NONE', *, *, #6777, .F. ) ;
#10328 = AXIS2_PLACEMENT_3D ( 'NONE', #8132, #11922, #2315 ) ;
#10329 = CARTESIAN_POINT ( 'NONE',  ( -1.179705053936764392, -13.07142685129933923, -16.91778255998684699 ) ) ;
#10330 = ORIENTED_EDGE ( 'NONE', *, *, #574, .F. ) ;
#10331 = DIRECTION ( 'NONE',  ( 1.000000000000000000, 0.000000000000000000, 0.000000000000000000 ) ) ;
#10332 = CARTESIAN_POINT ( 'NONE',  ( 87.85919471909519984, -13.41983049786703397, -16.75977862537088825 ) ) ;
#10333 = AXIS2_PLACEMENT_3D ( 'NONE', #1533, #12299, #8450 ) ;
#10334 = DIRECTION ( 'NONE',  ( -1.000000000000000000, 0.000000000000000000, 0.000000000000000000 ) ) ;
#10335 = VERTEX_POINT ( 'NONE', #8763 ) ;
#10336 = CARTESIAN_POINT ( 'NONE',  ( 70.60000000000000853, 11.79999999999999893, -11.50000000000000000 ) ) ;
#10337 = DIRECTION ( 'NONE',  ( 1.000000000000000000, 0.000000000000000000, 0.000000000000000000 ) ) ;
#10338 = EDGE_CURVE ( 'NONE', #10665, #10719, #10218, .T. ) ;
#10339 = FACE_OUTER_BOUND ( 'NONE', #2838, .T. ) ;
#10340 = DIRECTION ( 'NONE',  ( 0.000000000000000000, -1.000000000000000000, -0.000000000000000000 ) ) ;
#10341 = EDGE_CURVE ( 'NONE', #9769, #5462, #6901, .T. ) ;
#10342 = ORIENTED_EDGE ( 'NONE', *, *, #3381, .F. ) ;
#10343 = DIRECTION ( 'NONE',  ( 0.000000000000000000, -1.000000000000000000, -1.234678630588475078E-16 ) ) ;
#10344 = PLANE ( 'NONE',  #7891 ) ;
#10345 = LINE ( 'NONE', #7785, #11706 ) ;
#10346 = CARTESIAN_POINT ( 'NONE',  ( 63.80000000000001137, -19.10000000000000142, 37.79999999999999716 ) ) ;
#10347 = CARTESIAN_POINT ( 'NONE',  ( 3.800000000000000266, -14.31048789470730931, -15.81969100012550378 ) ) ;
#10348 = ORIENTED_EDGE ( 'NONE', *, *, #5572, .F. ) ;
#10349 = DIRECTION ( 'NONE',  ( 0.000000000000000000, 0.000000000000000000, -1.000000000000000000 ) ) ;
#10350 = VECTOR ( 'NONE', #4293, 1000.000000000000000 ) ;
#10351 = CARTESIAN_POINT ( 'NONE',  ( 71.03183742377709109, -14.08432653739882667, -16.41020895556865966 ) ) ;
#10352 = EDGE_CURVE ( 'NONE', #289, #6697, #1725, .T. ) ;
#10353 = EDGE_CURVE ( 'NONE', #10066, #648, #8092, .T. ) ;
#10354 = CARTESIAN_POINT ( 'NONE',  ( 2.991714447632745966, -12.38243452202678263, -17.18671245762002187 ) ) ;
#10355 = CYLINDRICAL_SURFACE ( 'NONE', #7153, 1.000000000000000888 ) ;
#10356 = EDGE_CURVE ( 'NONE', #2797, #5311, #5498, .T. ) ;
#10357 = FACE_OUTER_BOUND ( 'NONE', #9065, .T. ) ;
#10358 = CARTESIAN_POINT ( 'NONE',  ( -1.800000000000000266, -17.50000000000000000, 18.80000000000000071 ) ) ;
#10359 = CARTESIAN_POINT ( 'NONE',  ( 3.799999999999999378, -19.10000000000000142, 24.80000000000000071 ) ) ;
#10360 = EDGE_CURVE ( 'NONE', #9681, #8706, #4286, .T. ) ;
#10361 = LINE ( 'NONE', #6918, #507 ) ;
#10362 = ORIENTED_EDGE ( 'NONE', *, *, #5287, .T. ) ;
#10363 = DIRECTION ( 'NONE',  ( 0.000000000000000000, -1.000000000000000000, -1.355252715606879310E-16 ) ) ;
#10364 = VERTEX_POINT ( 'NONE', #8980 ) ;
#10365 = LINE ( 'NONE', #5056, #2627 ) ;
#10366 = DIRECTION ( 'NONE',  ( -0.000000000000000000, 1.234678630588475078E-16, -1.000000000000000000 ) ) ;
#10367 = CARTESIAN_POINT ( 'NONE',  ( 1.400000000000012346, -17.50000000000000000, -2.755455298081544778E-15 ) ) ;
#10368 = LINE ( 'NONE', #1016, #945 ) ;
#10369 = ORIENTED_EDGE ( 'NONE', *, *, #3367, .F. ) ;
#10370 = LINE ( 'NONE', #12285, #11270 ) ;
#10371 = CARTESIAN_POINT ( 'NONE',  ( 87.63087535663385097, -12.51667477041644183, -17.13828900579357750 ) ) ;
#10372 = EDGE_LOOP ( 'NONE', ( #10853, #9671, #10493, #9817 ) ) ;
#10373 = EDGE_CURVE ( 'NONE', #9786, #11919, #5327, .T. ) ;
#10374 = DIRECTION ( 'NONE',  ( 0.000000000000000000, -0.000000000000000000, 1.000000000000000000 ) ) ;
#10375 = DIRECTION ( 'NONE',  ( -1.245113975359227994E-14, -1.000000000000000000, -1.404986760216307406E-16 ) ) ;
#10376 = DIRECTION ( 'NONE',  ( -0.000000000000000000, 1.000000000000000000, 0.000000000000000000 ) ) ;
#10377 = FACE_BOUND ( 'NONE', #9767, .T. ) ;
#10378 = ORIENTED_EDGE ( 'NONE', *, *, #6896, .T. ) ;
#10379 = CARTESIAN_POINT ( 'NONE',  ( -0.2000000000000000111, -15.90000000000001457, 40.80000000000000426 ) ) ;
#10380 = FACE_OUTER_BOUND ( 'NONE', #8029, .T. ) ;
#10381 = AXIS2_PLACEMENT_3D ( 'NONE', #4248, #5097, #375 ) ;
#10382 = ORIENTED_EDGE ( 'NONE', *, *, #8553, .F. ) ;
#10383 = CONICAL_SURFACE ( 'NONE', #11538, 9.599999999999983658, 0.7853981633974200793 ) ;
#10384 = CARTESIAN_POINT ( 'NONE',  ( 72.13997737898102969, -10.28396397068920365, -17.67037772708032506 ) ) ;
#10385 = VECTOR ( 'NONE', #11792, 1000.000000000000000 ) ;
#10386 = ORIENTED_EDGE ( 'NONE', *, *, #5514, .T. ) ;
#10387 = EDGE_CURVE ( 'NONE', #2322, #7263, #11757, .T. ) ;
#10388 = ORIENTED_EDGE ( 'NONE', *, *, #4443, .T. ) ;
#10389 = AXIS2_PLACEMENT_3D ( 'NONE', #9340, #12349, #5463 ) ;
#10390 = CARTESIAN_POINT ( 'NONE',  ( 3.207059453955163786, -13.18611744796029761, -16.86729815181205083 ) ) ;
#10391 = FACE_OUTER_BOUND ( 'NONE', #9762, .T. ) ;
#10392 = CARTESIAN_POINT ( 'NONE',  ( -1.399995247245544583, -14.52680979006852269, -16.14026162354307203 ) ) ;
#10393 = CARTESIAN_POINT ( 'NONE',  ( 70.20000000000001705, 9.254415587728425763, -15.17695526217005941 ) ) ;
#10394 = DIRECTION ( 'NONE',  ( 0.000000000000000000, -1.000000000000000000, -1.234678630588475078E-16 ) ) ;
#10395 = VERTEX_POINT ( 'NONE', #9023 ) ;
#10396 = ORIENTED_EDGE ( 'NONE', *, *, #63, .F. ) ;
#10397 = CARTESIAN_POINT ( 'NONE',  ( 2.255198269456465177, 12.60448737171611810, -17.69087935670521361 ) ) ;
#10398 = VECTOR ( 'NONE', #8162, 1000.000000000000000 ) ;
#10399 = DIRECTION ( 'NONE',  ( 0.000000000000000000, 0.000000000000000000, -1.000000000000000000 ) ) ;
#10400 = ORIENTED_EDGE ( 'NONE', *, *, #3228, .F. ) ;
#10401 = ORIENTED_EDGE ( 'NONE', *, *, #1303, .T. ) ;
#10402 = DIRECTION ( 'NONE',  ( -1.000000000000000000, -0.000000000000000000, -0.000000000000000000 ) ) ;
#10403 = DIRECTION ( 'NONE',  ( 1.000000000000000000, 0.000000000000000000, -0.000000000000000000 ) ) ;
#10404 = EDGE_LOOP ( 'NONE', ( #10244, #6157, #9373 ) ) ;
#10405 = AXIS2_PLACEMENT_3D ( 'NONE', #10831, #10915, #200 ) ;
#10406 = CARTESIAN_POINT ( 'NONE',  ( -1.800000000000000266, -9.500000000000001776, 8.799999999999995381 ) ) ;
#10407 = DIRECTION ( 'NONE',  ( 1.000000000000000000, -0.000000000000000000, -0.000000000000000000 ) ) ;
#10408 = VERTEX_POINT ( 'NONE', #383 ) ;
#10409 = ORIENTED_EDGE ( 'NONE', *, *, #2484, .F. ) ;
#10410 = VERTEX_POINT ( 'NONE', #2187 ) ;
#10411 = DIRECTION ( 'NONE',  ( -1.399999999999985673E-14, 0.000000000000000000, -1.000000000000000000 ) ) ;
#10412 = ORIENTED_EDGE ( 'NONE', *, *, #1437, .F. ) ;
#10413 = VECTOR ( 'NONE', #3976, 1000.000000000000000 ) ;
#10414 = CARTESIAN_POINT ( 'NONE',  ( -4.200000000000017053, -11.90000000000005365, 22.80000000000000071 ) ) ;
#10415 = CARTESIAN_POINT ( 'NONE',  ( 1.935303903774012513, -9.445493243121722671, -17.73403026305457075 ) ) ;
#10416 = AXIS2_PLACEMENT_3D ( 'NONE', #1213, #2078, #4913 ) ;
#10417 = ORIENTED_EDGE ( 'NONE', *, *, #1441, .T. ) ;
#10418 = ORIENTED_EDGE ( 'NONE', *, *, #10135, .T. ) ;
#10419 = EDGE_CURVE ( 'NONE', #7289, #7782, #6291, .T. ) ;
#10420 = DIRECTION ( 'NONE',  ( -0.7071067811865531239, 0.7071067811865417996, 0.000000000000000000 ) ) ;
#10421 = DIRECTION ( 'NONE',  ( 0.000000000000000000, -1.000000000000000000, 0.000000000000000000 ) ) ;
#10422 = PLANE ( 'NONE',  #1698 ) ;
#10423 = DIRECTION ( 'NONE',  ( -1.000000000000000000, -1.734723475976808080E-16, 0.000000000000000000 ) ) ;
#10424 = ORIENTED_EDGE ( 'NONE', *, *, #330, .T. ) ;
#10425 = EDGE_CURVE ( 'NONE', #26, #6037, #12503, .T. ) ;
#10426 = VECTOR ( 'NONE', #11439, 1000.000000000000000 ) ;
#10427 = CARTESIAN_POINT ( 'NONE',  ( 72.23068676039819991, -10.04739904260241801, -17.69573028091297573 ) ) ;
#10428 = ORIENTED_EDGE ( 'NONE', *, *, #8545, .T. ) ;
#10429 = EDGE_LOOP ( 'NONE', ( #10674, #8764, #6263, #3333, #9790 ) ) ;
#10430 = CARTESIAN_POINT ( 'NONE',  ( 3.332165886306958758, -12.36156639081345787, -17.02716536968383210 ) ) ;
#10431 = VECTOR ( 'NONE', #9014, 1000.000000000000000 ) ;
#10432 = ORIENTED_EDGE ( 'NONE', *, *, #2183, .F. ) ;
#10433 = ORIENTED_EDGE ( 'NONE', *, *, #1107, .T. ) ;
#10434 = VECTOR ( 'NONE', #36, 1000.000000000000000 ) ;
#10435 = CARTESIAN_POINT ( 'NONE',  ( 34.80000000000000426, -19.10000000000000142, 46.79999999999999716 ) ) ;
#10436 = EDGE_CURVE ( 'NONE', #1431, #5541, #11995, .T. ) ;
#10437 = CARTESIAN_POINT ( 'NONE',  ( 31.80000000000000071, -17.50000000000000000, 4.799999999999999822 ) ) ;
#10438 = EDGE_CURVE ( 'NONE', #7782, #10060, #5665, .T. ) ;
#10439 = ORIENTED_EDGE ( 'NONE', *, *, #2424, .T. ) ;
#10440 = CIRCLE ( 'NONE', #3808, 1.000000000000000888 ) ;
#10441 = ADVANCED_FACE ( 'NONE', ( #819 ), #10322, .T. ) ;
#10442 = ORIENTED_EDGE ( 'NONE', *, *, #9765, .T. ) ;
#10443 = LINE ( 'NONE', #9195, #8292 ) ;
#10444 = CARTESIAN_POINT ( 'NONE',  ( 87.44177210933598587, -11.90577211590041351, -17.33832773381048398 ) ) ;
#10445 = EDGE_LOOP ( 'NONE', ( #12207, #5868, #783, #3989, #7830, #9897, #1633, #8515, #10604 ) ) ;
#10446 = CARTESIAN_POINT ( 'NONE',  ( 4.800000000000000711, -17.50000000000000000, 9.799999999999997158 ) ) ;
#10447 = LINE ( 'NONE', #11974, #6081 ) ;
#10448 = CARTESIAN_POINT ( 'NONE',  ( 35.80000000000000426, -19.09999999999999787, 5.799999999999999822 ) ) ;
#10449 = CARTESIAN_POINT ( 'NONE',  ( 59.79999999999999716, -17.50000000000000000, 49.29999999999999716 ) ) ;
#10450 = CARTESIAN_POINT ( 'NONE',  ( 2.199999999999993516, -0.1000000000000002415, 57.79999999999999716 ) ) ;
#10451 = DIRECTION ( 'NONE',  ( 0.000000000000000000, 0.000000000000000000, -1.000000000000000000 ) ) ;
#10452 = DIRECTION ( 'NONE',  ( 1.000000000000000000, 0.000000000000000000, 0.000000000000000000 ) ) ;
#10453 = CIRCLE ( 'NONE', #3345, 1.000000000000000888 ) ;
#10454 = AXIS2_PLACEMENT_3D ( 'NONE', #4617, #6503, #7566 ) ;
#10455 = VERTEX_POINT ( 'NONE', #8142 ) ;
#10456 = ORIENTED_EDGE ( 'NONE', *, *, #12376, .F. ) ;
#10458 = ORIENTED_EDGE ( 'NONE', *, *, #1786, .F. ) ;
#10457 = FACE_OUTER_BOUND ( 'NONE', #10644, .T. ) ;
#10459 = DIRECTION ( 'NONE',  ( -0.000000000000000000, -0.000000000000000000, -1.000000000000000000 ) ) ;
#10460 = EDGE_CURVE ( 'NONE', #2534, #3818, #4756, .T. ) ;
#10461 = CYLINDRICAL_SURFACE ( 'NONE', #5848, 3.199999999999999734 ) ;
#10462 = DIRECTION ( 'NONE',  ( 0.000000000000000000, 1.000000000000000000, 0.000000000000000000 ) ) ;
#10463 = CARTESIAN_POINT ( 'NONE',  ( 34.80000000000000426, -19.10000000000000142, 21.79999999999999716 ) ) ;
#10464 = DIRECTION ( 'NONE',  ( -1.000000000000000000, -0.000000000000000000, 0.000000000000000000 ) ) ;
#10465 = EDGE_LOOP ( 'NONE', ( #10613, #3091, #12329, #6296 ) ) ;
#10466 = ORIENTED_EDGE ( 'NONE', *, *, #456, .T. ) ;
#10467 = FACE_OUTER_BOUND ( 'NONE', #3173, .T. ) ;
#10468 = CARTESIAN_POINT ( 'NONE',  ( 71.80266330093134286, -10.68986537665932524, -17.57515824943680016 ) ) ;
#10469 = VERTEX_POINT ( 'NONE', #440 ) ;
#10471 = ORIENTED_EDGE ( 'NONE', *, *, #11328, .T. ) ;
#10470 = LINE ( 'NONE', #11802, #10162 ) ;
#10472 = AXIS2_PLACEMENT_3D ( 'NONE', #3011, #3957, #9628 ) ;
#10473 = CARTESIAN_POINT ( 'NONE',  ( 2.305108722279590960, -10.40243263844850929, -17.65553839282128124 ) ) ;
#10474 = CARTESIAN_POINT ( 'NONE',  ( 81.00000000000000000, 17.99999999999999645, -2.052778186154404327 ) ) ;
#10475 = PLANE ( 'NONE',  #7094 ) ;
#10476 = EDGE_LOOP ( 'NONE', ( #855, #5238, #8749, #9635 ) ) ;
#10477 = LINE ( 'NONE', #10367, #6097 ) ;
#10478 = CARTESIAN_POINT ( 'NONE',  ( 43.24999999996616395, -3.200000000000001510, -1.800000000000630651 ) ) ;
#10479 = ORIENTED_EDGE ( 'NONE', *, *, #8064, .F. ) ;
#10480 = LINE ( 'NONE', #1802, #9260 ) ;
#10481 = LINE ( 'NONE', #7340, #10044 ) ;
#10482 = ORIENTED_EDGE ( 'NONE', *, *, #2913, .F. ) ;
#10483 = ORIENTED_EDGE ( 'NONE', *, *, #9732, .T. ) ;
#10484 = EDGE_LOOP ( 'NONE', ( #3109, #1619, #7228, #6391 ) ) ;
#10485 = CARTESIAN_POINT ( 'NONE',  ( -4.200000000000017941, -11.90000000000005365, 32.79999999999999716 ) ) ;
#10486 = CARTESIAN_POINT ( 'NONE',  ( 72.00227393779294971, -10.28251064816749860, -17.64894216992208342 ) ) ;
#10487 = CYLINDRICAL_SURFACE ( 'NONE', #3493, 1.000000000000000888 ) ;
#10488 = ORIENTED_EDGE ( 'NONE', *, *, #8165, .F. ) ;
#10489 = DIRECTION ( 'NONE',  ( -0.000000000000000000, 0.000000000000000000, -1.000000000000000000 ) ) ;
#10490 = ORIENTED_EDGE ( 'NONE', *, *, #12072, .T. ) ;
#10491 = LINE ( 'NONE', #10655, #782 ) ;
#10492 = EDGE_CURVE ( 'NONE', #728, #11359, #4741, .T. ) ;
#10493 = ORIENTED_EDGE ( 'NONE', *, *, #10494, .T. ) ;
#10494 = EDGE_CURVE ( 'NONE', #4944, #5346, #1901, .T. ) ;
#10495 = ORIENTED_EDGE ( 'NONE', *, *, #1254, .T. ) ;
#10496 = CARTESIAN_POINT ( 'NONE',  ( 1.400000000000012568, -17.50000000000000000, 18.80000000000000071 ) ) ;
#10497 = CARTESIAN_POINT ( 'NONE',  ( 2.442504152262678030, -10.76863774239402716, -17.60052048225187704 ) ) ;
#10498 = LINE ( 'NONE', #6112, #11873 ) ;
#10499 = CARTESIAN_POINT ( 'NONE',  ( 14.19999999999999041, -8.099999999999999645, 56.79999999999999716 ) ) ;
#10500 = DIRECTION ( 'NONE',  ( 0.7071067811865444641, 0.7071067811865505703, 2.122205421015059780E-16 ) ) ;
#10501 = ORIENTED_EDGE ( 'NONE', *, *, #10102, .F. ) ;
#10502 = LINE ( 'NONE', #494, #11260 ) ;
#10503 = ADVANCED_FACE ( 'NONE', ( #9941 ), #7497, .F. ) ;
#10504 = VECTOR ( 'NONE', #2142, 1000.000000000000000 ) ;
#10505 = CARTESIAN_POINT ( 'NONE',  ( 21.00677727426997166, -9.494633136679889063, -1.800000000000000044 ) ) ;
#10506 = CARTESIAN_POINT ( 'NONE',  ( 70.84117568255608433, -13.02267275004189884, -16.69275778217439310 ) ) ;
#10507 = EDGE_LOOP ( 'NONE', ( #2528, #11830, #8244, #9624 ) ) ;
#10508 = EDGE_CURVE ( 'NONE', #8676, #1958, #4426, .T. ) ;
#10509 = AXIS2_PLACEMENT_3D ( 'NONE', #11714, #4023, #2152 ) ;
#10510 = EDGE_CURVE ( 'NONE', #1351, #2490, #1729, .T. ) ;
#10511 = CARTESIAN_POINT ( 'NONE',  ( 1.799999999999996048, -9.099999999999994316, -17.73999999999999488 ) ) ;
#10512 = EDGE_CURVE ( 'NONE', #4251, #3614, #6144, .T. ) ;
#10513 = CARTESIAN_POINT ( 'NONE',  ( -0.2382957081590111048, -10.22737896969963778, -17.67625962446946986 ) ) ;
#10514 = CARTESIAN_POINT ( 'NONE',  ( 88.00000000000001421, -18.90000000000001279, 57.60000000000000142 ) ) ;
#10515 = EDGE_CURVE ( 'NONE', #227, #4054, #9149, .T. ) ;
#10516 = VECTOR ( 'NONE', #6794, 1000.000000000000000 ) ;
#10517 = ORIENTED_EDGE ( 'NONE', *, *, #1112, .F. ) ;
#10518 = CARTESIAN_POINT ( 'NONE',  ( -0.3051087222796407539, -10.40243263844850752, -17.65553839282127768 ) ) ;
#10519 = LINE ( 'NONE', #2430, #1586 ) ;
#10520 = DIRECTION ( 'NONE',  ( -0.000000000000000000, -0.000000000000000000, -1.000000000000000000 ) ) ;
#10521 = VECTOR ( 'NONE', #3852, 1000.000000000000000 ) ;
#10522 = DIRECTION ( 'NONE',  ( 0.7071067811865474617, -0.7071067811865474617, 0.000000000000000000 ) ) ;
#10523 = ORIENTED_EDGE ( 'NONE', *, *, #8531, .T. ) ;
#10524 = PLANE ( 'NONE',  #4130 ) ;
#10525 = VERTEX_POINT ( 'NONE', #1413 ) ;
#10526 = CARTESIAN_POINT ( 'NONE',  ( 72.43851674504456639, -9.512470217167976472, -17.73151248047259898 ) ) ;
#10527 = LINE ( 'NONE', #8860, #7943 ) ;
#10528 = PLANE ( 'NONE',  #11520 ) ;
#10529 = EDGE_CURVE ( 'NONE', #10221, #9242, #5650, .T. ) ;
#10530 = ORIENTED_EDGE ( 'NONE', *, *, #2212, .T. ) ;
#10532 = VECTOR ( 'NONE', #6858, 1000.000000000000000 ) ;
#10531 = CARTESIAN_POINT ( 'NONE',  ( 72.52741840664562289, -9.242229081689192327, -17.73889356910504134 ) ) ;
#10533 = CARTESIAN_POINT ( 'NONE',  ( -1.800000000000000266, -9.500000000000001776, 46.80000000000000426 ) ) ;
#10534 = ADVANCED_FACE ( 'NONE', ( #3264 ), #10295, .T. ) ;
#10535 = ORIENTED_EDGE ( 'NONE', *, *, #4911, .F. ) ;
#10536 = EDGE_LOOP ( 'NONE', ( #5497, #5169, #1048, #10702, #10378, #6082 ) ) ;
#10537 = CARTESIAN_POINT ( 'NONE',  ( 70.40000000000000568, -0.1000000000000002415, 56.79999999999999716 ) ) ;
#10538 = DIRECTION ( 'NONE',  ( 1.000000000000000000, 0.000000000000000000, 0.000000000000000000 ) ) ;
#10539 = FACE_OUTER_BOUND ( 'NONE', #3218, .T. ) ;
#10540 = ORIENTED_EDGE ( 'NONE', *, *, #515, .T. ) ;
#10541 = VECTOR ( 'NONE', #6176, 1000.000000000000000 ) ;
#10542 = CARTESIAN_POINT ( 'NONE',  ( -0.2000000000000000111, -9.500000000000001776, 10.79999999999999716 ) ) ;
#10543 = VERTEX_POINT ( 'NONE', #968 ) ;
#10544 = ORIENTED_EDGE ( 'NONE', *, *, #6211, .F. ) ;
#10545 = LINE ( 'NONE', #8932, #9629 ) ;
#10546 = DIRECTION ( 'NONE',  ( 0.000000000000000000, -1.404986760216307406E-16, 1.000000000000000000 ) ) ;
#10547 = VECTOR ( 'NONE', #1996, 1000.000000000000000 ) ;
#10548 = CARTESIAN_POINT ( 'NONE',  ( 1.400000000000012346, -17.50000000000000000, -2.755455298081544778E-15 ) ) ;
#10549 = DIRECTION ( 'NONE',  ( 0.000000000000000000, -1.000000000000000000, -0.000000000000000000 ) ) ;
#10550 = DIRECTION ( 'NONE',  ( 1.000000000000000000, -1.400000000000014387E-14, -1.399999999999985673E-14 ) ) ;
#10551 = CARTESIAN_POINT ( 'NONE',  ( 71.87584737170077176, -10.99071730250953749, -17.56035615413233586 ) ) ;
#10552 = EDGE_CURVE ( 'NONE', #6087, #87, #7641, .T. ) ;
#10553 = ADVANCED_FACE ( 'NONE', ( #5033 ), #2911, .F. ) ;
#10554 = EDGE_LOOP ( 'NONE', ( #3778, #8113, #5194, #5761 ) ) ;
#10555 = ORIENTED_EDGE ( 'NONE', *, *, #8072, .T. ) ;
#10556 = AXIS2_PLACEMENT_3D ( 'NONE', #10122, #4364, #1511 ) ;
#10557 = CARTESIAN_POINT ( 'NONE',  ( -0.7139762719252467082, -11.52562919599463065, -17.44154187868600658 ) ) ;
#10558 = DIRECTION ( 'NONE',  ( -0.000000000000000000, -0.000000000000000000, 1.000000000000000000 ) ) ;
#10559 = LINE ( 'NONE', #4968, #10261 ) ;
#10560 = CARTESIAN_POINT ( 'NONE',  ( -0.9917144476328115799, -12.38243452202678263, -17.18671245762001121 ) ) ;
#10561 = DIRECTION ( 'NONE',  ( 0.000000000000000000, -0.000000000000000000, 1.000000000000000000 ) ) ;
#10562 = EDGE_LOOP ( 'NONE', ( #11058, #9537, #7756, #3023 ) ) ;
#10563 = VECTOR ( 'NONE', #12110, 1000.000000000000000 ) ;
#10564 = DIRECTION ( 'NONE',  ( 0.000000000000000000, -1.000000000000000000, 0.000000000000000000 ) ) ;
#10565 = ORIENTED_EDGE ( 'NONE', *, *, #7848, .T. ) ;
#10566 = ORIENTED_EDGE ( 'NONE', *, *, #5465, .T. ) ;
#10567 = VECTOR ( 'NONE', #66, 1000.000000000000000 ) ;
#10568 = ORIENTED_EDGE ( 'NONE', *, *, #10508, .F. ) ;
#10569 = ADVANCED_FACE ( 'NONE', ( #1427 ), #371, .F. ) ;
#10570 = EDGE_CURVE ( 'NONE', #12487, #5106, #674, .T. ) ;
#10571 = DIRECTION ( 'NONE',  ( 0.000000000000000000, 0.000000000000000000, -1.000000000000000000 ) ) ;
#10572 = EDGE_CURVE ( 'NONE', #11586, #3321, #3413, .T. ) ;
#10573 = DIRECTION ( 'NONE',  ( -0.9510565162951545304, 0.3090169943749444537, 0.000000000000000000 ) ) ;
#10574 = CARTESIAN_POINT ( 'NONE',  ( 72.42796461482238612, -9.437379714915046236, -17.73258824251277943 ) ) ;
#10575 = ORIENTED_EDGE ( 'NONE', *, *, #2189, .T. ) ;
#10576 = ORIENTED_EDGE ( 'NONE', *, *, #4998, .T. ) ;
#10577 = VECTOR ( 'NONE', #9072, 1000.000000000000000 ) ;
#10578 = LINE ( 'NONE', #6497, #8002 ) ;
#10579 = DIRECTION ( 'NONE',  ( 0.000000000000000000, -1.234678630588475078E-16, 1.000000000000000000 ) ) ;
#10580 = DIRECTION ( 'NONE',  ( 1.000000000000000000, 0.000000000000000000, 0.000000000000000000 ) ) ;
#10581 = ORIENTED_EDGE ( 'NONE', *, *, #1649, .F. ) ;
#10582 = EDGE_CURVE ( 'NONE', #6635, #1628, #12345, .T. ) ;
#10583 = CARTESIAN_POINT ( 'NONE',  ( 2.208710845979215964, -10.15014582052937797, -17.68471909536398812 ) ) ;
#10584 = AXIS2_PLACEMENT_3D ( 'NONE', #7138, #2311, #6231 ) ;
#10585 = EDGE_CURVE ( 'NONE', #2835, #2735, #4894, .T. ) ;
#10586 = CARTESIAN_POINT ( 'NONE',  ( 1.799999999999999822, 11.79999999999999538, -17.73999999999999844 ) ) ;
#10587 = DIRECTION ( 'NONE',  ( -1.000000000000000000, -0.000000000000000000, -0.000000000000000000 ) ) ;
#10588 = ORIENTED_EDGE ( 'NONE', *, *, #5759, .F. ) ;
#10589 = EDGE_CURVE ( 'NONE', #4532, #11468, #4289, .T. ) ;
#10590 = DIRECTION ( 'NONE',  ( 0.000000000000000000, 0.000000000000000000, -1.000000000000000000 ) ) ;
#10591 = CYLINDRICAL_SURFACE ( 'NONE', #12306, 1.000000000000000888 ) ;
#10592 = DIRECTION ( 'NONE',  ( 0.000000000000000000, 1.209468558947972554E-16, -1.000000000000000000 ) ) ;
#10593 = DIRECTION ( 'NONE',  ( 0.000000000000000000, 0.000000000000000000, 1.000000000000000000 ) ) ;
#10594 = EDGE_LOOP ( 'NONE', ( #1618, #344, #4759, #11849 ) ) ;
#10595 = DIRECTION ( 'NONE',  ( 0.000000000000000000, 0.000000000000000000, -1.000000000000000000 ) ) ;
#10596 = DIRECTION ( 'NONE',  ( 1.000000000000000000, -0.000000000000000000, -0.000000000000000000 ) ) ;
#10597 = CARTESIAN_POINT ( 'NONE',  ( 34.80000000000000426, -19.10000000000000142, 12.79999999999999538 ) ) ;
#10598 = CARTESIAN_POINT ( 'NONE',  ( 6.800000000000001599, -15.90000000000003233, 56.20000000000000284 ) ) ;
#10599 = DIRECTION ( 'NONE',  ( -0.000000000000000000, 1.000000000000000000, 3.001251688541188813E-16 ) ) ;
#10600 = EDGE_LOOP ( 'NONE', ( #4676, #9813, #1815, #8045, #3956, #2928 ) ) ;
#10601 = ADVANCED_FACE ( 'NONE', ( #3114 ), #2770, .F. ) ;
#10602 = CARTESIAN_POINT ( 'NONE',  ( -0.7674407769799055368, -11.04757710458651054, -17.49054571090138666 ) ) ;
#10603 = CARTESIAN_POINT ( 'NONE',  ( -0.2600226210190212939, -10.28396397068919299, -17.67037772708032506 ) ) ;
#10604 = ORIENTED_EDGE ( 'NONE', *, *, #4962, .F. ) ;
#10605 = DIRECTION ( 'NONE',  ( -0.000000000000000000, -0.000000000000000000, 1.000000000000000000 ) ) ;
#10606 = CIRCLE ( 'NONE', #3147, 1.000000000000000888 ) ;
#10607 = ORIENTED_EDGE ( 'NONE', *, *, #12303, .T. ) ;
#10608 = CARTESIAN_POINT ( 'NONE',  ( 70.67397444190879696, -13.69024564129942156, -16.27944211245236161 ) ) ;
#10609 = DIRECTION ( 'NONE',  ( 0.000000000000000000, 1.000000000000000000, 0.000000000000000000 ) ) ;
#10610 = CARTESIAN_POINT ( 'NONE',  ( -1.800000000000000266, -3.045900930049277200, 18.39936534720461481 ) ) ;
#10611 = DIRECTION ( 'NONE',  ( 1.000000000000000000, 0.000000000000000000, 0.000000000000000000 ) ) ;
#10612 = EDGE_CURVE ( 'NONE', #10710, #48, #2051, .T. ) ;
#10613 = ORIENTED_EDGE ( 'NONE', *, *, #3627, .F. ) ;
#10614 = ORIENTED_EDGE ( 'NONE', *, *, #3150, .F. ) ;
#10615 = VECTOR ( 'NONE', #9979, 1000.000000000000000 ) ;
#10616 = DIRECTION ( 'NONE',  ( 0.000000000000000000, 0.000000000000000000, -1.000000000000000000 ) ) ;
#10617 = EDGE_LOOP ( 'NONE', ( #5173, #6094, #6401, #2557 ) ) ;
#10618 = ORIENTED_EDGE ( 'NONE', *, *, #10917, .T. ) ;
#10619 = DIRECTION ( 'NONE',  ( 0.000000000000000000, 0.000000000000000000, -1.000000000000000000 ) ) ;
#10620 = CARTESIAN_POINT ( 'NONE',  ( 1.399999999999984590, -17.50000000000000000, -2.755455298081544778E-15 ) ) ;
#10621 = EDGE_LOOP ( 'NONE', ( #12206, #757, #12479, #3538 ) ) ;
#10622 = CARTESIAN_POINT ( 'NONE',  ( 35.80000000000000426, -17.50000000000000355, 17.79999999999999716 ) ) ;
#10623 = CARTESIAN_POINT ( 'NONE',  ( 1.400000000000012790, -17.50000000000000355, 20.80000000000000071 ) ) ;
#10624 = VERTEX_POINT ( 'NONE', #8594 ) ;
#10625 = PLANE ( 'NONE',  #1889 ) ;
#10626 = EDGE_CURVE ( 'NONE', #3227, #4747, #8857, .T. ) ;
#10627 = VECTOR ( 'NONE', #771, 1000.000000000000000 ) ;
#10628 = CARTESIAN_POINT ( 'NONE',  ( 2.815210331801885957, -11.82500530360949220, -17.36163138439330922 ) ) ;
#10629 = VECTOR ( 'NONE', #10605, 1000.000000000000000 ) ;
#10630 = AXIS2_PLACEMENT_3D ( 'NONE', #8300, #5248, #10192 ) ;
#10631 = DIRECTION ( 'NONE',  ( -0.000000000000000000, -0.000000000000000000, -1.000000000000000000 ) ) ;
#10632 = CARTESIAN_POINT ( 'NONE',  ( -1.800000000000000266, -17.50000000000000000, 46.80000000000000426 ) ) ;
#10633 = ORIENTED_EDGE ( 'NONE', *, *, #3438, .T. ) ;
#10634 = ADVANCED_FACE ( 'NONE', ( #2974 ), #1259, .F. ) ;
#10635 = ORIENTED_EDGE ( 'NONE', *, *, #12294, .F. ) ;
#10636 = LINE ( 'NONE', #9075, #3066 ) ;
#10637 = CARTESIAN_POINT ( 'NONE',  ( -1.800000000000000266, -9.500000000000001776, 24.80000000000000071 ) ) ;
#10638 = CARTESIAN_POINT ( 'NONE',  ( 72.54194677460530727, -9.213769057276024910, -17.73920980744214759 ) ) ;
#10639 = DIRECTION ( 'NONE',  ( -1.000000000000000000, 0.000000000000000000, 0.000000000000000000 ) ) ;
#10640 = ORIENTED_EDGE ( 'NONE', *, *, #3329, .F. ) ;
#10641 = PLANE ( 'NONE',  #7203 ) ;
#10642 = AXIS2_PLACEMENT_3D ( 'NONE', #3555, #8533, #784 ) ;
#10643 = CARTESIAN_POINT ( 'NONE',  ( 1.892880082251716445, -9.337058635042494004, -17.73736509961750230 ) ) ;
#10644 = EDGE_LOOP ( 'NONE', ( #10149, #3274, #51, #12114 ) ) ;
#10645 = CARTESIAN_POINT ( 'NONE',  ( 84.20000000000001705, 11.79999999999999893, -11.50000000000000000 ) ) ;
#10646 = CARTESIAN_POINT ( 'NONE',  ( 0.02838494648366321482, -9.436554158781314428, -17.73262385643658590 ) ) ;
#10647 = ORIENTED_EDGE ( 'NONE', *, *, #7988, .F. ) ;
#10648 = CARTESIAN_POINT ( 'NONE',  ( -0.8844734805334052430, -12.03662738416456968, -17.29985016974862333 ) ) ;
#10649 = CARTESIAN_POINT ( 'NONE',  ( 71.03681459405798648, -12.44585028622099365, -16.98760242917134988 ) ) ;
#10650 = DIRECTION ( 'NONE',  ( 0.000000000000000000, 0.000000000000000000, -1.000000000000000000 ) ) ;
#10651 = CARTESIAN_POINT ( 'NONE',  ( 51.18567883049429668, -67.28567883049360887, 51.18567883049447431 ) ) ;
#10652 = DIRECTION ( 'NONE',  ( -1.000000000000000000, -0.000000000000000000, -0.000000000000000000 ) ) ;
#10653 = AXIS2_PLACEMENT_3D ( 'NONE', #8381, #1753, #10323 ) ;
#10654 = ORIENTED_EDGE ( 'NONE', *, *, #2731, .T. ) ;
#10655 = CARTESIAN_POINT ( 'NONE',  ( 84.40000000000000568, -10.10000000000000142, 56.79999999999999716 ) ) ;
#10656 = DIRECTION ( 'NONE',  ( 1.000000000000000000, 0.000000000000000000, 0.000000000000000000 ) ) ;
#10657 = CARTESIAN_POINT ( 'NONE',  ( 3.800000000000001155, -19.10000000000000142, 42.79999999999999716 ) ) ;
#10658 = VECTOR ( 'NONE', #9383, 1000.000000000000000 ) ;
#10659 = VECTOR ( 'NONE', #10639, 1000.000000000000000 ) ;
#10660 = ORIENTED_EDGE ( 'NONE', *, *, #2548, .F. ) ;
#10661 = VECTOR ( 'NONE', #6656, 1000.000000000000000 ) ;
#10662 = DIRECTION ( 'NONE',  ( -0.000000000000000000, 1.000000000000000000, 0.000000000000000000 ) ) ;
#10663 = AXIS2_PLACEMENT_3D ( 'NONE', #2816, #9564, #3766 ) ;
#10664 = EDGE_CURVE ( 'NONE', #6697, #8204, #4870, .T. ) ;
#10665 = VERTEX_POINT ( 'NONE', #8547 ) ;
#10666 = ADVANCED_FACE ( 'NONE', ( #7784 ), #1366, .F. ) ;
#10667 = VERTEX_POINT ( 'NONE', #9710 ) ;
#10668 = ORIENTED_EDGE ( 'NONE', *, *, #10436, .T. ) ;
#10669 = LINE ( 'NONE', #6466, #1281 ) ;
#10670 = EDGE_CURVE ( 'NONE', #5466, #3223, #483, .T. ) ;
#10671 = LINE ( 'NONE', #5571, #3398 ) ;
#10672 = DIRECTION ( 'NONE',  ( -1.399999999999999714E-14, -9.999999999999999988E-15, -1.000000000000000000 ) ) ;
#10673 = CARTESIAN_POINT ( 'NONE',  ( 88.39999999999999147, 3.838417936220162030, -16.91157287525380681 ) ) ;
#10674 = ORIENTED_EDGE ( 'NONE', *, *, #12052, .T. ) ;
#10675 = FACE_OUTER_BOUND ( 'NONE', #10907, .T. ) ;
#10676 = CARTESIAN_POINT ( 'NONE',  ( 3.050525896637071188, -12.58518298488365694, -17.11303110255421345 ) ) ;
#10677 = DIRECTION ( 'NONE',  ( 1.000000000000000000, 0.000000000000000000, 0.000000000000000000 ) ) ;
#10678 = CIRCLE ( 'NONE', #6114, 1.000000000000000888 ) ;
#10679 = VECTOR ( 'NONE', #6878, 1000.000000000000000 ) ;
#10680 = PLANE ( 'NONE',  #11715 ) ;
#10681 = CARTESIAN_POINT ( 'NONE',  ( -0.5855019158094411091, 13.20131624434889339, -17.58295971038933914 ) ) ;
#10682 = VECTOR ( 'NONE', #7250, 1000.000000000000000 ) ;
#10683 = EDGE_CURVE ( 'NONE', #508, #6980, #7882, .T. ) ;
#10684 = AXIS2_PLACEMENT_3D ( 'NONE', #3076, #228, #3200 ) ;
#10685 = ORIENTED_EDGE ( 'NONE', *, *, #9053, .F. ) ;
#10686 = VERTEX_POINT ( 'NONE', #7843 ) ;
#10687 = CARTESIAN_POINT ( 'NONE',  ( 34.80000000000000426, -19.10000000000000142, 36.79999999999999716 ) ) ;
#10688 = ADVANCED_FACE ( 'NONE', ( #2920 ), #7924, .F. ) ;
#10689 = CARTESIAN_POINT ( 'NONE',  ( 31.80000000000000071, -19.10000000000000142, 36.79999999999999716 ) ) ;
#10690 = EDGE_CURVE ( 'NONE', #6037, #3881, #3325, .T. ) ;
#10691 = CARTESIAN_POINT ( 'NONE',  ( -0.3731887914459683375, -10.58328637474124179, -17.62939391678735390 ) ) ;
#10692 = EDGE_CURVE ( 'NONE', #12039, #6910, #3749, .T. ) ;
#10693 = CARTESIAN_POINT ( 'NONE',  ( -0.006234854993697451324, -9.504556211921340036, -17.72960074913470407 ) ) ;
#10694 = CARTESIAN_POINT ( 'NONE',  ( -0.5241526282992724495, -10.99071730250953571, -17.56035615413234652 ) ) ;
#10695 = B_SPLINE_CURVE_WITH_KNOTS ( 'NONE', 3,
 ( #3752, #9481, #12366, #11519, #1913, #2895, #9518, #10415, #4639, #12534, #3796, #11387, #1787, #9597, #12406, #747, #5701, #6695, #4770, #7544, #8534, #872, #1735, #10583, #11423, #7661, #785, #1864, #8626, #5613, #2849, #10497, #11562, #4682, #11473, #5751, #7583, #2755, #3715, #12451, #6650, #181, #10628, #4926, #4847, #2132, #136, #6950, #8888, #10717, #5794, #9734, #10676, #2933, #5876, #6912, #11649, #9649, #9696, #1002, #3885, #1969, #3932, #1097, #4882, #9820, #92, #11694, #9773, #7867, #3965, #7829, #4000 ),
 .UNSPECIFIED., .F., .F.,
 ( 4, 2, 1, 1, 1, 2, 2, 2, 1, 1, 2, 2, 1, 1, 2, 2, 1, 1, 2, 2, 2, 1, 1, 2, 2, 2, 1, 1, 2, 2, 2, 1, 1, 2, 2, 2, 1, 1, 2, 2, 2, 1, 1, 2, 2, 4 ),
 ( 0.000000000000000000, 0.03125000000000548867, 0.04687500000000783401, 0.05468750000000853484, 0.05859375000000833361, 0.06054687500000872913, 0.06250000000000911771, 0.09375000000001405820, 0.1093750000000165701, 0.1171875000000177358, 0.1210937500000178330, 0.1250000000000179023, 0.1562500000000175138, 0.1718750000000172362, 0.1796875000000165978, 0.1875000000000159595, 0.2187500000000148492, 0.2343750000000138500, 0.2421875000000129896, 0.2500000000000121014, 0.3125000000000039968, 0.3437500000000000555, 0.3593749999999978906, 0.3671874999999968359, 0.3749999999999957256, 0.4374999999999885092, 0.4687499999999852340, 0.4843749999999838463, 0.4921874999999834577, 0.4999999999999831246, 0.5624999999999849010, 0.5937499999999860112, 0.6093749999999862332, 0.6171874999999866773, 0.6249999999999872324, 0.6874999999999874545, 0.7187499999999871214, 0.7343749999999873435, 0.7421874999999873435, 0.7499999999999873435, 0.8124999999999886757, 0.8437499999999890088, 0.8593749999999895639, 0.8671874999999902300, 0.8749999999999908962, 1.000000000000000000 ),
 .UNSPECIFIED. ) ;
#10696 = CARTESIAN_POINT ( 'NONE',  ( -0.2000000000000000111, -15.90000000000001457, 36.79999999999999716 ) ) ;
#10697 = VERTEX_POINT ( 'NONE', #8899 ) ;
#10698 = CARTESIAN_POINT ( 'NONE',  ( -1.800000000000000266, -0.1000000000000000056, 0.000000000000000000 ) ) ;
#10699 = DIRECTION ( 'NONE',  ( -1.000000000000000000, 0.000000000000000000, 0.000000000000000000 ) ) ;
#10700 = VECTOR ( 'NONE', #6528, 1000.000000000000000 ) ;
#10701 = ORIENTED_EDGE ( 'NONE', *, *, #2411, .T. ) ;
#10702 = ORIENTED_EDGE ( 'NONE', *, *, #1409, .T. ) ;
#10703 = CARTESIAN_POINT ( 'NONE',  ( 34.80000000000000426, -19.10000000000000142, 6.799999999999999822 ) ) ;
#10704 = CARTESIAN_POINT ( 'NONE',  ( 6.129999999999577120, -7.632548668951539159E-14, -1.800000000000000044 ) ) ;
#10705 = ADVANCED_FACE ( 'NONE', ( #1795 ), #3943, .F. ) ;
#10706 = ORIENTED_EDGE ( 'NONE', *, *, #9781, .T. ) ;
#10707 = LINE ( 'NONE', #3777, #7814 ) ;
#10708 = CARTESIAN_POINT ( 'NONE',  ( 31.80000000000000071, -17.50000000000000355, 40.80000000000000426 ) ) ;
#10709 = ORIENTED_EDGE ( 'NONE', *, *, #4803, .F. ) ;
#10710 = VERTEX_POINT ( 'NONE', #8809 ) ;
#10711 = VECTOR ( 'NONE', #6431, 1000.000000000000000 ) ;
#10712 = CARTESIAN_POINT ( 'NONE',  ( 35.80000000000000426, -17.50000000000000000, 42.79999999999999005 ) ) ;
#10713 = DIRECTION ( 'NONE',  ( -1.000000000000000000, -0.000000000000000000, -0.000000000000000000 ) ) ;
#10714 = DIRECTION ( 'NONE',  ( 0.000000000000000000, 0.000000000000000000, -1.000000000000000000 ) ) ;
#10715 = DIRECTION ( 'NONE',  ( 1.000000000000000000, 0.000000000000000000, -0.000000000000000000 ) ) ;
#10716 = CIRCLE ( 'NONE', #5600, 1.000000000000000888 ) ;
#10717 = CARTESIAN_POINT ( 'NONE',  ( 3.002519267181582574, -12.41952257623927025, -17.17328757399148031 ) ) ;
#10718 = ORIENTED_EDGE ( 'NONE', *, *, #5869, .T. ) ;
#10719 = VERTEX_POINT ( 'NONE', #10689 ) ;
#10720 = CARTESIAN_POINT ( 'NONE',  ( 3.293402960360026555, -12.26078596353799988, -17.07185415585044908 ) ) ;
#10721 = CARTESIAN_POINT ( 'NONE',  ( 1.400000000000012568, -17.50000000000000000, 4.799999999999998934 ) ) ;
#10722 = VECTOR ( 'NONE', #4840, 1000.000000000000000 ) ;
#10723 = AXIS2_PLACEMENT_3D ( 'NONE', #3632, #5559, #5654 ) ;
#10724 = DIRECTION ( 'NONE',  ( -0.000000000000000000, 1.000000000000000000, 0.000000000000000000 ) ) ;
#10725 = ORIENTED_EDGE ( 'NONE', *, *, #207, .T. ) ;
#10726 = CARTESIAN_POINT ( 'NONE',  ( 72.40000000000000568, -0.09999999999999939493, 56.79999999999999716 ) ) ;
#10727 = FACE_OUTER_BOUND ( 'NONE', #7246, .T. ) ;
#10728 = VECTOR ( 'NONE', #5132, 1000.000000000000000 ) ;
#10729 = DIRECTION ( 'NONE',  ( 0.000000000000000000, 0.000000000000000000, -1.000000000000000000 ) ) ;
#10730 = DIRECTION ( 'NONE',  ( -1.000000000000000000, -0.000000000000000000, -0.000000000000000000 ) ) ;
#10731 = VERTEX_POINT ( 'NONE', #4856 ) ;
#10732 = DIRECTION ( 'NONE',  ( -1.000000000000000000, 0.000000000000000000, 0.000000000000000000 ) ) ;
#10733 = VECTOR ( 'NONE', #9187, 1000.000000000000000 ) ;
#10734 = CARTESIAN_POINT ( 'NONE',  ( 4.799999999999999822, -19.10000000000000497, 33.80000000000000426 ) ) ;
#10735 = ORIENTED_EDGE ( 'NONE', *, *, #3402, .F. ) ;
#10736 = ORIENTED_EDGE ( 'NONE', *, *, #11033, .F. ) ;
#10737 = CARTESIAN_POINT ( 'NONE',  ( -0.7234125379546181289, -10.95385323787860266, -17.51447486763785832 ) ) ;
#10738 = CIRCLE ( 'NONE', #6422, 9.999999999999998224 ) ;
#10739 = DIRECTION ( 'NONE',  ( -0.000000000000000000, -1.000000000000000000, -0.000000000000000000 ) ) ;
#10740 = DIRECTION ( 'NONE',  ( -1.399999999999999714E-14, -9.999999999999999988E-15, -1.000000000000000000 ) ) ;
#10741 = FACE_OUTER_BOUND ( 'NONE', #10857, .T. ) ;
#10742 = CARTESIAN_POINT ( 'NONE',  ( 32.80000000000000426, -19.10000000000000142, 45.79999999999999716 ) ) ;
#10743 = EDGE_LOOP ( 'NONE', ( #1641, #5723, #10190, #3586, #6208 ) ) ;
#10744 = DIRECTION ( 'NONE',  ( 0.000000000000000000, -1.000000000000000000, -1.234678630588475078E-16 ) ) ;
#10745 = AXIS2_PLACEMENT_3D ( 'NONE', #10645, #969, #7762 ) ;
#10746 = DIRECTION ( 'NONE',  ( -0.000000000000000000, -1.000000000000000000, 0.000000000000000000 ) ) ;
#10747 = CARTESIAN_POINT ( 'NONE',  ( 3.799999999999999822, -3.200000000000001510, -1.800000000000000044 ) ) ;
#10748 = DIRECTION ( 'NONE',  ( 0.000000000000000000, -1.000000000000000000, -1.234678630588475078E-16 ) ) ;
#10749 = CARTESIAN_POINT ( 'NONE',  ( 0.000000000000000000, -18.70000000000001350, -1.800000000000000044 ) ) ;
#10750 = VERTEX_POINT ( 'NONE', #10858 ) ;
#10751 = FACE_OUTER_BOUND ( 'NONE', #142, .T. ) ;
#10752 = ORIENTED_EDGE ( 'NONE', *, *, #3685, .T. ) ;
#10753 = EDGE_CURVE ( 'NONE', #4532, #2447, #11451, .T. ) ;
#10754 = ORIENTED_EDGE ( 'NONE', *, *, #5300, .T. ) ;
#10755 = LINE ( 'NONE', #7258, #6818 ) ;
#10756 = ORIENTED_EDGE ( 'NONE', *, *, #8209, .T. ) ;
#10757 = EDGE_CURVE ( 'NONE', #1150, #9975, #2364, .T. ) ;
#10758 = CARTESIAN_POINT ( 'NONE',  ( 4.199999999999995737, -8.100000000000001421, 56.79999999999999716 ) ) ;
#10759 = ADVANCED_FACE ( 'NONE', ( #3427 ), #7045, .F. ) ;
#10760 = CARTESIAN_POINT ( 'NONE',  ( 31.80000000000000071, -19.10000000000000142, 17.80000000000000071 ) ) ;
#10761 = VECTOR ( 'NONE', #7796, 1000.000000000000000 ) ;
#10762 = ORIENTED_EDGE ( 'NONE', *, *, #10589, .F. ) ;
#10763 = ORIENTED_EDGE ( 'NONE', *, *, #9768, .F. ) ;
#10764 = FACE_OUTER_BOUND ( 'NONE', #9811, .T. ) ;
#10765 = DIRECTION ( 'NONE',  ( 1.000000000000000000, -0.000000000000000000, -0.000000000000000000 ) ) ;
#10766 = AXIS2_PLACEMENT_3D ( 'NONE', #7107, #10867, #1252 ) ;
#10767 = EDGE_CURVE ( 'NONE', #8397, #1398, #3409, .T. ) ;
#10768 = CARTESIAN_POINT ( 'NONE',  ( 3.799999999999999822, -9.099999999999996092, -7.740000000000002878 ) ) ;
#10769 = CARTESIAN_POINT ( 'NONE',  ( 3.120856835482973324, -11.83746709804941055, -17.24180047141192773 ) ) ;
#10770 = ADVANCED_FACE ( 'NONE', ( #8380 ), #7758, .T. ) ;
#10771 = EDGE_CURVE ( 'NONE', #7671, #4623, #2625, .T. ) ;
#10772 = DIRECTION ( 'NONE',  ( -0.000000000000000000, 1.000000000000000000, 3.001251688541188813E-16 ) ) ;
#10773 = VECTOR ( 'NONE', #4261, 1000.000000000000000 ) ;
#10774 = CARTESIAN_POINT ( 'NONE',  ( 4.800000000000000711, -19.10000000000000142, 42.79999999999999716 ) ) ;
#10775 = CARTESIAN_POINT ( 'NONE',  ( 35.14999999999952962, -3.200000000000001510, -1.800000000000517408 ) ) ;
#10776 = CARTESIAN_POINT ( 'NONE',  ( -1.703540437924062401, 15.69063125281775939, -16.37271866267247233 ) ) ;
#10777 = ORIENTED_EDGE ( 'NONE', *, *, #9186, .T. ) ;
#10778 = DIRECTION ( 'NONE',  ( 0.000000000000000000, -1.000000000000000000, -1.234678630588475078E-16 ) ) ;
#10779 = DIRECTION ( 'NONE',  ( 0.000000000000000000, -1.000000000000000000, 0.000000000000000000 ) ) ;
#10780 = CARTESIAN_POINT ( 'NONE',  ( -1.737593590705846625, -13.75367714914054673, -16.23579484760986702 ) ) ;
#10781 = CARTESIAN_POINT ( 'NONE',  ( -0.2000000000000000111, -9.500000000000001776, 16.80000000000000071 ) ) ;
#10782 = ORIENTED_EDGE ( 'NONE', *, *, #4814, .T. ) ;
#10783 = VERTEX_POINT ( 'NONE', #768 ) ;
#10784 = LINE ( 'NONE', #6241, #7581 ) ;
#10785 = DIRECTION ( 'NONE',  ( 1.000000000000000000, 0.000000000000000000, 0.000000000000000000 ) ) ;
#10786 = VERTEX_POINT ( 'NONE', #1939 ) ;
#10787 = ORIENTED_EDGE ( 'NONE', *, *, #818, .F. ) ;
#10788 = CARTESIAN_POINT ( 'NONE',  ( 31.80000000000000071, -17.50000000000000355, 25.80000000000000071 ) ) ;
#10789 = DIRECTION ( 'NONE',  ( 1.000000000000000000, 0.000000000000000000, 0.000000000000000000 ) ) ;
#10790 = EDGE_CURVE ( 'NONE', #11917, #10963, #4585, .T. ) ;
#10791 = FACE_OUTER_BOUND ( 'NONE', #2123, .T. ) ;
#10792 = CARTESIAN_POINT ( 'NONE',  ( 84.20000000000001705, 4.299999999999998934, -14.73999999999995225 ) ) ;
#10793 = VECTOR ( 'NONE', #5930, 1000.000000000000000 ) ;
#10794 = EDGE_CURVE ( 'NONE', #2661, #6523, #11634, .T. ) ;
#10795 = ORIENTED_EDGE ( 'NONE', *, *, #11859, .F. ) ;
#10796 = CARTESIAN_POINT ( 'NONE',  ( 54.39999999999999858, -3.200000000000001954, -0.7999999999999999334 ) ) ;
#10797 = PLANE ( 'NONE',  #4037 ) ;
#10798 = VERTEX_POINT ( 'NONE', #9540 ) ;
#10799 = ORIENTED_EDGE ( 'NONE', *, *, #3378, .T. ) ;
#10800 = VERTEX_POINT ( 'NONE', #7682 ) ;
#10801 = ADVANCED_FACE ( 'NONE', ( #4020 ), #6329, .T. ) ;
#10802 = ORIENTED_EDGE ( 'NONE', *, *, #7205, .T. ) ;
#10803 = VERTEX_POINT ( 'NONE', #2734 ) ;
#10804 = DIRECTION ( 'NONE',  ( -0.000000000000000000, 1.000000000000000000, 3.001251688541188813E-16 ) ) ;
#10805 = EDGE_CURVE ( 'NONE', #2150, #7494, #2236, .T. ) ;
#10806 = ORIENTED_EDGE ( 'NONE', *, *, #6062, .T. ) ;
#10807 = DIRECTION ( 'NONE',  ( 0.000000000000000000, 1.000000000000000000, 0.000000000000000000 ) ) ;
#10808 = CARTESIAN_POINT ( 'NONE',  ( 31.80000000000000071, -17.50000000000000355, 24.80000000000000071 ) ) ;
#10809 = AXIS2_PLACEMENT_3D ( 'NONE', #9600, #12374, #1868 ) ;
#10810 = CARTESIAN_POINT ( 'NONE',  ( 3.799999999999999378, -19.10000000000000142, 29.80000000000000071 ) ) ;
#10811 = CARTESIAN_POINT ( 'NONE',  ( 2.837574511126913279, -11.19843279965921212, -17.44982518952781092 ) ) ;
#10812 = DIRECTION ( 'NONE',  ( 0.000000000000000000, 1.000000000000000000, 0.000000000000000000 ) ) ;
#10813 = CIRCLE ( 'NONE', #10809, 1.900000000000002354 ) ;
#10814 = CARTESIAN_POINT ( 'NONE',  ( 86.60185673057200972, -9.495974391454350183, -17.72981478883228590 ) ) ;
#10815 = CARTESIAN_POINT ( 'NONE',  ( 71.70720328961823498, 13.39946004060251461, -17.53370429516185780 ) ) ;
#10816 = VERTEX_POINT ( 'NONE', #4611 ) ;
#10817 = DIRECTION ( 'NONE',  ( 0.000000000000000000, 0.000000000000000000, 1.000000000000000000 ) ) ;
#10818 = ORIENTED_EDGE ( 'NONE', *, *, #11397, .F. ) ;
#10819 = ADVANCED_FACE ( 'NONE', ( #2511 ), #9498, .F. ) ;
#10820 = DIRECTION ( 'NONE',  ( 0.000000000000000000, 0.000000000000000000, 1.000000000000000000 ) ) ;
#10821 = DIRECTION ( 'NONE',  ( -1.000000000000000000, 0.000000000000000000, 0.000000000000000000 ) ) ;
#10822 = VECTOR ( 'NONE', #8036, 1000.000000000000000 ) ;
#10823 = PLANE ( 'NONE',  #886 ) ;
#10824 = CARTESIAN_POINT ( 'NONE',  ( 4.799999999999999822, -17.50000000000000355, 21.80000000000000071 ) ) ;
#10825 = VERTEX_POINT ( 'NONE', #3732 ) ;
#10826 = VECTOR ( 'NONE', #9052, 1000.000000000000000 ) ;
#10827 = EDGE_CURVE ( 'NONE', #11067, #8421, #9608, .T. ) ;
#10828 = CIRCLE ( 'NONE', #2860, 1.000000000000000000 ) ;
#10829 = CARTESIAN_POINT ( 'NONE',  ( 14.36999999999954447, -3.309999999999894360, -1.189999999999546532 ) ) ;
#10830 = EDGE_CURVE ( 'NONE', #5225, #3930, #11051, .T. ) ;
#10831 = CARTESIAN_POINT ( 'NONE',  ( 3.799999999999999378, -19.10000000000000142, 6.799999999999999822 ) ) ;
#10832 = VERTEX_POINT ( 'NONE', #3004 ) ;
#10833 = VERTEX_POINT ( 'NONE', #1159 ) ;
#10834 = VECTOR ( 'NONE', #9872, 1000.000000000000000 ) ;
#10835 = EDGE_LOOP ( 'NONE', ( #11232, #1337, #1833, #2956, #2089, #8342, #8054, #2272, #3476, #7111, #6935, #1096 ) ) ;
#10836 = ORIENTED_EDGE ( 'NONE', *, *, #742, .F. ) ;
#10837 = EDGE_CURVE ( 'NONE', #2343, #7622, #12036, .T. ) ;
#10838 = DIRECTION ( 'NONE',  ( 0.000000000000000000, 0.000000000000000000, 1.000000000000000000 ) ) ;
#10839 = EDGE_CURVE ( 'NONE', #2527, #11264, #2357, .T. ) ;
#10840 = EDGE_CURVE ( 'NONE', #10933, #5404, #3773, .T. ) ;
#10841 = VERTEX_POINT ( 'NONE', #5945 ) ;
#10842 = VECTOR ( 'NONE', #572, 1000.000000000000000 ) ;
#10843 = DIRECTION ( 'NONE',  ( 0.000000000000000000, 0.7071067811865475727, -0.7071067811865475727 ) ) ;
#10844 = FACE_OUTER_BOUND ( 'NONE', #901, .T. ) ;
#10845 = DIRECTION ( 'NONE',  ( 0.000000000000000000, -1.000000000000000000, 0.000000000000000000 ) ) ;
#10846 = CYLINDRICAL_SURFACE ( 'NONE', #4550, 1.000000000000000888 ) ;
#10847 = VECTOR ( 'NONE', #4190, 1000.000000000000000 ) ;
#10848 = CARTESIAN_POINT ( 'NONE',  ( 62.80000000000001137, -17.50000000000000355, 29.79999999999999716 ) ) ;
#10849 = CARTESIAN_POINT ( 'NONE',  ( 86.77495971030489841, -9.837493285735201098, -17.70456578348890275 ) ) ;
#10850 = DIRECTION ( 'NONE',  ( -0.000000000000000000, 1.000000000000000000, -0.000000000000000000 ) ) ;
#10851 = DIRECTION ( 'NONE',  ( 0.000000000000000000, -0.000000000000000000, 1.000000000000000000 ) ) ;
#10852 = EDGE_CURVE ( 'NONE', #3321, #12319, #4586, .T. ) ;
#10853 = ORIENTED_EDGE ( 'NONE', *, *, #5027, .T. ) ;
#10854 = LINE ( 'NONE', #11841, #11762 ) ;
#10855 = DIRECTION ( 'NONE',  ( -0.000000000000000000, 1.209468558947972554E-16, -1.000000000000000000 ) ) ;
#10856 = CYLINDRICAL_SURFACE ( 'NONE', #3303, 1.000000000000000000 ) ;
#10857 = EDGE_LOOP ( 'NONE', ( #11601, #6286, #6690, #2210, #3876 ) ) ;
#10858 = CARTESIAN_POINT ( 'NONE',  ( 84.40000000000000568, -11.30000000000000959, 57.79999999999999716 ) ) ;
#10859 = EDGE_CURVE ( 'NONE', #9479, #2797, #10606, .T. ) ;
#10860 = CYLINDRICAL_SURFACE ( 'NONE', #1354, 2.799999999999997158 ) ;
#10861 = ORIENTED_EDGE ( 'NONE', *, *, #6541, .T. ) ;
#10862 = CARTESIAN_POINT ( 'NONE',  ( 70.60000000000000853, -14.40659966456862406, -15.73999999999999666 ) ) ;
#10863 = EDGE_CURVE ( 'NONE', #1789, #7064, #6078, .T. ) ;
#10864 = ADVANCED_FACE ( 'NONE', ( #2052 ), #159, .T. ) ;
#10865 = CARTESIAN_POINT ( 'NONE',  ( -1.367407440208889380, -12.45724313680694095, -16.98230029269351959 ) ) ;
#10866 = DIRECTION ( 'NONE',  ( 0.7071067811865474617, 0.000000000000000000, -0.7071067811865474617 ) ) ;
#10867 = DIRECTION ( 'NONE',  ( 0.000000000000000000, -1.000000000000000000, 0.000000000000000000 ) ) ;
#10868 = VERTEX_POINT ( 'NONE', #8778 ) ;
#10869 = CARTESIAN_POINT ( 'NONE',  ( 35.80000000000000426, -17.50000000000000711, 41.79999999999999005 ) ) ;
#10870 = FACE_OUTER_BOUND ( 'NONE', #7401, .T. ) ;
#10871 = CARTESIAN_POINT ( 'NONE',  ( 84.20000000000001705, 3.662330314989931779, -17.73999999999999844 ) ) ;
#10872 = PLANE ( 'NONE',  #1140 ) ;
#10873 = ORIENTED_EDGE ( 'NONE', *, *, #7848, .F. ) ;
#10874 = ORIENTED_EDGE ( 'NONE', *, *, #11681, .F. ) ;
#10875 = VERTEX_POINT ( 'NONE', #7766 ) ;
#10876 = VECTOR ( 'NONE', #4050, 1000.000000000000000 ) ;
#10877 = ORIENTED_EDGE ( 'NONE', *, *, #11172, .F. ) ;
#10878 = LINE ( 'NONE', #9389, #7090 ) ;
#10879 = AXIS2_PLACEMENT_3D ( 'NONE', #3437, #12068, #4375 ) ;
#10880 = PLANE ( 'NONE',  #11306 ) ;
#10881 = ADVANCED_FACE ( 'NONE', ( #11973 ), #5424, .F. ) ;
#10882 = EDGE_CURVE ( 'NONE', #5861, #2947, #3334, .T. ) ;
#10883 = DIRECTION ( 'NONE',  ( 1.000000000000000000, 0.000000000000000000, -0.000000000000000000 ) ) ;
#10884 = ORIENTED_EDGE ( 'NONE', *, *, #7033, .T. ) ;
#10885 = ORIENTED_EDGE ( 'NONE', *, *, #10690, .T. ) ;
#10886 = AXIS2_PLACEMENT_3D ( 'NONE', #7651, #9582, #4625 ) ;
#10887 = CARTESIAN_POINT ( 'NONE',  ( 63.80000000000001137, -17.50000000000000000, 21.79999999999999361 ) ) ;
#10888 = VECTOR ( 'NONE', #1998, 1000.000000000000000 ) ;
#10889 = VECTOR ( 'NONE', #332, 1000.000000000000000 ) ;
#10890 = ORIENTED_EDGE ( 'NONE', *, *, #7984, .T. ) ;
#10891 = FACE_OUTER_BOUND ( 'NONE', #10269, .T. ) ;
#10892 = CARTESIAN_POINT ( 'NONE',  ( 3.377577833384247885, -12.48485450132207220, -16.96935271585949678 ) ) ;
#10893 = CARTESIAN_POINT ( 'NONE',  ( 35.80000000000000426, -19.10000000000000142, 5.799999999999999822 ) ) ;
#10894 = DIRECTION ( 'NONE',  ( 1.000000000000000000, 0.000000000000000000, 0.000000000000000000 ) ) ;
#10895 = ADVANCED_FACE ( 'NONE', ( #8937 ), #8091, .F. ) ;
#10896 = ORIENTED_EDGE ( 'NONE', *, *, #8569, .T. ) ;
#10897 = CARTESIAN_POINT ( 'NONE',  ( 86.53545577340506156, -9.365528064872728820, -17.73578365310046578 ) ) ;
#10898 = ORIENTED_EDGE ( 'NONE', *, *, #5198, .F. ) ;
#10899 = LINE ( 'NONE', #5331, #6052 ) ;
#10900 = CARTESIAN_POINT ( 'NONE',  ( 150.7570364914818697, -17.50000000000000355, 36.89999999999971436 ) ) ;
#10901 = DIRECTION ( 'NONE',  ( 0.000000000000000000, 0.000000000000000000, -1.000000000000000000 ) ) ;
#10902 = CARTESIAN_POINT ( 'NONE',  ( 62.80000000000001137, -17.50000000000000355, 17.79999999999999716 ) ) ;
#10903 = LINE ( 'NONE', #9885, #3750 ) ;
#10904 = ORIENTED_EDGE ( 'NONE', *, *, #2448, .F. ) ;
#10905 = DIRECTION ( 'NONE',  ( -0.000000000000000000, 1.000000000000000000, 0.000000000000000000 ) ) ;
#10906 = DIRECTION ( 'NONE',  ( -0.000000000000000000, 1.000000000000000000, -0.000000000000000000 ) ) ;
#10907 = EDGE_LOOP ( 'NONE', ( #5177, #12214, #1718, #6468, #10207 ) ) ;
#10908 = CARTESIAN_POINT ( 'NONE',  ( 0.1855526127779214551, -9.128310994733276118, -17.74000028115813166 ) ) ;
#10909 = ORIENTED_EDGE ( 'NONE', *, *, #12154, .T. ) ;
#10910 = CARTESIAN_POINT ( 'NONE',  ( 35.80000000000000426, -17.50000000000000000, 44.79999999999999005 ) ) ;
#10911 = EDGE_LOOP ( 'NONE', ( #3013, #8717, #4985, #4502 ) ) ;
#10912 = DIRECTION ( 'NONE',  ( -1.000000000000000000, -1.734723475976808080E-16, 0.000000000000000000 ) ) ;
#10913 = LINE ( 'NONE', #5374, #7127 ) ;
#10914 = CARTESIAN_POINT ( 'NONE',  ( 32.80000000000000426, -17.50000000000000000, 5.799999999999999822 ) ) ;
#10915 = DIRECTION ( 'NONE',  ( -0.000000000000000000, 0.000000000000000000, 1.000000000000000000 ) ) ;
#10916 = DIRECTION ( 'NONE',  ( 0.000000000000000000, 0.000000000000000000, -1.000000000000000000 ) ) ;
#10917 = EDGE_CURVE ( 'NONE', #9045, #1560, #895, .T. ) ;
#10918 = EDGE_LOOP ( 'NONE', ( #3588, #3090, #9502, #5080, #6681 ) ) ;
#10919 = CARTESIAN_POINT ( 'NONE',  ( 88.40000000000000568, -18.70000000000001350, 57.39999999999999858 ) ) ;
#10920 = DIRECTION ( 'NONE',  ( 0.000000000000000000, 0.000000000000000000, 1.000000000000000000 ) ) ;
#10921 = EDGE_CURVE ( 'NONE', #11544, #11605, #7135, .T. ) ;
#10922 = EDGE_LOOP ( 'NONE', ( #9301, #10223, #6003, #8707, #1218 ) ) ;
#10923 = FACE_OUTER_BOUND ( 'NONE', #11550, .T. ) ;
#10924 = CARTESIAN_POINT ( 'NONE',  ( 57.00000000000000000, -19.10000000000000142, 52.09999999999999432 ) ) ;
#10925 = VERTEX_POINT ( 'NONE', #4222 ) ;
#10926 = PLANE ( 'NONE',  #7872 ) ;
#10927 = VERTEX_POINT ( 'NONE', #2195 ) ;
#10928 = ADVANCED_FACE ( 'NONE', ( #1656 ), #237, .F. ) ;
#10929 = CARTESIAN_POINT ( 'NONE',  ( 35.80000000000000426, -19.10000000000000142, 29.79999999999999361 ) ) ;
#10930 = EDGE_LOOP ( 'NONE', ( #4129, #10544, #5944, #6357 ) ) ;
#10931 = VERTEX_POINT ( 'NONE', #5113 ) ;
#10932 = CIRCLE ( 'NONE', #6666, 6.200000000000001066 ) ;
#10933 = VERTEX_POINT ( 'NONE', #9029 ) ;
#10934 = EDGE_CURVE ( 'NONE', #944, #4524, #6506, .T. ) ;
#10935 = LINE ( 'NONE', #9570, #179 ) ;
#10936 = AXIS2_PLACEMENT_3D ( 'NONE', #9784, #8808, #1189 ) ;
#10938 = ORIENTED_EDGE ( 'NONE', *, *, #10510, .T. ) ;
#10937 = LINE ( 'NONE', #5655, #8316 ) ;
#10939 = EDGE_CURVE ( 'NONE', #2711, #408, #5747, .T. ) ;
#10940 = LINE ( 'NONE', #3707, #8319 ) ;
#10941 = EDGE_CURVE ( 'NONE', #6618, #9005, #4367, .T. ) ;
#10942 = DIRECTION ( 'NONE',  ( -1.000000000000000000, -0.000000000000000000, -0.000000000000000000 ) ) ;
#10943 = DIRECTION ( 'NONE',  ( -0.000000000000000000, -1.000000000000000000, -0.000000000000000000 ) ) ;
#10944 = ORIENTED_EDGE ( 'NONE', *, *, #837, .F. ) ;
#10945 = DIRECTION ( 'NONE',  ( 0.000000000000000000, 0.000000000000000000, -1.000000000000000000 ) ) ;
#10946 = ADVANCED_FACE ( 'NONE', ( #3927 ), #4137, .F. ) ;
#10947 = CARTESIAN_POINT ( 'NONE',  ( 86.68965960866171372, -9.668694093174876159, -17.71977196889483608 ) ) ;
#10948 = LINE ( 'NONE', #4178, #9883 ) ;
#10949 = CARTESIAN_POINT ( 'NONE',  ( 3.800000000000001155, -17.50000000000000000, 45.79999999999999716 ) ) ;
#10950 = CARTESIAN_POINT ( 'NONE',  ( -1.739532479450737634, -13.76466177199475460, -16.22817725194328631 ) ) ;
#10951 = EDGE_LOOP ( 'NONE', ( #337, #7302, #10896, #397, #6882, #5906 ) ) ;
#10952 = CARTESIAN_POINT ( 'NONE',  ( 4.799999999999999822, -17.50000000000000355, 33.80000000000000426 ) ) ;
#10953 = B_SPLINE_CURVE_WITH_KNOTS ( 'NONE', 1,
 ( #8678, #923 ),
 .UNSPECIFIED., .F., .F.,
 ( 2, 2 ),
 ( 0.000000000000000000, 1.000000000000000000 ),
 .UNSPECIFIED. ) ;
#10954 = DIRECTION ( 'NONE',  ( -0.000000000000000000, 1.000000000000000000, 3.001251688541188813E-16 ) ) ;
#10955 = LINE ( 'NONE', #7275, #630 ) ;
#10956 = CARTESIAN_POINT ( 'NONE',  ( 32.80000000000000426, -17.50000000000000000, 33.80000000000000426 ) ) ;
#10957 = EDGE_CURVE ( 'NONE', #26, #9886, #6673, .T. ) ;
#10958 = CARTESIAN_POINT ( 'NONE',  ( -0.2000000000000000111, -9.500000000000001776, 14.80000000000000071 ) ) ;
#10959 = ORIENTED_EDGE ( 'NONE', *, *, #8398, .F. ) ;
#10960 = CARTESIAN_POINT ( 'NONE',  ( 4.799999999999999822, -17.50000000000000355, 21.80000000000000071 ) ) ;
#10961 = ORIENTED_EDGE ( 'NONE', *, *, #10957, .F. ) ;
#10962 = VECTOR ( 'NONE', #10812, 1000.000000000000000 ) ;
#10963 = VERTEX_POINT ( 'NONE', #6123 ) ;
#10964 = CARTESIAN_POINT ( 'NONE',  ( -0.2000000000000000111, -9.500000000000001776, 46.80000000000000426 ) ) ;
#10965 = VECTOR ( 'NONE', #1238, 1000.000000000000000 ) ;
#10966 = DIRECTION ( 'NONE',  ( 0.000000000000000000, 1.000000000000000000, 0.000000000000000000 ) ) ;
#10967 = LINE ( 'NONE', #1266, #1117 ) ;
#10968 = EDGE_CURVE ( 'NONE', #10798, #2661, #12280, .T. ) ;
#10969 = VECTOR ( 'NONE', #6702, 1000.000000000000000 ) ;
#10970 = CARTESIAN_POINT ( 'NONE',  ( -1.800000000000000266, -9.500000000000001776, 40.80000000000000426 ) ) ;
#10971 = AXIS2_PLACEMENT_3D ( 'NONE', #8170, #5071, #9109 ) ;
#10972 = CARTESIAN_POINT ( 'NONE',  ( 2.202428429597626192, -9.891950051457961024, -17.69920771326675890 ) ) ;
#10973 = DIRECTION ( 'NONE',  ( 0.000000000000000000, -1.000000000000000000, 0.000000000000000000 ) ) ;
#10974 = DIRECTION ( 'NONE',  ( 0.000000000000000000, 0.000000000000000000, -1.000000000000000000 ) ) ;
#10975 = CARTESIAN_POINT ( 'NONE',  ( 150.7570364914818697, -17.50000000000000000, 1.400000000000015676 ) ) ;
#10976 = DIRECTION ( 'NONE',  ( -0.000000000000000000, 1.000000000000000000, 0.000000000000000000 ) ) ;
#10977 = CARTESIAN_POINT ( 'NONE',  ( 0.000000000000000000, -16.69999999999999929, 0.000000000000000000 ) ) ;
#10978 = EDGE_LOOP ( 'NONE', ( #2091, #2197, #10725, #6540 ) ) ;
#10979 = VECTOR ( 'NONE', #6060, 1000.000000000000000 ) ;
#10980 = CIRCLE ( 'NONE', #8931, 1.000000000000000888 ) ;
#10981 = ORIENTED_EDGE ( 'NONE', *, *, #3527, .F. ) ;
#10982 = VERTEX_POINT ( 'NONE', #1251 ) ;
#10983 = CARTESIAN_POINT ( 'NONE',  ( 63.80000000000001137, -17.50000000000000000, 45.79999999999999005 ) ) ;
#10984 = CARTESIAN_POINT ( 'NONE',  ( 88.15882431744394410, -13.02267275004191660, -16.69275778217439310 ) ) ;
#10985 = DIRECTION ( 'NONE',  ( 0.000000000000000000, -1.055278234055558625E-16, 1.000000000000000000 ) ) ;
#10986 = CARTESIAN_POINT ( 'NONE',  ( 62.80000000000001137, -19.10000000000000142, 30.79999999999999361 ) ) ;
#10987 = PLANE ( 'NONE',  #9021 ) ;
#10988 = CARTESIAN_POINT ( 'NONE',  ( 1.400000000000012568, -17.50000000000000000, 26.80000000000000071 ) ) ;
#10989 = DIRECTION ( 'NONE',  ( 0.000000000000000000, 0.000000000000000000, 1.000000000000000000 ) ) ;
#10990 = ORIENTED_EDGE ( 'NONE', *, *, #2264, .T. ) ;
#10991 = EDGE_CURVE ( 'NONE', #6016, #4082, #9235, .T. ) ;
#10992 = DIRECTION ( 'NONE',  ( 1.000000000000000000, 0.000000000000000000, -0.000000000000000000 ) ) ;
#10993 = CARTESIAN_POINT ( 'NONE',  ( 4.800000000000000711, -19.10000000000000142, 40.80000000000000426 ) ) ;
#10994 = LINE ( 'NONE', #9309, #12344 ) ;
#10995 = EDGE_CURVE ( 'NONE', #12386, #8057, #5121, .T. ) ;
#10996 = CARTESIAN_POINT ( 'NONE',  ( 36.39999999997512958, -5.150000000033634784, -0.2000000000000007883 ) ) ;
#10997 = VERTEX_POINT ( 'NONE', #10993 ) ;
#10998 = VECTOR ( 'NONE', #10652, 1000.000000000000000 ) ;
#10999 = ORIENTED_EDGE ( 'NONE', *, *, #8798, .T. ) ;
#11000 = UNCERTAINTY_MEASURE_WITH_UNIT (LENGTH_MEASURE( 1.000000000000000082E-05 ), #8216, 'distance_accuracy_value', 'NONE');
#11001 = LINE ( 'NONE', #1452, #8538 ) ;
#11002 = ORIENTED_EDGE ( 'NONE', *, *, #6148, .F. ) ;
#11003 = CARTESIAN_POINT ( 'NONE',  ( -0.2000000000000000111, -2.449999999999729283, 14.32740920835357379 ) ) ;
#11004 = ADVANCED_FACE ( 'NONE', ( #10923 ), #4060, .F. ) ;
#11005 = CYLINDRICAL_SURFACE ( 'NONE', #5210, 1.000000000000000888 ) ;
#11006 = EDGE_CURVE ( 'NONE', #64, #4597, #3622, .T. ) ;
#11007 = ORIENTED_EDGE ( 'NONE', *, *, #210, .T. ) ;
#11008 = DIRECTION ( 'NONE',  ( 0.000000000000000000, 0.000000000000000000, 1.000000000000000000 ) ) ;
#11009 = AXIS2_PLACEMENT_3D ( 'NONE', #8688, #1033, #6930 ) ;
#11010 = ORIENTED_EDGE ( 'NONE', *, *, #985, .T. ) ;
#11011 = EDGE_CURVE ( 'NONE', #1593, #5314, #6825, .T. ) ;
#11012 = VECTOR ( 'NONE', #3841, 1000.000000000000000 ) ;
#11013 = DIRECTION ( 'NONE',  ( 0.000000000000000000, -1.000000000000000000, 0.000000000000000000 ) ) ;
#11014 = EDGE_CURVE ( 'NONE', #5186, #1994, #10011, .T. ) ;
#11015 = EDGE_CURVE ( 'NONE', #12263, #2509, #8305, .T. ) ;
#11016 = ORIENTED_EDGE ( 'NONE', *, *, #12376, .T. ) ;
#11017 = DIRECTION ( 'NONE',  ( -1.000000000000000000, -1.734723475976808080E-16, 0.000000000000000000 ) ) ;
#11018 = ORIENTED_EDGE ( 'NONE', *, *, #9033, .T. ) ;
#11019 = DIRECTION ( 'NONE',  ( -0.000000000000000000, 1.000000000000000000, 3.001251688541188813E-16 ) ) ;
#11020 = LINE ( 'NONE', #3399, #7820 ) ;
#11021 = CARTESIAN_POINT ( 'NONE',  ( -0.2000000000000000111, -9.500000000000001776, 36.79999999999999716 ) ) ;
#11022 = DIRECTION ( 'NONE',  ( 0.000000000000000000, -1.000000000000000000, 0.000000000000000000 ) ) ;
#11023 = VERTEX_POINT ( 'NONE', #8239 ) ;
#11024 = VECTOR ( 'NONE', #12197, 1000.000000000000000 ) ;
#11025 = CARTESIAN_POINT ( 'NONE',  ( 14.36999999999965993, -5.209999999999887166, -0.2000000000000008160 ) ) ;
#11026 = CYLINDRICAL_SURFACE ( 'NONE', #1120, 1.000000000000000888 ) ;
#11027 = DIRECTION ( 'NONE',  ( 0.000000000000000000, 0.000000000000000000, 1.000000000000000000 ) ) ;
#11028 = CARTESIAN_POINT ( 'NONE',  ( 88.36020322028036844, -13.88495347591285700, -16.14425074667543214 ) ) ;
#11029 = AXIS2_PLACEMENT_3D ( 'NONE', #7235, #1415, #5409 ) ;
#11030 = DIRECTION ( 'NONE',  ( 1.000000000000000000, 0.000000000000000000, 0.000000000000000000 ) ) ;
#11031 = VERTEX_POINT ( 'NONE', #11996 ) ;
#11032 = ORIENTED_EDGE ( 'NONE', *, *, #2785, .T. ) ;
#11033 = EDGE_CURVE ( 'NONE', #3230, #3372, #1051, .T. ) ;
#11034 = ORIENTED_EDGE ( 'NONE', *, *, #5889, .T. ) ;
#11035 = LINE ( 'NONE', #9688, #10722 ) ;
#11036 = CARTESIAN_POINT ( 'NONE',  ( 3.799999999999999378, -17.50000000000000000, 5.799999999999999822 ) ) ;
#11037 = PLANE ( 'NONE',  #10971 ) ;
#11038 = CARTESIAN_POINT ( 'NONE',  ( 62.80000000000001137, -19.10000000000000142, 17.79999999999999716 ) ) ;
#11039 = CARTESIAN_POINT ( 'NONE',  ( 62.80000000000001137, -19.10000000000000497, 33.79999999999999716 ) ) ;
#11040 = ORIENTED_EDGE ( 'NONE', *, *, #1175, .T. ) ;
#11041 = VERTEX_POINT ( 'NONE', #2353 ) ;
#11042 = ORIENTED_EDGE ( 'NONE', *, *, #5615, .T. ) ;
#11043 = CARTESIAN_POINT ( 'NONE',  ( 86.76931323960181430, -10.04739904260241445, -17.69573028091297573 ) ) ;
#11044 = ORIENTED_EDGE ( 'NONE', *, *, #7039, .F. ) ;
#11045 = DIRECTION ( 'NONE',  ( 0.000000000000000000, -1.000000000000000000, -1.234678630588475078E-16 ) ) ;
#11046 = ORIENTED_EDGE ( 'NONE', *, *, #11454, .T. ) ;
#11047 = EDGE_CURVE ( 'NONE', #11264, #10868, #9081, .T. ) ;
#11048 = ORIENTED_EDGE ( 'NONE', *, *, #6872, .T. ) ;
#11049 = VECTOR ( 'NONE', #7890, 1000.000000000000000 ) ;
#11050 = ORIENTED_EDGE ( 'NONE', *, *, #2890, .F. ) ;
#11051 = LINE ( 'NONE', #5586, #1469 ) ;
#11052 = CARTESIAN_POINT ( 'NONE',  ( 86.64080391302972828, -9.715876371435101078, -17.72108485090213748 ) ) ;
#11053 = CIRCLE ( 'NONE', #3726, 1.249999999975582199 ) ;
#11054 = CARTESIAN_POINT ( 'NONE',  ( 2.512862985877005517, -10.51653193501636530, -17.60867195340147617 ) ) ;
#11055 = CARTESIAN_POINT ( 'NONE',  ( -0.2000000000000000111, -9.500000000000001776, 28.80000000000000071 ) ) ;
#11056 = CARTESIAN_POINT ( 'NONE',  ( 31.80000000000000071, -17.50000000000000711, 45.79999999999999716 ) ) ;
#11057 = DIRECTION ( 'NONE',  ( 0.000000000000000000, -1.000000000000000000, -1.234678630588475078E-16 ) ) ;
#11058 = ORIENTED_EDGE ( 'NONE', *, *, #4458, .T. ) ;
#11059 = FACE_OUTER_BOUND ( 'NONE', #9349, .T. ) ;
#11060 = ORIENTED_EDGE ( 'NONE', *, *, #7752, .F. ) ;
#11061 = CARTESIAN_POINT ( 'NONE',  ( 62.80000000000001137, -19.09999999999999787, 30.79999999999999361 ) ) ;
#11062 = ADVANCED_FACE ( 'NONE', ( #11059 ), #9682, .F. ) ;
#11063 = CARTESIAN_POINT ( 'NONE',  ( 1.399999999999984590, -17.50000000000000000, -2.755455298081544778E-15 ) ) ;
#11064 = LINE ( 'NONE', #1730, #446 ) ;
#11065 = VECTOR ( 'NONE', #6098, 1000.000000000000000 ) ;
#11066 = CARTESIAN_POINT ( 'NONE',  ( -0.2000000000000000111, -9.500000000000001776, 42.80000000000000426 ) ) ;
#11067 = VERTEX_POINT ( 'NONE', #3366 ) ;
#11068 = DIRECTION ( 'NONE',  ( -0.000000000000000000, 0.7071067811865473507, 0.7071067811865477948 ) ) ;
#11069 = PLANE ( 'NONE',  #3708 ) ;
#11071 = ORIENTED_EDGE ( 'NONE', *, *, #1763, .F. ) ;
#11070 = FACE_OUTER_BOUND ( 'NONE', #8994, .T. ) ;
#11072 = PLANE ( 'NONE',  #12265 ) ;
#11073 = VECTOR ( 'NONE', #1909, 1000.000000000000000 ) ;
#11074 = VECTOR ( 'NONE', #11688, 1000.000000000000000 ) ;
#11075 = AXIS2_PLACEMENT_3D ( 'NONE', #5850, #5015, #3044 ) ;
#11076 = EDGE_CURVE ( 'NONE', #5188, #5066, #1362, .T. ) ;
#11077 = VERTEX_POINT ( 'NONE', #4384 ) ;
#11078 = ORIENTED_EDGE ( 'NONE', *, *, #4002, .F. ) ;
#11079 = CARTESIAN_POINT ( 'NONE',  ( 62.80000000000001137, -19.10000000000000853, 41.79999999999999005 ) ) ;
#11080 = VECTOR ( 'NONE', #4609, 1000.000000000000000 ) ;
#11081 = CARTESIAN_POINT ( 'NONE',  ( 71.96909910840027180, -10.73765317015590526, -17.60533280489938690 ) ) ;
#11083 = ORIENTED_EDGE ( 'NONE', *, *, #11313, .T. ) ;
#11082 = VECTOR ( 'NONE', #9318, 1000.000000000000000 ) ;
#11084 = VECTOR ( 'NONE', #3070, 999.9999999999998863 ) ;
#11085 = DIRECTION ( 'NONE',  ( 0.000000000000000000, -1.000000000000000000, 0.000000000000000000 ) ) ;
#11086 = EDGE_CURVE ( 'NONE', #639, #12488, #160, .T. ) ;
#11087 = ORIENTED_EDGE ( 'NONE', *, *, #6375, .F. ) ;
#11088 = CARTESIAN_POINT ( 'NONE',  ( 86.50883114704333821, -9.377828507078946885, -17.73619127733270417 ) ) ;
#11089 = AXIS2_PLACEMENT_3D ( 'NONE', #12024, #10169, #7212 ) ;
#11090 = CARTESIAN_POINT ( 'NONE',  ( -1.800000000000000266, -3.045900930049277200, 18.39936534720461481 ) ) ;
#11091 = LINE ( 'NONE', #8750, #3371 ) ;
#11092 = EDGE_LOOP ( 'NONE', ( #220, #6198, #7512, #5401 ) ) ;
#11093 = AXIS2_PLACEMENT_3D ( 'NONE', #5158, #11847, #8022 ) ;
#11094 = DIRECTION ( 'NONE',  ( 0.000000000000000000, 0.000000000000000000, 1.000000000000000000 ) ) ;
#11095 = CARTESIAN_POINT ( 'NONE',  ( 14.19999999999999041, -0.09999999999999882594, 56.79999999999999716 ) ) ;
#11096 = ORIENTED_EDGE ( 'NONE', *, *, #1424, .T. ) ;
#11097 = DIRECTION ( 'NONE',  ( 0.000000000000000000, 0.000000000000000000, -1.000000000000000000 ) ) ;
#11098 = CARTESIAN_POINT ( 'NONE',  ( 35.80000000000000426, -19.10000000000000142, 9.799999999999995381 ) ) ;
#11099 = EDGE_LOOP ( 'NONE', ( #5433, #12065, #9145, #8173 ) ) ;
#11100 = ORIENTED_EDGE ( 'NONE', *, *, #12309, .T. ) ;
#11101 = DIRECTION ( 'NONE',  ( 0.000000000000000000, 1.000000000000000000, 0.000000000000000000 ) ) ;
#11102 = CARTESIAN_POINT ( 'NONE',  ( 87.73633858595000845, -12.89939836674904328, -16.99032087624389220 ) ) ;
#11103 = CARTESIAN_POINT ( 'NONE',  ( 3.800000000000001155, -19.10000000000000142, 12.79999999999999893 ) ) ;
#11104 = CARTESIAN_POINT ( 'NONE',  ( 88.16136672643906991, -13.02922923520181442, -16.68974861686526978 ) ) ;
#11105 = ADVANCED_FACE ( 'NONE', ( #10764 ), #9840, .T. ) ;
#11106 = ORIENTED_EDGE ( 'NONE', *, *, #4673, .T. ) ;
#11107 = DIRECTION ( 'NONE',  ( 1.000000000000000000, 0.000000000000000000, 0.000000000000000000 ) ) ;
#11108 = ORIENTED_EDGE ( 'NONE', *, *, #3839, .T. ) ;
#11109 = FACE_OUTER_BOUND ( 'NONE', #10978, .T. ) ;
#11110 = CARTESIAN_POINT ( 'NONE',  ( 3.800000000000001155, -17.50000000000000000, 44.79999999999999716 ) ) ;
#11111 = CARTESIAN_POINT ( 'NONE',  ( 34.80000000000000426, -19.10000000000000142, 24.79999999999999716 ) ) ;
#11112 = AXIS2_PLACEMENT_3D ( 'NONE', #462, #1360, #377 ) ;
#11113 = VERTEX_POINT ( 'NONE', #7267 ) ;
#11114 = DIRECTION ( 'NONE',  ( 0.000000000000000000, -1.000000000000000000, 0.000000000000000000 ) ) ;
#11115 = ORIENTED_EDGE ( 'NONE', *, *, #11633, .F. ) ;
#11116 = VECTOR ( 'NONE', #7589, 1000.000000000000000 ) ;
#11117 = EDGE_CURVE ( 'NONE', #10221, #7450, #3760, .T. ) ;
#11118 = CARTESIAN_POINT ( 'NONE',  ( 87.52108588566217406, -12.15201547081522548, -17.26365241204402778 ) ) ;
#11119 = VECTOR ( 'NONE', #8186, 1000.000000000000000 ) ;
#11120 = DIRECTION ( 'NONE',  ( 0.000000000000000000, 0.000000000000000000, -1.000000000000000000 ) ) ;
#11121 = DIRECTION ( 'NONE',  ( 0.000000000000000000, 0.000000000000000000, 1.000000000000000000 ) ) ;
#11122 = ADVANCED_FACE ( 'NONE', ( #8161 ), #7349, .F. ) ;
#11123 = CARTESIAN_POINT ( 'NONE',  ( 71.58875333402741603, -11.81222788966986492, -17.36583387977158566 ) ) ;
#11124 = LINE ( 'NONE', #6442, #7488 ) ;
#11125 = AXIS2_PLACEMENT_3D ( 'NONE', #1304, #8068, #6172 ) ;
#11126 = EDGE_LOOP ( 'NONE', ( #12452, #282, #1208, #10482 ) ) ;
#11127 = VECTOR ( 'NONE', #8080, 1000.000000000000000 ) ;
#11128 = VECTOR ( 'NONE', #4935, 1000.000000000000000 ) ;
#11129 = VECTOR ( 'NONE', #4044, 1000.000000000000000 ) ;
#11130 = CARTESIAN_POINT ( 'NONE',  ( 4.799999999999999822, -19.10000000000000497, 29.80000000000000071 ) ) ;
#11131 = CARTESIAN_POINT ( 'NONE',  ( 86.65952745301281368, -9.764031638730628515, -17.71794484419350013 ) ) ;
#11132 = ORIENTED_EDGE ( 'NONE', *, *, #8922, .T. ) ;
#11133 = DIRECTION ( 'NONE',  ( -0.7071067811865474617, 0.7071067811865474617, 0.000000000000000000 ) ) ;
#11134 = DIRECTION ( 'NONE',  ( 0.000000000000000000, 1.234678630588475078E-16, -1.000000000000000000 ) ) ;
#11135 = PLANE ( 'NONE',  #9143 ) ;
#11136 = DIRECTION ( 'NONE',  ( 0.000000000000000000, -1.000000000000000000, 0.000000000000000000 ) ) ;
#11137 = ORIENTED_EDGE ( 'NONE', *, *, #10515, .F. ) ;
#11138 = DIRECTION ( 'NONE',  ( -1.000000000000000000, 0.000000000000000000, 0.000000000000000000 ) ) ;
#11139 = CIRCLE ( 'NONE', #2231, 1.000000000000000888 ) ;
#11140 = ORIENTED_EDGE ( 'NONE', *, *, #214, .F. ) ;
#11141 = LINE ( 'NONE', #3501, #2513 ) ;
#11142 = ORIENTED_EDGE ( 'NONE', *, *, #7591, .T. ) ;
#11143 = VECTOR ( 'NONE', #11685, 1000.000000000000000 ) ;
#11144 = VECTOR ( 'NONE', #3219, 1000.000000000000000 ) ;
#11145 = DIRECTION ( 'NONE',  ( -1.000000000000000000, 1.400000000000014387E-14, 1.399999999999985673E-14 ) ) ;
#11146 = CARTESIAN_POINT ( 'NONE',  ( 34.80000000000000426, -17.50000000000000000, 6.799999999999999822 ) ) ;
#11147 = EDGE_CURVE ( 'NONE', #9112, #6385, #3188, .T. ) ;
#11148 = CARTESIAN_POINT ( 'NONE',  ( 32.80000000000000426, -17.50000000000000000, 13.79999999999999893 ) ) ;
#11149 = CARTESIAN_POINT ( 'NONE',  ( 88.40000000000000568, -0.1000000000000000056, -0.2000000000000000944 ) ) ;
#11150 = DIRECTION ( 'NONE',  ( -0.000000000000000000, 1.000000000000000000, -0.000000000000000000 ) ) ;
#11151 = EDGE_CURVE ( 'NONE', #10543, #7759, #11198, .T. ) ;
#11152 = FACE_OUTER_BOUND ( 'NONE', #4824, .T. ) ;
#11153 = CARTESIAN_POINT ( 'NONE',  ( 71.11916057536939206, -13.52733843144875792, -16.70741543730408907 ) ) ;
#11154 = CARTESIAN_POINT ( 'NONE',  ( 34.80000000000000426, -17.50000000000000000, 22.79999999999999361 ) ) ;
#11155 = CIRCLE ( 'NONE', #8469, 1.000000000000000888 ) ;
#11156 = VERTEX_POINT ( 'NONE', #11267 ) ;
#11157 = LINE ( 'NONE', #1485, #4616 ) ;
#11158 = ORIENTED_EDGE ( 'NONE', *, *, #6062, .F. ) ;
#11159 = VECTOR ( 'NONE', #10407, 1000.000000000000000 ) ;
#11160 = DIRECTION ( 'NONE',  ( 0.000000000000000000, 0.000000000000000000, -1.000000000000000000 ) ) ;
#11161 = CARTESIAN_POINT ( 'NONE',  ( 3.799999999999999378, -17.50000000000000000, 5.799999999999999822 ) ) ;
#11162 = CARTESIAN_POINT ( 'NONE',  ( 35.80000000000000426, -19.10000000000000142, 5.799999999999999822 ) ) ;
#11163 = EDGE_CURVE ( 'NONE', #3472, #6349, #4810, .T. ) ;
#11164 = CARTESIAN_POINT ( 'NONE',  ( 72.20644617929808362, -10.11061702309655708, -17.68895573215456807 ) ) ;
#11165 = AXIS2_PLACEMENT_3D ( 'NONE', #2588, #10343, #6343 ) ;
#11166 = ORIENTED_EDGE ( 'NONE', *, *, #4520, .T. ) ;
#11167 = ORIENTED_EDGE ( 'NONE', *, *, #10419, .T. ) ;
#11168 = EDGE_CURVE ( 'NONE', #275, #8225, #157, .T. ) ;
#11169 = ADVANCED_FACE ( 'NONE', ( #6659 ), #601, .F. ) ;
#11170 = EDGE_CURVE ( 'NONE', #5582, #10408, #7279, .T. ) ;
#11171 = LINE ( 'NONE', #4087, #10876 ) ;
#11172 = EDGE_CURVE ( 'NONE', #5155, #10364, #7712, .T. ) ;
#11173 = DIRECTION ( 'NONE',  ( -0.000000000000000000, 1.000000000000000000, 3.001251688541188813E-16 ) ) ;
#11174 = CARTESIAN_POINT ( 'NONE',  ( -1.000000000000000000, -1.545900930049276756, 18.39936534720461481 ) ) ;
#11175 = CARTESIAN_POINT ( 'NONE',  ( 86.67459774137100226, -9.802828123848730257, -17.71527420172072098 ) ) ;
#11176 = ORIENTED_EDGE ( 'NONE', *, *, #2156, .T. ) ;
#11177 = ORIENTED_EDGE ( 'NONE', *, *, #9121, .F. ) ;
#11178 = EDGE_LOOP ( 'NONE', ( #8385, #5674, #11216, #10787 ) ) ;
#11179 = CARTESIAN_POINT ( 'NONE',  ( 35.80000000000000426, -19.10000000000000142, 36.79999999999999716 ) ) ;
#11180 = CARTESIAN_POINT ( 'NONE',  ( 22.99999999997513100, -5.150000000033447378, -0.2000000000000007883 ) ) ;
#11181 = DIRECTION ( 'NONE',  ( -0.000000000000000000, -1.000000000000000000, 0.000000000000000000 ) ) ;
#11182 = EDGE_CURVE ( 'NONE', #87, #8965, #4668, .T. ) ;
#11183 = EDGE_CURVE ( 'NONE', #5279, #11347, #6064, .T. ) ;
#11184 = DIRECTION ( 'NONE',  ( 0.000000000000000000, -1.000000000000000000, -1.234678630588475078E-16 ) ) ;
#11185 = CARTESIAN_POINT ( 'NONE',  ( 86.79999999999999716, -15.54999999999981419, 1.950000000000472244 ) ) ;
#11186 = ORIENTED_EDGE ( 'NONE', *, *, #8651, .T. ) ;
#11187 = CARTESIAN_POINT ( 'NONE',  ( -1.800000000000000266, -17.50000000000000000, 26.80000000000000071 ) ) ;
#11188 = DIRECTION ( 'NONE',  ( 0.000000000000000000, -1.000000000000000000, 0.000000000000000000 ) ) ;
#11189 = DIRECTION ( 'NONE',  ( 1.000000000000000000, 0.000000000000000000, 0.000000000000000000 ) ) ;
#11190 = ORIENTED_EDGE ( 'NONE', *, *, #4872, .F. ) ;
#11191 = CYLINDRICAL_SURFACE ( 'NONE', #6831, 1.000000000000000888 ) ;
#11192 = CARTESIAN_POINT ( 'NONE',  ( 1.400000000000012568, -17.50000000000000000, 34.79999999999999716 ) ) ;
#11193 = VERTEX_POINT ( 'NONE', #4378 ) ;
#11194 = DIRECTION ( 'NONE',  ( -1.000000000000000000, -3.469446951953613696E-16, 0.000000000000000000 ) ) ;
#11195 = CARTESIAN_POINT ( 'NONE',  ( 63.80000000000001137, -17.50000000000000000, 25.79999999999999716 ) ) ;
#11196 = VERTEX_POINT ( 'NONE', #6826 ) ;
#11197 = ORIENTED_EDGE ( 'NONE', *, *, #1968, .T. ) ;
#11198 = CIRCLE ( 'NONE', #9867, 11.30000000000000071 ) ;
#11199 = DIRECTION ( 'NONE',  ( -0.000000000000000000, 1.000000000000000000, 3.001251688541188813E-16 ) ) ;
#11200 = EDGE_CURVE ( 'NONE', #2368, #1170, #5736, .T. ) ;
#11201 = LINE ( 'NONE', #6740, #8613 ) ;
#11202 = CARTESIAN_POINT ( 'NONE',  ( 71.75376291258392314, -11.33156239187528769, -17.48791432292609116 ) ) ;
#11203 = LINE ( 'NONE', #8814, #4670 ) ;
#11204 = AXIS2_PLACEMENT_3D ( 'NONE', #5617, #1794, #787 ) ;
#11205 = CARTESIAN_POINT ( 'NONE',  ( 31.80000000000000071, -17.50000000000000000, 9.799999999999997158 ) ) ;
#11206 = VERTEX_POINT ( 'NONE', #1439 ) ;
#11207 = ORIENTED_EDGE ( 'NONE', *, *, #12467, .T. ) ;
#11208 = VECTOR ( 'NONE', #4344, 1000.000000000000000 ) ;
#11209 = DIRECTION ( 'NONE',  ( -0.000000000000000000, 1.000000000000000000, 0.000000000000000000 ) ) ;
#11210 = VECTOR ( 'NONE', #5148, 1000.000000000000000 ) ;
#11211 = CARTESIAN_POINT ( 'NONE',  ( 86.92821567560632445, -10.46386513521334294, -17.64656741362194481 ) ) ;
#11213 = EDGE_LOOP ( 'NONE', ( #129, #4302, #11658, #1465, #3565 ) ) ;
#11212 = VECTOR ( 'NONE', #6597, 1000.000000000000000 ) ;
#11214 = CIRCLE ( 'NONE', #8756, 1.000000000000000888 ) ;
#11215 = DIRECTION ( 'NONE',  ( 1.000000000000000000, -0.000000000000000000, -0.000000000000000000 ) ) ;
#11216 = ORIENTED_EDGE ( 'NONE', *, *, #2119, .F. ) ;
#11217 = CARTESIAN_POINT ( 'NONE',  ( 34.80000000000000426, -19.10000000000000142, 8.799999999999998934 ) ) ;
#11218 = CARTESIAN_POINT ( 'NONE',  ( 31.80000000000000071, -19.10000000000000142, 41.79999999999999716 ) ) ;
#11219 = EDGE_CURVE ( 'NONE', #11281, #8792, #11501, .T. ) ;
#11220 = ORIENTED_EDGE ( 'NONE', *, *, #11400, .T. ) ;
#11221 = FACE_OUTER_BOUND ( 'NONE', #1653, .T. ) ;
#11222 = DIRECTION ( 'NONE',  ( 0.000000000000000000, 1.000000000000000000, -0.000000000000000000 ) ) ;
#11223 = EDGE_CURVE ( 'NONE', #8457, #6251, #3482, .T. ) ;
#11224 = LINE ( 'NONE', #11330, #11080 ) ;
#11225 = LINE ( 'NONE', #4642, #6526 ) ;
#11226 = CIRCLE ( 'NONE', #2769, 1.000000000000000888 ) ;
#11227 = CARTESIAN_POINT ( 'NONE',  ( -1.000000000000000000, -4.545900930049277200, 16.39936534720461125 ) ) ;
#11228 = LINE ( 'NONE', #3789, #3511 ) ;
#11229 = DIRECTION ( 'NONE',  ( 0.000000000000000000, 0.000000000000000000, -1.000000000000000000 ) ) ;
#11230 = CARTESIAN_POINT ( 'NONE',  ( -0.8000000000000001554, -4.100000000000000533, 3.599999999999999645 ) ) ;
#11231 = ORIENTED_EDGE ( 'NONE', *, *, #6295, .T. ) ;
#11232 = ORIENTED_EDGE ( 'NONE', *, *, #137, .T. ) ;
#11233 = CARTESIAN_POINT ( 'NONE',  ( 3.799999999999999822, 17.99999999999999645, -11.53999999999999737 ) ) ;
#11234 = DIRECTION ( 'NONE',  ( 1.000000000000000000, 0.000000000000000000, 0.000000000000000000 ) ) ;
#11235 = VECTOR ( 'NONE', #619, 1000.000000000000000 ) ;
#11236 = EDGE_LOOP ( 'NONE', ( #10884, #9804, #5256, #4377 ) ) ;
#11237 = EDGE_CURVE ( 'NONE', #12487, #9112, #12270, .T. ) ;
#11238 = CARTESIAN_POINT ( 'NONE',  ( 2.691386728900503122, -11.45767369777798805, -17.46102821380221570 ) ) ;
#11239 = ORIENTED_EDGE ( 'NONE', *, *, #4973, .T. ) ;
#11240 = EDGE_CURVE ( 'NONE', #7874, #8477, #8015, .T. ) ;
#11241 = DIRECTION ( 'NONE',  ( 1.000000000000000000, 0.000000000000000000, 0.000000000000000000 ) ) ;
#11242 = VECTOR ( 'NONE', #11541, 1000.000000000000000 ) ;
#11243 = CARTESIAN_POINT ( 'NONE',  ( 86.79999999999999716, -15.90000000000000391, 56.20000000000000284 ) ) ;
#11244 = ADVANCED_FACE ( 'NONE', ( #2284 ), #10591, .F. ) ;
#11245 = ORIENTED_EDGE ( 'NONE', *, *, #965, .T. ) ;
#11246 = CARTESIAN_POINT ( 'NONE',  ( 71.04262222323106357, -14.00299976368784982, -16.45555342808896526 ) ) ;
#11247 = ORIENTED_EDGE ( 'NONE', *, *, #5804, .T. ) ;
#11248 = CARTESIAN_POINT ( 'NONE',  ( -0.8000000000000001554, -0.1000000000000002554, 3.600000000000000089 ) ) ;
#11249 = ORIENTED_EDGE ( 'NONE', *, *, #1168, .F. ) ;
#11250 = EDGE_LOOP ( 'NONE', ( #7809, #1540, #7292, #11344, #523, #8219 ) ) ;
#11251 = LINE ( 'NONE', #3553, #9432 ) ;
#11252 = EDGE_LOOP ( 'NONE', ( #9342, #4026, #4086, #2696 ) ) ;
#11253 = CARTESIAN_POINT ( 'NONE',  ( 31.80000000000000071, -17.50000000000000000, 38.80000000000000426 ) ) ;
#11254 = CARTESIAN_POINT ( 'NONE',  ( 62.80000000000001137, -19.09999999999999787, 26.79999999999999361 ) ) ;
#11255 = EDGE_CURVE ( 'NONE', #11359, #6701, #12113, .T. ) ;
#11256 = VECTOR ( 'NONE', #6227, 1000.000000000000000 ) ;
#11257 = ORIENTED_EDGE ( 'NONE', *, *, #3836, .T. ) ;
#11258 = CARTESIAN_POINT ( 'NONE',  ( 86.79999999999999716, -15.54999999999981419, 18.75000000000047251 ) ) ;
#11259 = DIRECTION ( 'NONE',  ( 0.000000000000000000, -1.000000000000000000, -1.234678630588475078E-16 ) ) ;
#11260 = VECTOR ( 'NONE', #5203, 1000.000000000000000 ) ;
#11261 = ORIENTED_EDGE ( 'NONE', *, *, #679, .F. ) ;
#11262 = CARTESIAN_POINT ( 'NONE',  ( -1.800000000000000266, -9.500000000000001776, 30.80000000000000071 ) ) ;
#11263 = CARTESIAN_POINT ( 'NONE',  ( 3.799999999999999378, -17.50000000000000000, 18.80000000000000071 ) ) ;
#11264 = VERTEX_POINT ( 'NONE', #177 ) ;
#11265 = CARTESIAN_POINT ( 'NONE',  ( 87.40000000000000568, -16.69999999999999929, -13.70000000000000107 ) ) ;
#11266 = ORIENTED_EDGE ( 'NONE', *, *, #10529, .F. ) ;
#11267 = CARTESIAN_POINT ( 'NONE',  ( 35.80000000000000426, -19.10000000000000142, 4.799999999999999822 ) ) ;
#11268 = AXIS2_PLACEMENT_3D ( 'NONE', #12385, #4662, #10363 ) ;
#11269 = ORIENTED_EDGE ( 'NONE', *, *, #7521, .T. ) ;
#11270 = VECTOR ( 'NONE', #624, 1000.000000000000000 ) ;
#11271 = CARTESIAN_POINT ( 'NONE',  ( -1.800000000000000266, -3.045900930049277200, 19.89936534720461481 ) ) ;
#11272 = ORIENTED_EDGE ( 'NONE', *, *, #9894, .T. ) ;
#11273 = EDGE_CURVE ( 'NONE', #7085, #5000, #2128, .T. ) ;
#11274 = LINE ( 'NONE', #8322, #8692 ) ;
#11275 = CARTESIAN_POINT ( 'NONE',  ( 3.257963120747440211, -13.41425517559634351, -16.76235745745504602 ) ) ;
#11276 = CARTESIAN_POINT ( 'NONE',  ( -0.9417006558958830320, -12.21919381975951424, -17.24127998031955045 ) ) ;
#11277 = VERTEX_POINT ( 'NONE', #2171 ) ;
#11278 = ORIENTED_EDGE ( 'NONE', *, *, #4922, .F. ) ;
#11279 = VECTOR ( 'NONE', #5842, 1000.000000000000000 ) ;
#11280 = CARTESIAN_POINT ( 'NONE',  ( 84.20000000000001705, 8.131516293641287107E-19, -0.2000000000000000944 ) ) ;
#11281 = VERTEX_POINT ( 'NONE', #9862 ) ;
#11282 = FACE_BOUND ( 'NONE', #1326, .T. ) ;
#11283 = CARTESIAN_POINT ( 'NONE',  ( 4.799999999999999822, -19.10000000000000142, 16.80000000000000071 ) ) ;
#11284 = AXIS2_PLACEMENT_3D ( 'NONE', #9399, #1563, #4545 ) ;
#11285 = CARTESIAN_POINT ( 'NONE',  ( 88.40000000000000568, -14.40659966456864893, -15.73999999999999666 ) ) ;
#11286 = VECTOR ( 'NONE', #8689, 1000.000000000000000 ) ;
#11287 = CARTESIAN_POINT ( 'NONE',  ( 70.59999999999999432, 7.353738136766379441, 0.7160040702168346538 ) ) ;
#11288 = ORIENTED_EDGE ( 'NONE', *, *, #3204, .F. ) ;
#11289 = FACE_OUTER_BOUND ( 'NONE', #10594, .T. ) ;
#11290 = ORIENTED_EDGE ( 'NONE', *, *, #5303, .T. ) ;
#11291 = CARTESIAN_POINT ( 'NONE',  ( 87.92656622208018291, -13.78679613492313827, -16.57405657805552224 ) ) ;
#11292 = CIRCLE ( 'NONE', #11029, 1.000000000000000888 ) ;
#11293 = VERTEX_POINT ( 'NONE', #8840 ) ;
#11294 = AXIS2_PLACEMENT_3D ( 'NONE', #39, #6813, #12472 ) ;
#11295 = VERTEX_POINT ( 'NONE', #11770 ) ;
#11296 = CARTESIAN_POINT ( 'NONE',  ( 62.80000000000001137, -17.50000000000000000, 38.79999999999999716 ) ) ;
#11297 = FACE_OUTER_BOUND ( 'NONE', #10743, .T. ) ;
#11298 =( LENGTH_UNIT ( ) NAMED_UNIT ( * ) SI_UNIT ( .MILLI., .METRE. ) );
#11299 = CIRCLE ( 'NONE', #5904, 1.000000000000000888 ) ;
#11300 = CARTESIAN_POINT ( 'NONE',  ( 150.7570364914818697, -0.09999999999999939493, 56.20000000000000284 ) ) ;
#11301 = EDGE_LOOP ( 'NONE', ( #7029, #2297, #3512, #9634 ) ) ;
#11302 = VERTEX_POINT ( 'NONE', #7902 ) ;
#11303 = ORIENTED_EDGE ( 'NONE', *, *, #9616, .F. ) ;
#11304 = FACE_OUTER_BOUND ( 'NONE', #1666, .T. ) ;
#11305 = CARTESIAN_POINT ( 'NONE',  ( 31.79999999999999361, -19.10000000000000142, 46.80000000000000426 ) ) ;
#11306 = AXIS2_PLACEMENT_3D ( 'NONE', #3099, #5034, #125 ) ;
#11307 = VERTEX_POINT ( 'NONE', #11814 ) ;
#11308 = ORIENTED_EDGE ( 'NONE', *, *, #7749, .T. ) ;
#11309 = EDGE_CURVE ( 'NONE', #3875, #8954, #5414, .T. ) ;
#11310 = LINE ( 'NONE', #9170, #10110 ) ;
#11311 = CARTESIAN_POINT ( 'NONE',  ( 3.795231235038825979, -14.21011574893058871, -15.89978838743832235 ) ) ;
#11312 = VECTOR ( 'NONE', #11948, 1000.000000000000000 ) ;
#11313 = EDGE_CURVE ( 'NONE', #10283, #8430, #6340, .T. ) ;
#11314 = DIRECTION ( 'NONE',  ( -1.000000000000000000, -0.000000000000000000, -0.000000000000000000 ) ) ;
#11315 = CARTESIAN_POINT ( 'NONE',  ( 70.40000000000000568, -10.30000000000001847, 56.79999999999999716 ) ) ;
#11316 = ORIENTED_EDGE ( 'NONE', *, *, #10692, .T. ) ;
#11317 = VECTOR ( 'NONE', #2708, 1000.000000000000000 ) ;
#11318 = ORIENTED_EDGE ( 'NONE', *, *, #2783, .T. ) ;
#11319 = ORIENTED_EDGE ( 'NONE', *, *, #5405, .T. ) ;
#11320 = CARTESIAN_POINT ( 'NONE',  ( 2.524152628299203283, -10.99071730250952683, -17.56035615413234652 ) ) ;
#11321 = ORIENTED_EDGE ( 'NONE', *, *, #3556, .T. ) ;
#11322 = CIRCLE ( 'NONE', #5713, 1.000000000000000888 ) ;
#11323 = PLANE ( 'NONE',  #11846 ) ;
#11324 = DIRECTION ( 'NONE',  ( -0.7071067811865426878, -0.7071067811865524577, -8.730496322752370596E-17 ) ) ;
#11325 = LINE ( 'NONE', #376, #1014 ) ;
#11326 = LINE ( 'NONE', #7905, #7405 ) ;
#11327 = CARTESIAN_POINT ( 'NONE',  ( -0.2000000000000000111, -9.500000000000001776, 28.80000000000000071 ) ) ;
#11328 = EDGE_CURVE ( 'NONE', #7450, #5288, #4966, .T. ) ;
#11329 = AXIS2_PLACEMENT_3D ( 'NONE', #4620, #8391, #5543 ) ;
#11330 = CARTESIAN_POINT ( 'NONE',  ( 17.00677727426996810, -9.494633136679889063, -2.000000000000000000 ) ) ;
#11331 = MECHANICAL_DESIGN_GEOMETRIC_PRESENTATION_REPRESENTATION (  '', ( #2650 ), #2428 ) ;
#11332 = ORIENTED_EDGE ( 'NONE', *, *, #3384, .T. ) ;
#11333 = CARTESIAN_POINT ( 'NONE',  ( 3.457811040232449784, 14.95740425079938341, -16.89457948703204337 ) ) ;
#11334 = EDGE_CURVE ( 'NONE', #10109, #9479, #10913, .T. ) ;
#11335 = CARTESIAN_POINT ( 'NONE',  ( 87.40000000000000568, 4.299999999999999822, -9.299999999999998934 ) ) ;
#11336 = ORIENTED_EDGE ( 'NONE', *, *, #1417, .T. ) ;
#11337 = VERTEX_POINT ( 'NONE', #9504 ) ;
#11338 = VECTOR ( 'NONE', #9983, 1000.000000000000000 ) ;
#11339 = CARTESIAN_POINT ( 'NONE',  ( 63.80000000000001137, -17.50000000000000000, 9.799999999999998934 ) ) ;
#11340 = ORIENTED_EDGE ( 'NONE', *, *, #9191, .T. ) ;
#11341 = VECTOR ( 'NONE', #4738, 1000.000000000000000 ) ;
#11342 = CARTESIAN_POINT ( 'NONE',  ( 62.80000000000001137, -19.10000000000000142, 9.799999999999998934 ) ) ;
#11343 = ORIENTED_EDGE ( 'NONE', *, *, #521, .T. ) ;
#11344 = ORIENTED_EDGE ( 'NONE', *, *, #8545, .F. ) ;
#11345 = VECTOR ( 'NONE', #8079, 1000.000000000000000 ) ;
#11346 = CARTESIAN_POINT ( 'NONE',  ( 31.79999999999999361, -19.10000000000000142, 44.79999999999999716 ) ) ;
#11347 = VERTEX_POINT ( 'NONE', #11339 ) ;
#11348 = ORIENTED_EDGE ( 'NONE', *, *, #9976, .T. ) ;
#11349 = VECTOR ( 'NONE', #7293, 1000.000000000000000 ) ;
#11350 = CARTESIAN_POINT ( 'NONE',  ( 34.80000000000000426, -19.10000000000000142, 17.79999999999999716 ) ) ;
#11351 = VECTOR ( 'NONE', #8358, 1000.000000000000000 ) ;
#11352 = VECTOR ( 'NONE', #1193, 1000.000000000000000 ) ;
#11353 = DIRECTION ( 'NONE',  ( 0.000000000000000000, 0.000000000000000000, 1.000000000000000000 ) ) ;
#11354 = DIRECTION ( 'NONE',  ( -1.000000000000000000, 0.000000000000000000, -0.000000000000000000 ) ) ;
#11355 = CARTESIAN_POINT ( 'NONE',  ( 35.14999999999953673, -3.900000000004096634, -0.9999999999998304689 ) ) ;
#11356 = DIRECTION ( 'NONE',  ( 0.000000000000000000, 0.000000000000000000, -1.000000000000000000 ) ) ;
#11357 = CARTESIAN_POINT ( 'NONE',  ( 70.89306307705948029, -12.85754146025436384, -16.78284577622155282 ) ) ;
#11358 = CIRCLE ( 'NONE', #3968, 2.799999999999997158 ) ;
#11359 = VERTEX_POINT ( 'NONE', #3958 ) ;
#11360 = CARTESIAN_POINT ( 'NONE',  ( 2.089659608661612822, -9.668694093174890369, -17.71977196889485384 ) ) ;
#11361 = AXIS2_PLACEMENT_3D ( 'NONE', #952, #2006, #3837 ) ;
#11362 = CARTESIAN_POINT ( 'NONE',  ( 87.40000000000000568, -16.69999999999999929, -9.299999999999998934 ) ) ;
#11363 = ORIENTED_EDGE ( 'NONE', *, *, #11842, .F. ) ;
#11364 = PLANE ( 'NONE',  #12402 ) ;
#11365 = EDGE_LOOP ( 'NONE', ( #11713, #800, #4943, #9907 ) ) ;
#11366 = ORIENTED_EDGE ( 'NONE', *, *, #3844, .F. ) ;
#11367 = AXIS2_PLACEMENT_3D ( 'NONE', #4381, #10255, #1612 ) ;
#11368 = CIRCLE ( 'NONE', #5316, 1.000000000000000888 ) ;
#11369 = EDGE_LOOP ( 'NONE', ( #121, #8582, #8101, #3026 ) ) ;
#11370 = EDGE_LOOP ( 'NONE', ( #8312, #950, #3653, #11100 ) ) ;
#11371 = DIRECTION ( 'NONE',  ( 0.000000000000000000, 0.000000000000000000, 1.000000000000000000 ) ) ;
#11372 = AXIS2_PLACEMENT_3D ( 'NONE', #7995, #2271, #418 ) ;
#11373 = FACE_BOUND ( 'NONE', #8628, .T. ) ;
#11374 = ORIENTED_EDGE ( 'NONE', *, *, #10041, .F. ) ;
#11375 = ADVANCED_FACE ( 'NONE', ( #592 ), #3870, .F. ) ;
#11376 = CARTESIAN_POINT ( 'NONE',  ( 31.80000000000000071, -19.10000000000000142, 13.79999999999999716 ) ) ;
#11377 = DIRECTION ( 'NONE',  ( 0.000000000000000000, 0.000000000000000000, -1.000000000000000000 ) ) ;
#11378 = EDGE_CURVE ( 'NONE', #12017, #12389, #6973, .T. ) ;
#11379 = CARTESIAN_POINT ( 'NONE',  ( 31.80000000000000071, -17.50000000000000000, 9.799999999999998934 ) ) ;
#11380 = EDGE_CURVE ( 'NONE', #5505, #2615, #10443, .T. ) ;
#11381 = ORIENTED_EDGE ( 'NONE', *, *, #4402, .T. ) ;
#11382 = ORIENTED_EDGE ( 'NONE', *, *, #5480, .F. ) ;
#11383 = DIRECTION ( 'NONE',  ( 0.000000000000000000, -0.9876883405951381034, -0.1564344650402281212 ) ) ;
#11384 = CARTESIAN_POINT ( 'NONE',  ( 31.80000000000000071, -19.10000000000000142, 16.80000000000000071 ) ) ;
#11385 = ORIENTED_EDGE ( 'NONE', *, *, #12158, .F. ) ;
#11386 = DIRECTION ( 'NONE',  ( 1.000000000000000000, 0.000000000000000000, 0.000000000000000000 ) ) ;
#11387 = CARTESIAN_POINT ( 'NONE',  ( 1.989395393702057202, -9.583933562099355541, -17.72845948412729555 ) ) ;
#11388 = VERTEX_POINT ( 'NONE', #9411 ) ;
#11389 = CARTESIAN_POINT ( 'NONE',  ( 3.751301525960472727, -13.83504832930880823, -16.17877715320631538 ) ) ;
#11390 = CARTESIAN_POINT ( 'NONE',  ( 31.80000000000000071, -19.10000000000000142, 33.80000000000000426 ) ) ;
#11391 = ORIENTED_EDGE ( 'NONE', *, *, #10387, .F. ) ;
#11392 = CARTESIAN_POINT ( 'NONE',  ( 4.199999999999995737, -8.100000000000001421, 57.79999999999999716 ) ) ;
#11393 = ADVANCED_FACE ( 'NONE', ( #2572 ), #1378, .T. ) ;
#11394 = CARTESIAN_POINT ( 'NONE',  ( 72.54193354120459958, -9.248177144078901790, -17.73894618487264196 ) ) ;
#11395 = EDGE_CURVE ( 'NONE', #2836, #848, #9527, .T. ) ;
#11396 = AXIS2_PLACEMENT_3D ( 'NONE', #4264, #10175, #9188 ) ;
#11397 = EDGE_CURVE ( 'NONE', #6219, #10119, #443, .T. ) ;
#11398 = CARTESIAN_POINT ( 'NONE',  ( 3.451608665302572820, -12.69234699557642365, -16.86840929950635726 ) ) ;
#11399 = ORIENTED_EDGE ( 'NONE', *, *, #929, .F. ) ;
#11400 = EDGE_CURVE ( 'NONE', #6181, #5638, #2437, .T. ) ;
#11401 = ORIENTED_EDGE ( 'NONE', *, *, #10123, .F. ) ;
#11402 = CONICAL_SURFACE ( 'NONE', #183, 9.599999999999992539, 0.7853981633974439491 ) ;
#11403 = CARTESIAN_POINT ( 'NONE',  ( -1.292525081288871780, -13.59181653032522874, -16.67462664816136098 ) ) ;
#11404 = EDGE_CURVE ( 'NONE', #9136, #9492, #2879, .T. ) ;
#11405 = ORIENTED_EDGE ( 'NONE', *, *, #9509, .T. ) ;
#11406 = DIRECTION ( 'NONE',  ( -0.000000000000000000, 1.000000000000000000, 3.001251688541188813E-16 ) ) ;
#11407 = EDGE_LOOP ( 'NONE', ( #8775, #5224, #6532, #4233 ) ) ;
#11408 = DIRECTION ( 'NONE',  ( 0.000000000000000000, 0.000000000000000000, -1.000000000000000000 ) ) ;
#11409 = LINE ( 'NONE', #4084, #7026 ) ;
#11410 = VECTOR ( 'NONE', #3471, 1000.000000000000000 ) ;
#11411 = FACE_OUTER_BOUND ( 'NONE', #283, .T. ) ;
#11412 = CARTESIAN_POINT ( 'NONE',  ( -1.400000000000012346, 4.299999999999992717, 57.79999999999999716 ) ) ;
#11413 = ORIENTED_EDGE ( 'NONE', *, *, #8880, .F. ) ;
#11414 = EDGE_CURVE ( 'NONE', #8057, #721, #1975, .T. ) ;
#11415 = EDGE_CURVE ( 'NONE', #11746, #6328, #10002, .T. ) ;
#11416 = CARTESIAN_POINT ( 'NONE',  ( 72.43466364393599122, -9.424222375564502485, -17.73315713733175158 ) ) ;
#11417 = DIRECTION ( 'NONE',  ( 1.000000000000000000, 0.000000000000000000, 0.000000000000000000 ) ) ;
#11418 = VECTOR ( 'NONE', #7110, 1000.000000000000000 ) ;
#11419 = VECTOR ( 'NONE', #8713, 1000.000000000000000 ) ;
#11420 = LINE ( 'NONE', #3348, #964 ) ;
#11421 = DIRECTION ( 'NONE',  ( -0.000000000000000000, -0.000000000000000000, 1.000000000000000000 ) ) ;
#11422 = CIRCLE ( 'NONE', #1959, 9.600000000000001421 ) ;
#11423 = CARTESIAN_POINT ( 'NONE',  ( 2.238496267634938697, -10.22782425111153159, -17.67639363852713430 ) ) ;
#11424 = CARTESIAN_POINT ( 'NONE',  ( 82.40000000000000568, -0.1000000000000000056, 56.84969335805276103 ) ) ;
#11425 = CARTESIAN_POINT ( 'NONE',  ( 3.799999999999999822, 2.809973520432616167E-17, -0.2000000000000000944 ) ) ;
#11426 = ORIENTED_EDGE ( 'NONE', *, *, #5321, .F. ) ;
#11427 = AXIS2_PLACEMENT_3D ( 'NONE', #5606, #7577, #8658 ) ;
#11428 = DIRECTION ( 'NONE',  ( 0.000000000000000000, 9.035018104045868969E-16, -1.000000000000000000 ) ) ;
#11429 = FACE_OUTER_BOUND ( 'NONE', #8623, .T. ) ;
#11430 = VERTEX_POINT ( 'NONE', #6068 ) ;
#11431 = LINE ( 'NONE', #6975, #12498 ) ;
#11432 = CARTESIAN_POINT ( 'NONE',  ( 70.62535111724402270, -13.99032064014701326, -16.06743413229315820 ) ) ;
#11433 = DIRECTION ( 'NONE',  ( 1.000000000000000000, 0.000000000000000000, 0.000000000000000000 ) ) ;
#11434 = LINE ( 'NONE', #3118, #8234 ) ;
#11435 = EDGE_CURVE ( 'NONE', #3104, #5867, #11812, .T. ) ;
#11436 = ORIENTED_EDGE ( 'NONE', *, *, #8681, .F. ) ;
#11437 = DIRECTION ( 'NONE',  ( 0.000000000000000000, -1.000000000000000000, -0.000000000000000000 ) ) ;
#11438 = CARTESIAN_POINT ( 'NONE',  ( -1.400000000000012346, -14.62770798392567073, -16.07333333333333059 ) ) ;
#11439 = DIRECTION ( 'NONE',  ( 1.000000000000000000, -0.000000000000000000, -0.000000000000000000 ) ) ;
#11440 = CARTESIAN_POINT ( 'NONE',  ( 81.00000000000000000, 7.687136352791988259, -0.1999999999999989564 ) ) ;
#11441 = VERTEX_POINT ( 'NONE', #4967 ) ;
#11442 = VECTOR ( 'NONE', #4952, 1000.000000000000227 ) ;
#11443 = ORIENTED_EDGE ( 'NONE', *, *, #5873, .T. ) ;
#11444 = DIRECTION ( 'NONE',  ( -0.000000000000000000, 1.000000000000000000, 3.001251688541188813E-16 ) ) ;
#11445 = ORIENTED_EDGE ( 'NONE', *, *, #11479, .T. ) ;
#11446 = ORIENTED_EDGE ( 'NONE', *, *, #4417, .T. ) ;
#11447 = DIRECTION ( 'NONE',  ( 0.000000000000000000, 0.000000000000000000, 1.000000000000000000 ) ) ;
#11448 = LINE ( 'NONE', #6193, #10398 ) ;
#11449 = DIRECTION ( 'NONE',  ( -0.000000000000000000, 1.000000000000000000, 3.001251688541188813E-16 ) ) ;
#11450 = EDGE_LOOP ( 'NONE', ( #12325, #2292, #1105, #10718 ) ) ;
#11451 = LINE ( 'NONE', #1111, #8546 ) ;
#11452 = LINE ( 'NONE', #6381, #8884 ) ;
#11453 = ADVANCED_FACE ( 'NONE', ( #6201 ), #8598, .F. ) ;
#11454 = EDGE_CURVE ( 'NONE', #11293, #825, #2721, .T. ) ;
#11455 = CARTESIAN_POINT ( 'NONE',  ( 3.800000000000001155, -19.10000000000000142, 41.79999999999999716 ) ) ;
#11456 = DIRECTION ( 'NONE',  ( 0.000000000000000000, 0.000000000000000000, 1.000000000000000000 ) ) ;
#11457 = EDGE_LOOP ( 'NONE', ( #1160, #10362, #3601, #14 ) ) ;
#11458 = EDGE_CURVE ( 'NONE', #1997, #4133, #1350, .T. ) ;
#11459 = VECTOR ( 'NONE', #9496, 1000.000000000000000 ) ;
#11460 = DIRECTION ( 'NONE',  ( -0.000000000000000000, 0.000000000000000000, -1.000000000000000000 ) ) ;
#11461 = ORIENTED_EDGE ( 'NONE', *, *, #12112, .T. ) ;
#11462 = ORIENTED_EDGE ( 'NONE', *, *, #7521, .F. ) ;
#11463 = DIRECTION ( 'NONE',  ( 1.000000000000000000, -0.000000000000000000, -0.000000000000000000 ) ) ;
#11464 = CARTESIAN_POINT ( 'NONE',  ( 71.93473966788135954, -10.41945131856802398, -17.62613510369918401 ) ) ;
#11465 = EDGE_LOOP ( 'NONE', ( #4576, #9356, #1454, #8310 ) ) ;
#11466 = CARTESIAN_POINT ( 'NONE',  ( 62.80000000000001137, -19.10000000000000142, 10.79999999999999716 ) ) ;
#11467 = VECTOR ( 'NONE', #11101, 1000.000000000000000 ) ;
#11468 = VERTEX_POINT ( 'NONE', #11174 ) ;
#11469 = VECTOR ( 'NONE', #2235, 1000.000000000000000 ) ;
#11470 = CARTESIAN_POINT ( 'NONE',  ( -0.2000000000000000111, -9.500000000000001776, 22.80000000000000071 ) ) ;
#11471 = ORIENTED_EDGE ( 'NONE', *, *, #7518, .F. ) ;
#11472 = CIRCLE ( 'NONE', #8512, 1.000000000000000888 ) ;
#11473 = CARTESIAN_POINT ( 'NONE',  ( 2.573906410461543448, -11.12860907912288155, -17.53214665255200444 ) ) ;
#11474 = EDGE_LOOP ( 'NONE', ( #8133, #12142, #1669, #7765, #1082 ) ) ;
#11475 = ORIENTED_EDGE ( 'NONE', *, *, #9538, .F. ) ;
#11476 = EDGE_CURVE ( 'NONE', #11295, #423, #865, .T. ) ;
#11477 = DIRECTION ( 'NONE',  ( 1.400000000000014545E-14, 1.000000000000000000, 1.404986760216307406E-16 ) ) ;
#11478 = VERTEX_POINT ( 'NONE', #1227 ) ;
#11479 = EDGE_CURVE ( 'NONE', #1991, #2158, #3176, .T. ) ;
#11480 = DIRECTION ( 'NONE',  ( 1.000000000000000000, 0.000000000000000000, 0.000000000000000000 ) ) ;
#11481 = LINE ( 'NONE', #12422, #11341 ) ;
#11482 = DIRECTION ( 'NONE',  ( 0.000000000000000000, -1.000000000000000000, -1.209468558947972554E-16 ) ) ;
#11483 = CARTESIAN_POINT ( 'NONE',  ( 70.87536868257910783, -12.91256977724735222, -16.75333907198420746 ) ) ;
#11484 = CYLINDRICAL_SURFACE ( 'NONE', #5939, 2.000000000000001776 ) ;
#11485 = CARTESIAN_POINT ( 'NONE',  ( -0.5287281502364684638, -11.00331117192317620, -17.55792354212860218 ) ) ;
#11486 = CARTESIAN_POINT ( 'NONE',  ( -29.60000000000001918, -0.1000000000000000056, 29.59999999999929798 ) ) ;
#11487 = ORIENTED_EDGE ( 'NONE', *, *, #11380, .T. ) ;
#11488 = FACE_OUTER_BOUND ( 'NONE', #12161, .T. ) ;
#11489 = CARTESIAN_POINT ( 'NONE',  ( 0.08391637769568036087, -9.396333942646068138, -17.73578430876381873 ) ) ;
#11490 = VERTEX_POINT ( 'NONE', #11253 ) ;
#11491 = EDGE_CURVE ( 'NONE', #5404, #480, #4350, .T. ) ;
#11492 = VECTOR ( 'NONE', #6359, 1000.000000000000000 ) ;
#11493 = DIRECTION ( 'NONE',  ( 1.000000000000000000, 0.000000000000000000, 0.000000000000000000 ) ) ;
#11494 = VECTOR ( 'NONE', #5109, 1000.000000000000000 ) ;
#11495 = CARTESIAN_POINT ( 'NONE',  ( -1.165549538352430803, -13.01410568776494081, -16.94237148018464723 ) ) ;
#11496 = EDGE_CURVE ( 'NONE', #346, #9313, #730, .T. ) ;
#11497 = DIRECTION ( 'NONE',  ( 0.000000000000000000, 0.000000000000000000, 1.000000000000000000 ) ) ;
#11498 = EDGE_CURVE ( 'NONE', #275, #12540, #10899, .T. ) ;
#11499 = LINE ( 'NONE', #1429, #8438 ) ;
#11500 = ORIENTED_EDGE ( 'NONE', *, *, #5281, .F. ) ;
#11501 = LINE ( 'NONE', #4878, #8926 ) ;
#11502 = CARTESIAN_POINT ( 'NONE',  ( -1.800000000000000266, -17.50000000000000000, 46.80000000000000426 ) ) ;
#11503 = VERTEX_POINT ( 'NONE', #1514 ) ;
#11504 = CARTESIAN_POINT ( 'NONE',  ( 4.799999999999999822, -19.10000000000000142, 25.80000000000000071 ) ) ;
#11505 = FACE_OUTER_BOUND ( 'NONE', #9950, .T. ) ;
#11506 = DIRECTION ( 'NONE',  ( -0.000000000000000000, 1.000000000000000000, 3.001251688541188813E-16 ) ) ;
#11507 = DIRECTION ( 'NONE',  ( 0.000000000000000000, -1.000000000000000000, 0.000000000000000000 ) ) ;
#11508 = CARTESIAN_POINT ( 'NONE',  ( 71.61408815147599682, -11.08712454716694218, -17.48012280826699438 ) ) ;
#11509 = CARTESIAN_POINT ( 'NONE',  ( -1.800000000000000266, -0.1000000000000008521, 8.599999999999999645 ) ) ;
#11510 = AXIS2_PLACEMENT_3D ( 'NONE', #6641, #2619, #4577 ) ;
#11511 = ORIENTED_EDGE ( 'NONE', *, *, #362, .F. ) ;
#11512 = CIRCLE ( 'NONE', #9420, 1.000000000000000888 ) ;
#11513 = ORIENTED_EDGE ( 'NONE', *, *, #8784, .T. ) ;
#11514 = DIRECTION ( 'NONE',  ( 0.000000000000000000, 0.000000000000000000, 1.000000000000000000 ) ) ;
#11516 = EDGE_LOOP ( 'NONE', ( #4183, #1425, #9294, #3382, #1162 ) ) ;
#11515 = VECTOR ( 'NONE', #1856, 1000.000000000000000 ) ;
#11517 = CARTESIAN_POINT ( 'NONE',  ( 31.80000000000000071, -17.50000000000000711, 44.79999999999999716 ) ) ;
#11518 = EDGE_CURVE ( 'NONE', #11746, #1863, #3616, .T. ) ;
#11519 = CARTESIAN_POINT ( 'NONE',  ( 1.892884222522835502, -9.337096421981588179, -17.73723279519040830 ) ) ;
#11520 = AXIS2_PLACEMENT_3D ( 'NONE', #7573, #4797, #6947 ) ;
#11521 = CARTESIAN_POINT ( 'NONE',  ( 1.400000000000012346, -17.50000000000000000, -2.755455298081544778E-15 ) ) ;
#11522 = DIRECTION ( 'NONE',  ( -0.000000000000000000, -1.000000000000000000, -0.000000000000000000 ) ) ;
#11523 = ADVANCED_FACE ( 'NONE', ( #1800, #9826, #8441 ), #2504, .T. ) ;
#11524 = VERTEX_POINT ( 'NONE', #4329 ) ;
#11525 = EDGE_LOOP ( 'NONE', ( #4728, #7996, #2049, #4843 ) ) ;
#11526 = FACE_OUTER_BOUND ( 'NONE', #1380, .T. ) ;
#11527 = DIRECTION ( 'NONE',  ( 0.000000000000000000, 0.7071067811865491270, -0.7071067811865459074 ) ) ;
#11528 = CARTESIAN_POINT ( 'NONE',  ( 71.38588450590029311, -11.58620013662167558, -17.33420337862452598 ) ) ;
#11529 = ORIENTED_EDGE ( 'NONE', *, *, #8869, .T. ) ;
#11530 = ORIENTED_EDGE ( 'NONE', *, *, #3868, .T. ) ;
#11531 = CARTESIAN_POINT ( 'NONE',  ( 2.260022621018951572, -10.28396397068920187, -17.67037772708032861 ) ) ;
#11532 = DIRECTION ( 'NONE',  ( 1.000000000000000000, 0.000000000000000000, -0.000000000000000000 ) ) ;
#11533 = CARTESIAN_POINT ( 'NONE',  ( 0.1612896334683783517, -9.175856552202404259, -17.74000000000000909 ) ) ;
#11534 = CARTESIAN_POINT ( 'NONE',  ( -0.9210858856621834123, -12.15201547081523081, -17.26365241204403489 ) ) ;
#11535 = ORIENTED_EDGE ( 'NONE', *, *, #12131, .F. ) ;
#11536 = CARTESIAN_POINT ( 'NONE',  ( 35.80000000000000426, -19.10000000000000142, 18.79999999999999361 ) ) ;
#11537 = VERTEX_POINT ( 'NONE', #12239 ) ;
#11538 = AXIS2_PLACEMENT_3D ( 'NONE', #8138, #7150, #9113 ) ;
#11539 = ORIENTED_EDGE ( 'NONE', *, *, #210, .F. ) ;
#11540 = DIRECTION ( 'NONE',  ( 1.000000000000000000, -0.000000000000000000, -0.000000000000000000 ) ) ;
#11541 = DIRECTION ( 'NONE',  ( -1.000000000000000000, 0.000000000000000000, 0.000000000000000000 ) ) ;
#11542 = VECTOR ( 'NONE', #1937, 1000.000000000000000 ) ;
#11543 = EDGE_LOOP ( 'NONE', ( #8386, #12320, #12355, #6636 ) ) ;
#11544 = VERTEX_POINT ( 'NONE', #9213 ) ;
#11545 = CARTESIAN_POINT ( 'NONE',  ( 72.60000000000000853, -9.099999999999996092, -17.73999999999999844 ) ) ;
#11546 = ORIENTED_EDGE ( 'NONE', *, *, #7690, .F. ) ;
#11547 = CARTESIAN_POINT ( 'NONE',  ( 71.91920111649244518, -10.45108717395986453, -17.62056473685623814 ) ) ;
#11548 = VECTOR ( 'NONE', #12, 1000.000000000000000 ) ;
#11549 = CARTESIAN_POINT ( 'NONE',  ( 70.60000000000000853, -9.099999999999996092, -7.739999999999998437 ) ) ;
#11550 = EDGE_LOOP ( 'NONE', ( #10736, #10754, #1962, #11630 ) ) ;
#11551 = ORIENTED_EDGE ( 'NONE', *, *, #10387, .T. ) ;
#11552 = LINE ( 'NONE', #5774, #5167 ) ;
#11553 = EDGE_CURVE ( 'NONE', #6906, #4345, #8917, .T. ) ;
#11554 = ADVANCED_FACE ( 'NONE', ( #2121 ), #5375, .F. ) ;
#11555 = FACE_OUTER_BOUND ( 'NONE', #1004, .T. ) ;
#11556 = VERTEX_POINT ( 'NONE', #11666 ) ;
#11557 = EDGE_CURVE ( 'NONE', #6099, #5077, #9211, .T. ) ;
#11558 = CARTESIAN_POINT ( 'NONE',  ( -0.8252409113012726394, -0.1000000000000002554, 6.599999999999999645 ) ) ;
#11559 = VERTEX_POINT ( 'NONE', #887 ) ;
#11560 = VECTOR ( 'NONE', #302, 1000.000000000000000 ) ;
#11561 = VERTEX_POINT ( 'NONE', #10598 ) ;
#11562 = CARTESIAN_POINT ( 'NONE',  ( 2.507159767409857576, -10.94460926351636765, -17.56857928131082147 ) ) ;
#11563 = FACE_OUTER_BOUND ( 'NONE', #2856, .T. ) ;
#11564 = ORIENTED_EDGE ( 'NONE', *, *, #11822, .T. ) ;
#11565 = DIRECTION ( 'NONE',  ( 0.000000000000000000, -1.955719815080955213E-16, 1.000000000000000000 ) ) ;
#11566 = CARTESIAN_POINT ( 'NONE',  ( 31.80000000000000071, -17.50000000000000355, 25.80000000000000071 ) ) ;
#11567 = VECTOR ( 'NONE', #4119, 1000.000000000000000 ) ;
#11568 = CARTESIAN_POINT ( 'NONE',  ( 86.79999999999999716, -0.1000000000000000056, -0.000000000000000000 ) ) ;
#11569 = CARTESIAN_POINT ( 'NONE',  ( 34.80000000000000426, -17.50000000000000000, 38.79999999999999716 ) ) ;
#11570 = CARTESIAN_POINT ( 'NONE',  ( -1.800000000000000711, 16.20156963646480719, -15.91279854156217510 ) ) ;
#11571 = EDGE_CURVE ( 'NONE', #346, #1339, #12401, .T. ) ;
#11572 = ORIENTED_EDGE ( 'NONE', *, *, #6640, .F. ) ;
#11573 = PRODUCT_DEFINITION_FORMATION_WITH_SPECIFIED_SOURCE ( 'ANY', '', #5072, .NOT_KNOWN. ) ;
#11574 = DIRECTION ( 'NONE',  ( -1.000000000000000000, 0.000000000000000000, 0.000000000000000000 ) ) ;
#11575 = ADVANCED_FACE ( 'NONE', ( #9375 ), #1321, .F. ) ;
#11576 = EDGE_CURVE ( 'NONE', #4667, #798, #6646, .T. ) ;
#11577 = CARTESIAN_POINT ( 'NONE',  ( -0.2265454498585260101, -10.19667295512440930, -17.67969552328850469 ) ) ;
#11578 = CARTESIAN_POINT ( 'NONE',  ( 87.40000000000000568, 4.299999999999999822, -9.299999999999998934 ) ) ;
#11579 = EDGE_CURVE ( 'NONE', #1958, #4528, #10755, .T. ) ;
#11580 = FACE_OUTER_BOUND ( 'NONE', #6338, .T. ) ;
#11581 = CARTESIAN_POINT ( 'NONE',  ( -1.014115494099744552, -11.58620013662169157, -17.33420337862452598 ) ) ;
#11582 = CIRCLE ( 'NONE', #10886, 0.9999999999999991118 ) ;
#11583 = VECTOR ( 'NONE', #5448, 1000.000000000000000 ) ;
#11584 = CARTESIAN_POINT ( 'NONE',  ( 86.79999999999999716, -15.54999999999981419, 18.75000000000047251 ) ) ;
#11585 = VERTEX_POINT ( 'NONE', #2280 ) ;
#11586 = VERTEX_POINT ( 'NONE', #9068 ) ;
#11587 = CARTESIAN_POINT ( 'NONE',  ( 70.66695986050169154, -13.72837460825550338, -16.25326140781193374 ) ) ;
#11588 = VECTOR ( 'NONE', #1570, 1000.000000000000000 ) ;
#11589 = DIRECTION ( 'NONE',  ( 1.000000000000000000, 0.000000000000000000, 0.000000000000000000 ) ) ;
#11590 = ORIENTED_EDGE ( 'NONE', *, *, #198, .F. ) ;
#11591 = ADVANCED_FACE ( 'NONE', ( #11488 ), #1041, .F. ) ;
#11592 = FACE_OUTER_BOUND ( 'NONE', #8088, .T. ) ;
#11593 = CARTESIAN_POINT ( 'NONE',  ( 72.39905172191640759, -9.613575876954906008, -17.72684727320161713 ) ) ;
#11594 = FACE_OUTER_BOUND ( 'NONE', #6447, .T. ) ;
#11595 = EDGE_CURVE ( 'NONE', #11652, #8659, #8281, .T. ) ;
#11596 = ORIENTED_EDGE ( 'NONE', *, *, #225, .F. ) ;
#11597 = DIRECTION ( 'NONE',  ( -0.000000000000000000, 0.000000000000000000, 1.000000000000000000 ) ) ;
#11598 = CARTESIAN_POINT ( 'NONE',  ( 3.800000000000001155, -17.50000000000000000, 42.79999999999999716 ) ) ;
#11599 = FACE_OUTER_BOUND ( 'NONE', #10108, .T. ) ;
#11600 = ORIENTED_EDGE ( 'NONE', *, *, #2886, .F. ) ;
#11601 = ORIENTED_EDGE ( 'NONE', *, *, #7690, .T. ) ;
#11602 = CARTESIAN_POINT ( 'NONE',  ( 88.40000000000000568, 0.000000000000000000, -15.73999999999999666 ) ) ;
#11603 = DIRECTION ( 'NONE',  ( -0.000000000000000000, 0.000000000000000000, 1.000000000000000000 ) ) ;
#11604 = ORIENTED_EDGE ( 'NONE', *, *, #8607, .T. ) ;
#11605 = VERTEX_POINT ( 'NONE', #7726 ) ;
#11606 = CARTESIAN_POINT ( 'NONE',  ( -0.2000000000000000111, -17.50000000000000711, 56.20000000000000284 ) ) ;
#11607 = AXIS2_PLACEMENT_3D ( 'NONE', #1296, #3328, #8055 ) ;
#11608 = LINE ( 'NONE', #1232, #11768 ) ;
#11609 = CARTESIAN_POINT ( 'NONE',  ( -1.800000000000000266, -9.500000000000001776, 22.80000000000000071 ) ) ;
#11610 = LINE ( 'NONE', #10758, #3429 ) ;
#11611 = AXIS2_PLACEMENT_3D ( 'NONE', #2590, #3407, #10258 ) ;
#11612 = DIRECTION ( 'NONE',  ( -0.000000000000000000, -1.000000000000000000, 0.000000000000000000 ) ) ;
#11613 = CARTESIAN_POINT ( 'NONE',  ( -1.000000000000000000, -4.545900930049277200, 16.39936534720461125 ) ) ;
#11614 = DIRECTION ( 'NONE',  ( 0.000000000000000000, 0.000000000000000000, 1.000000000000000000 ) ) ;
#11615 = EDGE_CURVE ( 'NONE', #5567, #6568, #11660, .T. ) ;
#11616 = VECTOR ( 'NONE', #1583, 1000.000000000000000 ) ;
#11617 = ORIENTED_EDGE ( 'NONE', *, *, #11435, .F. ) ;
#11618 = ORIENTED_EDGE ( 'NONE', *, *, #6685, .T. ) ;
#11619 = AXIS2_PLACEMENT_3D ( 'NONE', #9932, #6039, #4098 ) ;
#11620 = CARTESIAN_POINT ( 'NONE',  ( 2.169313239601768473, -10.04739904260242866, -17.69573028091297928 ) ) ;
#11621 = ORIENTED_EDGE ( 'NONE', *, *, #1664, .F. ) ;
#11622 = CARTESIAN_POINT ( 'NONE',  ( -0.3907239284240585642, -10.63004250513429483, -17.62234276190772775 ) ) ;
#11623 = ADVANCED_FACE ( 'NONE', ( #433 ), #4046, .F. ) ;
#11624 = CARTESIAN_POINT ( 'NONE',  ( -0.08001079462452045932, -9.649825483130936021, -17.72035492021183600 ) ) ;
#11625 = CARTESIAN_POINT ( 'NONE',  ( -1.090362230922847564, -12.72723840389526195, -17.05917127487056462 ) ) ;
#11626 = CARTESIAN_POINT ( 'NONE',  ( 71.00000000000002842, -9.099999999999996092, -7.739999999999998437 ) ) ;
#11627 = CARTESIAN_POINT ( 'NONE',  ( 70.66046752054946012, -13.76466177199387531, -16.22817725194397198 ) ) ;
#11628 = CARTESIAN_POINT ( 'NONE',  ( 35.14999999999953673, -3.900000000004096634, -0.9999999999998300249 ) ) ;
#11629 = CARTESIAN_POINT ( 'NONE',  ( 71.46666666666669698, -19.56666666666666288, -0.9333333333333498905 ) ) ;
#11630 = ORIENTED_EDGE ( 'NONE', *, *, #1338, .F. ) ;
#11631 = VERTEX_POINT ( 'NONE', #113 ) ;
#11632 = ORIENTED_EDGE ( 'NONE', *, *, #10794, .F. ) ;
#11633 = EDGE_CURVE ( 'NONE', #9886, #8140, #3039, .T. ) ;
#11634 = LINE ( 'NONE', #1756, #9966 ) ;
#11635 = EDGE_CURVE ( 'NONE', #4753, #1628, #10142, .T. ) ;
#11636 = ADVANCED_FACE ( 'NONE', ( #7268 ), #4789, .F. ) ;
#11637 = ORIENTED_EDGE ( 'NONE', *, *, #4146, .T. ) ;
#11638 = CARTESIAN_POINT ( 'NONE',  ( 71.04656050711774640, -12.41966975700696807, -16.99971670488965003 ) ) ;
#11639 = DIRECTION ( 'NONE',  ( 0.000000000000000000, -1.466789861310716348E-16, 1.000000000000000000 ) ) ;
#11640 = VECTOR ( 'NONE', #2622, 1000.000000000000000 ) ;
#11641 = ORIENTED_EDGE ( 'NONE', *, *, #4651, .F. ) ;
#11642 = ORIENTED_EDGE ( 'NONE', *, *, #11635, .T. ) ;
#11643 = EDGE_LOOP ( 'NONE', ( #1507, #1992, #7381, #1171 ) ) ;
#11644 = LINE ( 'NONE', #3280, #5101 ) ;
#11645 = CARTESIAN_POINT ( 'NONE',  ( 70.60000000000000853, -18.69999999999998863, -7.740000000000001101 ) ) ;
#11646 = LINE ( 'NONE', #6345, #4039 ) ;
#11647 = ORIENTED_EDGE ( 'NONE', *, *, #5620, .T. ) ;
#11648 = EDGE_CURVE ( 'NONE', #4467, #8057, #5554, .T. ) ;
#11649 = CARTESIAN_POINT ( 'NONE',  ( 3.167976289455125549, -13.02387321896448036, -16.93821083263500427 ) ) ;
#11650 = AXIS2_PLACEMENT_3D ( 'NONE', #3279, #11966, #6163 ) ;
#11651 = EDGE_CURVE ( 'NONE', #11724, #6184, #144, .T. ) ;
#11652 = VERTEX_POINT ( 'NONE', #10742 ) ;
#11653 = LINE ( 'NONE', #1394, #874 ) ;
#11654 = EDGE_CURVE ( 'NONE', #11941, #9737, #5724, .T. ) ;
#11655 = CARTESIAN_POINT ( 'NONE',  ( -1.800000000000000266, 17.99999999999999645, -17.73999999999999844 ) ) ;
#11656 = DIRECTION ( 'NONE',  ( 0.000000000000000000, -1.000000000000000000, -1.234678630588475078E-16 ) ) ;
#11657 = ADVANCED_FACE ( 'NONE', ( #2422 ), #935, .F. ) ;
#11658 = ORIENTED_EDGE ( 'NONE', *, *, #5965, .F. ) ;
#11659 = EDGE_CURVE ( 'NONE', #2435, #6349, #7549, .T. ) ;
#11660 = LINE ( 'NONE', #4904, #11049 ) ;
#11661 = DIRECTION ( 'NONE',  ( 0.000000000000000000, 2.168404344971006896E-16, -1.000000000000000000 ) ) ;
#11662 = CARTESIAN_POINT ( 'NONE',  ( 72.48389989718444326, -9.327576289641161367, -17.73683811954097322 ) ) ;
#11663 = ORIENTED_EDGE ( 'NONE', *, *, #1437, .T. ) ;
#11664 = LINE ( 'NONE', #11517, #8296 ) ;
#11665 = DIRECTION ( 'NONE',  ( 0.000000000000000000, -1.000000000000000000, -1.234678630588475078E-16 ) ) ;
#11666 = CARTESIAN_POINT ( 'NONE',  ( -1.800000000000000266, 16.36070170039654315, -15.74000000000000021 ) ) ;
#11667 = CARTESIAN_POINT ( 'NONE',  ( -0.3548437333587469711, -10.53447031811957402, -17.63659009649519760 ) ) ;
#11668 = ORIENTED_EDGE ( 'NONE', *, *, #2848, .T. ) ;
#11669 = VECTOR ( 'NONE', #5007, 1000.000000000000000 ) ;
#11670 = CARTESIAN_POINT ( 'NONE',  ( -0.1010111394214155550, -9.691247432911398008, -17.71730118250039254 ) ) ;
#11671 = CARTESIAN_POINT ( 'NONE',  ( -1.800000000000000266, -3.045900930049277200, 18.39936534720461481 ) ) ;
#11672 = VERTEX_POINT ( 'NONE', #8731 ) ;
#11673 = ORIENTED_EDGE ( 'NONE', *, *, #5464, .T. ) ;
#11674 = DIRECTION ( 'NONE',  ( 0.000000000000000000, -0.000000000000000000, 1.000000000000000000 ) ) ;
#11675 = LINE ( 'NONE', #823, #7434 ) ;
#11676 = CARTESIAN_POINT ( 'NONE',  ( 70.60000000000000853, -14.21435377654945320, -15.89940053032392520 ) ) ;
#11677 = FACE_OUTER_BOUND ( 'NONE', #8379, .T. ) ;
#11678 = CARTESIAN_POINT ( 'NONE',  ( 4.800000000000001599, -17.50000000000000355, 14.79999999999999893 ) ) ;
#11679 = LINE ( 'NONE', #7073, #7436 ) ;
#11680 = DIRECTION ( 'NONE',  ( 0.000000000000000000, -1.000000000000000000, 0.000000000000000000 ) ) ;
#11681 = EDGE_CURVE ( 'NONE', #2998, #1560, #1026, .T. ) ;
#11682 = ORIENTED_EDGE ( 'NONE', *, *, #6365, .F. ) ;
#11683 = LINE ( 'NONE', #11263, #9091 ) ;
#11684 = VERTEX_POINT ( 'NONE', #7806 ) ;
#11685 = DIRECTION ( 'NONE',  ( 1.000000000000000000, 0.000000000000000000, 0.000000000000000000 ) ) ;
#11687 = ORIENTED_EDGE ( 'NONE', *, *, #5632, .T. ) ;
#11686 = LINE ( 'NONE', #9776, #4369 ) ;
#11688 = DIRECTION ( 'NONE',  ( 1.000000000000000000, 0.000000000000000000, 0.000000000000000000 ) ) ;
#11689 = VERTEX_POINT ( 'NONE', #2062 ) ;
#11690 = DIRECTION ( 'NONE',  ( 0.000000000000000000, 1.000000000000000000, -0.000000000000000000 ) ) ;
#11691 = DIRECTION ( 'NONE',  ( 0.000000000000000000, 0.000000000000000000, -1.000000000000000000 ) ) ;
#11692 = CIRCLE ( 'NONE', #11935, 1.000000000000000000 ) ;
#11693 = ORIENTED_EDGE ( 'NONE', *, *, #9153, .T. ) ;
#11694 = CARTESIAN_POINT ( 'NONE',  ( 3.346392965830895960, -13.92094921425285214, -16.50120297290884608 ) ) ;
#11695 = VECTOR ( 'NONE', #2481, 1000.000000000000000 ) ;
#11696 = FACE_OUTER_BOUND ( 'NONE', #6787, .T. ) ;
#11697 = CARTESIAN_POINT ( 'NONE',  ( -1.800000000000000266, -18.70000000000001350, 57.39999999999999858 ) ) ;
#11698 = CARTESIAN_POINT ( 'NONE',  ( 2.857861334542774134, -11.24243212885860643, -17.43745892602992242 ) ) ;
#11699 = PLANE ( 'NONE',  #5577 ) ;
#11700 = VECTOR ( 'NONE', #3172, 1000.000000000000000 ) ;
#11701 = CARTESIAN_POINT ( 'NONE',  ( 70.69645956207595816, 15.69063125281777360, -16.37271866267246878 ) ) ;
#11702 = CARTESIAN_POINT ( 'NONE',  ( 72.57097664267163850, -9.156873924675259957, -17.73984228883568193 ) ) ;
#11703 = DIRECTION ( 'NONE',  ( -0.000000000000000000, -0.000000000000000000, 1.000000000000000000 ) ) ;
#11704 = EDGE_LOOP ( 'NONE', ( #7251, #4710, #8224, #9433 ) ) ;
#11705 = ORIENTED_EDGE ( 'NONE', *, *, #1680, .T. ) ;
#11706 = VECTOR ( 'NONE', #2979, 1000.000000000000000 ) ;
#11707 = ORIENTED_EDGE ( 'NONE', *, *, #456, .F. ) ;
#11708 = CARTESIAN_POINT ( 'NONE',  ( -1.800000000000000266, -17.50000000000000000, 38.80000000000000426 ) ) ;
#11709 = DIRECTION ( 'NONE',  ( 0.000000000000000000, 0.1564344650402291481, 0.9876883405951381034 ) ) ;
#11710 = DIRECTION ( 'NONE',  ( 0.000000000000000000, 1.000000000000000000, 0.000000000000000000 ) ) ;
#11711 = ORIENTED_EDGE ( 'NONE', *, *, #5620, .F. ) ;
#11712 = PLANE ( 'NONE',  #333 ) ;
#11713 = ORIENTED_EDGE ( 'NONE', *, *, #9186, .F. ) ;
#11714 = CARTESIAN_POINT ( 'NONE',  ( 4.799999999999999822, -17.50000000000000355, 37.79999999999999716 ) ) ;
#11715 = AXIS2_PLACEMENT_3D ( 'NONE', #4937, #7797, #2015 ) ;
#11716 = EDGE_LOOP ( 'NONE', ( #8130, #10874, #3195, #4145 ) ) ;
#11717 = PLANE ( 'NONE',  #8878 ) ;
#11718 = DIRECTION ( 'NONE',  ( 0.000000000000000000, 0.000000000000000000, 1.000000000000000000 ) ) ;
#11719 = DIRECTION ( 'NONE',  ( 0.000000000000000000, 1.000000000000000000, 0.000000000000000000 ) ) ;
#11720 = EDGE_LOOP ( 'NONE', ( #12491, #9398, #11261 ) ) ;
#11721 = ORIENTED_EDGE ( 'NONE', *, *, #7449, .T. ) ;
#11722 = LINE ( 'NONE', #1035, #60 ) ;
#11723 = ADVANCED_FACE ( 'NONE', ( #8143 ), #7768, .T. ) ;
#11724 = VERTEX_POINT ( 'NONE', #3951 ) ;
#11725 = CARTESIAN_POINT ( 'NONE',  ( 34.80000000000000426, -19.10000000000000142, 28.79999999999999716 ) ) ;
#11726 = EDGE_CURVE ( 'NONE', #1389, #2107, #6806, .T. ) ;
#11727 = LINE ( 'NONE', #9015, #501 ) ;
#11728 = ORIENTED_EDGE ( 'NONE', *, *, #854, .T. ) ;
#11729 = FACE_BOUND ( 'NONE', #4799, .T. ) ;
#11730 = EDGE_CURVE ( 'NONE', #639, #9737, #9361, .T. ) ;
#11731 = CARTESIAN_POINT ( 'NONE',  ( 35.80000000000000426, -19.10000000000000142, 33.79999999999999716 ) ) ;
#11732 = LINE ( 'NONE', #6789, #795 ) ;
#11733 = PLANE ( 'NONE',  #11361 ) ;
#11734 = DIRECTION ( 'NONE',  ( 1.000000000000000000, 0.000000000000000000, -0.000000000000000000 ) ) ;
#11735 = CARTESIAN_POINT ( 'NONE',  ( -1.400000000000012346, -14.62770798392567073, -16.07333333333333059 ) ) ;
#11736 = CARTESIAN_POINT ( 'NONE',  ( 68.40000000000000568, -14.40000000000002167, -1.800000000000000044 ) ) ;
#11737 = ORIENTED_EDGE ( 'NONE', *, *, #4818, .T. ) ;
#11738 = DIRECTION ( 'NONE',  ( 1.000000000000000000, 0.000000000000000000, 0.000000000000000000 ) ) ;
#11739 = FACE_BOUND ( 'NONE', #2523, .T. ) ;
#11740 = EDGE_CURVE ( 'NONE', #11742, #5466, #1793, .T. ) ;
#11741 = AXIS2_PLACEMENT_3D ( 'NONE', #309, #7093, #11958 ) ;
#11742 = VERTEX_POINT ( 'NONE', #9890 ) ;
#11743 = CARTESIAN_POINT ( 'NONE',  ( 3.799999999999999378, -19.10000000000000142, 34.79999999999999716 ) ) ;
#11744 = VECTOR ( 'NONE', #7182, 1000.000000000000000 ) ;
#11745 = ADVANCED_FACE ( 'NONE', ( #3024 ), #7929, .F. ) ;
#11746 = VERTEX_POINT ( 'NONE', #9796 ) ;
#11747 = CARTESIAN_POINT ( 'NONE',  ( -1.780847849541708605, -14.00508873315138736, -16.06043477608512049 ) ) ;
#11748 = CARTESIAN_POINT ( 'NONE',  ( 34.80000000000000426, -19.10000000000000142, 38.79999999999999716 ) ) ;
#11749 = ORIENTED_EDGE ( 'NONE', *, *, #7207, .T. ) ;
#11750 = LINE ( 'NONE', #3283, #8866 ) ;
#11751 = CARTESIAN_POINT ( 'NONE',  ( 31.80000000000000071, -19.10000000000000853, 41.79999999999999716 ) ) ;
#11752 = DIRECTION ( 'NONE',  ( 0.000000000000000000, 0.000000000000000000, -1.000000000000000000 ) ) ;
#11753 = DIRECTION ( 'NONE',  ( 0.000000000000000000, 0.000000000000000000, -1.000000000000000000 ) ) ;
#11754 = LINE ( 'NONE', #1244, #5507 ) ;
#11755 = DIRECTION ( 'NONE',  ( 0.000000000000000000, 0.000000000000000000, 1.000000000000000000 ) ) ;
#11756 = VERTEX_POINT ( 'NONE', #10914 ) ;
#11757 = LINE ( 'NONE', #5105, #3851 ) ;
#11758 = SHAPE_DEFINITION_REPRESENTATION ( #3619, #7430 ) ;
#11759 = VERTEX_POINT ( 'NONE', #5074 ) ;
#11760 = AXIS2_PLACEMENT_3D ( 'NONE', #2654, #3621, #10399 ) ;
#11761 = ORIENTED_EDGE ( 'NONE', *, *, #386, .T. ) ;
#11762 = VECTOR ( 'NONE', #1204, 1000.000000000000000 ) ;
#11763 = PLANE ( 'NONE',  #10416 ) ;
#11764 = ADVANCED_FACE ( 'NONE', ( #9816 ), #718, .F. ) ;
#11765 = CIRCLE ( 'NONE', #6537, 0.9999999999999991118 ) ;
#11766 = CARTESIAN_POINT ( 'NONE',  ( 34.80000000000000426, -19.10000000000000142, 41.79999999999999716 ) ) ;
#11767 = CYLINDRICAL_SURFACE ( 'NONE', #5634, 1.000000000000000888 ) ;
#11768 = VECTOR ( 'NONE', #7992, 1000.000000000000000 ) ;
#11769 = FACE_BOUND ( 'NONE', #7877, .T. ) ;
#11770 = CARTESIAN_POINT ( 'NONE',  ( 88.00000000000001421, -19.10000000000001208, 57.39999999999999858 ) ) ;
#11771 = ORIENTED_EDGE ( 'NONE', *, *, #6958, .T. ) ;
#11772 = CARTESIAN_POINT ( 'NONE',  ( 3.799999999999999378, -17.50000000000000000, 26.80000000000000071 ) ) ;
#11773 = B_SPLINE_SURFACE_WITH_KNOTS ( 'NONE', 1, 3, ( 
 ( #11735, #6916, #1009, #1100, #1917, #4850, #59, #6830, #3141, #7367, #12276, #10329, #11495, #6851, #12509, #11625, #1884, #1984, #10560, #11534, #10648, #2820, #7680, #6629, #10694, #4861, #9714, #10518, #10603, #7638, #9670, #801, #4700, #11489, #12558, #4823, #845, #5814, #5671, #6756 ),
 ( #1843, #12426, #7601, #8555, #8599, #1801, #2776, #9536, #9569, #3730, #33, #6808, #12469, #933, #2870, #6671, #5726, #4787, #8730, #3907, #3771, #11581, #2955, #7722, #5631, #6715, #1936, #892, #8647, #971, #9618, #5769, #3814, #8684, #2914, #7763, #4984, #2193, #10908, #3122 ) ),
 .UNSPECIFIED., .F., .F., .F.,
 ( 2, 2 ),
 ( 4, 2, 2, 2, 2, 2, 2, 2, 2, 2, 2, 2, 2, 2, 2, 2, 2, 2, 2, 4 ),
 ( 0.000000000000000000, 1.000000000000000000 ),
 ( 0.000000000000000000, 0.0003672989148033148658, 0.0007345978296066297316, 0.001101896744409944489, 0.001469195659213259463, 0.001652845116614916950, 0.001836494574016574221, 0.002020144031418231491, 0.002203793488819888978, 0.002571092403623203952, 0.002938391318426518926, 0.003672989148033148441, 0.004040288062836462982, 0.004407586977639777956, 0.004774885892443092930, 0.005142184807246407904, 0.005509483722049722879, 0.005693133179451380366, 0.005784957908152209109, 0.005876782636853037853 ),
 .UNSPECIFIED. ) ;
#11774 = ORIENTED_EDGE ( 'NONE', *, *, #2332, .T. ) ;
#11775 = AXIS2_PLACEMENT_3D ( 'NONE', #9861, #10843, #9906 ) ;
#11776 = EDGE_LOOP ( 'NONE', ( #10237, #4707, #8505, #10706, #11848, #4781 ) ) ;
#11777 = CARTESIAN_POINT ( 'NONE',  ( 4.800000000000001599, -19.10000000000000853, 45.79999999999999716 ) ) ;
#11778 = CARTESIAN_POINT ( 'NONE',  ( 2.588732203008220711, -10.67233107403594161, -17.57835944952684315 ) ) ;
#11779 = LINE ( 'NONE', #8004, #9641 ) ;
#11780 = DIRECTION ( 'NONE',  ( -1.000000000000000000, -0.000000000000000000, -0.000000000000000000 ) ) ;
#11781 = AXIS2_PLACEMENT_3D ( 'NONE', #2954, #11710, #970 ) ;
#11782 = DIRECTION ( 'NONE',  ( 0.000000000000000000, 0.000000000000000000, -1.000000000000000000 ) ) ;
#11783 = EDGE_LOOP ( 'NONE', ( #2029, #8945, #2854, #4919, #4391 ) ) ;
#11784 = ADVANCED_FACE ( 'NONE', ( #4644 ), #6483, .F. ) ;
#11785 = VECTOR ( 'NONE', #3902, 1000.000000000000000 ) ;
#11786 = CARTESIAN_POINT ( 'NONE',  ( -1.000000000000000000, -4.545900930049277200, 16.39936534720461125 ) ) ;
#11787 = FACE_OUTER_BOUND ( 'NONE', #7560, .T. ) ;
#11788 = CARTESIAN_POINT ( 'NONE',  ( 4.799999999999999822, -19.10000000000000497, 32.80000000000000426 ) ) ;
#11789 = ORIENTED_EDGE ( 'NONE', *, *, #12388, .F. ) ;
#11790 = AXIS2_PLACEMENT_3D ( 'NONE', #7387, #2477, #2766 ) ;
#11791 = DIRECTION ( 'NONE',  ( 0.000000000000000000, 0.000000000000000000, -1.000000000000000000 ) ) ;
#11792 = DIRECTION ( 'NONE',  ( 0.000000000000000000, 1.000000000000000000, 0.000000000000000000 ) ) ;
#11793 = PLANE ( 'NONE',  #7066 ) ;
#11794 = DIRECTION ( 'NONE',  ( 1.000000000000000000, 0.000000000000000000, -0.000000000000000000 ) ) ;
#11795 = VERTEX_POINT ( 'NONE', #10956 ) ;
#11796 = ORIENTED_EDGE ( 'NONE', *, *, #11859, .T. ) ;
#11797 = CARTESIAN_POINT ( 'NONE',  ( -1.733040139496548449, -13.72837460824535860, -16.25326140781870166 ) ) ;
#11798 = DIRECTION ( 'NONE',  ( 0.000000000000000000, 0.000000000000000000, -1.000000000000000000 ) ) ;
#11799 = PLANE ( 'NONE',  #453 ) ;
#11800 = DIRECTION ( 'NONE',  ( -1.000000000000000000, 0.000000000000000000, 0.000000000000000000 ) ) ;
#11801 = DIRECTION ( 'NONE',  ( 1.000000000000000000, 0.000000000000000000, 0.000000000000000000 ) ) ;
#11802 = CARTESIAN_POINT ( 'NONE',  ( 4.800000000000001599, -19.10000000000000142, 12.79999999999999893 ) ) ;
#11803 = ORIENTED_EDGE ( 'NONE', *, *, #1566, .T. ) ;
#11804 = LINE ( 'NONE', #5217, #10431 ) ;
#11805 = EDGE_LOOP ( 'NONE', ( #7001, #2079, #11500, #1438 ) ) ;
#11806 = EDGE_CURVE ( 'NONE', #10069, #1169, #10285, .T. ) ;
#11807 = VECTOR ( 'NONE', #11209, 1000.000000000000000 ) ;
#11808 = EDGE_CURVE ( 'NONE', #2268, #5014, #7997, .T. ) ;
#11809 = CARTESIAN_POINT ( 'NONE',  ( 35.80000000000000426, -19.09999999999999787, 9.799999999999998934 ) ) ;
#11810 = ADVANCED_FACE ( 'NONE', ( #12259 ), #11799, .F. ) ;
#11811 = CARTESIAN_POINT ( 'NONE',  ( -1.800000000000000266, -2.449999999999728839, 12.27259155458886397 ) ) ;
#11812 = LINE ( 'NONE', #4880, #5261 ) ;
#11813 = CARTESIAN_POINT ( 'NONE',  ( -1.800000000000000266, -1.649999999999729239, 14.32740920835357379 ) ) ;
#11814 = CARTESIAN_POINT ( 'NONE',  ( 43.24999999996615685, -3.200000000000001510, -1.800000000000000044 ) ) ;
#11815 = ORIENTED_EDGE ( 'NONE', *, *, #5548, .T. ) ;
#11816 = VECTOR ( 'NONE', #176, 1000.000000000000000 ) ;
#11817 = CARTESIAN_POINT ( 'NONE',  ( 34.80000000000000426, -17.50000000000000000, 5.799999999999999822 ) ) ;
#11818 = AXIS2_PLACEMENT_3D ( 'NONE', #6991, #10804, #7078 ) ;
#11819 = EDGE_CURVE ( 'NONE', #4018, #8792, #11644, .T. ) ;
#11820 = EDGE_CURVE ( 'NONE', #11388, #1967, #9503, .T. ) ;
#11821 = CARTESIAN_POINT ( 'NONE',  ( 35.80000000000000426, -17.50000000000000000, 13.79999999999999716 ) ) ;
#11822 = EDGE_CURVE ( 'NONE', #10469, #1607, #12091, .T. ) ;
#11823 = ORIENTED_EDGE ( 'NONE', *, *, #6143, .F. ) ;
#11824 = CARTESIAN_POINT ( 'NONE',  ( 4.800000000000000711, -17.50000000000000000, 10.79999999999999893 ) ) ;
#11825 = DIRECTION ( 'NONE',  ( 0.000000000000000000, 0.000000000000000000, -1.000000000000000000 ) ) ;
#11826 = CARTESIAN_POINT ( 'NONE',  ( 62.80000000000001137, -19.09999999999999787, 5.799999999999999822 ) ) ;
#11827 = ORIENTED_EDGE ( 'NONE', *, *, #9206, .F. ) ;
#11828 = CARTESIAN_POINT ( 'NONE',  ( 31.80000000000000071, -17.50000000000000355, 32.80000000000000426 ) ) ;
#11829 = VECTOR ( 'NONE', #9812, 1000.000000000000000 ) ;
#11830 = ORIENTED_EDGE ( 'NONE', *, *, #2330, .F. ) ;
#11831 = DIRECTION ( 'NONE',  ( -0.000000000000000000, 1.000000000000000000, 3.001251688541188813E-16 ) ) ;
#11832 = CARTESIAN_POINT ( 'NONE',  ( 70.81645768379908645, -13.10647755621109134, -16.64501190871846958 ) ) ;
#11833 = DIRECTION ( 'NONE',  ( -0.000000000000000000, -1.000000000000000000, -0.000000000000000000 ) ) ;
#11834 = CARTESIAN_POINT ( 'NONE',  ( -1.363185405883754475, -12.44585028606256216, -16.98760242924462815 ) ) ;
#11835 = ORIENTED_EDGE ( 'NONE', *, *, #5363, .T. ) ;
#11836 = CARTESIAN_POINT ( 'NONE',  ( 14.36999999999951605, -5.209999999999898712, -1.189999999999527658 ) ) ;
#11837 = DIRECTION ( 'NONE',  ( 1.000000000000000000, 0.000000000000000000, 0.000000000000000000 ) ) ;
#11838 = CARTESIAN_POINT ( 'NONE',  ( 1.399999999999984590, -17.50000000000000711, 44.79999999999999716 ) ) ;
#11839 = DIRECTION ( 'NONE',  ( 0.000000000000000000, -1.000000000000000000, -1.234678630588475078E-16 ) ) ;
#11840 = FACE_BOUND ( 'NONE', #1788, .T. ) ;
#11841 = CARTESIAN_POINT ( 'NONE',  ( 84.40000000000000568, -10.10000000000000142, 57.79999999999999716 ) ) ;
#11842 = EDGE_CURVE ( 'NONE', #4739, #2835, #9668, .T. ) ;
#11843 = LINE ( 'NONE', #6313, #11082 ) ;
#11844 = CARTESIAN_POINT ( 'NONE',  ( 3.799999999999999822, 11.79999999999999893, -13.64999999999999858 ) ) ;
#11845 = LINE ( 'NONE', #11655, #9246 ) ;
#11846 = AXIS2_PLACEMENT_3D ( 'NONE', #5579, #1704, #1624 ) ;
#11847 = DIRECTION ( 'NONE',  ( 0.000000000000000000, -1.000000000000000000, -1.234678630588475078E-16 ) ) ;
#11848 = ORIENTED_EDGE ( 'NONE', *, *, #195, .T. ) ;
#11849 = ORIENTED_EDGE ( 'NONE', *, *, #10995, .F. ) ;
#11850 = DIRECTION ( 'NONE',  ( 0.000000000000000000, -1.000000000000000000, 0.000000000000000000 ) ) ;
#11851 = CIRCLE ( 'NONE', #11760, 1.000000000000000888 ) ;
#11852 = CARTESIAN_POINT ( 'NONE',  ( 35.80000000000000426, -19.10000000000000853, 45.79999999999999005 ) ) ;
#11853 = VERTEX_POINT ( 'NONE', #1198 ) ;
#11854 = DIRECTION ( 'NONE',  ( 1.000000000000000000, 0.000000000000000000, 0.000000000000000000 ) ) ;
#11855 = ORIENTED_EDGE ( 'NONE', *, *, #11842, .T. ) ;
#11856 = ORIENTED_EDGE ( 'NONE', *, *, #2992, .T. ) ;
#11857 = CIRCLE ( 'NONE', #9821, 1.000000000000000888 ) ;
#11858 = DIRECTION ( 'NONE',  ( 1.000000000000000000, 0.000000000000000000, 0.000000000000000000 ) ) ;
#11859 = EDGE_CURVE ( 'NONE', #9049, #11940, #4801, .T. ) ;
#11860 = EDGE_LOOP ( 'NONE', ( #4906, #7808, #751, #2880 ) ) ;
#11861 = CARTESIAN_POINT ( 'NONE',  ( 86.79999999999999716, -18.20262464989040296, 21.29999999999972360 ) ) ;
#11862 = CARTESIAN_POINT ( 'NONE',  ( 3.334542866902646008, -12.36802039995692404, -17.02413904766229535 ) ) ;
#11863 = CARTESIAN_POINT ( 'NONE',  ( 22.99999999997512035, -3.900000000057872729, -0.9999999999996600497 ) ) ;
#11864 = ORIENTED_EDGE ( 'NONE', *, *, #5117, .F. ) ;
#11865 = FACE_OUTER_BOUND ( 'NONE', #3425, .T. ) ;
#11866 = EDGE_LOOP ( 'NONE', ( #4867, #1792, #12474, #10782 ) ) ;
#11867 = DIRECTION ( 'NONE',  ( -0.000000000000000000, -1.000000000000000000, -0.000000000000000000 ) ) ;
#11868 = AXIS2_PLACEMENT_3D ( 'NONE', #9277, #9405, #6518 ) ;
#11869 = VERTEX_POINT ( 'NONE', #6124 ) ;
#11870 = CARTESIAN_POINT ( 'NONE',  ( 86.86164154950159855, -10.00950308089736218, -17.68687633709495444 ) ) ;
#11871 = CARTESIAN_POINT ( 'NONE',  ( -1.799999999999996048, -0.1000000000000000056, -0.2000000000000000944 ) ) ;
#11872 = ADVANCED_FACE ( 'NONE', ( #4176 ), #1622, .F. ) ;
#11873 = VECTOR ( 'NONE', #3159, 1000.000000000000000 ) ;
#11874 = VERTEX_POINT ( 'NONE', #1292 ) ;
#11875 = CARTESIAN_POINT ( 'NONE',  ( -0.2000000000000000111, -1.545900930049276978, 20.39936534720461481 ) ) ;
#11876 = ORIENTED_EDGE ( 'NONE', *, *, #359, .T. ) ;
#11877 = LINE ( 'NONE', #8152, #11119 ) ;
#11878 = EDGE_CURVE ( 'NONE', #5066, #879, #3166, .T. ) ;
#11879 = CARTESIAN_POINT ( 'NONE',  ( 62.80000000000001137, -17.50000000000000000, 34.79999999999999716 ) ) ;
#11880 = DIRECTION ( 'NONE',  ( 0.000000000000000000, 0.000000000000000000, 1.000000000000000000 ) ) ;
#11881 = EDGE_CURVE ( 'NONE', #6184, #12368, #6179, .T. ) ;
#11882 = ORIENTED_EDGE ( 'NONE', *, *, #4964, .F. ) ;
#11883 = CARTESIAN_POINT ( 'NONE',  ( -0.2000000000000000111, -9.500000000000001776, 4.799999999999998934 ) ) ;
#11884 = CIRCLE ( 'NONE', #10014, 2.149999999999999023 ) ;
#11885 = VERTEX_POINT ( 'NONE', #5149 ) ;
#11886 = FACE_OUTER_BOUND ( 'NONE', #3608, .T. ) ;
#11887 = DIRECTION ( 'NONE',  ( 0.000000000000000000, 0.000000000000000000, 1.000000000000000000 ) ) ;
#11888 = VECTOR ( 'NONE', #3497, 1000.000000000000000 ) ;
#11889 = DIRECTION ( 'NONE',  ( 0.000000000000000000, -1.000000000000000000, 0.000000000000000000 ) ) ;
#11890 = VERTEX_POINT ( 'NONE', #8052 ) ;
#11891 = ADVANCED_FACE ( 'NONE', ( #6471 ), #8585, .F. ) ;
#11892 = CARTESIAN_POINT ( 'NONE',  ( -1.799999999999999378, -3.200000000000001510, -0.8496933580527809005 ) ) ;
#11893 = VECTOR ( 'NONE', #6247, 1000.000000000000000 ) ;
#11894 = EDGE_CURVE ( 'NONE', #10786, #12030, #5089, .T. ) ;
#11895 = CARTESIAN_POINT ( 'NONE',  ( 88.40000000000000568, -18.50000000000001776, -2.284155466588681112E-15 ) ) ;
#11896 = ORIENTED_EDGE ( 'NONE', *, *, #7287, .T. ) ;
#11897 = EDGE_CURVE ( 'NONE', #4889, #4123, #8907, .T. ) ;
#11898 = ORIENTED_EDGE ( 'NONE', *, *, #6214, .T. ) ;
#11899 = LINE ( 'NONE', #7471, #7637 ) ;
#11900 = CARTESIAN_POINT ( 'NONE',  ( 63.80000000000001137, -17.50000000000000000, 17.79999999999999361 ) ) ;
#11901 = DIRECTION ( 'NONE',  ( 0.000000000000000000, 0.000000000000000000, 1.000000000000000000 ) ) ;
#11902 = ORIENTED_EDGE ( 'NONE', *, *, #12149, .T. ) ;
#11903 = VECTOR ( 'NONE', #4132, 1000.000000000000000 ) ;
#11904 = DIRECTION ( 'NONE',  ( 0.000000000000000000, 0.000000000000000000, -1.000000000000000000 ) ) ;
#11905 = ORIENTED_EDGE ( 'NONE', *, *, #12339, .F. ) ;
#11906 = ORIENTED_EDGE ( 'NONE', *, *, #6853, .F. ) ;
#11907 = CARTESIAN_POINT ( 'NONE',  ( 2.121605154764470313, -9.731897136046873342, -17.71414268463290398 ) ) ;
#11908 = CARTESIAN_POINT ( 'NONE',  ( 31.80000000000000071, -19.10000000000000142, 13.79999999999999893 ) ) ;
#11909 = CARTESIAN_POINT ( 'NONE',  ( -1.800000000000000266, -9.500000000000001776, 32.79999999999999716 ) ) ;
#11910 = CARTESIAN_POINT ( 'NONE',  ( 35.80000000000000426, -17.50000000000000355, 29.79999999999999361 ) ) ;
#11911 = CARTESIAN_POINT ( 'NONE',  ( 35.80000000000000426, -19.10000000000000142, 13.79999999999999716 ) ) ;
#11912 = DIRECTION ( 'NONE',  ( 1.000000000000000000, 0.000000000000000000, 0.000000000000000000 ) ) ;
#11913 = DIRECTION ( 'NONE',  ( 0.000000000000000000, -1.000000000000000000, -1.234678630588475078E-16 ) ) ;
#11914 = LINE ( 'NONE', #3254, #6446 ) ;
#11915 = ORIENTED_EDGE ( 'NONE', *, *, #4255, .F. ) ;
#11916 = CARTESIAN_POINT ( 'NONE',  ( 88.05160866530255248, -12.69234699557645563, -16.86840929950635370 ) ) ;
#11917 = VERTEX_POINT ( 'NONE', #5271 ) ;
#11918 = AXIS2_PLACEMENT_3D ( 'NONE', #9992, #7976, #3290 ) ;
#11919 = VERTEX_POINT ( 'NONE', #11967 ) ;
#11920 = EDGE_CURVE ( 'NONE', #10137, #9071, #7986, .T. ) ;
#11921 = CARTESIAN_POINT ( 'NONE',  ( -1.205269306361929305, -12.03951195996090995, -17.16453714274682341 ) ) ;
#11922 = DIRECTION ( 'NONE',  ( -0.5773502691896351680, -0.5773502691896210681, 0.5773502691896210681 ) ) ;
#11923 = CARTESIAN_POINT ( 'NONE',  ( 14.19999999999999041, -8.099999999999999645, 56.79999999999999716 ) ) ;
#11924 = CARTESIAN_POINT ( 'NONE',  ( 32.80000000000000426, -19.10000000000000142, 13.79999999999999716 ) ) ;
#11925 = DIRECTION ( 'NONE',  ( 0.000000000000000000, 0.000000000000000000, -1.000000000000000000 ) ) ;
#11926 = VERTEX_POINT ( 'NONE', #392 ) ;
#11927 = LINE ( 'NONE', #5535, #1604 ) ;
#11928 = ORIENTED_EDGE ( 'NONE', *, *, #8885, .F. ) ;
#11929 = ORIENTED_EDGE ( 'NONE', *, *, #3999, .T. ) ;
#11930 = ORIENTED_EDGE ( 'NONE', *, *, #3204, .T. ) ;
#11931 = VERTEX_POINT ( 'NONE', #7269 ) ;
#11932 = ORIENTED_EDGE ( 'NONE', *, *, #10882, .T. ) ;
#11933 = AXIS2_PLACEMENT_3D ( 'NONE', #5400, #1373, #393 ) ;
#11934 = VECTOR ( 'NONE', #452, 1000.000000000000000 ) ;
#11935 = AXIS2_PLACEMENT_3D ( 'NONE', #8383, #1755, #1588 ) ;
#11936 = CARTESIAN_POINT ( 'NONE',  ( -0.8000000000000001554, -0.1000000000000002554, 3.600000000000000089 ) ) ;
#11937 = EDGE_CURVE ( 'NONE', #5019, #6784, #11322, .T. ) ;
#11938 = DIRECTION ( 'NONE',  ( 1.000000000000000000, -0.000000000000000000, -0.000000000000000000 ) ) ;
#11939 = FACE_OUTER_BOUND ( 'NONE', #9653, .T. ) ;
#11940 = VERTEX_POINT ( 'NONE', #4351 ) ;
#11941 = VERTEX_POINT ( 'NONE', #5191 ) ;
#11942 = AXIS2_PLACEMENT_3D ( 'NONE', #11248, #656, #12231 ) ;
#11943 = ADVANCED_FACE ( 'NONE', ( #9054 ), #2355, .T. ) ;
#11944 = ORIENTED_EDGE ( 'NONE', *, *, #9384, .T. ) ;
#11945 = DIRECTION ( 'NONE',  ( -0.000000000000000000, 1.000000000000000000, 0.000000000000000000 ) ) ;
#11946 = ORIENTED_EDGE ( 'NONE', *, *, #8956, .T. ) ;
#11947 = LINE ( 'NONE', #5047, #10728 ) ;
#11948 = DIRECTION ( 'NONE',  ( 0.000000000000000000, 0.000000000000000000, 1.000000000000000000 ) ) ;
#11949 = CARTESIAN_POINT ( 'NONE',  ( -1.800000000000000266, -17.50000000000000000, 4.799999999999998934 ) ) ;
#11950 = VERTEX_POINT ( 'NONE', #7223 ) ;
#11951 = CARTESIAN_POINT ( 'NONE',  ( 1.400000000000012346, -17.50000000000000355, 28.80000000000000071 ) ) ;
#11952 = DIRECTION ( 'NONE',  ( -0.000000000000000000, -0.7071067811865536790, -0.7071067811865414665 ) ) ;
#11953 = EDGE_LOOP ( 'NONE', ( #5127, #499, #873, #5488 ) ) ;
#11954 = ORIENTED_EDGE ( 'NONE', *, *, #8970, .T. ) ;
#11955 = CARTESIAN_POINT ( 'NONE',  ( 86.75026640341064876, -9.788602245930610124, -17.70909215201409381 ) ) ;
#11956 = DIRECTION ( 'NONE',  ( -0.000000000000000000, 1.000000000000000000, 3.001251688541188813E-16 ) ) ;
#11957 = EDGE_LOOP ( 'NONE', ( #11604, #329, #5845, #2851 ) ) ;
#11958 = DIRECTION ( 'NONE',  ( 0.000000000000000000, 0.000000000000000000, 1.000000000000000000 ) ) ;
#11959 = ADVANCED_FACE ( 'NONE', ( #3892 ), #8420, .F. ) ;
#11960 = CARTESIAN_POINT ( 'NONE',  ( 87.03138590284930842, -10.35033533290997099, -17.63864607138569340 ) ) ;
#11961 = DIRECTION ( 'NONE',  ( 0.000000000000000000, 0.000000000000000000, -1.000000000000000000 ) ) ;
#11962 = VECTOR ( 'NONE', #6917, 1000.000000000000000 ) ;
#11963 = CARTESIAN_POINT ( 'NONE',  ( 17.00677727426996810, -10.49463313667988906, -0.2000000000000013989 ) ) ;
#11964 = ORIENTED_EDGE ( 'NONE', *, *, #4063, .T. ) ;
#11965 = DIRECTION ( 'NONE',  ( 0.000000000000000000, 0.000000000000000000, -1.000000000000000000 ) ) ;
#11966 = DIRECTION ( 'NONE',  ( -0.7071067811865426878, -0.7071067811865524577, -8.730496322752370596E-17 ) ) ;
#11967 = CARTESIAN_POINT ( 'NONE',  ( 31.80000000000000071, -19.10000000000000142, 18.80000000000000071 ) ) ;
#11968 = LINE ( 'NONE', #3883, #3484 ) ;
#11969 = VECTOR ( 'NONE', #4822, 1000.000000000000000 ) ;
#11970 = DIRECTION ( 'NONE',  ( 0.000000000000000000, 0.000000000000000000, 1.000000000000000000 ) ) ;
#11971 = DIRECTION ( 'NONE',  ( -1.000000000000000000, 0.000000000000000000, 0.000000000000000000 ) ) ;
#11972 = EDGE_CURVE ( 'NONE', #2435, #7663, #11035, .T. ) ;
#11973 = FACE_OUTER_BOUND ( 'NONE', #11457, .T. ) ;
#11974 = CARTESIAN_POINT ( 'NONE',  ( 88.40000000000000568, -18.50000000000002487, 54.39999999999972857 ) ) ;
#11975 = LINE ( 'NONE', #8923, #10017 ) ;
#11976 = ORIENTED_EDGE ( 'NONE', *, *, #9310, .T. ) ;
#11977 = VERTEX_POINT ( 'NONE', #3877 ) ;
#11978 = LINE ( 'NONE', #7965, #3196 ) ;
#11979 = EDGE_CURVE ( 'NONE', #4480, #1994, #856, .T. ) ;
#11980 = ORIENTED_EDGE ( 'NONE', *, *, #6867, .F. ) ;
#11981 = PLANE ( 'NONE',  #4605 ) ;
#11983 = ORIENTED_EDGE ( 'NONE', *, *, #10805, .F. ) ;
#11982 = CYLINDRICAL_SURFACE ( 'NONE', #1458, 1.000000000000000888 ) ;
#11984 = EDGE_CURVE ( 'NONE', #10927, #10395, #5386, .T. ) ;
#11985 = VECTOR ( 'NONE', #10662, 1000.000000000000000 ) ;
#11986 = DIRECTION ( 'NONE',  ( -0.000000000000000000, 0.000000000000000000, -1.000000000000000000 ) ) ;
#11987 = EDGE_CURVE ( 'NONE', #12368, #2092, #12245, .T. ) ;
#11988 = ORIENTED_EDGE ( 'NONE', *, *, #9587, .F. ) ;
#11989 = CARTESIAN_POINT ( 'NONE',  ( 50.11901216382734248, -66.21901216382713073, 5.880987836172469230 ) ) ;
#11990 = VERTEX_POINT ( 'NONE', #7739 ) ;
#11991 = FACE_BOUND ( 'NONE', #4794, .T. ) ;
#11992 = ADVANCED_FACE ( 'NONE', ( #2257 ), #1956, .F. ) ;
#11993 = VERTEX_POINT ( 'NONE', #5829 ) ;
#11994 = DIRECTION ( 'NONE',  ( -0.000000000000000000, 1.000000000000000000, 3.001251688541188813E-16 ) ) ;
#11995 = B_SPLINE_CURVE_WITH_KNOTS ( 'NONE', 1,
 ( #9066, #1190 ),
 .UNSPECIFIED., .F., .F.,
 ( 2, 2 ),
 ( 0.000000000000000000, 1.000000000000000000 ),
 .UNSPECIFIED. ) ;
#11996 = CARTESIAN_POINT ( 'NONE',  ( 14.19999999999999041, -0.09999999999999882594, 56.79999999999999716 ) ) ;
#11997 = FACE_OUTER_BOUND ( 'NONE', #9942, .T. ) ;
#11998 = DIRECTION ( 'NONE',  ( 0.000000000000000000, 0.000000000000000000, -1.000000000000000000 ) ) ;
#11999 = VERTEX_POINT ( 'NONE', #10623 ) ;
#12000 = LINE ( 'NONE', #5832, #6108 ) ;
#12001 = ORIENTED_EDGE ( 'NONE', *, *, #3692, .F. ) ;
#12002 = AXIS2_PLACEMENT_3D ( 'NONE', #12106, #6224, #500 ) ;
#12003 = CARTESIAN_POINT ( 'NONE',  ( 87.12415262829924245, -10.99071730250953571, -17.56035615413233941 ) ) ;
#12004 = EDGE_LOOP ( 'NONE', ( #384, #9008, #2716, #10861 ) ) ;
#12005 = ADVANCED_FACE ( 'NONE', ( #3463 ), #4798, .F. ) ;
#12006 = ORIENTED_EDGE ( 'NONE', *, *, #10256, .T. ) ;
#12007 = AXIS2_PLACEMENT_3D ( 'NONE', #6445, #2563, #2525 ) ;
#12008 = ORIENTED_EDGE ( 'NONE', *, *, #1107, .F. ) ;
#12009 = PLANE ( 'NONE',  #10630 ) ;
#12010 = AXIS2_PLACEMENT_3D ( 'NONE', #4958, #6938, #1123 ) ;
#12011 = VECTOR ( 'NONE', #7771, 1000.000000000000000 ) ;
#12012 = LINE ( 'NONE', #3035, #1410 ) ;
#12013 = CARTESIAN_POINT ( 'NONE',  ( 87.10715976750130096, -10.94460926376636145, -17.56857928126389723 ) ) ;
#12014 = AXIS2_PLACEMENT_3D ( 'NONE', #2942, #10550, #9705 ) ;
#12015 = CARTESIAN_POINT ( 'NONE',  ( 2.256133050696925935, -9.998659061156729422, -17.68772531098297307 ) ) ;
#12016 = DIRECTION ( 'NONE',  ( 0.000000000000000000, -1.000000000000000000, 0.000000000000000000 ) ) ;
#12017 = VERTEX_POINT ( 'NONE', #907 ) ;
#12018 = DIRECTION ( 'NONE',  ( 0.000000000000000000, 0.000000000000000000, 1.000000000000000000 ) ) ;
#12019 = DIRECTION ( 'NONE',  ( 0.7071067811865475727, -0.7071067811865475727, -2.122205421015050659E-16 ) ) ;
#12020 = ORIENTED_EDGE ( 'NONE', *, *, #3143, .F. ) ;
#12021 = CIRCLE ( 'NONE', #12408, 1.000000000000000888 ) ;
#12022 = VECTOR ( 'NONE', #12174, 1000.000000000000000 ) ;
#12023 = EDGE_LOOP ( 'NONE', ( #6913, #10090, #5770, #1222 ) ) ;
#12024 = CARTESIAN_POINT ( 'NONE',  ( 4.799999999999999822, -19.10000000000000142, 21.80000000000000071 ) ) ;
#12025 = ORIENTED_EDGE ( 'NONE', *, *, #1513, .T. ) ;
#12026 = CARTESIAN_POINT ( 'NONE',  ( 88.35130152595236552, -13.83504832926441885, -16.17877715324223686 ) ) ;
#12027 = CARTESIAN_POINT ( 'NONE',  ( 35.80000000000000426, -17.50000000000000000, 14.79999999999999361 ) ) ;
#12028 = EDGE_CURVE ( 'NONE', #7271, #9534, #8987, .T. ) ;
#12029 = FACE_OUTER_BOUND ( 'NONE', #6817, .T. ) ;
#12030 = VERTEX_POINT ( 'NONE', #8950 ) ;
#12031 = CARTESIAN_POINT ( 'NONE',  ( 31.80000000000000071, -17.50000000000000000, 13.79999999999999716 ) ) ;
#12032 = DIRECTION ( 'NONE',  ( 0.000000000000000000, 0.000000000000000000, -1.000000000000000000 ) ) ;
#12033 = CARTESIAN_POINT ( 'NONE',  ( 16.19999999999999218, -0.09999999999999889533, 56.79999999999999716 ) ) ;
#12034 = LINE ( 'NONE', #10164, #2647 ) ;
#12035 = EDGE_CURVE ( 'NONE', #4613, #3247, #10953, .T. ) ;
#12036 = LINE ( 'NONE', #8818, #7201 ) ;
#12037 = DIRECTION ( 'NONE',  ( -1.399999999999999714E-14, -9.999999999999999988E-15, -1.000000000000000000 ) ) ;
#12038 = ORIENTED_EDGE ( 'NONE', *, *, #8336, .T. ) ;
#12039 = VERTEX_POINT ( 'NONE', #1834 ) ;
#12040 = FACE_OUTER_BOUND ( 'NONE', #1250, .T. ) ;
#12041 = ORIENTED_EDGE ( 'NONE', *, *, #9614, .F. ) ;
#12042 = DIRECTION ( 'NONE',  ( 0.000000000000000000, 0.000000000000000000, -1.000000000000000000 ) ) ;
#12043 = VERTEX_POINT ( 'NONE', #8592 ) ;
#12044 = EDGE_LOOP ( 'NONE', ( #8187, #10074, #8527, #7607 ) ) ;
#12045 = CYLINDRICAL_SURFACE ( 'NONE', #5195, 10.00000000000000000 ) ;
#12046 = FACE_OUTER_BOUND ( 'NONE', #11450, .T. ) ;
#12047 = EDGE_CURVE ( 'NONE', #10335, #4623, #8739, .T. ) ;
#12048 = EDGE_LOOP ( 'NONE', ( #11042, #6141, #1279, #285 ) ) ;
#12049 = CARTESIAN_POINT ( 'NONE',  ( 72.07156248324528747, -10.46436619647177402, -17.64665003862148751 ) ) ;
#12050 = AXIS2_PLACEMENT_3D ( 'NONE', #5115, #197, #2196 ) ;
#12051 = ORIENTED_EDGE ( 'NONE', *, *, #230, .T. ) ;
#12052 = EDGE_CURVE ( 'NONE', #2120, #7128, #7102, .T. ) ;
#12053 = ADVANCED_FACE ( 'NONE', ( #1930 ), #10641, .F. ) ;
#12054 = DIRECTION ( 'NONE',  ( 0.000000000000000000, -1.000000000000000000, -1.234678630588475078E-16 ) ) ;
#12055 = EDGE_CURVE ( 'NONE', #5397, #4310, #5372, .T. ) ;
#12056 = EDGE_CURVE ( 'NONE', #4082, #4185, #1777, .T. ) ;
#12057 = ORIENTED_EDGE ( 'NONE', *, *, #7186, .F. ) ;
#12058 = VECTOR ( 'NONE', #164, 1000.000000000000000 ) ;
#12059 = CARTESIAN_POINT ( 'NONE',  ( 86.58939539111969452, -9.583933555464419385, -17.72845948444874864 ) ) ;
#12060 = LINE ( 'NONE', #1459, #7957 ) ;
#12061 = ORIENTED_EDGE ( 'NONE', *, *, #1012, .T. ) ;
#12062 = ORIENTED_EDGE ( 'NONE', *, *, #6449, .T. ) ;
#12063 = CIRCLE ( 'NONE', #8073, 6.199999999999999289 ) ;
#12064 = DIRECTION ( 'NONE',  ( 0.000000000000000000, 1.000000000000000000, 0.000000000000000000 ) ) ;
#12065 = ORIENTED_EDGE ( 'NONE', *, *, #1112, .T. ) ;
#12066 = CARTESIAN_POINT ( 'NONE',  ( 35.80000000000000426, -17.50000000000000000, 10.79999999999999716 ) ) ;
#12067 = LINE ( 'NONE', #9216, #10112 ) ;
#12068 = DIRECTION ( 'NONE',  ( 0.000000000000000000, -1.000000000000000000, 0.000000000000000000 ) ) ;
#12069 = ADVANCED_FACE ( 'NONE', ( #9039 ), #2949, .F. ) ;
#12070 = ORIENTED_EDGE ( 'NONE', *, *, #3059, .T. ) ;
#12071 = CARTESIAN_POINT ( 'NONE',  ( 86.47258307349407858, -9.242250058315457650, -17.73873542184710317 ) ) ;
#12072 = EDGE_CURVE ( 'NONE', #10160, #2380, #3725, .T. ) ;
#12073 = DIRECTION ( 'NONE',  ( 0.000000000000000000, 0.000000000000000000, -1.000000000000000000 ) ) ;
#12074 = CARTESIAN_POINT ( 'NONE',  ( -0.2000000000000000111, -0.1000000000000000056, 34.24999999999941025 ) ) ;
#12075 = CARTESIAN_POINT ( 'NONE',  ( 87.23021472923149133, -10.75845702865573550, -17.55978914554785675 ) ) ;
#12076 = VERTEX_POINT ( 'NONE', #7757 ) ;
#12077 = EDGE_CURVE ( 'NONE', #1942, #2744, #9341, .T. ) ;
#12078 = EDGE_LOOP ( 'NONE', ( #10270, #9073, #6692, #10614 ) ) ;
#12079 = VECTOR ( 'NONE', #6027, 1000.000000000000000 ) ;
#12080 = PLANE ( 'NONE',  #12420 ) ;
#12081 = DIRECTION ( 'NONE',  ( 0.000000000000000000, 0.000000000000000000, -1.000000000000000000 ) ) ;
#12082 = VECTOR ( 'NONE', #11833, 1000.000000000000000 ) ;
#12083 = PLANE ( 'NONE',  #11611 ) ;
#12084 = LINE ( 'NONE', #12151, #11934 ) ;
#12085 = CARTESIAN_POINT ( 'NONE',  ( 9.600000000000001421, -19.10000000000001208, 52.09999999999999432 ) ) ;
#12086 = CARTESIAN_POINT ( 'NONE',  ( 1.399999999999984812, -17.50000000000000000, 46.80000000000000426 ) ) ;
#12087 = CARTESIAN_POINT ( 'NONE',  ( 3.799999999999999378, -19.10000000000000142, 32.80000000000000426 ) ) ;
#12088 = VECTOR ( 'NONE', #7578, 1000.000000000000000 ) ;
#12089 = ORIENTED_EDGE ( 'NONE', *, *, #4709, .F. ) ;
#12090 = ORIENTED_EDGE ( 'NONE', *, *, #2552, .T. ) ;
#12091 = LINE ( 'NONE', #3125, #11338 ) ;
#12092 = AXIS2_PLACEMENT_3D ( 'NONE', #11809, #6004, #10838 ) ;
#12093 = LINE ( 'NONE', #7675, #4339 ) ;
#12094 = LINE ( 'NONE', #10303, #9508 ) ;
#12095 = DIRECTION ( 'NONE',  ( 0.000000000000000000, 0.000000000000000000, -1.000000000000000000 ) ) ;
#12096 = EDGE_CURVE ( 'NONE', #4210, #7409, #559, .T. ) ;
#12097 = CARTESIAN_POINT ( 'NONE',  ( 71.83041833523945741, -11.11608813963483122, -17.53528776009596513 ) ) ;
#12098 = ORIENTED_EDGE ( 'NONE', *, *, #3765, .F. ) ;
#12099 = AXIS2_PLACEMENT_3D ( 'NONE', #4324, #10233, #12186 ) ;
#12100 = FILL_AREA_STYLE_COLOUR ( '', #5681 ) ;
#12101 = SURFACE_STYLE_FILL_AREA ( #9311 ) ;
#12102 = DIRECTION ( 'NONE',  ( 0.7071067811865493491, -0.7071067811865456854, 0.000000000000000000 ) ) ;
#12103 = ORIENTED_EDGE ( 'NONE', *, *, #3211, .F. ) ;
#12104 = ORIENTED_EDGE ( 'NONE', *, *, #7120, .F. ) ;
#12105 = CARTESIAN_POINT ( 'NONE',  ( 31.80000000000000071, -19.10000000000000142, 20.80000000000000071 ) ) ;
#12106 = CARTESIAN_POINT ( 'NONE',  ( -5.799999999999985612, 11.79999999999999893, -11.50000000000000000 ) ) ;
#12107 = VERTEX_POINT ( 'NONE', #7842 ) ;
#12108 = DIRECTION ( 'NONE',  ( -0.000000000000000000, -1.000000000000000000, -0.000000000000000000 ) ) ;
#12109 = CYLINDRICAL_SURFACE ( 'NONE', #1629, 1.000000000000000888 ) ;
#12110 = DIRECTION ( 'NONE',  ( -0.000000000000000000, 1.000000000000000000, 0.000000000000000000 ) ) ;
#12111 = ORIENTED_EDGE ( 'NONE', *, *, #12158, .T. ) ;
#12112 = EDGE_CURVE ( 'NONE', #11672, #9222, #7833, .T. ) ;
#12113 = LINE ( 'NONE', #1094, #3049 ) ;
#12114 = ORIENTED_EDGE ( 'NONE', *, *, #3748, .T. ) ;
#12115 = CARTESIAN_POINT ( 'NONE',  ( 93.20000000000000284, -13.89999999999999503, -7.740000000000000213 ) ) ;
#12116 = EDGE_CURVE ( 'NONE', #6223, #6543, #7674, .T. ) ;
#12117 = LINE ( 'NONE', #9819, #11816 ) ;
#12118 = FACE_OUTER_BOUND ( 'NONE', #12165, .T. ) ;
#12119 = CARTESIAN_POINT ( 'NONE',  ( 88.38075921505117094, -14.05316696624780803, -16.01966575496235379 ) ) ;
#12120 = ADVANCED_FACE ( 'NONE', ( #8891 ), #6962, .F. ) ;
#12121 = CARTESIAN_POINT ( 'NONE',  ( 6.129999999999535376, -3.200000000000001510, -1.800000000000000044 ) ) ;
#12122 = CARTESIAN_POINT ( 'NONE',  ( -4.200000000000017053, -11.90000000000005365, 26.80000000000000071 ) ) ;
#12123 = DIRECTION ( 'NONE',  ( -1.000000000000000000, 0.000000000000000000, 0.000000000000000000 ) ) ;
#12124 = ORIENTED_EDGE ( 'NONE', *, *, #1517, .T. ) ;
#12125 = DIRECTION ( 'NONE',  ( 1.000000000000000000, 0.000000000000000000, 0.000000000000000000 ) ) ;
#12126 = DIRECTION ( 'NONE',  ( 1.000000000000000000, 0.000000000000000000, 0.000000000000000000 ) ) ;
#12127 = ORIENTED_EDGE ( 'NONE', *, *, #10670, .F. ) ;
#12128 = DIRECTION ( 'NONE',  ( 1.000000000000000000, 0.000000000000000000, 0.000000000000000000 ) ) ;
#12130 = ORIENTED_EDGE ( 'NONE', *, *, #438, .T. ) ;
#12129 = LINE ( 'NONE', #7547, #745 ) ;
#12131 = EDGE_CURVE ( 'NONE', #2697, #3154, #2687, .T. ) ;
#12132 = CIRCLE ( 'NONE', #2125, 1.249999999975583087 ) ;
#12133 = AXIS2_PLACEMENT_3D ( 'NONE', #11908, #5053, #7296 ) ;
#12134 = EDGE_CURVE ( 'NONE', #8522, #6694, #11171, .T. ) ;
#12135 = CARTESIAN_POINT ( 'NONE',  ( 87.37129239529831182, -11.68979180903754767, -17.40183614883711272 ) ) ;
#12136 = CARTESIAN_POINT ( 'NONE',  ( 35.80000000000000426, -19.10000000000000142, 9.799999999999998934 ) ) ;
#12137 = EDGE_CURVE ( 'NONE', #9674, #5155, #2246, .T. ) ;
#12138 = ORIENTED_EDGE ( 'NONE', *, *, #1664, .T. ) ;
#12139 = CIRCLE ( 'NONE', #8593, 1.000000000000000888 ) ;
#12140 = CARTESIAN_POINT ( 'NONE',  ( 1.400000000000012346, -17.50000000000000000, -2.755455298081544778E-15 ) ) ;
#12141 = ADVANCED_FACE ( 'NONE', ( #1609 ), #7003, .F. ) ;
#12142 = ORIENTED_EDGE ( 'NONE', *, *, #5236, .T. ) ;
#12143 = FACE_BOUND ( 'NONE', #4407, .T. ) ;
#12144 = CARTESIAN_POINT ( 'NONE',  ( 71.00000000000002842, -14.62770798392565652, -16.07333333333333414 ) ) ;
#12145 = ORIENTED_EDGE ( 'NONE', *, *, #8226, .F. ) ;
#12147 = EDGE_LOOP ( 'NONE', ( #7983, #6405, #3133, #10959 ) ) ;
#12146 = VECTOR ( 'NONE', #12123, 1000.000000000000000 ) ;
#12148 = DIRECTION ( 'NONE',  ( 0.000000000000000000, 1.000000000000000000, -0.000000000000000000 ) ) ;
#12149 = EDGE_CURVE ( 'NONE', #44, #11544, #7244, .T. ) ;
#12150 = DIRECTION ( 'NONE',  ( -1.000000000000000000, 0.000000000000000000, 0.000000000000000000 ) ) ;
#12151 = CARTESIAN_POINT ( 'NONE',  ( -1.800000000000000266, -9.099999999999987210, -15.74000000000000377 ) ) ;
#12152 = FACE_OUTER_BOUND ( 'NONE', #12147, .T. ) ;
#12153 = ORIENTED_EDGE ( 'NONE', *, *, #943, .T. ) ;
#12154 = EDGE_CURVE ( 'NONE', #9987, #10841, #8575, .T. ) ;
#12155 = CARTESIAN_POINT ( 'NONE',  ( 1.400000000000012346, -17.50000000000000000, -2.755455298081544778E-15 ) ) ;
#12156 = CARTESIAN_POINT ( 'NONE',  ( 34.80000000000000426, -19.10000000000000142, 42.79999999999999005 ) ) ;
#12157 = ORIENTED_EDGE ( 'NONE', *, *, #12134, .T. ) ;
#12158 = EDGE_CURVE ( 'NONE', #6093, #5188, #1468, .T. ) ;
#12159 = CARTESIAN_POINT ( 'NONE',  ( -1.800000000000000266, -0.1000000000000000056, 21.69999999999940599 ) ) ;
#12160 = DIRECTION ( 'NONE',  ( 0.000000000000000000, -1.000000000000000000, 0.000000000000000000 ) ) ;
#12161 = EDGE_LOOP ( 'NONE', ( #10836, #7662, #11087, #6577 ) ) ;
#12162 = EDGE_LOOP ( 'NONE', ( #11774, #6761, #9419, #4370 ) ) ;
#12163 = VERTEX_POINT ( 'NONE', #5938 ) ;
#12164 = CARTESIAN_POINT ( 'NONE',  ( 31.80000000000000071, -19.10000000000000497, 37.79999999999999716 ) ) ;
#12165 = EDGE_LOOP ( 'NONE', ( #11288, #4295, #12219, #12145 ) ) ;
#12166 = VECTOR ( 'NONE', #3053, 1000.000000000000000 ) ;
#12167 = AXIS2_PLACEMENT_3D ( 'NONE', #9726, #12525, #1903 ) ;
#12168 = VECTOR ( 'NONE', #12295, 1000.000000000000000 ) ;
#12169 = ORIENTED_EDGE ( 'NONE', *, *, #1854, .T. ) ;
#12170 = DIRECTION ( 'NONE',  ( 1.000000000000000000, 0.000000000000000000, 0.000000000000000000 ) ) ;
#12171 = DIRECTION ( 'NONE',  ( 0.000000000000000000, -1.000000000000000000, 0.000000000000000000 ) ) ;
#12172 = VERTEX_POINT ( 'NONE', #8938 ) ;
#12173 = CARTESIAN_POINT ( 'NONE',  ( 71.02028089379344067, -14.19408400017730898, -16.34619511022958349 ) ) ;
#12174 = DIRECTION ( 'NONE',  ( 1.000000000000000000, 0.000000000000000000, 0.000000000000000000 ) ) ;
#12175 = ORIENTED_EDGE ( 'NONE', *, *, #1207, .F. ) ;
#12176 = AXIS2_PLACEMENT_3D ( 'NONE', #1677, #2663, #8437 ) ;
#12177 = CARTESIAN_POINT ( 'NONE',  ( 35.80000000000000426, -19.10000000000000142, 21.79999999999999361 ) ) ;
#12178 = EDGE_LOOP ( 'NONE', ( #10031, #11245, #407, #11564, #2651, #9667, #9957, #11381 ) ) ;
#12179 = ORIENTED_EDGE ( 'NONE', *, *, #12224, .F. ) ;
#12180 = LINE ( 'NONE', #2420, #9577 ) ;
#12181 = CARTESIAN_POINT ( 'NONE',  ( 84.20000000000001705, 9.823197995883754530, -12.34543115421777415 ) ) ;
#12182 = ORIENTED_EDGE ( 'NONE', *, *, #9130, .F. ) ;
#12183 = CARTESIAN_POINT ( 'NONE',  ( 71.51892342232881106, -12.02700549182319634, -17.30213212154155755 ) ) ;
#12184 = EDGE_LOOP ( 'NONE', ( #2396, #925, #5201, #1139 ) ) ;
#12185 = ADVANCED_FACE ( 'NONE', ( #2398 ), #6883, .T. ) ;
#12186 = DIRECTION ( 'NONE',  ( 0.000000000000000000, 0.000000000000000000, -1.000000000000000000 ) ) ;
#12187 = AXIS2_PLACEMENT_3D ( 'NONE', #9549, #10571, #3781 ) ;
#12188 = ORIENTED_EDGE ( 'NONE', *, *, #4443, .F. ) ;
#12189 = FACE_BOUND ( 'NONE', #6394, .T. ) ;
#12190 = LINE ( 'NONE', #9409, #4746 ) ;
#12191 = CARTESIAN_POINT ( 'NONE',  ( 34.80000000000000426, -19.10000000000000142, 40.79999999999999716 ) ) ;
#12192 = CARTESIAN_POINT ( 'NONE',  ( 87.04250415235414096, -10.76863774264483276, -17.60052048220943277 ) ) ;
#12193 = ORIENTED_EDGE ( 'NONE', *, *, #2886, .T. ) ;
#12194 = AXIS2_PLACEMENT_3D ( 'NONE', #1080, #3054, #10789 ) ;
#12195 = VECTOR ( 'NONE', #9233, 1000.000000000000000 ) ;
#12196 = DIRECTION ( 'NONE',  ( 1.000000000000000000, -0.000000000000000000, -0.000000000000000000 ) ) ;
#12197 = DIRECTION ( 'NONE',  ( -1.000000000000000000, -0.000000000000000000, -0.000000000000000000 ) ) ;
#12198 = DIRECTION ( 'NONE',  ( 1.000000000000000000, -0.000000000000000000, 0.000000000000000000 ) ) ;
#12199 = ORIENTED_EDGE ( 'NONE', *, *, #12273, .F. ) ;
#12200 = CARTESIAN_POINT ( 'NONE',  ( 6.800000000000000711, -17.50000000000000000, 52.09999999999999432 ) ) ;
#12201 = LINE ( 'NONE', #11271, #9603 ) ;
#12202 = ORIENTED_EDGE ( 'NONE', *, *, #4520, .F. ) ;
#12203 = VECTOR ( 'NONE', #5486, 1000.000000000000000 ) ;
#12204 = DIRECTION ( 'NONE',  ( -1.000000000000000000, -0.000000000000000000, 0.000000000000000000 ) ) ;
#12205 = LINE ( 'NONE', #6964, #5200 ) ;
#12206 = ORIENTED_EDGE ( 'NONE', *, *, #9765, .F. ) ;
#12207 = ORIENTED_EDGE ( 'NONE', *, *, #7669, .F. ) ;
#12208 = CARTESIAN_POINT ( 'NONE',  ( 87.43757451129934566, -11.19843280004190333, -17.44982518942341443 ) ) ;
#12209 = VECTOR ( 'NONE', #12125, 1000.000000000000000 ) ;
#12210 = PLANE ( 'NONE',  #2538 ) ;
#12211 = EDGE_CURVE ( 'NONE', #6556, #9623, #12531, .T. ) ;
#12212 = DIRECTION ( 'NONE',  ( 0.000000000000000000, 0.000000000000000000, 1.000000000000000000 ) ) ;
#12213 = DIRECTION ( 'NONE',  ( 0.000000000000000000, 0.000000000000000000, 1.000000000000000000 ) ) ;
#12214 = ORIENTED_EDGE ( 'NONE', *, *, #5117, .T. ) ;
#12215 = EDGE_CURVE ( 'NONE', #3281, #1283, #7385, .T. ) ;
#12216 = CARTESIAN_POINT ( 'NONE',  ( 1.400000000000012346, -17.50000000000000355, 40.80000000000000426 ) ) ;
#12217 = ORIENTED_EDGE ( 'NONE', *, *, #11979, .F. ) ;
#12218 = CARTESIAN_POINT ( 'NONE',  ( 70.60000000000000853, 11.79999999999999716, -17.73999999999999844 ) ) ;
#12219 = ORIENTED_EDGE ( 'NONE', *, *, #10790, .F. ) ;
#12220 = ORIENTED_EDGE ( 'NONE', *, *, #4483, .T. ) ;
#12221 = CARTESIAN_POINT ( 'NONE',  ( 2.261641549501529180, -10.00950308089736929, -17.68687633709497220 ) ) ;
#12222 = VECTOR ( 'NONE', #2466, 1000.000000000000000 ) ;
#12223 = DIRECTION ( 'NONE',  ( -1.000000000000000000, 0.000000000000000000, 0.000000000000000000 ) ) ;
#12224 = EDGE_CURVE ( 'NONE', #9539, #8204, #11779, .T. ) ;
#12225 = ORIENTED_EDGE ( 'NONE', *, *, #6531, .T. ) ;
#12226 = CARTESIAN_POINT ( 'NONE',  ( 31.80000000000000071, -19.10000000000000142, 25.80000000000000071 ) ) ;
#12227 = AXIS2_PLACEMENT_3D ( 'NONE', #6202, #9146, #7181 ) ;
#12228 = EDGE_LOOP ( 'NONE', ( #2526, #6089, #8283, #3737 ) ) ;
#12229 = ORIENTED_EDGE ( 'NONE', *, *, #10859, .F. ) ;
#12230 = ORIENTED_EDGE ( 'NONE', *, *, #2515, .F. ) ;
#12231 = DIRECTION ( 'NONE',  ( 0.000000000000000000, 1.000000000000000000, 1.084202172485504434E-16 ) ) ;
#12232 = EDGE_CURVE ( 'NONE', #5154, #1506, #4630, .T. ) ;
#12233 = LINE ( 'NONE', #6079, #11467 ) ;
#12234 = ORIENTED_EDGE ( 'NONE', *, *, #11820, .F. ) ;
#12235 = EDGE_CURVE ( 'NONE', #1474, #625, #4029, .T. ) ;
#12236 = CIRCLE ( 'NONE', #10333, 1.000000000000000888 ) ;
#12237 = FACE_OUTER_BOUND ( 'NONE', #2108, .T. ) ;
#12238 = DIRECTION ( 'NONE',  ( -0.000000000000000000, -1.000000000000000000, 0.000000000000000000 ) ) ;
#12239 = CARTESIAN_POINT ( 'NONE',  ( 35.80000000000000426, -17.50000000000000000, 36.79999999999999716 ) ) ;
#12240 = DIRECTION ( 'NONE',  ( -0.000000000000000000, 1.000000000000000000, 3.001251688541188813E-16 ) ) ;
#12241 = CARTESIAN_POINT ( 'NONE',  ( 1.978065780645553717, -9.449225258859751619, -17.73205838480348362 ) ) ;
#12242 = EDGE_LOOP ( 'NONE', ( #4515, #1323, #7701, #1053 ) ) ;
#12243 = ORIENTED_EDGE ( 'NONE', *, *, #1405, .F. ) ;
#12244 = CARTESIAN_POINT ( 'NONE',  ( 34.80000000000000426, -17.50000000000000000, 41.79999999999999716 ) ) ;
#12245 = LINE ( 'NONE', #6772, #2546 ) ;
#12246 = DIRECTION ( 'NONE',  ( 0.000000000000000000, 0.000000000000000000, -1.000000000000000000 ) ) ;
#12247 = CARTESIAN_POINT ( 'NONE',  ( -1.800000000000000266, -9.500000000000001776, 18.80000000000000071 ) ) ;
#12248 = EDGE_CURVE ( 'NONE', #11993, #12107, #12233, .T. ) ;
#12249 = DIRECTION ( 'NONE',  ( 0.000000000000000000, 0.000000000000000000, -1.000000000000000000 ) ) ;
#12250 = ORIENTED_EDGE ( 'NONE', *, *, #3640, .F. ) ;
#12251 = VECTOR ( 'NONE', #1642, 1000.000000000000000 ) ;
#12252 = DIRECTION ( 'NONE',  ( 0.000000000000000000, 0.7071067811865465735, 0.7071067811865484609 ) ) ;
#12253 = CARTESIAN_POINT ( 'NONE',  ( 22.99999999994492583, -5.150000000033462477, -1.800000000000000044 ) ) ;
#12254 = VERTEX_POINT ( 'NONE', #8083 ) ;
#12255 = EDGE_LOOP ( 'NONE', ( #6922, #7526, #12427, #8867 ) ) ;
#12256 = CARTESIAN_POINT ( 'NONE',  ( 21.74999999999954525, -3.900000000003909673, -0.9999999999996430633 ) ) ;
#12257 = ORIENTED_EDGE ( 'NONE', *, *, #10360, .F. ) ;
#12258 = CARTESIAN_POINT ( 'NONE',  ( 3.799999999999999822, -14.40659966456860275, -15.74000000000000377 ) ) ;
#12259 = FACE_OUTER_BOUND ( 'NONE', #3292, .T. ) ;
#12260 = DIRECTION ( 'NONE',  ( -0.000000000000000000, 0.000000000000000000, 1.000000000000000000 ) ) ;
#12261 = ORIENTED_EDGE ( 'NONE', *, *, #8727, .F. ) ;
#12262 = VECTOR ( 'NONE', #10462, 1000.000000000000000 ) ;
#12263 = VERTEX_POINT ( 'NONE', #4252 ) ;
#12264 = PLANE ( 'NONE',  #4363 ) ;
#12265 = AXIS2_PLACEMENT_3D ( 'NONE', #4269, #5235, #9152 ) ;
#12266 = CARTESIAN_POINT ( 'NONE',  ( 3.470423232437494399, -12.74742243207902348, -16.84038505149271714 ) ) ;
#12267 = AXIS2_PLACEMENT_3D ( 'NONE', #9683, #902, #10616 ) ;
#12268 = CARTESIAN_POINT ( 'NONE',  ( -1.245757626905364956, -13.35980282468854874, -16.78733928080918858 ) ) ;
#12269 = ORIENTED_EDGE ( 'NONE', *, *, #8880, .T. ) ;
#12270 = CIRCLE ( 'NONE', #3380, 1.000000000000000888 ) ;
#12271 = DIRECTION ( 'NONE',  ( 0.000000000000000000, -1.000000000000000000, -0.000000000000000000 ) ) ;
#12272 = VERTEX_POINT ( 'NONE', #6268 ) ;
#12273 = EDGE_CURVE ( 'NONE', #6757, #911, #8257, .T. ) ;
#12274 = FACE_OUTER_BOUND ( 'NONE', #4356, .T. ) ;
#12275 = AXIS2_PLACEMENT_3D ( 'NONE', #10952, #7176, #3318 ) ;
#12276 = CARTESIAN_POINT ( 'NONE',  ( -1.207059453955172001, -13.18611744796032070, -16.86729815181204373 ) ) ;
#12277 = ORIENTED_EDGE ( 'NONE', *, *, #2821, .T. ) ;
#12278 = FACE_OUTER_BOUND ( 'NONE', #374, .T. ) ;
#12279 = ORIENTED_EDGE ( 'NONE', *, *, #6796, .T. ) ;
#12280 = LINE ( 'NONE', #4101, #3495 ) ;
#12281 = CARTESIAN_POINT ( 'NONE',  ( 88.00000000000001421, -14.62770798392567251, -16.07333333333332348 ) ) ;
#12282 = VECTOR ( 'NONE', #7539, 1000.000000000000000 ) ;
#12283 = PLANE ( 'NONE',  #8208 ) ;
#12284 = VECTOR ( 'NONE', #11008, 1000.000000000000000 ) ;
#12285 = CARTESIAN_POINT ( 'NONE',  ( 35.80000000000000426, -17.50000000000000355, 38.79999999999999716 ) ) ;
#12286 = ORIENTED_EDGE ( 'NONE', *, *, #7109, .F. ) ;
#12287 = ADVANCED_FACE ( 'NONE', ( #3880 ), #3577, .F. ) ;
#12288 = DIRECTION ( 'NONE',  ( 0.000000000000000000, -1.000000000000000000, -9.351609034915406741E-17 ) ) ;
#12289 = EDGE_CURVE ( 'NONE', #10982, #2983, #4017, .T. ) ;
#12290 = EDGE_LOOP ( 'NONE', ( #8958, #395, #5625, #7326 ) ) ;
#12291 = ORIENTED_EDGE ( 'NONE', *, *, #5051, .T. ) ;
#12292 = CARTESIAN_POINT ( 'NONE',  ( 35.80000000000000426, -17.50000000000000000, 12.79999999999999538 ) ) ;
#12293 = VERTEX_POINT ( 'NONE', #10133 ) ;
#12294 = EDGE_CURVE ( 'NONE', #21, #5009, #1455, .T. ) ;
#12295 = DIRECTION ( 'NONE',  ( 0.000000000000000000, 1.234678630588475078E-16, -1.000000000000000000 ) ) ;
#12296 = CARTESIAN_POINT ( 'NONE',  ( -1.800000000000000266, -9.500000000000001776, 42.80000000000000426 ) ) ;
#12297 = DIRECTION ( 'NONE',  ( 0.000000000000000000, -1.000000000000000000, -1.234678630588475078E-16 ) ) ;
#12298 = PLANE ( 'NONE',  #5566 ) ;
#12299 = DIRECTION ( 'NONE',  ( -0.000000000000000000, 1.000000000000000000, 3.001251688541188813E-16 ) ) ;
#12300 = CARTESIAN_POINT ( 'NONE',  ( -1.400000000000012346, -18.70000000000001350, 57.79999999999999716 ) ) ;
#12301 = EDGE_LOOP ( 'NONE', ( #12199, #6498, #4321, #979 ) ) ;
#12302 = CARTESIAN_POINT ( 'NONE',  ( 71.07865684916879445, -13.75179725468442271, -16.59305860781555353 ) ) ;
#12303 = EDGE_CURVE ( 'NONE', #10208, #11067, #11448, .T. ) ;
#12304 = CYLINDRICAL_SURFACE ( 'NONE', #4352, 1.000000000000000888 ) ;
#12305 = ORIENTED_EDGE ( 'NONE', *, *, #7515, .F. ) ;
#12306 = AXIS2_PLACEMENT_3D ( 'NONE', #11731, #5920, #6140 ) ;
#12307 = EDGE_CURVE ( 'NONE', #9339, #570, #7660, .T. ) ;
#12308 = CARTESIAN_POINT ( 'NONE',  ( 3.165549538352398162, -13.01410568776491239, -16.94237148018465078 ) ) ;
#12309 = EDGE_CURVE ( 'NONE', #7615, #10931, #6301, .T. ) ;
#12310 = CARTESIAN_POINT ( 'NONE',  ( -1.384516282958557110, -14.25851716805133407, -16.30701673546959896 ) ) ;
#12311 = EDGE_CURVE ( 'NONE', #9440, #11524, #11020, .T. ) ;
#12312 = LINE ( 'NONE', #6348, #4242 ) ;
#12313 = DIRECTION ( 'NONE',  ( 1.000000000000000000, 0.000000000000000000, 0.000000000000000000 ) ) ;
#12314 = EDGE_LOOP ( 'NONE', ( #8428, #10607, #11374, #9839 ) ) ;
#12315 = CARTESIAN_POINT ( 'NONE',  ( 70.20000000000001705, 11.79999999999999893, -11.50000000000000000 ) ) ;
#12316 = VERTEX_POINT ( 'NONE', #9018 ) ;
#12317 = CARTESIAN_POINT ( 'NONE',  ( 4.800000000000000711, -17.50000000000000000, 10.79999999999999893 ) ) ;
#12318 = CARTESIAN_POINT ( 'NONE',  ( 86.79999999999999716, -8.050000000000146372, -8.050000000000004263 ) ) ;
#12319 = VERTEX_POINT ( 'NONE', #5180 ) ;
#12320 = ORIENTED_EDGE ( 'NONE', *, *, #10626, .T. ) ;
#12321 = DIRECTION ( 'NONE',  ( -1.000000000000000000, -1.734723475976808080E-16, 0.000000000000000000 ) ) ;
#12322 = DIRECTION ( 'NONE',  ( -0.000000000000000000, -1.000000000000000000, -0.000000000000000000 ) ) ;
#12323 = EDGE_CURVE ( 'NONE', #4185, #1170, #8409, .T. ) ;
#12324 = VECTOR ( 'NONE', #12490, 1000.000000000000000 ) ;
#12325 = ORIENTED_EDGE ( 'NONE', *, *, #9525, .T. ) ;
#12326 = CARTESIAN_POINT ( 'NONE',  ( 34.80000000000000426, -19.10000000000000142, 13.79999999999999361 ) ) ;
#12327 = ORIENTED_EDGE ( 'NONE', *, *, #5742, .F. ) ;
#12328 = VECTOR ( 'NONE', #2116, 1000.000000000000000 ) ;
#12329 = ORIENTED_EDGE ( 'NONE', *, *, #4498, .F. ) ;
#12330 = VECTOR ( 'NONE', #96, 1000.000000000000000 ) ;
#12331 = CARTESIAN_POINT ( 'NONE',  ( 62.80000000000001137, -19.09999999999999787, 10.79999999999999716 ) ) ;
#12332 = CARTESIAN_POINT ( 'NONE',  ( -4.200000000000016165, -11.90000000000005187, 6.800000000000000711 ) ) ;
#12333 = DIRECTION ( 'NONE',  ( 0.000000000000000000, -1.000000000000000000, 0.000000000000000000 ) ) ;
#12334 = AXIS2_PLACEMENT_3D ( 'NONE', #5112, #431, #4307 ) ;
#12335 = CYLINDRICAL_SURFACE ( 'NONE', #5917, 11.30000000000000071 ) ;
#12336 = CIRCLE ( 'NONE', #9159, 1.000000000000000888 ) ;
#12337 = CARTESIAN_POINT ( 'NONE',  ( 72.31034039133834312, -9.668694093174865500, -17.71977196889484318 ) ) ;
#12338 = CARTESIAN_POINT ( 'NONE',  ( 35.80000000000000426, -17.50000000000000355, 37.79999999999999716 ) ) ;
#12339 = EDGE_CURVE ( 'NONE', #2206, #7858, #8246, .T. ) ;
#12340 = CIRCLE ( 'NONE', #1219, 1.000000000000000888 ) ;
#12341 = CARTESIAN_POINT ( 'NONE',  ( 2.031932299498263372, -9.555032649180359883, -17.72735518186384596 ) ) ;
#12342 = FACE_OUTER_BOUND ( 'NONE', #4767, .T. ) ;
#12343 = CARTESIAN_POINT ( 'NONE',  ( 35.80000000000000426, -17.50000000000000355, 33.79999999999999716 ) ) ;
#12344 = VECTOR ( 'NONE', #12322, 1000.000000000000000 ) ;
#12345 = LINE ( 'NONE', #3809, #1127 ) ;
#12346 = VECTOR ( 'NONE', #974, 1000.000000000000000 ) ;
#12347 = ORIENTED_EDGE ( 'NONE', *, *, #8354, .T. ) ;
#12348 = AXIS2_PLACEMENT_3D ( 'NONE', #265, #1239, #8001 ) ;
#12349 = DIRECTION ( 'NONE',  ( -1.000000000000000000, 0.000000000000000000, 0.000000000000000000 ) ) ;
#12350 = DIRECTION ( 'NONE',  ( 0.000000000000000000, -1.000000000000000000, -1.234678630588475078E-16 ) ) ;
#12351 = LINE ( 'NONE', #9074, #1744 ) ;
#12352 = ORIENTED_EDGE ( 'NONE', *, *, #7555, .T. ) ;
#12353 = CARTESIAN_POINT ( 'NONE',  ( 87.64270830251058442, -12.55784218476271441, -17.12315191781751977 ) ) ;
#12354 = LINE ( 'NONE', #7750, #7639 ) ;
#12355 = ORIENTED_EDGE ( 'NONE', *, *, #6389, .F. ) ;
#12356 = CARTESIAN_POINT ( 'NONE',  ( 62.80000000000001137, -19.09999999999999787, 38.79999999999999716 ) ) ;
#12357 = DIRECTION ( 'NONE',  ( 0.000000000000000000, 0.000000000000000000, -1.000000000000000000 ) ) ;
#12358 = ORIENTED_EDGE ( 'NONE', *, *, #11878, .F. ) ;
#12359 = CARTESIAN_POINT ( 'NONE',  ( 86.79999999999999716, -17.50000000000000000, -2.755455298081544778E-15 ) ) ;
#12360 = CARTESIAN_POINT ( 'NONE',  ( 70.20000000000001705, 11.79999999999999893, -11.50000000000000000 ) ) ;
#12361 = CARTESIAN_POINT ( 'NONE',  ( 70.60000000000000853, 15.00000000000000000, -11.50000000000000000 ) ) ;
#12362 = EDGE_LOOP ( 'NONE', ( #4989, #8265, #1731, #7331 ) ) ;
#12363 = ORIENTED_EDGE ( 'NONE', *, *, #8825, .F. ) ;
#12364 = ORIENTED_EDGE ( 'NONE', *, *, #1836, .F. ) ;
#12365 = FACE_OUTER_BOUND ( 'NONE', #4808, .T. ) ;
#12366 = CARTESIAN_POINT ( 'NONE',  ( 1.858074798838945663, -9.248208466477969125, -17.73907732486615174 ) ) ;
#12367 = AXIS2_PLACEMENT_3D ( 'NONE', #12177, #10067, #8177 ) ;
#12368 = VERTEX_POINT ( 'NONE', #3272 ) ;
#12369 = ORIENTED_EDGE ( 'NONE', *, *, #6295, .F. ) ;
#12370 = EDGE_CURVE ( 'NONE', #5077, #4185, #2382, .T. ) ;
#12371 = VECTOR ( 'NONE', #707, 1000.000000000000000 ) ;
#12372 = CARTESIAN_POINT ( 'NONE',  ( 66.40000000000000568, -11.20000000000000107, -0.7999999999999999334 ) ) ;
#12373 = VECTOR ( 'NONE', #9427, 1000.000000000000000 ) ;
#12374 = DIRECTION ( 'NONE',  ( -0.000000000000000000, 0.000000000000000000, 1.000000000000000000 ) ) ;
#12375 = DIRECTION ( 'NONE',  ( 0.000000000000000000, -1.055278234055558625E-16, 1.000000000000000000 ) ) ;
#12376 = EDGE_CURVE ( 'NONE', #4243, #3602, #10107, .T. ) ;
#12377 = CARTESIAN_POINT ( 'NONE',  ( 70.60000632769036599, -14.30343153187113359, -15.82554177794881767 ) ) ;
#12378 = ORIENTED_EDGE ( 'NONE', *, *, #1814, .F. ) ;
#12379 = VERTEX_POINT ( 'NONE', #9100 ) ;
#12380 = CARTESIAN_POINT ( 'NONE',  ( 3.136338585949981272, -12.89939836674902018, -16.99032087624390996 ) ) ;
#12381 = CARTESIAN_POINT ( 'NONE',  ( -1.239354718059980875, -13.33014854763583656, -16.80124226760502282 ) ) ;
#12382 = LINE ( 'NONE', #70, #1167 ) ;
#12383 = DIRECTION ( 'NONE',  ( 0.000000000000000000, 0.7071067811865484609, -0.7071067811865466846 ) ) ;
#12384 = EDGE_CURVE ( 'NONE', #4701, #3223, #3287, .T. ) ;
#12385 = CARTESIAN_POINT ( 'NONE',  ( 19.00677727426997166, -9.494633136679889063, -0.2000000000000013989 ) ) ;
#12386 = VERTEX_POINT ( 'NONE', #5220 ) ;
#12387 = CARTESIAN_POINT ( 'NONE',  ( 4.800000000000000711, -19.10000000000000142, 9.799999999999997158 ) ) ;
#12388 = EDGE_CURVE ( 'NONE', #8285, #8503, #5211, .T. ) ;
#12389 = VERTEX_POINT ( 'NONE', #11350 ) ;
#12390 = ORIENTED_EDGE ( 'NONE', *, *, #8301, .T. ) ;
#12391 = EDGE_CURVE ( 'NONE', #10455, #11556, #12063, .T. ) ;
#12392 = ORIENTED_EDGE ( 'NONE', *, *, #8448, .T. ) ;
#12393 = LINE ( 'NONE', #5670, #9818 ) ;
#12394 = CARTESIAN_POINT ( 'NONE',  ( 35.80000000000000426, -17.50000000000000000, 24.79999999999999716 ) ) ;
#12395 = CIRCLE ( 'NONE', #5493, 1.000000000000000888 ) ;
#12396 = CARTESIAN_POINT ( 'NONE',  ( 56.39999999999999858, -11.20000000000000462, -0.7999999999999999334 ) ) ;
#12397 = CARTESIAN_POINT ( 'NONE',  ( 72.31998921238492528, -9.649825469296363423, -17.72035492120292943 ) ) ;
#12398 = CARTESIAN_POINT ( 'NONE',  ( 32.80000000000000426, -17.50000000000000000, 25.80000000000000071 ) ) ;
#12399 = DIRECTION ( 'NONE',  ( 1.000000000000000000, 0.000000000000000000, -0.000000000000000000 ) ) ;
#12400 = ORIENTED_EDGE ( 'NONE', *, *, #11635, .F. ) ;
#12401 = LINE ( 'NONE', #3727, #3322 ) ;
#12402 = AXIS2_PLACEMENT_3D ( 'NONE', #8426, #5536, #9459 ) ;
#12403 = LINE ( 'NONE', #3363, #5403 ) ;
#12404 = CARTESIAN_POINT ( 'NONE',  ( -1.800000000000000266, -3.045900930049277200, 19.89936534720461481 ) ) ;
#12405 = EDGE_CURVE ( 'NONE', #1632, #10624, #545, .T. ) ;
#12406 = CARTESIAN_POINT ( 'NONE',  ( 2.059527454330810414, -9.764031642113517151, -17.71794484396633962 ) ) ;
#12407 = ORIENTED_EDGE ( 'NONE', *, *, #2023, .F. ) ;
#12408 = AXIS2_PLACEMENT_3D ( 'NONE', #6639, #173, #8524 ) ;
#12409 = CARTESIAN_POINT ( 'NONE',  ( -1.799999999999996048, 11.80000000000007709, -0.2000000000000000389 ) ) ;
#12410 = LINE ( 'NONE', #4811, #5563 ) ;
#12411 = DIRECTION ( 'NONE',  ( -1.000000000000000000, 0.000000000000000000, 0.000000000000000000 ) ) ;
#12412 = PLANE ( 'NONE',  #3643 ) ;
#12413 = CARTESIAN_POINT ( 'NONE',  ( -1.800000000000000266, -9.500000000000001776, 4.799999999999998934 ) ) ;
#12414 = ADVANCED_FACE ( 'NONE', ( #3714 ), #10860, .F. ) ;
#12415 = ORIENTED_EDGE ( 'NONE', *, *, #9732, .F. ) ;
#12416 = VECTOR ( 'NONE', #10845, 1000.000000000000000 ) ;
#12417 = CARTESIAN_POINT ( 'NONE',  ( 71.96861409715073421, -10.35033533290996921, -17.63864607138570406 ) ) ;
#12418 = ORIENTED_EDGE ( 'NONE', *, *, #10508, .T. ) ;
#12419 = DIRECTION ( 'NONE',  ( 0.000000000000000000, 0.000000000000000000, -1.000000000000000000 ) ) ;
#12420 = AXIS2_PLACEMENT_3D ( 'NONE', #5145, #7141, #11145 ) ;
#12421 = CARTESIAN_POINT ( 'NONE',  ( -1.377262523517335469, -14.17526892150245743, -16.35679618156494186 ) ) ;
#12422 = CARTESIAN_POINT ( 'NONE',  ( -0.2000000000000000111, -9.500000000000001776, 14.80000000000000071 ) ) ;
#12423 = ORIENTED_EDGE ( 'NONE', *, *, #7915, .F. ) ;
#12424 = VERTEX_POINT ( 'NONE', #6156 ) ;
#12425 = CYLINDRICAL_SURFACE ( 'NONE', #5254, 1.000000000000000888 ) ;
#12426 = CARTESIAN_POINT ( 'NONE',  ( -1.799993672309639026, -14.30343153187114247, -15.82554177794882833 ) ) ;
#12427 = ORIENTED_EDGE ( 'NONE', *, *, #3679, .T. ) ;
#12428 = CARTESIAN_POINT ( 'NONE',  ( 66.40000000000000568, -11.20000000000000107, -1.800000000000000044 ) ) ;
#12429 = EDGE_LOOP ( 'NONE', ( #5905, #8277, #7364, #7384 ) ) ;
#12430 = LINE ( 'NONE', #19, #5587 ) ;
#12431 = AXIS2_PLACEMENT_3D ( 'NONE', #709, #5551, #12399 ) ;
#12432 = LINE ( 'NONE', #2893, #8468 ) ;
#12433 = CARTESIAN_POINT ( 'NONE',  ( 70.20000000000001705, 9.254415587728425763, -15.17695526217005941 ) ) ;
#12434 = LINE ( 'NONE', #9986, #7868 ) ;
#12435 = CARTESIAN_POINT ( 'NONE',  ( 2.199999999999993516, -10.30000000000001847, 56.79999999999999716 ) ) ;
#12436 = EDGE_LOOP ( 'NONE', ( #8323, #2878, #8337, #6189 ) ) ;
#12437 = ORIENTED_EDGE ( 'NONE', *, *, #11380, .F. ) ;
#12438 = LINE ( 'NONE', #7104, #3780 ) ;
#12439 = CARTESIAN_POINT ( 'NONE',  ( 72.34271760442172194, -9.758221609116441542, -17.71845256234710675 ) ) ;
#12440 = DIRECTION ( 'NONE',  ( 0.000000000000000000, 0.000000000000000000, -1.000000000000000000 ) ) ;
#12441 = DIRECTION ( 'NONE',  ( 0.000000000000000000, -1.000000000000000000, 0.000000000000000000 ) ) ;
#12442 = VERTEX_POINT ( 'NONE', #12292 ) ;
#12443 = VECTOR ( 'NONE', #5459, 1000.000000000000000 ) ;
#12444 = DIRECTION ( 'NONE',  ( 1.000000000000000000, 0.000000000000000000, 0.000000000000000000 ) ) ;
#12445 = CARTESIAN_POINT ( 'NONE',  ( -1.800000000000000266, -0.09999999999999982514, 1.600000000000000089 ) ) ;
#12446 = CARTESIAN_POINT ( 'NONE',  ( 71.33092285563878931, -11.71614608346872899, -17.28590635498078498 ) ) ;
#12447 = CARTESIAN_POINT ( 'NONE',  ( 88.00000000000001421, -14.62770798392567251, -16.07333333333332348 ) ) ;
#12448 = EDGE_CURVE ( 'NONE', #11990, #476, #6460, .T. ) ;
#12449 = EDGE_CURVE ( 'NONE', #5175, #10228, #11157, .T. ) ;
#12450 = EDGE_LOOP ( 'NONE', ( #5872, #11207, #2614, #2559 ) ) ;
#12451 = CARTESIAN_POINT ( 'NONE',  ( 2.694080828065734678, -11.46753058865068020, -17.45643793749767170 ) ) ;
#12452 = ORIENTED_EDGE ( 'NONE', *, *, #10338, .F. ) ;
#12453 = DIRECTION ( 'NONE',  ( 3.469446951953613696E-16, -1.000000000000000000, 0.000000000000000000 ) ) ;
#12454 = CARTESIAN_POINT ( 'NONE',  ( 3.599228439715256300, -13.16106248384336297, -16.61342045926666344 ) ) ;
#12455 = ORIENTED_EDGE ( 'NONE', *, *, #6283, .F. ) ;
#12456 = ORIENTED_EDGE ( 'NONE', *, *, #6199, .F. ) ;
#12457 = CARTESIAN_POINT ( 'NONE',  ( 71.11035694045860112, -12.25113714114675645, -17.07605494914357536 ) ) ;
#12458 = EDGE_CURVE ( 'NONE', #6110, #8154, #9167, .T. ) ;
#12459 = ORIENTED_EDGE ( 'NONE', *, *, #909, .F. ) ;
#12460 = ADVANCED_FACE ( 'NONE', ( #12365 ), #1312, .F. ) ;
#12461 = EDGE_CURVE ( 'NONE', #12379, #8439, #1153, .T. ) ;
#12462 = CARTESIAN_POINT ( 'NONE',  ( 1.823218685862763477, -9.159243671536867026, -17.73986857402575268 ) ) ;
#12463 = ORIENTED_EDGE ( 'NONE', *, *, #7752, .T. ) ;
#12464 = EDGE_CURVE ( 'NONE', #6223, #728, #8563, .T. ) ;
#12465 = CIRCLE ( 'NONE', #5162, 1.000000000000000888 ) ;
#12466 = DIRECTION ( 'NONE',  ( 0.7071067811865389130, -0.000000000000000000, 0.7071067811865561215 ) ) ;
#12467 = EDGE_CURVE ( 'NONE', #8706, #4871, #6005, .T. ) ;
#12468 = EDGE_LOOP ( 'NONE', ( #4645, #7006, #7655, #11711 ) ) ;
#12469 = CARTESIAN_POINT ( 'NONE',  ( -1.506936922940550483, -12.85754146025436739, -16.78284577622155993 ) ) ;
#12470 = ORIENTED_EDGE ( 'NONE', *, *, #3787, .F. ) ;
#12471 = CARTESIAN_POINT ( 'NONE',  ( 31.80000000000000071, -19.10000000000000142, 17.80000000000000071 ) ) ;
#12472 = DIRECTION ( 'NONE',  ( 1.000000000000000000, 0.000000000000000000, 0.000000000000000000 ) ) ;
#12473 = CARTESIAN_POINT ( 'NONE',  ( 62.80000000000001137, -19.10000000000000142, 9.799999999999995381 ) ) ;
#12474 = ORIENTED_EDGE ( 'NONE', *, *, #11937, .F. ) ;
#12475 = CYLINDRICAL_SURFACE ( 'NONE', #9247, 1.000000000000000888 ) ;
#12476 = ADVANCED_FACE ( 'NONE', ( #11304 ), #830, .F. ) ;
#12477 = DIRECTION ( 'NONE',  ( 1.000000000000000000, -0.000000000000000000, -0.000000000000000000 ) ) ;
#12478 = DIRECTION ( 'NONE',  ( 0.000000000000000000, 1.000000000000000000, -0.000000000000000000 ) ) ;
#12479 = ORIENTED_EDGE ( 'NONE', *, *, #3537, .F. ) ;
#12480 = EDGE_CURVE ( 'NONE', #11756, #3296, #2082, .T. ) ;
#12481 = EDGE_CURVE ( 'NONE', #480, #3015, #6608, .T. ) ;
#12482 = CARTESIAN_POINT ( 'NONE',  ( 72.42838494729214460, -9.436554157192704295, -17.73262385650644291 ) ) ;
#12483 = DIRECTION ( 'NONE',  ( 0.000000000000000000, -1.000000000000000000, 0.000000000000000000 ) ) ;
#12484 = AXIS2_PLACEMENT_3D ( 'NONE', #10893, #4125, #8074 ) ;
#12485 = ORIENTED_EDGE ( 'NONE', *, *, #3101, .F. ) ;
#12486 = LINE ( 'NONE', #10775, #10516 ) ;
#12487 = VERTEX_POINT ( 'NONE', #1561 ) ;
#12488 = VERTEX_POINT ( 'NONE', #6475 ) ;
#12489 = LINE ( 'NONE', #2010, #6564 ) ;
#12490 = DIRECTION ( 'NONE',  ( -0.000000000000000000, 1.000000000000000000, -0.000000000000000000 ) ) ;
#12491 = ORIENTED_EDGE ( 'NONE', *, *, #9454, .T. ) ;
#12492 = DIRECTION ( 'NONE',  ( 0.000000000000000000, -1.000000000000000000, -1.234678630588475078E-16 ) ) ;
#12493 = DIRECTION ( 'NONE',  ( 0.000000000000000000, 1.000000000000000000, 0.000000000000000000 ) ) ;
#12494 = DIRECTION ( 'NONE',  ( -1.000000000000000000, -0.000000000000000000, -0.000000000000000000 ) ) ;
#12495 = CARTESIAN_POINT ( 'NONE',  ( 3.800000000000001155, -19.10000000000000142, 45.79999999999999716 ) ) ;
#12496 = CARTESIAN_POINT ( 'NONE',  ( 3.473843809426662155, -12.75754425267011705, -16.83517567460865294 ) ) ;
#12497 = CARTESIAN_POINT ( 'NONE',  ( 70.40000000000000568, -0.1000000000000002415, 57.79999999999999716 ) ) ;
#12498 = VECTOR ( 'NONE', #9799, 1000.000000000000000 ) ;
#12499 = CARTESIAN_POINT ( 'NONE',  ( 71.22029494606327660, -13.07142685129933213, -16.91778255998684699 ) ) ;
#12500 = DIRECTION ( 'NONE',  ( 0.000000000000000000, 1.000000000000000000, 0.000000000000000000 ) ) ;
#12501 = FACE_OUTER_BOUND ( 'NONE', #10429, .T. ) ;
#12502 = EDGE_CURVE ( 'NONE', #3295, #3129, #8724, .T. ) ;
#12503 = LINE ( 'NONE', #425, #9315 ) ;
#12504 = ORIENTED_EDGE ( 'NONE', *, *, #10692, .F. ) ;
#12505 = DIRECTION ( 'NONE',  ( -0.000000000000000000, -0.000000000000000000, 1.000000000000000000 ) ) ;
#12506 = DIRECTION ( 'NONE',  ( -0.000000000000000000, -1.000000000000000000, -0.000000000000000000 ) ) ;
#12507 = ADVANCED_FACE ( 'NONE', ( #4918 ), #5390, .F. ) ;
#12508 = CARTESIAN_POINT ( 'NONE',  ( -0.1342061132773533505, -9.756835882101363211, -17.71188160625120034 ) ) ;
#12509 = CARTESIAN_POINT ( 'NONE',  ( -1.121286932242060663, -12.84202812039211317, -17.01367441625529864 ) ) ;
#12510 = ORIENTED_EDGE ( 'NONE', *, *, #11237, .F. ) ;
#12511 = FACE_OUTER_BOUND ( 'NONE', #338, .T. ) ;
#12512 = DIRECTION ( 'NONE',  ( 1.000000000000000000, 0.000000000000000000, -0.000000000000000000 ) ) ;
#12513 = VECTOR ( 'NONE', #10403, 1000.000000000000000 ) ;
#12514 = AXIS2_PLACEMENT_3D ( 'NONE', #8033, #11019, #8971 ) ;
#12515 = ORIENTED_EDGE ( 'NONE', *, *, #2671, .F. ) ;
#12516 = DIRECTION ( 'NONE',  ( 1.000000000000000000, 0.000000000000000000, 0.000000000000000000 ) ) ;
#12517 = ORIENTED_EDGE ( 'NONE', *, *, #3610, .F. ) ;
#12518 = CARTESIAN_POINT ( 'NONE',  ( 31.80000000000000071, -19.10000000000000142, 29.80000000000000071 ) ) ;
#12519 = FACE_BOUND ( 'NONE', #11957, .T. ) ;
#12520 = EDGE_CURVE ( 'NONE', #10667, #4626, #6166, .T. ) ;
#12521 = PLANE ( 'NONE',  #9824 ) ;
#12522 = CARTESIAN_POINT ( 'NONE',  ( -1.800000000000000266, -9.500000000000001776, 14.80000000000000071 ) ) ;
#12523 = EDGE_CURVE ( 'NONE', #2977, #2107, #9480, .T. ) ;
#12524 = DIRECTION ( 'NONE',  ( 0.000000000000000000, 0.000000000000000000, -1.000000000000000000 ) ) ;
#12525 = DIRECTION ( 'NONE',  ( -0.000000000000000000, 1.000000000000000000, 3.001251688541188813E-16 ) ) ;
#12526 = ADVANCED_FACE ( 'NONE', ( #3435 ), #11767, .F. ) ;
#12527 = ORIENTED_EDGE ( 'NONE', *, *, #9069, .F. ) ;
#12528 = EDGE_LOOP ( 'NONE', ( #5528, #496, #689, #1402 ) ) ;
#12529 = EDGE_LOOP ( 'NONE', ( #12020, #3462, #5296, #578 ) ) ;
#12530 = DIRECTION ( 'NONE',  ( 0.000000000000000000, 0.000000000000000000, -1.000000000000000000 ) ) ;
#12531 = LINE ( 'NONE', #3115, #9962 ) ;
#12532 = VECTOR ( 'NONE', #1721, 1000.000000000000000 ) ;
#12533 = ORIENTED_EDGE ( 'NONE', *, *, #362, .T. ) ;
#12534 = CARTESIAN_POINT ( 'NONE',  ( 1.937628442561689424, -9.451437545989797684, -17.73382352320887279 ) ) ;
#12535 = AXIS2_PLACEMENT_3D ( 'NONE', #8643, #8501, #4696 ) ;
#12536 = ORIENTED_EDGE ( 'NONE', *, *, #9542, .F. ) ;
#12537 = ORIENTED_EDGE ( 'NONE', *, *, #11491, .T. ) ;
#12538 = EDGE_CURVE ( 'NONE', #11337, #5103, #6923, .T. ) ;
#12539 = DIRECTION ( 'NONE',  ( 0.000000000000000000, -1.000000000000000000, -1.426581805901977663E-16 ) ) ;
#12540 = VERTEX_POINT ( 'NONE', #1726 ) ;
#12541 = CARTESIAN_POINT ( 'NONE',  ( 81.00000000000000000, 7.353738136766379441, 0.7160040702168346538 ) ) ;
#12542 = CARTESIAN_POINT ( 'NONE',  ( 62.80000000000001137, -17.50000000000000000, 18.79999999999999361 ) ) ;
#12543 = EDGE_LOOP ( 'NONE', ( #7411, #4404, #4106, #11319 ) ) ;
#12544 = ADVANCED_FACE ( 'NONE', ( #8115 ), #9434, .F. ) ;
#12545 = EDGE_CURVE ( 'NONE', #5549, #5342, #994, .T. ) ;
#12546 = CARTESIAN_POINT ( 'NONE',  ( -0.000000000000000000, -13.40000000000001101, -0.7999999999999999334 ) ) ;
#12547 = VECTOR ( 'NONE', #4439, 1000.000000000000000 ) ;
#12548 = DIRECTION ( 'NONE',  ( 0.000000000000000000, 0.000000000000000000, 1.000000000000000000 ) ) ;
#12549 = LINE ( 'NONE', #10808, #2259 ) ;
#12550 = DIRECTION ( 'NONE',  ( 0.000000000000000000, -1.084202172485503448E-16, 1.000000000000000000 ) ) ;
#12551 = LINE ( 'NONE', #6226, #576 ) ;
#12552 = CARTESIAN_POINT ( 'NONE',  ( -0.1198815312039391567, -9.919632242495453056, -17.70643667523032860 ) ) ;
#12553 = CARTESIAN_POINT ( 'NONE',  ( 150.7570364914818697, -18.70000000000001350, 57.79999999999999716 ) ) ;
#12554 = ORIENTED_EDGE ( 'NONE', *, *, #5529, .F. ) ;
#12555 = ORIENTED_EDGE ( 'NONE', *, *, #232, .F. ) ;
#12556 = VERTEX_POINT ( 'NONE', #1781 ) ;
#12557 = CARTESIAN_POINT ( 'NONE',  ( -1.028545493895017593, -11.62254443604751941, -17.31868327856889778 ) ) ;
#12558 = CARTESIAN_POINT ( 'NONE',  ( 0.1071199177475291170, -9.337058635042147614, -17.73736509961751295 ) ) ;
#12559 = ORIENTED_EDGE ( 'NONE', *, *, #12323, .T. ) ;
#12560 = DIRECTION ( 'NONE',  ( 1.000000000000000000, 0.000000000000000000, 0.000000000000000000 ) ) ;
#12561 = CARTESIAN_POINT ( 'NONE',  ( 70.86380037889220773, -12.94882415105874962, -16.73377862410459826 ) ) ;
#12562 = CIRCLE ( 'NONE', #4196, 1.000000000000000888 ) ;
#12563 = DIRECTION ( 'NONE',  ( 1.000000000000000000, 0.000000000000000000, -0.000000000000000000 ) ) ;
#12564 = ORIENTED_EDGE ( 'NONE', *, *, #11897, .T. ) ;
#12565 = PLANE ( 'NONE',  #18 ) ;
#12566 = AXIS2_PLACEMENT_3D ( 'NONE', #8982, #1113, #3945 ) ;
#12567 = DIRECTION ( 'NONE',  ( -0.000000000000000000, 0.000000000000000000, 1.000000000000000000 ) ) ;
#12568 = CARTESIAN_POINT ( 'NONE',  ( 35.80000000000000426, -19.10000000000000142, 17.79999999999999361 ) ) ;
#12569 = EDGE_CURVE ( 'NONE', #728, #6058, #3138, .T. ) ;
#12570 = CIRCLE ( 'NONE', #4203, 1.000000000000000888 ) ;
ENDSEC;
END-ISO-10303-21;
