ISO-10303-21;
HEADER;
FILE_DESCRIPTION (( 'STEP AP214' ),
    '1' );
FILE_NAME ('case_bottom_main.STEP',
    '2026-09-20T11:09:24',
    ( '' ),
    ( '' ),
    'SwSTEP 2.0',
    'SolidWorks 2018',
    '' );
FILE_SCHEMA (( 'AUTOMOTIVE_DESIGN' ));
ENDSEC;

DATA;
#1 = AXIS2_PLACEMENT_3D ( 'NONE', #8227, #8194, #6672 ) ;
#2 = CARTESIAN_POINT ( 'NONE',  ( 70.60000000000000853, 16.36070170039655025, -15.73999999999999666 ) ) ;
#3 = VERTEX_POINT ( 'NONE', #8295 ) ;
#4 = PLANE ( 'NONE',  #9919 ) ;
#5 = CARTESIAN_POINT ( 'NONE',  ( 56.44847300944005042, -18.84968806059907820, 43.78582325591871438 ) ) ;
#6 = CARTESIAN_POINT ( 'NONE',  ( 84.20000000000001705, 18.00000000000000000, -11.53999999999999559 ) ) ;
#7 = VECTOR ( 'NONE', #9434, 1000.000000000000000 ) ;
#8 = ORIENTED_EDGE ( 'NONE', *, *, #8890, .F. ) ;
#9 = FACE_OUTER_BOUND ( 'NONE', #936, .T. ) ;
#10 = LINE ( 'NONE', #3424, #5812 ) ;
#11 = VECTOR ( 'NONE', #8279, 1000.000000000000114 ) ;
#12 = ORIENTED_EDGE ( 'NONE', *, *, #4566, .T. ) ;
#13 = CARTESIAN_POINT ( 'NONE',  ( 3.002519267181582574, -12.41952257623927025, -17.17328757399148031 ) ) ;
#14 = AXIS2_PLACEMENT_3D ( 'NONE', #6603, #1904, #7371 ) ;
#15 = ORIENTED_EDGE ( 'NONE', *, *, #379, .F. ) ;
#16 = CYLINDRICAL_SURFACE ( 'NONE', #1329, 2.000000000000001776 ) ;
#17 = CARTESIAN_POINT ( 'NONE',  ( 42.67288375202225836, -19.10000000000001208, 35.89974000703295332 ) ) ;
#18 = VECTOR ( 'NONE', #6541, 1000.000000000000000 ) ;
#19 = EDGE_CURVE ( 'NONE', #2889, #5747, #3770, .T. ) ;
#20 = EDGE_CURVE ( 'NONE', #2393, #7677, #3431, .T. ) ;
#21 = DIRECTION ( 'NONE',  ( 0.000000000000000000, 0.000000000000000000, -1.000000000000000000 ) ) ;
#22 = CARTESIAN_POINT ( 'NONE',  ( 150.7570364914818697, -17.50000000000000711, 56.20000000000000284 ) ) ;
#23 = PLANE ( 'NONE',  #4430 ) ;
#24 = VERTEX_POINT ( 'NONE', #4393 ) ;
#25 = VECTOR ( 'NONE', #1565, 1000.000000000000000 ) ;
#26 = ORIENTED_EDGE ( 'NONE', *, *, #1693, .T. ) ;
#27 = ORIENTED_EDGE ( 'NONE', *, *, #5033, .T. ) ;
#28 = CARTESIAN_POINT ( 'NONE',  ( -0.2000000000000000111, -9.500000000000001776, 40.80000000000000426 ) ) ;
#29 = CARTESIAN_POINT ( 'NONE',  ( 31.80000000000000071, -19.10000000000000142, 4.799999999999999822 ) ) ;
#30 = CARTESIAN_POINT ( 'NONE',  ( 42.79453501539407512, -19.10000000000000497, 29.59306315281794042 ) ) ;
#31 = ADVANCED_FACE ( 'NONE', ( #5956 ), #300, .T. ) ;
#32 = CARTESIAN_POINT ( 'NONE',  ( 86.65119256128139114, -9.593038064929364950, -17.72421620602956693 ) ) ;
#33 = DIRECTION ( 'NONE',  ( -0.000000000000000000, 1.000000000000000000, -0.000000000000000000 ) ) ;
#34 = CARTESIAN_POINT ( 'NONE',  ( 87.85919471909519984, -13.41983049786703397, -16.75977862537088825 ) ) ;
#35 = CARTESIAN_POINT ( 'NONE',  ( 38.73898269447337839, -18.70000000000000284, 23.84045455704950456 ) ) ;
#36 = LINE ( 'NONE', #9245, #7634 ) ;
#37 = ORIENTED_EDGE ( 'NONE', *, *, #7293, .T. ) ;
#38 = CARTESIAN_POINT ( 'NONE',  ( -0.2000000000000000111, -1.649999999999729017, 12.27259155458886397 ) ) ;
#39 = AXIS2_PLACEMENT_3D ( 'NONE', #8662, #3193, #7113 ) ;
#40 = EDGE_CURVE ( 'NONE', #6446, #6986, #8815, .T. ) ;
#41 = VERTEX_POINT ( 'NONE', #1351 ) ;
#42 = ORIENTED_EDGE ( 'NONE', *, *, #9070, .T. ) ;
#43 = FACE_OUTER_BOUND ( 'NONE', #1725, .T. ) ;
#44 = CARTESIAN_POINT ( 'NONE',  ( 3.799999999999999822, -14.40659966456860275, -15.74000000000000377 ) ) ;
#45 = CARTESIAN_POINT ( 'NONE',  ( 87.39999999999999147, -17.50000000000000355, 21.29999999999972360 ) ) ;
#46 = DIRECTION ( 'NONE',  ( -0.7071067811865489050, 0.7071067811865461294, 0.000000000000000000 ) ) ;
#47 = CARTESIAN_POINT ( 'NONE',  ( -1.121286932242060663, -12.84202812039211317, -17.01367441625529864 ) ) ;
#48 = CARTESIAN_POINT ( 'NONE',  ( -1.799999999999999378, -3.200000000000001510, -1.800000000000000044 ) ) ;
#49 = EDGE_CURVE ( 'NONE', #8767, #7335, #8617, .T. ) ;
#50 = LINE ( 'NONE', #9316, #7788 ) ;
#51 = VERTEX_POINT ( 'NONE', #2868 ) ;
#52 = LINE ( 'NONE', #58, #3298 ) ;
#53 = EDGE_LOOP ( 'NONE', ( #1141, #2400, #8620, #7477 ) ) ;
#54 = APPLICATION_CONTEXT ( 'automotive_design' ) ;
#55 = CARTESIAN_POINT ( 'NONE',  ( -1.800000000000000266, -9.500000000000001776, 18.80000000000000071 ) ) ;
#56 = VERTEX_POINT ( 'NONE', #9108 ) ;
#57 = PLANE ( 'NONE',  #9665 ) ;
#58 = CARTESIAN_POINT ( 'NONE',  ( -1.800000000000000266, -9.500000000000001776, 4.799999999999998934 ) ) ;
#59 = CARTESIAN_POINT ( 'NONE',  ( 62.80000000000001137, -19.09999999999999787, 13.79999999999999716 ) ) ;
#60 = ORIENTED_EDGE ( 'NONE', *, *, #1940, .F. ) ;
#61 = ORIENTED_EDGE ( 'NONE', *, *, #1570, .T. ) ;
#62 = CIRCLE ( 'NONE', #828, 2.799999999999997158 ) ;
#63 = EDGE_CURVE ( 'NONE', #9843, #7234, #4490, .T. ) ;
#64 = CARTESIAN_POINT ( 'NONE',  ( -1.800000000000000266, -17.50000000000000000, 44.79999999999999716 ) ) ;
#65 = CARTESIAN_POINT ( 'NONE',  ( 86.98500546548554269, -10.25667720550236517, -17.65343092456667762 ) ) ;
#66 = PLANE ( 'NONE',  #6804 ) ;
#67 = VECTOR ( 'NONE', #1303, 1000.000000000000000 ) ;
#68 = ORIENTED_EDGE ( 'NONE', *, *, #9886, .F. ) ;
#69 = EDGE_LOOP ( 'NONE', ( #9563, #3881, #424, #5780 ) ) ;
#70 = CIRCLE ( 'NONE', #310, 15.34646838723641160 ) ;
#71 = VERTEX_POINT ( 'NONE', #1228 ) ;
#72 = DIRECTION ( 'NONE',  ( -0.7071067811865440200, -0.7071067811865511255, 0.000000000000000000 ) ) ;
#73 = DIRECTION ( 'NONE',  ( -0.000000000000000000, 0.000000000000000000, 1.000000000000000000 ) ) ;
#74 = CARTESIAN_POINT ( 'NONE',  ( 0.03087373300888979905, -9.431665903878450052, -17.73283663797293030 ) ) ;
#75 = AXIS2_PLACEMENT_3D ( 'NONE', #1101, #7399, #8920 ) ;
#76 = CARTESIAN_POINT ( 'NONE',  ( -0.7712923952982378983, -11.68979180903756365, -17.40183614883711627 ) ) ;
#77 = LINE ( 'NONE', #6616, #6725 ) ;
#78 = VERTEX_POINT ( 'NONE', #9821 ) ;
#79 = ORIENTED_EDGE ( 'NONE', *, *, #2298, .T. ) ;
#80 = CARTESIAN_POINT ( 'NONE',  ( 70.60000000000000853, 11.79999999999999716, -9.350000000000001421 ) ) ;
#81 = EDGE_CURVE ( 'NONE', #8502, #2082, #2926, .T. ) ;
#82 = EDGE_CURVE ( 'NONE', #24, #9747, #2405, .T. ) ;
#83 = ORIENTED_EDGE ( 'NONE', *, *, #8360, .T. ) ;
#84 = ADVANCED_FACE ( 'NONE', ( #4378 ), #3043, .T. ) ;
#85 = EDGE_LOOP ( 'NONE', ( #5322, #4303, #9018, #1760 ) ) ;
#86 = CARTESIAN_POINT ( 'NONE',  ( 3.259194719029865794, -13.41983049749187273, -16.75977862554453068 ) ) ;
#87 = VERTEX_POINT ( 'NONE', #1317 ) ;
#88 = DIRECTION ( 'NONE',  ( 0.000000000000000000, 1.000000000000000000, 0.000000000000000000 ) ) ;
#89 = CARTESIAN_POINT ( 'NONE',  ( -1.415906012305577777, -12.58891131607817648, -16.92055843299003115 ) ) ;
#90 = DIRECTION ( 'NONE',  ( -1.000000000000000000, 0.000000000000000000, -0.000000000000000000 ) ) ;
#91 = ORIENTED_EDGE ( 'NONE', *, *, #2581, .T. ) ;
#92 = DIRECTION ( 'NONE',  ( 0.7071067811865465735, -0.000000000000000000, 0.7071067811865484609 ) ) ;
#93 = ORIENTED_EDGE ( 'NONE', *, *, #1695, .T. ) ;
#94 = AXIS2_PLACEMENT_3D ( 'NONE', #6337, #3913, #4764 ) ;
#95 = FACE_OUTER_BOUND ( 'NONE', #3274, .T. ) ;
#96 = ORIENTED_EDGE ( 'NONE', *, *, #5695, .T. ) ;
#97 = ADVANCED_FACE ( 'NONE', ( #665 ), #4004, .F. ) ;
#98 = EDGE_CURVE ( 'NONE', #5271, #7069, #4251, .T. ) ;
#99 = ORIENTED_EDGE ( 'NONE', *, *, #6869, .T. ) ;
#100 = CARTESIAN_POINT ( 'NONE',  ( -1.800000000000000266, -9.500000000000001776, 44.79999999999999716 ) ) ;
#101 = CARTESIAN_POINT ( 'NONE',  ( -0.4652603329706335167, -10.41945132030047461, -17.62613510339719625 ) ) ;
#102 = ORIENTED_EDGE ( 'NONE', *, *, #8444, .F. ) ;
#103 = EDGE_LOOP ( 'NONE', ( #7959, #178, #692, #6866 ) ) ;
#104 = DIRECTION ( 'NONE',  ( -1.000000000000000000, 0.000000000000000000, 0.000000000000000000 ) ) ;
#105 = DIRECTION ( 'NONE',  ( -0.000000000000000000, 1.000000000000000000, 3.001251688541188813E-16 ) ) ;
#106 = ORIENTED_EDGE ( 'NONE', *, *, #2569, .F. ) ;
#107 = LINE ( 'NONE', #8588, #4053 ) ;
#108 = EDGE_CURVE ( 'NONE', #4738, #933, #8749, .T. ) ;
#109 = DIRECTION ( 'NONE',  ( 0.000000000000000000, 0.000000000000000000, -1.000000000000000000 ) ) ;
#110 = EDGE_CURVE ( 'NONE', #6839, #242, #7297, .T. ) ;
#111 = VERTEX_POINT ( 'NONE', #5351 ) ;
#112 = ORIENTED_EDGE ( 'NONE', *, *, #3725, .T. ) ;
#113 = AXIS2_PLACEMENT_3D ( 'NONE', #7688, #3055, #5460 ) ;
#114 = DIRECTION ( 'NONE',  ( 0.000000000000000000, 1.000000000000000000, 0.000000000000000000 ) ) ;
#115 = VECTOR ( 'NONE', #5701, 1000.000000000000114 ) ;
#116 = CARTESIAN_POINT ( 'NONE',  ( -1.399994937847697907, -14.52024117903244083, -16.14461814829068942 ) ) ;
#117 = DIRECTION ( 'NONE',  ( 1.000000000000000000, 0.000000000000000000, 0.000000000000000000 ) ) ;
#118 = CIRCLE ( 'NONE', #411, 2.149999999999999023 ) ;
#119 = B_SPLINE_CURVE_WITH_KNOTS ( 'NONE', 3,
 ( #5088, #1885, #6657, #7354 ),
 .UNSPECIFIED., .F., .F.,
 ( 4, 4 ),
 ( 0.000000000000000000, 0.002931721312021520580 ),
 .UNSPECIFIED. ) ;
#120 = CARTESIAN_POINT ( 'NONE',  ( 3.257963120747440211, -13.41425517559634351, -16.76235745745504602 ) ) ;
#121 = ORIENTED_EDGE ( 'NONE', *, *, #7861, .T. ) ;
#122 = DIRECTION ( 'NONE',  ( 0.000000000000000000, -1.234678630588475078E-16, 1.000000000000000000 ) ) ;
#124 = EDGE_CURVE ( 'NONE', #2673, #671, #50, .T. ) ;
#123 = PLANE ( 'NONE',  #8161 ) ;
#125 = VECTOR ( 'NONE', #5410, 1000.000000000000000 ) ;
#126 = CARTESIAN_POINT ( 'NONE',  ( -1.800000000000000266, -17.50000000000000000, 10.79999999999999716 ) ) ;
#127 = CARTESIAN_POINT ( 'NONE',  ( 88.40000000000000568, -18.50000000000001776, -2.284155466588681112E-15 ) ) ;
#128 = ORIENTED_EDGE ( 'NONE', *, *, #8322, .T. ) ;
#129 = LINE ( 'NONE', #8043, #6150 ) ;
#130 = CONICAL_SURFACE ( 'NONE', #5533, 9.599999999999992539, 0.7853981633974439491 ) ;
#131 = VECTOR ( 'NONE', #8473, 1000.000000000000000 ) ;
#132 = CARTESIAN_POINT ( 'NONE',  ( -1.800000000000000266, -9.500000000000001776, 20.80000000000000071 ) ) ;
#133 = ADVANCED_FACE ( 'NONE', ( #1291 ), #3083, .T. ) ;
#134 = CARTESIAN_POINT ( 'NONE',  ( 86.53545577340506156, -9.365528064872728820, -17.73578365310046578 ) ) ;
#135 = CIRCLE ( 'NONE', #4270, 10.00000000000000000 ) ;
#136 = PLANE ( 'NONE',  #3304 ) ;
#137 = VECTOR ( 'NONE', #7735, 1000.000000000000000 ) ;
#138 = DIRECTION ( 'NONE',  ( 1.000000000000000000, 0.000000000000000000, 0.000000000000000000 ) ) ;
#139 = VERTEX_POINT ( 'NONE', #5313 ) ;
#140 = LINE ( 'NONE', #3291, #4947 ) ;
#141 = ORIENTED_EDGE ( 'NONE', *, *, #8900, .T. ) ;
#142 = CARTESIAN_POINT ( 'NONE',  ( -0.9922857629795391876, -11.54029224769402440, -17.34604835822837288 ) ) ;
#143 = VECTOR ( 'NONE', #9639, 1000.000000000000000 ) ;
#144 = ORIENTED_EDGE ( 'NONE', *, *, #4524, .T. ) ;
#145 = ORIENTED_EDGE ( 'NONE', *, *, #8859, .T. ) ;
#146 = ADVANCED_FACE ( 'NONE', ( #2155 ), #4516, .T. ) ;
#147 = CARTESIAN_POINT ( 'NONE',  ( 56.39999999999999858, -11.20000000000000462, -0.7999999999999999334 ) ) ;
#148 = CARTESIAN_POINT ( 'NONE',  ( 35.80000000000000426, -19.10000000000000142, 8.799999999999998934 ) ) ;
#149 = CARTESIAN_POINT ( 'NONE',  ( -0.3051087222796407539, -10.40243263844850752, -17.65553839282127768 ) ) ;
#150 = LINE ( 'NONE', #4743, #8845 ) ;
#151 = CARTESIAN_POINT ( 'NONE',  ( 84.20000000000001705, 9.823197995883754530, -12.34543115421777415 ) ) ;
#152 = VECTOR ( 'NONE', #6988, 1000.000000000000000 ) ;
#153 = ORIENTED_EDGE ( 'NONE', *, *, #2248, .F. ) ;
#154 = VECTOR ( 'NONE', #9132, 1000.000000000000000 ) ;
#155 = ORIENTED_EDGE ( 'NONE', *, *, #5830, .T. ) ;
#156 = CARTESIAN_POINT ( 'NONE',  ( 21.74999999999954170, -3.200000000000001510, -1.800000000000000044 ) ) ;
#157 = CARTESIAN_POINT ( 'NONE',  ( 3.289643059541409897, -12.25113714114674579, -17.07605494914358957 ) ) ;
#158 = CARTESIAN_POINT ( 'NONE',  ( 57.00000000000000000, -19.10000000000000142, 49.29999999999999716 ) ) ;
#159 = EDGE_CURVE ( 'NONE', #6171, #9491, #8270, .T. ) ;
#160 = EDGE_CURVE ( 'NONE', #8958, #9475, #923, .T. ) ;
#161 = DIRECTION ( 'NONE',  ( 1.000000000000000000, -0.000000000000000000, -0.000000000000000000 ) ) ;
#162 = DIRECTION ( 'NONE',  ( 0.000000000000000000, 0.000000000000000000, 1.000000000000000000 ) ) ;
#163 = CARTESIAN_POINT ( 'NONE',  ( 88.12463131742089217, -12.91256977724736998, -16.75333907198421102 ) ) ;
#164 = DIRECTION ( 'NONE',  ( 1.000000000000000000, 0.000000000000000000, 0.000000000000000000 ) ) ;
#165 = LINE ( 'NONE', #9768, #8247 ) ;
#166 = VERTEX_POINT ( 'NONE', #8393 ) ;
#167 = EDGE_CURVE ( 'NONE', #569, #9525, #4599, .T. ) ;
#168 = DIRECTION ( 'NONE',  ( 0.000000000000000000, -1.000000000000000000, -1.234678630588475078E-16 ) ) ;
#169 = CARTESIAN_POINT ( 'NONE',  ( -1.799999999999996048, -9.099999999999996092, -7.740000000000002878 ) ) ;
#170 = DIRECTION ( 'NONE',  ( 0.000000000000000000, 0.000000000000000000, -1.000000000000000000 ) ) ;
#171 = LINE ( 'NONE', #2282, #2665 ) ;
#172 = VECTOR ( 'NONE', #6666, 1000.000000000000000 ) ;
#173 = LINE ( 'NONE', #9230, #4728 ) ;
#174 = AXIS2_PLACEMENT_3D ( 'NONE', #4293, #6545, #5828 ) ;
#175 = LINE ( 'NONE', #9782, #2792 ) ;
#176 = ORIENTED_EDGE ( 'NONE', *, *, #5831, .F. ) ;
#177 = CARTESIAN_POINT ( 'NONE',  ( 70.60000000000000853, -14.40659966456862406, -15.73999999999999666 ) ) ;
#178 = ORIENTED_EDGE ( 'NONE', *, *, #1084, .F. ) ;
#179 = CARTESIAN_POINT ( 'NONE',  ( -1.800000000000000266, -17.50000000000000000, 42.80000000000000426 ) ) ;
#180 = DIRECTION ( 'NONE',  ( 0.000000000000000000, -1.234678630588475078E-16, 1.000000000000000000 ) ) ;
#181 = CARTESIAN_POINT ( 'NONE',  ( 1.799999999999996048, -17.50000000000000000, -2.755455298081544778E-15 ) ) ;
#182 = CARTESIAN_POINT ( 'NONE',  ( -1.074489050007256141, -12.66981896494608328, -17.08131453687339629 ) ) ;
#183 = ORIENTED_EDGE ( 'NONE', *, *, #5608, .F. ) ;
#184 = FACE_OUTER_BOUND ( 'NONE', #252, .T. ) ;
#185 = VECTOR ( 'NONE', #6913, 1000.000000000000000 ) ;
#186 = VERTEX_POINT ( 'NONE', #3113 ) ;
#187 = EDGE_CURVE ( 'NONE', #9454, #6699, #3535, .T. ) ;
#188 = AXIS2_PLACEMENT_3D ( 'NONE', #3985, #6338, #2492 ) ;
#189 = B_SPLINE_CURVE_WITH_KNOTS ( 'NONE', 3,
 ( #1452, #4567, #1477, #8481, #7749, #5341, #6979, #8446, #4603, #3829 ),
 .UNSPECIFIED., .F., .F.,
 ( 4, 2, 2, 2, 4 ),
 ( 0.000000000000000000, 0.0006579197002798854851, 0.0009868795504198281734, 0.001151359475489802499, 0.001315839400559777042 ),
 .UNSPECIFIED. ) ;
#190 = CARTESIAN_POINT ( 'NONE',  ( 84.20000000000001705, 18.00000000000000000, -17.73999999999999844 ) ) ;
#191 = CARTESIAN_POINT ( 'NONE',  ( 3.412952788653536018, -12.58214886773940933, -16.92300552984470130 ) ) ;
#192 = ORIENTED_EDGE ( 'NONE', *, *, #7650, .F. ) ;
#193 = FACE_OUTER_BOUND ( 'NONE', #2320, .T. ) ;
#194 = VECTOR ( 'NONE', #5002, 1000.000000000000000 ) ;
#195 = CARTESIAN_POINT ( 'NONE',  ( 4.199999999999995737, -6.100000000000187050, 57.79999999999999716 ) ) ;
#196 = VERTEX_POINT ( 'NONE', #3873 ) ;
#197 = CARTESIAN_POINT ( 'NONE',  ( 72.40000000000000568, -8.100000000000001421, 56.79999999999999716 ) ) ;
#198 = ORIENTED_EDGE ( 'NONE', *, *, #3728, .F. ) ;
#199 = ADVANCED_FACE ( 'NONE', ( #5221 ), #1390, .F. ) ;
#200 = DIRECTION ( 'NONE',  ( 0.000000000000000000, -1.466789861310716348E-16, 1.000000000000000000 ) ) ;
#201 = EDGE_CURVE ( 'NONE', #2999, #3634, #7405, .T. ) ;
#202 = VERTEX_POINT ( 'NONE', #4716 ) ;
#203 = ORIENTED_EDGE ( 'NONE', *, *, #4170, .T. ) ;
#204 = DIRECTION ( 'NONE',  ( 0.000000000000000000, -0.7071067811865459074, -0.7071067811865491270 ) ) ;
#205 = CARTESIAN_POINT ( 'NONE',  ( 21.00677727426997166, -9.494633136679889063, -2.000000000000000000 ) ) ;
#206 = VECTOR ( 'NONE', #8197, 1000.000000000000000 ) ;
#207 = ORIENTED_EDGE ( 'NONE', *, *, #9096, .F. ) ;
#208 = CARTESIAN_POINT ( 'NONE',  ( 36.04325111528880399, -18.70000000000000995, 42.09253532233800854 ) ) ;
#209 = EDGE_LOOP ( 'NONE', ( #3247, #3160, #5223, #9435 ) ) ;
#210 = FACE_OUTER_BOUND ( 'NONE', #8528, .T. ) ;
#211 = DIRECTION ( 'NONE',  ( -0.000000000000000000, 1.000000000000000000, 3.001251688541188813E-16 ) ) ;
#212 = CARTESIAN_POINT ( 'NONE',  ( -1.800000000000000266, -9.500000000000001776, 6.800000000000000711 ) ) ;
#213 = DIRECTION ( 'NONE',  ( 0.000000000000000000, 1.000000000000000000, -0.000000000000000000 ) ) ;
#214 = EDGE_CURVE ( 'NONE', #87, #2351, #9832, .T. ) ;
#215 = VECTOR ( 'NONE', #1892, 1000.000000000000000 ) ;
#216 = EDGE_CURVE ( 'NONE', #3269, #3994, #1526, .T. ) ;
#217 = CARTESIAN_POINT ( 'NONE',  ( 88.40000000000000568, -18.50000000000002487, 54.39999999999972857 ) ) ;
#218 = DIRECTION ( 'NONE',  ( -1.399999999999999714E-14, -9.999999999999999988E-15, -1.000000000000000000 ) ) ;
#219 = CARTESIAN_POINT ( 'NONE',  ( 2.691386728900503122, -11.45767369777798805, -17.46102821380221570 ) ) ;
#220 = CARTESIAN_POINT ( 'NONE',  ( 35.53244095327406882, -19.10000000000000142, 22.33096909069791991 ) ) ;
#221 = ORIENTED_EDGE ( 'NONE', *, *, #6307, .F. ) ;
#222 = DIRECTION ( 'NONE',  ( -0.7071067811865513475, -8.730496322752264592E-17, 0.7071067811865437980 ) ) ;
#223 = DIRECTION ( 'NONE',  ( -0.000000000000000000, -0.7071067811865496822, -0.7071067811865453523 ) ) ;
#224 = CARTESIAN_POINT ( 'NONE',  ( 88.39454075674170497, -14.19955991398949635, -15.90807934452068118 ) ) ;
#225 = VECTOR ( 'NONE', #4139, 1000.000000000000000 ) ;
#226 = EDGE_LOOP ( 'NONE', ( #3801, #8914, #1555, #5025 ) ) ;
#227 = AXIS2_PLACEMENT_3D ( 'NONE', #1476, #5636, #1709 ) ;
#228 = DIRECTION ( 'NONE',  ( 0.000000000000000000, 0.000000000000000000, -1.000000000000000000 ) ) ;
#229 = EDGE_LOOP ( 'NONE', ( #6437, #1038, #9631, #6359 ) ) ;
#230 = CARTESIAN_POINT ( 'NONE',  ( 71.51552651946663275, -12.03662738416456612, -17.29985016974862333 ) ) ;
#231 = CARTESIAN_POINT ( 'NONE',  ( 88.40000000000000568, 4.299999999999999822, -0.2000000000000000666 ) ) ;
#232 = CARTESIAN_POINT ( 'NONE',  ( 3.800000000000000266, -19.10000000000000142, 8.799999999999998934 ) ) ;
#233 = VERTEX_POINT ( 'NONE', #1696 ) ;
#234 = VERTEX_POINT ( 'NONE', #44 ) ;
#235 = FACE_BOUND ( 'NONE', #5644, .T. ) ;
#236 = DIRECTION ( 'NONE',  ( -0.000000000000000000, 1.000000000000000000, -0.000000000000000000 ) ) ;
#237 = LINE ( 'NONE', #789, #8323 ) ;
#238 = EDGE_CURVE ( 'NONE', #5414, #6917, #1052, .T. ) ;
#239 = VERTEX_POINT ( 'NONE', #8585 ) ;
#240 = VECTOR ( 'NONE', #3480, 1000.000000000000000 ) ;
#242 = VERTEX_POINT ( 'NONE', #7244 ) ;
#241 = AXIS2_PLACEMENT_3D ( 'NONE', #767, #4023, #122 ) ;
#243 = ADVANCED_FACE ( 'NONE', ( #1656 ), #5489, .T. ) ;
#244 = CARTESIAN_POINT ( 'NONE',  ( 9.600000000000001421, -17.50000000000000000, 49.29999999999999716 ) ) ;
#245 = CARTESIAN_POINT ( 'NONE',  ( 87.40000000000000568, -16.69999999999999929, -13.70000000000000107 ) ) ;
#246 = FACE_OUTER_BOUND ( 'NONE', #7328, .T. ) ;
#247 = CARTESIAN_POINT ( 'NONE',  ( -1.155591850678287624, -11.91916228882517359, -17.21182020368835808 ) ) ;
#248 = CARTESIAN_POINT ( 'NONE',  ( 82.40000000000000568, -6.100000000000187050, 57.79999999999999716 ) ) ;
#249 = VECTOR ( 'NONE', #6365, 1000.000000000000000 ) ;
#250 = LINE ( 'NONE', #10051, #7486 ) ;
#251 = CARTESIAN_POINT ( 'NONE',  ( 150.7570364914818697, -0.09999999999999939493, 56.20000000000000284 ) ) ;
#252 = EDGE_LOOP ( 'NONE', ( #10129, #6204, #5548, #3214 ) ) ;
#253 = DIRECTION ( 'NONE',  ( 0.000000000000000000, -1.234678630588475078E-16, 1.000000000000000000 ) ) ;
#254 = VECTOR ( 'NONE', #4830, 1000.000000000000000 ) ;
#255 = CARTESIAN_POINT ( 'NONE',  ( 2.431385902849238612, -10.35033533290996743, -17.63864607138571827 ) ) ;
#256 = ORIENTED_EDGE ( 'NONE', *, *, #6322, .T. ) ;
#257 = CARTESIAN_POINT ( 'NONE',  ( 14.19999999999999041, -0.09999999999999882594, 56.79999999999999716 ) ) ;
#258 = FACE_OUTER_BOUND ( 'NONE', #8343, .T. ) ;
#259 = ORIENTED_EDGE ( 'NONE', *, *, #3937, .F. ) ;
#261 = EDGE_CURVE ( 'NONE', #10144, #234, #762, .T. ) ;
#260 = DIRECTION ( 'NONE',  ( -0.7071067811865492381, 0.7071067811865457964, 0.000000000000000000 ) ) ;
#262 = CARTESIAN_POINT ( 'NONE',  ( 88.00000000000001421, -14.62770798392567251, -16.07333333333332348 ) ) ;
#263 = EDGE_LOOP ( 'NONE', ( #870, #1769, #343, #8302, #5357 ) ) ;
#264 = ORIENTED_EDGE ( 'NONE', *, *, #2344, .F. ) ;
#265 = VECTOR ( 'NONE', #3744, 1000.000000000000000 ) ;
#266 = DIRECTION ( 'NONE',  ( 0.000000000000000000, -1.000000000000000000, -1.234678630588475078E-16 ) ) ;
#267 = LINE ( 'NONE', #1309, #1011 ) ;
#268 = DIRECTION ( 'NONE',  ( 0.000000000000000000, -1.000000000000000000, 0.000000000000000000 ) ) ;
#269 = CARTESIAN_POINT ( 'NONE',  ( 72.23068676039819991, -10.04739904260241801, -17.69573028091297573 ) ) ;
#270 = VECTOR ( 'NONE', #5876, 1000.000000000000000 ) ;
#271 = AXIS2_PLACEMENT_3D ( 'NONE', #7878, #9373, #4767 ) ;
#272 = ORIENTED_EDGE ( 'NONE', *, *, #4850, .F. ) ;
#273 = LINE ( 'NONE', #4913, #5326 ) ;
#274 = FACE_OUTER_BOUND ( 'NONE', #9652, .T. ) ;
#275 = EDGE_CURVE ( 'NONE', #1793, #5338, #5839, .T. ) ;
#276 = EDGE_CURVE ( 'NONE', #6839, #3872, #6187, .T. ) ;
#277 = FACE_OUTER_BOUND ( 'NONE', #7903, .T. ) ;
#278 = CARTESIAN_POINT ( 'NONE',  ( 3.799999999999999378, -19.10000000000000142, 6.799999999999999822 ) ) ;
#279 = CARTESIAN_POINT ( 'NONE',  ( -1.014115494099744552, -11.58620013662169157, -17.33420337862452598 ) ) ;
#280 = VECTOR ( 'NONE', #8798, 1000.000000000000114 ) ;
#281 = ORIENTED_EDGE ( 'NONE', *, *, #1672, .T. ) ;
#282 = DIRECTION ( 'NONE',  ( 0.000000000000000000, 0.000000000000000000, 1.000000000000000000 ) ) ;
#283 = DIRECTION ( 'NONE',  ( 1.000000000000000000, 0.000000000000000000, 0.000000000000000000 ) ) ;
#284 = CARTESIAN_POINT ( 'NONE',  ( -1.800000000000000266, -17.50000000000000000, 16.80000000000000071 ) ) ;
#285 = LINE ( 'NONE', #804, #4480 ) ;
#286 = CARTESIAN_POINT ( 'NONE',  ( 3.384513905428552683, -14.20821409623320619, -16.34106071459376253 ) ) ;
#287 = VECTOR ( 'NONE', #7841, 1000.000000000000000 ) ;
#288 = ORIENTED_EDGE ( 'NONE', *, *, #8527, .T. ) ;
#289 = VECTOR ( 'NONE', #3302, 1000.000000000000114 ) ;
#290 = DIRECTION ( 'NONE',  ( 0.000000000000000000, -1.000000000000000000, 0.000000000000000000 ) ) ;
#291 = EDGE_LOOP ( 'NONE', ( #9934, #6967, #2348, #5163, #1400, #3712, #4752, #8812, #7506, #4386, #6333, #6497, #1386, #7799, #6429, #1683, #1245, #9076, #4413, #3445, #9124, #9564, #3704, #6214, #2652, #9270, #1635, #8367, #5463, #1123, #6593, #2817, #2102, #1148, #4690, #9742, #2306, #4102, #2822, #3566, #1142, #7702, #1297, #5881, #2095, #6153, #4154, #1703, #9700, #2184, #8313, #5943, #6764, #8998, #7850, #3029, #3593, #5078, #6040, #8793 ) ) ;
#292 = DIRECTION ( 'NONE',  ( -0.000000000000000000, 1.000000000000000000, 3.001251688541188813E-16 ) ) ;
#293 = VECTOR ( 'NONE', #9418, 1000.000000000000000 ) ;
#294 = ORIENTED_EDGE ( 'NONE', *, *, #5059, .F. ) ;
#295 = EDGE_CURVE ( 'NONE', #78, #5236, #3296, .T. ) ;
#296 = CARTESIAN_POINT ( 'NONE',  ( -4.000000000000011546, -11.70000000000002416, 8.799999999999995381 ) ) ;
#297 = CARTESIAN_POINT ( 'NONE',  ( 86.41155790977676077, -9.129490619514216476, -17.74000023431014839 ) ) ;
#298 = VERTEX_POINT ( 'NONE', #8415 ) ;
#299 = ADVANCED_FACE ( 'NONE', ( #2553 ), #6975, .F. ) ;
#300 = CYLINDRICAL_SURFACE ( 'NONE', #3307, 5.499999999999998224 ) ;
#301 = DIRECTION ( 'NONE',  ( 0.000000000000000000, 1.000000000000000000, 4.065758146820641628E-18 ) ) ;
#302 = VERTEX_POINT ( 'NONE', #1109 ) ;
#303 = DIRECTION ( 'NONE',  ( 1.000000000000000000, 0.000000000000000000, -0.000000000000000000 ) ) ;
#304 = FACE_OUTER_BOUND ( 'NONE', #8735, .T. ) ;
#305 = DIRECTION ( 'NONE',  ( 0.000000000000000000, 1.000000000000000000, 9.351609034915406741E-17 ) ) ;
#306 = CARTESIAN_POINT ( 'NONE',  ( 72.48391637769567808, -9.396333942646066362, -17.73578430876381162 ) ) ;
#307 = CARTESIAN_POINT ( 'NONE',  ( 3.799999999999994493, 11.80000000000007709, -0.1999999999999987899 ) ) ;
#308 = CARTESIAN_POINT ( 'NONE',  ( -1.800000000000000266, 17.99999999999999645, -11.53999999999999737 ) ) ;
#309 = EDGE_CURVE ( 'NONE', #7571, #4928, #5102, .T. ) ;
#310 = AXIS2_PLACEMENT_3D ( 'NONE', #4322, #5888, #7505 ) ;
#311 = ORIENTED_EDGE ( 'NONE', *, *, #2171, .F. ) ;
#312 = EDGE_LOOP ( 'NONE', ( #3575, #6664, #765, #5350, #5773 ) ) ;
#313 = VERTEX_POINT ( 'NONE', #8040 ) ;
#314 = LINE ( 'NONE', #5195, #931 ) ;
#315 = DIRECTION ( 'NONE',  ( -1.000000000000000000, 0.000000000000000000, 0.000000000000000000 ) ) ;
#316 = LINE ( 'NONE', #7956, #1915 ) ;
#317 = DIRECTION ( 'NONE',  ( 0.000000000000000000, 0.000000000000000000, -1.000000000000000000 ) ) ;
#318 = ORIENTED_EDGE ( 'NONE', *, *, #10053, .T. ) ;
#319 = EDGE_CURVE ( 'NONE', #8795, #3904, #8034, .T. ) ;
#320 = ORIENTED_EDGE ( 'NONE', *, *, #2493, .T. ) ;
#321 = ADVANCED_FACE ( 'NONE', ( #9469 ), #7365, .T. ) ;
#322 = CARTESIAN_POINT ( 'NONE',  ( 35.14999999999952962, -3.200000000000001510, -1.800000000000000044 ) ) ;
#323 = CARTESIAN_POINT ( 'NONE',  ( 62.80000000000001137, -17.50000000000000000, 12.79999999999999538 ) ) ;
#324 = CARTESIAN_POINT ( 'NONE',  ( -0.2000000000000000111, -1.649999999999729239, 14.32740920835357379 ) ) ;
#325 = CARTESIAN_POINT ( 'NONE',  ( 86.63172768692940906, -9.692389680390601114, -17.72314330741226840 ) ) ;
#326 = DIRECTION ( 'NONE',  ( 6.033820786006283745E-16, 0.000000000000000000, 1.000000000000000000 ) ) ;
#327 = VECTOR ( 'NONE', #5276, 1000.000000000000114 ) ;
#328 = ORIENTED_EDGE ( 'NONE', *, *, #5580, .F. ) ;
#329 = LINE ( 'NONE', #190, #816 ) ;
#330 = CARTESIAN_POINT ( 'NONE',  ( -1.624136814473200241, -13.24753130723142469, -16.56344790212331475 ) ) ;
#331 = EDGE_LOOP ( 'NONE', ( #7148, #7369, #3056, #4266, #9850 ) ) ;
#332 = ORIENTED_EDGE ( 'NONE', *, *, #1857, .F. ) ;
#333 = EDGE_CURVE ( 'NONE', #1975, #2901, #420, .T. ) ;
#334 = VECTOR ( 'NONE', #4623, 1000.000000000000000 ) ;
#335 = CARTESIAN_POINT ( 'NONE',  ( 72.09489127772037875, -10.40243263844850929, -17.65553839282128124 ) ) ;
#336 = ORIENTED_EDGE ( 'NONE', *, *, #3336, .T. ) ;
#337 = CARTESIAN_POINT ( 'NONE',  ( 88.40000000000000568, -0.1000000000000000056, 0.000000000000000000 ) ) ;
#338 = DIRECTION ( 'NONE',  ( -1.000000000000000000, 0.000000000000000000, -0.000000000000000000 ) ) ;
#339 = ORIENTED_EDGE ( 'NONE', *, *, #7512, .F. ) ;
#340 = ORIENTED_EDGE ( 'NONE', *, *, #6572, .F. ) ;
#341 = VECTOR ( 'NONE', #1136, 1000.000000000000000 ) ;
#342 = ORIENTED_EDGE ( 'NONE', *, *, #791, .T. ) ;
#343 = ORIENTED_EDGE ( 'NONE', *, *, #1986, .F. ) ;
#344 = ORIENTED_EDGE ( 'NONE', *, *, #3890, .F. ) ;
#345 = ORIENTED_EDGE ( 'NONE', *, *, #7062, .T. ) ;
#346 = ADVANCED_FACE ( 'NONE', ( #653 ), #8975, .T. ) ;
#347 = AXIS2_PLACEMENT_3D ( 'NONE', #10161, #2354, #7100 ) ;
#348 = CARTESIAN_POINT ( 'NONE',  ( 16.19999999999999218, -0.09999999999999889533, 56.79999999999999716 ) ) ;
#349 = VECTOR ( 'NONE', #3806, 1000.000000000000000 ) ;
#350 = CARTESIAN_POINT ( 'NONE',  ( 71.79674495889142349, -10.70210358208379553, -17.57257672758346700 ) ) ;
#351 = DIRECTION ( 'NONE',  ( 0.000000000000000000, 0.000000000000000000, 1.000000000000000000 ) ) ;
#352 = CARTESIAN_POINT ( 'NONE',  ( 6.800000000000000711, -17.50000000000000000, 49.29999999999999716 ) ) ;
#353 = EDGE_CURVE ( 'NONE', #7056, #2165, #8987, .T. ) ;
#354 = EDGE_CURVE ( 'NONE', #5781, #3478, #6445, .T. ) ;
#355 = LINE ( 'NONE', #6039, #9539 ) ;
#356 = ORIENTED_EDGE ( 'NONE', *, *, #1671, .T. ) ;
#357 = CARTESIAN_POINT ( 'NONE',  ( -0.2000000000000000111, -9.500000000000001776, 20.80000000000000071 ) ) ;
#358 = DIRECTION ( 'NONE',  ( 1.000000000000000000, 0.000000000000000000, 0.000000000000000000 ) ) ;
#359 = CARTESIAN_POINT ( 'NONE',  ( -0.2000000000000000111, -0.2000000000003226419, 34.24999999999941025 ) ) ;
#360 = VERTEX_POINT ( 'NONE', #2691 ) ;
#361 = DIRECTION ( 'NONE',  ( 0.000000000000000000, -0.9396926207859107594, -0.3420201433256623291 ) ) ;
#362 = CARTESIAN_POINT ( 'NONE',  ( -1.361004062395267500, -14.03204843566673254, -16.43914803120594925 ) ) ;
#363 = LINE ( 'NONE', #6668, #7116 ) ;
#364 = ORIENTED_EDGE ( 'NONE', *, *, #6488, .T. ) ;
#365 = ORIENTED_EDGE ( 'NONE', *, *, #7996, .F. ) ;
#366 = CARTESIAN_POINT ( 'NONE',  ( 70.59999999999999432, 8.379798566743366095, -2.103073792140897513 ) ) ;
#367 = CARTESIAN_POINT ( 'NONE',  ( 93.20000000000000284, -13.89999999999999503, -7.740000000000000213 ) ) ;
#368 = DIRECTION ( 'NONE',  ( 0.000000000000000000, 0.000000000000000000, 1.000000000000000000 ) ) ;
#369 = CARTESIAN_POINT ( 'NONE',  ( 72.00598374221826248, -10.63846634908298050, -17.62166577702663162 ) ) ;
#370 = FACE_OUTER_BOUND ( 'NONE', #2600, .T. ) ;
#371 = DIRECTION ( 'NONE',  ( 0.000000000000000000, 0.000000000000000000, 1.000000000000000000 ) ) ;
#372 = CARTESIAN_POINT ( 'NONE',  ( 150.7570364914818697, -17.30000000000029559, 54.39999999999972857 ) ) ;
#373 = EDGE_LOOP ( 'NONE', ( #881, #3695, #1272, #7998 ) ) ;
#374 = EDGE_LOOP ( 'NONE', ( #6812, #6564, #5090, #2722, #8108, #256, #7598, #4512, #3950 ) ) ;
#375 = ADVANCED_FACE ( 'NONE', ( #4859 ), #8926, .T. ) ;
#376 = LINE ( 'NONE', #147, #991 ) ;
#377 = ORIENTED_EDGE ( 'NONE', *, *, #1772, .T. ) ;
#378 = ORIENTED_EDGE ( 'NONE', *, *, #1671, .F. ) ;
#379 = EDGE_CURVE ( 'NONE', #1365, #1966, #4241, .T. ) ;
#380 = LINE ( 'NONE', #866, #249 ) ;
#381 = VECTOR ( 'NONE', #5156, 1000.000000000000000 ) ;
#383 = CARTESIAN_POINT ( 'NONE',  ( -4.000000000000013323, -11.70000000000002593, 34.79999999999999716 ) ) ;
#382 = CARTESIAN_POINT ( 'NONE',  ( 70.70900261932651176, -13.52064122731010620, -16.39228075334877488 ) ) ;
#384 = CARTESIAN_POINT ( 'NONE',  ( 71.10747491877113191, -13.59181653005767920, -16.67462664829587382 ) ) ;
#385 = CARTESIAN_POINT ( 'NONE',  ( 16.19999999999999218, -10.10000000000000142, 56.79999999999999716 ) ) ;
#386 = CARTESIAN_POINT ( 'NONE',  ( -4.000000000000013323, -11.70000000000002593, 36.79999999999999716 ) ) ;
#387 = CIRCLE ( 'NONE', #8137, 11.30000000000000071 ) ;
#388 = ORIENTED_EDGE ( 'NONE', *, *, #9745, .F. ) ;
#389 = ORIENTED_EDGE ( 'NONE', *, *, #8418, .F. ) ;
#390 = DIRECTION ( 'NONE',  ( -0.000000000000000000, 1.000000000000000000, 0.000000000000000000 ) ) ;
#391 = ORIENTED_EDGE ( 'NONE', *, *, #1840, .F. ) ;
#392 = DIRECTION ( 'NONE',  ( 1.000000000000000000, 0.000000000000000000, 0.000000000000000000 ) ) ;
#393 = DIRECTION ( 'NONE',  ( -0.7071067811865434649, 0.000000000000000000, -0.7071067811865516806 ) ) ;
#394 = EDGE_LOOP ( 'NONE', ( #6701, #5264, #5577, #2739 ) ) ;
#396 = EDGE_CURVE ( 'NONE', #6092, #3994, #7645, .T. ) ;
#395 = CARTESIAN_POINT ( 'NONE',  ( 72.40000000000000568, -6.100000000000187050, 57.79999999999999716 ) ) ;
#397 = CARTESIAN_POINT ( 'NONE',  ( 87.93897789631859041, -13.86318290930059938, -16.53364112356638671 ) ) ;
#398 = LINE ( 'NONE', #7973, #6412 ) ;
#399 = ORIENTED_EDGE ( 'NONE', *, *, #9827, .T. ) ;
#400 = ADVANCED_FACE ( 'NONE', ( #5941 ), #4848, .T. ) ;
#401 = DIRECTION ( 'NONE',  ( 0.000000000000000000, 0.000000000000000000, 1.000000000000000000 ) ) ;
#402 = CARTESIAN_POINT ( 'NONE',  ( -1.800000000000000266, -17.50000000000000000, 28.80000000000000071 ) ) ;
#403 = ORIENTED_EDGE ( 'NONE', *, *, #2068, .T. ) ;
#404 = CARTESIAN_POINT ( 'NONE',  ( 46.80000000000000426, -27.50000000000000355, 32.75000000000000000 ) ) ;
#405 = FACE_OUTER_BOUND ( 'NONE', #7233, .T. ) ;
#406 = CARTESIAN_POINT ( 'NONE',  ( 51.06521260250019623, -18.99586758350771021, 36.01941898939032427 ) ) ;
#407 = CARTESIAN_POINT ( 'NONE',  ( 88.40000000000000568, 4.299999999999999822, -17.73999999999999844 ) ) ;
#408 = CARTESIAN_POINT ( 'NONE',  ( 86.79999999999999716, -17.50000000000020250, 39.19999999999971863 ) ) ;
#409 = FACE_OUTER_BOUND ( 'NONE', #4477, .T. ) ;
#410 = ORIENTED_EDGE ( 'NONE', *, *, #5561, .F. ) ;
#411 = AXIS2_PLACEMENT_3D ( 'NONE', #3671, #4349, #453 ) ;
#412 = VECTOR ( 'NONE', #4149, 1000.000000000000114 ) ;
#413 = ORIENTED_EDGE ( 'NONE', *, *, #9515, .T. ) ;
#414 = EDGE_CURVE ( 'NONE', #7317, #8086, #3867, .T. ) ;
#416 = EDGE_CURVE ( 'NONE', #3349, #139, #770, .T. ) ;
#415 = DIRECTION ( 'NONE',  ( 0.000000000000000000, 1.000000000000000000, 0.000000000000000000 ) ) ;
#417 = DIRECTION ( 'NONE',  ( 1.000000000000000000, 0.000000000000000000, 0.000000000000000000 ) ) ;
#418 = CARTESIAN_POINT ( 'NONE',  ( 71.59665548132211654, -11.12454015992994627, -17.47013393941278636 ) ) ;
#419 = CARTESIAN_POINT ( 'NONE',  ( -1.800000000000000488, 11.79999999999999893, -11.50000000000000000 ) ) ;
#420 = LINE ( 'NONE', #7193, #8259 ) ;
#421 = DIRECTION ( 'NONE',  ( -0.000000000000000000, -0.000000000000000000, 1.000000000000000000 ) ) ;
#422 = ORIENTED_EDGE ( 'NONE', *, *, #4852, .F. ) ;
#423 = VECTOR ( 'NONE', #7183, 1000.000000000000000 ) ;
#424 = ORIENTED_EDGE ( 'NONE', *, *, #1277, .F. ) ;
#425 = VERTEX_POINT ( 'NONE', #10063 ) ;
#426 = AXIS2_PLACEMENT_3D ( 'NONE', #5358, #6924, #3011 ) ;
#427 = CARTESIAN_POINT ( 'NONE',  ( 48.21421356237309652, -18.69999999999999574, 32.75000000000002842 ) ) ;
#428 = CARTESIAN_POINT ( 'NONE',  ( -1.800000000000000266, -0.1000000000000000056, 21.69999999999940599 ) ) ;
#429 = EDGE_CURVE ( 'NONE', #4254, #6240, #644, .T. ) ;
#430 = FACE_BOUND ( 'NONE', #2502, .T. ) ;
#431 = ORIENTED_EDGE ( 'NONE', *, *, #6087, .T. ) ;
#432 = LINE ( 'NONE', #6595, #1045 ) ;
#433 = EDGE_CURVE ( 'NONE', #2999, #2609, #1644, .T. ) ;
#434 = LINE ( 'NONE', #7078, #4741 ) ;
#435 = ORIENTED_EDGE ( 'NONE', *, *, #1501, .T. ) ;
#436 = CARTESIAN_POINT ( 'NONE',  ( 87.69036223092285809, -12.72723840389526195, -17.05917127487055751 ) ) ;
#437 = DIRECTION ( 'NONE',  ( 0.000000000000000000, 1.000000000000000000, 0.000000000000000000 ) ) ;
#438 = ORIENTED_EDGE ( 'NONE', *, *, #2833, .T. ) ;
#439 = ORIENTED_EDGE ( 'NONE', *, *, #5863, .F. ) ;
#440 = CARTESIAN_POINT ( 'NONE',  ( 150.7570364914818697, -17.50000000000000000, 1.799999999999999156 ) ) ;
#441 = CARTESIAN_POINT ( 'NONE',  ( 71.06783411369306691, -12.36156639081345965, -17.02716536968381078 ) ) ;
#442 = CIRCLE ( 'NONE', #7180, 1.500000000000001332 ) ;
#443 = DIRECTION ( 'NONE',  ( -1.000000000000000000, -0.000000000000000000, 0.000000000000000000 ) ) ;
#444 = EDGE_CURVE ( 'NONE', #929, #2001, #5094, .T. ) ;
#445 = ORIENTED_EDGE ( 'NONE', *, *, #7379, .T. ) ;
#446 = ORIENTED_EDGE ( 'NONE', *, *, #7254, .T. ) ;
#447 = LINE ( 'NONE', #4230, #5743 ) ;
#448 = VERTEX_POINT ( 'NONE', #1512 ) ;
#449 = VERTEX_POINT ( 'NONE', #7889 ) ;
#450 = ORIENTED_EDGE ( 'NONE', *, *, #3474, .F. ) ;
#451 = VERTEX_POINT ( 'NONE', #7952 ) ;
#452 = ADVANCED_FACE ( 'NONE', ( #6677 ), #4666, .T. ) ;
#453 = DIRECTION ( 'NONE',  ( 0.000000000000000000, 0.000000000000000000, -1.000000000000000000 ) ) ;
#454 = CARTESIAN_POINT ( 'NONE',  ( 71.29779992693642043, -11.79350583083739501, -17.25800622183832544 ) ) ;
#455 = CARTESIAN_POINT ( 'NONE',  ( 71.16421820093576400, -13.31380332840024927, -16.80885230909872519 ) ) ;
#456 = DIRECTION ( 'NONE',  ( 0.000000000000000000, 0.000000000000000000, -1.000000000000000000 ) ) ;
#457 = CARTESIAN_POINT ( 'NONE',  ( 150.7570364914818697, -19.10000000000001208, 57.39999999999999858 ) ) ;
#458 = EDGE_CURVE ( 'NONE', #3623, #3041, #4484, .T. ) ;
#459 = VERTEX_POINT ( 'NONE', #3381 ) ;
#460 = ORIENTED_EDGE ( 'NONE', *, *, #4835, .F. ) ;
#461 = ORIENTED_EDGE ( 'NONE', *, *, #7114, .F. ) ;
#462 = PLANE ( 'NONE',  #7223 ) ;
#463 = CARTESIAN_POINT ( 'NONE',  ( 3.334542866902646008, -12.36802039995692404, -17.02413904766229535 ) ) ;
#464 = VECTOR ( 'NONE', #2774, 1000.000000000000114 ) ;
#465 = ORIENTED_EDGE ( 'NONE', *, *, #4095, .F. ) ;
#466 = ORIENTED_EDGE ( 'NONE', *, *, #565, .T. ) ;
#467 = VECTOR ( 'NONE', #5281, 1000.000000000000000 ) ;
#468 = DIRECTION ( 'NONE',  ( 0.000000000000000000, 0.000000000000000000, 1.000000000000000000 ) ) ;
#469 = CARTESIAN_POINT ( 'NONE',  ( 31.80000000000000071, -17.50000000000000000, 12.79999999999999893 ) ) ;
#470 = CARTESIAN_POINT ( 'NONE',  ( 71.80266330093134286, -10.68986537665932524, -17.57515824943680016 ) ) ;
#471 = ORIENTED_EDGE ( 'NONE', *, *, #3675, .T. ) ;
#472 = EDGE_CURVE ( 'NONE', #8251, #4063, #895, .T. ) ;
#473 = ORIENTED_EDGE ( 'NONE', *, *, #9027, .F. ) ;
#474 = CARTESIAN_POINT ( 'NONE',  ( 68.40000000000000568, -3.200000000000001510, -0.7999999999999999334 ) ) ;
#475 = VERTEX_POINT ( 'NONE', #1785 ) ;
#476 = DIRECTION ( 'NONE',  ( 0.000000000000000000, -1.000000000000000000, -1.084202172485504434E-16 ) ) ;
#477 = AXIS2_PLACEMENT_3D ( 'NONE', #8476, #567, #5401 ) ;
#478 = CARTESIAN_POINT ( 'NONE',  ( 0.000000000000000000, -16.69999999999999929, 0.000000000000000000 ) ) ;
#479 = CARTESIAN_POINT ( 'NONE',  ( 70.69163581701977250, -13.60005196239161052, -16.34037758867874501 ) ) ;
#480 = CARTESIAN_POINT ( 'NONE',  ( 71.33321074870072209, -12.64269248220972131, -17.09144857207980550 ) ) ;
#481 = ORIENTED_EDGE ( 'NONE', *, *, #484, .F. ) ;
#482 = CARTESIAN_POINT ( 'NONE',  ( 81.00000000000000000, 11.79999999999999893, -11.50000000000000000 ) ) ;
#483 = CARTESIAN_POINT ( 'NONE',  ( -1.800000000000000266, -17.50000000000000000, 22.80000000000000071 ) ) ;
#484 = EDGE_CURVE ( 'NONE', #5719, #4838, #2017, .T. ) ;
#485 = EDGE_CURVE ( 'NONE', #8893, #1395, #2540, .T. ) ;
#486 = DIRECTION ( 'NONE',  ( -0.000000000000000000, -1.000000000000000000, 0.000000000000000000 ) ) ;
#487 = ORIENTED_EDGE ( 'NONE', *, *, #5231, .F. ) ;
#488 = ORIENTED_EDGE ( 'NONE', *, *, #8663, .T. ) ;
#489 = DIRECTION ( 'NONE',  ( -0.000000000000000000, 1.000000000000000000, -0.000000000000000000 ) ) ;
#490 = CARTESIAN_POINT ( 'NONE',  ( 39.01621927114653943, -17.90000000000000213, 23.55200570877342869 ) ) ;
#491 = CARTESIAN_POINT ( 'NONE',  ( 3.017153844648869931, -11.59606737184370928, -17.32816976320019720 ) ) ;
#492 = CARTESIAN_POINT ( 'NONE',  ( -0.9945732769538193629, -12.39202131212338465, -17.18337657192131829 ) ) ;
#493 = LINE ( 'NONE', #4768, #3243 ) ;
#494 = FACE_OUTER_BOUND ( 'NONE', #1812, .T. ) ;
#495 = ORIENTED_EDGE ( 'NONE', *, *, #3063, .F. ) ;
#496 = ADVANCED_FACE ( 'NONE', ( #4586 ), #4233, .F. ) ;
#497 = AXIS2_PLACEMENT_3D ( 'NONE', #6534, #4138, #6382 ) ;
#498 = ORIENTED_EDGE ( 'NONE', *, *, #98, .T. ) ;
#499 = LINE ( 'NONE', #7074, #9069 ) ;
#500 = CARTESIAN_POINT ( 'NONE',  ( 72.02497172372579826, -10.23660541186259287, -17.65645327249643159 ) ) ;
#501 = VECTOR ( 'NONE', #9808, 1000.000000000000000 ) ;
#502 = DIRECTION ( 'NONE',  ( 1.000000000000000000, 0.000000000000000000, 0.000000000000000000 ) ) ;
#503 = CARTESIAN_POINT ( 'NONE',  ( -1.800000000000000266, -9.500000000000001776, 14.80000000000000071 ) ) ;
#504 = LINE ( 'NONE', #8005, #7146 ) ;
#505 = LINE ( 'NONE', #483, #9809 ) ;
#506 = CARTESIAN_POINT ( 'NONE',  ( 88.40000000000000568, -18.70000000000001350, 57.39999999999999858 ) ) ;
#507 = VECTOR ( 'NONE', #4306, 1000.000000000000000 ) ;
#508 = VERTEX_POINT ( 'NONE', #8123 ) ;
#509 = VECTOR ( 'NONE', #8199, 1000.000000000000000 ) ;
#510 = EDGE_CURVE ( 'NONE', #2204, #3041, #165, .T. ) ;
#511 = EDGE_LOOP ( 'NONE', ( #320, #5749, #7888, #9010, #2081 ) ) ;
#512 = CARTESIAN_POINT ( 'NONE',  ( 46.80000000000000426, -19.10000000000000497, 32.75000000000000000 ) ) ;
#513 = CARTESIAN_POINT ( 'NONE',  ( 31.80000000000000071, -19.10000000000000142, 13.79999999999999893 ) ) ;
#514 = ORIENTED_EDGE ( 'NONE', *, *, #3227, .F. ) ;
#515 = CARTESIAN_POINT ( 'NONE',  ( 3.799999999999998046, -9.099999999999996092, -7.740000000000002878 ) ) ;
#516 = CONICAL_SURFACE ( 'NONE', #2759, 9.599999999999983658, 0.7853981633974200793 ) ;
#517 = ORIENTED_EDGE ( 'NONE', *, *, #8229, .T. ) ;
#518 = VECTOR ( 'NONE', #437, 1000.000000000000000 ) ;
#519 = VECTOR ( 'NONE', #5187, 1000.000000000000000 ) ;
#520 = DIRECTION ( 'NONE',  ( -0.000000000000000000, 1.000000000000000000, -0.000000000000000000 ) ) ;
#521 = EDGE_LOOP ( 'NONE', ( #7412, #1457, #3260, #2480 ) ) ;
#522 = DIRECTION ( 'NONE',  ( 0.000000000000000000, 0.000000000000000000, 1.000000000000000000 ) ) ;
#524 = EDGE_CURVE ( 'NONE', #3223, #1105, #8856, .T. ) ;
#523 = DIRECTION ( 'NONE',  ( 0.000000000000000000, 1.000000000000000000, 0.000000000000000000 ) ) ;
#525 = CARTESIAN_POINT ( 'NONE',  ( 2.202428429597626192, -9.891950051457961024, -17.69920771326675890 ) ) ;
#526 = CARTESIAN_POINT ( 'NONE',  ( 0.05754761510767603810, -9.463775768867352056, -17.73338200780121099 ) ) ;
#527 = LINE ( 'NONE', #1266, #5602 ) ;
#528 = ORIENTED_EDGE ( 'NONE', *, *, #2313, .T. ) ;
#529 = FACE_OUTER_BOUND ( 'NONE', #374, .T. ) ;
#530 = CARTESIAN_POINT ( 'NONE',  ( 70.62535111724402270, -13.99032064014701326, -16.06743413229315820 ) ) ;
#531 = CARTESIAN_POINT ( 'NONE',  ( 14.19999999999999041, -0.09999999999999882594, 57.79999999999999716 ) ) ;
#532 = DIRECTION ( 'NONE',  ( 1.000000000000000000, 0.000000000000000000, 0.000000000000000000 ) ) ;
#533 = CARTESIAN_POINT ( 'NONE',  ( -1.800000000000000266, -17.50000000000000000, 34.79999999999999716 ) ) ;
#534 = VECTOR ( 'NONE', #4578, 999.9999999999998863 ) ;
#535 = VECTOR ( 'NONE', #6328, 1000.000000000000000 ) ;
#536 = EDGE_CURVE ( 'NONE', #8795, #5848, #4106, .T. ) ;
#537 = EDGE_CURVE ( 'NONE', #4051, #8433, #2270, .T. ) ;
#538 = ORIENTED_EDGE ( 'NONE', *, *, #6748, .T. ) ;
#539 = ADVANCED_FACE ( 'NONE', ( #6435 ), #9804, .F. ) ;
#540 = CARTESIAN_POINT ( 'NONE',  ( -0.2000000000000000111, -15.50000000000001954, 36.79999999999999716 ) ) ;
#541 = CARTESIAN_POINT ( 'NONE',  ( 71.62638335222709429, -11.69979082227048828, -17.39688640100309414 ) ) ;
#542 = CARTESIAN_POINT ( 'NONE',  ( 46.80000000000000426, -18.70000000000000639, 32.75000000000000000 ) ) ;
#543 = ORIENTED_EDGE ( 'NONE', *, *, #2171, .T. ) ;
#544 = VECTOR ( 'NONE', #3141, 1000.000000000000000 ) ;
#545 = LINE ( 'NONE', #4143, #1916 ) ;
#546 =( GEOMETRIC_REPRESENTATION_CONTEXT ( 3 ) GLOBAL_UNCERTAINTY_ASSIGNED_CONTEXT ( ( #6258 ) ) GLOBAL_UNIT_ASSIGNED_CONTEXT ( ( #7807, #9396, #2310 ) ) REPRESENTATION_CONTEXT ( 'NONE', 'WORKASPACE' ) );
#547 = VERTEX_POINT ( 'NONE', #3602 ) ;
#548 = PLANE ( 'NONE',  #1488 ) ;
#549 = LINE ( 'NONE', #8320, #1315 ) ;
#550 = AXIS2_PLACEMENT_3D ( 'NONE', #4355, #2798, #7411 ) ;
#551 = CARTESIAN_POINT ( 'NONE',  ( -0.2000000000000000111, -9.500000000000001776, 4.799999999999998934 ) ) ;
#552 = CARTESIAN_POINT ( 'NONE',  ( 3.594711069742508869, -13.14519362640019473, -16.62265592154301430 ) ) ;
#553 = CARTESIAN_POINT ( 'NONE',  ( -1.239354718059980875, -13.33014854763583656, -16.80124226760502282 ) ) ;
#554 = ORIENTED_EDGE ( 'NONE', *, *, #7197, .T. ) ;
#555 = EDGE_LOOP ( 'NONE', ( #3320, #3789, #4581, #4318 ) ) ;
#556 = VECTOR ( 'NONE', #9823, 1000.000000000000000 ) ;
#557 = CARTESIAN_POINT ( 'NONE',  ( 1.800000000000000044, -9.099999999999994316, -17.74000000000000199 ) ) ;
#558 = LINE ( 'NONE', #4262, #1564 ) ;
#559 = CARTESIAN_POINT ( 'NONE',  ( 42.55147129609347445, -19.10000000000000497, 36.15000056648265314 ) ) ;
#560 = ORIENTED_EDGE ( 'NONE', *, *, #4234, .T. ) ;
#561 = DIRECTION ( 'NONE',  ( 0.000000000000000000, 0.000000000000000000, -1.000000000000000000 ) ) ;
#562 = VERTEX_POINT ( 'NONE', #366 ) ;
#563 = VECTOR ( 'NONE', #2899, 1000.000000000000000 ) ;
#564 = ORIENTED_EDGE ( 'NONE', *, *, #6032, .T. ) ;
#565 = EDGE_CURVE ( 'NONE', #9172, #8905, #9210, .T. ) ;
#566 = ORIENTED_EDGE ( 'NONE', *, *, #3625, .F. ) ;
#567 = DIRECTION ( 'NONE',  ( -1.000000000000000000, 0.000000000000000000, 0.000000000000000000 ) ) ;
#568 = EDGE_LOOP ( 'NONE', ( #4077, #5778, #9302, #2071, #7130 ) ) ;
#569 = VERTEX_POINT ( 'NONE', #5152 ) ;
#570 = CARTESIAN_POINT ( 'NONE',  ( -1.289276555302312222, 14.57917983427808650, -17.09832137003618868 ) ) ;
#571 = LINE ( 'NONE', #559, #334 ) ;
#572 = VERTEX_POINT ( 'NONE', #6723 ) ;
#573 = PLANE ( 'NONE',  #6530 ) ;
#574 = VECTOR ( 'NONE', #2830, 1000.000000000000000 ) ;
#575 = CARTESIAN_POINT ( 'NONE',  ( 86.49288421328789411, -9.337096398373363471, -17.73723279575030887 ) ) ;
#576 = CARTESIAN_POINT ( 'NONE',  ( 72.43851674504456639, -9.512470217167976472, -17.73151248047259898 ) ) ;
#577 = DIRECTION ( 'NONE',  ( -1.000000000000000000, -0.000000000000000000, -0.000000000000000000 ) ) ;
#578 = CARTESIAN_POINT ( 'NONE',  ( 8.029999999999535731, -3.309999999999815756, -1.800000000000000044 ) ) ;
#579 = EDGE_CURVE ( 'NONE', #4698, #8691, #119, .T. ) ;
#580 = DIRECTION ( 'NONE',  ( 0.000000000000000000, -6.478347848338164592E-14, 1.000000000000000000 ) ) ;
#581 = DIRECTION ( 'NONE',  ( -1.000000000000000000, 0.000000000000000000, -0.000000000000000000 ) ) ;
#582 = DIRECTION ( 'NONE',  ( -1.000000000000000000, 0.000000000000000000, 0.000000000000000000 ) ) ;
#583 = CARTESIAN_POINT ( 'NONE',  ( -0.2000000000000000111, -9.500000000000001776, 6.800000000000000711 ) ) ;
#584 = CARTESIAN_POINT ( 'NONE',  ( 1.988043667236836232, -9.468828484170833448, -17.73114727996032869 ) ) ;
#585 = CARTESIAN_POINT ( 'NONE',  ( -0.4309008917057021160, -10.73765317051078760, -17.60533280484127516 ) ) ;
#586 = ADVANCED_FACE ( 'NONE', ( #5462 ), #7423, .F. ) ;
#587 = VERTEX_POINT ( 'NONE', #2029 ) ;
#588 = CARTESIAN_POINT ( 'NONE',  ( 2.343613340820963398, -10.50465559583687991, -17.64086850942764073 ) ) ;
#589 = ORIENTED_EDGE ( 'NONE', *, *, #7672, .F. ) ;
#590 = AXIS2_PLACEMENT_3D ( 'NONE', #7958, #7171, #996 ) ;
#591 = CARTESIAN_POINT ( 'NONE',  ( -0.2000000000000000111, -9.500000000000001776, 24.80000000000000071 ) ) ;
#592 = ORIENTED_EDGE ( 'NONE', *, *, #4025, .F. ) ;
#593 = CARTESIAN_POINT ( 'NONE',  ( 2.199999999999993516, -10.30000000000001847, 56.79999999999999716 ) ) ;
#594 = EDGE_CURVE ( 'NONE', #8140, #4929, #9092, .T. ) ;
#595 = EDGE_CURVE ( 'NONE', #3345, #10078, #6559, .T. ) ;
#596 = ORIENTED_EDGE ( 'NONE', *, *, #1125, .F. ) ;
#597 = CARTESIAN_POINT ( 'NONE',  ( 0.000000000000000000, -18.70000000000001350, -1.800000000000000044 ) ) ;
#598 = CARTESIAN_POINT ( 'NONE',  ( 57.20426519339125804, -19.10000000000000142, 21.49720666918502232 ) ) ;
#599 = VECTOR ( 'NONE', #5947, 1000.000000000000000 ) ;
#600 = DIRECTION ( 'NONE',  ( 0.000000000000000000, 0.000000000000000000, -1.000000000000000000 ) ) ;
#601 = ORIENTED_EDGE ( 'NONE', *, *, #2856, .F. ) ;
#602 = VECTOR ( 'NONE', #3246, 1000.000000000000000 ) ;
#603 = CARTESIAN_POINT ( 'NONE',  ( 71.49871202158161054, 13.79528670462202555, -17.41380579911223592 ) ) ;
#604 = AXIS2_PLACEMENT_3D ( 'NONE', #7695, #7121, #6303 ) ;
#605 = DIRECTION ( 'NONE',  ( -0.000000000000000000, -1.000000000000000000, -0.000000000000000000 ) ) ;
#607 = CARTESIAN_POINT ( 'NONE',  ( 2.199999999999993516, -10.30000000000001847, 56.79999999999999716 ) ) ;
#606 = DIRECTION ( 'NONE',  ( 0.000000000000000000, 0.000000000000000000, -1.000000000000000000 ) ) ;
#608 = CARTESIAN_POINT ( 'NONE',  ( 72.44956601878533320, -9.484194595549922724, -17.73262280811385594 ) ) ;
#609 = DIRECTION ( 'NONE',  ( -0.000000000000000000, 1.000000000000000000, 3.001251688541188813E-16 ) ) ;
#610 = EDGE_CURVE ( 'NONE', #9277, #1381, #1883, .T. ) ;
#611 = EDGE_CURVE ( 'NONE', #3982, #5236, #3027, .T. ) ;
#612 = AXIS2_PLACEMENT_3D ( 'NONE', #7257, #5958, #8871 ) ;
#613 = VECTOR ( 'NONE', #6227, 1000.000000000000000 ) ;
#614 = ORIENTED_EDGE ( 'NONE', *, *, #2493, .F. ) ;
#615 = DIRECTION ( 'NONE',  ( -1.000000000000000000, 0.000000000000000000, -0.000000000000000000 ) ) ;
#616 = ORIENTED_EDGE ( 'NONE', *, *, #5145, .F. ) ;
#617 = CARTESIAN_POINT ( 'NONE',  ( 70.20000000000001705, 9.254415587728425763, -15.17695526217005941 ) ) ;
#618 = CARTESIAN_POINT ( 'NONE',  ( 54.58378072885341936, -17.89999999999999503, 41.94799429122655710 ) ) ;
#619 = CARTESIAN_POINT ( 'NONE',  ( 66.40000000000000568, -11.20000000000000107, -0.7999999999999999334 ) ) ;
#620 = CARTESIAN_POINT ( 'NONE',  ( 0.01685923793499448028, -9.567924543000327020, -17.72913276835867791 ) ) ;
#621 = EDGE_CURVE ( 'NONE', #8501, #10144, #2601, .T. ) ;
#622 = ORIENTED_EDGE ( 'NONE', *, *, #947, .F. ) ;
#623 = CARTESIAN_POINT ( 'NONE',  ( 2.059527454330810414, -9.764031642113517151, -17.71794484396633962 ) ) ;
#624 = ORIENTED_EDGE ( 'NONE', *, *, #7253, .F. ) ;
#625 = FACE_OUTER_BOUND ( 'NONE', #5893, .T. ) ;
#626 = CARTESIAN_POINT ( 'NONE',  ( -1.800000000000000266, -17.50000000000000000, 32.79999999999999716 ) ) ;
#627 = FACE_OUTER_BOUND ( 'NONE', #9726, .T. ) ;
#628 = DIRECTION ( 'NONE',  ( 0.000000000000000000, 0.000000000000000000, -1.000000000000000000 ) ) ;
#629 = DIRECTION ( 'NONE',  ( 0.000000000000000000, -1.055278234055558625E-16, 1.000000000000000000 ) ) ;
#630 = CARTESIAN_POINT ( 'NONE',  ( 35.80000000000000426, -19.10000000000000142, 12.79999999999999538 ) ) ;
#631 = EDGE_LOOP ( 'NONE', ( #311, #8216, #3271, #1132 ) ) ;
#632 = EDGE_LOOP ( 'NONE', ( #2219, #2898, #3399, #4454 ) ) ;
#633 = EDGE_LOOP ( 'NONE', ( #719, #2019, #2880, #1478 ) ) ;
#634 = ORIENTED_EDGE ( 'NONE', *, *, #10074, .T. ) ;
#635 = CARTESIAN_POINT ( 'NONE',  ( -1.800000000000000266, -0.1000000000000008521, 8.599999999999999645 ) ) ;
#636 = EDGE_CURVE ( 'NONE', #51, #4063, #4473, .T. ) ;
#637 = CARTESIAN_POINT ( 'NONE',  ( 36.48090224308320728, -19.08814319986204211, 21.43483306060168658 ) ) ;
#638 = LINE ( 'NONE', #9764, #5209 ) ;
#639 = DIRECTION ( 'NONE',  ( 1.000000000000000000, -1.400000000000000345E-14, -1.966981464302830696E-30 ) ) ;
#640 = ADVANCED_FACE ( 'NONE', ( #277 ), #8050, .F. ) ;
#641 = DIRECTION ( 'NONE',  ( 1.000000000000000000, -1.311074900679422674E-14, 0.000000000000000000 ) ) ;
#642 = CARTESIAN_POINT ( 'NONE',  ( 70.40000000000000568, -0.1000000000000002415, 57.79999999999999716 ) ) ;
#643 = CARTESIAN_POINT ( 'NONE',  ( 51.31233285784259834, -18.82182838118885115, 29.63107650731769027 ) ) ;
#644 = CIRCLE ( 'NONE', #6749, 15.34646838723642581 ) ;
#645 = LINE ( 'NONE', #469, #3523 ) ;
#646 = ORIENTED_EDGE ( 'NONE', *, *, #1084, .T. ) ;
#647 = VERTEX_POINT ( 'NONE', #1364 ) ;
#648 = B_SPLINE_SURFACE_WITH_KNOTS ( 'NONE', 1, 3, ( 
 ( #2605, #7326, #224, #6454, #6411, #8747, #8809, #2640, #8058, #8082, #1780, #163, #7230, #5737, #6558, #8020, #3374, #7202, #8777, #4126, #9562, #1714, #4159, #5766, #7983, #2537, #5703, #988, #1813, #9598, #6490, #4946, #1022, #6519, #3433, #4060, #8848, #4193, #9627, #4978 ),
 ( #262, #9496, #5930, #3496, #8907, #397, #9801, #2767, #4228, #7387, #8946, #5146, #3461, #8880, #9697, #436, #1234, #1126, #4267, #1166, #3531, #4335, #8151, #1949, #1200, #5050, #2737, #6717, #9016, #6621, #7451, #325, #8201, #5015, #9763, #7420, #7348, #9660, #297, #5083 ) ),
 .UNSPECIFIED., .F., .F., .F.,
 ( 2, 2 ),
 ( 4, 2, 2, 2, 2, 2, 2, 2, 2, 2, 2, 2, 2, 2, 2, 2, 2, 2, 2, 4 ),
 ( 0.000000000000000000, 1.000000000000000000 ),
 ( 0.000000000000000000, 0.0003672989148033151911, 0.0007345978296066303821, 0.001101896744409945573, 0.001469195659213260764, 0.001652845116614918251, 0.001836494574016575955, 0.002020144031418233659, 0.002203793488819891146, 0.002571092403623206554, 0.002938391318426521528, 0.003672989148033151911, 0.004040288062836467319, 0.004407586977639782293, 0.004774885892443098134, 0.005142184807246413109, 0.005509483722049728083, 0.005693133179451385570, 0.005784957908152214313, 0.005876782636853043057 ),
 .UNSPECIFIED. ) ;
#649 = ORIENTED_EDGE ( 'NONE', *, *, #5403, .F. ) ;
#650 = EDGE_LOOP ( 'NONE', ( #2655, #155, #8281, #3183, #4532 ) ) ;
#651 = CARTESIAN_POINT ( 'NONE',  ( 87.40000000000000568, -16.69999999999999929, -9.299999999999998934 ) ) ;
#652 = CARTESIAN_POINT ( 'NONE',  ( -1.800000000000000266, -9.500000000000001776, 6.800000000000000711 ) ) ;
#653 = FACE_OUTER_BOUND ( 'NONE', #788, .T. ) ;
#654 = ORIENTED_EDGE ( 'NONE', *, *, #7512, .T. ) ;
#655 = DIRECTION ( 'NONE',  ( 1.000000000000000000, 0.000000000000000000, 0.000000000000000000 ) ) ;
#656 = LINE ( 'NONE', #6263, #8738 ) ;
#657 = ADVANCED_FACE ( 'NONE', ( #4231 ), #9942, .T. ) ;
#659 = VECTOR ( 'NONE', #10093, 1000.000000000000000 ) ;
#658 = AXIS2_PLACEMENT_3D ( 'NONE', #9798, #1259, #1917 ) ;
#660 = DIRECTION ( 'NONE',  ( 1.000000000000000000, 0.000000000000000000, 0.000000000000000000 ) ) ;
#661 = DIRECTION ( 'NONE',  ( 1.000000000000000000, 0.000000000000000000, 0.000000000000000000 ) ) ;
#662 = CARTESIAN_POINT ( 'NONE',  ( -1.799999999999999378, -3.200000000000001510, -1.800000000000000044 ) ) ;
#663 = ORIENTED_EDGE ( 'NONE', *, *, #1349, .T. ) ;
#664 = EDGE_CURVE ( 'NONE', #6395, #3015, #1634, .T. ) ;
#665 = FACE_OUTER_BOUND ( 'NONE', #763, .T. ) ;
#666 = ORIENTED_EDGE ( 'NONE', *, *, #5348, .F. ) ;
#667 = LINE ( 'NONE', #3102, #9844 ) ;
#668 = DIRECTION ( 'NONE',  ( 0.000000000000000000, 1.000000000000000000, 3.614007241618347292E-17 ) ) ;
#669 = DIRECTION ( 'NONE',  ( 0.000000000000000000, 1.000000000000000000, -0.000000000000000000 ) ) ;
#670 = VECTOR ( 'NONE', #1756, 1000.000000000000000 ) ;
#671 = VERTEX_POINT ( 'NONE', #7683 ) ;
#672 = LINE ( 'NONE', #6312, #5623 ) ;
#673 = EDGE_CURVE ( 'NONE', #8220, #4685, #3977, .T. ) ;
#674 = EDGE_CURVE ( 'NONE', #4436, #8678, #36, .T. ) ;
#675 = ORIENTED_EDGE ( 'NONE', *, *, #7307, .F. ) ;
#676 = CARTESIAN_POINT ( 'NONE',  ( 88.20726344990711709, -13.18964048682991397, -16.59667094007882326 ) ) ;
#677 = CARTESIAN_POINT ( 'NONE',  ( 87.38274446947096408, -11.72740284506235930, -17.38897314387669368 ) ) ;
#678 = CARTESIAN_POINT ( 'NONE',  ( 59.79999999999999716, -17.50000000000000000, 54.20000000000000995 ) ) ;
#679 = DIRECTION ( 'NONE',  ( -0.000000000000000000, -1.000000000000000000, 0.000000000000000000 ) ) ;
#680 = ORIENTED_EDGE ( 'NONE', *, *, #8683, .F. ) ;
#681 = ORIENTED_EDGE ( 'NONE', *, *, #9336, .T. ) ;
#682 = ORIENTED_EDGE ( 'NONE', *, *, #6918, .T. ) ;
#683 = DIRECTION ( 'NONE',  ( -0.7071067811865463515, 0.000000000000000000, -0.7071067811865487940 ) ) ;
#684 = CARTESIAN_POINT ( 'NONE',  ( -1.400000000000012346, -18.70000000000001350, 57.79999999999999716 ) ) ;
#685 = CARTESIAN_POINT ( 'NONE',  ( 84.40000000000000568, -0.09999999999999889533, 56.79999999999999716 ) ) ;
#686 = AXIS2_PLACEMENT_3D ( 'NONE', #6916, #5377, #7719 ) ;
#687 = CARTESIAN_POINT ( 'NONE',  ( 56.80834191776111908, -18.99441597429090578, 43.99857437027589668 ) ) ;
#688 = DIRECTION ( 'NONE',  ( -0.000000000000000000, -0.000000000000000000, 1.000000000000000000 ) ) ;
#689 = CARTESIAN_POINT ( 'NONE',  ( -0.2000000000000000111, -9.500000000000001776, 46.80000000000000426 ) ) ;
#690 = VECTOR ( 'NONE', #8577, 1000.000000000000000 ) ;
#691 = CARTESIAN_POINT ( 'NONE',  ( 4.800000000000000711, -17.50000000000000000, 14.79999999999999893 ) ) ;
#692 = ORIENTED_EDGE ( 'NONE', *, *, #1924, .F. ) ;
#693 = ORIENTED_EDGE ( 'NONE', *, *, #8641, .T. ) ;
#694 = ADVANCED_FACE ( 'NONE', ( #2135 ), #548, .F. ) ;
#695 = VECTOR ( 'NONE', #3327, 1000.000000000000000 ) ;
#696 = EDGE_LOOP ( 'NONE', ( #2015, #7127, #9186, #5211 ) ) ;
#697 = CARTESIAN_POINT ( 'NONE',  ( 31.79999999999999361, -19.10000000000000142, 8.799999999999998934 ) ) ;
#698 = DIRECTION ( 'NONE',  ( 1.000000000000000000, 0.000000000000000000, 0.000000000000000000 ) ) ;
#700 = EDGE_CURVE ( 'NONE', #3510, #8958, #9451, .T. ) ;
#699 = CARTESIAN_POINT ( 'NONE',  ( 88.40000000000000568, -18.50000000000002132, 39.19999999999971863 ) ) ;
#701 = DIRECTION ( 'NONE',  ( 1.000000000000000000, 0.000000000000000000, -0.000000000000000000 ) ) ;
#702 = VERTEX_POINT ( 'NONE', #5250 ) ;
#703 = DIRECTION ( 'NONE',  ( -0.000000000000000000, -0.000000000000000000, -1.000000000000000000 ) ) ;
#704 = VERTEX_POINT ( 'NONE', #5388 ) ;
#705 = AXIS2_PLACEMENT_3D ( 'NONE', #1838, #8113, #7346 ) ;
#706 = ORIENTED_EDGE ( 'NONE', *, *, #4389, .F. ) ;
#707 = CARTESIAN_POINT ( 'NONE',  ( 42.26862858361887021, -18.70000000000000995, 29.63284214599196531 ) ) ;
#708 = ORIENTED_EDGE ( 'NONE', *, *, #3640, .F. ) ;
#709 = CARTESIAN_POINT ( 'NONE',  ( 72.48519555509527379, 12.00213436052010429, -17.73752412870602768 ) ) ;
#710 = CARTESIAN_POINT ( 'NONE',  ( 46.80000000000000426, -19.10000000000000497, 32.75000000000000000 ) ) ;
#711 = CARTESIAN_POINT ( 'NONE',  ( 88.35790277797357817, -13.87688169144306194, -16.14906783521568201 ) ) ;
#712 = ORIENTED_EDGE ( 'NONE', *, *, #9963, .T. ) ;
#713 = CARTESIAN_POINT ( 'NONE',  ( 87.82680806623919523, -13.27329827921734129, -16.82756319473463336 ) ) ;
#714 = CARTESIAN_POINT ( 'NONE',  ( -1.800000000000000266, -1.649999999999729017, 12.27259155458886397 ) ) ;
#715 = ORIENTED_EDGE ( 'NONE', *, *, #2421, .T. ) ;
#716 = ORIENTED_EDGE ( 'NONE', *, *, #2343, .T. ) ;
#717 = VECTOR ( 'NONE', #8269, 1000.000000000000000 ) ;
#718 = EDGE_CURVE ( 'NONE', #3273, #196, #5332, .T. ) ;
#719 = ORIENTED_EDGE ( 'NONE', *, *, #9403, .F. ) ;
#720 = CARTESIAN_POINT ( 'NONE',  ( -1.799999999999999378, -3.200000000000001510, -1.800000000000000044 ) ) ;
#721 = DIRECTION ( 'NONE',  ( 0.000000000000000000, 1.000000000000000000, 0.000000000000000000 ) ) ;
#722 = ORIENTED_EDGE ( 'NONE', *, *, #536, .F. ) ;
#723 = AXIS2_PLACEMENT_3D ( 'NONE', #7824, #2076, #4914 ) ;
#724 = ORIENTED_EDGE ( 'NONE', *, *, #8584, .T. ) ;
#725 = CARTESIAN_POINT ( 'NONE',  ( 3.289288871072020726, 14.57920709781750368, -17.09830729953857187 ) ) ;
#726 = CARTESIAN_POINT ( 'NONE',  ( 43.39999943351735112, -19.10000000000000142, 28.50147129609348795 ) ) ;
#727 = VERTEX_POINT ( 'NONE', #9143 ) ;
#728 = CARTESIAN_POINT ( 'NONE',  ( 35.80000000000000426, -19.10000000000000142, 6.799999999999999822 ) ) ;
#729 = CARTESIAN_POINT ( 'NONE',  ( 0.000000000000000000, -0.1000000000000000056, 0.000000000000000000 ) ) ;
#730 = CARTESIAN_POINT ( 'NONE',  ( 46.80000000000000426, -19.10000000000000497, 32.75000000000000000 ) ) ;
#731 = ORIENTED_EDGE ( 'NONE', *, *, #3997, .F. ) ;
#732 = AXIS2_PLACEMENT_3D ( 'NONE', #8387, #4505, #4605 ) ;
#733 = ORIENTED_EDGE ( 'NONE', *, *, #7322, .T. ) ;
#734 = VECTOR ( 'NONE', #8533, 1000.000000000000000 ) ;
#735 = DIRECTION ( 'NONE',  ( -1.399999999999999714E-14, -9.999999999999999988E-15, -1.000000000000000000 ) ) ;
#736 = EDGE_CURVE ( 'NONE', #1541, #4501, #8963, .T. ) ;
#737 = EDGE_CURVE ( 'NONE', #10088, #6969, #2769, .T. ) ;
#738 = LINE ( 'NONE', #7982, #10169 ) ;
#739 = CARTESIAN_POINT ( 'NONE',  ( 88.40000000000000568, -0.1000000000000000472, 1.950000000000472244 ) ) ;
#740 = EDGE_LOOP ( 'NONE', ( #6922, #8318, #8085, #1699 ) ) ;
#741 = LINE ( 'NONE', #8549, #7023 ) ;
#742 = EDGE_LOOP ( 'NONE', ( #3702, #5246, #3519, #1320 ) ) ;
#743 = LINE ( 'NONE', #8341, #6535 ) ;
#744 = VERTEX_POINT ( 'NONE', #2190 ) ;
#745 = CARTESIAN_POINT ( 'NONE',  ( 42.26862858361885600, -27.50000000000000355, 35.86715785400802758 ) ) ;
#746 = ADVANCED_FACE ( 'NONE', ( #8837 ), #6051, .T. ) ;
#747 = CARTESIAN_POINT ( 'NONE',  ( 88.04530441437161414, -12.67367856370025159, -16.87800726032673637 ) ) ;
#748 = CARTESIAN_POINT ( 'NONE',  ( 86.67459774137100226, -9.802828123848730257, -17.71527420172072098 ) ) ;
#749 = DIRECTION ( 'NONE',  ( 0.000000000000000000, 0.000000000000000000, -1.000000000000000000 ) ) ;
#750 = CARTESIAN_POINT ( 'NONE',  ( 49.91715785400801764, -18.70000000000000639, 37.28137141638114826 ) ) ;
#751 = LINE ( 'NONE', #1615, #8711 ) ;
#752 = ORIENTED_EDGE ( 'NONE', *, *, #5975, .T. ) ;
#753 = CYLINDRICAL_SURFACE ( 'NONE', #8122, 9.999999999999998224 ) ;
#754 = DIRECTION ( 'NONE',  ( -1.000000000000000000, 0.000000000000000000, 0.000000000000000000 ) ) ;
#755 = VECTOR ( 'NONE', #1384, 999.9999999999998863 ) ;
#756 = CARTESIAN_POINT ( 'NONE',  ( 82.40000000000000568, -0.1000000000000000056, 56.84969335805276103 ) ) ;
#757 = CARTESIAN_POINT ( 'NONE',  ( 54.49638861441641069, -17.50000000000000355, 41.29491675184033284 ) ) ;
#758 = CARTESIAN_POINT ( 'NONE',  ( 43.65025999296117476, -19.10000000000000142, 28.62288375202192015 ) ) ;
#759 = VECTOR ( 'NONE', #5048, 1000.000000000000114 ) ;
#760 = DIRECTION ( 'NONE',  ( -0.7071067811865432429, 0.000000000000000000, -0.7071067811865519026 ) ) ;
#761 = EDGE_CURVE ( 'NONE', #1299, #8781, #7499, .T. ) ;
#762 = B_SPLINE_CURVE_WITH_KNOTS ( 'NONE', 3,
 ( #9748, #8134, #9713, #2784 ),
 .UNSPECIFIED., .F., .F.,
 ( 4, 4 ),
 ( 0.000000000000000000, 1.000000000000000000 ),
 .UNSPECIFIED. ) ;
#763 = EDGE_LOOP ( 'NONE', ( #9999, #5453, #5248, #752, #2223 ) ) ;
#764 = FACE_OUTER_BOUND ( 'NONE', #7175, .T. ) ;
#765 = ORIENTED_EDGE ( 'NONE', *, *, #2205, .F. ) ;
#766 = SURFACE_STYLE_USAGE ( .BOTH. , #7805 ) ;
#767 = CARTESIAN_POINT ( 'NONE',  ( 1.799999999999996048, -17.50000000000000000, -2.755455298081544778E-15 ) ) ;
#768 = CARTESIAN_POINT ( 'NONE',  ( -4.000000000000011546, -11.70000000000002238, 6.800000000000000711 ) ) ;
#769 = VECTOR ( 'NONE', #7036, 1000.000000000000114 ) ;
#770 = LINE ( 'NONE', #3762, #3749 ) ;
#771 = LINE ( 'NONE', #4659, #2668 ) ;
#772 = FACE_OUTER_BOUND ( 'NONE', #8870, .T. ) ;
#773 = LINE ( 'NONE', #1185, #1530 ) ;
#774 = EDGE_CURVE ( 'NONE', #3778, #5271, #2894, .T. ) ;
#775 = ORIENTED_EDGE ( 'NONE', *, *, #9379, .F. ) ;
#776 = CARTESIAN_POINT ( 'NONE',  ( 42.53478739749978388, -18.99586758350771731, 29.48058101060972547 ) ) ;
#777 = CARTESIAN_POINT ( 'NONE',  ( 87.61715384516963923, -11.59606737308906332, -17.32816976280109245 ) ) ;
#778 = CARTESIAN_POINT ( 'NONE',  ( 87.94075316290511068, -13.88105386459800705, -16.52311687865017120 ) ) ;
#779 = VECTOR ( 'NONE', #6064, 1000.000000000000000 ) ;
#780 = CARTESIAN_POINT ( 'NONE',  ( 62.80000000000001137, -17.50000000000000000, 10.79999999999999716 ) ) ;
#781 = CYLINDRICAL_SURFACE ( 'NONE', #497, 1.000000000000000000 ) ;
#782 = ORIENTED_EDGE ( 'NONE', *, *, #6283, .T. ) ;
#783 = ORIENTED_EDGE ( 'NONE', *, *, #1940, .T. ) ;
#784 = DIRECTION ( 'NONE',  ( -0.7071067811865389130, -0.000000000000000000, -0.7071067811865561215 ) ) ;
#785 = DIRECTION ( 'NONE',  ( -0.000000000000000000, 1.000000000000000000, 0.000000000000000000 ) ) ;
#786 = CARTESIAN_POINT ( 'NONE',  ( 8.029999999999516191, -5.209999999999809006, -1.189999999999438840 ) ) ;
#787 = CARTESIAN_POINT ( 'NONE',  ( -1.400000000000012346, -19.09999999999999432, -7.977961573045432712E-15 ) ) ;
#788 = EDGE_LOOP ( 'NONE', ( #1055, #8278, #3469, #7929, #2174, #9038, #4614, #7548, #3691, #6963, #9400, #5804 ) ) ;
#789 = CARTESIAN_POINT ( 'NONE',  ( 6.800000000000000711, -17.50000000000000000, 49.29999999999999716 ) ) ;
#790 = EDGE_CURVE ( 'NONE', #3717, #10072, #5810, .T. ) ;
#791 = EDGE_CURVE ( 'NONE', #5169, #929, #9688, .T. ) ;
#792 = ADVANCED_FACE ( 'NONE', ( #9929 ), #5317, .F. ) ;
#793 = ORIENTED_EDGE ( 'NONE', *, *, #6760, .F. ) ;
#794 = CARTESIAN_POINT ( 'NONE',  ( 3.050525896637071188, -12.58518298488365694, -17.11303110255421345 ) ) ;
#795 = VECTOR ( 'NONE', #4811, 1000.000000000000000 ) ;
#796 = DIRECTION ( 'NONE',  ( 0.000000000000000000, -1.000000000000000000, -1.234678630588475078E-16 ) ) ;
#797 = ORIENTED_EDGE ( 'NONE', *, *, #9732, .F. ) ;
#798 = LINE ( 'NONE', #7782, #2176 ) ;
#799 = VECTOR ( 'NONE', #6277, 1000.000000000000000 ) ;
#800 = DIRECTION ( 'NONE',  ( 0.000000000000000000, 0.000000000000000000, 1.000000000000000000 ) ) ;
#801 = ORIENTED_EDGE ( 'NONE', *, *, #3522, .F. ) ;
#802 = CARTESIAN_POINT ( 'NONE',  ( 86.79999999999999716, -0.1000000000000000056, 54.39999999999972857 ) ) ;
#803 = ORIENTED_EDGE ( 'NONE', *, *, #9617, .F. ) ;
#804 = CARTESIAN_POINT ( 'NONE',  ( 3.399999999999958611, -19.09999999999999432, -7.740000000000005542 ) ) ;
#805 = DIRECTION ( 'NONE',  ( -1.000000000000000000, 0.000000000000000000, 0.000000000000000000 ) ) ;
#806 = EDGE_CURVE ( 'NONE', #8214, #3803, #1707, .T. ) ;
#807 = LINE ( 'NONE', #1945, #8406 ) ;
#808 = ORIENTED_EDGE ( 'NONE', *, *, #6948, .F. ) ;
#809 = CARTESIAN_POINT ( 'NONE',  ( 39.40618090817668673, -17.70000000000001705, 41.55803265419634585 ) ) ;
#810 = EDGE_LOOP ( 'NONE', ( #1963, #7349, #3182, #8436 ) ) ;
#811 = LINE ( 'NONE', #2498, #9488 ) ;
#812 = CARTESIAN_POINT ( 'NONE',  ( -0.1244122630775795907, -9.737474176950135174, -17.71353343795960811 ) ) ;
#813 = CARTESIAN_POINT ( 'NONE',  ( 0.1999999999999998723, 11.79999999999999538, -17.73999999999999844 ) ) ;
#814 = VERTEX_POINT ( 'NONE', #9356 ) ;
#815 = CARTESIAN_POINT ( 'NONE',  ( 86.58804366748218229, -9.468828484653752042, -17.73114727993739592 ) ) ;
#816 = VECTOR ( 'NONE', #8078, 1000.000000000000000 ) ;
#817 = CARTESIAN_POINT ( 'NONE',  ( 87.98451390542849992, -14.20821409653057721, -16.34106071442779040 ) ) ;
#818 = VERTEX_POINT ( 'NONE', #5493 ) ;
#819 = CARTESIAN_POINT ( 'NONE',  ( 35.80000000000000426, -17.50000000000000000, 5.799999999999999822 ) ) ;
#820 = VECTOR ( 'NONE', #10151, 1000.000000000000000 ) ;
#821 = ORIENTED_EDGE ( 'NONE', *, *, #6964, .F. ) ;
#822 = EDGE_CURVE ( 'NONE', #6994, #6146, #1012, .T. ) ;
#823 = ORIENTED_EDGE ( 'NONE', *, *, #7659, .T. ) ;
#824 = EDGE_LOOP ( 'NONE', ( #8831, #3552, #8841, #8248, #2518 ) ) ;
#825 = VECTOR ( 'NONE', #8267, 1000.000000000000000 ) ;
#826 = EDGE_CURVE ( 'NONE', #313, #6287, #7881, .T. ) ;
#827 = CARTESIAN_POINT ( 'NONE',  ( 66.40000000000000568, -3.200000000000000622, -0.8496933580527809005 ) ) ;
#828 = AXIS2_PLACEMENT_3D ( 'NONE', #1151, #2729, #8260 ) ;
#829 = CARTESIAN_POINT ( 'NONE',  ( -0.2000000000000000111, -0.2000000000003211154, 21.69999999999940599 ) ) ;
#830 = DIRECTION ( 'NONE',  ( 0.000000000000000000, -2.260746162836483201E-16, 1.000000000000000000 ) ) ;
#831 = CARTESIAN_POINT ( 'NONE',  ( 0.01445416040130692234, -9.573992342895129681, -17.72946265155322720 ) ) ;
#832 = CARTESIAN_POINT ( 'NONE',  ( -0.2000000000000000111, -9.500000000000001776, 14.80000000000000071 ) ) ;
#833 = ORIENTED_EDGE ( 'NONE', *, *, #7402, .F. ) ;
#834 = DIRECTION ( 'NONE',  ( 0.000000000000000000, 0.000000000000000000, -1.000000000000000000 ) ) ;
#835 = CARTESIAN_POINT ( 'NONE',  ( 42.35230975604719106, -18.92518990099286569, 35.87465301467996426 ) ) ;
#836 = CARTESIAN_POINT ( 'NONE',  ( -1.800000000000000266, -0.1000000000000000056, 34.24999999999941025 ) ) ;
#838 = EDGE_CURVE ( 'NONE', #2895, #6096, #6285, .T. ) ;
#837 = CARTESIAN_POINT ( 'NONE',  ( 54.44675957921395337, -17.56670124352681128, 41.33961751986063149 ) ) ;
#839 = CARTESIAN_POINT ( 'NONE',  ( 72.89999999999999147, -0.1000000000000000056, 72.89999999999999147 ) ) ;
#840 = DIRECTION ( 'NONE',  ( 0.000000000000000000, 0.000000000000000000, -1.000000000000000000 ) ) ;
#841 = CARTESIAN_POINT ( 'NONE',  ( 1.799999999999996048, -17.50000000000000000, -2.755455298081544778E-15 ) ) ;
#842 = VECTOR ( 'NONE', #5201, 1000.000000000000000 ) ;
#843 = ORIENTED_EDGE ( 'NONE', *, *, #8282, .F. ) ;
#844 = CARTESIAN_POINT ( 'NONE',  ( 38.10699199494813172, -18.36649227100525650, 42.85722156742489375 ) ) ;
#845 = DIRECTION ( 'NONE',  ( -0.000000000000000000, 1.000000000000000000, -0.000000000000000000 ) ) ;
#846 = CARTESIAN_POINT ( 'NONE',  ( 6.129999999999543370, -3.309999999999783338, -1.189999999999431290 ) ) ;
#847 = VERTEX_POINT ( 'NONE', #2366 ) ;
#848 = CYLINDRICAL_SURFACE ( 'NONE', #3779, 11.30000000000000071 ) ;
#849 = VERTEX_POINT ( 'NONE', #1595 ) ;
#850 = ORIENTED_EDGE ( 'NONE', *, *, #3555, .F. ) ;
#851 = EDGE_CURVE ( 'NONE', #6221, #9944, #5199, .T. ) ;
#852 = CIRCLE ( 'NONE', #7278, 0.3999999999999975797 ) ;
#853 = VECTOR ( 'NONE', #3199, 1000.000000000000000 ) ;
#854 = DIRECTION ( 'NONE',  ( 1.000000000000000000, -0.000000000000000000, -0.000000000000000000 ) ) ;
#855 = AXIS2_PLACEMENT_3D ( 'NONE', #7082, #8697, #8655 ) ;
#856 = EDGE_LOOP ( 'NONE', ( #682, #8275, #7995, #3144, #1500, #7855, #3150, #8635, #3122, #5295, #8827, #4993, #2129, #3678, #9163, #399, #9778, #4733, #2232, #6466, #1466, #8627, #1603, #10049, #4224, #9574 ) ) ;
#857 = FACE_OUTER_BOUND ( 'NONE', #9301, .T. ) ;
#858 = ORIENTED_EDGE ( 'NONE', *, *, #6733, .T. ) ;
#859 = ADVANCED_FACE ( 'NONE', ( #1509 ), #2527, .F. ) ;
#860 = DIRECTION ( 'NONE',  ( 0.000000000000000000, 0.000000000000000000, -1.000000000000000000 ) ) ;
#861 = LINE ( 'NONE', #4099, #9187 ) ;
#862 = DIRECTION ( 'NONE',  ( -0.000000000000000000, 1.000000000000000000, 1.955719815080955213E-16 ) ) ;
#863 = EDGE_LOOP ( 'NONE', ( #8558, #890, #3609, #5820, #6921, #1889, #79, #3333, #2959, #7205, #2834, #6926, #6116, #7602, #3159, #3822, #938, #7948, #944, #8677 ) ) ;
#864 = VECTOR ( 'NONE', #9614, 1000.000000000000000 ) ;
#865 = ORIENTED_EDGE ( 'NONE', *, *, #636, .T. ) ;
#866 = CARTESIAN_POINT ( 'NONE',  ( 31.80000000000000071, -19.09999999999999787, 10.79999999999999893 ) ) ;
#867 = VECTOR ( 'NONE', #6757, 1000.000000000000000 ) ;
#868 = EDGE_LOOP ( 'NONE', ( #6500, #4803, #3414, #3240 ) ) ;
#869 = AXIS2_PLACEMENT_3D ( 'NONE', #3560, #2733, #4363 ) ;
#870 = ORIENTED_EDGE ( 'NONE', *, *, #2648, .T. ) ;
#871 = CARTESIAN_POINT ( 'NONE',  ( 42.55022800896457369, -19.06986120978038812, 35.89091512541770612 ) ) ;
#872 = CARTESIAN_POINT ( 'NONE',  ( 46.80000000000000426, -18.70000000000000639, 37.84999999999999432 ) ) ;
#873 = LINE ( 'NONE', #5757, #2891 ) ;
#874 = EDGE_CURVE ( 'NONE', #8643, #9776, #3853, .T. ) ;
#875 = EDGE_CURVE ( 'NONE', #7792, #4800, #8007, .T. ) ;
#876 = DIRECTION ( 'NONE',  ( 0.000000000000000000, 1.955719815080955213E-16, -1.000000000000000000 ) ) ;
#877 = CARTESIAN_POINT ( 'NONE',  ( -1.800000000000000266, -9.500000000000001776, 34.79999999999999716 ) ) ;
#878 = CIRCLE ( 'NONE', #8684, 1.000000000000000888 ) ;
#879 = PLANE ( 'NONE',  #2332 ) ;
#880 = LINE ( 'NONE', #8092, #270 ) ;
#881 = ORIENTED_EDGE ( 'NONE', *, *, #9848, .F. ) ;
#882 = LINE ( 'NONE', #6585, #2764 ) ;
#883 = DIRECTION ( 'NONE',  ( 0.000000000000000000, -1.000000000000000000, 0.000000000000000000 ) ) ;
#884 = CARTESIAN_POINT ( 'NONE',  ( -0.4431589509601786547, -10.37453777901163576, -17.63384873078272008 ) ) ;
#885 = DIRECTION ( 'NONE',  ( -0.000000000000000000, 1.000000000000000000, 3.001251688541188813E-16 ) ) ;
#886 = CARTESIAN_POINT ( 'NONE',  ( 46.80000000000000426, -17.70000000000001350, 32.75000000000000000 ) ) ;
#887 = FACE_OUTER_BOUND ( 'NONE', #2110, .T. ) ;
#888 = ORIENTED_EDGE ( 'NONE', *, *, #6948, .T. ) ;
#889 = VERTEX_POINT ( 'NONE', #4719 ) ;
#890 = ORIENTED_EDGE ( 'NONE', *, *, #9811, .T. ) ;
#891 = ORIENTED_EDGE ( 'NONE', *, *, #8900, .F. ) ;
#892 = VECTOR ( 'NONE', #7389, 1000.000000000000000 ) ;
#893 = CARTESIAN_POINT ( 'NONE',  ( 57.03719135319535383, -18.43322684388098054, 23.92702220917786349 ) ) ;
#894 = CARTESIAN_POINT ( 'NONE',  ( -0.7859118487365488459, -11.08712454763264255, -17.48012280814635133 ) ) ;
#895 = LINE ( 'NONE', #6523, #8974 ) ;
#896 = VECTOR ( 'NONE', #8306, 1000.000000000000000 ) ;
#897 = CARTESIAN_POINT ( 'NONE',  ( 56.39999999999999858, -11.20000000000000462, -1.800000000000000044 ) ) ;
#898 = DIRECTION ( 'NONE',  ( -0.000000000000000000, 0.000000000000000000, -1.000000000000000000 ) ) ;
#899 = VERTEX_POINT ( 'NONE', #8589 ) ;
#900 = DIRECTION ( 'NONE',  ( 0.000000000000000000, -1.000000000000000000, 0.000000000000000000 ) ) ;
#901 = CARTESIAN_POINT ( 'NONE',  ( 35.87213053811636598, -18.83263009672352695, 23.04877681892418551 ) ) ;
#902 = PLANE ( 'NONE',  #6439 ) ;
#903 = VECTOR ( 'NONE', #6396, 1000.000000000000000 ) ;
#904 = ORIENTED_EDGE ( 'NONE', *, *, #261, .F. ) ;
#905 = CARTESIAN_POINT ( 'NONE',  ( 28.59999999996698961, -5.150000000033535308, -0.9999999999997263300 ) ) ;
#906 = CARTESIAN_POINT ( 'NONE',  ( -1.800000000000000266, -9.500000000000001776, 12.79999999999999893 ) ) ;
#907 = ADVANCED_FACE ( 'NONE', ( #8130 ), #4, .F. ) ;
#908 = EDGE_CURVE ( 'NONE', #2237, #5131, #6428, .T. ) ;
#909 = CARTESIAN_POINT ( 'NONE',  ( 3.167976289455125549, -13.02387321896448036, -16.93821083263500427 ) ) ;
#910 = B_SPLINE_CURVE_WITH_KNOTS ( 'NONE', 3,
 ( #5268, #8416, #6037, #3069, #1340, #1377, #4534, #9158, #3726, #5296, #8480, #570, #6068, #2209, #3826, #7670, #3031, #1306 ),
 .UNSPECIFIED., .F., .F.,
 ( 4, 2, 2, 2, 2, 2, 2, 2, 4 ),
 ( -1.574802300844119687E-05, 0.0003295906482095902726, 0.0006749293194276217251, 0.001365606661863679860, 0.002056284004299738320, 0.002746961346735796346, 0.004128316031607915000, 0.004818993374043971725, 0.005509670716480027583 ),
 .UNSPECIFIED. ) ;
#911 = VECTOR ( 'NONE', #3007, 1000.000000000000000 ) ;
#912 = FACE_OUTER_BOUND ( 'NONE', #6124, .T. ) ;
#913 = VERTEX_POINT ( 'NONE', #3969 ) ;
#914 = CARTESIAN_POINT ( 'NONE',  ( -1.800000000000000266, -9.500000000000001776, 24.80000000000000071 ) ) ;
#915 = CARTESIAN_POINT ( 'NONE',  ( 1.858053225393572649, -9.213769057276413932, -17.73920980744721021 ) ) ;
#916 = ORIENTED_EDGE ( 'NONE', *, *, #3827, .T. ) ;
#917 = FACE_OUTER_BOUND ( 'NONE', #7456, .T. ) ;
#918 = CARTESIAN_POINT ( 'NONE',  ( -0.2000000000000000111, -9.500000000000001776, 38.80000000000000426 ) ) ;
#919 = CARTESIAN_POINT ( 'NONE',  ( -0.8000000000000001554, 0.000000000000000000, 0.000000000000000000 ) ) ;
#920 = CARTESIAN_POINT ( 'NONE',  ( 81.00000000000000000, 7.687136352791988259, -0.1999999999999989564 ) ) ;
#921 = VERTEX_POINT ( 'NONE', #5456 ) ;
#922 = ADVANCED_FACE ( 'NONE', ( #7758 ), #9386, .T. ) ;
#923 = LINE ( 'NONE', #5386, #4608 ) ;
#924 = ORIENTED_EDGE ( 'NONE', *, *, #3667, .T. ) ;
#925 = EDGE_CURVE ( 'NONE', #4663, #2742, #6168, .T. ) ;
#926 = EDGE_LOOP ( 'NONE', ( #1068, #5333, #5982, #4620, #2583 ) ) ;
#927 = PLANE ( 'NONE',  #7684 ) ;
#928 = DIRECTION ( 'NONE',  ( 0.000000000000000000, 0.7071067811865491270, -0.7071067811865459074 ) ) ;
#929 = VERTEX_POINT ( 'NONE', #5527 ) ;
#930 = CARTESIAN_POINT ( 'NONE',  ( -1.800000000000000266, 17.99999999999999645, -11.53999999999999737 ) ) ;
#931 = VECTOR ( 'NONE', #8919, 1000.000000000000000 ) ;
#932 = DIRECTION ( 'NONE',  ( 0.000000000000000000, -0.000000000000000000, 1.000000000000000000 ) ) ;
#933 = VERTEX_POINT ( 'NONE', #1461 ) ;
#934 = CARTESIAN_POINT ( 'NONE',  ( 35.80000000000000426, -17.50000000000000000, 10.79999999999999716 ) ) ;
#935 = DIRECTION ( 'NONE',  ( 1.000000000000000000, 0.000000000000000000, 0.000000000000000000 ) ) ;
#936 = EDGE_LOOP ( 'NONE', ( #1845, #712, #4246, #8748, #481, #7120, #4409, #8372, #3500, #8679, #9280 ) ) ;
#937 = DIRECTION ( 'NONE',  ( -0.7071067811865489050, 0.7071067811865461294, 0.000000000000000000 ) ) ;
#938 = ORIENTED_EDGE ( 'NONE', *, *, #5076, .F. ) ;
#939 = DIRECTION ( 'NONE',  ( 0.000000000000000000, 0.000000000000000000, 1.000000000000000000 ) ) ;
#940 = ORIENTED_EDGE ( 'NONE', *, *, #2637, .T. ) ;
#941 = AXIS2_PLACEMENT_3D ( 'NONE', #2481, #7905, #860 ) ;
#942 = DIRECTION ( 'NONE',  ( 1.000000000000000000, 0.000000000000000000, -0.000000000000000000 ) ) ;
#943 = CARTESIAN_POINT ( 'NONE',  ( 0.1535574196838672134, -9.218509434662196966, -17.73934150620080530 ) ) ;
#944 = ORIENTED_EDGE ( 'NONE', *, *, #5909, .F. ) ;
#945 = ORIENTED_EDGE ( 'NONE', *, *, #4971, .T. ) ;
#946 = EDGE_CURVE ( 'NONE', #4076, #1601, #8477, .T. ) ;
#947 = EDGE_CURVE ( 'NONE', #6240, #8232, #2006, .T. ) ;
#948 = FACE_OUTER_BOUND ( 'NONE', #1435, .T. ) ;
#949 = CARTESIAN_POINT ( 'NONE',  ( 3.350054986806789259, -13.94743512940830854, -16.48657656029433127 ) ) ;
#950 = DIRECTION ( 'NONE',  ( 0.000000000000000000, -1.000000000000000000, -1.404986760216307406E-16 ) ) ;
#951 = CARTESIAN_POINT ( 'NONE',  ( 3.136338585949981272, -12.89939836674902018, -16.99032087624390996 ) ) ;
#952 = CARTESIAN_POINT ( 'NONE',  ( -1.800000000000000266, -9.500000000000001776, 4.799999999999998934 ) ) ;
#953 = VECTOR ( 'NONE', #8903, 1000.000000000000000 ) ;
#954 = VERTEX_POINT ( 'NONE', #6472 ) ;
#955 = DIRECTION ( 'NONE',  ( 0.000000000000000000, 0.000000000000000000, -1.000000000000000000 ) ) ;
#956 = CARTESIAN_POINT ( 'NONE',  ( 86.79999999999999716, -15.50000000000000711, 56.20000000000000284 ) ) ;
#957 = ORIENTED_EDGE ( 'NONE', *, *, #1748, .F. ) ;
#958 = AXIS2_PLACEMENT_3D ( 'NONE', #3189, #1598, #7083 ) ;
#959 = VECTOR ( 'NONE', #7107, 1000.000000000000114 ) ;
#960 = EDGE_CURVE ( 'NONE', #4800, #1507, #3843, .T. ) ;
#961 = AXIS2_PLACEMENT_3D ( 'NONE', #4544, #10002, #615 ) ;
#962 = EDGE_LOOP ( 'NONE', ( #10122, #1931, #3521, #365 ) ) ;
#963 = PLANE ( 'NONE',  #5818 ) ;
#964 = FACE_OUTER_BOUND ( 'NONE', #2740, .T. ) ;
#965 = ORIENTED_EDGE ( 'NONE', *, *, #2936, .T. ) ;
#966 = DIRECTION ( 'NONE',  ( -0.000000000000000000, 1.000000000000000000, -0.000000000000000000 ) ) ;
#967 = ORIENTED_EDGE ( 'NONE', *, *, #9791, .T. ) ;
#968 = LINE ( 'NONE', #8429, #467 ) ;
#969 = ORIENTED_EDGE ( 'NONE', *, *, #2978, .T. ) ;
#970 = DIRECTION ( 'NONE',  ( 0.000000000000000000, 0.000000000000000000, -1.000000000000000000 ) ) ;
#971 = CARTESIAN_POINT ( 'NONE',  ( -0.5465149558301332089, -10.58507173867424989, -17.59653913212126142 ) ) ;
#972 = EDGE_CURVE ( 'NONE', #2869, #360, #7493, .T. ) ;
#973 = ORIENTED_EDGE ( 'NONE', *, *, #1223, .T. ) ;
#974 = AXIS2_PLACEMENT_3D ( 'NONE', #5971, #9840, #9151 ) ;
#975 = ADVANCED_FACE ( 'NONE', ( #1380 ), #7217, .T. ) ;
#976 = DIRECTION ( 'NONE',  ( -1.000000000000000000, 0.000000000000000000, 0.000000000000000000 ) ) ;
#977 = PLANE ( 'NONE',  #2215 ) ;
#978 = CARTESIAN_POINT ( 'NONE',  ( -1.800000000000000266, 17.99999999999999645, -17.73999999999999844 ) ) ;
#979 = DIRECTION ( 'NONE',  ( -0.000000000000000000, 1.234678630588475078E-16, -1.000000000000000000 ) ) ;
#980 = ORIENTED_EDGE ( 'NONE', *, *, #6935, .F. ) ;
#981 = EDGE_LOOP ( 'NONE', ( #7476, #9171, #7080, #4864 ) ) ;
#982 = DIRECTION ( 'NONE',  ( 0.000000000000000000, 0.000000000000000000, -1.000000000000000000 ) ) ;
#983 = CARTESIAN_POINT ( 'NONE',  ( 3.121286932242023138, -12.84202812039209185, -17.01367441625530219 ) ) ;
#984 = VERTEX_POINT ( 'NONE', #9508 ) ;
#985 = DIRECTION ( 'NONE',  ( 0.000000000000000000, -0.7071067811865511255, -0.7071067811865440200 ) ) ;
#987 = EDGE_CURVE ( 'NONE', #1975, #8325, #1002, .T. ) ;
#986 = DIRECTION ( 'NONE',  ( -0.000000000000000000, -0.000000000000000000, 1.000000000000000000 ) ) ;
#988 = CARTESIAN_POINT ( 'NONE',  ( 87.03138590284930842, -10.35033533290997099, -17.63864607138569340 ) ) ;
#989 = ORIENTED_EDGE ( 'NONE', *, *, #9561, .F. ) ;
#990 = ORIENTED_EDGE ( 'NONE', *, *, #10052, .F. ) ;
#991 = VECTOR ( 'NONE', #2561, 1000.000000000000000 ) ;
#992 = ORIENTED_EDGE ( 'NONE', *, *, #4426, .T. ) ;
#993 = FACE_BOUND ( 'NONE', #555, .T. ) ;
#994 = CARTESIAN_POINT ( 'NONE',  ( 88.00000000000001421, -9.099999999999996092, -7.739999999999998437 ) ) ;
#995 = DIRECTION ( 'NONE',  ( -0.000000000000000000, -1.000000000000000000, -0.000000000000000000 ) ) ;
#996 = DIRECTION ( 'NONE',  ( 0.000000000000000000, -1.000000000000000000, -1.301042606983479970E-16 ) ) ;
#997 = VECTOR ( 'NONE', #1677, 1000.000000000000000 ) ;
#998 = ORIENTED_EDGE ( 'NONE', *, *, #6700, .F. ) ;
#999 = AXIS2_PLACEMENT_3D ( 'NONE', #4058, #8018, #8057 ) ;
#1000 = CARTESIAN_POINT ( 'NONE',  ( 70.60000000000000853, 15.00000000000000000, -11.50000000000000000 ) ) ;
#1001 = LINE ( 'NONE', #8246, #7613 ) ;
#1002 = LINE ( 'NONE', #8656, #3268 ) ;
#1003 = EDGE_CURVE ( 'NONE', #1450, #8924, #6909, .T. ) ;
#1004 = LINE ( 'NONE', #386, #1998 ) ;
#1005 = LINE ( 'NONE', #337, #6278 ) ;
#1006 = ORIENTED_EDGE ( 'NONE', *, *, #9931, .T. ) ;
#1007 = CARTESIAN_POINT ( 'NONE',  ( 56.14253532234943123, -18.70000000000581153, 21.99325111527760868 ) ) ;
#1008 = DIRECTION ( 'NONE',  ( 0.000000000000000000, 1.000000000000000000, -0.000000000000000000 ) ) ;
#1009 = CARTESIAN_POINT ( 'NONE',  ( -1.201357357077293964, -12.02993485198157764, -17.16838289445327703 ) ) ;
#1010 = CARTESIAN_POINT ( 'NONE',  ( -1.800000000000000266, -9.500000000000001776, 34.79999999999999716 ) ) ;
#1011 = VECTOR ( 'NONE', #8290, 1000.000000000000000 ) ;
#1012 = LINE ( 'NONE', #7722, #6550 ) ;
#1013 = MECHANICAL_DESIGN_GEOMETRIC_PRESENTATION_REPRESENTATION (  '', ( #1411 ), #4247 ) ;
#1014 = ORIENTED_EDGE ( 'NONE', *, *, #6775, .T. ) ;
#1015 = DIRECTION ( 'NONE',  ( -1.000000000000000000, -0.000000000000000000, -0.000000000000000000 ) ) ;
#1016 = CARTESIAN_POINT ( 'NONE',  ( 2.566584061478935030, -11.10768237792464141, -17.53711514264491811 ) ) ;
#1017 = DIRECTION ( 'NONE',  ( 1.000000000000000000, 0.000000000000000000, -0.000000000000000000 ) ) ;
#1018 = VERTEX_POINT ( 'NONE', #7904 ) ;
#1019 = EDGE_CURVE ( 'NONE', #572, #7813, #3619, .T. ) ;
#1020 = EDGE_CURVE ( 'NONE', #3720, #10113, #9487, .T. ) ;
#1021 = DIRECTION ( 'NONE',  ( 0.000000000000000000, 0.000000000000000000, -1.000000000000000000 ) ) ;
#1022 = CARTESIAN_POINT ( 'NONE',  ( 86.63193229949862939, -9.555032649180239090, -17.72735518186384240 ) ) ;
#1023 = CARTESIAN_POINT ( 'NONE',  ( -0.2000000000000000111, -9.500000000000001776, 36.79999999999999716 ) ) ;
#1024 = VECTOR ( 'NONE', #1328, 1000.000000000000114 ) ;
#1025 = ADVANCED_FACE ( 'NONE', ( #1499 ), #9364, .T. ) ;
#1026 = ORIENTED_EDGE ( 'NONE', *, *, #2005, .T. ) ;
#1027 = VERTEX_POINT ( 'NONE', #691 ) ;
#1028 = ORIENTED_EDGE ( 'NONE', *, *, #187, .F. ) ;
#1029 = EDGE_CURVE ( 'NONE', #425, #9525, #6777, .T. ) ;
#1030 = CARTESIAN_POINT ( 'NONE',  ( 1.799999999999996048, -17.50000000000000000, -2.755455298081544778E-15 ) ) ;
#1031 = CARTESIAN_POINT ( 'NONE',  ( 21.00677727426997166, -9.494633136679889063, -0.2000000000000013989 ) ) ;
#1032 = CARTESIAN_POINT ( 'NONE',  ( 72.13997737898102969, -10.28396397068920365, -17.67037772708032506 ) ) ;
#1033 = CARTESIAN_POINT ( 'NONE',  ( 29.84999999996629327, 4.300000000001125144, -0.1999999999999994837 ) ) ;
#1034 = FACE_OUTER_BOUND ( 'NONE', #6819, .T. ) ;
#1035 = AXIS2_PLACEMENT_3D ( 'NONE', #9648, #4151, #3364 ) ;
#1036 = LINE ( 'NONE', #4381, #3877 ) ;
#1037 = ORIENTED_EDGE ( 'NONE', *, *, #6341, .F. ) ;
#1038 = ORIENTED_EDGE ( 'NONE', *, *, #8196, .F. ) ;
#1039 = CARTESIAN_POINT ( 'NONE',  ( 46.80000000000000426, -18.70000000000000995, 32.75000000000000000 ) ) ;
#1040 = CARTESIAN_POINT ( 'NONE',  ( -0.2000000000000000111, -9.500000000000001776, 30.80000000000000071 ) ) ;
#1041 = CARTESIAN_POINT ( 'NONE',  ( 0.1709766426716696208, -9.156873924675267062, -17.73984228883568193 ) ) ;
#1042 = LINE ( 'NONE', #1740, #10085 ) ;
#1043 = PLANE ( 'NONE',  #1035 ) ;
#1044 = VECTOR ( 'NONE', #6689, 1000.000000000000000 ) ;
#1045 = VECTOR ( 'NONE', #7533, 999.9999999999998863 ) ;
#1046 = LINE ( 'NONE', #1420, #185 ) ;
#1047 = CARTESIAN_POINT ( 'NONE',  ( -1.800000000000000266, -9.500000000000001776, 28.80000000000000071 ) ) ;
#1048 = CARTESIAN_POINT ( 'NONE',  ( 1.799999999999996048, -17.50000000000000000, -2.755455298081544778E-15 ) ) ;
#1049 = ORIENTED_EDGE ( 'NONE', *, *, #3476, .T. ) ;
#1050 = LINE ( 'NONE', #7920, #3168 ) ;
#1051 = EDGE_CURVE ( 'NONE', #4685, #9475, #5077, .T. ) ;
#1052 = B_SPLINE_CURVE_WITH_KNOTS ( 'NONE', 3,
 ( #2225, #893, #9353, #6286 ),
 .UNSPECIFIED., .F., .F.,
 ( 4, 4 ),
 ( 0.001171891790625621604, 0.003516978518623962817 ),
 .UNSPECIFIED. ) ;
#1053 = CARTESIAN_POINT ( 'NONE',  ( 1.945104527880172629, -9.384480584939806747, -17.73494117051661689 ) ) ;
#1054 = PLANE ( 'NONE',  #705 ) ;
#1055 = ORIENTED_EDGE ( 'NONE', *, *, #295, .T. ) ;
#1056 = CIRCLE ( 'NONE', #3970, 10.00000000000000000 ) ;
#1057 = LINE ( 'NONE', #4964, #5113 ) ;
#1058 = CARTESIAN_POINT ( 'NONE',  ( 115.5777823144534295, -17.49999999999999645, -35.17925417702880964 ) ) ;
#1059 = CARTESIAN_POINT ( 'NONE',  ( -1.800000000000000266, -9.099999999999987210, -15.74000000000000377 ) ) ;
#1060 = ORIENTED_EDGE ( 'NONE', *, *, #5975, .F. ) ;
#1061 = EDGE_CURVE ( 'NONE', #9330, #8053, #878, .T. ) ;
#1062 = CARTESIAN_POINT ( 'NONE',  ( 9.600000000000001421, -19.10000000000000142, 49.29999999999999716 ) ) ;
#1063 = EDGE_LOOP ( 'NONE', ( #3556, #6625, #8025, #821, #1681, #1455 ) ) ;
#1064 = FACE_OUTER_BOUND ( 'NONE', #4019, .T. ) ;
#1065 = DIRECTION ( 'NONE',  ( 0.000000000000000000, 0.000000000000000000, -1.000000000000000000 ) ) ;
#1066 = CARTESIAN_POINT ( 'NONE',  ( 71.06102210368143801, -13.86318290930058339, -16.53364112356639737 ) ) ;
#1067 = VECTOR ( 'NONE', #390, 1000.000000000000000 ) ;
#1068 = ORIENTED_EDGE ( 'NONE', *, *, #9931, .F. ) ;
#1069 = DIRECTION ( 'NONE',  ( 0.000000000000000000, 1.234678630588475078E-16, -1.000000000000000000 ) ) ;
#1070 = DIRECTION ( 'NONE',  ( 1.000000000000000000, -0.000000000000000000, -0.000000000000000000 ) ) ;
#1071 = VERTEX_POINT ( 'NONE', #2523 ) ;
#1072 = LINE ( 'NONE', #9012, #7560 ) ;
#1073 = ORIENTED_EDGE ( 'NONE', *, *, #1911, .F. ) ;
#1074 = ORIENTED_EDGE ( 'NONE', *, *, #9129, .F. ) ;
#1075 = ORIENTED_EDGE ( 'NONE', *, *, #6760, .T. ) ;
#1076 = ORIENTED_EDGE ( 'NONE', *, *, #354, .F. ) ;
#1077 = ADVANCED_FACE ( 'NONE', ( #2641 ), #3325, .T. ) ;
#1078 = CARTESIAN_POINT ( 'NONE',  ( -1.000000000000000000, -4.545900930049278088, 20.39936534720461481 ) ) ;
#1079 = DIRECTION ( 'NONE',  ( 0.000000000000000000, -1.000000000000000000, -0.000000000000000000 ) ) ;
#1080 = DIRECTION ( 'NONE',  ( 0.000000000000000000, -3.001251688541188813E-16, 1.000000000000000000 ) ) ;
#1081 = CARTESIAN_POINT ( 'NONE',  ( 86.79999999999999716, -15.54999999999981419, 1.950000000000472244 ) ) ;
#1082 = CARTESIAN_POINT ( 'NONE',  ( 70.59999999999999432, 11.79999999999999893, -11.50000000000000000 ) ) ;
#1083 = EDGE_CURVE ( 'NONE', #847, #1273, #8575, .T. ) ;
#1084 = EDGE_CURVE ( 'NONE', #818, #9339, #504, .T. ) ;
#1085 = ORIENTED_EDGE ( 'NONE', *, *, #9337, .F. ) ;
#1086 = DIRECTION ( 'NONE',  ( 0.000000000000000000, -1.234678630588475078E-16, 1.000000000000000000 ) ) ;
#1087 = DIRECTION ( 'NONE',  ( 0.000000000000000000, -1.000000000000000000, -1.234678630588475078E-16 ) ) ;
#1088 = PLANE ( 'NONE',  #869 ) ;
#1089 = DIRECTION ( 'NONE',  ( 1.000000000000000000, 0.000000000000000000, 0.000000000000000000 ) ) ;
#1090 = DIRECTION ( 'NONE',  ( -0.7071067811865462405, 2.122205421015054357E-16, -0.7071067811865487940 ) ) ;
#1091 = CARTESIAN_POINT ( 'NONE',  ( 38.25508324815965722, -17.50000000000000355, 40.44638861441639222 ) ) ;
#1092 = LINE ( 'NONE', #3539, #215 ) ;
#1093 = PRODUCT_RELATED_PRODUCT_CATEGORY ( 'part', '', ( #4938 ) ) ;
#1094 = ORIENTED_EDGE ( 'NONE', *, *, #10019, .T. ) ;
#1095 = ORIENTED_EDGE ( 'NONE', *, *, #7342, .T. ) ;
#1096 = VERTEX_POINT ( 'NONE', #4016 ) ;
#1097 = VECTOR ( 'NONE', #5181, 1000.000000000000000 ) ;
#1098 = DIRECTION ( 'NONE',  ( 0.000000000000000000, 1.000000000000000000, 0.000000000000000000 ) ) ;
#1099 = PLANE ( 'NONE',  #2489 ) ;
#1100 = VERTEX_POINT ( 'NONE', #2598 ) ;
#1101 = CARTESIAN_POINT ( 'NONE',  ( 46.80000000000000426, -19.10000000000000497, 32.75000000000000000 ) ) ;
#1102 = CARTESIAN_POINT ( 'NONE',  ( 46.80000000000000426, -27.50000000000000355, 32.75000000000000000 ) ) ;
#1103 = DIRECTION ( 'NONE',  ( 0.000000000000000000, -0.7071067811865467956, -0.7071067811865483499 ) ) ;
#1104 = LINE ( 'NONE', #8349, #7466 ) ;
#1105 = VERTEX_POINT ( 'NONE', #832 ) ;
#1106 = ADVANCED_FACE ( 'NONE', ( #3014 ), #4826, .F. ) ;
#1107 = EDGE_LOOP ( 'NONE', ( #2119, #823, #589, #5023 ) ) ;
#1108 = ORIENTED_EDGE ( 'NONE', *, *, #3708, .T. ) ;
#1109 = CARTESIAN_POINT ( 'NONE',  ( 39.01621927114653943, -17.90000000000000213, 23.55200570877342869 ) ) ;
#1110 = ORIENTED_EDGE ( 'NONE', *, *, #9071, .F. ) ;
#1111 = EDGE_CURVE ( 'NONE', #4916, #3, #140, .T. ) ;
#1112 = EDGE_LOOP ( 'NONE', ( #6860, #1464, #1647, #4851, #1006, #9599 ) ) ;
#1113 = CARTESIAN_POINT ( 'NONE',  ( 4.800000000000001599, -19.10000000000000142, 12.79999999999999893 ) ) ;
#1114 = VECTOR ( 'NONE', #1103, 1000.000000000000000 ) ;
#1115 = CARTESIAN_POINT ( 'NONE',  ( 0.1999999999999998723, -9.099999999999997868, -17.74000000000000554 ) ) ;
#1116 = ORIENTED_EDGE ( 'NONE', *, *, #7705, .F. ) ;
#1117 = CARTESIAN_POINT ( 'NONE',  ( 1.799999999999995381, -17.50000000000000000, 34.79999999999999716 ) ) ;
#1118 = DIRECTION ( 'NONE',  ( 1.000000000000000000, 0.000000000000000000, 0.000000000000000000 ) ) ;
#1119 = CIRCLE ( 'NONE', #9911, 1.000000000000000000 ) ;
#1120 = ORIENTED_EDGE ( 'NONE', *, *, #9170, .F. ) ;
#1121 = ORIENTED_EDGE ( 'NONE', *, *, #8514, .F. ) ;
#1122 = CARTESIAN_POINT ( 'NONE',  ( 55.60803265419635721, -17.70000000000000995, 40.14381909182331043 ) ) ;
#1123 = ORIENTED_EDGE ( 'NONE', *, *, #537, .F. ) ;
#1125 = EDGE_CURVE ( 'NONE', #8510, #4292, #8231, .T. ) ;
#1124 = CARTESIAN_POINT ( 'NONE',  ( -0.2000000000000000111, -9.500000000000001776, 44.79999999999999716 ) ) ;
#1126 = CARTESIAN_POINT ( 'NONE',  ( 87.62573270904599099, -12.49746499043202519, -17.14597114140268985 ) ) ;
#1127 = CARTESIAN_POINT ( 'NONE',  ( -1.396123723890872359, -14.42194677604305930, -16.20718270669480532 ) ) ;
#1128 = TOROIDAL_SURFACE ( 'NONE', #1956, 5.099999999999996092, 0.4000000000000000222 ) ;
#1129 = LINE ( 'NONE', #7271, #4561 ) ;
#1130 = ORIENTED_EDGE ( 'NONE', *, *, #6599, .F. ) ;
#1131 = ADVANCED_FACE ( 'NONE', ( #8716 ), #8933, .F. ) ;
#1132 = ORIENTED_EDGE ( 'NONE', *, *, #4174, .F. ) ;
#1133 = FACE_OUTER_BOUND ( 'NONE', #8357, .T. ) ;
#1134 = CARTESIAN_POINT ( 'NONE',  ( 14.19999999999999041, -0.09999999999999882594, 56.84969335805276103 ) ) ;
#1135 = LINE ( 'NONE', #8864, #5571 ) ;
#1136 = DIRECTION ( 'NONE',  ( 0.000000000000000000, 1.000000000000000000, 0.000000000000000000 ) ) ;
#1137 = DIRECTION ( 'NONE',  ( 0.000000000000000000, 0.1564344650402291481, 0.9876883405951381034 ) ) ;
#1138 = CARTESIAN_POINT ( 'NONE',  ( -0.2000000000000000111, -0.09999999999999939493, 56.20000000000000284 ) ) ;
#1139 = LINE ( 'NONE', #3504, #5448 ) ;
#1140 = ORIENTED_EDGE ( 'NONE', *, *, #353, .F. ) ;
#1141 = ORIENTED_EDGE ( 'NONE', *, *, #4911, .T. ) ;
#1142 = ORIENTED_EDGE ( 'NONE', *, *, #7632, .T. ) ;
#1143 = CYLINDRICAL_SURFACE ( 'NONE', #2618, 0.4000000000000005773 ) ;
#1144 = EDGE_CURVE ( 'NONE', #4062, #4175, #1871, .T. ) ;
#1145 = EDGE_CURVE ( 'NONE', #4529, #8249, #1856, .T. ) ;
#1146 = ORIENTED_EDGE ( 'NONE', *, *, #3276, .F. ) ;
#1147 = DIRECTION ( 'NONE',  ( 1.000000000000000000, 0.000000000000000000, 0.000000000000000000 ) ) ;
#1148 = ORIENTED_EDGE ( 'NONE', *, *, #595, .F. ) ;
#1149 = CARTESIAN_POINT ( 'NONE',  ( 72.25692902100817605, -9.774366381258465353, -17.71036009139042378 ) ) ;
#1150 = CARTESIAN_POINT ( 'NONE',  ( 88.40000000000000568, -0.1000000000000000056, 18.75000000000047251 ) ) ;
#1151 = CARTESIAN_POINT ( 'NONE',  ( 9.600000000000001421, -17.50000000000000711, 52.09999999999999432 ) ) ;
#1152 = ORIENTED_EDGE ( 'NONE', *, *, #6509, .T. ) ;
#1153 = VERTEX_POINT ( 'NONE', #2699 ) ;
#1154 = DIRECTION ( 'NONE',  ( 1.000000000000000000, -0.000000000000000000, -0.000000000000000000 ) ) ;
#1155 = ORIENTED_EDGE ( 'NONE', *, *, #2453, .T. ) ;
#1156 = VECTOR ( 'NONE', #800, 1000.000000000000000 ) ;
#1157 = VECTOR ( 'NONE', #5711, 1000.000000000000000 ) ;
#1158 = VECTOR ( 'NONE', #4404, 1000.000000000000114 ) ;
#1159 = ORIENTED_EDGE ( 'NONE', *, *, #5541, .T. ) ;
#1161 = ADVANCED_FACE ( 'NONE', ( #7622 ), #5004, .F. ) ;
#1160 = DIRECTION ( 'NONE',  ( 0.000000000000000000, -1.000000000000000000, 0.000000000000000000 ) ) ;
#1162 = DIRECTION ( 'NONE',  ( 1.000000000000000000, -0.000000000000000000, -0.000000000000000000 ) ) ;
#1163 = DIRECTION ( 'NONE',  ( 0.000000000000000000, 0.000000000000000000, -1.000000000000000000 ) ) ;
#1164 = VECTOR ( 'NONE', #1008, 1000.000000000000000 ) ;
#1165 = EDGE_CURVE ( 'NONE', #71, #3642, #5069, .T. ) ;
#1166 = CARTESIAN_POINT ( 'NONE',  ( 87.52108588566217406, -12.15201547081522548, -17.26365241204402778 ) ) ;
#1167 = CARTESIAN_POINT ( 'NONE',  ( -1.800000000000000266, -17.50000000000000000, 40.80000000000000426 ) ) ;
#1168 = EDGE_LOOP ( 'NONE', ( #8940, #654, #391, #2783, #3245 ) ) ;
#1169 = ORIENTED_EDGE ( 'NONE', *, *, #3124, .T. ) ;
#1170 = CIRCLE ( 'NONE', #6137, 5.499999999999998224 ) ;
#1171 = ORIENTED_EDGE ( 'NONE', *, *, #9651, .F. ) ;
#1172 = EDGE_CURVE ( 'NONE', #5560, #9024, #2115, .T. ) ;
#1173 = CARTESIAN_POINT ( 'NONE',  ( 39.10361138558357652, -17.50000000000000355, 24.20508324815967782 ) ) ;
#1174 = ORIENTED_EDGE ( 'NONE', *, *, #8474, .F. ) ;
#1175 = CARTESIAN_POINT ( 'NONE',  ( 71.23445046164756889, -13.01410568776493193, -16.94237148018464012 ) ) ;
#1176 = DIRECTION ( 'NONE',  ( -0.000000000000000000, -1.000000000000000000, -0.000000000000000000 ) ) ;
#1177 = DIRECTION ( 'NONE',  ( 1.000000000000000000, 0.000000000000000000, 0.000000000000000000 ) ) ;
#1178 = EDGE_CURVE ( 'NONE', #814, #6835, #6789, .T. ) ;
#1179 = EDGE_CURVE ( 'NONE', #51, #5781, #10, .T. ) ;
#1180 = CARTESIAN_POINT ( 'NONE',  ( 43.68284214599196957, -27.50000000000000355, 28.21862858361886239 ) ) ;
#1181 = EDGE_LOOP ( 'NONE', ( #7075, #6458, #2984, #3255 ) ) ;
#1182 = ORIENTED_EDGE ( 'NONE', *, *, #6166, .T. ) ;
#1183 = VERTEX_POINT ( 'NONE', #5786 ) ;
#1184 = ADVANCED_FACE ( 'NONE', ( #4221 ), #3731, .F. ) ;
#1185 = CARTESIAN_POINT ( 'NONE',  ( 86.79999999999999716, -18.20262464989040296, 21.29999999999972360 ) ) ;
#1186 = DIRECTION ( 'NONE',  ( -0.7071067811865513475, -8.730496322752263360E-17, 0.7071067811865437980 ) ) ;
#1188 = DIRECTION ( 'NONE',  ( 0.7071067811865492381, -0.7071067811865457964, 0.000000000000000000 ) ) ;
#1187 = CARTESIAN_POINT ( 'NONE',  ( 70.66695986050169154, -13.72837460825550338, -16.25326140781193374 ) ) ;
#1189 = CARTESIAN_POINT ( 'NONE',  ( -0.2000000000000000111, -9.500000000000001776, 12.79999999999999893 ) ) ;
#1190 = DIRECTION ( 'NONE',  ( -1.000000000000000000, 0.000000000000000000, 0.000000000000000000 ) ) ;
#1191 = VECTOR ( 'NONE', #3155, 1000.000000000000000 ) ;
#1192 = EDGE_CURVE ( 'NONE', #7106, #7352, #6030, .T. ) ;
#1193 = EDGE_LOOP ( 'NONE', ( #4558, #9430, #8, #9969 ) ) ;
#1194 = ORIENTED_EDGE ( 'NONE', *, *, #7324, .T. ) ;
#1195 = CARTESIAN_POINT ( 'NONE',  ( 1.799999999999996048, -17.50000000000000000, -2.755455298081544778E-15 ) ) ;
#1196 = ORIENTED_EDGE ( 'NONE', *, *, #8135, .F. ) ;
#1197 = CARTESIAN_POINT ( 'NONE',  ( 1.811557909772484543, -9.129490619516062111, -17.74000023431014128 ) ) ;
#1198 = CARTESIAN_POINT ( 'NONE',  ( 84.20000000000001705, 11.79999999999999893, -13.64999999999999858 ) ) ;
#1199 = DIRECTION ( 'NONE',  ( 0.000000000000000000, -1.000000000000000000, 0.000000000000000000 ) ) ;
#1200 = CARTESIAN_POINT ( 'NONE',  ( 87.12415262829924245, -10.99071730250953571, -17.56035615413233941 ) ) ;
#1201 = CARTESIAN_POINT ( 'NONE',  ( -1.400000000000012346, -18.70000000000001350, 57.79999999999999716 ) ) ;
#1202 = ORIENTED_EDGE ( 'NONE', *, *, #3728, .T. ) ;
#1203 = VECTOR ( 'NONE', #7408, 1000.000000000000000 ) ;
#1204 = EDGE_LOOP ( 'NONE', ( #7581, #6645, #2408, #693, #7218, #4205, #9405, #4547, #1169 ) ) ;
#1205 = AXIS2_PLACEMENT_3D ( 'NONE', #9733, #3530, #2840 ) ;
#1206 = DIRECTION ( 'NONE',  ( -0.000000000000000000, 1.000000000000000000, -0.000000000000000000 ) ) ;
#1207 = CARTESIAN_POINT ( 'NONE',  ( 70.84117568255608433, -13.02267275004189884, -16.69275778217439310 ) ) ;
#1208 = CARTESIAN_POINT ( 'NONE',  ( 35.80000000000000426, -19.09999999999999787, 5.799999999999999822 ) ) ;
#1209 = PLANE ( 'NONE',  #6904 ) ;
#1210 = VERTEX_POINT ( 'NONE', #1831 ) ;
#1211 = EDGE_CURVE ( 'NONE', #1071, #9747, #5559, .T. ) ;
#1212 = ORIENTED_EDGE ( 'NONE', *, *, #3158, .F. ) ;
#1213 = ADVANCED_FACE ( 'NONE', ( #7614 ), #753, .T. ) ;
#1214 = VECTOR ( 'NONE', #8182, 1000.000000000000000 ) ;
#1215 = CARTESIAN_POINT ( 'NONE',  ( 46.79999999999999716, -19.10000000000000142, 34.16421356237310647 ) ) ;
#1216 = CARTESIAN_POINT ( 'NONE',  ( 21.74999999999953459, -3.900000000004009593, -1.800000000000000044 ) ) ;
#1217 = AXIS2_PLACEMENT_3D ( 'NONE', #22, #4696, #7034 ) ;
#1218 = DIRECTION ( 'NONE',  ( 0.000000000000000000, 0.000000000000000000, 1.000000000000000000 ) ) ;
#1219 = CARTESIAN_POINT ( 'NONE',  ( 71.92539904654762495, -10.43846426097498004, -17.62279696273746410 ) ) ;
#1220 = PLANE ( 'NONE',  #2925 ) ;
#1221 = DIRECTION ( 'NONE',  ( 0.000000000000000000, 1.000000000000000000, 0.000000000000000000 ) ) ;
#1222 = DIRECTION ( 'NONE',  ( 1.000000000000000000, -0.000000000000000000, -0.000000000000000000 ) ) ;
#1223 = EDGE_CURVE ( 'NONE', #7637, #8838, #9431, .T. ) ;
#1224 = EDGE_CURVE ( 'NONE', #8824, #1959, #3254, .T. ) ;
#1225 = CONICAL_SURFACE ( 'NONE', #9710, 9.600000000000004974, 0.7853981633974613796 ) ;
#1226 = ORIENTED_EDGE ( 'NONE', *, *, #2978, .F. ) ;
#1227 = ORIENTED_EDGE ( 'NONE', *, *, #2568, .T. ) ;
#1228 = CARTESIAN_POINT ( 'NONE',  ( -1.800000000000000266, -9.500000000000001776, 16.80000000000000071 ) ) ;
#1229 = CARTESIAN_POINT ( 'NONE',  ( -0.2000000000000000111, -15.50000000000001776, 12.79999999999999893 ) ) ;
#1230 = VERTEX_POINT ( 'NONE', #4215 ) ;
#1231 = VECTOR ( 'NONE', #5315, 1000.000000000000000 ) ;
#1232 = DIRECTION ( 'NONE',  ( 0.000000000000000000, 1.000000000000000000, 1.084202172485503448E-16 ) ) ;
#1233 = CARTESIAN_POINT ( 'NONE',  ( 70.60000000000000853, 18.00000000000000000, -17.73999999999999844 ) ) ;
#1234 = CARTESIAN_POINT ( 'NONE',  ( 87.67448905000725290, -12.66981896494609039, -17.08131453687338919 ) ) ;
#1235 = DIRECTION ( 'NONE',  ( 0.000000000000000000, -1.000000000000000000, 0.000000000000000000 ) ) ;
#1236 = ORIENTED_EDGE ( 'NONE', *, *, #1556, .F. ) ;
#1237 = CARTESIAN_POINT ( 'NONE',  ( -1.800000000000000266, -14.40659966456863472, -15.74000000000000377 ) ) ;
#1238 = VECTOR ( 'NONE', #8448, 1000.000000000000114 ) ;
#1239 = ORIENTED_EDGE ( 'NONE', *, *, #8283, .T. ) ;
#1240 = ADVANCED_FACE ( 'NONE', ( #7368 ), #8105, .F. ) ;
#1241 = ORIENTED_EDGE ( 'NONE', *, *, #9743, .T. ) ;
#1242 = LINE ( 'NONE', #6304, #4324 ) ;
#1243 = CARTESIAN_POINT ( 'NONE',  ( 72.58844209022383609, -9.129490619514465166, -17.74000023429535133 ) ) ;
#1244 = CARTESIAN_POINT ( 'NONE',  ( 43.57175821986211872, -17.76741802158619166, 28.29504388948806692 ) ) ;
#1245 = ORIENTED_EDGE ( 'NONE', *, *, #3410, .T. ) ;
#1246 = VECTOR ( 'NONE', #668, 1000.000000000000000 ) ;
#1247 = EDGE_CURVE ( 'NONE', #4791, #1273, #505, .T. ) ;
#1248 = AXIS2_PLACEMENT_3D ( 'NONE', #8904, #1232, #2803 ) ;
#1249 = ORIENTED_EDGE ( 'NONE', *, *, #4117, .T. ) ;
#1250 = CARTESIAN_POINT ( 'NONE',  ( 71.19473069322506831, -12.03951196094222098, -17.16453714233940531 ) ) ;
#1251 = CARTESIAN_POINT ( 'NONE',  ( 71.06028979551237512, -13.86872614196303033, -16.53054711228350726 ) ) ;
#1252 = VERTEX_POINT ( 'NONE', #5137 ) ;
#1253 = DIRECTION ( 'NONE',  ( -0.000000000000000000, 1.000000000000000000, 3.001251688541188813E-16 ) ) ;
#1254 = CARTESIAN_POINT ( 'NONE',  ( 1.799999999999996270, -17.50000000000000000, 22.80000000000000071 ) ) ;
#1255 = VECTOR ( 'NONE', #8822, 1000.000000000000000 ) ;
#1256 = LINE ( 'NONE', #5923, #6663 ) ;
#1257 = DIRECTION ( 'NONE',  ( -0.000000000000000000, -0.000000000000000000, 1.000000000000000000 ) ) ;
#1258 = ORIENTED_EDGE ( 'NONE', *, *, #10019, .F. ) ;
#1260 = EDGE_CURVE ( 'NONE', #2714, #5895, #2516, .T. ) ;
#1259 = DIRECTION ( 'NONE',  ( -1.399999999999999714E-14, -9.999999999999999988E-15, -1.000000000000000000 ) ) ;
#1261 = CARTESIAN_POINT ( 'NONE',  ( 2.538463312477354794, -10.56894866868691452, -17.59878990351330330 ) ) ;
#1262 = CARTESIAN_POINT ( 'NONE',  ( -1.399995247245544583, -14.52680979006852269, -16.14026162354307203 ) ) ;
#1263 = AXIS2_PLACEMENT_3D ( 'NONE', #5398, #7007, #3139 ) ;
#1264 = DIRECTION ( 'NONE',  ( 1.000000000000000000, 0.000000000000000000, -0.000000000000000000 ) ) ;
#1265 = ORIENTED_EDGE ( 'NONE', *, *, #1698, .T. ) ;
#1266 = CARTESIAN_POINT ( 'NONE',  ( 17.00677727426996810, -9.494633136679889063, -2.000000000000000000 ) ) ;
#1267 = ORIENTED_EDGE ( 'NONE', *, *, #9732, .T. ) ;
#1268 = CARTESIAN_POINT ( 'NONE',  ( 57.89808644074201283, -18.96600906759275063, 42.81006650947288961 ) ) ;
#1269 = PLANE ( 'NONE',  #4327 ) ;
#1270 = FACE_OUTER_BOUND ( 'NONE', #926, .T. ) ;
#1271 = CARTESIAN_POINT ( 'NONE',  ( 46.80000000000000426, -18.70000000000000284, 32.75000000000000000 ) ) ;
#1272 = ORIENTED_EDGE ( 'NONE', *, *, #5762, .T. ) ;
#1273 = VERTEX_POINT ( 'NONE', #1254 ) ;
#1274 = CYLINDRICAL_SURFACE ( 'NONE', #7128, 1.000000000000000888 ) ;
#1275 = ORIENTED_EDGE ( 'NONE', *, *, #2268, .T. ) ;
#1276 = EDGE_CURVE ( 'NONE', #9415, #8644, #6780, .T. ) ;
#1277 = EDGE_CURVE ( 'NONE', #4030, #6993, #7496, .T. ) ;
#1278 = VECTOR ( 'NONE', #600, 1000.000000000000000 ) ;
#1279 = ADVANCED_FACE ( 'NONE', ( #9201 ), #9105, .T. ) ;
#1280 = CARTESIAN_POINT ( 'NONE',  ( -1.800000000000000266, -9.500000000000001776, 24.80000000000000071 ) ) ;
#1282 = CARTESIAN_POINT ( 'NONE',  ( 57.70377939269471312, -18.77549460893409261, 23.26043416967852551 ) ) ;
#1281 = CARTESIAN_POINT ( 'NONE',  ( 71.04656050711774640, -12.41966975700696807, -16.99971670488965003 ) ) ;
#1283 = CARTESIAN_POINT ( 'NONE',  ( -0.8000000000000001554, -0.1000000000000002554, 6.599999999999999645 ) ) ;
#1284 = FACE_OUTER_BOUND ( 'NONE', #5256, .T. ) ;
#1285 = LINE ( 'NONE', #2785, #6940 ) ;
#1286 = DIRECTION ( 'NONE',  ( 1.000000000000000000, 0.000000000000000000, 0.000000000000000000 ) ) ;
#1287 = CARTESIAN_POINT ( 'NONE',  ( 16.19999999999999218, -0.09999999999999889533, 57.79999999999999716 ) ) ;
#1288 = VERTEX_POINT ( 'NONE', #8292 ) ;
#1289 = ORIENTED_EDGE ( 'NONE', *, *, #2604, .F. ) ;
#1290 = CARTESIAN_POINT ( 'NONE',  ( 16.26999999999958035, -2.025800437909411299E-13, -1.800000000000000044 ) ) ;
#1291 = FACE_OUTER_BOUND ( 'NONE', #8970, .T. ) ;
#1292 = FACE_OUTER_BOUND ( 'NONE', #511, .T. ) ;
#1293 = DIRECTION ( 'NONE',  ( -0.000000000000000000, -0.000000000000000000, 1.000000000000000000 ) ) ;
#1294 = LINE ( 'NONE', #4290, #1908 ) ;
#1295 = CARTESIAN_POINT ( 'NONE',  ( 2.300039151334389409, -10.08634474501805123, -17.67670420342570736 ) ) ;
#1296 = CARTESIAN_POINT ( 'NONE',  ( 0.05434867630632819746, -9.471958964798817604, -17.73308077083167333 ) ) ;
#1297 = ORIENTED_EDGE ( 'NONE', *, *, #1858, .F. ) ;
#1298 = CARTESIAN_POINT ( 'NONE',  ( 1.799999999999996048, -17.50000000000000355, 24.80000000000000071 ) ) ;
#1299 = VERTEX_POINT ( 'NONE', #2900 ) ;
#1300 = CARTESIAN_POINT ( 'NONE',  ( 70.60000000000000853, 8.123044737829948403, -14.04558441227158738 ) ) ;
#1301 = VERTEX_POINT ( 'NONE', #1287 ) ;
#1302 = EDGE_CURVE ( 'NONE', #5770, #3600, #1256, .T. ) ;
#1303 = DIRECTION ( 'NONE',  ( 1.000000000000000000, -0.000000000000000000, -0.000000000000000000 ) ) ;
#1304 = VECTOR ( 'NONE', #577, 1000.000000000000000 ) ;
#1305 = LINE ( 'NONE', #813, #544 ) ;
#1306 = CARTESIAN_POINT ( 'NONE',  ( -1.800000000000000266, 16.36070170039654315, -15.74000000000000021 ) ) ;
#1307 = VERTEX_POINT ( 'NONE', #1311 ) ;
#1308 = CARTESIAN_POINT ( 'NONE',  ( 86.45807478960395542, -9.248208442865401224, -17.73907732521614733 ) ) ;
#1309 = CARTESIAN_POINT ( 'NONE',  ( 35.80000000000000426, -17.50000000000000000, 6.799999999999999822 ) ) ;
#1310 = DIRECTION ( 'NONE',  ( 0.000000000000000000, 0.000000000000000000, -1.000000000000000000 ) ) ;
#1311 = CARTESIAN_POINT ( 'NONE',  ( -1.800000000000000266, 11.79999999999999893, -9.350000000000001421 ) ) ;
#1312 = PLANE ( 'NONE',  #9471 ) ;
#1313 = EDGE_CURVE ( 'NONE', #8433, #9593, #1004, .T. ) ;
#1314 = ORIENTED_EDGE ( 'NONE', *, *, #9267, .T. ) ;
#1315 = VECTOR ( 'NONE', #6043, 1000.000000000000000 ) ;
#1316 = ORIENTED_EDGE ( 'NONE', *, *, #7774, .T. ) ;
#1317 = CARTESIAN_POINT ( 'NONE',  ( 68.40000000000000568, -13.40000000000001279, -0.7999999999999999334 ) ) ;
#1318 = CARTESIAN_POINT ( 'NONE',  ( 3.799999999999998934, 16.20157191626419291, -15.91279606597051099 ) ) ;
#1319 = DIRECTION ( 'NONE',  ( 0.000000000000000000, 0.1564344650402291481, 0.9876883405951381034 ) ) ;
#1320 = ORIENTED_EDGE ( 'NONE', *, *, #9127, .T. ) ;
#1321 = DIRECTION ( 'NONE',  ( -0.000000000000000000, 0.000000000000000000, 1.000000000000000000 ) ) ;
#1322 = CARTESIAN_POINT ( 'NONE',  ( 3.607263449921813248, -13.18964048688367541, -16.59667094004786492 ) ) ;
#1323 = CARTESIAN_POINT ( 'NONE',  ( -0.3284375167185530353, -10.46436619635036358, -17.64665003863891002 ) ) ;
#1324 = ORIENTED_EDGE ( 'NONE', *, *, #6401, .F. ) ;
#1325 = EDGE_LOOP ( 'NONE', ( #4744, #12, #8016, #10156 ) ) ;
#1326 = ADVANCED_FACE ( 'NONE', ( #9443 ), #6673, .T. ) ;
#1327 = LINE ( 'NONE', #5860, #574 ) ;
#1328 = DIRECTION ( 'NONE',  ( -0.000000000000000000, 0.9876883405951381034, 0.1564344650402281212 ) ) ;
#1329 = AXIS2_PLACEMENT_3D ( 'NONE', #9080, #9892, #8431 ) ;
#1330 = CARTESIAN_POINT ( 'NONE',  ( 50.85001560484992922, -19.10000000000000142, 35.95148746742614065 ) ) ;
#1331 = CARTESIAN_POINT ( 'NONE',  ( 4.199999999999995737, -8.100000000000001421, 56.79999999999999716 ) ) ;
#1332 = EDGE_CURVE ( 'NONE', #562, #6136, #2760, .T. ) ;
#1333 = ORIENTED_EDGE ( 'NONE', *, *, #3426, .T. ) ;
#1334 = EDGE_CURVE ( 'NONE', #1210, #8755, #7381, .T. ) ;
#1335 = EDGE_LOOP ( 'NONE', ( #9989, #10136, #8008, #6727 ) ) ;
#1336 = CARTESIAN_POINT ( 'NONE',  ( -1.800000000000000266, -17.50000000000000000, 12.79999999999999893 ) ) ;
#1337 = ORIENTED_EDGE ( 'NONE', *, *, #3198, .T. ) ;
#1338 = VECTOR ( 'NONE', #6018, 1000.000000000000000 ) ;
#1339 = CARTESIAN_POINT ( 'NONE',  ( 66.40000000000000568, -3.200000000000000622, -0.7999999999999999334 ) ) ;
#1340 = CARTESIAN_POINT ( 'NONE',  ( -0.08578284050469865696, 12.30393073080116118, -17.72030608521777850 ) ) ;
#1341 = AXIS2_PLACEMENT_3D ( 'NONE', #1102, #7400, #371 ) ;
#1342 = CARTESIAN_POINT ( 'NONE',  ( 88.39999999999997726, -14.31048789461095616, -15.81969100020542207 ) ) ;
#1343 = DIRECTION ( 'NONE',  ( -0.000000000000000000, 1.000000000000000000, 0.000000000000000000 ) ) ;
#1344 = CARTESIAN_POINT ( 'NONE',  ( 71.83041833523945741, -11.11608813963483122, -17.53528776009596513 ) ) ;
#1345 = ORIENTED_EDGE ( 'NONE', *, *, #3667, .F. ) ;
#1346 = ORIENTED_EDGE ( 'NONE', *, *, #8829, .F. ) ;
#1347 = CARTESIAN_POINT ( 'NONE',  ( 54.39999999999999858, -3.200000000000001954, -0.7999999999999999334 ) ) ;
#1348 = EDGE_CURVE ( 'NONE', #3184, #5719, #10068, .T. ) ;
#1349 = EDGE_CURVE ( 'NONE', #5166, #7708, #3017, .T. ) ;
#1350 = AXIS2_PLACEMENT_3D ( 'NONE', #720, #415, #5815 ) ;
#1351 = CARTESIAN_POINT ( 'NONE',  ( 21.00677727426997166, -10.49463313667988906, -0.2000000000000018152 ) ) ;
#1352 = ORIENTED_EDGE ( 'NONE', *, *, #8935, .F. ) ;
#1353 = ORIENTED_EDGE ( 'NONE', *, *, #4797, .T. ) ;
#1354 = CARTESIAN_POINT ( 'NONE',  ( -1.998401123333692464, -3.710615871041247349, 6.599999999999999645 ) ) ;
#1355 = CARTESIAN_POINT ( 'NONE',  ( 55.10339790183864039, -18.16654073049553020, 42.46761146421178523 ) ) ;
#1356 = DIRECTION ( 'NONE',  ( -1.000000000000000000, 0.000000000000000000, -0.000000000000000000 ) ) ;
#1357 = CARTESIAN_POINT ( 'NONE',  ( 3.120856835482973324, -11.83746709804941055, -17.24180047141192773 ) ) ;
#1358 = CARTESIAN_POINT ( 'NONE',  ( -1.066789251298084551, -12.64269248220409025, -17.09144857208193002 ) ) ;
#1359 = ORIENTED_EDGE ( 'NONE', *, *, #4333, .F. ) ;
#1360 = EDGE_CURVE ( 'NONE', #5366, #7515, #9074, .T. ) ;
#1361 = ORIENTED_EDGE ( 'NONE', *, *, #6630, .F. ) ;
#1362 = VECTOR ( 'NONE', #7154, 1000.000000000000000 ) ;
#1364 = CARTESIAN_POINT ( 'NONE',  ( 59.79999999999999005, -19.10000000000001208, 56.20000000000000284 ) ) ;
#1363 = AXIS2_PLACEMENT_3D ( 'NONE', #9851, #9881, #3613 ) ;
#1365 = VERTEX_POINT ( 'NONE', #4574 ) ;
#1366 = LINE ( 'NONE', #4707, #7 ) ;
#1367 = VERTEX_POINT ( 'NONE', #2254 ) ;
#1368 = LINE ( 'NONE', #8855, #3241 ) ;
#1369 = DIRECTION ( 'NONE',  ( 0.000000000000000000, -0.9876883405951378814, 0.1564344650402291204 ) ) ;
#1370 = DIRECTION ( 'NONE',  ( 0.000000000000000000, 0.000000000000000000, 1.000000000000000000 ) ) ;
#1371 = LINE ( 'NONE', #5159, #11 ) ;
#1372 = CARTESIAN_POINT ( 'NONE',  ( -1.800000000000000266, -9.500000000000001776, 40.80000000000000426 ) ) ;
#1373 = FACE_OUTER_BOUND ( 'NONE', #5052, .T. ) ;
#1374 = VERTEX_POINT ( 'NONE', #6985 ) ;
#1375 = ORIENTED_EDGE ( 'NONE', *, *, #9170, .T. ) ;
#1376 = LINE ( 'NONE', #7504, #3265 ) ;
#1377 = CARTESIAN_POINT ( 'NONE',  ( -0.2551661962131682726, 12.60443016395430682, -17.69088693320101413 ) ) ;
#1378 = EDGE_CURVE ( 'NONE', #10078, #4088, #8466, .T. ) ;
#1379 = CARTESIAN_POINT ( 'NONE',  ( 37.31043416967845161, -18.77549460893408551, 21.84622060730533022 ) ) ;
#1380 = FACE_OUTER_BOUND ( 'NONE', #2861, .T. ) ;
#1381 = VERTEX_POINT ( 'NONE', #3796 ) ;
#1382 = ADVANCED_FACE ( 'NONE', ( #7025 ), #6044, .F. ) ;
#1383 = ORIENTED_EDGE ( 'NONE', *, *, #1805, .F. ) ;
#1384 = DIRECTION ( 'NONE',  ( 0.000000000000000000, 0.3420201433256623291, -0.9396926207859107594 ) ) ;
#1385 = CARTESIAN_POINT ( 'NONE',  ( 50.92711624797814807, -19.10000000000000142, 29.60025999296044930 ) ) ;
#1386 = ORIENTED_EDGE ( 'NONE', *, *, #7570, .T. ) ;
#1387 = ORIENTED_EDGE ( 'NONE', *, *, #5753, .F. ) ;
#1388 = DIRECTION ( 'NONE',  ( 0.000000000000000000, 0.000000000000000000, -1.000000000000000000 ) ) ;
#1389 = LINE ( 'NONE', #4124, #9937 ) ;
#1390 = PLANE ( 'NONE',  #961 ) ;
#1391 = EDGE_LOOP ( 'NONE', ( #6031, #3693, #6736, #1901, #3580 ) ) ;
#1392 = CARTESIAN_POINT ( 'NONE',  ( -1.800000000000000266, 11.79999999999999893, -11.50000000000000000 ) ) ;
#1393 = CIRCLE ( 'NONE', #7443, 11.50000000000000355 ) ;
#1394 = VERTEX_POINT ( 'NONE', #9996 ) ;
#1395 = VERTEX_POINT ( 'NONE', #3769 ) ;
#1397 = EDGE_CURVE ( 'NONE', #2157, #8048, #9328, .T. ) ;
#1396 = CARTESIAN_POINT ( 'NONE',  ( -0.2000000000000000111, -15.50000000000001776, 28.80000000000000071 ) ) ;
#1398 = CARTESIAN_POINT ( 'NONE',  ( 3.394092944830579217, -12.53013266107859458, -16.94786728751218519 ) ) ;
#1399 = CARTESIAN_POINT ( 'NONE',  ( -0.3731887914459683375, -10.58328637474124179, -17.62939391678735390 ) ) ;
#1400 = ORIENTED_EDGE ( 'NONE', *, *, #3811, .T. ) ;
#1401 = LINE ( 'NONE', #9017, #8973 ) ;
#1402 = AXIS2_PLACEMENT_3D ( 'NONE', #8059, #3462, #1781 ) ;
#1403 = ORIENTED_EDGE ( 'NONE', *, *, #5880, .F. ) ;
#1404 = LINE ( 'NONE', #5116, #9117 ) ;
#1405 = CARTESIAN_POINT ( 'NONE',  ( 2.442504152262678030, -10.76863774239402716, -17.60052048225187704 ) ) ;
#1406 = LINE ( 'NONE', #7971, #1164 ) ;
#1407 = ORIENTED_EDGE ( 'NONE', *, *, #3077, .T. ) ;
#1408 = CARTESIAN_POINT ( 'NONE',  ( 46.79999999999999716, -18.69999999999999929, 34.16421356237310647 ) ) ;
#1409 = CARTESIAN_POINT ( 'NONE',  ( 62.80000000000001137, -17.50000000000000000, 4.799999999999999822 ) ) ;
#1410 = DIRECTION ( 'NONE',  ( 1.000000000000000000, -0.000000000000000000, -0.000000000000000000 ) ) ;
#1411 = STYLED_ITEM ( 'NONE', ( #3573 ), #8088 ) ;
#1412 = VECTOR ( 'NONE', #1967, 1000.000000000000000 ) ;
#1413 = LINE ( 'NONE', #1543, #8497 ) ;
#1414 = VECTOR ( 'NONE', #236, 1000.000000000000000 ) ;
#1415 = ORIENTED_EDGE ( 'NONE', *, *, #2581, .F. ) ;
#1416 = EDGE_CURVE ( 'NONE', #10072, #2809, #8219, .T. ) ;
#1417 = EDGE_CURVE ( 'NONE', #4638, #7106, #5312, .T. ) ;
#1418 = CARTESIAN_POINT ( 'NONE',  ( 71.11072344469771167, 14.57917983427808828, -17.09832137003619223 ) ) ;
#1419 = DIRECTION ( 'NONE',  ( 1.000000000000000000, -0.000000000000000000, -0.000000000000000000 ) ) ;
#1420 = CARTESIAN_POINT ( 'NONE',  ( -1.400000000000012346, -19.09999999999999432, -7.977961573045432712E-15 ) ) ;
#1421 = CARTESIAN_POINT ( 'NONE',  ( 72.45754761490546514, -9.463775769384678682, -17.73338200778247753 ) ) ;
#1422 = CARTESIAN_POINT ( 'NONE',  ( 49.91715785400807448, -17.50000000000000000, 28.21862858361889081 ) ) ;
#1423 = ORIENTED_EDGE ( 'NONE', *, *, #2291, .T. ) ;
#1424 = ORIENTED_EDGE ( 'NONE', *, *, #4647, .F. ) ;
#1425 = ORIENTED_EDGE ( 'NONE', *, *, #5269, .F. ) ;
#1426 = DIRECTION ( 'NONE',  ( 0.000000000000000000, 1.234678630588475078E-16, -1.000000000000000000 ) ) ;
#1427 = EDGE_LOOP ( 'NONE', ( #61, #3101, #2445, #2677 ) ) ;
#1428 = DIRECTION ( 'NONE',  ( -0.000000000000000000, 0.000000000000000000, 1.000000000000000000 ) ) ;
#1429 = DIRECTION ( 'NONE',  ( 0.000000000000000000, 0.000000000000000000, -1.000000000000000000 ) ) ;
#1430 = VECTOR ( 'NONE', #3200, 1000.000000000000000 ) ;
#1431 = AXIS2_PLACEMENT_3D ( 'NONE', #3132, #9976, #7033 ) ;
#1432 = CARTESIAN_POINT ( 'NONE',  ( 38.49660209816132550, -18.16654073049553375, 23.03238853578821121 ) ) ;
#1433 = DIRECTION ( 'NONE',  ( -1.000000000000000000, -0.000000000000000000, 0.000000000000000000 ) ) ;
#1434 = CARTESIAN_POINT ( 'NONE',  ( -0.1605929261527525020, -10.02495114879340754, -17.69744415184170094 ) ) ;
#1435 = EDGE_LOOP ( 'NONE', ( #9618, #6972, #4195, #7732 ) ) ;
#1436 = VERTEX_POINT ( 'NONE', #2430 ) ;
#1437 = ADVANCED_FACE ( 'NONE', ( #3962 ), #1128, .T. ) ;
#1438 = VERTEX_POINT ( 'NONE', #8616 ) ;
#1439 = CARTESIAN_POINT ( 'NONE',  ( 3.053941100756531135, -12.59718203757031674, -17.10856343581990657 ) ) ;
#1440 = VECTOR ( 'NONE', #7138, 1000.000000000000000 ) ;
#1441 = PLANE ( 'NONE',  #5500 ) ;
#1442 = PLANE ( 'NONE',  #3489 ) ;
#1443 = VERTEX_POINT ( 'NONE', #4784 ) ;
#1444 = LINE ( 'NONE', #8083, #7208 ) ;
#1445 = EDGE_LOOP ( 'NONE', ( #9846, #2116, #6981, #9932 ) ) ;
#1447 = EDGE_CURVE ( 'NONE', #6801, #2938, #5801, .T. ) ;
#1446 = PLANE ( 'NONE',  #9047 ) ;
#1448 = DIRECTION ( 'NONE',  ( 1.000000000000000000, -1.311074900679422674E-14, -1.842042877106499206E-30 ) ) ;
#1449 = AXIS2_PLACEMENT_3D ( 'NONE', #2921, #532, #2035 ) ;
#1450 = VERTEX_POINT ( 'NONE', #7047 ) ;
#1451 = ORIENTED_EDGE ( 'NONE', *, *, #737, .T. ) ;
#1452 = CARTESIAN_POINT ( 'NONE',  ( 36.04325111528880399, -18.70000000000000995, 42.09253532233800854 ) ) ;
#1453 = CARTESIAN_POINT ( 'NONE',  ( 86.79999999999999716, -0.1000000000000000056, -0.000000000000000000 ) ) ;
#1454 = CARTESIAN_POINT ( 'NONE',  ( 81.00000000000000000, 7.353738136766379441, 0.7160040702168346538 ) ) ;
#1455 = ORIENTED_EDGE ( 'NONE', *, *, #429, .F. ) ;
#1456 = EDGE_CURVE ( 'NONE', #9277, #9855, #7141, .T. ) ;
#1457 = ORIENTED_EDGE ( 'NONE', *, *, #6201, .F. ) ;
#1458 = ORIENTED_EDGE ( 'NONE', *, *, #3916, .F. ) ;
#1459 = VECTOR ( 'NONE', #489, 1000.000000000000000 ) ;
#1460 = CARTESIAN_POINT ( 'NONE',  ( 150.7570364914818697, -9.099999999999996092, -7.740000000000002878 ) ) ;
#1461 = CARTESIAN_POINT ( 'NONE',  ( 84.20000000000001705, 13.94999999999999929, -11.50000000000000000 ) ) ;
#1462 = CARTESIAN_POINT ( 'NONE',  ( 14.19999999999999041, -0.09999999999999882594, 56.79999999999999716 ) ) ;
#1463 = CARTESIAN_POINT ( 'NONE',  ( 55.34491675184035131, -17.50000000000000355, 25.05361138558361489 ) ) ;
#1464 = ORIENTED_EDGE ( 'NONE', *, *, #3727, .T. ) ;
#1465 = DIRECTION ( 'NONE',  ( -1.000000000000000000, 0.000000000000000000, 0.000000000000000000 ) ) ;
#1466 = ORIENTED_EDGE ( 'NONE', *, *, #6471, .T. ) ;
#1467 = CARTESIAN_POINT ( 'NONE',  ( 46.80000000000000426, -17.50000000000000355, 32.75000000000000000 ) ) ;
#1468 = PLANE ( 'NONE',  #10087 ) ;
#1469 = EDGE_CURVE ( 'NONE', #8666, #4932, #6581, .T. ) ;
#1470 = EDGE_CURVE ( 'NONE', #5553, #569, #5564, .T. ) ;
#1471 = CARTESIAN_POINT ( 'NONE',  ( -1.800000000000000266, -0.09999999999999982514, 1.600000000000000089 ) ) ;
#1472 = FACE_BOUND ( 'NONE', #6392, .T. ) ;
#1473 = ORIENTED_EDGE ( 'NONE', *, *, #6978, .T. ) ;
#1474 = CARTESIAN_POINT ( 'NONE',  ( 86.79999999999999716, -15.54999999999981419, 18.75000000000047251 ) ) ;
#1475 = FACE_OUTER_BOUND ( 'NONE', #2918, .T. ) ;
#1476 = CARTESIAN_POINT ( 'NONE',  ( 150.7570364914818697, -15.50000000000002132, 56.20000000000000284 ) ) ;
#1477 = CARTESIAN_POINT ( 'NONE',  ( 35.76417674408124014, -18.84968806059907465, 42.39847300944003905 ) ) ;
#1478 = ORIENTED_EDGE ( 'NONE', *, *, #3371, .F. ) ;
#1479 = ADVANCED_FACE ( 'NONE', ( #4085 ), #5651, .F. ) ;
#1480 = AXIS2_PLACEMENT_3D ( 'NONE', #3237, #8649, #7213 ) ;
#1481 = CARTESIAN_POINT ( 'NONE',  ( 86.75509068192351947, -9.798149441949295380, -17.70822940651568089 ) ) ;
#1482 = CARTESIAN_POINT ( 'NONE',  ( 87.42882542736529672, -11.86632300543551644, -17.34976903510460744 ) ) ;
#1483 = CARTESIAN_POINT ( 'NONE',  ( 71.87127184988463569, -11.00331117151968741, -17.55792354220681517 ) ) ;
#1484 = ORIENTED_EDGE ( 'NONE', *, *, #1469, .F. ) ;
#1485 = DIRECTION ( 'NONE',  ( -0.000000000000000000, 2.110556468111117249E-16, -1.000000000000000000 ) ) ;
#1486 = CIRCLE ( 'NONE', #4147, 2.149999999999999023 ) ;
#1487 = EDGE_CURVE ( 'NONE', #8643, #239, #135, .T. ) ;
#1488 = AXIS2_PLACEMENT_3D ( 'NONE', #9178, #3009, #3047 ) ;
#1489 = VERTEX_POINT ( 'NONE', #8756 ) ;
#1490 = VECTOR ( 'NONE', #6179, 1000.000000000000000 ) ;
#1491 = LINE ( 'NONE', #2201, #137 ) ;
#1492 = DIRECTION ( 'NONE',  ( -0.000000000000000000, -0.000000000000000000, 1.000000000000000000 ) ) ;
#1493 = CARTESIAN_POINT ( 'NONE',  ( 21.74999999999967315, 4.300000000001238831, -0.1999999999999994837 ) ) ;
#1494 = ORIENTED_EDGE ( 'NONE', *, *, #8890, .T. ) ;
#1495 = VECTOR ( 'NONE', #6217, 1000.000000000000000 ) ;
#1496 = DIRECTION ( 'NONE',  ( 0.000000000000000000, 0.000000000000000000, 1.000000000000000000 ) ) ;
#1497 = LINE ( 'NONE', #1554, #5440 ) ;
#1498 = CARTESIAN_POINT ( 'NONE',  ( -0.2000000000000000111, -15.50000000000001599, -1.913751877412138293E-15 ) ) ;
#1499 = FACE_OUTER_BOUND ( 'NONE', #3117, .T. ) ;
#1500 = ORIENTED_EDGE ( 'NONE', *, *, #1534, .T. ) ;
#1501 = EDGE_CURVE ( 'NONE', #7234, #8661, #1371, .T. ) ;
#1502 = VECTOR ( 'NONE', #5951, 1000.000000000000000 ) ;
#1503 = LINE ( 'NONE', #1654, #3621 ) ;
#1504 = ORIENTED_EDGE ( 'NONE', *, *, #7650, .T. ) ;
#1505 = AXIS2_PLACEMENT_3D ( 'NONE', #6355, #2467, #1583 ) ;
#1506 = CARTESIAN_POINT ( 'NONE',  ( 46.80000000000000426, -17.50000000000000355, 32.75000000000000000 ) ) ;
#1507 = VERTEX_POINT ( 'NONE', #4167 ) ;
#1508 = VECTOR ( 'NONE', #9288, 1000.000000000000000 ) ;
#1509 = FACE_OUTER_BOUND ( 'NONE', #8991, .T. ) ;
#1510 = ORIENTED_EDGE ( 'NONE', *, *, #7899, .T. ) ;
#1511 = ORIENTED_EDGE ( 'NONE', *, *, #3138, .T. ) ;
#1512 = CARTESIAN_POINT ( 'NONE',  ( -1.400000000000012346, -0.1000000000000002554, 57.79999999999999716 ) ) ;
#1513 = EDGE_CURVE ( 'NONE', #4788, #2960, #3721, .T. ) ;
#1514 = CARTESIAN_POINT ( 'NONE',  ( 72.14483380378682398, 12.60443016395431748, -17.69088693320101413 ) ) ;
#1515 = VECTOR ( 'NONE', #1989, 1000.000000000000000 ) ;
#1516 = DIRECTION ( 'NONE',  ( -0.000000000000000000, -0.000000000000000000, -1.000000000000000000 ) ) ;
#1517 = CARTESIAN_POINT ( 'NONE',  ( 88.00978882167351003, -12.57354062682384033, -16.92705824513745227 ) ) ;
#1518 = CARTESIAN_POINT ( 'NONE',  ( 87.10715976750130096, -10.94460926376636145, -17.56857928126389723 ) ) ;
#1519 = DIRECTION ( 'NONE',  ( 0.000000000000000000, 0.000000000000000000, 1.000000000000000000 ) ) ;
#1520 = LINE ( 'NONE', #5821, #4476 ) ;
#1521 = ORIENTED_EDGE ( 'NONE', *, *, #4397, .T. ) ;
#1522 = ORIENTED_EDGE ( 'NONE', *, *, #3858, .F. ) ;
#1523 = LINE ( 'NONE', #7150, #2538 ) ;
#1524 = DIRECTION ( 'NONE',  ( 1.000000000000000000, 0.000000000000000000, 0.000000000000000000 ) ) ;
#1525 = CARTESIAN_POINT ( 'NONE',  ( 35.54720666918494487, -19.10000000000000142, 22.34573480660879241 ) ) ;
#1526 = LINE ( 'NONE', #2513, #3759 ) ;
#1527 = FACE_OUTER_BOUND ( 'NONE', #5278, .T. ) ;
#1528 = DIRECTION ( 'NONE',  ( 0.7071067811865463515, -2.122205421015054357E-16, 0.7071067811865487940 ) ) ;
#1529 = LINE ( 'NONE', #5610, #5488 ) ;
#1530 = VECTOR ( 'NONE', #5946, 1000.000000000000000 ) ;
#1531 = CARTESIAN_POINT ( 'NONE',  ( 43.68107650731766256, -18.82182838118885115, 28.23766714215742724 ) ) ;
#1532 = ORIENTED_EDGE ( 'NONE', *, *, #5639, .F. ) ;
#1533 = DIRECTION ( 'NONE',  ( 0.000000000000000000, 0.000000000000000000, 1.000000000000000000 ) ) ;
#1534 = EDGE_CURVE ( 'NONE', #4226, #704, #9433, .T. ) ;
#1535 = ADVANCED_FACE ( 'NONE', ( #9554 ), #2243, .F. ) ;
#1536 = VECTOR ( 'NONE', #9141, 1000.000000000000000 ) ;
#1537 = VERTEX_POINT ( 'NONE', #6167 ) ;
#1538 = LINE ( 'NONE', #630, #779 ) ;
#1539 = LINE ( 'NONE', #9686, #8741 ) ;
#1540 = ORIENTED_EDGE ( 'NONE', *, *, #6934, .F. ) ;
#1541 = VERTEX_POINT ( 'NONE', #6203 ) ;
#1542 = CARTESIAN_POINT ( 'NONE',  ( -1.800000000000000266, 11.79999999999999893, -11.50000000000000000 ) ) ;
#1543 = CARTESIAN_POINT ( 'NONE',  ( 88.40000000000000568, -0.1000000000000000056, 0.000000000000000000 ) ) ;
#1544 = VERTEX_POINT ( 'NONE', #8536 ) ;
#1545 = AXIS2_PLACEMENT_3D ( 'NONE', #3262, #3195, #7943 ) ;
#1546 = DIRECTION ( 'NONE',  ( 1.000000000000000000, -0.000000000000000000, 0.000000000000000000 ) ) ;
#1547 = ORIENTED_EDGE ( 'NONE', *, *, #1589, .F. ) ;
#1548 = EDGE_CURVE ( 'NONE', #6986, #2594, #6403, .T. ) ;
#1549 = EDGE_CURVE ( 'NONE', #2478, #6000, #2506, .T. ) ;
#1550 = LINE ( 'NONE', #9006, #4144 ) ;
#1551 = PLANE ( 'NONE',  #6510 ) ;
#1552 = CARTESIAN_POINT ( 'NONE',  ( 87.10179187303897663, -10.49391214952454732, -17.61283308603018583 ) ) ;
#1553 = CARTESIAN_POINT ( 'NONE',  ( 87.76797628964861531, -13.02387321974318546, -16.93821083230282198 ) ) ;
#1554 = CARTESIAN_POINT ( 'NONE',  ( 16.19999999999999218, -10.20000000000001172, 56.69999999999998863 ) ) ;
#1555 = ORIENTED_EDGE ( 'NONE', *, *, #2638, .F. ) ;
#1556 = EDGE_CURVE ( 'NONE', #6139, #1307, #2752, .T. ) ;
#1557 = ORIENTED_EDGE ( 'NONE', *, *, #6488, .F. ) ;
#1558 = DIRECTION ( 'NONE',  ( 0.000000000000000000, 0.000000000000000000, -1.000000000000000000 ) ) ;
#1559 = DIRECTION ( 'NONE',  ( 0.000000000000000000, -1.000000000000000000, 0.000000000000000000 ) ) ;
#1560 = AXIS2_PLACEMENT_3D ( 'NONE', #1506, #1087, #1584 ) ;
#1561 = CARTESIAN_POINT ( 'NONE',  ( 46.80000000000000426, -27.50000000000000355, 38.25000000000000000 ) ) ;
#1562 = PLANE ( 'NONE',  #426 ) ;
#1563 = DIRECTION ( 'NONE',  ( 0.000000000000000000, 0.000000000000000000, 1.000000000000000000 ) ) ;
#1564 = VECTOR ( 'NONE', #1162, 1000.000000000000000 ) ;
#1565 = DIRECTION ( 'NONE',  ( 0.000000000000000000, 1.234678630588475078E-16, -1.000000000000000000 ) ) ;
#1566 = ORIENTED_EDGE ( 'NONE', *, *, #5230, .T. ) ;
#1567 = B_SPLINE_CURVE_WITH_KNOTS ( 'NONE', 3,
 ( #9065, #7471, #6706, #2827, #5101, #4384, #6740, #3589, #8258, #1251, #3617, #384, #5887, #7438, #5172, #9005, #455, #5949, #2045, #2075, #9787, #4417, #5203, #480, #7542, #2897, #8319, #3672, #9100, #4450, #9885, #5240, #9203, #6042, #541, #2252, #8424, #3767, #7713, #5305, #4571, #1344, #1483, #7676, #9165, #10070, #6148, #6914, #8389, #8485, #3794, #3074, #6843, #2218, #7753, #3734, #6073, #4539, #3038, #7644, #6984, #9239, #3834, #9994, #2146, #5344, #576, #608, #4483, #1421, #8449, #9276, #10028, #6112 ),
 .UNSPECIFIED., .F., .F.,
 ( 4, 2, 1, 1, 2, 2, 2, 1, 1, 2, 2, 2, 1, 1, 2, 2, 2, 1, 1, 2, 2, 2, 1, 1, 2, 2, 2, 1, 1, 2, 2, 1, 1, 2, 2, 1, 1, 1, 2, 2, 2, 1, 1, 1, 2, 2, 4 ),
 ( 0.000000000000000000, 0.06250000000000774381, 0.09375000000001117162, 0.1093750000000128786, 0.1171875000000134615, 0.1250000000000140443, 0.1875000000000169309, 0.2187500000000183742, 0.2343750000000185130, 0.2421875000000185962, 0.2500000000000186517, 0.3125000000000205391, 0.3437500000000218714, 0.3593750000000229261, 0.3671875000000238698, 0.3750000000000247580, 0.4375000000000343059, 0.4687500000000381362, 0.4843750000000388578, 0.4921875000000386358, 0.5000000000000383027, 0.5625000000000427436, 0.5937500000000440759, 0.6093750000000446310, 0.6171875000000451861, 0.6250000000000456302, 0.6875000000000474065, 0.7187500000000487388, 0.7343750000000484057, 0.7421875000000474065, 0.7500000000000465183, 0.7812500000000418554, 0.7968750000000406342, 0.8046875000000401901, 0.8125000000000397460, 0.8437500000000472955, 0.8593750000000514033, 0.8671875000000535127, 0.8710937500000529576, 0.8750000000000524025, 0.9062500000000426326, 0.9218750000000381917, 0.9296875000000350830, 0.9335937500000334177, 0.9355468750000329736, 0.9375000000000325295, 1.000000000000000000 ),
 .UNSPECIFIED. ) ;
#1568 = LINE ( 'NONE', #1639, #9757 ) ;
#1570 = EDGE_CURVE ( 'NONE', #2742, #6638, #7739, .T. ) ;
#1569 = DIRECTION ( 'NONE',  ( 0.000000000000000000, 1.000000000000000000, -0.000000000000000000 ) ) ;
#1571 = CARTESIAN_POINT ( 'NONE',  ( -1.799999999999996048, -9.099999999999994316, -17.74000000000000199 ) ) ;
#1572 = DIRECTION ( 'NONE',  ( -1.000000000000000000, -0.000000000000000000, -0.000000000000000000 ) ) ;
#1573 = CARTESIAN_POINT ( 'NONE',  ( 38.12228646859053072, -17.70000000000000995, 40.29634268151090026 ) ) ;
#1574 = VERTEX_POINT ( 'NONE', #739 ) ;
#1575 = CARTESIAN_POINT ( 'NONE',  ( 2.199999999999993516, -0.1000000000000002415, 57.79999999999999716 ) ) ;
#1576 = CARTESIAN_POINT ( 'NONE',  ( -1.800000000000000266, -17.50000000000000000, 46.80000000000000426 ) ) ;
#1577 = PLANE ( 'NONE',  #2693 ) ;
#1578 = ORIENTED_EDGE ( 'NONE', *, *, #5297, .T. ) ;
#1579 = ADVANCED_FACE ( 'NONE', ( #10055 ), #5434, .T. ) ;
#1580 = CARTESIAN_POINT ( 'NONE',  ( 87.66413651838114163, -11.70392558362274649, -17.29093173616126933 ) ) ;
#1581 = ORIENTED_EDGE ( 'NONE', *, *, #9901, .T. ) ;
#1582 = CARTESIAN_POINT ( 'NONE',  ( 87.95005498682266420, -13.94743512949587760, -16.48657656024572660 ) ) ;
#1583 = DIRECTION ( 'NONE',  ( 1.000000000000000000, 0.000000000000000000, -0.000000000000000000 ) ) ;
#1584 = DIRECTION ( 'NONE',  ( 0.000000000000000000, 0.000000000000000000, -1.000000000000000000 ) ) ;
#1585 = VERTEX_POINT ( 'NONE', #1471 ) ;
#1586 = EDGE_LOOP ( 'NONE', ( #675, #9879, #2937, #1026, #2576 ) ) ;
#1587 = VECTOR ( 'NONE', #9761, 1000.000000000000000 ) ;
#1588 = DIRECTION ( 'NONE',  ( 0.000000000000000000, -1.000000000000000000, 0.000000000000000000 ) ) ;
#1589 = EDGE_CURVE ( 'NONE', #1394, #4786, #7485, .T. ) ;
#1590 = ORIENTED_EDGE ( 'NONE', *, *, #3782, .F. ) ;
#1591 = FACE_BOUND ( 'NONE', #3952, .T. ) ;
#1592 = AXIS2_PLACEMENT_3D ( 'NONE', #5173, #6742, #5858 ) ;
#1593 = ORIENTED_EDGE ( 'NONE', *, *, #6716, .T. ) ;
#1594 = DIRECTION ( 'NONE',  ( -0.000000000000000000, -1.000000000000000000, -0.000000000000000000 ) ) ;
#1596 = ORIENTED_EDGE ( 'NONE', *, *, #5751, .F. ) ;
#1595 = CARTESIAN_POINT ( 'NONE',  ( 50.80546498460594762, -19.10000000000000497, 29.59306315281796884 ) ) ;
#1597 = CARTESIAN_POINT ( 'NONE',  ( -1.800000000000000266, -9.500000000000001776, 40.80000000000000426 ) ) ;
#1598 = DIRECTION ( 'NONE',  ( -1.399999999999999714E-14, -9.999999999999999988E-15, -1.000000000000000000 ) ) ;
#1599 = DIRECTION ( 'NONE',  ( 0.7071067811865561215, 0.7071067811865389130, 2.122205421015024774E-16 ) ) ;
#1600 = AXIS2_PLACEMENT_3D ( 'NONE', #8560, #2490, #7060 ) ;
#1601 = VERTEX_POINT ( 'NONE', #6901 ) ;
#1602 = CARTESIAN_POINT ( 'NONE',  ( -1.800000000000000266, -3.045900930049277200, 16.89936534720461125 ) ) ;
#1603 = ORIENTED_EDGE ( 'NONE', *, *, #1470, .T. ) ;
#1604 = FACE_OUTER_BOUND ( 'NONE', #8465, .T. ) ;
#1605 = EDGE_CURVE ( 'NONE', #4438, #8501, #1608, .T. ) ;
#1606 = EDGE_CURVE ( 'NONE', #8526, #302, #2667, .T. ) ;
#1607 = DIRECTION ( 'NONE',  ( 0.000000000000000000, 0.000000000000000000, 1.000000000000000000 ) ) ;
#1608 = LINE ( 'NONE', #3025, #7255 ) ;
#1609 = DIRECTION ( 'NONE',  ( 0.000000000000000000, 3.001251688541188813E-16, -1.000000000000000000 ) ) ;
#1610 = ORIENTED_EDGE ( 'NONE', *, *, #10115, .T. ) ;
#1611 = ORIENTED_EDGE ( 'NONE', *, *, #3372, .T. ) ;
#1612 = LINE ( 'NONE', #5518, #2636 ) ;
#1613 = DIRECTION ( 'NONE',  ( -0.000000000000000000, -0.000000000000000000, 1.000000000000000000 ) ) ;
#1614 = ORIENTED_EDGE ( 'NONE', *, *, #4667, .T. ) ;
#1615 = CARTESIAN_POINT ( 'NONE',  ( -0.8000000000000001554, -0.1000000000000002554, 6.599999999999999645 ) ) ;
#1616 = CARTESIAN_POINT ( 'NONE',  ( 87.82731545901270920, -12.09486145740417662, -17.14135382900979110 ) ) ;
#1617 = VECTOR ( 'NONE', #3178, 1000.000000000000000 ) ;
#1618 = LINE ( 'NONE', #2681, #507 ) ;
#1619 = ORIENTED_EDGE ( 'NONE', *, *, #5524, .F. ) ;
#1620 = VERTEX_POINT ( 'NONE', #4595 ) ;
#1621 = CARTESIAN_POINT ( 'NONE',  ( -1.800000000000000266, -3.100000000000058265, 3.600000000000000089 ) ) ;
#1622 = LINE ( 'NONE', #8397, #265 ) ;
#1623 = AXIS2_PLACEMENT_3D ( 'NONE', #9229, #10020, #629 ) ;
#1624 = ORIENTED_EDGE ( 'NONE', *, *, #4009, .F. ) ;
#1625 = CARTESIAN_POINT ( 'NONE',  ( -1.000000000000000000, -3.045900930049277200, 18.39936534720461481 ) ) ;
#1626 = ORIENTED_EDGE ( 'NONE', *, *, #1378, .F. ) ;
#1627 = ORIENTED_EDGE ( 'NONE', *, *, #1456, .F. ) ;
#1628 = CARTESIAN_POINT ( 'NONE',  ( -1.701678938540193142, -13.56572536450173239, -16.36367032937571864 ) ) ;
#1629 = CARTESIAN_POINT ( 'NONE',  ( 28.59999999996701447, -3.900000000034385295, -0.9999999999997389866 ) ) ;
#1630 = CIRCLE ( 'NONE', #1, 5.499999999999998224 ) ;
#1631 = DIRECTION ( 'NONE',  ( -1.000000000000000000, 0.000000000000000000, -0.000000000000000000 ) ) ;
#1632 = ADVANCED_FACE ( 'NONE', ( #8694 ), #3786, .F. ) ;
#1633 = EDGE_CURVE ( 'NONE', #3478, #3732, #5551, .T. ) ;
#1634 = LINE ( 'NONE', #217, #6046 ) ;
#1635 = ORIENTED_EDGE ( 'NONE', *, *, #10115, .F. ) ;
#1636 = B_SPLINE_CURVE_WITH_KNOTS ( 'NONE', 1,
 ( #6228, #9295 ),
 .UNSPECIFIED., .F., .F.,
 ( 2, 2 ),
 ( 0.000000000000000000, 1.000000000000000000 ),
 .UNSPECIFIED. ) ;
#1637 = VECTOR ( 'NONE', #7281, 1000.000000000000000 ) ;
#1638 = VERTEX_POINT ( 'NONE', #9495 ) ;
#1639 = CARTESIAN_POINT ( 'NONE',  ( 68.40000000000000568, -13.20000000000000107, -1.800000000000000044 ) ) ;
#1640 = CARTESIAN_POINT ( 'NONE',  ( 29.84999999996620090, -4.178999999995310925E-13, -1.800000000000000044 ) ) ;
#1641 = EDGE_LOOP ( 'NONE', ( #6602, #7382, #5672, #7002 ) ) ;
#1642 = VECTOR ( 'NONE', #21, 1000.000000000000000 ) ;
#1643 = LINE ( 'NONE', #28, #5945 ) ;
#1644 = LINE ( 'NONE', #5476, #9221 ) ;
#1645 = EDGE_LOOP ( 'NONE', ( #2263, #9227, #1928 ) ) ;
#1646 = ADVANCED_FACE ( 'NONE', ( #4444 ), #2363, .T. ) ;
#1647 = ORIENTED_EDGE ( 'NONE', *, *, #7859, .T. ) ;
#1648 = EDGE_CURVE ( 'NONE', #1307, #2566, #4325, .T. ) ;
#1649 = DIRECTION ( 'NONE',  ( 1.400000000000000345E-14, 1.000000000000000000, -9.999999999999999988E-15 ) ) ;
#1650 = CARTESIAN_POINT ( 'NONE',  ( -0.1406831230111239561, -9.769643739628914858, -17.71077289531776344 ) ) ;
#1651 = CARTESIAN_POINT ( 'NONE',  ( 46.80000000000000426, -17.70000000000001350, 32.75000000000000000 ) ) ;
#1652 = CARTESIAN_POINT ( 'NONE',  ( 86.47744005822541169, -9.251750973866075256, -17.74000000000000199 ) ) ;
#1653 = DIRECTION ( 'NONE',  ( 0.000000000000000000, -1.234678630588475078E-16, 1.000000000000000000 ) ) ;
#1654 = CARTESIAN_POINT ( 'NONE',  ( -0.8228306187487565149, -0.09258188229134513281, 3.600000000000000089 ) ) ;
#1655 = CARTESIAN_POINT ( 'NONE',  ( 70.60000000000000853, 11.79999999999999716, -9.350000000000001421 ) ) ;
#1656 = FACE_OUTER_BOUND ( 'NONE', #69, .T. ) ;
#1657 = EDGE_LOOP ( 'NONE', ( #3070, #9695, #1834, #4801 ) ) ;
#1658 = ORIENTED_EDGE ( 'NONE', *, *, #3398, .F. ) ;
#1659 = ORIENTED_EDGE ( 'NONE', *, *, #7460, .F. ) ;
#1660 = CARTESIAN_POINT ( 'NONE',  ( -0.2000000000000000111, -0.2000000000003211154, 21.69999999999940599 ) ) ;
#1661 = DIRECTION ( 'NONE',  ( -1.000000000000000000, -0.000000000000000000, 0.000000000000000000 ) ) ;
#1662 = DIRECTION ( 'NONE',  ( -0.000000000000000000, 1.000000000000000000, 3.001251688541188813E-16 ) ) ;
#1663 = AXIS2_PLACEMENT_3D ( 'NONE', #8702, #4901, #5655 ) ;
#1664 = DIRECTION ( 'NONE',  ( -0.7071067811865461294, -0.7071067811865489050, -8.730496322752327455E-17 ) ) ;
#1665 = CARTESIAN_POINT ( 'NONE',  ( -0.8000000000000001554, -4.100000000000000533, 6.599999999999999645 ) ) ;
#1666 = CARTESIAN_POINT ( 'NONE',  ( -1.400000000000012346, -14.62770798392567073, -16.07333333333333059 ) ) ;
#1667 = LINE ( 'NONE', #7439, #5615 ) ;
#1668 = ORIENTED_EDGE ( 'NONE', *, *, #7308, .F. ) ;
#1669 = ORIENTED_EDGE ( 'NONE', *, *, #1633, .T. ) ;
#1670 = CARTESIAN_POINT ( 'NONE',  ( 59.79999999999999716, -19.10000000000000142, 49.29999999999999716 ) ) ;
#1671 = EDGE_CURVE ( 'NONE', #9454, #3868, #493, .T. ) ;
#1672 = EDGE_CURVE ( 'NONE', #9630, #6206, #8566, .T. ) ;
#1673 = CARTESIAN_POINT ( 'NONE',  ( 42.26862858361885600, -18.70000000000000639, 35.86715785400802758 ) ) ;
#1674 = PLANE ( 'NONE',  #188 ) ;
#1675 = VECTOR ( 'NONE', #6579, 1000.000000000000000 ) ;
#1676 = CARTESIAN_POINT ( 'NONE',  ( 29.84999999996615827, -3.200000000000001510, -1.800000000000443023 ) ) ;
#1677 = DIRECTION ( 'NONE',  ( 0.000000000000000000, -1.000000000000000000, 0.000000000000000000 ) ) ;
#1678 = ORIENTED_EDGE ( 'NONE', *, *, #8055, .T. ) ;
#1679 = DIRECTION ( 'NONE',  ( 0.000000000000000000, -1.000000000000000000, 0.000000000000000000 ) ) ;
#1680 = CARTESIAN_POINT ( 'NONE',  ( 86.79999999999999716, -15.54999999999981419, 18.75000000000047251 ) ) ;
#1681 = ORIENTED_EDGE ( 'NONE', *, *, #5880, .T. ) ;
#1682 = AXIS2_PLACEMENT_3D ( 'NONE', #4683, #9287, #8499 ) ;
#1683 = ORIENTED_EDGE ( 'NONE', *, *, #1247, .T. ) ;
#1684 = EDGE_CURVE ( 'NONE', #6993, #3269, #2496, .T. ) ;
#1685 = AXIS2_PLACEMENT_3D ( 'NONE', #2210, #7748, #3860 ) ;
#1686 = ORIENTED_EDGE ( 'NONE', *, *, #9296, .T. ) ;
#1687 = EDGE_LOOP ( 'NONE', ( #7393, #9847, #5962, #5896 ) ) ;
#1688 = CARTESIAN_POINT ( 'NONE',  ( 51.33137141638115963, -17.90000000000002345, 29.63284214599200439 ) ) ;
#1689 = ORIENTED_EDGE ( 'NONE', *, *, #6270, .F. ) ;
#1690 = ADVANCED_FACE ( 'NONE', ( #370 ), #2413, .F. ) ;
#1691 = VECTOR ( 'NONE', #7259, 1000.000000000000000 ) ;
#1692 = EDGE_LOOP ( 'NONE', ( #9085, #4989, #803, #9967 ) ) ;
#1693 = EDGE_CURVE ( 'NONE', #5509, #6330, #8936, .T. ) ;
#1694 = ORIENTED_EDGE ( 'NONE', *, *, #6586, .F. ) ;
#1695 = EDGE_CURVE ( 'NONE', #9258, #9960, #2877, .T. ) ;
#1696 = CARTESIAN_POINT ( 'NONE',  ( 71.00000000000002842, -19.09999999999999432, -1.400000000000017009 ) ) ;
#1697 = ORIENTED_EDGE ( 'NONE', *, *, #9393, .F. ) ;
#1698 = EDGE_CURVE ( 'NONE', #1507, #5180, #9059, .T. ) ;
#1699 = ORIENTED_EDGE ( 'NONE', *, *, #8543, .F. ) ;
#1700 = ADVANCED_FACE ( 'NONE', ( #8820 ), #57, .F. ) ;
#1701 = DIRECTION ( 'NONE',  ( 0.000000000000000000, 0.000000000000000000, 1.000000000000000000 ) ) ;
#1702 = CARTESIAN_POINT ( 'NONE',  ( -1.025732709045942270, -12.49746499043202341, -17.14597114140270051 ) ) ;
#1703 = ORIENTED_EDGE ( 'NONE', *, *, #6453, .T. ) ;
#1704 = CARTESIAN_POINT ( 'NONE',  ( 59.79999999999999716, -19.10000000000000142, 52.09999999999999432 ) ) ;
#1705 = ORIENTED_EDGE ( 'NONE', *, *, #2141, .T. ) ;
#1706 = ORIENTED_EDGE ( 'NONE', *, *, #7631, .F. ) ;
#1707 = B_SPLINE_CURVE_WITH_KNOTS ( 'NONE', 3,
 ( #5282, #4546, #1355, #618 ),
 .UNSPECIFIED., .F., .F.,
 ( 4, 4 ),
 ( 0.001171891790625628543, 0.003516978518624066033 ),
 .UNSPECIFIED. ) ;
#1708 = VECTOR ( 'NONE', #7050, 1000.000000000000000 ) ;
#1709 = DIRECTION ( 'NONE',  ( 1.000000000000000000, 0.000000000000000000, 0.000000000000000000 ) ) ;
#1710 = CARTESIAN_POINT ( 'NONE',  ( 3.155591850678276966, -11.91916228882515760, -17.21182020368836874 ) ) ;
#1711 = CARTESIAN_POINT ( 'NONE',  ( -1.353439492770178942, -12.41966975670542261, -16.99971670502815613 ) ) ;
#1713 = EDGE_CURVE ( 'NONE', #9609, #7637, #8331, .T. ) ;
#1712 = PLANE ( 'NONE',  #3661 ) ;
#1714 = CARTESIAN_POINT ( 'NONE',  ( 87.61411549409973532, -11.58620013662168624, -17.33420337862452953 ) ) ;
#1715 = DIRECTION ( 'NONE',  ( 0.000000000000000000, -1.000000000000000000, 0.000000000000000000 ) ) ;
#1716 = VECTOR ( 'NONE', #641, 1000.000000000000000 ) ;
#1717 = VERTEX_POINT ( 'NONE', #10154 ) ;
#1718 = ORIENTED_EDGE ( 'NONE', *, *, #10168, .F. ) ;
#1719 = ORIENTED_EDGE ( 'NONE', *, *, #5059, .T. ) ;
#1720 = CARTESIAN_POINT ( 'NONE',  ( 8.029999999999516191, -5.209999999999815223, -1.800000000000000044 ) ) ;
#1721 = DIRECTION ( 'NONE',  ( 0.000000000000000000, -1.000000000000000000, -1.426581805901979389E-16 ) ) ;
#1722 = DIRECTION ( 'NONE',  ( -0.000000000000000000, -1.000000000000000000, -0.000000000000000000 ) ) ;
#1723 = CARTESIAN_POINT ( 'NONE',  ( -0.2000000000000000111, -9.500000000000001776, 12.79999999999999893 ) ) ;
#1724 = LINE ( 'NONE', #3419, #6387 ) ;
#1725 = EDGE_LOOP ( 'NONE', ( #2329, #9160, #1314, #6180 ) ) ;
#1726 = AXIS2_PLACEMENT_3D ( 'NONE', #8591, #5389, #1496 ) ;
#1727 = LINE ( 'NONE', #9457, #3945 ) ;
#1728 = PRESENTATION_STYLE_ASSIGNMENT (( #4022 ) ) ;
#1729 = EDGE_CURVE ( 'NONE', #451, #5899, #738, .T. ) ;
#1730 = VERTEX_POINT ( 'NONE', #4695 ) ;
#1731 = CARTESIAN_POINT ( 'NONE',  ( 0.1612896334683783517, -9.175856552202404259, -17.74000000000000909 ) ) ;
#1732 = FACE_OUTER_BOUND ( 'NONE', #2153, .T. ) ;
#1733 = VERTEX_POINT ( 'NONE', #7842 ) ;
#1734 = DIRECTION ( 'NONE',  ( -0.000000000000000000, 0.000000000000000000, 1.000000000000000000 ) ) ;
#1735 = CARTESIAN_POINT ( 'NONE',  ( -0.2000000000000000111, -9.500000000000001776, 36.79999999999999716 ) ) ;
#1736 = CARTESIAN_POINT ( 'NONE',  ( -1.800000000000000266, -14.40659966456864893, -15.74000000000000377 ) ) ;
#1737 = DIRECTION ( 'NONE',  ( 1.000000000000000000, 0.000000000000000000, 0.000000000000000000 ) ) ;
#1738 = CYLINDRICAL_SURFACE ( 'NONE', #10022, 10.00000000000000000 ) ;
#1739 = CARTESIAN_POINT ( 'NONE',  ( 31.80000000000000071, -19.09999999999999787, 9.799999999999998934 ) ) ;
#1740 = CARTESIAN_POINT ( 'NONE',  ( 87.39999999999999147, -17.50000000000000355, 21.29999999999972360 ) ) ;
#1741 = VECTOR ( 'NONE', #8692, 1000.000000000000000 ) ;
#1742 = AXIS2_PLACEMENT_3D ( 'NONE', #7064, #2414, #840 ) ;
#1743 = CARTESIAN_POINT ( 'NONE',  ( 1.799999999999996048, -17.50000000000000000, -2.755455298081544778E-15 ) ) ;
#1744 = CARTESIAN_POINT ( 'NONE',  ( 2.758230076843823930, -11.02737508279715506, -17.49653817117679466 ) ) ;
#1745 = CARTESIAN_POINT ( 'NONE',  ( 35.80000000000000426, -19.10000000000000142, 12.79999999999999538 ) ) ;
#1746 = VECTOR ( 'NONE', #10134, 1000.000000000000000 ) ;
#1747 = EDGE_CURVE ( 'NONE', #6016, #5219, #6024, .T. ) ;
#1748 = EDGE_CURVE ( 'NONE', #8501, #3720, #9304, .T. ) ;
#1749 = DIRECTION ( 'NONE',  ( -1.000000000000000000, 0.000000000000000000, 0.000000000000000000 ) ) ;
#1750 = CARTESIAN_POINT ( 'NONE',  ( 16.19999999999999218, -10.10000000000000142, 56.79999999999999716 ) ) ;
#1751 = CARTESIAN_POINT ( 'NONE',  ( 88.40000000000000568, -15.54999999999981419, 18.75000000000047251 ) ) ;
#1752 = ADVANCED_FACE ( 'NONE', ( #3121 ), #4735, .F. ) ;
#1753 = DIRECTION ( 'NONE',  ( 0.000000000000000000, 0.000000000000000000, -1.000000000000000000 ) ) ;
#1754 = EDGE_CURVE ( 'NONE', #5625, #186, #6756, .T. ) ;
#1755 = PLANE ( 'NONE',  #6793 ) ;
#1756 = DIRECTION ( 'NONE',  ( 1.000000000000000000, 0.000000000000000000, -0.000000000000000000 ) ) ;
#1757 = DIRECTION ( 'NONE',  ( -1.399999999999999714E-14, -9.999999999999999988E-15, -1.000000000000000000 ) ) ;
#1758 = DIRECTION ( 'NONE',  ( 1.000000000000000000, 0.000000000000000000, 0.000000000000000000 ) ) ;
#1759 = LINE ( 'NONE', #5304, #154 ) ;
#1760 = ORIENTED_EDGE ( 'NONE', *, *, #7308, .T. ) ;
#1761 = AXIS2_PLACEMENT_3D ( 'NONE', #5075, #4181, #317 ) ;
#1762 = ORIENTED_EDGE ( 'NONE', *, *, #3612, .T. ) ;
#1763 = VECTOR ( 'NONE', #6409, 1000.000000000000000 ) ;
#1764 = LINE ( 'NONE', #10142, #3641 ) ;
#1765 = CARTESIAN_POINT ( 'NONE',  ( 86.79999999999999716, -0.1000000000000000056, -0.000000000000000000 ) ) ;
#1766 = DIRECTION ( 'NONE',  ( 0.000000000000000000, 0.000000000000000000, -1.000000000000000000 ) ) ;
#1767 = CARTESIAN_POINT ( 'NONE',  ( 72.60000000000000853, -9.099999999999996092, -17.73999999999999844 ) ) ;
#1768 = CARTESIAN_POINT ( 'NONE',  ( -0.2000000000000000111, -9.500000000000001776, 42.80000000000000426 ) ) ;
#1769 = ORIENTED_EDGE ( 'NONE', *, *, #4644, .T. ) ;
#1770 = ORIENTED_EDGE ( 'NONE', *, *, #4471, .T. ) ;
#1771 = CARTESIAN_POINT ( 'NONE',  ( 55.47771353140948492, -17.70000000000000995, 25.20365731848911395 ) ) ;
#1772 = EDGE_CURVE ( 'NONE', #10017, #4545, #6518, .T. ) ;
#1773 = AXIS2_PLACEMENT_3D ( 'NONE', #8364, #522, #6885 ) ;
#1774 = VECTOR ( 'NONE', #4631, 1000.000000000000000 ) ;
#1775 = VERTEX_POINT ( 'NONE', #9522 ) ;
#1776 = CARTESIAN_POINT ( 'NONE',  ( 3.399994937847704790, -14.52024117903242129, -16.14461814829070363 ) ) ;
#1777 = CARTESIAN_POINT ( 'NONE',  ( 14.19999999999999041, -0.1000000000000000056, 56.84969335805276103 ) ) ;
#1778 = CIRCLE ( 'NONE', #2962, 2.149999999999999023 ) ;
#1779 = CARTESIAN_POINT ( 'NONE',  ( 46.80000000000000426, -17.50000000000000355, 32.75000000000000000 ) ) ;
#1780 = CARTESIAN_POINT ( 'NONE',  ( 88.15882431744394410, -13.02267275004191660, -16.69275778217439310 ) ) ;
#1781 = DIRECTION ( 'NONE',  ( -1.000000000000000000, -1.734723475976808080E-16, 0.000000000000000000 ) ) ;
#1782 = ORIENTED_EDGE ( 'NONE', *, *, #1456, .T. ) ;
#1783 = ORIENTED_EDGE ( 'NONE', *, *, #9392, .T. ) ;
#1784 = LINE ( 'NONE', #8380, #8046 ) ;
#1785 = CARTESIAN_POINT ( 'NONE',  ( 54.39999999999999858, -14.40000000000002167, -1.800000000000000044 ) ) ;
#1786 = LINE ( 'NONE', #3653, #534 ) ;
#1787 = EDGE_CURVE ( 'NONE', #3079, #4226, #7981, .T. ) ;
#1788 = ORIENTED_EDGE ( 'NONE', *, *, #5806, .T. ) ;
#1789 = CARTESIAN_POINT ( 'NONE',  ( 86.40000000000000568, -9.099999999999996092, -17.73999999999999844 ) ) ;
#1790 = DIRECTION ( 'NONE',  ( 1.000000000000000000, 0.000000000000000000, -0.000000000000000000 ) ) ;
#1791 = VECTOR ( 'NONE', #9420, 1000.000000000000000 ) ;
#1792 = VECTOR ( 'NONE', #3894, 1000.000000000000000 ) ;
#1793 = VERTEX_POINT ( 'NONE', #324 ) ;
#1794 = ADVANCED_FACE ( 'NONE', ( #3373 ), #8209, .F. ) ;
#1795 = AXIS2_PLACEMENT_3D ( 'NONE', #4583, #4651, #4721 ) ;
#1796 = CARTESIAN_POINT ( 'NONE',  ( 22.99999999994492583, -5.150000000033455372, -0.9999999999996478373 ) ) ;
#1798 = DIRECTION ( 'NONE',  ( 1.000000000000000000, -1.400000000000014387E-14, -1.399999999999985673E-14 ) ) ;
#1797 = PLANE ( 'NONE',  #3620 ) ;
#1799 = CARTESIAN_POINT ( 'NONE',  ( -1.393111312509301536, -12.52702620634887687, -16.94957744424778312 ) ) ;
#1800 = CARTESIAN_POINT ( 'NONE',  ( 3.799999999999999822, 11.79999999999999893, -9.350000000000001421 ) ) ;
#1801 = FACE_BOUND ( 'NONE', #8981, .T. ) ;
#1802 = DIRECTION ( 'NONE',  ( -0.7071067811865461294, -0.7071067811865489050, -8.730496322752327455E-17 ) ) ;
#1803 = ORIENTED_EDGE ( 'NONE', *, *, #3172, .T. ) ;
#1804 = CIRCLE ( 'NONE', #9442, 5.099999999999993427 ) ;
#1805 = EDGE_CURVE ( 'NONE', #3904, #6638, #3233, .T. ) ;
#1806 = EDGE_CURVE ( 'NONE', #2478, #1367, #1841, .T. ) ;
#1807 = VECTOR ( 'NONE', #9233, 1000.000000000000000 ) ;
#1808 = EDGE_LOOP ( 'NONE', ( #1359, #7558, #8027, #9575 ) ) ;
#1809 = PLANE ( 'NONE',  #8757 ) ;
#1810 = CARTESIAN_POINT ( 'NONE',  ( 3.506936922940546708, -12.85754146025434252, -16.78284577622155993 ) ) ;
#1811 = LINE ( 'NONE', #7071, #1440 ) ;
#1812 = EDGE_LOOP ( 'NONE', ( #4643, #3180, #7834, #891 ) ) ;
#1813 = CARTESIAN_POINT ( 'NONE',  ( 86.97502827627423017, -10.23660541186258399, -17.65645327249643159 ) ) ;
#1814 = DIRECTION ( 'NONE',  ( 1.000000000000000000, 0.000000000000000000, 0.000000000000000000 ) ) ;
#1815 = ORIENTED_EDGE ( 'NONE', *, *, #946, .F. ) ;
#1816 = LINE ( 'NONE', #8109, #7329 ) ;
#1817 = CARTESIAN_POINT ( 'NONE',  ( 43.53058101060969420, -18.99586758350771021, 37.01521260250021328 ) ) ;
#1818 = CARTESIAN_POINT ( 'NONE',  ( 71.83341593852102847, -11.10768237792464852, -17.53711514264491100 ) ) ;
#1819 = PLANE ( 'NONE',  #8482 ) ;
#1820 = DIRECTION ( 'NONE',  ( 1.400000000000014545E-14, 1.000000000000000000, 1.404986760216307406E-16 ) ) ;
#1821 = ORIENTED_EDGE ( 'NONE', *, *, #4300, .F. ) ;
#1822 = CYLINDRICAL_SURFACE ( 'NONE', #6861, 10.00000000000000000 ) ;
#1823 = ORIENTED_EDGE ( 'NONE', *, *, #1334, .F. ) ;
#1824 = EDGE_CURVE ( 'NONE', #2277, #1585, #1978, .T. ) ;
#1825 = VERTEX_POINT ( 'NONE', #4048 ) ;
#1826 = AXIS2_PLACEMENT_3D ( 'NONE', #9293, #2342, #4626 ) ;
#1827 = LINE ( 'NONE', #7585, #1338 ) ;
#1828 = CARTESIAN_POINT ( 'NONE',  ( -1.800000000000000266, -0.2000000000003211154, 21.69999999999940599 ) ) ;
#1829 = CARTESIAN_POINT ( 'NONE',  ( -0.3750282762742546683, -10.23660541186258932, -17.65645327249643159 ) ) ;
#1830 = DIRECTION ( 'NONE',  ( 1.000000000000000000, -0.000000000000000000, -0.000000000000000000 ) ) ;
#1831 = CARTESIAN_POINT ( 'NONE',  ( -1.800000000000000266, -2.449999999999729283, 14.32740920835357379 ) ) ;
#1832 = DIRECTION ( 'NONE',  ( 1.000000000000000000, -0.000000000000000000, -0.000000000000000000 ) ) ;
#1834 = ORIENTED_EDGE ( 'NONE', *, *, #8934, .T. ) ;
#1833 = CARTESIAN_POINT ( 'NONE',  ( 46.80000000000000426, -18.70000000000000639, 32.75000000000000000 ) ) ;
#1835 = B_SPLINE_CURVE_WITH_KNOTS ( 'NONE', 1,
 ( #4041, #177 ),
 .UNSPECIFIED., .F., .F.,
 ( 2, 2 ),
 ( 0.000000000000000000, 1.000000000000000000 ),
 .UNSPECIFIED. ) ;
#1836 = DIRECTION ( 'NONE',  ( -0.7071067811865513475, -2.122205421015039566E-16, 0.7071067811865437980 ) ) ;
#1837 = CARTESIAN_POINT ( 'NONE',  ( 3.338977896318539251, -13.86318290930057096, -16.53364112356641158 ) ) ;
#1838 = CARTESIAN_POINT ( 'NONE',  ( 46.80000000000001137, -18.70000000000002061, 31.33578643762691840 ) ) ;
#1840 = EDGE_CURVE ( 'NONE', #9377, #298, #7594, .T. ) ;
#1839 = CARTESIAN_POINT ( 'NONE',  ( -0.2000000000000000111, -15.50000000000002132, 38.80000000000000426 ) ) ;
#1841 = LINE ( 'NONE', #905, #2619 ) ;
#1842 = CARTESIAN_POINT ( 'NONE',  ( -1.800000000000000266, -9.500000000000001776, 40.80000000000000426 ) ) ;
#1843 = CARTESIAN_POINT ( 'NONE',  ( 84.20000000000001705, 4.299999999999999822, -0.2000000000000000666 ) ) ;
#1844 = LINE ( 'NONE', #2043, #6015 ) ;
#1845 = ORIENTED_EDGE ( 'NONE', *, *, #5863, .T. ) ;
#1846 = ADVANCED_FACE ( 'NONE', ( #7727 ), #5498, .F. ) ;
#1847 = LINE ( 'NONE', #2378, #7474 ) ;
#1848 = DIRECTION ( 'NONE',  ( -0.7071067811865461294, -0.7071067811865489050, -8.730496322752327455E-17 ) ) ;
#1849 = CARTESIAN_POINT ( 'NONE',  ( 88.00000000000001421, -19.10000000000001208, 57.39999999999999858 ) ) ;
#1850 = CARTESIAN_POINT ( 'NONE',  ( 72.36827231307064778, -9.692389680390597562, -17.72314330741227195 ) ) ;
#1851 = CYLINDRICAL_SURFACE ( 'NONE', #39, 2.149999999999999023 ) ;
#1852 = CARTESIAN_POINT ( 'NONE',  ( 1.799999999999996270, -17.50000000000000000, 46.80000000000000426 ) ) ;
#1853 = ORIENTED_EDGE ( 'NONE', *, *, #8782, .F. ) ;
#1854 = AXIS2_PLACEMENT_3D ( 'NONE', #100, #5616, #4772 ) ;
#1855 = CARTESIAN_POINT ( 'NONE',  ( 110.2009174118887529, -5.150000000034668624, -0.2000000000000008160 ) ) ;
#1856 = LINE ( 'NONE', #3453, #7869 ) ;
#1857 = EDGE_CURVE ( 'NONE', #8644, #5859, #4434, .T. ) ;
#1858 = EDGE_CURVE ( 'NONE', #9535, #6859, #237, .T. ) ;
#1859 = VECTOR ( 'NONE', #7562, 1000.000000000000000 ) ;
#1860 = VERTEX_POINT ( 'NONE', #2402 ) ;
#1861 = ORIENTED_EDGE ( 'NONE', *, *, #4172, .T. ) ;
#1862 = DIRECTION ( 'NONE',  ( -0.000000000000000000, 1.000000000000000000, 1.404986760216307406E-16 ) ) ;
#1863 = CARTESIAN_POINT ( 'NONE',  ( 72.44390400632345006, -9.406076165948743295, -17.73391199932581586 ) ) ;
#1864 = CARTESIAN_POINT ( 'NONE',  ( 21.74999999999955946, -3.900000000004009593, -0.2000000000000006495 ) ) ;
#1865 = VECTOR ( 'NONE', #2766, 1000.000000000000000 ) ;
#1866 = CARTESIAN_POINT ( 'NONE',  ( -0.8000000000000001554, -4.100000000000000533, 6.599999999999999645 ) ) ;
#1867 = DIRECTION ( 'NONE',  ( -0.000000000000000000, -0.2079116908177566780, -0.9781476007338061329 ) ) ;
#1868 = LINE ( 'NONE', #2698, #5309 ) ;
#1869 = EDGE_LOOP ( 'NONE', ( #4441, #1028, #4923, #4353, #3944, #5042, #7497, #6070 ) ) ;
#1870 = CARTESIAN_POINT ( 'NONE',  ( -0.2000000000000000111, -15.50000000000001599, -1.913751877412138293E-15 ) ) ;
#1871 = LINE ( 'NONE', #3486, #9190 ) ;
#1872 = ORIENTED_EDGE ( 'NONE', *, *, #2472, .F. ) ;
#1873 = ORIENTED_EDGE ( 'NONE', *, *, #3124, .F. ) ;
#1875 = ADVANCED_FACE ( 'NONE', ( #1475 ), #6298, .F. ) ;
#1874 = DIRECTION ( 'NONE',  ( 0.7071067811865474617, 0.000000000000000000, 0.7071067811865474617 ) ) ;
#1876 = CARTESIAN_POINT ( 'NONE',  ( -1.800000000000000266, 11.79999999999999893, -13.64999999999999858 ) ) ;
#1877 = EDGE_CURVE ( 'NONE', #3799, #929, #10112, .T. ) ;
#1878 = AXIS2_PLACEMENT_3D ( 'NONE', #9173, #3804, #6078 ) ;
#1879 = CARTESIAN_POINT ( 'NONE',  ( 21.00677727426997166, -10.49463313667988906, -1.800000000000000044 ) ) ;
#1880 = CARTESIAN_POINT ( 'NONE',  ( 50.80546498460589078, -19.10000000000000497, 35.90693684718210932 ) ) ;
#1881 = VECTOR ( 'NONE', #7936, 1000.000000000000000 ) ;
#1882 = CARTESIAN_POINT ( 'NONE',  ( -1.799999999999996048, -0.1000000000000000056, -0.2000000000000000944 ) ) ;
#1883 = LINE ( 'NONE', #6791, #7277 ) ;
#1884 = VERTEX_POINT ( 'NONE', #3909 ) ;
#1885 = CARTESIAN_POINT ( 'NONE',  ( 56.25766016019929339, -18.03311722261454975, 40.79344659782624660 ) ) ;
#1886 = ORIENTED_EDGE ( 'NONE', *, *, #5230, .F. ) ;
#1887 = EDGE_CURVE ( 'NONE', #8513, #2706, #2789, .T. ) ;
#1888 = CARTESIAN_POINT ( 'NONE',  ( 150.7570364914818697, -11.30000000000000959, 57.79999999999999716 ) ) ;
#1889 = ORIENTED_EDGE ( 'NONE', *, *, #9460, .T. ) ;
#1890 = CARTESIAN_POINT ( 'NONE',  ( -1.000000000000000000, -4.545900930049277200, 16.39936534720461125 ) ) ;
#1891 = FACE_OUTER_BOUND ( 'NONE', #9540, .T. ) ;
#1892 = DIRECTION ( 'NONE',  ( -0.000000000000000000, -0.000000000000000000, -1.000000000000000000 ) ) ;
#1893 = CARTESIAN_POINT ( 'NONE',  ( -1.800000000000000266, -9.500000000000001776, 18.80000000000000071 ) ) ;
#1894 = CARTESIAN_POINT ( 'NONE',  ( 84.20000000000001705, 0.000000000000000000, 0.000000000000000000 ) ) ;
#1895 = EDGE_CURVE ( 'NONE', #6444, #8086, #1764, .T. ) ;
#1896 = VECTOR ( 'NONE', #2993, 1000.000000000000000 ) ;
#1897 = ORIENTED_EDGE ( 'NONE', *, *, #2436, .T. ) ;
#1898 = AXIS2_PLACEMENT_3D ( 'NONE', #7977, #1836, #1874 ) ;
#1899 = DIRECTION ( 'NONE',  ( 1.000000000000000000, 0.000000000000000000, 0.000000000000000000 ) ) ;
#1900 = ORIENTED_EDGE ( 'NONE', *, *, #1633, .F. ) ;
#1901 = ORIENTED_EDGE ( 'NONE', *, *, #5046, .F. ) ;
#1902 = CARTESIAN_POINT ( 'NONE',  ( -0.1010111394214155550, -9.691247432911398008, -17.71730118250039254 ) ) ;
#1903 = ADVANCED_FACE ( 'NONE', ( #887 ), #7911, .T. ) ;
#1904 = DIRECTION ( 'NONE',  ( -0.000000000000000000, 1.000000000000000000, 3.001251688541188813E-16 ) ) ;
#1905 = DIRECTION ( 'NONE',  ( 1.000000000000000000, 0.000000000000000000, 0.000000000000000000 ) ) ;
#1906 = CARTESIAN_POINT ( 'NONE',  ( 0.05489547211980855268, -9.384480584939796088, -17.73494117051660268 ) ) ;
#1907 = CARTESIAN_POINT ( 'NONE',  ( -1.799999999999996048, -0.1000000000000000056, -0.2000000000000000944 ) ) ;
#1908 = VECTOR ( 'NONE', #3616, 1000.000000000000000 ) ;
#1909 = VECTOR ( 'NONE', #7057, 1000.000000000000000 ) ;
#1910 = ORIENTED_EDGE ( 'NONE', *, *, #4910, .T. ) ;
#1911 = EDGE_CURVE ( 'NONE', #5071, #4916, #10065, .T. ) ;
#1912 = CARTESIAN_POINT ( 'NONE',  ( -4.000000000000011546, -11.70000000000002238, 32.79999999999999716 ) ) ;
#1913 = CARTESIAN_POINT ( 'NONE',  ( -1.800000000000000266, -0.2000000000003226419, 34.24999999999941025 ) ) ;
#1914 = CARTESIAN_POINT ( 'NONE',  ( 86.79999999999999716, -0.1000000000000000056, -0.000000000000000000 ) ) ;
#1915 = VECTOR ( 'NONE', #2649, 1000.000000000000000 ) ;
#1916 = VECTOR ( 'NONE', #3316, 1000.000000000000000 ) ;
#1917 = DIRECTION ( 'NONE',  ( -1.000000000000000000, 0.000000000000000000, 1.405126015542156277E-14 ) ) ;
#1918 = EDGE_LOOP ( 'NONE', ( #7883, #1236, #7690, #2114 ) ) ;
#1919 = DIRECTION ( 'NONE',  ( 0.000000000000000000, 0.000000000000000000, -1.000000000000000000 ) ) ;
#1920 = ORIENTED_EDGE ( 'NONE', *, *, #3727, .F. ) ;
#1921 = CYLINDRICAL_SURFACE ( 'NONE', #3670, 1.000000000000000000 ) ;
#1922 = ORIENTED_EDGE ( 'NONE', *, *, #1748, .T. ) ;
#1923 = DIRECTION ( 'NONE',  ( -1.000000000000000000, 0.000000000000000000, -0.000000000000000000 ) ) ;
#1924 = EDGE_CURVE ( 'NONE', #10147, #818, #8957, .T. ) ;
#1925 = PLANE ( 'NONE',  #3839 ) ;
#1926 = ORIENTED_EDGE ( 'NONE', *, *, #774, .T. ) ;
#1927 = VECTOR ( 'NONE', #3810, 1000.000000000000000 ) ;
#1928 = ORIENTED_EDGE ( 'NONE', *, *, #3426, .F. ) ;
#1929 = AXIS2_PLACEMENT_3D ( 'NONE', #7682, #3044, #10038 ) ;
#1930 = ADVANCED_FACE ( 'NONE', ( #6416 ), #1851, .F. ) ;
#1931 = ORIENTED_EDGE ( 'NONE', *, *, #6032, .F. ) ;
#1932 = VERTEX_POINT ( 'NONE', #7940 ) ;
#1933 = VERTEX_POINT ( 'NONE', #2485 ) ;
#1934 = DIRECTION ( 'NONE',  ( 0.000000000000000000, 0.000000000000000000, -1.000000000000000000 ) ) ;
#1935 = CARTESIAN_POINT ( 'NONE',  ( 70.81313519126076983, -13.11790586739998865, -16.63844351088373230 ) ) ;
#1936 = CARTESIAN_POINT ( 'NONE',  ( -0.5973366990686965750, -10.68986537665932879, -17.57515824943680016 ) ) ;
#1937 = CARTESIAN_POINT ( 'NONE',  ( 19.00677727426997166, -10.49463313667988906, -2.000000000000000000 ) ) ;
#1938 = ORIENTED_EDGE ( 'NONE', *, *, #9728, .F. ) ;
#1939 = CARTESIAN_POINT ( 'NONE',  ( -1.799999999999999378, -3.200000000000001510, -1.800000000000000044 ) ) ;
#1940 = EDGE_CURVE ( 'NONE', #6345, #9330, #380, .T. ) ;
#1941 = CIRCLE ( 'NONE', #7968, 9.600000000000006750 ) ;
#1942 = EDGE_CURVE ( 'NONE', #647, #4882, #2101, .T. ) ;
#1943 = EDGE_LOOP ( 'NONE', ( #2717, #4299, #7284, #8376 ) ) ;
#1944 = FACE_OUTER_BOUND ( 'NONE', #5347, .T. ) ;
#1945 = CARTESIAN_POINT ( 'NONE',  ( -0.2000000000000000111, 4.299999999999999822, -0.1999999999999994837 ) ) ;
#1946 = CARTESIAN_POINT ( 'NONE',  ( -1.800000000000000266, -17.50000000000000000, 22.80000000000000071 ) ) ;
#1947 = EDGE_LOOP ( 'NONE', ( #9429, #8608, #5968, #8090, #9351 ) ) ;
#1948 = CARTESIAN_POINT ( 'NONE',  ( -1.000000000000000000, -3.045900930049277200, 18.39936534720461481 ) ) ;
#1949 = CARTESIAN_POINT ( 'NONE',  ( 87.16658406147897153, -11.10768237792465207, -17.53711514264491100 ) ) ;
#1950 = CARTESIAN_POINT ( 'NONE',  ( 72.60000000000000853, 11.79999999999999716, -17.73999999999999844 ) ) ;
#1951 = LINE ( 'NONE', #6528, #5279 ) ;
#1952 = ORIENTED_EDGE ( 'NONE', *, *, #1276, .T. ) ;
#1953 = ORIENTED_EDGE ( 'NONE', *, *, #6088, .T. ) ;
#1954 = ADVANCED_FACE ( 'NONE', ( #9544 ), #8495, .F. ) ;
#1955 = LINE ( 'NONE', #1493, #8077 ) ;
#1957 = CARTESIAN_POINT ( 'NONE',  ( -1.271357636903864829, -12.20543646739751154, -17.09503825700299728 ) ) ;
#1956 = AXIS2_PLACEMENT_3D ( 'NONE', #5345, #4003, #2471 ) ;
#1958 = DIRECTION ( 'NONE',  ( 0.000000000000000000, -3.001251688541188813E-16, 1.000000000000000000 ) ) ;
#1959 = VERTEX_POINT ( 'NONE', #7285 ) ;
#1960 = CARTESIAN_POINT ( 'NONE',  ( 6.800000000000000711, -19.10000000000000142, 49.29999999999999716 ) ) ;
#1961 = CARTESIAN_POINT ( 'NONE',  ( 3.799999999999999378, -19.10000000000000142, 4.799999999999999822 ) ) ;
#1962 = CYLINDRICAL_SURFACE ( 'NONE', #732, 1.000000000000000000 ) ;
#1963 = ORIENTED_EDGE ( 'NONE', *, *, #2140, .T. ) ;
#1964 = ORIENTED_EDGE ( 'NONE', *, *, #2664, .F. ) ;
#1965 = EDGE_LOOP ( 'NONE', ( #7828, #8250, #9175, #7090 ) ) ;
#1966 = VERTEX_POINT ( 'NONE', #7221 ) ;
#1967 = DIRECTION ( 'NONE',  ( -0.000000000000000000, 1.000000000000000000, -0.000000000000000000 ) ) ;
#1968 = CARTESIAN_POINT ( 'NONE',  ( 59.79999999999999716, -15.50000000000000711, 56.20000000000000284 ) ) ;
#1969 = EDGE_CURVE ( 'NONE', #9944, #7234, #1042, .T. ) ;
#1970 = EDGE_LOOP ( 'NONE', ( #3987, #5381, #1014, #706, #9945 ) ) ;
#1971 = CARTESIAN_POINT ( 'NONE',  ( 41.99999999996711608, -5.150000000033713832, -0.2000000000000008160 ) ) ;
#1972 = DIRECTION ( 'NONE',  ( 1.000000000000000000, 0.000000000000000000, -0.000000000000000000 ) ) ;
#1973 = CARTESIAN_POINT ( 'NONE',  ( 72.42838494729214460, -9.436554157192704295, -17.73262385650644291 ) ) ;
#1974 = DIRECTION ( 'NONE',  ( 0.000000000000000000, 0.000000000000000000, 1.000000000000000000 ) ) ;
#1975 = VERTEX_POINT ( 'NONE', #2567 ) ;
#1976 = CARTESIAN_POINT ( 'NONE',  ( 16.26999999999953772, -3.200000000000001510, -1.800000000000252953 ) ) ;
#1977 = VECTOR ( 'NONE', #9335, 1000.000000000000000 ) ;
#1978 = LINE ( 'NONE', #6134, #9659 ) ;
#1980 = ADVANCED_FACE ( 'NONE', ( #5423 ), #9812, .F. ) ;
#1979 = CARTESIAN_POINT ( 'NONE',  ( 21.00677727426997166, 0.000000000000000000, -1.800000000000000044 ) ) ;
#1981 = LINE ( 'NONE', #2520, #2624 ) ;
#1982 = DIRECTION ( 'NONE',  ( -0.000000000000000000, 1.000000000000000000, 1.404986760216307406E-16 ) ) ;
#1983 = ORIENTED_EDGE ( 'NONE', *, *, #1548, .F. ) ;
#1984 = CARTESIAN_POINT ( 'NONE',  ( -1.800000000000000266, -9.500000000000001776, 8.799999999999995381 ) ) ;
#1986 = EDGE_CURVE ( 'NONE', #9172, #9876, #398, .T. ) ;
#1985 = DIRECTION ( 'NONE',  ( 0.000000000000000000, -0.000000000000000000, 1.000000000000000000 ) ) ;
#1987 = LINE ( 'NONE', #503, #6895 ) ;
#1988 = DIRECTION ( 'NONE',  ( 0.000000000000000000, 0.3420201433256622736, -0.9396926207859106484 ) ) ;
#1989 = DIRECTION ( 'NONE',  ( 0.000000000000000000, 1.000000000000000000, 0.000000000000000000 ) ) ;
#1990 = VECTOR ( 'NONE', #4660, 1000.000000000000000 ) ;
#1991 = LINE ( 'NONE', #9900, #9315 ) ;
#1992 = ORIENTED_EDGE ( 'NONE', *, *, #7847, .T. ) ;
#1993 = CARTESIAN_POINT ( 'NONE',  ( 3.800000000000001155, -19.10000000000000142, 14.79999999999999893 ) ) ;
#1994 = CIRCLE ( 'NONE', #2038, 9.999999999999998224 ) ;
#1995 = CARTESIAN_POINT ( 'NONE',  ( -1.000000000000000000, -3.045900930049277200, 18.39936534720461481 ) ) ;
#1996 = CARTESIAN_POINT ( 'NONE',  ( 70.60000632769036599, -14.30343153187113359, -15.82554177794881767 ) ) ;
#1997 = CARTESIAN_POINT ( 'NONE',  ( 51.09014042472749395, -17.50000000000000355, 29.30838771269642606 ) ) ;
#1998 = VECTOR ( 'NONE', #7509, 1000.000000000000114 ) ;
#1999 = FACE_OUTER_BOUND ( 'NONE', #5964, .T. ) ;
#2000 = ORIENTED_EDGE ( 'NONE', *, *, #9745, .T. ) ;
#2001 = VERTEX_POINT ( 'NONE', #151 ) ;
#2002 = FACE_OUTER_BOUND ( 'NONE', #1808, .T. ) ;
#2003 = LINE ( 'NONE', #1768, #1881 ) ;
#2004 = EDGE_CURVE ( 'NONE', #6939, #8325, #3006, .T. ) ;
#2005 = EDGE_CURVE ( 'NONE', #78, #6941, #9368, .T. ) ;
#2006 = LINE ( 'NONE', #726, #2512 ) ;
#2007 = ORIENTED_EDGE ( 'NONE', *, *, #2403, .T. ) ;
#2008 = ADVANCED_FACE ( 'NONE', ( #7997 ), #4182, .F. ) ;
#2009 = CARTESIAN_POINT ( 'NONE',  ( 16.26999999999955904, -3.309999999999920561, -0.2000000000000005107 ) ) ;
#2010 = CARTESIAN_POINT ( 'NONE',  ( 70.66240640929325423, -13.75367714914586337, -16.23579484760629299 ) ) ;
#2011 = DIRECTION ( 'NONE',  ( 0.7071067811865561215, 0.000000000000000000, -0.7071067811865389130 ) ) ;
#2012 = CARTESIAN_POINT ( 'NONE',  ( -0.8000000000000001554, -0.1000000000000002554, 6.599999999999999645 ) ) ;
#2013 = ORIENTED_EDGE ( 'NONE', *, *, #4190, .T. ) ;
#2014 = DIRECTION ( 'NONE',  ( 1.000000000000000000, 0.000000000000000000, -0.000000000000000000 ) ) ;
#2015 = ORIENTED_EDGE ( 'NONE', *, *, #737, .F. ) ;
#2016 = LINE ( 'NONE', #9560, #7766 ) ;
#2017 = LINE ( 'NONE', #2647, #4358 ) ;
#2018 = CARTESIAN_POINT ( 'NONE',  ( 50.24161228730358175, -17.50000000000000355, 37.04014042472748969 ) ) ;
#2019 = ORIENTED_EDGE ( 'NONE', *, *, #5736, .F. ) ;
#2020 = CARTESIAN_POINT ( 'NONE',  ( 43.64306315281794468, -19.10000000000000142, 28.74453501539408151 ) ) ;
#2021 = ORIENTED_EDGE ( 'NONE', *, *, #3410, .F. ) ;
#2022 = CARTESIAN_POINT ( 'NONE',  ( 84.40000000000000568, -0.09999999999999889533, 57.79999999999999716 ) ) ;
#2023 = EDGE_CURVE ( 'NONE', #3741, #2850, #2964, .T. ) ;
#2024 = CARTESIAN_POINT ( 'NONE',  ( 43.68284214599196957, -17.90000000000000213, 28.21862858361886950 ) ) ;
#2025 = CARTESIAN_POINT ( 'NONE',  ( 14.19999999999999041, -8.099999999999999645, 56.79999999999999716 ) ) ;
#2026 = DIRECTION ( 'NONE',  ( 1.257045997084642365E-16, 0.000000000000000000, 1.000000000000000000 ) ) ;
#2027 = CIRCLE ( 'NONE', #6499, 5.099999999999993427 ) ;
#2028 = LINE ( 'NONE', #8511, #1774 ) ;
#2029 = CARTESIAN_POINT ( 'NONE',  ( 1.799999999999996270, -17.50000000000000000, 6.800000000000000711 ) ) ;
#2030 = FACE_OUTER_BOUND ( 'NONE', #7397, .T. ) ;
#2031 = ORIENTED_EDGE ( 'NONE', *, *, #3226, .T. ) ;
#2032 = DIRECTION ( 'NONE',  ( -0.000000000000000000, 1.000000000000000000, 3.001251688541188813E-16 ) ) ;
#2033 = ORIENTED_EDGE ( 'NONE', *, *, #6088, .F. ) ;
#2034 = CARTESIAN_POINT ( 'NONE',  ( 72.36806770050139903, -9.555032649180239090, -17.72735518186383885 ) ) ;
#2035 = DIRECTION ( 'NONE',  ( 0.000000000000000000, 0.000000000000000000, -1.000000000000000000 ) ) ;
#2036 = VERTEX_POINT ( 'NONE', #2525 ) ;
#2037 = EDGE_CURVE ( 'NONE', #6898, #4882, #4898, .T. ) ;
#2038 = AXIS2_PLACEMENT_3D ( 'NONE', #7854, #5585, #7045 ) ;
#2039 = VECTOR ( 'NONE', #1492, 1000.000000000000000 ) ;
#2040 = LINE ( 'NONE', #3604, #1044 ) ;
#2041 = LINE ( 'NONE', #1855, #4984 ) ;
#2042 = EDGE_LOOP ( 'NONE', ( #9155, #5396, #8582, #5449 ) ) ;
#2043 = CARTESIAN_POINT ( 'NONE',  ( 70.20000000000001705, 8.123044737829948403, -14.04558441227158738 ) ) ;
#2044 = CARTESIAN_POINT ( 'NONE',  ( 70.82407801452494311, -13.08048315848711773, -16.65987545358485988 ) ) ;
#2045 = CARTESIAN_POINT ( 'NONE',  ( 71.21746503605750434, -13.08124055020327781, -16.91415815875548034 ) ) ;
#2046 = DIRECTION ( 'NONE',  ( 0.000000000000000000, 1.000000000000000000, 0.000000000000000000 ) ) ;
#2047 = CARTESIAN_POINT ( 'NONE',  ( -1.800000000000000266, -7.300000000000022027, 1.599999999999999867 ) ) ;
#2048 = ORIENTED_EDGE ( 'NONE', *, *, #3584, .F. ) ;
#2049 = VECTOR ( 'NONE', #7378, 1000.000000000000000 ) ;
#2050 = EDGE_CURVE ( 'NONE', #3015, #984, #7573, .T. ) ;
#2051 = VERTEX_POINT ( 'NONE', #4903 ) ;
#2052 = FACE_OUTER_BOUND ( 'NONE', #291, .T. ) ;
#2053 = CARTESIAN_POINT ( 'NONE',  ( 2.163055802456193888, -9.813918472397064718, -17.70677575573946783 ) ) ;
#2054 = CARTESIAN_POINT ( 'NONE',  ( 84.40000000000000568, -10.10000000000000142, 57.79999999999999716 ) ) ;
#2055 = VERTEX_POINT ( 'NONE', #1771 ) ;
#2056 = LINE ( 'NONE', #9524, #3567 ) ;
#2057 = VERTEX_POINT ( 'NONE', #9586 ) ;
#2058 = VECTOR ( 'NONE', #2571, 1000.000000000000000 ) ;
#2059 = ORIENTED_EDGE ( 'NONE', *, *, #6991, .T. ) ;
#2060 = VERTEX_POINT ( 'NONE', #4083 ) ;
#2061 = ADVANCED_FACE ( 'NONE', ( #3456 ), #4044, .F. ) ;
#2062 = DIRECTION ( 'NONE',  ( 1.000000000000000000, -0.000000000000000000, -0.000000000000000000 ) ) ;
#2063 = DIRECTION ( 'NONE',  ( 0.000000000000000000, 1.000000000000000000, 0.000000000000000000 ) ) ;
#2064 = FACE_OUTER_BOUND ( 'NONE', #7755, .T. ) ;
#2065 = CARTESIAN_POINT ( 'NONE',  ( 70.63979677971965998, -13.88495347591283924, -16.14425074667543925 ) ) ;
#2066 = CARTESIAN_POINT ( 'NONE',  ( 87.39999999999999147, -17.50000000000000355, 36.89999999999971436 ) ) ;
#2067 = CARTESIAN_POINT ( 'NONE',  ( 31.80000000000000071, -17.50000000000000000, 5.799999999999999822 ) ) ;
#2068 = EDGE_CURVE ( 'NONE', #4929, #2901, #5394, .T. ) ;
#2069 = VECTOR ( 'NONE', #4089, 1000.000000000000000 ) ;
#2070 = EDGE_LOOP ( 'NONE', ( #8693, #5660, #7545, #8960 ) ) ;
#2071 = ORIENTED_EDGE ( 'NONE', *, *, #7032, .F. ) ;
#2072 = AXIS2_PLACEMENT_3D ( 'NONE', #1651, #4669, #7784 ) ;
#2073 = PLANE ( 'NONE',  #7246 ) ;
#2074 = CARTESIAN_POINT ( 'NONE',  ( 57.83582325591876128, -18.84968806059907820, 23.10152699056000003 ) ) ;
#2075 = CARTESIAN_POINT ( 'NONE',  ( 71.26110703051138273, -12.90927128285454728, -16.98625956015351335 ) ) ;
#2076 = DIRECTION ( 'NONE',  ( 0.000000000000000000, -0.9781476007338062439, 0.2079116908177566780 ) ) ;
#2077 = CARTESIAN_POINT ( 'NONE',  ( 4.199999999999995737, -8.100000000000001421, 56.79999999999999716 ) ) ;
#2078 = EDGE_CURVE ( 'NONE', #5560, #1374, #1327, .T. ) ;
#2079 = EDGE_CURVE ( 'NONE', #3803, #6446, #10011, .T. ) ;
#2080 = LINE ( 'NONE', #8547, #225 ) ;
#2081 = ORIENTED_EDGE ( 'NONE', *, *, #7005, .T. ) ;
#2082 = VERTEX_POINT ( 'NONE', #8141 ) ;
#2083 = DIRECTION ( 'NONE',  ( -1.245113975359227994E-14, -1.000000000000000000, -1.404986760216307406E-16 ) ) ;
#2084 = DIRECTION ( 'NONE',  ( -1.000000000000000000, -0.000000000000000000, -0.000000000000000000 ) ) ;
#2085 = EDGE_CURVE ( 'NONE', #2580, #1507, #3791, .T. ) ;
#2086 = CARTESIAN_POINT ( 'NONE',  ( 3.151440756083146777, -11.91014273800371370, -17.21447511612057824 ) ) ;
#2087 = CARTESIAN_POINT ( 'NONE',  ( -1.322716411814269355, -13.76014123094881825, -16.58866995904828201 ) ) ;
#2088 = ORIENTED_EDGE ( 'NONE', *, *, #8630, .F. ) ;
#2089 = ORIENTED_EDGE ( 'NONE', *, *, #3318, .T. ) ;
#2090 = CARTESIAN_POINT ( 'NONE',  ( 1.830981105073977266, -9.179049932029993641, -17.74000000000000199 ) ) ;
#2091 = LINE ( 'NONE', #1914, #6012 ) ;
#2092 = CARTESIAN_POINT ( 'NONE',  ( 70.82471773640075696, -13.07762055678737312, -16.66175152372535706 ) ) ;
#2093 = CARTESIAN_POINT ( 'NONE',  ( 70.60000000000000853, 11.79999999999999716, -11.53999999999999737 ) ) ;
#2094 = CARTESIAN_POINT ( 'NONE',  ( 21.00677727426997166, -10.49463313667988906, -2.000000000000000000 ) ) ;
#2095 = ORIENTED_EDGE ( 'NONE', *, *, #1192, .F. ) ;
#2096 = CARTESIAN_POINT ( 'NONE',  ( -1.799999999999996048, -0.1000000000000000056, -0.2000000000000000944 ) ) ;
#2097 = LINE ( 'NONE', #9033, #3939 ) ;
#2098 = VERTEX_POINT ( 'NONE', #9917 ) ;
#2099 = VECTOR ( 'NONE', #735, 1000.000000000000000 ) ;
#2100 = EDGE_CURVE ( 'NONE', #7280, #6159, #4770, .T. ) ;
#2101 = LINE ( 'NONE', #1670, #9793 ) ;
#2102 = ORIENTED_EDGE ( 'NONE', *, *, #2183, .T. ) ;
#2103 = ADVANCED_FACE ( 'NONE', ( #7444 ), #1312, .F. ) ;
#2104 = CARTESIAN_POINT ( 'NONE',  ( 70.40000000000000568, -10.10000000000000142, 56.59999999999998010 ) ) ;
#2106 = CARTESIAN_POINT ( 'NONE',  ( 57.55674888471119033, -18.70000000000000284, 23.40746467766203409 ) ) ;
#2105 = CARTESIAN_POINT ( 'NONE',  ( -1.800000000000000266, -0.2000000000003211154, 21.69999999999940599 ) ) ;
#2107 = DIRECTION ( 'NONE',  ( 0.000000000000000000, -1.000000000000000000, 0.000000000000000000 ) ) ;
#2108 = ORIENTED_EDGE ( 'NONE', *, *, #7061, .T. ) ;
#2109 = VECTOR ( 'NONE', #114, 1000.000000000000000 ) ;
#2110 = EDGE_LOOP ( 'NONE', ( #9156, #517, #2127, #6279, #797 ) ) ;
#2111 = CARTESIAN_POINT ( 'NONE',  ( -4.000000000000011546, -11.70000000000002061, 28.80000000000000071 ) ) ;
#2112 = CARTESIAN_POINT ( 'NONE',  ( -0.8000000000000001554, -0.1000000000000002554, 3.600000000000000089 ) ) ;
#2113 = ORIENTED_EDGE ( 'NONE', *, *, #3295, .F. ) ;
#2114 = ORIENTED_EDGE ( 'NONE', *, *, #7448, .T. ) ;
#2115 = LINE ( 'NONE', #2629, #8947 ) ;
#2116 = ORIENTED_EDGE ( 'NONE', *, *, #5695, .F. ) ;
#2117 = VECTOR ( 'NONE', #5970, 1000.000000000000000 ) ;
#2118 = ORIENTED_EDGE ( 'NONE', *, *, #3256, .F. ) ;
#2119 = ORIENTED_EDGE ( 'NONE', *, *, #9460, .F. ) ;
#2120 = CARTESIAN_POINT ( 'NONE',  ( 70.40000000000000568, -0.1000000000000002415, 57.79999999999999716 ) ) ;
#2121 = ORIENTED_EDGE ( 'NONE', *, *, #7803, .F. ) ;
#2122 = DIRECTION ( 'NONE',  ( 0.000000000000000000, 0.000000000000000000, -1.000000000000000000 ) ) ;
#2123 = LINE ( 'NONE', #6821, #8835 ) ;
#2124 = EDGE_CURVE ( 'NONE', #6710, #8678, #6614, .T. ) ;
#2125 = CARTESIAN_POINT ( 'NONE',  ( 2.385005464708149336, -10.25667720394768168, -17.65343092480435772 ) ) ;
#2126 = CARTESIAN_POINT ( 'NONE',  ( -1.245757626905364956, -13.35980282468854874, -16.78733928080918858 ) ) ;
#2127 = ORIENTED_EDGE ( 'NONE', *, *, #1693, .F. ) ;
#2128 = AXIS2_PLACEMENT_3D ( 'NONE', #7648, #3768, #6113 ) ;
#2129 = ORIENTED_EDGE ( 'NONE', *, *, #7197, .F. ) ;
#2130 = EDGE_LOOP ( 'NONE', ( #6694, #3929, #4513, #106, #294, #9895, #7295, #8469, #5360 ) ) ;
#2131 = CARTESIAN_POINT ( 'NONE',  ( 2.040803915289292281, -9.715876377236003947, -17.72108485053836091 ) ) ;
#2132 = CARTESIAN_POINT ( 'NONE',  ( 72.57678131413724998, -9.159243671536879461, -17.73986857403078687 ) ) ;
#2133 = PLANE ( 'NONE',  #3993 ) ;
#2134 = CARTESIAN_POINT ( 'NONE',  ( 70.60000000000000853, 9.254415587728425763, -15.17695526217005941 ) ) ;
#2135 = FACE_OUTER_BOUND ( 'NONE', #7872, .T. ) ;
#2136 = ORIENTED_EDGE ( 'NONE', *, *, #2763, .F. ) ;
#2137 = ORIENTED_EDGE ( 'NONE', *, *, #4056, .F. ) ;
#2138 = VECTOR ( 'NONE', #8762, 999.9999999999998863 ) ;
#2139 = ORIENTED_EDGE ( 'NONE', *, *, #3708, .F. ) ;
#2140 = EDGE_CURVE ( 'NONE', #8959, #4939, #4297, .T. ) ;
#2141 = EDGE_CURVE ( 'NONE', #6623, #1793, #8422, .T. ) ;
#2142 = LINE ( 'NONE', #6100, #6567 ) ;
#2143 = DIRECTION ( 'NONE',  ( 0.000000000000000000, 1.234678630588475078E-16, -1.000000000000000000 ) ) ;
#2145 = CARTESIAN_POINT ( 'NONE',  ( -0.2000000000000000111, -9.500000000000001776, 8.799999999999995381 ) ) ;
#2144 = CARTESIAN_POINT ( 'NONE',  ( 86.50883114704333821, -9.377828507078946885, -17.73619127733270417 ) ) ;
#2146 = CARTESIAN_POINT ( 'NONE',  ( 72.39905172191640759, -9.613575876954906008, -17.72684727320161713 ) ) ;
#2147 = CYLINDRICAL_SURFACE ( 'NONE', #8737, 1.000000000000000888 ) ;
#2148 = VECTOR ( 'NONE', #2456, 1000.000000000000114 ) ;
#2149 = DIRECTION ( 'NONE',  ( 0.000000000000000000, -1.000000000000000000, -1.234678630588475078E-16 ) ) ;
#2150 = DIRECTION ( 'NONE',  ( -1.000000000000000000, 0.000000000000000000, 0.000000000000000000 ) ) ;
#2151 = ORIENTED_EDGE ( 'NONE', *, *, #9404, .T. ) ;
#2152 = LINE ( 'NONE', #4831, #903 ) ;
#2153 = EDGE_LOOP ( 'NONE', ( #339, #4439, #5662, #7639 ) ) ;
#2154 = CARTESIAN_POINT ( 'NONE',  ( 59.79999999999999716, -19.10000000000000142, 52.09999999999999432 ) ) ;
#2155 = FACE_OUTER_BOUND ( 'NONE', #394, .T. ) ;
#2156 = FACE_BOUND ( 'NONE', #7817, .T. ) ;
#2157 = VERTEX_POINT ( 'NONE', #7897 ) ;
#2158 = CARTESIAN_POINT ( 'NONE',  ( 6.129999999999649951, 4.300000000001295675, -0.1999999999999994837 ) ) ;
#2159 = LINE ( 'NONE', #7740, #9833 ) ;
#2160 = AXIS2_PLACEMENT_3D ( 'NONE', #1629, #9513, #6364 ) ;
#2161 = LINE ( 'NONE', #1180, #1414 ) ;
#2162 = DIRECTION ( 'NONE',  ( -1.000000000000000000, -0.000000000000000000, -0.000000000000000000 ) ) ;
#2163 = CARTESIAN_POINT ( 'NONE',  ( 2.711033147028352186, -10.92739222727792558, -17.52145298241702775 ) ) ;
#2164 = CARTESIAN_POINT ( 'NONE',  ( -0.6462370871751466073, -11.33156239116484620, -17.48791432308771121 ) ) ;
#2165 = VERTEX_POINT ( 'NONE', #780 ) ;
#2166 = ADVANCED_FACE ( 'NONE', ( #1944 ), #4282, .F. ) ;
#2167 = CARTESIAN_POINT ( 'NONE',  ( 1.964985729518854418, -9.521407223892092375, -17.73133415344945618 ) ) ;
#2168 = CARTESIAN_POINT ( 'NONE',  ( 55.82454915709749343, -17.83323140166648457, 25.04523934797180829 ) ) ;
#2169 = CYLINDRICAL_SURFACE ( 'NONE', #2235, 1.999999999999998224 ) ;
#2170 = CARTESIAN_POINT ( 'NONE',  ( -1.800000000000000266, -1.649999999999729239, 14.32740920835357379 ) ) ;
#2171 = EDGE_CURVE ( 'NONE', #2001, #4863, #3342, .T. ) ;
#2172 = LINE ( 'NONE', #7269, #670 ) ;
#2173 = CARTESIAN_POINT ( 'NONE',  ( 57.55674888469742712, -18.69999999999297557, 42.09253532232438033 ) ) ;
#2174 = ORIENTED_EDGE ( 'NONE', *, *, #2327, .T. ) ;
#2175 = VECTOR ( 'NONE', #6915, 1000.000000000000000 ) ;
#2176 = VECTOR ( 'NONE', #3034, 1000.000000000000000 ) ;
#2177 = LINE ( 'NONE', #9250, #1191 ) ;
#2178 = CARTESIAN_POINT ( 'NONE',  ( 36.88574880511506393, -18.95824675535184767, 21.55086897381912436 ) ) ;
#2179 = CARTESIAN_POINT ( 'NONE',  ( 86.40000000000000568, -19.10000000000000142, -17.73999999999999844 ) ) ;
#2180 = CARTESIAN_POINT ( 'NONE',  ( 86.53227383572544795, -9.437745251740636832, -17.73429716709815196 ) ) ;
#2181 = PLANE ( 'NONE',  #9681 ) ;
#2182 = DIRECTION ( 'NONE',  ( 1.000000000000000000, 0.000000000000000000, 0.000000000000000000 ) ) ;
#2183 = EDGE_CURVE ( 'NONE', #6524, #10078, #5265, .T. ) ;
#2184 = ORIENTED_EDGE ( 'NONE', *, *, #9715, .F. ) ;
#2185 = ORIENTED_EDGE ( 'NONE', *, *, #5106, .T. ) ;
#2186 = CARTESIAN_POINT ( 'NONE',  ( 0.000000000000000000, 0.000000000000000000, 56.79999999999999716 ) ) ;
#2187 = CARTESIAN_POINT ( 'NONE',  ( 35.14999999999953673, -3.900000000004096634, -0.9999999999998304689 ) ) ;
#2188 = ORIENTED_EDGE ( 'NONE', *, *, #4025, .T. ) ;
#2189 = DIRECTION ( 'NONE',  ( 0.000000000000000000, 0.000000000000000000, -1.000000000000000000 ) ) ;
#2190 = CARTESIAN_POINT ( 'NONE',  ( 4.800000000000000711, -17.50000000000000000, 8.799999999999998934 ) ) ;
#2191 = EDGE_LOOP ( 'NONE', ( #7646, #364, #9094 ) ) ;
#2192 = PLANE ( 'NONE',  #3472 ) ;
#2193 = CARTESIAN_POINT ( 'NONE',  ( 3.757902777986344756, -13.87688169151682871, -16.14906783515584721 ) ) ;
#2194 = CARTESIAN_POINT ( 'NONE',  ( -0.5695816648412973526, -11.11608813990255662, -17.53528776003776457 ) ) ;
#2195 = VERTEX_POINT ( 'NONE', #9655 ) ;
#2196 = ORIENTED_EDGE ( 'NONE', *, *, #9426, .T. ) ;
#2197 = CARTESIAN_POINT ( 'NONE',  ( 2.588702434876497982, -11.16985044292706775, -17.52345106213129000 ) ) ;
#2198 = AXIS2_PLACEMENT_3D ( 'NONE', #278, #8165, #9611 ) ;
#2199 = ORIENTED_EDGE ( 'NONE', *, *, #8135, .T. ) ;
#2200 = DIRECTION ( 'NONE',  ( 0.000000000000000000, 0.7071067811865440200, -0.7071067811865511255 ) ) ;
#2201 = CARTESIAN_POINT ( 'NONE',  ( 35.14999999999957936, -4.920999999999991855E-13, -1.800000000000000044 ) ) ;
#2202 = CARTESIAN_POINT ( 'NONE',  ( 6.800000000000001599, -19.10000000000000142, 56.20000000000000284 ) ) ;
#2203 = EDGE_CURVE ( 'NONE', #9205, #1620, #329, .T. ) ;
#2204 = VERTEX_POINT ( 'NONE', #156 ) ;
#2205 = EDGE_CURVE ( 'NONE', #8435, #8049, #4408, .T. ) ;
#2206 = DIRECTION ( 'NONE',  ( 0.000000000000000000, -1.404986760216307406E-16, 1.000000000000000000 ) ) ;
#2207 = PLANE ( 'NONE',  #4382 ) ;
#2208 = CYLINDRICAL_SURFACE ( 'NONE', #6662, 1.500000000000001332 ) ;
#2209 = CARTESIAN_POINT ( 'NONE',  ( -1.650334087208626510, 15.51016901305975004, -16.51240665707781474 ) ) ;
#2210 = CARTESIAN_POINT ( 'NONE',  ( 70.60000000000000853, 11.79999999999999716, -11.53999999999999737 ) ) ;
#2211 = DIRECTION ( 'NONE',  ( -0.000000000000000000, 1.209468558947972554E-16, -1.000000000000000000 ) ) ;
#2212 = CIRCLE ( 'NONE', #590, 1.249999999999159783 ) ;
#2213 = ORIENTED_EDGE ( 'NONE', *, *, #20, .F. ) ;
#2214 = ADVANCED_FACE ( 'NONE', ( #6601, #5516 ), #1809, .T. ) ;
#2215 = AXIS2_PLACEMENT_3D ( 'NONE', #8044, #2596, #6604 ) ;
#2216 = ORIENTED_EDGE ( 'NONE', *, *, #1534, .F. ) ;
#2217 = CARTESIAN_POINT ( 'NONE',  ( 86.56498572779733536, -9.521407219466480498, -17.73133415360690890 ) ) ;
#2218 = CARTESIAN_POINT ( 'NONE',  ( 72.17345455012457478, -10.19667295518157069, -17.67969552328224481 ) ) ;
#2219 = ORIENTED_EDGE ( 'NONE', *, *, #946, .T. ) ;
#2220 = VERTEX_POINT ( 'NONE', #5009 ) ;
#2221 = EDGE_CURVE ( 'NONE', #8661, #6221, #8294, .T. ) ;
#2222 = AXIS2_PLACEMENT_3D ( 'NONE', #1215, #3446, #8860 ) ;
#2223 = ORIENTED_EDGE ( 'NONE', *, *, #7267, .F. ) ;
#2224 = VERTEX_POINT ( 'NONE', #2633 ) ;
#2225 = CARTESIAN_POINT ( 'NONE',  ( 57.55674888471119033, -18.70000000000000284, 23.40746467766203409 ) ) ;
#2226 = EDGE_LOOP ( 'NONE', ( #8628, #2622, #5565, #888 ) ) ;
#2227 = ORIENTED_EDGE ( 'NONE', *, *, #6600, .F. ) ;
#2228 = ADVANCED_FACE ( 'NONE', ( #5867 ), #7225, .T. ) ;
#2229 = CARTESIAN_POINT ( 'NONE',  ( -0.2000000000000000111, -15.50000000000002132, 46.80000000000000426 ) ) ;
#2230 = CARTESIAN_POINT ( 'NONE',  ( -0.2957319667694031096, -10.37795892820258103, -17.65832027823714157 ) ) ;
#2231 = EDGE_CURVE ( 'NONE', #6287, #8893, #7681, .T. ) ;
#2232 = ORIENTED_EDGE ( 'NONE', *, *, #5368, .F. ) ;
#2233 = EDGE_CURVE ( 'NONE', #3594, #4438, #6097, .T. ) ;
#2234 = CIRCLE ( 'NONE', #6731, 5.499999999999998224 ) ;
#2236 = CARTESIAN_POINT ( 'NONE',  ( 3.092603621128878988, -12.73385246040988505, -17.05729315888926223 ) ) ;
#2235 = AXIS2_PLACEMENT_3D ( 'NONE', #2474, #4825, #970 ) ;
#2237 = VERTEX_POINT ( 'NONE', #8842 ) ;
#2238 = CIRCLE ( 'NONE', #4286, 1.000000000000000888 ) ;
#2239 = CARTESIAN_POINT ( 'NONE',  ( 88.40000000000000568, -9.099999999999996092, -7.739999999999998437 ) ) ;
#2240 = CARTESIAN_POINT ( 'NONE',  ( -0.2000000000000000111, -9.500000000000001776, 20.80000000000000071 ) ) ;
#2241 = CARTESIAN_POINT ( 'NONE',  ( -1.000000000000000000, -1.545900930049276534, 16.39936534720461125 ) ) ;
#2242 = CARTESIAN_POINT ( 'NONE',  ( 1.799999999999996048, -17.50000000000000000, -2.755455298081544778E-15 ) ) ;
#2243 = PLANE ( 'NONE',  #3932 ) ;
#2244 = DIRECTION ( 'NONE',  ( -0.7071067811865492381, 0.7071067811865457964, 0.000000000000000000 ) ) ;
#2245 = DIRECTION ( 'NONE',  ( -1.000000000000000000, 0.000000000000000000, 1.403756497007548054E-14 ) ) ;
#2246 = ORIENTED_EDGE ( 'NONE', *, *, #6421, .T. ) ;
#2247 = VECTOR ( 'NONE', #3840, 1000.000000000000000 ) ;
#2248 = EDGE_CURVE ( 'NONE', #2960, #3911, #3208, .T. ) ;
#2249 = CARTESIAN_POINT ( 'NONE',  ( 70.74966591279140005, 15.51016901305974827, -16.51240665707781474 ) ) ;
#2250 = PLANE ( 'NONE',  #4621 ) ;
#2251 = CARTESIAN_POINT ( 'NONE',  ( 87.35372120396709761, -11.64169242059863763, -17.41178326160339296 ) ) ;
#2252 = CARTESIAN_POINT ( 'NONE',  ( 71.68602372760263108, -11.52562919737946778, -17.44154187833976977 ) ) ;
#2253 = VECTOR ( 'NONE', #3442, 1000.000000000000000 ) ;
#2254 = CARTESIAN_POINT ( 'NONE',  ( 28.59999999996712816, -5.150000000033543301, -1.800000000000000044 ) ) ;
#2255 = ORIENTED_EDGE ( 'NONE', *, *, #9790, .T. ) ;
#2256 = VECTOR ( 'NONE', #9826, 1000.000000000000000 ) ;
#2257 = LINE ( 'NONE', #9325, #9449 ) ;
#2258 = ORIENTED_EDGE ( 'NONE', *, *, #6232, .T. ) ;
#2259 = ORIENTED_EDGE ( 'NONE', *, *, #8075, .F. ) ;
#2260 = CARTESIAN_POINT ( 'NONE',  ( 2.901308446263268781, 13.79532636805758017, -17.41379223592136327 ) ) ;
#2261 = CIRCLE ( 'NONE', #1480, 5.499999999999998224 ) ;
#2262 = DIRECTION ( 'NONE',  ( -0.7071067811865474617, 0.7071067811865474617, 0.000000000000000000 ) ) ;
#2263 = ORIENTED_EDGE ( 'NONE', *, *, #6341, .T. ) ;
#2264 = DIRECTION ( 'NONE',  ( -0.7071067811865465735, 2.122205421015053617E-16, -0.7071067811865484609 ) ) ;
#2265 = CARTESIAN_POINT ( 'NONE',  ( 1.935455751221021758, -9.365528021300992378, -17.73578365503835030 ) ) ;
#2266 = DIRECTION ( 'NONE',  ( 0.000000000000000000, -0.000000000000000000, 1.000000000000000000 ) ) ;
#2267 = ORIENTED_EDGE ( 'NONE', *, *, #6838, .T. ) ;
#2268 = EDGE_CURVE ( 'NONE', #7469, #6332, #4762, .T. ) ;
#2269 = ADVANCED_FACE ( 'NONE', ( #210 ), #6848, .T. ) ;
#2270 = LINE ( 'NONE', #3571, #8022 ) ;
#2271 = FACE_OUTER_BOUND ( 'NONE', #5402, .T. ) ;
#2272 = ORIENTED_EDGE ( 'NONE', *, *, #7975, .F. ) ;
#2273 = ORIENTED_EDGE ( 'NONE', *, *, #1501, .F. ) ;
#2274 = DIRECTION ( 'NONE',  ( -1.000000000000000000, 0.000000000000000000, -0.000000000000000000 ) ) ;
#2275 = DIRECTION ( 'NONE',  ( 0.4999999999999912847, -0.7071067811865567876, 0.4999999999999955591 ) ) ;
#2276 = DIRECTION ( 'NONE',  ( 0.000000000000000000, 0.000000000000000000, -1.000000000000000000 ) ) ;
#2277 = VERTEX_POINT ( 'NONE', #9519 ) ;
#2278 = CARTESIAN_POINT ( 'NONE',  ( 43.64306315281790916, -19.10000000000000497, 36.75546498460590783 ) ) ;
#2279 = DIRECTION ( 'NONE',  ( -0.7071067811865474617, 0.000000000000000000, -0.7071067811865474617 ) ) ;
#2280 = CARTESIAN_POINT ( 'NONE',  ( 150.7570364914818697, 4.299999999999992717, 57.79999999999999716 ) ) ;
#2281 = AXIS2_PLACEMENT_3D ( 'NONE', #6527, #5744, #7210 ) ;
#2282 = CARTESIAN_POINT ( 'NONE',  ( 150.7570364914818697, -0.1000000000000002554, 57.79999999999999716 ) ) ;
#2283 = VECTOR ( 'NONE', #3062, 1000.000000000000000 ) ;
#2284 = ORIENTED_EDGE ( 'NONE', *, *, #1211, .T. ) ;
#2285 = LINE ( 'NONE', #2497, #4253 ) ;
#2286 = ORIENTED_EDGE ( 'NONE', *, *, #595, .T. ) ;
#2287 = CIRCLE ( 'NONE', #5237, 6.199999999999999289 ) ;
#2288 = ORIENTED_EDGE ( 'NONE', *, *, #5532, .T. ) ;
#2289 = CARTESIAN_POINT ( 'NONE',  ( -0.2000000000000000111, -9.500000000000001776, 10.79999999999999716 ) ) ;
#2290 = EDGE_CURVE ( 'NONE', #9339, #10088, #2323, .T. ) ;
#2291 = EDGE_CURVE ( 'NONE', #4545, #1717, #1816, .T. ) ;
#2292 = CARTESIAN_POINT ( 'NONE',  ( -1.800000000000000266, -9.500000000000001776, 26.80000000000000071 ) ) ;
#2293 = CARTESIAN_POINT ( 'NONE',  ( 87.71397013349846361, -11.82120606989917277, -17.24782495273029781 ) ) ;
#2294 = CARTESIAN_POINT ( 'NONE',  ( 87.43783574738000652, -11.89375448190428308, -17.34183002209979563 ) ) ;
#2295 = CARTESIAN_POINT ( 'NONE',  ( 57.00000000000000000, -19.10000000000001208, 52.09999999999999432 ) ) ;
#2296 = VERTEX_POINT ( 'NONE', #2669 ) ;
#2297 = LINE ( 'NONE', #7214, #9244 ) ;
#2298 = EDGE_CURVE ( 'NONE', #5866, #2051, #4162, .T. ) ;
#2299 = ORIENTED_EDGE ( 'NONE', *, *, #8935, .T. ) ;
#2300 = DIRECTION ( 'NONE',  ( 0.000000000000000000, -0.000000000000000000, 1.000000000000000000 ) ) ;
#2301 = ORIENTED_EDGE ( 'NONE', *, *, #3256, .T. ) ;
#2302 = CARTESIAN_POINT ( 'NONE',  ( 2.366722139184446405, 12.80385330811659195, -17.66154610626687571 ) ) ;
#2303 = AXIS2_PLACEMENT_3D ( 'NONE', #9297, #2206, #3164 ) ;
#2304 = DIRECTION ( 'NONE',  ( 1.000000000000000000, -0.000000000000000000, -0.000000000000000000 ) ) ;
#2305 = CARTESIAN_POINT ( 'NONE',  ( 3.800000000000001155, -19.10000000000000142, 14.79999999999999893 ) ) ;
#2306 = ORIENTED_EDGE ( 'NONE', *, *, #3814, .T. ) ;
#2307 = ORIENTED_EDGE ( 'NONE', *, *, #9267, .F. ) ;
#2308 = CARTESIAN_POINT ( 'NONE',  ( 2.602683637926033189, -11.20891858754352199, -17.51510673340613167 ) ) ;
#2309 = DIRECTION ( 'NONE',  ( 1.000000000000000000, 0.000000000000000000, -0.000000000000000000 ) ) ;
#2310 =( NAMED_UNIT ( * ) SI_UNIT ( $, .STERADIAN. ) SOLID_ANGLE_UNIT ( ) );
#2311 = DIRECTION ( 'NONE',  ( 1.400000000000000345E-14, 1.000000000000000000, -9.999999999999999988E-15 ) ) ;
#2313 = EDGE_CURVE ( 'NONE', #8755, #2157, #5507, .T. ) ;
#2312 = CARTESIAN_POINT ( 'NONE',  ( 31.80000000000000071, -17.50000000000000000, 8.799999999999998934 ) ) ;
#2314 = DIRECTION ( 'NONE',  ( 0.000000000000000000, -1.000000000000000000, 0.000000000000000000 ) ) ;
#2315 = ORIENTED_EDGE ( 'NONE', *, *, #9983, .T. ) ;
#2316 = DIRECTION ( 'NONE',  ( -1.000000000000000000, 0.000000000000000000, 0.000000000000000000 ) ) ;
#2317 = CIRCLE ( 'NONE', #3545, 1.500000000000001332 ) ;
#2318 = ORIENTED_EDGE ( 'NONE', *, *, #5182, .F. ) ;
#2319 = CARTESIAN_POINT ( 'NONE',  ( 70.62194494106920217, 16.03571223012580660, -16.07331259913849664 ) ) ;
#2320 = EDGE_LOOP ( 'NONE', ( #5729, #3893, #9307, #6905 ) ) ;
#2321 = ADVANCED_FACE ( 'NONE', ( #7316 ), #5974, .T. ) ;
#2322 = CARTESIAN_POINT ( 'NONE',  ( 87.73314477059179239, -11.86660076509158657, -17.23090323509605426 ) ) ;
#2323 = LINE ( 'NONE', #6447, #2069 ) ;
#2324 = CARTESIAN_POINT ( 'NONE',  ( 87.91264472892541448, -13.70398960669631983, -16.61734469228103706 ) ) ;
#2325 = CARTESIAN_POINT ( 'NONE',  ( -0.2000000000000000111, -9.500000000000001776, 28.80000000000000071 ) ) ;
#2326 = EDGE_LOOP ( 'NONE', ( #7635, #2267, #7224, #6849, #7361 ) ) ;
#2327 = EDGE_CURVE ( 'NONE', #9060, #425, #9616, .T. ) ;
#2328 = VECTOR ( 'NONE', #3780, 1000.000000000000000 ) ;
#2329 = ORIENTED_EDGE ( 'NONE', *, *, #3844, .F. ) ;
#2330 = ORIENTED_EDGE ( 'NONE', *, *, #63, .T. ) ;
#2331 = CARTESIAN_POINT ( 'NONE',  ( 46.80000000000000426, -19.10000000000000497, 32.75000000000000000 ) ) ;
#2332 = AXIS2_PLACEMENT_3D ( 'NONE', #4027, #6309, #7882 ) ;
#2333 = DIRECTION ( 'NONE',  ( 0.000000000000000000, -0.7071067811865483499, 0.7071067811865467956 ) ) ;
#2334 = CARTESIAN_POINT ( 'NONE',  ( 87.45131232494519224, -17.55131232494520788, 36.89999999999971436 ) ) ;
#2335 = DIRECTION ( 'NONE',  ( 1.000000000000000000, -0.000000000000000000, -0.000000000000000000 ) ) ;
#2336 = CARTESIAN_POINT ( 'NONE',  ( 84.20000000000001705, 11.79999999999999893, -11.50000000000000000 ) ) ;
#2337 = DIRECTION ( 'NONE',  ( -0.000000000000000000, -0.000000000000000000, 1.000000000000000000 ) ) ;
#2338 = CARTESIAN_POINT ( 'NONE',  ( 9.600000000000001421, -19.10000000000000142, 52.09999999999999432 ) ) ;
#2339 = VECTOR ( 'NONE', #845, 1000.000000000000000 ) ;
#2340 = VERTEX_POINT ( 'NONE', #2801 ) ;
#2341 = FILL_AREA_STYLE ('',( #4021 ) ) ;
#2342 = DIRECTION ( 'NONE',  ( -0.000000000000000000, 0.000000000000000000, -1.000000000000000000 ) ) ;
#2343 = EDGE_CURVE ( 'NONE', #7288, #6444, #6481, .T. ) ;
#2344 = EDGE_CURVE ( 'NONE', #1105, #3771, #6837, .T. ) ;
#2345 = DIRECTION ( 'NONE',  ( 0.000000000000000000, 0.000000000000000000, -1.000000000000000000 ) ) ;
#2346 = CARTESIAN_POINT ( 'NONE',  ( 35.80000000000000426, -19.10000000000000142, 13.79999999999999716 ) ) ;
#2347 = VECTOR ( 'NONE', #6072, 1000.000000000000000 ) ;
#2348 = ORIENTED_EDGE ( 'NONE', *, *, #7433, .F. ) ;
#2349 = PLANE ( 'NONE',  #8505 ) ;
#2350 = ORIENTED_EDGE ( 'NONE', *, *, #8665, .F. ) ;
#2351 = VERTEX_POINT ( 'NONE', #5955 ) ;
#2352 = LINE ( 'NONE', #5011, #10032 ) ;
#2353 = CARTESIAN_POINT ( 'NONE',  ( 36.38096909069794549, -19.10000000000000142, 21.48244095327406100 ) ) ;
#2354 = DIRECTION ( 'NONE',  ( 0.000000000000000000, 0.000000000000000000, -1.000000000000000000 ) ) ;
#2355 = CARTESIAN_POINT ( 'NONE',  ( 87.43757451129934566, -11.19843280004190333, -17.44982518942341443 ) ) ;
#2356 = CARTESIAN_POINT ( 'NONE',  ( 87.99999049333824530, -14.42588712219250269, -16.20720614798034731 ) ) ;
#2357 = CARTESIAN_POINT ( 'NONE',  ( 46.80000000000000426, -17.50000000000000355, 44.25000000000000711 ) ) ;
#2358 = FACE_BOUND ( 'NONE', #4711, .T. ) ;
#2359 = VECTOR ( 'NONE', #9569, 1000.000000000000000 ) ;
#2360 = AXIS2_PLACEMENT_3D ( 'NONE', #2976, #6118, #1429 ) ;
#2361 = EDGE_CURVE ( 'NONE', #6688, #9258, #4887, .T. ) ;
#2362 = LINE ( 'NONE', #6863, #8816 ) ;
#2363 = CYLINDRICAL_SURFACE ( 'NONE', #4924, 0.4000000000000005773 ) ;
#2364 = DIRECTION ( 'NONE',  ( 0.000000000000000000, 1.000000000000000000, 0.000000000000000000 ) ) ;
#2365 = VERTEX_POINT ( 'NONE', #5107 ) ;
#2366 = CARTESIAN_POINT ( 'NONE',  ( -0.2000000000000000111, -15.50000000000001954, 22.80000000000000071 ) ) ;
#2367 = CARTESIAN_POINT ( 'NONE',  ( -1.800000000000000266, -0.2000000000003226419, 34.24999999999941025 ) ) ;
#2368 = EDGE_LOOP ( 'NONE', ( #5983, #4816, #6005, #7058 ) ) ;
#2369 = CYLINDRICAL_SURFACE ( 'NONE', #6224, 0.4000000000000005773 ) ;
#2370 = FACE_OUTER_BOUND ( 'NONE', #1970, .T. ) ;
#2371 = DIRECTION ( 'NONE',  ( 0.000000000000000000, 0.000000000000000000, -1.000000000000000000 ) ) ;
#2372 = ADVANCED_FACE ( 'NONE', ( #5255 ), #3525, .F. ) ;
#2373 = EDGE_CURVE ( 'NONE', #5932, #9028, #5006, .T. ) ;
#2374 = AXIS2_PLACEMENT_3D ( 'NONE', #3698, #2011, #2107 ) ;
#2375 = B_SPLINE_CURVE_WITH_KNOTS ( 'NONE', 3,
 ( #6946, #1385, #6876, #4607, #3109, #643, #5409, #7605 ),
 .UNSPECIFIED., .F., .F.,
 ( 4, 2, 2, 4 ),
 ( -4.013977638225047769E-06, 0.0003615764601613074506, 0.0005443716790610765577, 0.0007271668979608456648 ),
 .UNSPECIFIED. ) ;
#2376 = ORIENTED_EDGE ( 'NONE', *, *, #1051, .F. ) ;
#2377 = PLANE ( 'NONE',  #1545 ) ;
#2378 = CARTESIAN_POINT ( 'NONE',  ( -1.800000000000000266, -9.500000000000001776, 36.79999999999999716 ) ) ;
#2379 = FACE_OUTER_BOUND ( 'NONE', #4050, .T. ) ;
#2380 = DIRECTION ( 'NONE',  ( 0.7071067811865492381, -0.7071067811865457964, 0.000000000000000000 ) ) ;
#2381 = DIRECTION ( 'NONE',  ( -0.000000000000000000, 1.000000000000000000, 3.001251688541188813E-16 ) ) ;
#2382 = VECTOR ( 'NONE', #8867, 1000.000000000000000 ) ;
#2383 = VECTOR ( 'NONE', #5024, 1000.000000000000000 ) ;
#2384 = ORIENTED_EDGE ( 'NONE', *, *, #3597, .T. ) ;
#2385 = ORIENTED_EDGE ( 'NONE', *, *, #4565, .F. ) ;
#2386 = EDGE_CURVE ( 'NONE', #3041, #547, #3902, .T. ) ;
#2387 = DIRECTION ( 'NONE',  ( 0.000000000000000000, 0.000000000000000000, -1.000000000000000000 ) ) ;
#2388 = DIRECTION ( 'NONE',  ( 1.000000000000000000, 0.000000000000000000, 0.000000000000000000 ) ) ;
#2389 = CARTESIAN_POINT ( 'NONE',  ( 86.80242843000426944, -9.891950052251482717, -17.69920771318471253 ) ) ;
#2390 = CARTESIAN_POINT ( 'NONE',  ( 86.64080391302972828, -9.715876371435101078, -17.72108485090213748 ) ) ;
#2391 = DIRECTION ( 'NONE',  ( 8.888657488019586802E-17, 0.7071067811865451302, 0.7071067811865500152 ) ) ;
#2392 = DIRECTION ( 'NONE',  ( 0.000000000000000000, 0.000000000000000000, -1.000000000000000000 ) ) ;
#2393 = VERTEX_POINT ( 'NONE', #8268 ) ;
#2394 = VECTOR ( 'NONE', #2316, 1000.000000000000000 ) ;
#2395 = CARTESIAN_POINT ( 'NONE',  ( 54.57817459305199748, -19.10000000000000142, 41.94238815542513521 ) ) ;
#2396 = PLANE ( 'NONE',  #8996 ) ;
#2397 = DIRECTION ( 'NONE',  ( 0.000000000000000000, 1.678764654171103652E-15, 1.000000000000000000 ) ) ;
#2398 = CARTESIAN_POINT ( 'NONE',  ( -1.800000000000000266, -9.500000000000001776, 10.79999999999999716 ) ) ;
#2399 = LINE ( 'NONE', #786, #293 ) ;
#2400 = ORIENTED_EDGE ( 'NONE', *, *, #3976, .T. ) ;
#2401 = VERTEX_POINT ( 'NONE', #3558 ) ;
#2402 = CARTESIAN_POINT ( 'NONE',  ( 86.79999999999999716, -0.1000000000000000056, 1.950000000000472244 ) ) ;
#2403 = EDGE_CURVE ( 'NONE', #3594, #1733, #910, .T. ) ;
#2404 = EDGE_CURVE ( 'NONE', #5393, #4888, #8285, .T. ) ;
#2405 = CIRCLE ( 'NONE', #8297, 11.30000000000000071 ) ;
#2406 = VECTOR ( 'NONE', #8952, 1000.000000000000000 ) ;
#2407 = LINE ( 'NONE', #9462, #289 ) ;
#2408 = ORIENTED_EDGE ( 'NONE', *, *, #5639, .T. ) ;
#2409 = FILL_AREA_STYLE ('',( #4658 ) ) ;
#2410 = DIRECTION ( 'NONE',  ( -1.000000000000000000, 0.000000000000000000, 0.000000000000000000 ) ) ;
#2411 = CARTESIAN_POINT ( 'NONE',  ( -1.653274641183829052, -13.35901726718572036, -16.49547217285480372 ) ) ;
#2412 = CARTESIAN_POINT ( 'NONE',  ( -1.800000000000000266, -9.500000000000001776, 24.80000000000000071 ) ) ;
#2413 = PLANE ( 'NONE',  #5522 ) ;
#2414 = DIRECTION ( 'NONE',  ( 0.000000000000000000, -1.000000000000000000, 0.000000000000000000 ) ) ;
#2415 = DIRECTION ( 'NONE',  ( 0.000000000000000000, 0.000000000000000000, 1.000000000000000000 ) ) ;
#2416 = ORIENTED_EDGE ( 'NONE', *, *, #9409, .F. ) ;
#2417 = AXIS2_PLACEMENT_3D ( 'NONE', #729, #6958, #3087 ) ;
#2418 = DIRECTION ( 'NONE',  ( 0.000000000000000000, -1.000000000000000000, -3.001251688541188813E-16 ) ) ;
#2419 = ORIENTED_EDGE ( 'NONE', *, *, #5953, .F. ) ;
#2420 = LINE ( 'NONE', #7816, #5613 ) ;
#2421 = EDGE_CURVE ( 'NONE', #1450, #8788, #2946, .T. ) ;
#2422 = AXIS2_PLACEMENT_3D ( 'NONE', #3344, #5018, #1753 ) ;
#2423 = LINE ( 'NONE', #8225, #9480 ) ;
#2424 = ORIENTED_EDGE ( 'NONE', *, *, #1824, .T. ) ;
#2425 = CARTESIAN_POINT ( 'NONE',  ( 81.00000000000000000, 17.99999999999999645, -2.052778186154404327 ) ) ;
#2426 = ADVANCED_FACE ( 'NONE', ( #948 ), #5384, .F. ) ;
#2427 = CARTESIAN_POINT ( 'NONE',  ( 88.26585875931199610, -13.41293231286626408, -16.46104948873298213 ) ) ;
#2428 = CARTESIAN_POINT ( 'NONE',  ( 88.40000000000000568, -18.50000000000001776, -2.284155466588681112E-15 ) ) ;
#2429 = ORIENTED_EDGE ( 'NONE', *, *, #1397, .F. ) ;
#2430 = CARTESIAN_POINT ( 'NONE',  ( 35.14999999999952252, -3.900000000004196998, -1.800000000000000044 ) ) ;
#2431 = CARTESIAN_POINT ( 'NONE',  ( 4.800000000000001599, -19.10000000000000142, 13.79999999999999716 ) ) ;
#2432 = EDGE_CURVE ( 'NONE', #7510, #4685, #7211, .T. ) ;
#2433 = LINE ( 'NONE', #3729, #6084 ) ;
#2434 = CIRCLE ( 'NONE', #5093, 1.000000000000000888 ) ;
#2435 = VERTEX_POINT ( 'NONE', #707 ) ;
#2436 = EDGE_CURVE ( 'NONE', #4155, #9198, #2702, .T. ) ;
#2437 = PLANE ( 'NONE',  #8403 ) ;
#2438 = DIRECTION ( 'NONE',  ( 0.000000000000000000, 1.234678630588475078E-16, -1.000000000000000000 ) ) ;
#2439 = AXIS2_PLACEMENT_3D ( 'NONE', #7568, #6908, #10062 ) ;
#2440 = CARTESIAN_POINT ( 'NONE',  ( 88.40000000000000568, -0.1000000000000000056, 36.89999999999971436 ) ) ;
#2441 = CARTESIAN_POINT ( 'NONE',  ( -1.179705053936764392, -13.07142685129933923, -16.91778255998684699 ) ) ;
#2442 = DIRECTION ( 'NONE',  ( 1.000000000000000000, -0.000000000000000000, -0.000000000000000000 ) ) ;
#2443 = EDGE_LOOP ( 'NONE', ( #2307, #6492, #6732, #8851 ) ) ;
#2444 = ORIENTED_EDGE ( 'NONE', *, *, #908, .T. ) ;
#2445 = ORIENTED_EDGE ( 'NONE', *, *, #5425, .T. ) ;
#2446 = CARTESIAN_POINT ( 'NONE',  ( 3.220687655235715763, -13.24611742217761901, -16.83999635533615447 ) ) ;
#2447 = B_SPLINE_CURVE_WITH_KNOTS ( 'NONE', 3,
 ( #9860, #10004, #1432, #490 ),
 .UNSPECIFIED., .F., .F.,
 ( 4, 4 ),
 ( 0.001171891790625622688, 0.003516978518624033507 ),
 .UNSPECIFIED. ) ;
#2448 = CARTESIAN_POINT ( 'NONE',  ( -1.800000000000000266, -9.500000000000001776, 40.80000000000000426 ) ) ;
#2449 = DIRECTION ( 'NONE',  ( 0.000000000000000000, 0.000000000000000000, -1.000000000000000000 ) ) ;
#2450 = APPLICATION_CONTEXT ( 'automotive_design' ) ;
#2451 = CARTESIAN_POINT ( 'NONE',  ( -1.536199621067940280, -12.94882415093155892, -16.73377862417525463 ) ) ;
#2453 = EDGE_CURVE ( 'NONE', #2224, #4791, #7434, .T. ) ;
#2452 = DIRECTION ( 'NONE',  ( 0.000000000000000000, 0.000000000000000000, 1.000000000000000000 ) ) ;
#2454 = DIRECTION ( 'NONE',  ( 0.000000000000000000, 0.000000000000000000, -1.000000000000000000 ) ) ;
#2455 = EDGE_LOOP ( 'NONE', ( #7416, #6887, #9342, #2013 ) ) ;
#2456 = DIRECTION ( 'NONE',  ( 0.000000000000000000, -0.9876883405951381034, -0.1564344650402281212 ) ) ;
#2457 = CARTESIAN_POINT ( 'NONE',  ( -0.2000000000000000111, -9.500000000000001776, 28.80000000000000071 ) ) ;
#2458 = ORIENTED_EDGE ( 'NONE', *, *, #5030, .T. ) ;
#2459 = VECTOR ( 'NONE', #1832, 1000.000000000000000 ) ;
#2460 = ORIENTED_EDGE ( 'NONE', *, *, #7062, .F. ) ;
#2461 = CARTESIAN_POINT ( 'NONE',  ( -0.2112552832888267285, -9.909266435130286155, -17.69834501636023205 ) ) ;
#2462 = CARTESIAN_POINT ( 'NONE',  ( 42.69609041325492171, -19.08463507532429304, 29.51634783554003150 ) ) ;
#2463 = ORIENTED_EDGE ( 'NONE', *, *, #7495, .T. ) ;
#2464 = DIRECTION ( 'NONE',  ( 1.000000000000000000, 0.000000000000000000, 0.000000000000000000 ) ) ;
#2465 = ORIENTED_EDGE ( 'NONE', *, *, #3227, .T. ) ;
#2466 = CARTESIAN_POINT ( 'NONE',  ( -0.000000000000000000, -13.40000000000001101, -0.7999999999999999334 ) ) ;
#2467 = DIRECTION ( 'NONE',  ( 0.000000000000000000, 0.000000000000000000, 1.000000000000000000 ) ) ;
#2468 = ORIENTED_EDGE ( 'NONE', *, *, #9717, .T. ) ;
#2469 = ORIENTED_EDGE ( 'NONE', *, *, #3077, .F. ) ;
#2470 = VECTOR ( 'NONE', #3705, 1000.000000000000000 ) ;
#2471 = DIRECTION ( 'NONE',  ( 0.000000000000000000, -3.001251688541188813E-16, 1.000000000000000000 ) ) ;
#2472 = EDGE_CURVE ( 'NONE', #1381, #8767, #7079, .T. ) ;
#2473 = ORIENTED_EDGE ( 'NONE', *, *, #8999, .F. ) ;
#2474 = CARTESIAN_POINT ( 'NONE',  ( 0.1999999999999998723, 17.99999999999999645, -15.74000000000000021 ) ) ;
#2475 = FACE_BOUND ( 'NONE', #7143, .T. ) ;
#2476 = ORIENTED_EDGE ( 'NONE', *, *, #3157, .F. ) ;
#2477 = AXIS2_PLACEMENT_3D ( 'NONE', #2395, #2661, #4753 ) ;
#2478 = VERTEX_POINT ( 'NONE', #7556 ) ;
#2480 = ORIENTED_EDGE ( 'NONE', *, *, #6342, .T. ) ;
#2479 = CARTESIAN_POINT ( 'NONE',  ( 150.7570364914818697, -0.1000000000000002554, 57.79999999999999716 ) ) ;
#2481 = CARTESIAN_POINT ( 'NONE',  ( 31.80000000000000071, -17.50000000000000000, 9.799999999999998934 ) ) ;
#2482 = CIRCLE ( 'NONE', #5132, 1.500000000000001332 ) ;
#2483 = DIRECTION ( 'NONE',  ( -0.000000000000000000, 1.000000000000000000, -0.000000000000000000 ) ) ;
#2484 = CARTESIAN_POINT ( 'NONE',  ( -1.470423232437501948, -12.74742243207905545, -16.84038505149270293 ) ) ;
#2485 = CARTESIAN_POINT ( 'NONE',  ( 36.04325111527758452, -18.70000000000579377, 23.40746467765066541 ) ) ;
#2486 = ORIENTED_EDGE ( 'NONE', *, *, #8444, .T. ) ;
#2487 = ADVANCED_FACE ( 'NONE', ( #5121 ), #3075, .F. ) ;
#2488 = ORIENTED_EDGE ( 'NONE', *, *, #761, .T. ) ;
#2489 = AXIS2_PLACEMENT_3D ( 'NONE', #2957, #8885, #4236 ) ;
#2490 = DIRECTION ( 'NONE',  ( -1.734723475976808080E-16, 1.000000000000000000, 0.000000000000000000 ) ) ;
#2491 = FACE_OUTER_BOUND ( 'NONE', #696, .T. ) ;
#2492 = DIRECTION ( 'NONE',  ( -1.000000000000000000, 0.000000000000000000, 0.000000000000000000 ) ) ;
#2493 = EDGE_CURVE ( 'NONE', #9084, #7037, #8056, .T. ) ;
#2494 = EDGE_CURVE ( 'NONE', #111, #7708, #2177, .T. ) ;
#2495 = CARTESIAN_POINT ( 'NONE',  ( -0.2000000000000000111, -9.500000000000001776, 16.80000000000000071 ) ) ;
#2496 = LINE ( 'NONE', #5642, #853 ) ;
#2497 = CARTESIAN_POINT ( 'NONE',  ( 3.799999999999999822, 17.99999999999999645, -17.73999999999999844 ) ) ;
#2498 = CARTESIAN_POINT ( 'NONE',  ( -0.2000000000000000111, -15.50000000000002132, 56.20000000000000284 ) ) ;
#2499 = ORIENTED_EDGE ( 'NONE', *, *, #5640, .T. ) ;
#2500 = EDGE_LOOP ( 'NONE', ( #8609, #1659, #8530, #9413 ) ) ;
#2501 = ADVANCED_FACE ( 'NONE', ( #9251 ), #902, .F. ) ;
#2502 = EDGE_LOOP ( 'NONE', ( #2881, #2188, #4781, #121 ) ) ;
#2503 = PLANE ( 'NONE',  #8520 ) ;
#2504 = CARTESIAN_POINT ( 'NONE',  ( -0.3566630332004282478, -10.19985875878664849, -17.66119457419130967 ) ) ;
#2505 = DIRECTION ( 'NONE',  ( 0.000000000000000000, -1.404986760216307406E-16, 1.000000000000000000 ) ) ;
#2506 = CIRCLE ( 'NONE', #2303, 1.249999999999143352 ) ;
#2507 = PLANE ( 'NONE',  #6415 ) ;
#2508 = CARTESIAN_POINT ( 'NONE',  ( 37.08238853578819061, -18.16654073049553020, 41.05339790183863613 ) ) ;
#2509 = CYLINDRICAL_SURFACE ( 'NONE', #1341, 5.499999999999998224 ) ;
#2510 = EDGE_LOOP ( 'NONE', ( #4502, #9365, #1521, #3353 ) ) ;
#2511 = LINE ( 'NONE', #8193, #8125 ) ;
#2512 = VECTOR ( 'NONE', #1528, 999.9999999999998863 ) ;
#2513 = CARTESIAN_POINT ( 'NONE',  ( -1.800000000000000266, -7.300000000000022027, 8.599999999999999645 ) ) ;
#2514 = EDGE_LOOP ( 'NONE', ( #96, #8036, #3925, #8707, #6151 ) ) ;
#2515 = CARTESIAN_POINT ( 'NONE',  ( -0.7674407769799055368, -11.04757710458651054, -17.49054571090138666 ) ) ;
#2516 = LINE ( 'NONE', #457, #1502 ) ;
#2517 = LINE ( 'NONE', #8128, #10071 ) ;
#2518 = ORIENTED_EDGE ( 'NONE', *, *, #1887, .F. ) ;
#2519 = EDGE_LOOP ( 'NONE', ( #5698, #1938, #8986, #410 ) ) ;
#2520 = CARTESIAN_POINT ( 'NONE',  ( 39.40618090817668673, -27.50000000000000355, 41.55803265419634585 ) ) ;
#2521 = DIRECTION ( 'NONE',  ( 0.000000000000000000, 0.000000000000000000, 1.000000000000000000 ) ) ;
#2522 = CARTESIAN_POINT ( 'NONE',  ( -0.5665840614789766638, -11.10768237792465030, -17.53711514264491456 ) ) ;
#2523 = CARTESIAN_POINT ( 'NONE',  ( -1.799999999999996048, 11.80000000000007709, -0.2000000000000000389 ) ) ;
#2524 = VECTOR ( 'NONE', #1080, 1000.000000000000000 ) ;
#2525 = CARTESIAN_POINT ( 'NONE',  ( -0.2000000000000000111, -15.50000000000001599, 20.80000000000000071 ) ) ;
#2526 = EDGE_CURVE ( 'NONE', #1443, #1884, #6469, .T. ) ;
#2527 = CYLINDRICAL_SURFACE ( 'NONE', #4645, 1.000000000000000888 ) ;
#2528 = AXIS2_PLACEMENT_3D ( 'NONE', #9559, #8052, #1017 ) ;
#2529 = B_SPLINE_CURVE_WITH_KNOTS ( 'NONE', 3,
 ( #8377, #1268, #9806, #7529 ),
 .UNSPECIFIED., .F., .F.,
 ( 4, 4 ),
 ( 0.000000000000000000, 0.001256888925251417426 ),
 .UNSPECIFIED. ) ;
#2530 = FACE_OUTER_BOUND ( 'NONE', #4279, .T. ) ;
#2531 = DIRECTION ( 'NONE',  ( -0.000000000000000000, 1.000000000000000000, -0.000000000000000000 ) ) ;
#2532 = ORIENTED_EDGE ( 'NONE', *, *, #2124, .F. ) ;
#2533 = ORIENTED_EDGE ( 'NONE', *, *, #110, .T. ) ;
#2534 = CARTESIAN_POINT ( 'NONE',  ( 3.321343150831213009, -13.75179725468440672, -16.59305860781556419 ) ) ;
#2535 = DIRECTION ( 'NONE',  ( 1.400000000000014545E-14, 1.000000000000000000, 1.404986760216307406E-16 ) ) ;
#2536 = CIRCLE ( 'NONE', #7303, 11.50000000000000355 ) ;
#2537 = CARTESIAN_POINT ( 'NONE',  ( 87.19733669906869977, -10.68986537665932346, -17.57515824943678950 ) ) ;
#2538 = VECTOR ( 'NONE', #5827, 1000.000000000000000 ) ;
#2539 = CARTESIAN_POINT ( 'NONE',  ( 37.77545084290257194, -17.83323140166646681, 40.45476065202818461 ) ) ;
#2540 = CIRCLE ( 'NONE', #7135, 15.34646838723642581 ) ;
#2541 = VECTOR ( 'NONE', #6202, 1000.000000000000000 ) ;
#2542 = EDGE_LOOP ( 'NONE', ( #3955, #8386, #4761, #6199 ) ) ;
#2543 = ORIENTED_EDGE ( 'NONE', *, *, #5368, .T. ) ;
#2544 = VECTOR ( 'NONE', #4113, 1000.000000000000000 ) ;
#2545 = DIRECTION ( 'NONE',  ( -0.000000000000000000, 1.000000000000000000, 3.001251688541188813E-16 ) ) ;
#2546 = EDGE_CURVE ( 'NONE', #9956, #4122, #4153, .T. ) ;
#2547 = DIRECTION ( 'NONE',  ( 0.000000000000000000, -1.234678630588475078E-16, 1.000000000000000000 ) ) ;
#2548 = ORIENTED_EDGE ( 'NONE', *, *, #6798, .F. ) ;
#2549 = CARTESIAN_POINT ( 'NONE',  ( 43.53254820357768295, -19.03194953600380046, 36.96221782295533131 ) ) ;
#2550 = CARTESIAN_POINT ( 'NONE',  ( 16.19999999999999218, -0.09999999999999889533, 56.79999999999999716 ) ) ;
#2551 = PLANE ( 'NONE',  #5375 ) ;
#2552 = CARTESIAN_POINT ( 'NONE',  ( 49.95693684718209227, -19.10000000000000142, 28.74453501539409572 ) ) ;
#2553 = FACE_OUTER_BOUND ( 'NONE', #5361, .T. ) ;
#2554 = LINE ( 'NONE', #3463, #9588 ) ;
#2555 = ORIENTED_EDGE ( 'NONE', *, *, #9036, .F. ) ;
#2556 = ORIENTED_EDGE ( 'NONE', *, *, #6599, .T. ) ;
#2557 = DIRECTION ( 'NONE',  ( -0.000000000000000000, 1.000000000000000000, 0.000000000000000000 ) ) ;
#2558 = CARTESIAN_POINT ( 'NONE',  ( -0.8000000000000001554, -6.100000000000001421, 1.599999999999999867 ) ) ;
#2559 = ADVANCED_FACE ( 'NONE', ( #4391 ), #1043, .F. ) ;
#2560 = AXIS2_PLACEMENT_3D ( 'NONE', #6766, #8256, #1147 ) ;
#2561 = DIRECTION ( 'NONE',  ( 0.000000000000000000, 1.000000000000000000, 0.000000000000000000 ) ) ;
#2562 = CARTESIAN_POINT ( 'NONE',  ( -1.794540756741707543, -14.19955991398949458, -15.90807934452069183 ) ) ;
#2563 = DIRECTION ( 'NONE',  ( 0.000000000000000000, 0.000000000000000000, -1.000000000000000000 ) ) ;
#2564 = LINE ( 'NONE', #7206, #6456 ) ;
#2565 = ORIENTED_EDGE ( 'NONE', *, *, #7355, .F. ) ;
#2566 = VERTEX_POINT ( 'NONE', #1800 ) ;
#2567 = CARTESIAN_POINT ( 'NONE',  ( -0.2000000000000000111, -15.50000000000001599, 8.799999999999995381 ) ) ;
#2568 = EDGE_CURVE ( 'NONE', #5770, #814, #9494, .T. ) ;
#2569 = EDGE_CURVE ( 'NONE', #4543, #5169, #7544, .T. ) ;
#2570 = CIRCLE ( 'NONE', #3722, 5.499999999999998224 ) ;
#2571 = DIRECTION ( 'NONE',  ( 0.000000000000000000, 1.000000000000000000, 0.000000000000000000 ) ) ;
#2572 = CARTESIAN_POINT ( 'NONE',  ( 2.375028276274206096, -10.23660541186259287, -17.65645327249644936 ) ) ;
#2573 = PLANE ( 'NONE',  #2528 ) ;
#2574 = EDGE_LOOP ( 'NONE', ( #2646, #3743, #4123, #9441 ) ) ;
#2575 = DIRECTION ( 'NONE',  ( 1.000000000000000000, 0.000000000000000000, 0.000000000000000000 ) ) ;
#2576 = ORIENTED_EDGE ( 'NONE', *, *, #6547, .T. ) ;
#2577 = CARTESIAN_POINT ( 'NONE',  ( -0.2000000000000000111, -4.545900930049277200, 16.39936534720461125 ) ) ;
#2578 = ORIENTED_EDGE ( 'NONE', *, *, #1924, .T. ) ;
#2579 = AXIS2_PLACEMENT_3D ( 'NONE', #1467, #7595, #3984 ) ;
#2580 = VERTEX_POINT ( 'NONE', #8764 ) ;
#2581 = EDGE_CURVE ( 'NONE', #1620, #6016, #6343, .T. ) ;
#2582 = DIRECTION ( 'NONE',  ( -0.000000000000000000, 1.000000000000000000, 1.466789861310716348E-16 ) ) ;
#2583 = ORIENTED_EDGE ( 'NONE', *, *, #416, .F. ) ;
#2584 = DIRECTION ( 'NONE',  ( 1.000000000000000000, 0.000000000000000000, 0.000000000000000000 ) ) ;
#2585 = CARTESIAN_POINT ( 'NONE',  ( 43.56634783554001444, -19.08463507532429659, 36.85390958674506123 ) ) ;
#2586 = ORIENTED_EDGE ( 'NONE', *, *, #8542, .T. ) ;
#2587 = CARTESIAN_POINT ( 'NONE',  ( 6.800000000000055778, -17.50000000000000711, 54.19999999999999574 ) ) ;
#2588 = EDGE_LOOP ( 'NONE', ( #5740, #7611, #1926, #498 ) ) ;
#2589 = CYLINDRICAL_SURFACE ( 'NONE', #3166, 2.149999999999999023 ) ;
#2590 = ORIENTED_EDGE ( 'NONE', *, *, #4536, .F. ) ;
#2591 = ORIENTED_EDGE ( 'NONE', *, *, #9409, .T. ) ;
#2592 = ORIENTED_EDGE ( 'NONE', *, *, #354, .T. ) ;
#2593 = EDGE_CURVE ( 'NONE', #5682, #3699, #70, .T. ) ;
#2594 = VERTEX_POINT ( 'NONE', #7311 ) ;
#2595 = CARTESIAN_POINT ( 'NONE',  ( 54.19381909182334311, -17.70000000000001350, 23.94196734580367547 ) ) ;
#2596 = DIRECTION ( 'NONE',  ( -1.000000000000000000, 0.000000000000000000, 0.000000000000000000 ) ) ;
#2597 = CARTESIAN_POINT ( 'NONE',  ( -0.9917144476328115799, -12.38243452202678263, -17.18671245762001121 ) ) ;
#2598 = CARTESIAN_POINT ( 'NONE',  ( 36.04325111528880399, -18.70000000000000995, 42.09253532233800854 ) ) ;
#2599 = LINE ( 'NONE', #4990, #10016 ) ;
#2600 = EDGE_LOOP ( 'NONE', ( #4361, #6815, #5759, #7909, #1706, #5754, #3533, #10099 ) ) ;
#2601 = B_SPLINE_CURVE_WITH_KNOTS ( 'NONE', 3,
 ( #557, #2090, #2883, #6862, #9224, #2915, #8335, #6058, #4551, #9121, #2167, #9184, #3751, #2131, #623, #7524, #6126, #7591, #4465, #9896, #2987, #2948, #8375, #9968, #10012, #5258, #5323, #3714, #6753, #588, #6090, #1405, #6893, #8437, #3019, #2197, #7661, #2308, #7768, #7835, #10048, #10148, #3883, #9331, #10117, #5464, #6225, #9394, #8468, #13, #5534, #7027, #794, #1439, #2236, #7693, #909, #8772, #7117, #2446, #5635, #3330, #86, #5696, #8667, #9452, #9486, #4086, #949, #8009, #286, #9620, #4425 ),
 .UNSPECIFIED., .F., .F.,
 ( 4, 2, 1, 1, 1, 2, 2, 2, 1, 1, 2, 2, 1, 1, 2, 2, 1, 1, 2, 2, 2, 1, 1, 2, 2, 2, 1, 1, 2, 2, 2, 1, 1, 2, 2, 2, 1, 1, 2, 2, 2, 1, 1, 2, 2, 4 ),
 ( 0.000000000000000000, 0.03125000000000548867, 0.04687500000000783401, 0.05468750000000853484, 0.05859375000000833361, 0.06054687500000872913, 0.06250000000000911771, 0.09375000000001405820, 0.1093750000000165701, 0.1171875000000177358, 0.1210937500000178330, 0.1250000000000179023, 0.1562500000000175138, 0.1718750000000172362, 0.1796875000000165978, 0.1875000000000159595, 0.2187500000000148492, 0.2343750000000138500, 0.2421875000000129896, 0.2500000000000121014, 0.3125000000000039968, 0.3437500000000000555, 0.3593749999999978906, 0.3671874999999968359, 0.3749999999999957256, 0.4374999999999885092, 0.4687499999999852340, 0.4843749999999838463, 0.4921874999999834577, 0.4999999999999831246, 0.5624999999999849010, 0.5937499999999860112, 0.6093749999999862332, 0.6171874999999866773, 0.6249999999999872324, 0.6874999999999874545, 0.7187499999999871214, 0.7343749999999873435, 0.7421874999999873435, 0.7499999999999873435, 0.8124999999999886757, 0.8437499999999890088, 0.8593749999999895639, 0.8671874999999902300, 0.8749999999999908962, 1.000000000000000000 ),
 .UNSPECIFIED. ) ;
#2602 = CARTESIAN_POINT ( 'NONE',  ( 3.558824317443910257, -13.02267275004188107, -16.69275778217441442 ) ) ;
#2604 = EDGE_CURVE ( 'NONE', #7343, #1071, #4877, .T. ) ;
#2603 = DIRECTION ( 'NONE',  ( -1.000000000000000000, -4.201283418381325737E-16, 0.000000000000000000 ) ) ;
#2605 = CARTESIAN_POINT ( 'NONE',  ( 88.40000000000000568, -14.40659966456864893, -15.73999999999999666 ) ) ;
#2606 = DIRECTION ( 'NONE',  ( 1.000000000000000000, -0.000000000000000000, -0.000000000000000000 ) ) ;
#2607 = FACE_OUTER_BOUND ( 'NONE', #9107, .T. ) ;
#2608 = ORIENTED_EDGE ( 'NONE', *, *, #3814, .F. ) ;
#2609 = VERTEX_POINT ( 'NONE', #6577 ) ;
#2610 = ADVANCED_FACE ( 'NONE', ( #9986 ), #5497, .F. ) ;
#2611 = VECTOR ( 'NONE', #9694, 1000.000000000000000 ) ;
#2612 = CARTESIAN_POINT ( 'NONE',  ( 51.09014042472749395, -17.50000000000000355, 29.30838771269642606 ) ) ;
#2613 = ORIENTED_EDGE ( 'NONE', *, *, #947, .T. ) ;
#2614 = CARTESIAN_POINT ( 'NONE',  ( 54.58378072885341936, -17.89999999999999503, 41.94799429122655710 ) ) ;
#2615 = CARTESIAN_POINT ( 'NONE',  ( 86.79999999999999716, -17.50000000000000355, 21.29999999999972360 ) ) ;
#2616 = CARTESIAN_POINT ( 'NONE',  ( 36.56280864680466891, -18.43322684388097343, 41.57297779082215783 ) ) ;
#2617 = FACE_BOUND ( 'NONE', #4860, .T. ) ;
#2618 = AXIS2_PLACEMENT_3D ( 'NONE', #7325, #1090, #9521 ) ;
#2619 = VECTOR ( 'NONE', #4542, 1000.000000000000000 ) ;
#2621 = EDGE_CURVE ( 'NONE', #3677, #8685, #9009, .T. ) ;
#2620 = CARTESIAN_POINT ( 'NONE',  ( -0.6032550418373052725, -10.70210358359928371, -17.57257672726407449 ) ) ;
#2622 = ORIENTED_EDGE ( 'NONE', *, *, #9366, .F. ) ;
#2623 = ORIENTED_EDGE ( 'NONE', *, *, #3157, .T. ) ;
#2624 = VECTOR ( 'NONE', #4868, 1000.000000000000000 ) ;
#2625 = EDGE_LOOP ( 'NONE', ( #1627, #5530, #4925, #833 ) ) ;
#2626 = DIRECTION ( 'NONE',  ( -0.000000000000000000, 0.7071067811865440200, -0.7071067811865511255 ) ) ;
#2627 = ORIENTED_EDGE ( 'NONE', *, *, #2777, .T. ) ;
#2628 = CARTESIAN_POINT ( 'NONE',  ( -0.7582300768438539063, -11.02737508279716927, -17.49653817117677335 ) ) ;
#2629 = CARTESIAN_POINT ( 'NONE',  ( 110.2009174118888950, 7.687136352791989147, -0.1999999999999990119 ) ) ;
#2630 = AXIS2_PLACEMENT_3D ( 'NONE', #3411, #8852, #9465 ) ;
#2631 = ORIENTED_EDGE ( 'NONE', *, *, #1787, .F. ) ;
#2632 = B_SPLINE_SURFACE_WITH_KNOTS ( 'NONE', 1, 3, ( 
 ( #1666, #116, #3323, #3290, #7248, #9479, #9583, #6397, #7907, #4832, #7111, #2441, #5693, #7184, #47, #4082, #182, #1702, #2597, #9551, #9510, #76, #8045, #2522, #3252, #7972, #4870, #149, #6329, #3394, #8660, #7220, #831, #8705, #5658, #3363, #943, #4014, #6443, #6363 ),
 ( #1736, #5557, #2562, #4150, #8003, #8763, #1628, #4114, #4902, #9447, #4795, #5597, #7155, #2484, #7310, #6605, #1799, #6576, #9684, #1009, #247, #279, #5755, #2628, #5037, #1936, #4180, #8072, #1829, #2659, #8167, #3483, #7373, #1906, #5001, #3548, #5855, #1041, #5785, #1115 ) ),
 .UNSPECIFIED., .F., .F., .F.,
 ( 2, 2 ),
 ( 4, 2, 2, 2, 2, 2, 2, 2, 2, 2, 2, 2, 2, 2, 2, 2, 2, 2, 2, 4 ),
 ( 0.000000000000000000, 1.000000000000000000 ),
 ( 0.000000000000000000, 0.0003672989148033148658, 0.0007345978296066297316, 0.001101896744409944489, 0.001469195659213259463, 0.001652845116614916950, 0.001836494574016574221, 0.002020144031418231491, 0.002203793488819888978, 0.002571092403623203952, 0.002938391318426518926, 0.003672989148033148441, 0.004040288062836462982, 0.004407586977639777956, 0.004774885892443092930, 0.005142184807246407904, 0.005509483722049722879, 0.005693133179451380366, 0.005784957908152209109, 0.005876782636853037853 ),
 .UNSPECIFIED. ) ;
#2633 = CARTESIAN_POINT ( 'NONE',  ( -1.800000000000000266, -9.500000000000001776, 22.80000000000000071 ) ) ;
#2634 = LINE ( 'NONE', #8462, #6533 ) ;
#2635 = CARTESIAN_POINT ( 'NONE',  ( 2.394016257781717893, -10.63846634908296984, -17.62166577702663872 ) ) ;
#2636 = VECTOR ( 'NONE', #6237, 1000.000000000000000 ) ;
#2637 = EDGE_CURVE ( 'NONE', #3569, #2580, #1550, .T. ) ;
#2638 = EDGE_CURVE ( 'NONE', #8205, #7334, #7671, .T. ) ;
#2639 = LINE ( 'NONE', #9670, #1114 ) ;
#2640 = CARTESIAN_POINT ( 'NONE',  ( 88.25104928078712874, -13.35024489418615445, -16.50089852476785168 ) ) ;
#2641 = FACE_OUTER_BOUND ( 'NONE', #7188, .T. ) ;
#2642 = PLANE ( 'NONE',  #1402 ) ;
#2643 = VECTOR ( 'NONE', #2720, 1000.000000000000000 ) ;
#2644 = ORIENTED_EDGE ( 'NONE', *, *, #3725, .F. ) ;
#2645 = VERTEX_POINT ( 'NONE', #9066 ) ;
#2646 = ORIENTED_EDGE ( 'NONE', *, *, #6061, .F. ) ;
#2647 = CARTESIAN_POINT ( 'NONE',  ( 84.20000000000001705, 8.131516293641287107E-19, -0.2000000000000000944 ) ) ;
#2648 = EDGE_CURVE ( 'NONE', #8840, #242, #8277, .T. ) ;
#2649 = DIRECTION ( 'NONE',  ( -0.7071067811865513475, -2.122205421015039566E-16, 0.7071067811865437980 ) ) ;
#2650 = DIRECTION ( 'NONE',  ( 1.000000000000000000, 0.000000000000000000, -0.000000000000000000 ) ) ;
#2651 = CARTESIAN_POINT ( 'NONE',  ( 62.80000000000001137, -17.50000000000000000, 14.79999999999999361 ) ) ;
#2652 = ORIENTED_EDGE ( 'NONE', *, *, #9499, .T. ) ;
#2653 = ORIENTED_EDGE ( 'NONE', *, *, #7321, .F. ) ;
#2654 = ORIENTED_EDGE ( 'NONE', *, *, #4689, .T. ) ;
#2655 = ORIENTED_EDGE ( 'NONE', *, *, #736, .F. ) ;
#2656 = FACE_OUTER_BOUND ( 'NONE', #7209, .T. ) ;
#2657 = ADVANCED_FACE ( 'NONE', ( #6698 ), #3648, .T. ) ;
#2658 = CARTESIAN_POINT ( 'NONE',  ( 48.21421356237309652, -17.50000000000000000, 32.75000000000002842 ) ) ;
#2659 = CARTESIAN_POINT ( 'NONE',  ( -0.2616415495016008452, -10.00950308089735508, -17.68687633709495444 ) ) ;
#2660 = LINE ( 'NONE', #181, #8026 ) ;
#2661 = DIRECTION ( 'NONE',  ( -0.7071067811865489050, 0.000000000000000000, 0.7071067811865462405 ) ) ;
#2662 = DIRECTION ( 'NONE',  ( -0.000000000000000000, 1.000000000000000000, -0.000000000000000000 ) ) ;
#2663 = ORIENTED_EDGE ( 'NONE', *, *, #8356, .F. ) ;
#2664 = EDGE_CURVE ( 'NONE', #4122, #5990, #1667, .T. ) ;
#2665 = VECTOR ( 'NONE', #1546, 1000.000000000000000 ) ;
#2666 = DIRECTION ( 'NONE',  ( -1.000000000000000000, 0.000000000000000000, 0.000000000000000000 ) ) ;
#2667 = B_SPLINE_CURVE_WITH_KNOTS ( 'NONE', 3,
 ( #9260, #7811, #10056, #5400 ),
 .UNSPECIFIED., .F., .F.,
 ( 4, 4 ),
 ( 0.000000000000000000, 0.0006058621091978912696 ),
 .UNSPECIFIED. ) ;
#2668 = VECTOR ( 'NONE', #7527, 1000.000000000000000 ) ;
#2669 = CARTESIAN_POINT ( 'NONE',  ( 57.21903090930213409, -19.10000000000000142, 21.48244095327414271 ) ) ;
#2670 = CARTESIAN_POINT ( 'NONE',  ( 1.814447387215583740, -9.128310994735420181, -17.74000028117295358 ) ) ;
#2671 = DIRECTION ( 'NONE',  ( 0.000000000000000000, 0.000000000000000000, -1.000000000000000000 ) ) ;
#2672 = DIRECTION ( 'NONE',  ( 1.000000000000000000, -0.000000000000000000, 0.000000000000000000 ) ) ;
#2673 = VERTEX_POINT ( 'NONE', #6606 ) ;
#2674 = LINE ( 'NONE', #7949, #3048 ) ;
#2675 = LINE ( 'NONE', #9109, #5959 ) ;
#2676 = EDGE_CURVE ( 'NONE', #6332, #7976, #5245, .T. ) ;
#2677 = ORIENTED_EDGE ( 'NONE', *, *, #925, .T. ) ;
#2678 = LINE ( 'NONE', #4081, #535 ) ;
#2679 = CARTESIAN_POINT ( 'NONE',  ( -0.2000000000000000111, -0.1000000000000000056, 34.24999999999941025 ) ) ;
#2680 = CARTESIAN_POINT ( 'NONE',  ( 71.19294054604482369, -13.18611744796030649, -16.86729815181203662 ) ) ;
#2681 = CARTESIAN_POINT ( 'NONE',  ( -7.210000000046401757E-14, -5.150000000033142733, -1.800000000000000044 ) ) ;
#2682 = DIRECTION ( 'NONE',  ( 0.000000000000000000, -1.000000000000000000, -1.234678630588475078E-16 ) ) ;
#2683 = ORIENTED_EDGE ( 'NONE', *, *, #1145, .F. ) ;
#2684 = AXIS2_PLACEMENT_3D ( 'NONE', #4573, #10031, #6771 ) ;
#2685 = ADVANCED_FACE ( 'NONE', ( #3308 ), #7187, .F. ) ;
#2686 = ORIENTED_EDGE ( 'NONE', *, *, #2472, .T. ) ;
#2687 = CIRCLE ( 'NONE', #7176, 1.000000000000000888 ) ;
#2688 = FACE_OUTER_BOUND ( 'NONE', #9436, .T. ) ;
#2689 = ORIENTED_EDGE ( 'NONE', *, *, #9947, .F. ) ;
#2690 = EDGE_LOOP ( 'NONE', ( #145, #4822, #4296, #2469, #3089 ) ) ;
#2691 = CARTESIAN_POINT ( 'NONE',  ( 1.799999999999996270, -17.50000000000000000, 42.80000000000000426 ) ) ;
#2692 = CARTESIAN_POINT ( 'NONE',  ( -0.08001079462452045932, -9.649825483130936021, -17.72035492021183600 ) ) ;
#2693 = AXIS2_PLACEMENT_3D ( 'NONE', #5479, #7008, #4773 ) ;
#2694 = CARTESIAN_POINT ( 'NONE',  ( -1.799999999999996048, -0.1000000000000000056, -0.2000000000000000944 ) ) ;
#2695 = CARTESIAN_POINT ( 'NONE',  ( 62.80000000000001137, -17.50000000000000000, 6.799999999999999822 ) ) ;
#2696 = DIRECTION ( 'NONE',  ( 0.000000000000000000, 1.000000000000000000, 0.000000000000000000 ) ) ;
#2697 = CARTESIAN_POINT ( 'NONE',  ( 72.40000000000000568, -8.100000000000001421, 56.79999999999999716 ) ) ;
#2698 = CARTESIAN_POINT ( 'NONE',  ( 110.2009174118887529, -5.150000000034670400, -0.2000000000000008160 ) ) ;
#2699 = CARTESIAN_POINT ( 'NONE',  ( 88.00000000000001421, -14.62770798392567251, -16.07333333333332348 ) ) ;
#2700 = EDGE_CURVE ( 'NONE', #9535, #7352, #62, .T. ) ;
#2701 = EDGE_CURVE ( 'NONE', #5226, #9031, #2423, .T. ) ;
#2702 = LINE ( 'NONE', #7097, #5129 ) ;
#2703 = ORIENTED_EDGE ( 'NONE', *, *, #4814, .F. ) ;
#2704 = CARTESIAN_POINT ( 'NONE',  ( 1.985545839598284124, -9.573992342895298435, -17.72946265155321655 ) ) ;
#2705 = FACE_OUTER_BOUND ( 'NONE', #9500, .T. ) ;
#2706 = VERTEX_POINT ( 'NONE', #2828 ) ;
#2707 = DIRECTION ( 'NONE',  ( -1.000000000000000000, -1.734723475976808080E-16, 0.000000000000000000 ) ) ;
#2708 = CARTESIAN_POINT ( 'NONE',  ( 70.60000000000000853, -18.69999999999998863, -5.612340657572019333E-15 ) ) ;
#2709 = ORIENTED_EDGE ( 'NONE', *, *, #4257, .T. ) ;
#2710 = ORIENTED_EDGE ( 'NONE', *, *, #5661, .F. ) ;
#2711 = STYLED_ITEM ( 'NONE', ( #1728 ), #3423 ) ;
#2712 = VECTOR ( 'NONE', #4873, 1000.000000000000227 ) ;
#2713 = CARTESIAN_POINT ( 'NONE',  ( -1.455648300824118557, -12.70246682016094475, -16.86404632040682117 ) ) ;
#2714 = VERTEX_POINT ( 'NONE', #1849 ) ;
#2715 = ORIENTED_EDGE ( 'NONE', *, *, #1447, .F. ) ;
#2716 = ADVANCED_FACE ( 'NONE', ( #7305 ), #6331, .F. ) ;
#2717 = ORIENTED_EDGE ( 'NONE', *, *, #8641, .F. ) ;
#2718 = CARTESIAN_POINT ( 'NONE',  ( 17.00677727426996810, -10.49463313667988906, -2.000000000000000000 ) ) ;
#2719 = DIRECTION ( 'NONE',  ( -0.000000000000000000, 0.000000000000000000, -1.000000000000000000 ) ) ;
#2720 = DIRECTION ( 'NONE',  ( 0.000000000000000000, -1.000000000000000000, 0.000000000000000000 ) ) ;
#2721 = CARTESIAN_POINT ( 'NONE',  ( -4.000000000000010658, -11.70000000000002061, 14.80000000000000071 ) ) ;
#2722 = ORIENTED_EDGE ( 'NONE', *, *, #3890, .T. ) ;
#2723 = EDGE_CURVE ( 'NONE', #6255, #8526, #5216, .T. ) ;
#2724 = VERTEX_POINT ( 'NONE', #8439 ) ;
#2725 = ORIENTED_EDGE ( 'NONE', *, *, #594, .F. ) ;
#2726 = FACE_OUTER_BOUND ( 'NONE', #9952, .T. ) ;
#2727 = CARTESIAN_POINT ( 'NONE',  ( 72.25931687811501547, -9.769643737395210081, -17.71077289551329059 ) ) ;
#2728 = DIRECTION ( 'NONE',  ( 1.000000000000000000, -0.000000000000000000, -0.000000000000000000 ) ) ;
#2729 = DIRECTION ( 'NONE',  ( 0.000000000000000000, -1.000000000000000000, -1.234678630588475078E-16 ) ) ;
#2730 = CARTESIAN_POINT ( 'NONE',  ( -0.2000000000000000111, -9.500000000000001776, 24.80000000000000071 ) ) ;
#2731 = EDGE_LOOP ( 'NONE', ( #2273, #7734, #4554, #5567 ) ) ;
#2732 = ADVANCED_FACE ( 'NONE', ( #6828 ), #8243, .T. ) ;
#2733 = DIRECTION ( 'NONE',  ( 0.7071067811865437980, -0.000000000000000000, 0.7071067811865513475 ) ) ;
#2734 = ORIENTED_EDGE ( 'NONE', *, *, #8504, .F. ) ;
#2735 = VECTOR ( 'NONE', #9796, 1000.000000000000000 ) ;
#2736 = EDGE_CURVE ( 'NONE', #6696, #5071, #434, .T. ) ;
#2737 = CARTESIAN_POINT ( 'NONE',  ( 86.99401625778173752, -10.63846634908297872, -17.62166577702663517 ) ) ;
#2738 = CARTESIAN_POINT ( 'NONE',  ( -1.384516282958557110, -14.25851716805133407, -16.30701673546959896 ) ) ;
#2739 = ORIENTED_EDGE ( 'NONE', *, *, #6813, .T. ) ;
#2740 = EDGE_LOOP ( 'NONE', ( #5622, #5034, #2644 ) ) ;
#2741 = FACE_BOUND ( 'NONE', #10050, .T. ) ;
#2742 = VERTEX_POINT ( 'NONE', #4927 ) ;
#2743 = VERTEX_POINT ( 'NONE', #9576 ) ;
#2744 = CARTESIAN_POINT ( 'NONE',  ( 35.80000000000000426, -17.50000000000000000, 13.79999999999999361 ) ) ;
#2745 = ORIENTED_EDGE ( 'NONE', *, *, #9053, .F. ) ;
#2746 = CARTESIAN_POINT ( 'NONE',  ( 84.20000000000001705, 11.23431457505075315, -10.93431457505077375 ) ) ;
#2747 = AXIS2_PLACEMENT_3D ( 'NONE', #8555, #9388, #3905 ) ;
#2748 = LINE ( 'NONE', #9504, #4197 ) ;
#2749 = LINE ( 'NONE', #6998, #1246 ) ;
#2750 = EDGE_CURVE ( 'NONE', #239, #9630, #1835, .T. ) ;
#2751 = EDGE_CURVE ( 'NONE', #6532, #6655, #2297, .T. ) ;
#2752 = CIRCLE ( 'NONE', #2844, 2.149999999999999023 ) ;
#2753 = VECTOR ( 'NONE', #2775, 1000.000000000000000 ) ;
#2754 = ORIENTED_EDGE ( 'NONE', *, *, #6549, .T. ) ;
#2755 = ADVANCED_FACE ( 'NONE', ( #2688 ), #2169, .T. ) ;
#2756 = CARTESIAN_POINT ( 'NONE',  ( 71.53467545495412594, -11.25802946700705753, -17.43385908142908747 ) ) ;
#2757 = DIRECTION ( 'NONE',  ( 0.000000000000000000, 1.234678630588475078E-16, -1.000000000000000000 ) ) ;
#2758 = DIRECTION ( 'NONE',  ( 0.000000000000000000, -1.000000000000000000, 0.000000000000000000 ) ) ;
#2759 = AXIS2_PLACEMENT_3D ( 'NONE', #515, #7574, #8351 ) ;
#2760 = LINE ( 'NONE', #8391, #6536 ) ;
#2761 = CARTESIAN_POINT ( 'NONE',  ( 1.858066458795355702, -9.248177144078930212, -17.73894618487264196 ) ) ;
#2762 = CARTESIAN_POINT ( 'NONE',  ( -1.800000000000000266, -17.50000000000000000, 38.80000000000000426 ) ) ;
#2763 = EDGE_CURVE ( 'NONE', #2809, #4543, #8626, .T. ) ;
#2764 = VECTOR ( 'NONE', #1199, 1000.000000000000000 ) ;
#2765 = AXIS2_PLACEMENT_3D ( 'NONE', #3706, #6784, #7550 ) ;
#2766 = DIRECTION ( 'NONE',  ( 0.000000000000000000, 0.000000000000000000, 1.000000000000000000 ) ) ;
#2767 = CARTESIAN_POINT ( 'NONE',  ( 87.88083942463059373, -13.52733843144876857, -16.70741543730408907 ) ) ;
#2768 = DIRECTION ( 'NONE',  ( -0.5773502691896351680, -0.5773502691896210681, 0.5773502691896210681 ) ) ;
#2769 = LINE ( 'NONE', #4457, #2903 ) ;
#2770 = VECTOR ( 'NONE', #606, 1000.000000000000000 ) ;
#2771 = DIRECTION ( 'NONE',  ( 0.000000000000000000, -2.260746162836483201E-16, 1.000000000000000000 ) ) ;
#2772 = VERTEX_POINT ( 'NONE', #7961 ) ;
#2773 = ORIENTED_EDGE ( 'NONE', *, *, #3861, .T. ) ;
#2774 = DIRECTION ( 'NONE',  ( 0.000000000000000000, 0.7071067811865465735, 0.7071067811865484609 ) ) ;
#2775 = DIRECTION ( 'NONE',  ( 1.000000000000000000, -0.000000000000000000, -0.000000000000000000 ) ) ;
#2776 = DIRECTION ( 'NONE',  ( 1.245113975359213795E-14, 1.000000000000000000, -9.999999999999977900E-15 ) ) ;
#2777 = EDGE_CURVE ( 'NONE', #3273, #2165, #545, .T. ) ;
#2778 = EDGE_CURVE ( 'NONE', #3416, #10059, #9378, .T. ) ;
#2779 = VERTEX_POINT ( 'NONE', #1660 ) ;
#2780 = ADVANCED_FACE ( 'NONE', ( #4264 ), #6076, .T. ) ;
#2781 = AXIS2_PLACEMENT_3D ( 'NONE', #9374, #8573, #8346 ) ;
#2782 = ORIENTED_EDGE ( 'NONE', *, *, #4234, .F. ) ;
#2783 = ORIENTED_EDGE ( 'NONE', *, *, #9800, .F. ) ;
#2784 = CARTESIAN_POINT ( 'NONE',  ( 3.799999999999999822, -14.40659966456860275, -15.74000000000000377 ) ) ;
#2785 = CARTESIAN_POINT ( 'NONE',  ( -1.800000000000000266, -0.000000000000000000, 57.39999999999999858 ) ) ;
#2786 = PLANE ( 'NONE',  #6393 ) ;
#2787 = CARTESIAN_POINT ( 'NONE',  ( 71.24170299813985707, -11.92552749611690466, -17.20948158329701627 ) ) ;
#2788 = PLANE ( 'NONE',  #2374 ) ;
#2789 = LINE ( 'NONE', #906, #9587 ) ;
#2790 = DIRECTION ( 'NONE',  ( 0.000000000000000000, 0.000000000000000000, 1.000000000000000000 ) ) ;
#2791 = ORIENTED_EDGE ( 'NONE', *, *, #7830, .T. ) ;
#2792 = VECTOR ( 'NONE', #476, 1000.000000000000000 ) ;
#2793 = CARTESIAN_POINT ( 'NONE',  ( -0.2000000000000000111, -2.449999999999729283, 14.32740920835357379 ) ) ;
#2794 = DIRECTION ( 'NONE',  ( 0.000000000000000000, -1.000000000000000000, -1.301042607008020201E-16 ) ) ;
#2795 = ORIENTED_EDGE ( 'NONE', *, *, #9096, .T. ) ;
#2796 = CIRCLE ( 'NONE', #4847, 15.34646838723642581 ) ;
#2797 = ORIENTED_EDGE ( 'NONE', *, *, #1223, .F. ) ;
#2798 = DIRECTION ( 'NONE',  ( -0.000000000000000000, 1.000000000000000000, -0.000000000000000000 ) ) ;
#2799 = EDGE_CURVE ( 'NONE', #5393, #4436, #1057, .T. ) ;
#2800 = PRODUCT_DEFINITION_SHAPE ( 'NONE', 'NONE',  #3235 ) ;
#2801 = CARTESIAN_POINT ( 'NONE',  ( 1.799999999999996270, -17.50000000000000000, 14.80000000000000071 ) ) ;
#2802 = DIRECTION ( 'NONE',  ( 1.000000000000000000, 0.000000000000000000, 0.000000000000000000 ) ) ;
#2803 = DIRECTION ( 'NONE',  ( 0.000000000000000000, -1.084202172485503448E-16, 1.000000000000000000 ) ) ;
#2804 = VECTOR ( 'NONE', #3622, 1000.000000000000000 ) ;
#2805 = LINE ( 'NONE', #1372, #7662 ) ;
#2806 = FACE_OUTER_BOUND ( 'NONE', #632, .T. ) ;
#2807 = ORIENTED_EDGE ( 'NONE', *, *, #4594, .F. ) ;
#2808 = DIRECTION ( 'NONE',  ( 1.000000000000000000, 0.000000000000000000, 0.000000000000000000 ) ) ;
#2809 = VERTEX_POINT ( 'NONE', #1000 ) ;
#2810 = ADVANCED_FACE ( 'NONE', ( #5355 ), #3537, .F. ) ;
#2811 = DIRECTION ( 'NONE',  ( -0.000000000000000000, 0.000000000000000000, 1.000000000000000000 ) ) ;
#2812 = PLANE ( 'NONE',  #6120 ) ;
#2813 = CARTESIAN_POINT ( 'NONE',  ( 71.24440814932171406, -11.91916228882517004, -17.21182020368835452 ) ) ;
#2814 = ORIENTED_EDGE ( 'NONE', *, *, #9392, .F. ) ;
#2815 = DIRECTION ( 'NONE',  ( 0.5773502691896479355, 0.5773502691896148509, -0.5773502691896146288 ) ) ;
#2816 = DIRECTION ( 'NONE',  ( 0.000000000000000000, 0.7071067811865511255, 0.7071067811865440200 ) ) ;
#2817 = ORIENTED_EDGE ( 'NONE', *, *, #4749, .T. ) ;
#2818 = EDGE_CURVE ( 'NONE', #166, #4076, #4491, .T. ) ;
#2819 = ORIENTED_EDGE ( 'NONE', *, *, #7449, .T. ) ;
#2820 = LINE ( 'NONE', #8971, #7937 ) ;
#2821 = ORIENTED_EDGE ( 'NONE', *, *, #7198, .T. ) ;
#2822 = ORIENTED_EDGE ( 'NONE', *, *, #5986, .F. ) ;
#2823 = DIRECTION ( 'NONE',  ( 1.000000000000000000, 0.000000000000000000, -0.000000000000000000 ) ) ;
#2824 = AXIS2_PLACEMENT_3D ( 'NONE', #4704, #6424, #7169 ) ;
#2825 = CARTESIAN_POINT ( 'NONE',  ( -1.600000000000011191, -18.90000000000000924, 57.39999999999999858 ) ) ;
#2826 = CARTESIAN_POINT ( 'NONE',  ( 70.88980692763146862, -12.86757576019296323, -16.77749819847218049 ) ) ;
#2827 = CARTESIAN_POINT ( 'NONE',  ( 71.01548371704137708, -14.25851716784021761, -16.30701673559672571 ) ) ;
#2828 = CARTESIAN_POINT ( 'NONE',  ( -1.800000000000000266, -9.500000000000001776, 12.79999999999999893 ) ) ;
#2829 = CARTESIAN_POINT ( 'NONE',  ( 4.199999999999995737, -8.100000000000001421, 57.79999999999999716 ) ) ;
#2830 = DIRECTION ( 'NONE',  ( 0.000000000000000000, -1.000000000000000000, -1.404986760216307406E-16 ) ) ;
#2831 = EDGE_CURVE ( 'NONE', #3329, #9866, #2161, .T. ) ;
#2832 = LINE ( 'NONE', #357, #953 ) ;
#2833 = EDGE_CURVE ( 'NONE', #8644, #2985, #2041, .T. ) ;
#2834 = ORIENTED_EDGE ( 'NONE', *, *, #6899, .F. ) ;
#2835 = ORIENTED_EDGE ( 'NONE', *, *, #8124, .T. ) ;
#2836 = CARTESIAN_POINT ( 'NONE',  ( 150.7570364914818697, -17.50000000000000355, 21.29999999999972360 ) ) ;
#2837 = ORIENTED_EDGE ( 'NONE', *, *, #3171, .F. ) ;
#2838 = CARTESIAN_POINT ( 'NONE',  ( 81.00000000000000000, 11.79999999999999893, -11.50000000000000000 ) ) ;
#2839 = CARTESIAN_POINT ( 'NONE',  ( 34.80000000000000426, -19.10000000000000142, 14.79999999999999361 ) ) ;
#2840 = DIRECTION ( 'NONE',  ( -1.000000000000000000, 1.311074900679436716E-14, 1.399999999999986619E-14 ) ) ;
#2841 = PLANE ( 'NONE',  #6292 ) ;
#2842 = ORIENTED_EDGE ( 'NONE', *, *, #7402, .T. ) ;
#2843 = VERTEX_POINT ( 'NONE', #3582 ) ;
#2844 = AXIS2_PLACEMENT_3D ( 'NONE', #1542, #3064, #4560 ) ;
#2845 = DIRECTION ( 'NONE',  ( -0.000000000000000000, -0.000000000000000000, 1.000000000000000000 ) ) ;
#2846 = ORIENTED_EDGE ( 'NONE', *, *, #4146, .T. ) ;
#2847 = CARTESIAN_POINT ( 'NONE',  ( 72.45489547211980152, -9.384480584939794312, -17.73494117051659913 ) ) ;
#2848 = DIRECTION ( 'NONE',  ( 0.000000000000000000, 0.000000000000000000, -1.000000000000000000 ) ) ;
#2849 = CARTESIAN_POINT ( 'NONE',  ( -1.800000000000000266, -17.50000000000000000, 34.79999999999999716 ) ) ;
#2850 = VERTEX_POINT ( 'NONE', #4067 ) ;
#2851 = EDGE_LOOP ( 'NONE', ( #1705, #9320, #2429, #4464 ) ) ;
#2852 = ORIENTED_EDGE ( 'NONE', *, *, #9947, .T. ) ;
#2853 = ORIENTED_EDGE ( 'NONE', *, *, #9849, .F. ) ;
#2854 = FACE_OUTER_BOUND ( 'NONE', #5260, .T. ) ;
#2855 = ORIENTED_EDGE ( 'NONE', *, *, #6797, .F. ) ;
#2856 = EDGE_CURVE ( 'NONE', #6077, #5709, #5233, .T. ) ;
#2857 = FACE_OUTER_BOUND ( 'NONE', #9046, .T. ) ;
#2858 = AXIS2_PLACEMENT_3D ( 'NONE', #7482, #393, #3561 ) ;
#2859 = ADVANCED_FACE ( 'NONE', ( #10107 ), #781, .F. ) ;
#2860 = DIRECTION ( 'NONE',  ( 1.000000000000000000, -0.000000000000000000, -0.000000000000000000 ) ) ;
#2861 = EDGE_LOOP ( 'NONE', ( #7793, #4577, #3591, #2424 ) ) ;
#2863 = DIRECTION ( 'NONE',  ( 1.000000000000000000, -0.000000000000000000, -0.000000000000000000 ) ) ;
#2862 = CARTESIAN_POINT ( 'NONE',  ( 72.00227393779294971, -10.28251064816749860, -17.64894216992208342 ) ) ;
#2864 = CARTESIAN_POINT ( 'NONE',  ( -1.800000000000000266, -2.449999999999728839, 12.27259155458886397 ) ) ;
#2865 = CARTESIAN_POINT ( 'NONE',  ( 4.800000000000001599, -19.09999999999999787, 13.79999999999999893 ) ) ;
#2866 = CARTESIAN_POINT ( 'NONE',  ( -0.2000000000000000111, -9.500000000000001776, 4.799999999999998934 ) ) ;
#2867 = VECTOR ( 'NONE', #7320, 1000.000000000000000 ) ;
#2868 = CARTESIAN_POINT ( 'NONE',  ( 86.79999999999999716, -0.09999999999999939493, 56.20000000000000284 ) ) ;
#2869 = VERTEX_POINT ( 'NONE', #9099 ) ;
#2870 = ORIENTED_EDGE ( 'NONE', *, *, #3625, .T. ) ;
#2871 = ORIENTED_EDGE ( 'NONE', *, *, #4797, .F. ) ;
#2872 = FACE_OUTER_BOUND ( 'NONE', #9095, .T. ) ;
#2874 = EDGE_CURVE ( 'NONE', #3717, #4738, #9962, .T. ) ;
#2873 = DIRECTION ( 'NONE',  ( 1.000000000000000000, 0.000000000000000000, 0.000000000000000000 ) ) ;
#2875 = CARTESIAN_POINT ( 'NONE',  ( 2.494389046745891569, -10.47879774365804018, -17.61559042782594631 ) ) ;
#2876 = DIRECTION ( 'NONE',  ( 0.000000000000000000, 0.000000000000000000, -1.000000000000000000 ) ) ;
#2877 = CIRCLE ( 'NONE', #3388, 2.000000000000001776 ) ;
#2878 = FACE_OUTER_BOUND ( 'NONE', #8203, .T. ) ;
#2879 = AXIS2_PLACEMENT_3D ( 'NONE', #9236, #9269, #3105 ) ;
#2880 = ORIENTED_EDGE ( 'NONE', *, *, #7049, .F. ) ;
#2881 = ORIENTED_EDGE ( 'NONE', *, *, #1061, .T. ) ;
#2882 = VECTOR ( 'NONE', #5215, 1000.000000000000000 ) ;
#2883 = CARTESIAN_POINT ( 'NONE',  ( 1.858074798838945663, -9.248208466477969125, -17.73907732486615174 ) ) ;
#2884 = CARTESIAN_POINT ( 'NONE',  ( 72.54194677460530727, -9.213769057276024910, -17.73920980744214759 ) ) ;
#2885 = FACE_BOUND ( 'NONE', #2130, .T. ) ;
#2886 = VECTOR ( 'NONE', #2150, 1000.000000000000000 ) ;
#2887 = VECTOR ( 'NONE', #5845, 1000.000000000000000 ) ;
#2888 = ORIENTED_EDGE ( 'NONE', *, *, #10097, .F. ) ;
#2889 = VERTEX_POINT ( 'NONE', #2933 ) ;
#2890 = LINE ( 'NONE', #7552, #6906 ) ;
#2891 = VECTOR ( 'NONE', #1830, 1000.000000000000000 ) ;
#2892 = EDGE_CURVE ( 'NONE', #5895, #1381, #1046, .T. ) ;
#2893 = EDGE_CURVE ( 'NONE', #4423, #8205, #9472, .T. ) ;
#2894 = LINE ( 'NONE', #3807, #9570 ) ;
#2895 = VERTEX_POINT ( 'NONE', #6768 ) ;
#2896 = PLANE ( 'NONE',  #9935 ) ;
#2897 = CARTESIAN_POINT ( 'NONE',  ( 71.37245603178706688, -12.50386631843884189, -17.14356971342152036 ) ) ;
#2898 = ORIENTED_EDGE ( 'NONE', *, *, #4713, .T. ) ;
#2899 = DIRECTION ( 'NONE',  ( 0.000000000000000000, 0.000000000000000000, 1.000000000000000000 ) ) ;
#2900 = CARTESIAN_POINT ( 'NONE',  ( 6.129999999999557581, -3.200000000000001510, -0.2000000000000005107 ) ) ;
#2901 = VERTEX_POINT ( 'NONE', #2145 ) ;
#2902 = CYLINDRICAL_SURFACE ( 'NONE', #658, 1.249999999999161560 ) ;
#2903 = VECTOR ( 'NONE', #10039, 1000.000000000000114 ) ;
#2904 = DIRECTION ( 'NONE',  ( 0.000000000000000000, -1.000000000000000000, -0.000000000000000000 ) ) ;
#2905 = DIRECTION ( 'NONE',  ( -0.000000000000000000, 5.421010862427523156E-16, -1.000000000000000000 ) ) ;
#2906 = AXIS2_PLACEMENT_3D ( 'NONE', #5864, #6681, #3598 ) ;
#2907 = EDGE_CURVE ( 'NONE', #5414, #3699, #8143, .T. ) ;
#2908 = PLANE ( 'NONE',  #2949 ) ;
#2909 = CARTESIAN_POINT ( 'NONE',  ( 3.133144770412644498, -11.86660076469123304, -17.23090323525592282 ) ) ;
#2910 = CARTESIAN_POINT ( 'NONE',  ( -1.075217825997308863, -12.67285580156318403, -17.07996583724987261 ) ) ;
#2911 = ORIENTED_EDGE ( 'NONE', *, *, #5986, .T. ) ;
#2912 = ADVANCED_FACE ( 'NONE', ( #8047 ), #2896, .F. ) ;
#2913 = LINE ( 'NONE', #745, #7287 ) ;
#2914 = EDGE_LOOP ( 'NONE', ( #8039, #775, #9915, #1073 ) ) ;
#2915 = CARTESIAN_POINT ( 'NONE',  ( 1.924884796153645938, -9.418855130470753068, -17.73492588652446855 ) ) ;
#2916 = ORIENTED_EDGE ( 'NONE', *, *, #4357, .F. ) ;
#2917 = CIRCLE ( 'NONE', #5706, 6.200000000000000178 ) ;
#2918 = EDGE_LOOP ( 'NONE', ( #8000, #2330, #435, #9724, #1074 ) ) ;
#2919 = CARTESIAN_POINT ( 'NONE',  ( 70.87536868257910783, -12.91256977724735222, -16.75333907198420746 ) ) ;
#2920 = CARTESIAN_POINT ( 'NONE',  ( -0.8000000000000001554, -6.100000000000001421, 1.599999999999999867 ) ) ;
#2921 = CARTESIAN_POINT ( 'NONE',  ( 87.40000000000000568, -16.69999999999999929, -9.299999999999998934 ) ) ;
#2922 = EDGE_CURVE ( 'NONE', #2365, #4254, #2675, .T. ) ;
#2923 = CARTESIAN_POINT ( 'NONE',  ( 110.2009174118887671, -5.210000000001143938, -0.2000000000000008160 ) ) ;
#2924 = DIRECTION ( 'NONE',  ( 1.000000000000000000, -0.000000000000000000, -0.000000000000000000 ) ) ;
#2925 = AXIS2_PLACEMENT_3D ( 'NONE', #2864, #6808, #5919 ) ;
#2926 = LINE ( 'NONE', #6745, #6194 ) ;
#2927 = FACE_OUTER_BOUND ( 'NONE', #9675, .T. ) ;
#2928 = LINE ( 'NONE', #10057, #4610 ) ;
#2929 = VECTOR ( 'NONE', #4313, 1000.000000000000000 ) ;
#2930 = ORIENTED_EDGE ( 'NONE', *, *, #2494, .F. ) ;
#2931 = ORIENTED_EDGE ( 'NONE', *, *, #4834, .F. ) ;
#2933 = CARTESIAN_POINT ( 'NONE',  ( 82.40000000000000568, -8.099999999999999645, 56.79999999999999716 ) ) ;
#2932 = DIRECTION ( 'NONE',  ( 0.7071067811865474617, -0.7071067811865474617, 0.000000000000000000 ) ) ;
#2934 = CARTESIAN_POINT ( 'NONE',  ( 6.129999999999535376, -3.200000000000001510, -1.800000000000000044 ) ) ;
#2935 = LINE ( 'NONE', #3346, #3662 ) ;
#2936 = EDGE_CURVE ( 'NONE', #9415, #1436, #5485, .T. ) ;
#2937 = ORIENTED_EDGE ( 'NONE', *, *, #295, .F. ) ;
#2938 = VERTEX_POINT ( 'NONE', #4394 ) ;
#2939 = CARTESIAN_POINT ( 'NONE',  ( 70.60000000000000853, 9.823197995883754530, -12.34543115421777415 ) ) ;
#2940 = DIRECTION ( 'NONE',  ( -1.000000000000000000, -0.000000000000000000, -0.000000000000000000 ) ) ;
#2941 = FACE_OUTER_BOUND ( 'NONE', #1692, .T. ) ;
#2942 = DIRECTION ( 'NONE',  ( 0.000000000000000000, 0.000000000000000000, 1.000000000000000000 ) ) ;
#2943 = CARTESIAN_POINT ( 'NONE',  ( 2.150266403484458522, -9.788602246077811486, -17.70909215200109088 ) ) ;
#2944 = CARTESIAN_POINT ( 'NONE',  ( -0.2199464581530210516, -10.17944762867579911, -17.68157857183465609 ) ) ;
#2945 = LINE ( 'NONE', #1023, #3901 ) ;
#2946 = LINE ( 'NONE', #9343, #6722 ) ;
#2947 = ORIENTED_EDGE ( 'NONE', *, *, #6630, .T. ) ;
#2948 = CARTESIAN_POINT ( 'NONE',  ( 2.193275287500688897, -10.10995215077527121, -17.68887910824940946 ) ) ;
#2949 = AXIS2_PLACEMENT_3D ( 'NONE', #9145, #3774, #5283 ) ;
#2950 = CARTESIAN_POINT ( 'NONE',  ( 51.28088843057901869, -18.78758892027907024, 35.94054430717824289 ) ) ;
#2951 = ORIENTED_EDGE ( 'NONE', *, *, #1487, .F. ) ;
#2952 = CARTESIAN_POINT ( 'NONE',  ( 56.39999999999999858, -3.200000000000003286, -0.8496933580527809005 ) ) ;
#2953 = DIRECTION ( 'NONE',  ( 0.000000000000000000, -1.000000000000000000, -1.234678630588475078E-16 ) ) ;
#2954 = EDGE_CURVE ( 'NONE', #5049, #8153, #9845, .T. ) ;
#2955 = EDGE_CURVE ( 'NONE', #6986, #9045, #1786, .T. ) ;
#2956 = VECTOR ( 'NONE', #1594, 1000.000000000000000 ) ;
#2957 = CARTESIAN_POINT ( 'NONE',  ( 81.97925417702879258, -17.50000000000000711, 68.77778231445282131 ) ) ;
#2958 = EDGE_LOOP ( 'NONE', ( #8395, #3815, #5929, #666, #2033, #8512, #9552, #5519, #9775, #9375, #1590, #9751, #3005, #3052, #614, #7615, #1547, #2981, #2048, #6020, #3658, #8333, #9073, #5997, #5969, #9654, #5607, #7192, #5160, #1241, #8834, #328, #3884, #2533, #9242, #8179, #3090, #10027, #998, #5689, #7781, #6624, #2683, #9643, #10034, #6115, #264, #3470, #5415, #8384, #5794, #8453 ) ) ;
#2959 = ORIENTED_EDGE ( 'NONE', *, *, #6676, .F. ) ;
#2960 = VERTEX_POINT ( 'NONE', #8624 ) ;
#2961 = ADVANCED_FACE ( 'NONE', ( #6321 ), #9075, .F. ) ;
#2962 = AXIS2_PLACEMENT_3D ( 'NONE', #2336, #661, #10043 ) ;
#2963 = CARTESIAN_POINT ( 'NONE',  ( 86.79999999999999716, -17.50000000000000000, -2.755455298081544778E-15 ) ) ;
#2964 = LINE ( 'NONE', #284, #2459 ) ;
#2965 = CARTESIAN_POINT ( 'NONE',  ( 88.40000000000000568, 0.000000000000000000, -15.73999999999999666 ) ) ;
#2966 = DIRECTION ( 'NONE',  ( 0.000000000000000000, 0.000000000000000000, 1.000000000000000000 ) ) ;
#2967 = DIRECTION ( 'NONE',  ( 1.000000000000000000, -0.000000000000000000, -0.000000000000000000 ) ) ;
#2968 = EDGE_CURVE ( 'NONE', #8785, #451, #1294, .T. ) ;
#2969 = AXIS2_PLACEMENT_3D ( 'NONE', #1474, #3856, #7546 ) ;
#2970 = EDGE_LOOP ( 'NONE', ( #26, #5992, #5630, #5293, #7156 ) ) ;
#2971 = FACE_OUTER_BOUND ( 'NONE', #1947, .T. ) ;
#2972 = ORIENTED_EDGE ( 'NONE', *, *, #2893, .F. ) ;
#2973 = ORIENTED_EDGE ( 'NONE', *, *, #3111, .F. ) ;
#2974 = ORIENTED_EDGE ( 'NONE', *, *, #9886, .T. ) ;
#2975 = DIRECTION ( 'NONE',  ( -0.000000000000000000, -1.000000000000000000, -0.000000000000000000 ) ) ;
#2976 = CARTESIAN_POINT ( 'NONE',  ( 70.60000000000000853, 11.79999999999999893, -11.50000000000000000 ) ) ;
#2977 = CARTESIAN_POINT ( 'NONE',  ( 84.20000000000001705, 11.79999999999999893, -11.50000000000000000 ) ) ;
#2978 = EDGE_CURVE ( 'NONE', #7521, #5214, #5950, .T. ) ;
#2979 = CARTESIAN_POINT ( 'NONE',  ( 2.174959710086523668, -9.837493285310101143, -17.70456578353017463 ) ) ;
#2980 = CARTESIAN_POINT ( 'NONE',  ( -0.9144101992821922487, -12.13151545322363134, -17.26977953996002668 ) ) ;
#2981 = ORIENTED_EDGE ( 'NONE', *, *, #4814, .T. ) ;
#2982 = ORIENTED_EDGE ( 'NONE', *, *, #8475, .F. ) ;
#2983 = EDGE_CURVE ( 'NONE', #9843, #1638, #773, .T. ) ;
#2984 = ORIENTED_EDGE ( 'NONE', *, *, #2968, .F. ) ;
#2985 = VERTEX_POINT ( 'NONE', #1971 ) ;
#2987 = CARTESIAN_POINT ( 'NONE',  ( 2.176950590946560737, -10.06748857859444790, -17.69316030333265743 ) ) ;
#2986 = AXIS2_PLACEMENT_3D ( 'NONE', #6269, #6976, #3202 ) ;
#2988 = FACE_OUTER_BOUND ( 'NONE', #9785, .T. ) ;
#2989 = DIRECTION ( 'NONE',  ( 0.000000000000000000, 0.000000000000000000, 1.000000000000000000 ) ) ;
#2990 = PLANE ( 'NONE',  #1449 ) ;
#2991 = FACE_OUTER_BOUND ( 'NONE', #1204, .T. ) ;
#2992 = ORIENTED_EDGE ( 'NONE', *, *, #4524, .F. ) ;
#2993 = DIRECTION ( 'NONE',  ( 0.000000000000000000, -1.000000000000000000, 0.000000000000000000 ) ) ;
#2994 = EDGE_CURVE ( 'NONE', #7056, #196, #3415, .T. ) ;
#2995 = CARTESIAN_POINT ( 'NONE',  ( 36.79165808223885392, -18.99441597429090578, 21.50142562972410332 ) ) ;
#2996 = DIRECTION ( 'NONE',  ( 0.000000000000000000, -1.000000000000000000, -1.234678630588475078E-16 ) ) ;
#2997 = CARTESIAN_POINT ( 'NONE',  ( 86.53530390229512648, -9.445493239341907099, -17.73403026318547404 ) ) ;
#2998 = CARTESIAN_POINT ( 'NONE',  ( 14.19999999999999041, -8.099999999999999645, 57.79999999999999716 ) ) ;
#2999 = VERTEX_POINT ( 'NONE', #4414 ) ;
#3000 = VECTOR ( 'NONE', #8071, 1000.000000000000000 ) ;
#3001 = CARTESIAN_POINT ( 'NONE',  ( -1.000000000000000000, -4.545900930049278088, 20.39936534720461481 ) ) ;
#3002 = DIRECTION ( 'NONE',  ( 0.000000000000000000, -1.055278234055558625E-16, 1.000000000000000000 ) ) ;
#3003 = LINE ( 'NONE', #2721, #9313 ) ;
#3004 = CARTESIAN_POINT ( 'NONE',  ( 34.80000000000000426, -17.50000000000000000, 14.79999999999999361 ) ) ;
#3005 = ORIENTED_EDGE ( 'NONE', *, *, #472, .F. ) ;
#3006 = LINE ( 'NONE', #6479, #7992 ) ;
#3007 = DIRECTION ( 'NONE',  ( 1.400000000000014387E-14, 1.000000000000000000, 0.000000000000000000 ) ) ;
#3008 = ORIENTED_EDGE ( 'NONE', *, *, #6401, .T. ) ;
#3009 = DIRECTION ( 'NONE',  ( 0.000000000000000000, 1.000000000000000000, -0.000000000000000000 ) ) ;
#3010 = CARTESIAN_POINT ( 'NONE',  ( 86.40000000000000568, 3.662330314989931779, -17.73999999999999844 ) ) ;
#3011 = DIRECTION ( 'NONE',  ( 0.000000000000000000, 0.000000000000000000, 1.000000000000000000 ) ) ;
#3012 = LINE ( 'NONE', #1189, #8836 ) ;
#3013 = CARTESIAN_POINT ( 'NONE',  ( -0.3548437333587469711, -10.53447031811957402, -17.63659009649519760 ) ) ;
#3014 = FACE_OUTER_BOUND ( 'NONE', #8241, .T. ) ;
#3015 = VERTEX_POINT ( 'NONE', #8255 ) ;
#3016 = ADVANCED_FACE ( 'NONE', ( #3050 ), #4348, .T. ) ;
#3017 = LINE ( 'NONE', #5413, #2886 ) ;
#3018 = FACE_OUTER_BOUND ( 'NONE', #5586, .T. ) ;
#3019 = CARTESIAN_POINT ( 'NONE',  ( 2.573906410461543448, -11.12860907912288155, -17.53214665255200444 ) ) ;
#3020 = ORIENTED_EDGE ( 'NONE', *, *, #124, .F. ) ;
#3021 = VECTOR ( 'NONE', #5795, 1000.000000000000114 ) ;
#3022 = CARTESIAN_POINT ( 'NONE',  ( 14.19999999999999041, -0.09999999999999882594, 56.79999999999999716 ) ) ;
#3023 = DIRECTION ( 'NONE',  ( -0.5773502691896263972, 0.5773502691896233996, 0.5773502691896273964 ) ) ;
#3024 = CARTESIAN_POINT ( 'NONE',  ( 41.99999999996698818, -5.150000000033722714, -0.9999999999999137357 ) ) ;
#3025 = CARTESIAN_POINT ( 'NONE',  ( 1.800000000000000044, -9.099999999999987210, -17.74000000000000199 ) ) ;
#3026 = CARTESIAN_POINT ( 'NONE',  ( 3.399999999999958611, -19.09999999999999076, -7.740000000000005542 ) ) ;
#3027 = LINE ( 'NONE', #5363, #1024 ) ;
#3028 = ORIENTED_EDGE ( 'NONE', *, *, #3476, .F. ) ;
#3029 = ORIENTED_EDGE ( 'NONE', *, *, #6200, .T. ) ;
#3030 = ADVANCED_FACE ( 'NONE', ( #2030 ), #9592, .F. ) ;
#3031 = CARTESIAN_POINT ( 'NONE',  ( -1.800000000000000711, 16.20156963646480719, -15.91279854156217510 ) ) ;
#3032 = EDGE_CURVE ( 'NONE', #9855, #7623, #1285, .T. ) ;
#3033 = EDGE_CURVE ( 'NONE', #8435, #8972, #175, .T. ) ;
#3034 = DIRECTION ( 'NONE',  ( 0.000000000000000000, 1.000000000000000000, 0.000000000000000000 ) ) ;
#3035 = VECTOR ( 'NONE', #9419, 1000.000000000000000 ) ;
#3036 = PLANE ( 'NONE',  #9509 ) ;
#3037 = CARTESIAN_POINT ( 'NONE',  ( 86.62400233149450912, -9.672727866740663316, -17.72362967213344476 ) ) ;
#3038 = CARTESIAN_POINT ( 'NONE',  ( 72.30103841992902858, -9.865629291412108870, -17.71066892182884445 ) ) ;
#3039 = CARTESIAN_POINT ( 'NONE',  ( -1.800000000000000266, -9.500000000000001776, 32.79999999999999716 ) ) ;
#3040 = CYLINDRICAL_SURFACE ( 'NONE', #9199, 5.499999999999998224 ) ;
#3041 = VERTEX_POINT ( 'NONE', #1216 ) ;
#3042 = DIRECTION ( 'NONE',  ( 0.000000000000000000, -1.000000000000000000, 0.000000000000000000 ) ) ;
#3043 = PLANE ( 'NONE',  #7989 ) ;
#3044 = DIRECTION ( 'NONE',  ( 0.000000000000000000, 0.000000000000000000, -1.000000000000000000 ) ) ;
#3045 = VECTOR ( 'NONE', #3042, 1000.000000000000000 ) ;
#3046 = LINE ( 'NONE', #3889, #2283 ) ;
#3047 = DIRECTION ( 'NONE',  ( 0.000000000000000000, 0.000000000000000000, 1.000000000000000000 ) ) ;
#3048 = VECTOR ( 'NONE', #1572, 1000.000000000000000 ) ;
#3049 = AXIS2_PLACEMENT_3D ( 'NONE', #6262, #223, #6557 ) ;
#3050 = FACE_OUTER_BOUND ( 'NONE', #6552, .T. ) ;
#3051 = CARTESIAN_POINT ( 'NONE',  ( 56.95925383291010746, -19.04451276078105337, 44.04816166297486291 ) ) ;
#3052 = ORIENTED_EDGE ( 'NONE', *, *, #9530, .T. ) ;
#3053 = CARTESIAN_POINT ( 'NONE',  ( 14.36999999999955868, -3.309999999999884146, -0.2000000000000005107 ) ) ;
#3054 = CARTESIAN_POINT ( 'NONE',  ( -0.08021333902252447690, -9.817294578638765756, -17.71424341932080182 ) ) ;
#3055 = DIRECTION ( 'NONE',  ( -0.7071067811865457964, -0.7071067811865493491, -8.730496322752332385E-17 ) ) ;
#3056 = ORIENTED_EDGE ( 'NONE', *, *, #6421, .F. ) ;
#3057 = VECTOR ( 'NONE', #6293, 1000.000000000000000 ) ;
#3058 = PLANE ( 'NONE',  #7429 ) ;
#3059 = VECTOR ( 'NONE', #109, 1000.000000000000000 ) ;
#3060 = DIRECTION ( 'NONE',  ( 0.000000000000000000, -1.084202172485503448E-16, 1.000000000000000000 ) ) ;
#3061 = ORIENTED_EDGE ( 'NONE', *, *, #960, .T. ) ;
#3063 = EDGE_CURVE ( 'NONE', #7771, #4423, #1036, .T. ) ;
#3062 = DIRECTION ( 'NONE',  ( -1.000000000000000000, 4.336808689942013792E-16, 0.000000000000000000 ) ) ;
#3064 = DIRECTION ( 'NONE',  ( 1.000000000000000000, 0.000000000000000000, 0.000000000000000000 ) ) ;
#3065 = LINE ( 'NONE', #474, #4018 ) ;
#3066 = CARTESIAN_POINT ( 'NONE',  ( 1.799999999999996048, -17.50000000000000711, 54.19999999999999574 ) ) ;
#3067 = ORIENTED_EDGE ( 'NONE', *, *, #2955, .F. ) ;
#3068 = AXIS2_PLACEMENT_3D ( 'NONE', #8844, #292, #4909 ) ;
#3069 = CARTESIAN_POINT ( 'NONE',  ( -0.02897025827602918782, 12.20352332247479232, -17.72767586043541854 ) ) ;
#3070 = ORIENTED_EDGE ( 'NONE', *, *, #2664, .T. ) ;
#3071 = CARTESIAN_POINT ( 'NONE',  ( 70.59999999999999432, 16.20156963646480719, -15.91279854156216267 ) ) ;
#3072 = ADVANCED_FACE ( 'NONE', ( #7525 ), #5225, .F. ) ;
#3073 = CARTESIAN_POINT ( 'NONE',  ( 86.79327528704614281, -10.10995214958906985, -17.68887910837019817 ) ) ;
#3074 = CARTESIAN_POINT ( 'NONE',  ( 72.14420616559038990, -10.27315253440505849, -17.67102964416379152 ) ) ;
#3075 = PLANE ( 'NONE',  #113 ) ;
#3076 = FACE_OUTER_BOUND ( 'NONE', #4779, .T. ) ;
#3077 = EDGE_CURVE ( 'NONE', #6508, #5353, #9103, .T. ) ;
#3078 = ORIENTED_EDGE ( 'NONE', *, *, #3493, .T. ) ;
#3079 = VERTEX_POINT ( 'NONE', #6008 ) ;
#3080 = LINE ( 'NONE', #2708, #5504 ) ;
#3081 = ORIENTED_EDGE ( 'NONE', *, *, #8683, .T. ) ;
#3082 = VERTEX_POINT ( 'NONE', #2009 ) ;
#3083 = PLANE ( 'NONE',  #8492 ) ;
#3084 = CARTESIAN_POINT ( 'NONE',  ( 62.80000000000001137, -19.10000000000000142, 13.79999999999999361 ) ) ;
#3085 = ADVANCED_FACE ( 'NONE', ( #9358 ), #8317, .F. ) ;
#3086 = DIRECTION ( 'NONE',  ( 1.000000000000000000, -0.000000000000000000, -0.000000000000000000 ) ) ;
#3087 = DIRECTION ( 'NONE',  ( 0.000000000000000000, -0.000000000000000000, 1.000000000000000000 ) ) ;
#3088 = ORIENTED_EDGE ( 'NONE', *, *, #5395, .F. ) ;
#3089 = ORIENTED_EDGE ( 'NONE', *, *, #9296, .F. ) ;
#3090 = ORIENTED_EDGE ( 'NONE', *, *, #7941, .F. ) ;
#3091 = AXIS2_PLACEMENT_3D ( 'NONE', #8191, #4415, #1934 ) ;
#3092 = ORIENTED_EDGE ( 'NONE', *, *, #396, .T. ) ;
#3093 = CARTESIAN_POINT ( 'NONE',  ( -1.800000000000000266, -0.2000000000003226419, 34.24999999999941025 ) ) ;
#3094 = DIRECTION ( 'NONE',  ( 1.000000000000000000, 0.000000000000000000, 0.000000000000000000 ) ) ;
#3095 = CARTESIAN_POINT ( 'NONE',  ( 86.79999999999999716, -7.850000000000054712, -7.850000000000007638 ) ) ;
#3096 = EDGE_CURVE ( 'NONE', #186, #7813, #4862, .T. ) ;
#3097 = FACE_BOUND ( 'NONE', #3831, .T. ) ;
#3098 = EDGE_CURVE ( 'NONE', #8327, #5848, #7291, .T. ) ;
#3099 = DIRECTION ( 'NONE',  ( 1.000000000000000000, 0.000000000000000000, -0.000000000000000000 ) ) ;
#3100 = CARTESIAN_POINT ( 'NONE',  ( 59.79999999999999716, -20.75000000000001776, 50.95000000000002416 ) ) ;
#3101 = ORIENTED_EDGE ( 'NONE', *, *, #5562, .T. ) ;
#3102 = CARTESIAN_POINT ( 'NONE',  ( 4.199999999999995737, -0.09999999999999939493, 56.79999999999999716 ) ) ;
#3103 = DIRECTION ( 'NONE',  ( 1.000000000000000000, -0.000000000000000000, -0.000000000000000000 ) ) ;
#3104 = VERTEX_POINT ( 'NONE', #7743 ) ;
#3105 = DIRECTION ( 'NONE',  ( -0.000000000000000000, 0.000000000000000000, -1.000000000000000000 ) ) ;
#3106 = FACE_OUTER_BOUND ( 'NONE', #2455, .T. ) ;
#3107 = CARTESIAN_POINT ( 'NONE',  ( 87.18873220265574275, -10.67233107330462794, -17.57835944967576225 ) ) ;
#3108 = CARTESIAN_POINT ( 'NONE',  ( 87.65394110074045386, -12.59718203750428422, -17.10856343584467254 ) ) ;
#3109 = CARTESIAN_POINT ( 'NONE',  ( 51.24769024395281747, -18.92518990099286924, 29.62534698532005706 ) ) ;
#3110 = EDGE_LOOP ( 'NONE', ( #4775, #7761, #1626, #9922 ) ) ;
#3111 = EDGE_CURVE ( 'NONE', #8049, #8685, #2142, .T. ) ;
#3112 = AXIS2_PLACEMENT_3D ( 'NONE', #6955, #9284, #3116 ) ;
#3113 = CARTESIAN_POINT ( 'NONE',  ( -1.800000000000000266, -9.500000000000001776, 42.80000000000000426 ) ) ;
#3114 = ORIENTED_EDGE ( 'NONE', *, *, #6434, .T. ) ;
#3115 = CARTESIAN_POINT ( 'NONE',  ( 84.20000000000001705, 11.79999999999999893, -11.50000000000000000 ) ) ;
#3116 = DIRECTION ( 'NONE',  ( 0.000000000000000000, 0.000000000000000000, 1.000000000000000000 ) ) ;
#3117 = EDGE_LOOP ( 'NONE', ( #4952, #2715, #8770, #2973 ) ) ;
#3118 = CYLINDRICAL_SURFACE ( 'NONE', #4598, 2.149999999999999023 ) ;
#3119 = CARTESIAN_POINT ( 'NONE',  ( 1.975253098644489391, -9.443700124636210447, -17.73230715927592271 ) ) ;
#3120 = DIRECTION ( 'NONE',  ( -0.000000000000000000, 0.000000000000000000, 1.000000000000000000 ) ) ;
#3121 = FACE_OUTER_BOUND ( 'NONE', #1965, .T. ) ;
#3122 = ORIENTED_EDGE ( 'NONE', *, *, #2100, .T. ) ;
#3123 = ADVANCED_FACE ( 'NONE', ( #43 ), #6802, .F. ) ;
#3124 = EDGE_CURVE ( 'NONE', #8490, #3845, #4370, .T. ) ;
#3125 = ORIENTED_EDGE ( 'NONE', *, *, #1211, .F. ) ;
#3126 = VECTOR ( 'NONE', #9416, 1000.000000000000000 ) ;
#3127 = ORIENTED_EDGE ( 'NONE', *, *, #3772, .F. ) ;
#3128 = CARTESIAN_POINT ( 'NONE',  ( 55.65112132547672275, -17.76656026103060526, 25.12437994828643895 ) ) ;
#3129 = ORIENTED_EDGE ( 'NONE', *, *, #1178, .T. ) ;
#3130 = CYLINDRICAL_SURFACE ( 'NONE', #4474, 1.000000000000000888 ) ;
#3131 = CARTESIAN_POINT ( 'NONE',  ( -1.800000000000000266, -9.500000000000001776, 16.80000000000000071 ) ) ;
#3132 = CARTESIAN_POINT ( 'NONE',  ( -1.800000000000000266, 11.79999999999999538, -11.53999999999999915 ) ) ;
#3133 = CARTESIAN_POINT ( 'NONE',  ( 35.80000000000000426, -17.50000000000000000, 4.799999999999999822 ) ) ;
#3134 = LINE ( 'NONE', #6130, #4445 ) ;
#3135 = LINE ( 'NONE', #6245, #4941 ) ;
#3136 = VECTOR ( 'NONE', #4747, 1000.000000000000000 ) ;
#3137 = DIRECTION ( 'NONE',  ( -0.000000000000000000, 0.000000000000000000, 1.000000000000000000 ) ) ;
#3138 = EDGE_CURVE ( 'NONE', #1959, #7521, #4715, .T. ) ;
#3139 = DIRECTION ( 'NONE',  ( 1.000000000000000000, -0.000000000000000000, 0.000000000000000000 ) ) ;
#3140 = VECTOR ( 'NONE', #7152, 1000.000000000000000 ) ;
#3141 = DIRECTION ( 'NONE',  ( -0.000000000000000000, 1.000000000000000000, 9.351609034915406741E-17 ) ) ;
#3142 = CARTESIAN_POINT ( 'NONE',  ( 87.31103314663891979, -10.92739222644214614, -17.52145298261617512 ) ) ;
#3143 = CARTESIAN_POINT ( 'NONE',  ( 86.93895217238491568, -10.49229856589979804, -17.64261130869429195 ) ) ;
#3144 = ORIENTED_EDGE ( 'NONE', *, *, #1787, .T. ) ;
#3145 = DIRECTION ( 'NONE',  ( -0.000000000000000000, 1.000000000000000000, 0.000000000000000000 ) ) ;
#3146 = VERTEX_POINT ( 'NONE', #7668 ) ;
#3147 = LINE ( 'NONE', #8328, #3261 ) ;
#3148 = CARTESIAN_POINT ( 'NONE',  ( -1.800000000000000266, -17.50000000000000000, 38.80000000000000426 ) ) ;
#3149 = LINE ( 'NONE', #1454, #755 ) ;
#3150 = ORIENTED_EDGE ( 'NONE', *, *, #6869, .F. ) ;
#3151 = AXIS2_PLACEMENT_3D ( 'NONE', #5118, #8883, #303 ) ;
#3152 = CARTESIAN_POINT ( 'NONE',  ( 88.40000000000000568, -0.1000000000000000056, 21.29999999999972360 ) ) ;
#3153 = CARTESIAN_POINT ( 'NONE',  ( 62.80000000000001137, -19.09999999999999787, 5.799999999999999822 ) ) ;
#3154 = CARTESIAN_POINT ( 'NONE',  ( -0.2000000000000000111, -15.50000000000001599, 16.80000000000000071 ) ) ;
#3155 = DIRECTION ( 'NONE',  ( 0.000000000000000000, 0.000000000000000000, 1.000000000000000000 ) ) ;
#3156 = LINE ( 'NONE', #5117, #7040 ) ;
#3157 = EDGE_CURVE ( 'NONE', #448, #7571, #171, .T. ) ;
#3158 = EDGE_CURVE ( 'NONE', #8767, #7886, #285, .T. ) ;
#3159 = ORIENTED_EDGE ( 'NONE', *, *, #6183, .F. ) ;
#3160 = ORIENTED_EDGE ( 'NONE', *, *, #5182, .T. ) ;
#3161 =( NAMED_UNIT ( * ) PLANE_ANGLE_UNIT ( ) SI_UNIT ( $, .RADIAN. ) );
#3162 = CARTESIAN_POINT ( 'NONE',  ( 46.80000000000000426, -17.50000000000000355, 32.75000000000000000 ) ) ;
#3163 = DIRECTION ( 'NONE',  ( 1.000000000000000000, 0.000000000000000000, 0.000000000000000000 ) ) ;
#3164 = DIRECTION ( 'NONE',  ( 0.000000000000000000, -1.000000000000000000, -1.301042606983496980E-16 ) ) ;
#3165 = DIRECTION ( 'NONE',  ( -0.000000000000000000, 1.000000000000000000, 3.001251688541188813E-16 ) ) ;
#3166 = AXIS2_PLACEMENT_3D ( 'NONE', #7446, #2802, #9693 ) ;
#3167 = ORIENTED_EDGE ( 'NONE', *, *, #3694, .T. ) ;
#3168 = VECTOR ( 'NONE', #92, 1000.000000000000000 ) ;
#3169 = VECTOR ( 'NONE', #6138, 1000.000000000000000 ) ;
#3170 = EDGE_CURVE ( 'NONE', #6835, #1096, #8142, .T. ) ;
#3171 = EDGE_CURVE ( 'NONE', #1252, #6607, #8605, .T. ) ;
#3172 = EDGE_CURVE ( 'NONE', #6508, #5868, #8253, .T. ) ;
#3173 = CARTESIAN_POINT ( 'NONE',  ( 1.800000000000000044, 1.471943262095685136E-15, -15.74000000000000021 ) ) ;
#3174 = ADVANCED_FACE ( 'NONE', ( #3991 ), #3524, .F. ) ;
#3175 = CARTESIAN_POINT ( 'NONE',  ( 86.90003915212125207, -10.08634474657272939, -17.67670420322253833 ) ) ;
#3176 = DIRECTION ( 'NONE',  ( -0.000000000000000000, 0.7071067811865500152, 0.7071067811865451302 ) ) ;
#3177 = CARTESIAN_POINT ( 'NONE',  ( 46.79999999999999716, -17.50000000000000000, 34.16421356237310647 ) ) ;
#3178 = DIRECTION ( 'NONE',  ( 0.000000000000000000, 0.000000000000000000, -1.000000000000000000 ) ) ;
#3179 = VECTOR ( 'NONE', #5758, 1000.000000000000000 ) ;
#3180 = ORIENTED_EDGE ( 'NONE', *, *, #2231, .F. ) ;
#3181 = VECTOR ( 'NONE', #7331, 1000.000000000000000 ) ;
#3182 = ORIENTED_EDGE ( 'NONE', *, *, #7847, .F. ) ;
#3183 = ORIENTED_EDGE ( 'NONE', *, *, #6748, .F. ) ;
#3184 = VERTEX_POINT ( 'NONE', #8872 ) ;
#3185 = CARTESIAN_POINT ( 'NONE',  ( 1.799999999999996048, -17.50000000000000000, 12.79999999999999893 ) ) ;
#3186 = AXIS2_PLACEMENT_3D ( 'NONE', #1995, #6238, #2876 ) ;
#3187 = ADVANCED_FACE ( 'NONE', ( #7901 ), #6317, .F. ) ;
#3188 = CARTESIAN_POINT ( 'NONE',  ( 45.38578643762691200, -18.70000000000000995, 32.75000000000001421 ) ) ;
#3189 = CARTESIAN_POINT ( 'NONE',  ( 36.39999999997512248, -3.900000000058060134, -0.9999999999998473443 ) ) ;
#3190 = CARTESIAN_POINT ( 'NONE',  ( 43.68284214599196957, -18.70000000000000639, 28.21862858361886239 ) ) ;
#3191 = VERTEX_POINT ( 'NONE', #8579 ) ;
#3192 = EDGE_LOOP ( 'NONE', ( #2460, #2151, #4677, #8132 ) ) ;
#3193 = DIRECTION ( 'NONE',  ( 1.000000000000000000, 0.000000000000000000, 0.000000000000000000 ) ) ;
#3194 = B_SPLINE_CURVE_WITH_KNOTS ( 'NONE', 3,
 ( #6174, #4537, #709, #6069, #7641, #1514, #6105, #9988, #9305, #603, #4636, #1418, #7709, #2249, #9948, #2319, #3071, #8419 ),
 .UNSPECIFIED., .F., .F.,
 ( 4, 2, 2, 2, 2, 2, 2, 2, 4 ),
 ( -1.574802300843305519E-05, 0.0003295906482096049635, 0.0006749293194276429755, 0.001365606661863698508, 0.002056284004299753932, 0.002746961346735809356, 0.004128316031607903724, 0.004818993374043956113, 0.005509670716480008501 ),
 .UNSPECIFIED. ) ;
#3195 = DIRECTION ( 'NONE',  ( 0.000000000000000000, 1.000000000000000000, 0.000000000000000000 ) ) ;
#3196 = ORIENTED_EDGE ( 'NONE', *, *, #7988, .F. ) ;
#3198 = EDGE_CURVE ( 'NONE', #3345, #5625, #6055, .T. ) ;
#3197 = DIRECTION ( 'NONE',  ( 0.7071067811865474617, 0.7071067811865474617, 0.000000000000000000 ) ) ;
#3199 = DIRECTION ( 'NONE',  ( 0.000000000000000000, 0.000000000000000000, 1.000000000000000000 ) ) ;
#3200 = DIRECTION ( 'NONE',  ( 0.000000000000000000, 0.000000000000000000, 1.000000000000000000 ) ) ;
#3201 = DIRECTION ( 'NONE',  ( 0.000000000000000000, -1.466789861310716348E-16, 1.000000000000000000 ) ) ;
#3202 = DIRECTION ( 'NONE',  ( 0.000000000000000000, 0.000000000000000000, -1.000000000000000000 ) ) ;
#3203 = DIRECTION ( 'NONE',  ( 0.000000000000000000, 0.000000000000000000, 1.000000000000000000 ) ) ;
#3204 = VECTOR ( 'NONE', #3795, 1000.000000000000000 ) ;
#3205 = DIRECTION ( 'NONE',  ( 0.000000000000000000, -2.981555974335137194E-16, 1.000000000000000000 ) ) ;
#3206 = ORIENTED_EDGE ( 'NONE', *, *, #4258, .T. ) ;
#3207 = CARTESIAN_POINT ( 'NONE',  ( 87.36204569661575192, -11.03559340774531883, -17.49430477303432241 ) ) ;
#3208 = LINE ( 'NONE', #6553, #3784 ) ;
#3209 = ORIENTED_EDGE ( 'NONE', *, *, #4056, .T. ) ;
#3210 = CARTESIAN_POINT ( 'NONE',  ( 87.17390641050825195, -11.12860907924998699, -17.53214665252550475 ) ) ;
#3211 = DIRECTION ( 'NONE',  ( 0.7071067811865474617, 0.000000000000000000, -0.7071067811865474617 ) ) ;
#3212 = ORIENTED_EDGE ( 'NONE', *, *, #6074, .F. ) ;
#3213 = EDGE_CURVE ( 'NONE', #4062, #3879, #8736, .T. ) ;
#3214 = ORIENTED_EDGE ( 'NONE', *, *, #4499, .F. ) ;
#3215 = AXIS2_PLACEMENT_3D ( 'NONE', #59, #9497, #2415 ) ;
#3216 = CARTESIAN_POINT ( 'NONE',  ( 28.59999999996698961, -5.150000000033535308, -0.9999999999997256639 ) ) ;
#3217 = PLANE ( 'NONE',  #1663 ) ;
#3218 = CARTESIAN_POINT ( 'NONE',  ( 21.00677727426997166, -9.494633136679889063, -1.800000000000000044 ) ) ;
#3219 = DIRECTION ( 'NONE',  ( 1.000000000000000000, 0.000000000000000000, -0.000000000000000000 ) ) ;
#3220 = LINE ( 'NONE', #7237, #8750 ) ;
#3221 = ADVANCED_FACE ( 'NONE', ( #8033 ), #6420, .F. ) ;
#3222 = EDGE_LOOP ( 'NONE', ( #7779, #7532, #8779, #5140 ) ) ;
#3223 = VERTEX_POINT ( 'NONE', #1723 ) ;
#3224 = CARTESIAN_POINT ( 'NONE',  ( 42.26862858361884889, -18.76180546910007152, 35.86715785400802048 ) ) ;
#3225 = CARTESIAN_POINT ( 'NONE',  ( -1.739532479450737634, -13.76466177199475460, -16.22817725194328631 ) ) ;
#3226 = EDGE_CURVE ( 'NONE', #4088, #572, #1643, .T. ) ;
#3227 = EDGE_CURVE ( 'NONE', #8232, #6502, #2027, .T. ) ;
#3228 = CARTESIAN_POINT ( 'NONE',  ( 36.38096909069788154, -19.10000000000000853, 44.01755904672587150 ) ) ;
#3229 = FACE_BOUND ( 'NONE', #7600, .T. ) ;
#3230 = ORIENTED_EDGE ( 'NONE', *, *, #8934, .F. ) ;
#3231 = ORIENTED_EDGE ( 'NONE', *, *, #4314, .T. ) ;
#3232 = DIRECTION ( 'NONE',  ( 1.000000000000000000, -0.000000000000000000, -0.000000000000000000 ) ) ;
#3233 = LINE ( 'NONE', #9350, #10160 ) ;
#3234 = DIRECTION ( 'NONE',  ( 0.000000000000000000, 1.000000000000000000, -0.000000000000000000 ) ) ;
#3235 = PRODUCT_DEFINITION ( 'UNKNOWN', '', #4268, #7350 ) ;
#3236 = CARTESIAN_POINT ( 'NONE',  ( 88.19471106974434349, -13.14519362640646527, -16.62265592153928750 ) ) ;
#3237 = CARTESIAN_POINT ( 'NONE',  ( 46.80000000000000426, -18.70000000000000284, 32.75000000000000000 ) ) ;
#3238 = DIRECTION ( 'NONE',  ( 0.000000000000000000, 1.234678630588475078E-16, -1.000000000000000000 ) ) ;
#3239 = EDGE_LOOP ( 'NONE', ( #3515, #7624, #9752, #4497, #8531 ) ) ;
#3240 = ORIENTED_EDGE ( 'NONE', *, *, #3674, .F. ) ;
#3241 = VECTOR ( 'NONE', #4204, 1000.000000000000000 ) ;
#3242 = AXIS2_PLACEMENT_3D ( 'NONE', #2077, #4419, #9007 ) ;
#3243 = VECTOR ( 'NONE', #7947, 1000.000000000000000 ) ;
#3244 = LINE ( 'NONE', #4468, #9671 ) ;
#3245 = ORIENTED_EDGE ( 'NONE', *, *, #4508, .T. ) ;
#3246 = DIRECTION ( 'NONE',  ( 0.000000000000000000, -1.000000000000000000, 0.000000000000000000 ) ) ;
#3247 = ORIENTED_EDGE ( 'NONE', *, *, #7254, .F. ) ;
#3248 = CARTESIAN_POINT ( 'NONE',  ( 0.04390400129050202327, -9.406076175833501196, -17.73391199892576964 ) ) ;
#3249 = ORIENTED_EDGE ( 'NONE', *, *, #4509, .T. ) ;
#3250 = ORIENTED_EDGE ( 'NONE', *, *, #5486, .T. ) ;
#3251 = DIRECTION ( 'NONE',  ( -0.000000000000000000, 1.000000000000000000, -0.000000000000000000 ) ) ;
#3252 = CARTESIAN_POINT ( 'NONE',  ( -0.5241526282992724495, -10.99071730250953571, -17.56035615413234652 ) ) ;
#3253 = CARTESIAN_POINT ( 'NONE',  ( 42.26862858361885600, -17.89999999999999147, 35.86715785400802758 ) ) ;
#3254 = LINE ( 'NONE', #1010, #864 ) ;
#3255 = ORIENTED_EDGE ( 'NONE', *, *, #7115, .T. ) ;
#3256 = EDGE_CURVE ( 'NONE', #9045, #3868, #3644, .T. ) ;
#3257 = LINE ( 'NONE', #2746, #2887 ) ;
#3258 = EDGE_LOOP ( 'NONE', ( #4479, #1719, #2136, #5314 ) ) ;
#3259 = B_SPLINE_CURVE_WITH_KNOTS ( 'NONE', 3,
 ( #7264, #4047, #901, #7993 ),
 .UNSPECIFIED., .F., .F.,
 ( 4, 4 ),
 ( 0.000000000000000000, 0.001256888925215810925 ),
 .UNSPECIFIED. ) ;
#3260 = ORIENTED_EDGE ( 'NONE', *, *, #8542, .F. ) ;
#3261 = VECTOR ( 'NONE', #2873, 1000.000000000000000 ) ;
#3262 = CARTESIAN_POINT ( 'NONE',  ( 0.000000000000000000, -0.1000000000000000056, 0.000000000000000000 ) ) ;
#3263 = SURFACE_SIDE_STYLE ('',( #3711 ) ) ;
#3264 = DIRECTION ( 'NONE',  ( 0.000000000000000000, 0.000000000000000000, 1.000000000000000000 ) ) ;
#3265 = VECTOR ( 'NONE', #6670, 1000.000000000000000 ) ;
#3266 = CARTESIAN_POINT ( 'NONE',  ( -1.586864808740090949, -13.11790586740276154, -16.63844351088205187 ) ) ;
#3267 = CARTESIAN_POINT ( 'NONE',  ( -1.800000000000000266, -9.500000000000001776, 28.80000000000000071 ) ) ;
#3268 = VECTOR ( 'NONE', #2438, 1000.000000000000000 ) ;
#3269 = VERTEX_POINT ( 'NONE', #3482 ) ;
#3270 = VECTOR ( 'NONE', #8228, 1000.000000000000000 ) ;
#3271 = ORIENTED_EDGE ( 'NONE', *, *, #7419, .F. ) ;
#3272 = LINE ( 'NONE', #8031, #143 ) ;
#3273 = VERTEX_POINT ( 'NONE', #934 ) ;
#3274 = EDGE_LOOP ( 'NONE', ( #8913, #783, #4008, #3206 ) ) ;
#3275 = ORIENTED_EDGE ( 'NONE', *, *, #4834, .T. ) ;
#3276 = EDGE_CURVE ( 'NONE', #6502, #6330, #3454, .T. ) ;
#3277 = CARTESIAN_POINT ( 'NONE',  ( 38.75655340216479772, -18.03311722261914340, 42.20766016020822065 ) ) ;
#3278 = ADVANCED_FACE ( 'NONE', ( #5832 ), #6796, .T. ) ;
#3279 = CARTESIAN_POINT ( 'NONE',  ( 4.800000000000000711, -19.09999999999999787, 9.799999999999998934 ) ) ;
#3280 = DIRECTION ( 'NONE',  ( 0.000000000000000000, 1.000000000000000000, -0.000000000000000000 ) ) ;
#3281 = ORIENTED_EDGE ( 'NONE', *, *, #6062, .F. ) ;
#3282 = VECTOR ( 'NONE', #3176, 1000.000000000000114 ) ;
#3283 = ORIENTED_EDGE ( 'NONE', *, *, #6144, .F. ) ;
#3284 = CARTESIAN_POINT ( 'NONE',  ( -0.6840738821222778210, -10.87103878138569257, -17.53424145583474925 ) ) ;
#3285 = VECTOR ( 'NONE', #7776, 1000.000000000000000 ) ;
#3286 = ORIENTED_EDGE ( 'NONE', *, *, #3111, .T. ) ;
#3287 = ADVANCED_FACE ( 'NONE', ( #7767 ), #2349, .F. ) ;
#3288 = EDGE_LOOP ( 'NONE', ( #473, #5280, #1540, #8013 ) ) ;
#3289 = CARTESIAN_POINT ( 'NONE',  ( 54.34634268151091163, -17.70000000000001705, 41.42771353140946644 ) ) ;
#3290 = CARTESIAN_POINT ( 'NONE',  ( -1.379719106206551915, -14.19408400017732497, -16.34619511022957639 ) ) ;
#3291 = CARTESIAN_POINT ( 'NONE',  ( 110.2009174118888950, -15.50000000000001243, -0.2000000000000022871 ) ) ;
#3292 = VERTEX_POINT ( 'NONE', #6741 ) ;
#3293 = DIRECTION ( 'NONE',  ( 1.000000000000000000, -0.000000000000000000, -0.000000000000000000 ) ) ;
#3294 = EDGE_CURVE ( 'NONE', #449, #4292, #4703, .T. ) ;
#3295 = EDGE_CURVE ( 'NONE', #8824, #4309, #1401, .T. ) ;
#3296 = LINE ( 'NONE', #1339, #3413 ) ;
#3297 = CYLINDRICAL_SURFACE ( 'NONE', #9769, 5.499999999999998224 ) ;
#3298 = VECTOR ( 'NONE', #4810, 1000.000000000000000 ) ;
#3299 = CARTESIAN_POINT ( 'NONE',  ( -0.2000000000000000111, -9.500000000000001776, 32.79999999999999716 ) ) ;
#3300 = CARTESIAN_POINT ( 'NONE',  ( 84.20000000000001705, 15.00000000000000000, -11.50000000000000000 ) ) ;
#3301 = CARTESIAN_POINT ( 'NONE',  ( 84.40000000000000568, -10.10000000000000142, 56.79999999999999716 ) ) ;
#3302 = DIRECTION ( 'NONE',  ( 0.000000000000000000, -0.9876883405951378814, 0.1564344650402291204 ) ) ;
#3303 = DIRECTION ( 'NONE',  ( -1.000000000000000000, 0.000000000000000000, 0.000000000000000000 ) ) ;
#3304 = AXIS2_PLACEMENT_3D ( 'NONE', #5678, #7928, #9537 ) ;
#3305 = VERTEX_POINT ( 'NONE', #7484 ) ;
#3306 = EDGE_CURVE ( 'NONE', #6347, #6623, #7165, .T. ) ;
#3307 = AXIS2_PLACEMENT_3D ( 'NONE', #6711, #520, #4360 ) ;
#3308 = FACE_OUTER_BOUND ( 'NONE', #6057, .T. ) ;
#3309 = ORIENTED_EDGE ( 'NONE', *, *, #159, .F. ) ;
#3310 = CARTESIAN_POINT ( 'NONE',  ( -0.2716964735899434213, -10.02952629985701805, -17.68446695383050837 ) ) ;
#3311 = CARTESIAN_POINT ( 'NONE',  ( 51.25495611051195510, -17.76741802158620587, 29.52175821986214643 ) ) ;
#3312 = DIRECTION ( 'NONE',  ( 0.000000000000000000, 0.000000000000000000, -1.000000000000000000 ) ) ;
#3313 = DIRECTION ( 'NONE',  ( 1.000000000000000000, 0.000000000000000000, 0.000000000000000000 ) ) ;
#3314 = LINE ( 'NONE', #533, #67 ) ;
#3315 = PLANE ( 'NONE',  #7804 ) ;
#3316 = DIRECTION ( 'NONE',  ( 1.000000000000000000, 0.000000000000000000, 0.000000000000000000 ) ) ;
#3317 = ORIENTED_EDGE ( 'NONE', *, *, #9597, .F. ) ;
#3318 = EDGE_CURVE ( 'NONE', #6096, #4800, #7275, .T. ) ;
#3319 = DIRECTION ( 'NONE',  ( 0.000000000000000000, 0.000000000000000000, 1.000000000000000000 ) ) ;
#3320 = ORIENTED_EDGE ( 'NONE', *, *, #7460, .T. ) ;
#3321 = DIRECTION ( 'NONE',  ( -1.000000000000000000, 0.000000000000000000, -0.000000000000000000 ) ) ;
#3322 = CARTESIAN_POINT ( 'NONE',  ( 46.80000000000000426, -27.50000000000000355, 32.75000000000000000 ) ) ;
#3323 = CARTESIAN_POINT ( 'NONE',  ( -1.395632605391598835, -14.41204157704821753, -16.21339945378196035 ) ) ;
#3324 = LINE ( 'NONE', #4385, #8060 ) ;
#3325 = PLANE ( 'NONE',  #6357 ) ;
#3326 = ORIENTED_EDGE ( 'NONE', *, *, #8861, .F. ) ;
#3327 = DIRECTION ( 'NONE',  ( 0.000000000000000000, -1.000000000000000000, -0.000000000000000000 ) ) ;
#3328 = ADVANCED_FACE ( 'NONE', ( #9090 ), #5085, .T. ) ;
#3329 = VERTEX_POINT ( 'NONE', #3630 ) ;
#3330 = CARTESIAN_POINT ( 'NONE',  ( 3.229506188561483082, -13.28538293865377895, -16.82200642068024976 ) ) ;
#3331 = B_SPLINE_CURVE_WITH_KNOTS ( 'NONE', 3,
 ( #8599, #17, #871, #6372, #835, #4657, #3224, #1673 ),
 .UNSPECIFIED., .F., .F.,
 ( 4, 2, 2, 4 ),
 ( -4.013977638224101634E-06, 0.0003615764601613053906, 0.0005443716790610757987, 0.0007271668979608462069 ),
 .UNSPECIFIED. ) ;
#3332 = CARTESIAN_POINT ( 'NONE',  ( -1.800000000000000266, -2.449999999999728839, 12.27259155458886397 ) ) ;
#3333 = ORIENTED_EDGE ( 'NONE', *, *, #9902, .T. ) ;
#3334 = CARTESIAN_POINT ( 'NONE',  ( 3.014115494099719239, -11.58620013662166315, -17.33420337862454019 ) ) ;
#3336 = EDGE_CURVE ( 'NONE', #5709, #1537, #6433, .T. ) ;
#3335 = CARTESIAN_POINT ( 'NONE',  ( -1.800000000000000266, -9.500000000000001776, 12.79999999999999893 ) ) ;
#3337 = DIRECTION ( 'NONE',  ( 0.000000000000000000, -1.000000000000000000, 0.000000000000000000 ) ) ;
#3338 = VERTEX_POINT ( 'NONE', #8985 ) ;
#3339 = CARTESIAN_POINT ( 'NONE',  ( 70.60000000000000853, 11.79999999999999361, 6.396792817664473005E-15 ) ) ;
#3340 = DIRECTION ( 'NONE',  ( 0.000000000000000000, -0.000000000000000000, -1.000000000000000000 ) ) ;
#3341 = ORIENTED_EDGE ( 'NONE', *, *, #6251, .T. ) ;
#3342 = LINE ( 'NONE', #4611, #5273 ) ;
#3343 = ADVANCED_FACE ( 'NONE', ( #1270 ), #2841, .F. ) ;
#3344 = CARTESIAN_POINT ( 'NONE',  ( 84.20000000000001705, 11.79999999999999893, -11.50000000000000000 ) ) ;
#3345 = VERTEX_POINT ( 'NONE', #1167 ) ;
#3346 = CARTESIAN_POINT ( 'NONE',  ( -0.2000000000000000111, -9.500000000000001776, 4.799999999999998934 ) ) ;
#3347 = CARTESIAN_POINT ( 'NONE',  ( 51.45234549716068528, -67.15234549716048207, 51.45234549716077765 ) ) ;
#3348 = CARTESIAN_POINT ( 'NONE',  ( -1.800000000000000266, -7.300000000000022027, 8.599999999999999645 ) ) ;
#3349 = VERTEX_POINT ( 'NONE', #6718 ) ;
#3350 = ORIENTED_EDGE ( 'NONE', *, *, #5787, .F. ) ;
#3351 = CIRCLE ( 'NONE', #9317, 1.000000000000000000 ) ;
#3352 = DIRECTION ( 'NONE',  ( 0.000000000000000000, -1.234678630588475078E-16, 1.000000000000000000 ) ) ;
#3353 = ORIENTED_EDGE ( 'NONE', *, *, #4629, .F. ) ;
#3354 = VECTOR ( 'NONE', #6805, 1000.000000000000000 ) ;
#3355 = ORIENTED_EDGE ( 'NONE', *, *, #5787, .T. ) ;
#3357 = EDGE_CURVE ( 'NONE', #8972, #111, #10083, .T. ) ;
#3356 = CARTESIAN_POINT ( 'NONE',  ( -0.7234125379546181289, -10.95385323787860266, -17.51447486763785832 ) ) ;
#3358 = ORIENTED_EDGE ( 'NONE', *, *, #8106, .T. ) ;
#3359 = DIRECTION ( 'NONE',  ( 0.000000000000000000, -1.000000000000000000, -3.614007241618347292E-17 ) ) ;
#3360 = EDGE_LOOP ( 'NONE', ( #8363, #4278, #7131, #5546, #8136 ) ) ;
#3361 = CARTESIAN_POINT ( 'NONE',  ( 57.17754564144527052, -19.10000000000018616, 44.05592017590178244 ) ) ;
#3362 = DIRECTION ( 'NONE',  ( 0.000000000000000000, -1.000000000000000000, -1.209468558947972554E-16 ) ) ;
#3363 = CARTESIAN_POINT ( 'NONE',  ( 0.1419335412046079659, -9.248177144078912448, -17.73894618487264196 ) ) ;
#3364 = DIRECTION ( 'NONE',  ( 0.000000000000000000, 2.110556468111117249E-16, -1.000000000000000000 ) ) ;
#3365 = ORIENTED_EDGE ( 'NONE', *, *, #6212, .F. ) ;
#3366 = DIRECTION ( 'NONE',  ( 0.000000000000000000, -1.000000000000000000, 0.000000000000000000 ) ) ;
#3367 = AXIS2_PLACEMENT_3D ( 'NONE', #1750, #2672, #955 ) ;
#3368 = CARTESIAN_POINT ( 'NONE',  ( 3.090362230922833131, -12.72723840389524774, -17.05917127487057527 ) ) ;
#3369 = VECTOR ( 'NONE', #3060, 1000.000000000000000 ) ;
#3370 = DIRECTION ( 'NONE',  ( 0.000000000000000000, 0.000000000000000000, 1.000000000000000000 ) ) ;
#3371 = EDGE_CURVE ( 'NONE', #233, #8643, #638, .T. ) ;
#3372 = EDGE_CURVE ( 'NONE', #5095, #5747, #5939, .T. ) ;
#3373 = FACE_OUTER_BOUND ( 'NONE', #6587, .T. ) ;
#3374 = CARTESIAN_POINT ( 'NONE',  ( 87.99311131250929918, -12.52702620634888042, -16.94957744424777957 ) ) ;
#3375 = DIRECTION ( 'NONE',  ( 0.000000000000000000, -0.7071067811865511255, -0.7071067811865440200 ) ) ;
#3376 = ORIENTED_EDGE ( 'NONE', *, *, #2701, .F. ) ;
#3377 = ORIENTED_EDGE ( 'NONE', *, *, #7163, .F. ) ;
#3378 = ORIENTED_EDGE ( 'NONE', *, *, #664, .F. ) ;
#3379 = VECTOR ( 'NONE', #1820, 1000.000000000000000 ) ;
#3380 = DIRECTION ( 'NONE',  ( -0.000000000000000000, 0.000000000000000000, -1.000000000000000000 ) ) ;
#3381 = CARTESIAN_POINT ( 'NONE',  ( 88.40000000000000568, -0.1000000000000000056, 54.39999999999972857 ) ) ;
#3382 = ORIENTED_EDGE ( 'NONE', *, *, #4594, .T. ) ;
#3383 = DIRECTION ( 'NONE',  ( 0.000000000000000000, 0.000000000000000000, 1.000000000000000000 ) ) ;
#3384 = CARTESIAN_POINT ( 'NONE',  ( 70.20000000000001705, 8.123044737829948403, -14.04558441227158738 ) ) ;
#3385 = DIRECTION ( 'NONE',  ( 1.000000000000000000, -0.000000000000000000, -0.000000000000000000 ) ) ;
#3386 = CARTESIAN_POINT ( 'NONE',  ( 1.799999999999996048, -17.50000000000000000, 1.799999999999999156 ) ) ;
#3387 = ORIENTED_EDGE ( 'NONE', *, *, #7916, .F. ) ;
#3388 = AXIS2_PLACEMENT_3D ( 'NONE', #4809, #7200, #6308 ) ;
#3389 = ORIENTED_EDGE ( 'NONE', *, *, #6934, .T. ) ;
#3390 = EDGE_LOOP ( 'NONE', ( #466, #1686, #1803, #4463 ) ) ;
#3391 = ADVANCED_FACE ( 'NONE', ( #7513 ), #4845, .F. ) ;
#3392 = CARTESIAN_POINT ( 'NONE',  ( 1.799999999999996048, -17.50000000000000355, 32.79999999999999716 ) ) ;
#3393 = CARTESIAN_POINT ( 'NONE',  ( 72.52741840664562289, -9.242229081689192327, -17.73889356910504134 ) ) ;
#3394 = CARTESIAN_POINT ( 'NONE',  ( -0.1693132396018061925, -10.04739904260241268, -17.69573028091298283 ) ) ;
#3395 = CARTESIAN_POINT ( 'NONE',  ( -1.800000000000000266, -9.500000000000001776, 36.79999999999999716 ) ) ;
#3396 = VERTEX_POINT ( 'NONE', #5838 ) ;
#3397 = LINE ( 'NONE', #6651, #509 ) ;
#3398 = EDGE_CURVE ( 'NONE', #7924, #1541, #5704, .T. ) ;
#3399 = ORIENTED_EDGE ( 'NONE', *, *, #7307, .T. ) ;
#3400 = AXIS2_PLACEMENT_3D ( 'NONE', #7517, #2975, #5352 ) ;
#3401 = B_SPLINE_CURVE_WITH_KNOTS ( 'NONE', 3,
 ( #5874, #1330, #6827, #5259, #406, #6027, #2950, #9049 ),
 .UNSPECIFIED., .F., .F.,
 ( 4, 2, 2, 4 ),
 ( 0.000000000000000000, 0.0001860284230303026838, 0.0003720568460606053676, 0.0007441136921212107352 ),
 .UNSPECIFIED. ) ;
#3402 = CARTESIAN_POINT ( 'NONE',  ( 88.40000000000000568, -18.50000000000002132, 36.89999999999971436 ) ) ;
#3403 = CARTESIAN_POINT ( 'NONE',  ( 2.261641549501529180, -10.00950308089736929, -17.68687633709497220 ) ) ;
#3404 = DIRECTION ( 'NONE',  ( 0.000000000000000000, -1.084202172485503448E-16, 1.000000000000000000 ) ) ;
#3405 = EDGE_LOOP ( 'NONE', ( #8103, #4302, #9774, #2972 ) ) ;
#3406 = PLANE ( 'NONE',  #3367 ) ;
#3407 = VECTOR ( 'NONE', #6622, 1000.000000000000000 ) ;
#3408 = CARTESIAN_POINT ( 'NONE',  ( 84.20000000000001705, 10.95456884578223189, -13.47680200411624618 ) ) ;
#3409 = FACE_OUTER_BOUND ( 'NONE', #1586, .T. ) ;
#3410 = EDGE_CURVE ( 'NONE', #1273, #7925, #3156, .T. ) ;
#3411 = CARTESIAN_POINT ( 'NONE',  ( 1.799999999999996048, -17.50000000000000000, -2.755455298081544778E-15 ) ) ;
#3412 = DIRECTION ( 'NONE',  ( 0.000000000000000000, -1.000000000000000000, 0.000000000000000000 ) ) ;
#3413 = VECTOR ( 'NONE', #6102, 1000.000000000000000 ) ;
#3414 = ORIENTED_EDGE ( 'NONE', *, *, #3158, .T. ) ;
#3415 = LINE ( 'NONE', #9032, #6191 ) ;
#3416 = VERTEX_POINT ( 'NONE', #9043 ) ;
#3417 = ORIENTED_EDGE ( 'NONE', *, *, #3032, .F. ) ;
#3418 = AXIS2_PLACEMENT_3D ( 'NONE', #9225, #8471, #2309 ) ;
#3419 = CARTESIAN_POINT ( 'NONE',  ( 86.79999999999999716, 4.299999999999999822, -0.1999999999999994837 ) ) ;
#3420 = CARTESIAN_POINT ( 'NONE',  ( 66.40000000000000568, -3.200000000000000622, -0.7999999999999999334 ) ) ;
#3421 = DIRECTION ( 'NONE',  ( -0.000000000000000000, -0.000000000000000000, 1.000000000000000000 ) ) ;
#3422 = VERTEX_POINT ( 'NONE', #4399 ) ;
#3423 = ADVANCED_BREP_SHAPE_REPRESENTATION ( 'case_bottom_main', ( #8088, #8118 ), #546 ) ;
#3424 = CARTESIAN_POINT ( 'NONE',  ( 86.79999999999999716, -17.50000000000000711, 56.20000000000000284 ) ) ;
#3425 = CARTESIAN_POINT ( 'NONE',  ( 66.40000000000000568, -3.200000000000000622, -0.7999999999999999334 ) ) ;
#3426 = EDGE_CURVE ( 'NONE', #3736, #3720, #6512, .T. ) ;
#3427 = EDGE_CURVE ( 'NONE', #4829, #899, #4585, .T. ) ;
#3428 = CARTESIAN_POINT ( 'NONE',  ( -1.000000000000000000, 0.000000000000000000, 0.000000000000000000 ) ) ;
#3429 = CARTESIAN_POINT ( 'NONE',  ( 1.800000000000000044, -9.099999999999996092, -17.74000000000001265 ) ) ;
#3430 = DIRECTION ( 'NONE',  ( 0.7071067811865489050, -0.7071067811865461294, 0.000000000000000000 ) ) ;
#3431 = LINE ( 'NONE', #5210, #6319 ) ;
#3432 = CARTESIAN_POINT ( 'NONE',  ( -0.2000000000000000111, -9.500000000000001776, 22.80000000000000071 ) ) ;
#3433 = CARTESIAN_POINT ( 'NONE',  ( 86.51610010281578411, -9.327576289641088536, -17.73683811954097678 ) ) ;
#3434 = CARTESIAN_POINT ( 'NONE',  ( -1.800000000000000266, -9.500000000000001776, 28.80000000000000071 ) ) ;
#3435 = ADVANCED_FACE ( 'NONE', ( #409 ), #8500, .F. ) ;
#3436 = AXIS2_PLACEMENT_3D ( 'NONE', #9853, #6013, #6772 ) ;
#3437 = CARTESIAN_POINT ( 'NONE',  ( 4.800000000000001599, -17.50000000000000000, 13.79999999999999893 ) ) ;
#3438 = ORIENTED_EDGE ( 'NONE', *, *, #2736, .T. ) ;
#3439 = CARTESIAN_POINT ( 'NONE',  ( 4.199999999999995737, -8.100000000000001421, 56.79999999999999716 ) ) ;
#3440 = CARTESIAN_POINT ( 'NONE',  ( 71.40828555236721797, -12.38243452202678085, -17.18671245762001121 ) ) ;
#3441 = ORIENTED_EDGE ( 'NONE', *, *, #20, .T. ) ;
#3442 = DIRECTION ( 'NONE',  ( 0.7071067811865513475, 2.122205421015039566E-16, -0.7071067811865437980 ) ) ;
#3443 = VERTEX_POINT ( 'NONE', #7765 ) ;
#3444 = LINE ( 'NONE', #3943, #7323 ) ;
#3445 = ORIENTED_EDGE ( 'NONE', *, *, #1986, .T. ) ;
#3446 = DIRECTION ( 'NONE',  ( 0.7071067811865443531, -0.000000000000000000, 0.7071067811865506814 ) ) ;
#3447 = ORIENTED_EDGE ( 'NONE', *, *, #6471, .F. ) ;
#3448 = EDGE_CURVE ( 'NONE', #3752, #7280, #9577, .T. ) ;
#3449 = AXIS2_PLACEMENT_3D ( 'NONE', #7282, #8833, #351 ) ;
#3450 = CARTESIAN_POINT ( 'NONE',  ( -1.000000000000000000, -3.045900930049277200, 18.39936534720461481 ) ) ;
#3451 = DIRECTION ( 'NONE',  ( 1.000000000000000000, -0.000000000000000000, -0.000000000000000000 ) ) ;
#3452 = CARTESIAN_POINT ( 'NONE',  ( 72.40000000000000568, -0.09999999999999939493, 56.79999999999999716 ) ) ;
#3453 = CARTESIAN_POINT ( 'NONE',  ( -0.2000000000000000111, -9.500000000000001776, 18.80000000000000071 ) ) ;
#3454 = B_SPLINE_CURVE_WITH_KNOTS ( 'NONE', 3,
 ( #2552, #4892, #4109, #8794, #3557, #7577, #4280, #6634 ),
 .UNSPECIFIED., .F., .F.,
 ( 4, 2, 2, 4 ),
 ( 0.000000000000000000, 0.0001860284230302908931, 0.0003720568460605817862, 0.0007441136921211594524 ),
 .UNSPECIFIED. ) ;
#3455 = ORIENTED_EDGE ( 'NONE', *, *, #5367, .T. ) ;
#3456 = FACE_OUTER_BOUND ( 'NONE', #9589, .T. ) ;
#3457 = CARTESIAN_POINT ( 'NONE',  ( 3.470423232437494399, -12.74742243207902348, -16.84038505149271714 ) ) ;
#3458 = DIRECTION ( 'NONE',  ( 0.000000000000000000, -1.000000000000000000, 0.000000000000000000 ) ) ;
#3460 = EDGE_CURVE ( 'NONE', #10146, #6132, #5931, .T. ) ;
#3459 = DIRECTION ( 'NONE',  ( 0.000000000000000000, -1.000000000000000000, -1.234678630588475078E-16 ) ) ;
#3461 = CARTESIAN_POINT ( 'NONE',  ( 87.76554953835244532, -13.01410568776494081, -16.94237148018464012 ) ) ;
#3462 = DIRECTION ( 'NONE',  ( -1.734723475976808080E-16, 1.000000000000000000, 0.000000000000000000 ) ) ;
#3463 = CARTESIAN_POINT ( 'NONE',  ( -1.800000000000000266, -9.500000000000001776, 16.80000000000000071 ) ) ;
#3464 = CARTESIAN_POINT ( 'NONE',  ( 56.39999999999999858, -11.20000000000000462, -0.7999999999999999334 ) ) ;
#3465 = CARTESIAN_POINT ( 'NONE',  ( 71.26366141405003418, -12.89939836674903084, -16.99032087624389931 ) ) ;
#3466 = PLANE ( 'NONE',  #4697 ) ;
#3467 = CARTESIAN_POINT ( 'NONE',  ( 46.80000000000000426, -17.50000000000000355, 32.75000000000000000 ) ) ;
#3468 = ORIENTED_EDGE ( 'NONE', *, *, #7049, .T. ) ;
#3469 = ORIENTED_EDGE ( 'NONE', *, *, #2778, .F. ) ;
#3470 = ORIENTED_EDGE ( 'NONE', *, *, #524, .F. ) ;
#3471 = ORIENTED_EDGE ( 'NONE', *, *, #6250, .T. ) ;
#3472 = AXIS2_PLACEMENT_3D ( 'NONE', #4548, #1356, #8298 ) ;
#3473 = LINE ( 'NONE', #9594, #4188 ) ;
#3474 = EDGE_CURVE ( 'NONE', #7771, #7571, #9940, .T. ) ;
#3476 = EDGE_CURVE ( 'NONE', #2724, #9217, #4833, .T. ) ;
#3475 = DIRECTION ( 'NONE',  ( 0.000000000000000000, 0.000000000000000000, -1.000000000000000000 ) ) ;
#3477 = ORIENTED_EDGE ( 'NONE', *, *, #7322, .F. ) ;
#3478 = VERTEX_POINT ( 'NONE', #4684 ) ;
#3479 = ADVANCED_FACE ( 'NONE', ( #7757 ), #5495, .F. ) ;
#3480 = DIRECTION ( 'NONE',  ( 1.000000000000000000, -0.000000000000000000, -0.000000000000000000 ) ) ;
#3482 = CARTESIAN_POINT ( 'NONE',  ( -0.8000000000000001554, -6.300000000000012257, 8.599999999999999645 ) ) ;
#3481 = CARTESIAN_POINT ( 'NONE',  ( 72.43466364393599122, -9.424222375564502485, -17.73315713733175158 ) ) ;
#3483 = CARTESIAN_POINT ( 'NONE',  ( -0.08965960866172550947, -9.668694093174860171, -17.71977196889484318 ) ) ;
#3484 = ORIENTED_EDGE ( 'NONE', *, *, #9129, .T. ) ;
#3485 = VECTOR ( 'NONE', #7161, 1000.000000000000000 ) ;
#3486 = CARTESIAN_POINT ( 'NONE',  ( 84.20000000000001705, 3.662330314989931779, -17.73999999999999844 ) ) ;
#3487 = CIRCLE ( 'NONE', #94, 2.000000000000001776 ) ;
#3488 = ORIENTED_EDGE ( 'NONE', *, *, #761, .F. ) ;
#3489 = AXIS2_PLACEMENT_3D ( 'NONE', #6896, #5432, #5364 ) ;
#3490 = VERTEX_POINT ( 'NONE', #3154 ) ;
#3491 = DIRECTION ( 'NONE',  ( 0.7071067811865462405, -2.122205421015054603E-16, 0.7071067811865489050 ) ) ;
#3492 = ORIENTED_EDGE ( 'NONE', *, *, #1672, .F. ) ;
#3493 = EDGE_CURVE ( 'NONE', #8232, #3329, #8010, .T. ) ;
#3494 = AXIS2_PLACEMENT_3D ( 'NONE', #9678, #5029, #8218 ) ;
#3495 = CARTESIAN_POINT ( 'NONE',  ( 39.40618090817668673, -17.70000000000001705, 41.55803265419634585 ) ) ;
#3496 = CARTESIAN_POINT ( 'NONE',  ( 87.97971910620654512, -14.19408400017732319, -16.34619511022956928 ) ) ;
#3497 = DIRECTION ( 'NONE',  ( 0.000000000000000000, 0.000000000000000000, -1.000000000000000000 ) ) ;
#3498 = LINE ( 'NONE', #7491, #381 ) ;
#3499 = VERTEX_POINT ( 'NONE', #1463 ) ;
#3500 = ORIENTED_EDGE ( 'NONE', *, *, #5013, .T. ) ;
#3501 = DIRECTION ( 'NONE',  ( 0.000000000000000000, -1.234678630588475078E-16, 1.000000000000000000 ) ) ;
#3502 = CARTESIAN_POINT ( 'NONE',  ( 150.7570364914818697, -19.09999999999999432, -7.977961573045432712E-15 ) ) ;
#3503 = CARTESIAN_POINT ( 'NONE',  ( 71.87584737170077176, -10.99071730250953749, -17.56035615413233586 ) ) ;
#3504 = CARTESIAN_POINT ( 'NONE',  ( -1.800000000000000266, -0.2000000000003211154, 21.69999999999940599 ) ) ;
#3505 = CARTESIAN_POINT ( 'NONE',  ( 68.40000000000000568, -14.40000000000002167, -1.800000000000000044 ) ) ;
#3506 = EDGE_CURVE ( 'NONE', #6000, #6253, #3974, .T. ) ;
#3507 = ORIENTED_EDGE ( 'NONE', *, *, #8882, .F. ) ;
#3508 = ADVANCED_FACE ( 'NONE', ( #627 ), #6959, .F. ) ;
#3509 = AXIS2_PLACEMENT_3D ( 'NONE', #730, #9361, #5529 ) ;
#3510 = VERTEX_POINT ( 'NONE', #2398 ) ;
#3511 = ORIENTED_EDGE ( 'NONE', *, *, #1172, .F. ) ;
#3512 = CARTESIAN_POINT ( 'NONE',  ( -0.2000000000000000111, -2.449999999999729283, 14.32740920835357379 ) ) ;
#3513 = DIRECTION ( 'NONE',  ( -1.000000000000000000, 0.000000000000000000, 0.000000000000000000 ) ) ;
#3514 = ORIENTED_EDGE ( 'NONE', *, *, #8196, .T. ) ;
#3515 = ORIENTED_EDGE ( 'NONE', *, *, #2432, .T. ) ;
#3516 = CARTESIAN_POINT ( 'NONE',  ( 72.42796461482238612, -9.437379714915046236, -17.73258824251277943 ) ) ;
#3517 = CARTESIAN_POINT ( 'NONE',  ( -1.800000000000000266, -9.500000000000001776, 20.80000000000000071 ) ) ;
#3518 = LINE ( 'NONE', #9467, #8968 ) ;
#3519 = ORIENTED_EDGE ( 'NONE', *, *, #6379, .T. ) ;
#3520 = PLANE ( 'NONE',  #1592 ) ;
#3521 = ORIENTED_EDGE ( 'NONE', *, *, #9070, .F. ) ;
#3522 = EDGE_CURVE ( 'NONE', #9028, #1537, #2257, .T. ) ;
#3523 = VECTOR ( 'NONE', #5966, 1000.000000000000000 ) ;
#3524 = PLANE ( 'NONE',  #8374 ) ;
#3525 = PLANE ( 'NONE',  #8892 ) ;
#3526 = CARTESIAN_POINT ( 'NONE',  ( 1.799999999999996048, -9.099999999999994316, -17.73999999999999488 ) ) ;
#3527 = DIRECTION ( 'NONE',  ( 0.000000000000000000, 0.000000000000000000, 1.000000000000000000 ) ) ;
#3528 = LINE ( 'NONE', #245, #1637 ) ;
#3529 = ORIENTED_EDGE ( 'NONE', *, *, #8054, .T. ) ;
#3530 = DIRECTION ( 'NONE',  ( -1.311074900679422674E-14, -1.000000000000000000, 1.000000000000018300E-14 ) ) ;
#3531 = CARTESIAN_POINT ( 'NONE',  ( 87.48447348053338146, -12.03662738416458211, -17.29985016974861267 ) ) ;
#3532 = DIRECTION ( 'NONE',  ( 0.000000000000000000, 0.000000000000000000, -1.000000000000000000 ) ) ;
#3533 = ORIENTED_EDGE ( 'NONE', *, *, #3033, .F. ) ;
#3534 = ADVANCED_FACE ( 'NONE', ( #5084 ), #5391, .T. ) ;
#3535 = CIRCLE ( 'NONE', #1878, 11.50000000000000355 ) ;
#3536 = LINE ( 'NONE', #9380, #6928 ) ;
#3537 = CYLINDRICAL_SURFACE ( 'NONE', #6965, 1.249999999975583087 ) ;
#3538 = DIRECTION ( 'NONE',  ( 0.000000000000000000, -0.000000000000000000, 1.000000000000000000 ) ) ;
#3539 = CARTESIAN_POINT ( 'NONE',  ( -1.800000000000000266, -17.50000000000000000, 12.79999999999999893 ) ) ;
#3540 = CARTESIAN_POINT ( 'NONE',  ( 42.50985957527252168, -17.50000000000000355, 36.19161228730359170 ) ) ;
#3541 = AXIS2_PLACEMENT_3D ( 'NONE', #10138, #2333, #6242 ) ;
#3542 = ORIENTED_EDGE ( 'NONE', *, *, #6674, .T. ) ;
#3543 =( BOUNDED_CURVE ( )  B_SPLINE_CURVE ( 3, ( #1688, #3311, #4066, #2612 ),
 .UNSPECIFIED., .F., .F. ) 
 B_SPLINE_CURVE_WITH_KNOTS ( ( 4, 4 ),
 ( 4.529553843391776802, 4.603080525567183834 ),
 .UNSPECIFIED. ) 
 CURVE ( )  GEOMETRIC_REPRESENTATION_ITEM ( )  RATIONAL_B_SPLINE_CURVE ( ( 1.000000000000000000, 0.9995495363225469498, 0.9995495363225469498, 1.000000000000000000 ) ) 
 REPRESENTATION_ITEM ( '' )  );
#3544 = LINE ( 'NONE', #2096, #7191 ) ;
#3545 = AXIS2_PLACEMENT_3D ( 'NONE', #3912, #9455, #2449 ) ;
#3546 = PLANE ( 'NONE',  #2560 ) ;
#3547 = CARTESIAN_POINT ( 'NONE',  ( 72.04333696997500169, -10.19985875245081530, -17.66119457511137014 ) ) ;
#3548 = CARTESIAN_POINT ( 'NONE',  ( 0.1274169265059114653, -9.242250058315455874, -17.73873542184710672 ) ) ;
#3549 = DIRECTION ( 'NONE',  ( 1.000000000000000000, 0.000000000000000000, 0.000000000000000000 ) ) ;
#3550 = DIRECTION ( 'NONE',  ( -0.000000000000000000, -0.000000000000000000, 1.000000000000000000 ) ) ;
#3551 = DIRECTION ( 'NONE',  ( 0.000000000000000000, -1.234678630588475078E-16, 1.000000000000000000 ) ) ;
#3552 = ORIENTED_EDGE ( 'NONE', *, *, #6402, .T. ) ;
#3553 = LINE ( 'NONE', #5542, #3777 ) ;
#3554 = EDGE_CURVE ( 'NONE', #9593, #7521, #3849, .T. ) ;
#3555 = EDGE_CURVE ( 'NONE', #3443, #7445, #6665, .T. ) ;
#3556 = ORIENTED_EDGE ( 'NONE', *, *, #2922, .F. ) ;
#3557 = CARTESIAN_POINT ( 'NONE',  ( 50.06941898939030722, -18.99586758350771731, 28.48478739749981159 ) ) ;
#3559 = ADVANCED_FACE ( 'NONE', ( #8961 ), #8799, .T. ) ;
#3558 = CARTESIAN_POINT ( 'NONE',  ( 17.00677727426996810, -9.494633136679889063, -0.2000000000000014544 ) ) ;
#3560 = CARTESIAN_POINT ( 'NONE',  ( 55.99238815542516079, -19.10000000000000142, 24.97182540694804942 ) ) ;
#3561 = DIRECTION ( 'NONE',  ( -0.7071067811865516806, 0.000000000000000000, 0.7071067811865434649 ) ) ;
#3562 = CARTESIAN_POINT ( 'NONE',  ( 70.60000000000000853, 18.00000000000000000, -11.53999999999999559 ) ) ;
#3563 = ORIENTED_EDGE ( 'NONE', *, *, #319, .T. ) ;
#3564 = CARTESIAN_POINT ( 'NONE',  ( 31.80000000000000071, -17.50000000000000000, 4.799999999999999822 ) ) ;
#3565 = DIRECTION ( 'NONE',  ( 0.000000000000000000, 3.001251688541188813E-16, -1.000000000000000000 ) ) ;
#3566 = ORIENTED_EDGE ( 'NONE', *, *, #9192, .T. ) ;
#3567 = VECTOR ( 'NONE', #164, 1000.000000000000000 ) ;
#3568 = EDGE_LOOP ( 'NONE', ( #3511, #5861, #9055, #6353, #6473, #3805, #3978, #7215, #4364, #731, #8479, #2318, #9318, #6477, #6560, #9701, #2745, #5154, #7887, #3488, #2710, #8537, #3125, #1289, #288, #9505, #7823, #1194, #8668, #4161, #2870, #7084, #6571, #2139 ) ) ;
#3569 = VERTEX_POINT ( 'NONE', #5459 ) ;
#3571 = CARTESIAN_POINT ( 'NONE',  ( -1.800000000000000266, -17.50000000000000000, 36.79999999999999716 ) ) ;
#3570 = AXIS2_PLACEMENT_3D ( 'NONE', #4125, #6489, #749 ) ;
#3572 = PLANE ( 'NONE',  #8038 ) ;
#3573 = PRESENTATION_STYLE_ASSIGNMENT (( #766 ) ) ;
#3574 = CARTESIAN_POINT ( 'NONE',  ( 71.07865684916879445, -13.75179725468442271, -16.59305860781555353 ) ) ;
#3575 = ORIENTED_EDGE ( 'NONE', *, *, #4133, .F. ) ;
#3576 = CARTESIAN_POINT ( 'NONE',  ( 1.799999999999996270, -17.50000000000000000, 26.80000000000000071 ) ) ;
#3577 = DIRECTION ( 'NONE',  ( 1.000000000000000000, 0.000000000000000000, -0.000000000000000000 ) ) ;
#3578 = EDGE_LOOP ( 'NONE', ( #992, #716, #4411, #9629, #2992 ) ) ;
#3579 = ORIENTED_EDGE ( 'NONE', *, *, #8019, .F. ) ;
#3580 = ORIENTED_EDGE ( 'NONE', *, *, #4936, .F. ) ;
#3581 = ORIENTED_EDGE ( 'NONE', *, *, #5831, .T. ) ;
#3582 = CARTESIAN_POINT ( 'NONE',  ( -1.000000000000000000, -4.545900930049277200, 16.39936534720461125 ) ) ;
#3583 = LINE ( 'NONE', #8127, #341 ) ;
#3584 = EDGE_CURVE ( 'NONE', #7813, #6759, #2003, .T. ) ;
#3585 = AXIS2_PLACEMENT_3D ( 'NONE', #4365, #7447, #1163 ) ;
#3586 = ADVANCED_FACE ( 'NONE', ( #10076 ), #2632, .T. ) ;
#3587 = DIRECTION ( 'NONE',  ( -1.400000000000014545E-14, -1.000000000000000000, -1.404986760216307406E-16 ) ) ;
#3588 = CARTESIAN_POINT ( 'NONE',  ( 71.09668940883091182, -12.28713567464677148, -17.05976770750556781 ) ) ;
#3589 = CARTESIAN_POINT ( 'NONE',  ( 71.04262222323106357, -14.00299976368784982, -16.45555342808896526 ) ) ;
#3590 = DIRECTION ( 'NONE',  ( -1.000000000000000000, 0.000000000000000000, 0.000000000000000000 ) ) ;
#3591 = ORIENTED_EDGE ( 'NONE', *, *, #9918, .T. ) ;
#3592 = ORIENTED_EDGE ( 'NONE', *, *, #6631, .F. ) ;
#3593 = ORIENTED_EDGE ( 'NONE', *, *, #9379, .T. ) ;
#3594 = VERTEX_POINT ( 'NONE', #8102 ) ;
#3595 = CARTESIAN_POINT ( 'NONE',  ( 8.029999999999558824, -5.209999999999800124, -0.2000000000000007883 ) ) ;
#3597 = EDGE_CURVE ( 'NONE', #9020, #2224, #6297, .T. ) ;
#3596 = DIRECTION ( 'NONE',  ( 0.000000000000000000, 0.000000000000000000, -1.000000000000000000 ) ) ;
#3598 = DIRECTION ( 'NONE',  ( 0.000000000000000000, 0.000000000000000000, -1.000000000000000000 ) ) ;
#3599 = CARTESIAN_POINT ( 'NONE',  ( 4.800000000000000711, -19.10000000000000142, 9.799999999999997158 ) ) ;
#3600 = VERTEX_POINT ( 'NONE', #7339 ) ;
#3601 = LINE ( 'NONE', #2825, #5782 ) ;
#3602 = CARTESIAN_POINT ( 'NONE',  ( 22.99999999994492583, -5.150000000033462477, -1.800000000000000044 ) ) ;
#3603 = EDGE_LOOP ( 'NONE', ( #8796, #7431, #7699, #7266, #8698 ) ) ;
#3604 = CARTESIAN_POINT ( 'NONE',  ( 6.800000000000000711, -17.50000000000000000, 52.09999999999999432 ) ) ;
#3605 = CARTESIAN_POINT ( 'NONE',  ( 72.31034039133834312, -9.668694093174865500, -17.71977196889484318 ) ) ;
#3606 = CARTESIAN_POINT ( 'NONE',  ( -1.800000000000000266, -18.70000000000001350, 57.39999999999999858 ) ) ;
#3607 = DIRECTION ( 'NONE',  ( -0.000000000000000000, 1.000000000000000000, 1.404986760216307406E-16 ) ) ;
#3608 = AXIS2_PLACEMENT_3D ( 'NONE', #1597, #898, #4111 ) ;
#3609 = ORIENTED_EDGE ( 'NONE', *, *, #4629, .T. ) ;
#3610 = ORIENTED_EDGE ( 'NONE', *, *, #6283, .F. ) ;
#3611 = EDGE_CURVE ( 'NONE', #9776, #2714, #4097, .T. ) ;
#3612 = EDGE_CURVE ( 'NONE', #8640, #5131, #4229, .T. ) ;
#3613 = DIRECTION ( 'NONE',  ( -1.000000000000000000, 0.000000000000000000, 1.403756497007546160E-14 ) ) ;
#3614 = DIRECTION ( 'NONE',  ( 0.000000000000000000, 1.000000000000000000, 0.000000000000000000 ) ) ;
#3616 = DIRECTION ( 'NONE',  ( 0.000000000000000000, 0.000000000000000000, 1.000000000000000000 ) ) ;
#3615 = CARTESIAN_POINT ( 'NONE',  ( 70.98409398765627998, -12.58891131617507853, -16.92055843294143358 ) ) ;
#3617 = CARTESIAN_POINT ( 'NONE',  ( 71.07728358824573434, -13.76014123068383910, -16.58866995918782195 ) ) ;
#3618 = FACE_OUTER_BOUND ( 'NONE', #6211, .T. ) ;
#3619 = LINE ( 'NONE', #5654, #9072 ) ;
#3620 = AXIS2_PLACEMENT_3D ( 'NONE', #3420, #1905, #4249 ) ;
#3621 = VECTOR ( 'NONE', #4889, 1000.000000000000000 ) ;
#3622 = DIRECTION ( 'NONE',  ( 1.000000000000000000, 0.000000000000000000, 0.000000000000000000 ) ) ;
#3623 = VERTEX_POINT ( 'NONE', #1864 ) ;
#3624 = CARTESIAN_POINT ( 'NONE',  ( 35.80000000000000426, -19.10000000000000142, 8.799999999999998934 ) ) ;
#3625 = EDGE_CURVE ( 'NONE', #9735, #5719, #1135, .T. ) ;
#3626 = FACE_OUTER_BOUND ( 'NONE', #9294, .T. ) ;
#3627 = DIRECTION ( 'NONE',  ( -0.000000000000000000, -0.000000000000000000, 1.000000000000000000 ) ) ;
#3628 = CARTESIAN_POINT ( 'NONE',  ( 3.383523598628787266, -12.50108474897622557, -16.96169092391913225 ) ) ;
#3629 = VECTOR ( 'NONE', #6248, 1000.000000000000000 ) ;
#3630 = CARTESIAN_POINT ( 'NONE',  ( 43.68284214599196957, -18.70000000000000639, 28.21862858361886239 ) ) ;
#3631 = ADVANCED_FACE ( 'NONE', ( #274 ), #4216, .F. ) ;
#3632 = ORIENTED_EDGE ( 'NONE', *, *, #9597, .T. ) ;
#3633 = VECTOR ( 'NONE', #4036, 1000.000000000000000 ) ;
#3634 = VERTEX_POINT ( 'NONE', #1150 ) ;
#3635 = CARTESIAN_POINT ( 'NONE',  ( 70.60000000000000853, 10.95456884578223189, -13.47680200411624618 ) ) ;
#3636 = VECTOR ( 'NONE', #986, 1000.000000000000000 ) ;
#3637 = CARTESIAN_POINT ( 'NONE',  ( 72.58555261277979298, -9.128310994733887185, -17.74000028115814587 ) ) ;
#3638 = DIRECTION ( 'NONE',  ( -1.000000000000000000, 0.000000000000000000, -0.000000000000000000 ) ) ;
#3639 = CARTESIAN_POINT ( 'NONE',  ( -1.800000000000000266, -9.500000000000001776, 16.80000000000000071 ) ) ;
#3640 = EDGE_CURVE ( 'NONE', #3600, #1096, #9440, .T. ) ;
#3641 = VECTOR ( 'NONE', #8708, 1000.000000000000000 ) ;
#3642 = VERTEX_POINT ( 'NONE', #5073 ) ;
#3643 = AXIS2_PLACEMENT_3D ( 'NONE', #662, #6157, #2266 ) ;
#3644 = CIRCLE ( 'NONE', #1560, 11.50000000000000355 ) ;
#3645 = CARTESIAN_POINT ( 'NONE',  ( 22.99999999997513100, -3.900000000057865179, -0.2000000000000006217 ) ) ;
#3646 = CARTESIAN_POINT ( 'NONE',  ( 72.39376514970773258, -9.504556202698307033, -17.72960074954538356 ) ) ;
#3647 = CARTESIAN_POINT ( 'NONE',  ( 58.06755904672598945, -19.10000000000000142, 22.33096909069800873 ) ) ;
#3648 = PLANE ( 'NONE',  #9414 ) ;
#3649 = FACE_BOUND ( 'NONE', #1335, .T. ) ;
#3650 = DIRECTION ( 'NONE',  ( 0.000000000000000000, -0.000000000000000000, 1.000000000000000000 ) ) ;
#3651 = VERTEX_POINT ( 'NONE', #6640 ) ;
#3652 = EDGE_CURVE ( 'NONE', #3930, #1301, #4824, .T. ) ;
#3653 = CARTESIAN_POINT ( 'NONE',  ( 54.47666180429786920, -17.50000000000000355, 41.27518994172178424 ) ) ;
#3654 = ORIENTED_EDGE ( 'NONE', *, *, #8150, .F. ) ;
#3655 = LINE ( 'NONE', #6761, #7186 ) ;
#3656 = VECTOR ( 'NONE', #9993, 1000.000000000000000 ) ;
#3657 = CARTESIAN_POINT ( 'NONE',  ( 3.799999999999999378, -19.10000000000000142, 4.799999999999999822 ) ) ;
#3658 = ORIENTED_EDGE ( 'NONE', *, *, #3226, .F. ) ;
#3659 = CARTESIAN_POINT ( 'NONE',  ( 2.121605154764470313, -9.731897136046873342, -17.71414268463290398 ) ) ;
#3660 = DIRECTION ( 'NONE',  ( 0.000000000000000000, -1.000000000000000000, -1.234678630588475078E-16 ) ) ;
#3661 = AXIS2_PLACEMENT_3D ( 'NONE', #5538, #7199, #1607 ) ;
#3662 = VECTOR ( 'NONE', #8028, 1000.000000000000000 ) ;
#3663 = CARTESIAN_POINT ( 'NONE',  ( 70.94839133469744752, -12.69234699557644497, -16.86840929950635726 ) ) ;
#3664 = ORIENTED_EDGE ( 'NONE', *, *, #2700, .F. ) ;
#3665 = ORIENTED_EDGE ( 'NONE', *, *, #2436, .F. ) ;
#3666 = EDGE_CURVE ( 'NONE', #4088, #6655, #8712, .T. ) ;
#3667 = EDGE_CURVE ( 'NONE', #9772, #4579, #2511, .T. ) ;
#3668 = CARTESIAN_POINT ( 'NONE',  ( 31.80000000000000071, -19.09999999999999787, 5.799999999999999822 ) ) ;
#3669 = ADVANCED_FACE ( 'NONE', ( #2379 ), #1220, .F. ) ;
#3670 = AXIS2_PLACEMENT_3D ( 'NONE', #4988, #268, #6565 ) ;
#3671 = CARTESIAN_POINT ( 'NONE',  ( 3.799999999999999822, 11.79999999999999893, -11.50000000000000000 ) ) ;
#3672 = CARTESIAN_POINT ( 'NONE',  ( 71.45829934393458416, -12.21919382036004897, -17.24127998012238194 ) ) ;
#3673 = DIRECTION ( 'NONE',  ( 1.000000000000000000, 0.000000000000000000, 0.000000000000000000 ) ) ;
#3674 = EDGE_CURVE ( 'NONE', #704, #7886, #6546, .T. ) ;
#3675 = EDGE_CURVE ( 'NONE', #7038, #6710, #267, .T. ) ;
#3676 = ORIENTED_EDGE ( 'NONE', *, *, #6045, .F. ) ;
#3677 = VERTEX_POINT ( 'NONE', #1283 ) ;
#3678 = ORIENTED_EDGE ( 'NONE', *, *, #510, .T. ) ;
#3679 = VECTOR ( 'NONE', #8805, 1000.000000000000114 ) ;
#3680 = EDGE_LOOP ( 'NONE', ( #3281, #6482, #9744, #3903, #1267 ) ) ;
#3681 = CARTESIAN_POINT ( 'NONE',  ( 17.00677727426996810, -9.494633136679889063, -2.000000000000000000 ) ) ;
#3682 = EDGE_CURVE ( 'NONE', #8220, #3223, #3012, .T. ) ;
#3683 = CARTESIAN_POINT ( 'NONE',  ( 3.645502328594349972, -13.33071403897412210, -16.51234122283369388 ) ) ;
#3684 = CARTESIAN_POINT ( 'NONE',  ( -0.3907239284240585642, -10.63004250513429483, -17.62234276190772775 ) ) ;
#3685 = EDGE_LOOP ( 'NONE', ( #7366, #9312, #6348, #4962 ) ) ;
#3687 = CARTESIAN_POINT ( 'NONE',  ( -1.800000000000000266, -17.50000000000000000, 40.80000000000000426 ) ) ;
#3686 = AXIS2_PLACEMENT_3D ( 'NONE', #9543, #5684, #7274 ) ;
#3688 = ORIENTED_EDGE ( 'NONE', *, *, #429, .T. ) ;
#3689 = CARTESIAN_POINT ( 'NONE',  ( 70.92957676756250862, -12.74742243207903947, -16.84038505149271003 ) ) ;
#3690 = CARTESIAN_POINT ( 'NONE',  ( 70.60000000000000853, -18.70000000000001350, -1.800000000000000044 ) ) ;
#3691 = ORIENTED_EDGE ( 'NONE', *, *, #8696, .F. ) ;
#3692 = DIRECTION ( 'NONE',  ( -0.000000000000000000, 1.000000000000000000, -0.000000000000000000 ) ) ;
#3693 = ORIENTED_EDGE ( 'NONE', *, *, #9235, .T. ) ;
#3694 = EDGE_CURVE ( 'NONE', #1071, #7494, #387, .T. ) ;
#3695 = ORIENTED_EDGE ( 'NONE', *, *, #2327, .F. ) ;
#3696 = DIRECTION ( 'NONE',  ( 0.000000000000000000, -1.234678630588475078E-16, 1.000000000000000000 ) ) ;
#3697 = DIRECTION ( 'NONE',  ( 0.000000000000000000, 1.234678630588475078E-16, -1.000000000000000000 ) ) ;
#3698 = CARTESIAN_POINT ( 'NONE',  ( -1.400000000000012346, 4.299999999999992717, 57.79999999999999716 ) ) ;
#3699 = VERTEX_POINT ( 'NONE', #3647 ) ;
#3700 = DIRECTION ( 'NONE',  ( -0.000000000000000000, 0.000000000000000000, 1.000000000000000000 ) ) ;
#3701 = VERTEX_POINT ( 'NONE', #6769 ) ;
#3702 = ORIENTED_EDGE ( 'NONE', *, *, #2874, .F. ) ;
#3703 = CIRCLE ( 'NONE', #9645, 1.249999999975582199 ) ;
#3704 = ORIENTED_EDGE ( 'NONE', *, *, #6232, .F. ) ;
#3705 = DIRECTION ( 'NONE',  ( 0.000000000000000000, -1.000000000000000000, 0.000000000000000000 ) ) ;
#3706 = CARTESIAN_POINT ( 'NONE',  ( 59.79999999999999716, -19.10000000000000142, 49.29999999999999716 ) ) ;
#3708 = EDGE_CURVE ( 'NONE', #9024, #7516, #1376, .T. ) ;
#3707 = CARTESIAN_POINT ( 'NONE',  ( 1.799999999999996270, -17.50000000000000000, 30.80000000000000071 ) ) ;
#3709 = CARTESIAN_POINT ( 'NONE',  ( 3.619128645465510274, -13.23233170469145215, -16.57148833218156270 ) ) ;
#3710 = CARTESIAN_POINT ( 'NONE',  ( -1.208989835002838298, -13.19246737949769965, -16.86501151820715094 ) ) ;
#3711 = SURFACE_STYLE_FILL_AREA ( #2409 ) ;
#3712 = ORIENTED_EDGE ( 'NONE', *, *, #10126, .F. ) ;
#3713 = ADVANCED_FACE ( 'NONE', ( #5319 ), #2788, .F. ) ;
#3715 = EDGE_LOOP ( 'NONE', ( #1624, #2419, #9291, #5673 ) ) ;
#3714 = CARTESIAN_POINT ( 'NONE',  ( 2.328215675567571807, -10.46386513511268035, -17.64656741363584658 ) ) ;
#3716 = CARTESIAN_POINT ( 'NONE',  ( 70.74895071921288547, -13.35024489418613136, -16.50089852476784813 ) ) ;
#3717 = VERTEX_POINT ( 'NONE', #9035 ) ;
#3718 = DIRECTION ( 'NONE',  ( 0.000000000000000000, 0.000000000000000000, 1.000000000000000000 ) ) ;
#3719 = CARTESIAN_POINT ( 'NONE',  ( -1.000000000000000000, -3.045900930049277200, 19.89936534720461481 ) ) ;
#3720 = VERTEX_POINT ( 'NONE', #9134 ) ;
#3721 = LINE ( 'NONE', #2923, #8456 ) ;
#3722 = AXIS2_PLACEMENT_3D ( 'NONE', #1271, #4201, #8312 ) ;
#3723 = ORIENTED_EDGE ( 'NONE', *, *, #2421, .F. ) ;
#3724 = VECTOR ( 'NONE', #6010, 1000.000000000000000 ) ;
#3725 = EDGE_CURVE ( 'NONE', #239, #7924, #1567, .T. ) ;
#3726 = CARTESIAN_POINT ( 'NONE',  ( -0.6927967103817740391, 13.39946004060251461, -17.53370429516186135 ) ) ;
#3727 = EDGE_CURVE ( 'NONE', #4882, #4638, #7145, .T. ) ;
#3728 = EDGE_CURVE ( 'NONE', #849, #3443, #2375, .T. ) ;
#3729 = CARTESIAN_POINT ( 'NONE',  ( -0.2000000000000000111, -15.50000000000001421, -1.913751877412138293E-15 ) ) ;
#3730 = ORIENTED_EDGE ( 'NONE', *, *, #4117, .F. ) ;
#3731 = CYLINDRICAL_SURFACE ( 'NONE', #1761, 2.799999999999997158 ) ;
#3732 = VERTEX_POINT ( 'NONE', #678 ) ;
#3733 = CARTESIAN_POINT ( 'NONE',  ( 86.79999999999999716, -35.84999999999994458, 35.85000000000019327 ) ) ;
#3734 = CARTESIAN_POINT ( 'NONE',  ( 72.20644617929808362, -10.11061702309655708, -17.68895573215456807 ) ) ;
#3735 = LINE ( 'NONE', #5716, #2253 ) ;
#3736 = VERTEX_POINT ( 'NONE', #6177 ) ;
#3737 = PLANE ( 'NONE',  #9641 ) ;
#3738 = ORIENTED_EDGE ( 'NONE', *, *, #6271, .T. ) ;
#3739 = EDGE_LOOP ( 'NONE', ( #5179, #9711, #4526, #7012 ) ) ;
#3740 = CARTESIAN_POINT ( 'NONE',  ( -1.800000000000000266, -9.500000000000001776, 8.799999999999995381 ) ) ;
#3741 = VERTEX_POINT ( 'NONE', #3866 ) ;
#3742 = AXIS2_PLACEMENT_3D ( 'NONE', #6388, #7173, #935 ) ;
#3743 = ORIENTED_EDGE ( 'NONE', *, *, #4390, .F. ) ;
#3744 = DIRECTION ( 'NONE',  ( -0.000000000000000000, 1.000000000000000000, -0.000000000000000000 ) ) ;
#3745 = CARTESIAN_POINT ( 'NONE',  ( 2.028931749487280722, -9.549212289010499788, -17.72695893045091609 ) ) ;
#3746 = CARTESIAN_POINT ( 'NONE',  ( -1.235781799064889164, -13.31380332840307723, -16.80885230909741068 ) ) ;
#3747 = FACE_OUTER_BOUND ( 'NONE', #1063, .T. ) ;
#3748 = VECTOR ( 'NONE', #33, 1000.000000000000000 ) ;
#3749 = VECTOR ( 'NONE', #9234, 1000.000000000000000 ) ;
#3750 = LINE ( 'NONE', #10054, #3285 ) ;
#3751 = CARTESIAN_POINT ( 'NONE',  ( 2.024002334076883791, -9.672727873372384266, -17.72362967175300241 ) ) ;
#3752 = VERTEX_POINT ( 'NONE', #2934 ) ;
#3753 = CARTESIAN_POINT ( 'NONE',  ( 55.99799429122665373, -17.90000000000002345, 24.96621927114654937 ) ) ;
#3754 = CARTESIAN_POINT ( 'NONE',  ( 48.21421356237309652, -19.10000000000000142, 32.75000000000002842 ) ) ;
#3755 = ORIENTED_EDGE ( 'NONE', *, *, #1020, .T. ) ;
#3756 = EDGE_CURVE ( 'NONE', #1230, #5645, #8953, .T. ) ;
#3757 = AXIS2_PLACEMENT_3D ( 'NONE', #8032, #8754, #7239 ) ;
#3758 = CARTESIAN_POINT ( 'NONE',  ( -0.2000000000000000111, -9.500000000000001776, 34.79999999999999716 ) ) ;
#3759 = VECTOR ( 'NONE', #72, 1000.000000000000000 ) ;
#3760 = VECTOR ( 'NONE', #4272, 1000.000000000000000 ) ;
#3761 = ORIENTED_EDGE ( 'NONE', *, *, #6045, .T. ) ;
#3762 = CARTESIAN_POINT ( 'NONE',  ( 6.800000000000001599, -19.10000000000000142, 56.20000000000000284 ) ) ;
#3763 = CARTESIAN_POINT ( 'NONE',  ( 36.64074616708989396, -19.04451276078105693, 21.45183833702514775 ) ) ;
#3764 = VERTEX_POINT ( 'NONE', #2998 ) ;
#3765 = ADVANCED_FACE ( 'NONE', ( #5451 ), #2181, .F. ) ;
#3766 = DIRECTION ( 'NONE',  ( 0.000000000000000000, 0.000000000000000000, -1.000000000000000000 ) ) ;
#3767 = CARTESIAN_POINT ( 'NONE',  ( 71.75376291258392314, -11.33156239187528769, -17.48791432292609116 ) ) ;
#3768 = DIRECTION ( 'NONE',  ( 0.000000000000000000, -1.000000000000000000, -1.234678630588475078E-16 ) ) ;
#3769 = CARTESIAN_POINT ( 'NONE',  ( 57.21903090930204172, -19.10000000000000853, 44.01755904672594966 ) ) ;
#3770 = LINE ( 'NONE', #9039, #7797 ) ;
#3771 = VERTEX_POINT ( 'NONE', #4352 ) ;
#3772 = EDGE_CURVE ( 'NONE', #8678, #4888, #6907, .T. ) ;
#3773 = CARTESIAN_POINT ( 'NONE',  ( 70.40000000000000568, -0.1000000000000002415, 56.79999999999999716 ) ) ;
#3774 = DIRECTION ( 'NONE',  ( 0.000000000000000000, 0.000000000000000000, -1.000000000000000000 ) ) ;
#3775 = CARTESIAN_POINT ( 'NONE',  ( -0.2265454498585260101, -10.19667295512440930, -17.67969552328850469 ) ) ;
#3776 = ORIENTED_EDGE ( 'NONE', *, *, #2676, .F. ) ;
#3777 = VECTOR ( 'NONE', #8686, 1000.000000000000000 ) ;
#3778 = VERTEX_POINT ( 'NONE', #7787 ) ;
#3779 = AXIS2_PLACEMENT_3D ( 'NONE', #6540, #8896, #1766 ) ;
#3780 = DIRECTION ( 'NONE',  ( -0.000000000000000000, 1.000000000000000000, -0.000000000000000000 ) ) ;
#3781 = CARTESIAN_POINT ( 'NONE',  ( 62.80000000000001137, -19.10000000000000142, 9.799999999999995381 ) ) ;
#3782 = EDGE_CURVE ( 'NONE', #8587, #6783, #499, .T. ) ;
#3783 = EDGE_CURVE ( 'NONE', #6859, #139, #741, .T. ) ;
#3784 = VECTOR ( 'NONE', #218, 1000.000000000000000 ) ;
#3785 = CARTESIAN_POINT ( 'NONE',  ( -0.2000000000000000111, -2.449999999999728839, 12.27259155458886397 ) ) ;
#3786 = PLANE ( 'NONE',  #1623 ) ;
#3787 = ORIENTED_EDGE ( 'NONE', *, *, #8229, .F. ) ;
#3788 = DIRECTION ( 'NONE',  ( 0.7071067811865517916, 2.122205421015037840E-16, -0.7071067811865431318 ) ) ;
#3789 = ORIENTED_EDGE ( 'NONE', *, *, #9634, .F. ) ;
#3790 = CARTESIAN_POINT ( 'NONE',  ( -0.2000000000000000111, -9.500000000000001776, 10.79999999999999716 ) ) ;
#3791 = LINE ( 'NONE', #9819, #9507 ) ;
#3793 = CARTESIAN_POINT ( 'NONE',  ( 58.06755904672598945, -19.10000000000000142, 22.33096909069800873 ) ) ;
#3792 = DIRECTION ( 'NONE',  ( 0.000000000000000000, -1.234678630588475078E-16, 1.000000000000000000 ) ) ;
#3794 = CARTESIAN_POINT ( 'NONE',  ( 72.10426803316724431, -10.37795892841548628, -17.65832027820977856 ) ) ;
#3795 = DIRECTION ( 'NONE',  ( 0.000000000000000000, 0.000000000000000000, -1.000000000000000000 ) ) ;
#3796 = CARTESIAN_POINT ( 'NONE',  ( -1.400000000000012346, -19.09999999999999076, -7.740000000000005542 ) ) ;
#3797 = EDGE_CURVE ( 'NONE', #8086, #1959, #8114, .T. ) ;
#3798 = EDGE_CURVE ( 'NONE', #2157, #6623, #7867, .T. ) ;
#3799 = VERTEX_POINT ( 'NONE', #1655 ) ;
#3800 = LINE ( 'NONE', #8208, #464 ) ;
#3801 = ORIENTED_EDGE ( 'NONE', *, *, #3652, .T. ) ;
#3802 = EDGE_LOOP ( 'NONE', ( #1239, #1337, #8023, #9268 ) ) ;
#3803 = VERTEX_POINT ( 'NONE', #7104 ) ;
#3804 = DIRECTION ( 'NONE',  ( -0.000000000000000000, -1.000000000000000000, -0.000000000000000000 ) ) ;
#3805 = ORIENTED_EDGE ( 'NONE', *, *, #2833, .F. ) ;
#3806 = DIRECTION ( 'NONE',  ( -0.7071067811865465735, 2.122205421015053617E-16, -0.7071067811865484609 ) ) ;
#3807 = CARTESIAN_POINT ( 'NONE',  ( 84.20000000000001705, -16.69999999999999929, -9.299999999999998934 ) ) ;
#3808 = CARTESIAN_POINT ( 'NONE',  ( -0.2000000000000000111, -9.500000000000001776, 46.80000000000000426 ) ) ;
#3809 = CARTESIAN_POINT ( 'NONE',  ( -1.276254255662301329, -13.50629269509536989, -16.71729759810155258 ) ) ;
#3810 = DIRECTION ( 'NONE',  ( 0.000000000000000000, -1.000000000000000000, 0.000000000000000000 ) ) ;
#3811 = EDGE_CURVE ( 'NONE', #9475, #5079, #7364, .T. ) ;
#3812 = ORIENTED_EDGE ( 'NONE', *, *, #5252, .F. ) ;
#3813 = ADVANCED_FACE ( 'NONE', ( #3618 ), #2369, .T. ) ;
#3814 = EDGE_CURVE ( 'NONE', #360, #2082, #1612, .T. ) ;
#3815 = ORIENTED_EDGE ( 'NONE', *, *, #987, .T. ) ;
#3816 = ORIENTED_EDGE ( 'NONE', *, *, #4565, .T. ) ;
#3817 = LINE ( 'NONE', #1354, #1231 ) ;
#3818 = DIRECTION ( 'NONE',  ( 0.000000000000000000, 0.000000000000000000, -1.000000000000000000 ) ) ;
#3819 = DIRECTION ( 'NONE',  ( -0.000000000000000000, -1.000000000000000000, -0.000000000000000000 ) ) ;
#3820 = DIRECTION ( 'NONE',  ( 0.7071067811865516806, 2.122205421015038826E-16, -0.7071067811865434649 ) ) ;
#3821 = DIRECTION ( 'NONE',  ( 0.000000000000000000, 0.000000000000000000, -1.000000000000000000 ) ) ;
#3822 = ORIENTED_EDGE ( 'NONE', *, *, #2221, .T. ) ;
#3823 = ORIENTED_EDGE ( 'NONE', *, *, #3861, .F. ) ;
#3824 = ADVANCED_FACE ( 'NONE', ( #9674 ), #6276, .T. ) ;
#3825 = CIRCLE ( 'NONE', #9875, 1.000000000000000888 ) ;
#3826 = CARTESIAN_POINT ( 'NONE',  ( -1.703540437924062401, 15.69063125281775939, -16.37271866267247233 ) ) ;
#3827 = EDGE_CURVE ( 'NONE', #562, #5196, #1994, .T. ) ;
#3828 = VECTOR ( 'NONE', #3293, 1000.000000000000000 ) ;
#3829 = CARTESIAN_POINT ( 'NONE',  ( 35.53244095327401908, -19.10000000000000853, 43.16903090930202325 ) ) ;
#3830 = COLOUR_RGB ( '',0.7921568627450980005, 0.8196078431372548767, 0.9333333333333333481 ) ;
#3831 = EDGE_LOOP ( 'NONE', ( #7846, #5800, #4128, #3934, #5891, #9408, #5599, #2795, #4609 ) ) ;
#3832 = DIRECTION ( 'NONE',  ( 0.000000000000000000, -1.234678630588475078E-16, 1.000000000000000000 ) ) ;
#3833 = CARTESIAN_POINT ( 'NONE',  ( 86.73773877359001006, -9.965739942186303324, -17.70276087818929867 ) ) ;
#3834 = CARTESIAN_POINT ( 'NONE',  ( 72.34271760442172194, -9.758221609116441542, -17.71845256234710675 ) ) ;
#3835 = LINE ( 'NONE', #6629, #5796 ) ;
#3836 = LINE ( 'NONE', #8441, #5437 ) ;
#3837 = DIRECTION ( 'NONE',  ( 1.000000000000000000, 0.000000000000000000, -0.000000000000000000 ) ) ;
#3838 = ORIENTED_EDGE ( 'NONE', *, *, #2856, .T. ) ;
#3839 = AXIS2_PLACEMENT_3D ( 'NONE', #5089, #5872, #9805 ) ;
#3840 = DIRECTION ( 'NONE',  ( 0.000000000000000000, -0.000000000000000000, 1.000000000000000000 ) ) ;
#3841 = CARTESIAN_POINT ( 'NONE',  ( 70.60000000000000853, 11.79999999999999893, -11.50000000000000000 ) ) ;
#3842 = CARTESIAN_POINT ( 'NONE',  ( 43.65908487458226972, -19.06986120978038812, 28.50022800896456943 ) ) ;
#3843 = LINE ( 'NONE', #2479, #3140 ) ;
#3844 = EDGE_CURVE ( 'NONE', #8781, #7280, #5556, .T. ) ;
#3845 = VERTEX_POINT ( 'NONE', #8650 ) ;
#3846 = DIRECTION ( 'NONE',  ( 0.000000000000000000, -1.000000000000000000, 0.000000000000000000 ) ) ;
#3847 = CARTESIAN_POINT ( 'NONE',  ( 86.79999999999999716, -18.20262464989040296, 36.89999999999971436 ) ) ;
#3848 = PLANE ( 'NONE',  #1826 ) ;
#3849 = LINE ( 'NONE', #1498, #1508 ) ;
#3850 = CARTESIAN_POINT ( 'NONE',  ( -1.799999999999999378, -3.200000000000001510, -1.800000000000000044 ) ) ;
#3851 = DIRECTION ( 'NONE',  ( 0.000000000000000000, 0.000000000000000000, 1.000000000000000000 ) ) ;
#3852 = CARTESIAN_POINT ( 'NONE',  ( -1.800000000000000266, -9.500000000000001776, 44.79999999999999716 ) ) ;
#3853 = LINE ( 'NONE', #4616, #8724 ) ;
#3854 = AXIS2_PLACEMENT_3D ( 'NONE', #8126, #4437, #9704 ) ;
#3855 = ORIENTED_EDGE ( 'NONE', *, *, #536, .T. ) ;
#3856 = DIRECTION ( 'NONE',  ( 0.000000000000000000, 0.000000000000000000, 1.000000000000000000 ) ) ;
#3857 = DIRECTION ( 'NONE',  ( -1.000000000000000000, -0.000000000000000000, -0.000000000000000000 ) ) ;
#3858 = EDGE_CURVE ( 'NONE', #2340, #2850, #4453, .T. ) ;
#3859 = LINE ( 'NONE', #5702, #9946 ) ;
#3861 = EDGE_CURVE ( 'NONE', #4068, #7494, #1366, .T. ) ;
#3860 = DIRECTION ( 'NONE',  ( 0.000000000000000000, 0.000000000000000000, -1.000000000000000000 ) ) ;
#3862 = CARTESIAN_POINT ( 'NONE',  ( -0.2000000000000000111, 0.000000000000000000, 0.000000000000000000 ) ) ;
#3863 = ADVANCED_FACE ( 'NONE', ( #258 ), #4002, .F. ) ;
#3864 = CARTESIAN_POINT ( 'NONE',  ( 86.60185673057200972, -9.495974391454350183, -17.72981478883228590 ) ) ;
#3865 = CARTESIAN_POINT ( 'NONE',  ( 86.65952745301281368, -9.764031638730628515, -17.71794484419350013 ) ) ;
#3866 = CARTESIAN_POINT ( 'NONE',  ( -1.800000000000000266, -17.50000000000000000, 16.80000000000000071 ) ) ;
#3867 = LINE ( 'NONE', #4602, #7902 ) ;
#3868 = VERTEX_POINT ( 'NONE', #2357 ) ;
#3869 = LINE ( 'NONE', #9950, #9825 ) ;
#3870 = EDGE_LOOP ( 'NONE', ( #989, #5813, #42 ) ) ;
#3871 = EDGE_CURVE ( 'NONE', #8205, #3930, #1497, .T. ) ;
#3872 = VERTEX_POINT ( 'NONE', #2325 ) ;
#3873 = CARTESIAN_POINT ( 'NONE',  ( 35.80000000000000426, -17.50000000000000000, 8.799999999999998934 ) ) ;
#3874 = DIRECTION ( 'NONE',  ( 1.000000000000000000, -0.000000000000000000, -0.000000000000000000 ) ) ;
#3875 = ORIENTED_EDGE ( 'NONE', *, *, #201, .T. ) ;
#3876 = AXIS2_PLACEMENT_3D ( 'NONE', #8714, #4059, #6410 ) ;
#3877 = VECTOR ( 'NONE', #7436, 1000.000000000000000 ) ;
#3878 = CARTESIAN_POINT ( 'NONE',  ( 71.00000000000002842, -19.09999999999999076, -7.740000000000001101 ) ) ;
#3879 = VERTEX_POINT ( 'NONE', #9310 ) ;
#3880 = CARTESIAN_POINT ( 'NONE',  ( 1.982064795720499539, -9.457081604902848326, -17.73169687474325684 ) ) ;
#3881 = ORIENTED_EDGE ( 'NONE', *, *, #1684, .F. ) ;
#3882 = EDGE_LOOP ( 'NONE', ( #9106, #6773, #649, #5869 ) ) ;
#3883 = CARTESIAN_POINT ( 'NONE',  ( 2.815210331801885957, -11.82500530360949220, -17.36163138439330922 ) ) ;
#3884 = ORIENTED_EDGE ( 'NONE', *, *, #276, .F. ) ;
#3885 = CONICAL_SURFACE ( 'NONE', #3854, 15.34646838723641160, 1.221730476396028164 ) ;
#3886 = VECTOR ( 'NONE', #6047, 1000.000000000000000 ) ;
#3887 =( NAMED_UNIT ( * ) PLANE_ANGLE_UNIT ( ) SI_UNIT ( $, .RADIAN. ) );
#3888 = ORIENTED_EDGE ( 'NONE', *, *, #1083, .F. ) ;
#3890 = EDGE_CURVE ( 'NONE', #2609, #5125, #3954, .T. ) ;
#3889 = CARTESIAN_POINT ( 'NONE',  ( 68.40000000000000568, -3.200000000000001510, -0.7999999999999999334 ) ) ;
#3891 = CARTESIAN_POINT ( 'NONE',  ( -0.2000000000000000111, -9.500000000000001776, 44.79999999999999716 ) ) ;
#3892 = DIRECTION ( 'NONE',  ( 1.360567432138673905E-15, 0.000000000000000000, 1.000000000000000000 ) ) ;
#3893 = ORIENTED_EDGE ( 'NONE', *, *, #4713, .F. ) ;
#3894 = DIRECTION ( 'NONE',  ( 1.000000000000000000, 0.000000000000000000, 0.000000000000000000 ) ) ;
#3895 = PLANE ( 'NONE',  #347 ) ;
#3896 = CARTESIAN_POINT ( 'NONE',  ( 88.16136672643906991, -13.02922923520181442, -16.68974861686526978 ) ) ;
#3897 = CARTESIAN_POINT ( 'NONE',  ( 87.48654119440740828, -12.04296280489683646, -17.29798759451916013 ) ) ;
#3898 = DIRECTION ( 'NONE',  ( 0.000000000000000000, 0.000000000000000000, -1.000000000000000000 ) ) ;
#3899 = EDGE_CURVE ( 'NONE', #2195, #2060, #9324, .T. ) ;
#3900 = ORIENTED_EDGE ( 'NONE', *, *, #8745, .F. ) ;
#3901 = VECTOR ( 'NONE', #8117, 1000.000000000000000 ) ;
#3902 = CIRCLE ( 'NONE', #2439, 1.249999999975583087 ) ;
#3903 = ORIENTED_EDGE ( 'NONE', *, *, #8345, .T. ) ;
#3904 = VERTEX_POINT ( 'NONE', #2651 ) ;
#3905 = DIRECTION ( 'NONE',  ( 0.000000000000000000, -1.955719815080955213E-16, 1.000000000000000000 ) ) ;
#3906 = DIRECTION ( 'NONE',  ( 0.000000000000000000, 3.637323417370724909E-15, -1.000000000000000000 ) ) ;
#3907 = CARTESIAN_POINT ( 'NONE',  ( 4.199999999999995737, -8.100000000000001421, 56.79999999999999716 ) ) ;
#3908 = EDGE_LOOP ( 'NONE', ( #7895, #4648, #3676, #4429 ) ) ;
#3909 = CARTESIAN_POINT ( 'NONE',  ( -1.800000000000000266, -9.500000000000001776, 38.80000000000000426 ) ) ;
#3910 = ADVANCED_FACE ( 'NONE', ( #6522 ), #8093, .F. ) ;
#3911 = VERTEX_POINT ( 'NONE', #8723 ) ;
#3912 = CARTESIAN_POINT ( 'NONE',  ( -1.800000000000000266, -3.045900930049277200, 18.39936534720461481 ) ) ;
#3913 = DIRECTION ( 'NONE',  ( -0.000000000000000000, 0.000000000000000000, 1.000000000000000000 ) ) ;
#3914 = DIRECTION ( 'NONE',  ( 0.000000000000000000, 0.000000000000000000, -1.000000000000000000 ) ) ;
#3915 = EDGE_CURVE ( 'NONE', #1367, #6253, #7986, .T. ) ;
#3916 = EDGE_CURVE ( 'NONE', #9077, #847, #8452, .T. ) ;
#3917 = CARTESIAN_POINT ( 'NONE',  ( 66.40000000000000568, -11.20000000000000107, -0.7999999999999999334 ) ) ;
#3918 = DIRECTION ( 'NONE',  ( -1.000000000000000000, -0.000000000000000000, -0.000000000000000000 ) ) ;
#3919 = VERTEX_POINT ( 'NONE', #3386 ) ;
#3920 = CARTESIAN_POINT ( 'NONE',  ( -1.800000000000000266, -17.50000000000000000, 24.80000000000000071 ) ) ;
#3921 = EDGE_LOOP ( 'NONE', ( #340, #6720, #1361, #3212 ) ) ;
#3922 = DIRECTION ( 'NONE',  ( 0.000000000000000000, 1.000000000000000000, 0.000000000000000000 ) ) ;
#3923 = CIRCLE ( 'NONE', #5690, 1.000000000000000888 ) ;
#3924 = CARTESIAN_POINT ( 'NONE',  ( 87.41625437473170734, -11.15234466733766716, -17.46257822796212267 ) ) ;
#3925 = ORIENTED_EDGE ( 'NONE', *, *, #2231, .T. ) ;
#3926 = CARTESIAN_POINT ( 'NONE',  ( 86.80405166992355248, -10.13800726220948434, -17.68599114120985760 ) ) ;
#3927 = DIRECTION ( 'NONE',  ( -1.000000000000000000, 0.000000000000000000, -0.000000000000000000 ) ) ;
#3928 = CARTESIAN_POINT ( 'NONE',  ( 3.799999999999998046, -19.09999999999999076, -7.740000000000005542 ) ) ;
#3929 = ORIENTED_EDGE ( 'NONE', *, *, #444, .F. ) ;
#3930 = VERTEX_POINT ( 'NONE', #5717 ) ;
#3931 = VECTOR ( 'NONE', #4331, 1000.000000000000000 ) ;
#3932 = AXIS2_PLACEMENT_3D ( 'NONE', #6229, #3851, #701 ) ;
#3933 = EDGE_CURVE ( 'NONE', #7479, #3717, #1486, .T. ) ;
#3934 = ORIENTED_EDGE ( 'NONE', *, *, #6643, .T. ) ;
#3935 = DIRECTION ( 'NONE',  ( -1.000000000000000000, -0.000000000000000000, -0.000000000000000000 ) ) ;
#3936 = CARTESIAN_POINT ( 'NONE',  ( -1.800000000000000266, -9.500000000000001776, 28.80000000000000071 ) ) ;
#3937 = EDGE_CURVE ( 'NONE', #4932, #6446, #861, .T. ) ;
#3938 = ORIENTED_EDGE ( 'NONE', *, *, #7632, .F. ) ;
#3939 = VECTOR ( 'NONE', #1186, 1000.000000000000000 ) ;
#3941 = ORIENTED_EDGE ( 'NONE', *, *, #5830, .F. ) ;
#3940 = AXIS2_PLACEMENT_3D ( 'NONE', #2428, #8615, #3238 ) ;
#3942 = B_SPLINE_CURVE_WITH_KNOTS ( 'NONE', 3,
 ( #809, #3277, #844, #9345 ),
 .UNSPECIFIED., .F., .F.,
 ( 4, 4 ),
 ( 0.000000000000000000, 0.002931721312061888463 ),
 .UNSPECIFIED. ) ;
#3943 = CARTESIAN_POINT ( 'NONE',  ( -0.2000000000000000111, -2.449999999999728839, 12.27259155458886397 ) ) ;
#3944 = ORIENTED_EDGE ( 'NONE', *, *, #806, .F. ) ;
#3945 = VECTOR ( 'NONE', #5605, 1000.000000000000000 ) ;
#3946 = DIRECTION ( 'NONE',  ( -1.000000000000000000, -0.000000000000000000, 0.000000000000000000 ) ) ;
#3947 = CARTESIAN_POINT ( 'NONE',  ( 49.91715785400801764, -17.89999999999999503, 37.28137141638114826 ) ) ;
#3948 = VECTOR ( 'NONE', #1176, 1000.000000000000000 ) ;
#3949 = CARTESIAN_POINT ( 'NONE',  ( 4.199999999999995737, -0.1000000000000000056, 56.84969335805276103 ) ) ;
#3950 = ORIENTED_EDGE ( 'NONE', *, *, #7597, .F. ) ;
#3951 = ORIENTED_EDGE ( 'NONE', *, *, #6918, .F. ) ;
#3952 = EDGE_LOOP ( 'NONE', ( #5148, #8420, #3761, #2499 ) ) ;
#3953 = ORIENTED_EDGE ( 'NONE', *, *, #6402, .F. ) ;
#3954 = LINE ( 'NONE', #8689, #1255 ) ;
#3955 = ORIENTED_EDGE ( 'NONE', *, *, #4357, .T. ) ;
#3956 = EDGE_CURVE ( 'NONE', #1100, #7868, #8901, .T. ) ;
#3957 = LINE ( 'NONE', #408, #7367 ) ;
#3958 = PLANE ( 'NONE',  #1854 ) ;
#3959 = CARTESIAN_POINT ( 'NONE',  ( -1.800000000000000266, -9.500000000000001776, 10.79999999999999716 ) ) ;
#3960 = ADVANCED_FACE ( 'NONE', ( #246 ), #3315, .F. ) ;
#3961 = CARTESIAN_POINT ( 'NONE',  ( 87.98352359862387573, -12.50108474896417121, -16.96169092392547029 ) ) ;
#3962 = FACE_OUTER_BOUND ( 'NONE', #1445, .T. ) ;
#3963 = CARTESIAN_POINT ( 'NONE',  ( 1.799999999999996048, -17.50000000000000000, -2.755455298081544778E-15 ) ) ;
#3964 = ORIENTED_EDGE ( 'NONE', *, *, #319, .F. ) ;
#3965 = VECTOR ( 'NONE', #523, 1000.000000000000000 ) ;
#3966 = VECTOR ( 'NONE', #8622, 1000.000000000000000 ) ;
#3967 = ORIENTED_EDGE ( 'NONE', *, *, #7974, .F. ) ;
#3968 = DIRECTION ( 'NONE',  ( 1.000000000000000000, 0.000000000000000000, 0.000000000000000000 ) ) ;
#3969 = CARTESIAN_POINT ( 'NONE',  ( 88.40000000000000568, -14.40659966456864893, -15.73999999999999666 ) ) ;
#3970 = AXIS2_PLACEMENT_3D ( 'NONE', #994, #4136, #228 ) ;
#3971 = CARTESIAN_POINT ( 'NONE',  ( 36.04325111527758452, -18.70000000000579377, 23.40746467765066541 ) ) ;
#3972 = CARTESIAN_POINT ( 'NONE',  ( -0.2000000000000000111, -9.500000000000001776, 8.799999999999995381 ) ) ;
#3973 = DIRECTION ( 'NONE',  ( 1.399999999999985673E-14, -0.000000000000000000, 1.000000000000000000 ) ) ;
#3974 = LINE ( 'NONE', #5422, #3629 ) ;
#3975 = EDGE_CURVE ( 'NONE', #5219, #5196, #7132, .T. ) ;
#3976 = EDGE_CURVE ( 'NONE', #1544, #3651, #2748, .T. ) ;
#3977 = LINE ( 'NONE', #1870, #5816 ) ;
#3978 = ORIENTED_EDGE ( 'NONE', *, *, #1276, .F. ) ;
#3979 = ORIENTED_EDGE ( 'NONE', *, *, #2404, .F. ) ;
#3980 = VECTOR ( 'NONE', #4933, 1000.000000000000000 ) ;
#3981 = EDGE_LOOP ( 'NONE', ( #3563, #6612, #9822, #3455 ) ) ;
#3982 = VERTEX_POINT ( 'NONE', #7172 ) ;
#3983 = CARTESIAN_POINT ( 'NONE',  ( 3.794540756741707543, -14.19955991398945372, -15.90807934452069183 ) ) ;
#3984 = DIRECTION ( 'NONE',  ( 0.000000000000000000, 0.000000000000000000, -1.000000000000000000 ) ) ;
#3985 = CARTESIAN_POINT ( 'NONE',  ( -1.800000000000000266, -9.500000000000001776, 32.79999999999999716 ) ) ;
#3986 = CARTESIAN_POINT ( 'NONE',  ( -1.800000000000000711, -14.21435377653569176, -15.89940053033535605 ) ) ;
#3987 = ORIENTED_EDGE ( 'NONE', *, *, #2023, .T. ) ;
#3988 = CARTESIAN_POINT ( 'NONE',  ( -0.2000000000000000111, -9.500000000000001776, 36.79999999999999716 ) ) ;
#3989 = DIRECTION ( 'NONE',  ( 1.000000000000000000, 0.000000000000000000, 0.000000000000000000 ) ) ;
#3990 = DIRECTION ( 'NONE',  ( 0.000000000000000000, -1.000000000000000000, 0.000000000000000000 ) ) ;
#3991 = FACE_OUTER_BOUND ( 'NONE', #6999, .T. ) ;
#3992 = CARTESIAN_POINT ( 'NONE',  ( 37.60200570877342585, -17.89999999999999147, 40.53378072885341510 ) ) ;
#3993 = AXIS2_PLACEMENT_3D ( 'NONE', #8508, #3718, #8472 ) ;
#3994 = VERTEX_POINT ( 'NONE', #3348 ) ;
#3995 = LINE ( 'NONE', #212, #9957 ) ;
#3996 = VERTEX_POINT ( 'NONE', #4037 ) ;
#3997 = EDGE_CURVE ( 'NONE', #6000, #3396, #9056, .T. ) ;
#3998 = AXIS2_PLACEMENT_3D ( 'NONE', #2744, #8154, #9834 ) ;
#3999 = DIRECTION ( 'NONE',  ( 0.000000000000000000, 1.000000000000000000, 1.404986760216307406E-16 ) ) ;
#4000 = CARTESIAN_POINT ( 'NONE',  ( 87.23021472923149133, -10.75845702865573550, -17.55978914554785675 ) ) ;
#4001 = CARTESIAN_POINT ( 'NONE',  ( 43.24999999996617106, -3.899999999944617990, -0.9999999999999438227 ) ) ;
#4002 = PLANE ( 'NONE',  #1505 ) ;
#4003 = DIRECTION ( 'NONE',  ( -0.000000000000000000, 1.000000000000000000, 3.001251688541188813E-16 ) ) ;
#4004 = CONICAL_SURFACE ( 'NONE', #5183, 15.34646838723644002, 1.221730476396029497 ) ;
#4005 = LINE ( 'NONE', #440, #3760 ) ;
#4006 = CONICAL_SURFACE ( 'NONE', #477, 9.600000000000006750, 0.7853981633974439491 ) ;
#4007 = FACE_BOUND ( 'NONE', #6729, .T. ) ;
#4008 = ORIENTED_EDGE ( 'NONE', *, *, #7861, .F. ) ;
#4009 = EDGE_CURVE ( 'NONE', #4918, #7469, #2238, .T. ) ;
#4010 = CARTESIAN_POINT ( 'NONE',  ( 0.03466364124061586255, -9.424222380859898607, -17.73315713710653085 ) ) ;
#4011 = AXIS2_PLACEMENT_3D ( 'NONE', #6974, #8414, #2245 ) ;
#4012 = CARTESIAN_POINT ( 'NONE',  ( -1.799999999999999378, -3.200000000000001510, -1.800000000000000044 ) ) ;
#4013 = CARTESIAN_POINT ( 'NONE',  ( -1.800000000000000266, -17.50000000000000000, 26.80000000000000071 ) ) ;
#4014 = CARTESIAN_POINT ( 'NONE',  ( 0.1767813141372888697, -9.159243671536884790, -17.73986857403079043 ) ) ;
#4015 = FACE_OUTER_BOUND ( 'NONE', #7564, .T. ) ;
#4016 = CARTESIAN_POINT ( 'NONE',  ( 72.40000000000000568, -0.09999999999999939493, 56.84969335805276103 ) ) ;
#4017 = ORIENTED_EDGE ( 'NONE', *, *, #7859, .F. ) ;
#4018 = VECTOR ( 'NONE', #1065, 1000.000000000000000 ) ;
#4019 = EDGE_LOOP ( 'NONE', ( #6011, #6792, #344, #6632 ) ) ;
#4020 = B_SPLINE_CURVE_WITH_KNOTS ( 'NONE', 3,
 ( #6384, #5715, #8721, #2614 ),
 .UNSPECIFIED., .F., .F.,
 ( 4, 4 ),
 ( 0.000000000000000000, 0.0006058621091978514794 ),
 .UNSPECIFIED. ) ;
#4021 = FILL_AREA_STYLE_COLOUR ( '', #10135 ) ;
#4022 = SURFACE_STYLE_USAGE ( .BOTH. , #3263 ) ;
#4023 = DIRECTION ( 'NONE',  ( -0.7071067811865461294, -0.7071067811865489050, -8.730496322752327455E-17 ) ) ;
#4024 = VERTEX_POINT ( 'NONE', #6386 ) ;
#4025 = EDGE_CURVE ( 'NONE', #8053, #8402, #9550, .T. ) ;
#4026 = CARTESIAN_POINT ( 'NONE',  ( -1.800000000000000266, 11.79999999999999893, -9.350000000000001421 ) ) ;
#4027 = CARTESIAN_POINT ( 'NONE',  ( -1.799999999999999378, -3.200000000000001510, -1.800000000000000044 ) ) ;
#4028 = ADVANCED_FACE ( 'NONE', ( #5913 ), #1209, .T. ) ;
#4029 = FACE_BOUND ( 'NONE', #9118, .T. ) ;
#4030 = VERTEX_POINT ( 'NONE', #9468 ) ;
#4031 = CARTESIAN_POINT ( 'NONE',  ( -1.800000000000000266, -9.500000000000001776, 32.79999999999999716 ) ) ;
#4032 = DIRECTION ( 'NONE',  ( -1.399999999999985673E-14, 0.000000000000000000, -1.000000000000000000 ) ) ;
#4033 = ORIENTED_EDGE ( 'NONE', *, *, #5591, .F. ) ;
#4034 = PLANE ( 'NONE',  #9841 ) ;
#4035 = VECTOR ( 'NONE', #4940, 1000.000000000000000 ) ;
#4036 = DIRECTION ( 'NONE',  ( -1.000000000000000000, -0.000000000000000000, -0.000000000000000000 ) ) ;
#4037 = CARTESIAN_POINT ( 'NONE',  ( 87.40000000000000568, -16.69999999999999929, -13.70000000000000107 ) ) ;
#4038 = ORIENTED_EDGE ( 'NONE', *, *, #4158, .F. ) ;
#4039 = CARTESIAN_POINT ( 'NONE',  ( 49.94974000703398076, -19.10000000000000853, 36.87711624797780985 ) ) ;
#4040 = ORIENTED_EDGE ( 'NONE', *, *, #8682, .T. ) ;
#4041 = CARTESIAN_POINT ( 'NONE',  ( 71.00000000000002842, -14.62770798392565652, -16.07333333333333414 ) ) ;
#4042 = ORIENTED_EDGE ( 'NONE', *, *, #1334, .T. ) ;
#4043 = EDGE_LOOP ( 'NONE', ( #8559, #9481, #2416, #318 ) ) ;
#4044 = CYLINDRICAL_SURFACE ( 'NONE', #550, 11.50000000000000355 ) ;
#4045 = ORIENTED_EDGE ( 'NONE', *, *, #5046, .T. ) ;
#4046 = DIRECTION ( 'NONE',  ( 0.000000000000000000, 0.000000000000000000, 1.000000000000000000 ) ) ;
#4047 = CARTESIAN_POINT ( 'NONE',  ( 35.70191355925311427, -18.96600906759654137, 22.68993349051696384 ) ) ;
#4048 = CARTESIAN_POINT ( 'NONE',  ( 1.799999999999996048, -17.50000000000000355, 20.80000000000000071 ) ) ;
#4049 = VECTOR ( 'NONE', #4098, 1000.000000000000000 ) ;
#4050 = EDGE_LOOP ( 'NONE', ( #4422, #7680, #6480, #5291 ) ) ;
#4051 = VERTEX_POINT ( 'NONE', #6427 ) ;
#4052 = AXIS2_PLACEMENT_3D ( 'NONE', #6799, #3692, #9125 ) ;
#4053 = VECTOR ( 'NONE', #3874, 1000.000000000000000 ) ;
#4054 = CARTESIAN_POINT ( 'NONE',  ( -1.690997380666071193, -13.52064122727705353, -16.39228075337029011 ) ) ;
#4055 = EDGE_CURVE ( 'NONE', #984, #3305, #9797, .T. ) ;
#4056 = EDGE_CURVE ( 'NONE', #3771, #2340, #3003, .T. ) ;
#4057 = ORIENTED_EDGE ( 'NONE', *, *, #2676, .T. ) ;
#4058 = CARTESIAN_POINT ( 'NONE',  ( 46.80000000000000426, -19.10000000000000497, 32.75000000000000000 ) ) ;
#4059 = DIRECTION ( 'NONE',  ( -0.000000000000000000, -1.000000000000000000, -0.000000000000000000 ) ) ;
#4060 = CARTESIAN_POINT ( 'NONE',  ( 86.47258307349407858, -9.242250058315457650, -17.73873542184710317 ) ) ;
#4061 = CIRCLE ( 'NONE', #2072, 11.50000000000000355 ) ;
#4062 = VERTEX_POINT ( 'NONE', #8183 ) ;
#4063 = VERTEX_POINT ( 'NONE', #1138 ) ;
#4064 = ORIENTED_EDGE ( 'NONE', *, *, #6549, .F. ) ;
#4065 = DIRECTION ( 'NONE',  ( -1.000000000000000000, 0.000000000000000000, 0.000000000000000000 ) ) ;
#4066 = CARTESIAN_POINT ( 'NONE',  ( 51.17450954170351451, -17.63402459936134292, 29.41355800182883939 ) ) ;
#4067 = CARTESIAN_POINT ( 'NONE',  ( 1.799999999999996048, -17.50000000000000355, 16.80000000000000071 ) ) ;
#4068 = VERTEX_POINT ( 'NONE', #308 ) ;
#4069 = ADVANCED_FACE ( 'NONE', ( #2872 ), #130, .T. ) ;
#4070 = CARTESIAN_POINT ( 'NONE',  ( -0.2000000000000000111, -9.500000000000001776, 42.80000000000000426 ) ) ;
#4071 = DIRECTION ( 'NONE',  ( 0.000000000000000000, 9.351609034915406741E-17, -1.000000000000000000 ) ) ;
#4072 = CARTESIAN_POINT ( 'NONE',  ( 70.60000000000000853, 11.79999999999999893, -11.50000000000000000 ) ) ;
#4073 = AXIS2_PLACEMENT_3D ( 'NONE', #7092, #4843, #8638 ) ;
#4074 = VECTOR ( 'NONE', #4840, 1000.000000000000000 ) ;
#4075 = CARTESIAN_POINT ( 'NONE',  ( -0.4832304973323696684, -10.45604149997392263, -17.61968396251975477 ) ) ;
#4076 = VERTEX_POINT ( 'NONE', #4307 ) ;
#4077 = ORIENTED_EDGE ( 'NONE', *, *, #537, .T. ) ;
#4078 = EDGE_LOOP ( 'NONE', ( #4093, #3114, #8550, #4905 ) ) ;
#4079 = ADVANCED_FACE ( 'NONE', ( #5067 ), #6597, .F. ) ;
#4080 = CARTESIAN_POINT ( 'NONE',  ( 36.69277843257631133, -18.36649227100461346, 24.05699199494939222 ) ) ;
#4081 = CARTESIAN_POINT ( 'NONE',  ( -1.800000000000000266, -17.50000000000000000, 46.80000000000000426 ) ) ;
#4082 = CARTESIAN_POINT ( 'NONE',  ( -1.090362230922847564, -12.72723840389526195, -17.05917127487056462 ) ) ;
#4083 = CARTESIAN_POINT ( 'NONE',  ( 43.68284214599195536, -17.50000000000000000, 37.28137141638111984 ) ) ;
#4084 = EDGE_CURVE ( 'NONE', #10000, #8640, #4934, .T. ) ;
#4085 = FACE_OUTER_BOUND ( 'NONE', #6184, .T. ) ;
#4086 = CARTESIAN_POINT ( 'NONE',  ( 3.346392965830895960, -13.92094921425285214, -16.50120297290884608 ) ) ;
#4087 = B_SPLINE_CURVE_WITH_KNOTS ( 'NONE', 3,
 ( #6091, #3128, #2168, #3753 ),
 .UNSPECIFIED., .F., .F.,
 ( 4, 4 ),
 ( 0.000000000000000000, 0.0006058621091979480818 ),
 .UNSPECIFIED. ) ;
#4088 = VERTEX_POINT ( 'NONE', #5846 ) ;
#4089 = DIRECTION ( 'NONE',  ( 0.000000000000000000, -1.000000000000000000, 0.000000000000000000 ) ) ;
#4090 = CARTESIAN_POINT ( 'NONE',  ( 3.220225810879899342, -13.24335474665552326, -16.84145960310358703 ) ) ;
#4091 = CARTESIAN_POINT ( 'NONE',  ( 88.40000000000000568, -19.10000000000001208, 57.39999999999999858 ) ) ;
#4092 = ORIENTED_EDGE ( 'NONE', *, *, #3198, .F. ) ;
#4093 = ORIENTED_EDGE ( 'NONE', *, *, #2268, .F. ) ;
#4094 = VECTOR ( 'NONE', #4396, 1000.000000000000000 ) ;
#4095 = EDGE_CURVE ( 'NONE', #702, #87, #8215, .T. ) ;
#4096 = DIRECTION ( 'NONE',  ( 0.000000000000000000, 9.351609034915419067E-17, -1.000000000000000000 ) ) ;
#4097 = LINE ( 'NONE', #7404, #2524 ) ;
#4098 = DIRECTION ( 'NONE',  ( -1.000000000000000000, -1.734723475976808080E-16, 0.000000000000000000 ) ) ;
#4099 = CARTESIAN_POINT ( 'NONE',  ( 49.91715785400801764, -27.50000000000000355, 37.28137141638114826 ) ) ;
#4100 = VECTOR ( 'NONE', #4899, 1000.000000000000000 ) ;
#4101 = ORIENTED_EDGE ( 'NONE', *, *, #5425, .F. ) ;
#4102 = ORIENTED_EDGE ( 'NONE', *, *, #81, .F. ) ;
#4103 = FACE_OUTER_BOUND ( 'NONE', #4515, .T. ) ;
#4104 = ORIENTED_EDGE ( 'NONE', *, *, #7134, .F. ) ;
#4105 = EDGE_LOOP ( 'NONE', ( #27, #2842, #7951 ) ) ;
#4106 = CIRCLE ( 'NONE', #3998, 1.000000000000000888 ) ;
#4107 = LINE ( 'NONE', #7810, #4587 ) ;
#4108 = EDGE_LOOP ( 'NONE', ( #8654, #10106 ) ) ;
#4109 = CARTESIAN_POINT ( 'NONE',  ( 50.03365216446000119, -19.08463507532428949, 28.64609041325495653 ) ) ;
#4110 = AXIS2_PLACEMENT_3D ( 'NONE', #478, #3614, #5976 ) ;
#4111 = DIRECTION ( 'NONE',  ( -1.000000000000000000, 0.000000000000000000, 0.000000000000000000 ) ) ;
#4112 = EDGE_LOOP ( 'NONE', ( #4812, #8553, #9422, #1108, #1886 ) ) ;
#4113 = DIRECTION ( 'NONE',  ( -0.000000000000000000, -1.000000000000000000, -0.000000000000000000 ) ) ;
#4114 = CARTESIAN_POINT ( 'NONE',  ( -1.651049280787123763, -13.35024489418615623, -16.50089852476785524 ) ) ;
#4115 = CARTESIAN_POINT ( 'NONE',  ( -5.799999999999985612, 17.99999999999999645, -2.052778186154406104 ) ) ;
#4116 = FACE_OUTER_BOUND ( 'NONE', #2574, .T. ) ;
#4117 = EDGE_CURVE ( 'NONE', #3764, #6132, #3835, .T. ) ;
#4118 = EDGE_CURVE ( 'NONE', #1230, #1450, #3957, .T. ) ;
#4119 = FACE_OUTER_BOUND ( 'NONE', #10008, .T. ) ;
#4120 = CARTESIAN_POINT ( 'NONE',  ( 1.872583073494049621, -9.242250058315471861, -17.73873542184712448 ) ) ;
#4121 = VECTOR ( 'NONE', #1188, 1000.000000000000114 ) ;
#4122 = VERTEX_POINT ( 'NONE', #3540 ) ;
#4123 = ORIENTED_EDGE ( 'NONE', *, *, #9739, .T. ) ;
#4124 = CARTESIAN_POINT ( 'NONE',  ( -1.800000000000000266, -2.449999999999729283, 14.32740920835357379 ) ) ;
#4125 = CARTESIAN_POINT ( 'NONE',  ( 70.20000000000001705, 11.79999999999999893, -11.50000000000000000 ) ) ;
#4126 = CARTESIAN_POINT ( 'NONE',  ( 87.80135735707729339, -12.02993485198157941, -17.16838289445328058 ) ) ;
#4127 = DIRECTION ( 'NONE',  ( 0.000000000000000000, -1.234678630588475078E-16, 1.000000000000000000 ) ) ;
#4128 = ORIENTED_EDGE ( 'NONE', *, *, #4084, .T. ) ;
#4129 = ADVANCED_FACE ( 'NONE', ( #2885, #9 ), #9640, .T. ) ;
#4130 = VECTOR ( 'NONE', #9022, 1000.000000000000000 ) ;
#4131 = ORIENTED_EDGE ( 'NONE', *, *, #1302, .F. ) ;
#4132 = B_SPLINE_SURFACE_WITH_KNOTS ( 'NONE', 1, 3, ( 
 ( #7875, #5465, #3983, #8670, #4692, #5604, #5760, #5731, #4908, #4942, #2602, #9558, #1810, #3457, #8740, #191, #6448, #7290, #157, #6555, #1710, #3334, #7319, #1744, #5664, #4974, #7226, #255, #2572, #3403, #8051, #6406, #8014, #1053, #7978, #4120, #915, #6485, #2670, #3429 ),
 ( #7194, #1776, #8774, #5700, #5637, #1837, #2534, #6514, #120, #4090, #9520, #4839, #4874, #951, #983, #3368, #7261, #9489, #8806, #4156, #4187, #9591, #219, #1016, #8843, #8111, #2635, #8079, #9623, #8874, #5792, #8978, #2704, #8198, #5142, #2761, #8170, #5108, #1197, #3526 ) ),
 .UNSPECIFIED., .F., .F., .F.,
 ( 2, 2 ),
 ( 4, 2, 2, 2, 2, 2, 2, 2, 2, 2, 2, 2, 2, 2, 2, 2, 2, 2, 2, 4 ),
 ( 0.000000000000000000, 1.000000000000000000 ),
 ( 0.000000000000000000, 0.0003672989148033118300, 0.0007345978296066236601, 0.001101896744409935382, 0.001469195659213247320, 0.001652845116614903073, 0.001836494574016559042, 0.002020144031418215011, 0.002203793488819870763, 0.002571092403623182702, 0.002938391318426494640, 0.003672989148033118083, 0.004040288062836430022, 0.004407586977639741527, 0.004774885892443053031, 0.005142184807246365404, 0.005509483722049677776, 0.005693133179451333528, 0.005784957908152161404, 0.005876782636852989281 ),
 .UNSPECIFIED. ) ;
#4133 = EDGE_CURVE ( 'NONE', #2938, #111, #9177, .T. ) ;
#4135 = CARTESIAN_POINT ( 'NONE',  ( 70.40000000000000568, -0.1000000000000002415, 56.79999999999999716 ) ) ;
#4134 = AXIS2_PLACEMENT_3D ( 'NONE', #1833, #4219, #5788 ) ;
#4136 = DIRECTION ( 'NONE',  ( -1.000000000000000000, 0.000000000000000000, 0.000000000000000000 ) ) ;
#4137 = DIRECTION ( 'NONE',  ( 0.000000000000000000, 1.000000000000000000, 0.000000000000000000 ) ) ;
#4138 = DIRECTION ( 'NONE',  ( 0.000000000000000000, -1.000000000000000000, 0.000000000000000000 ) ) ;
#4139 = DIRECTION ( 'NONE',  ( -0.7071067811865519026, -0.000000000000000000, 0.7071067811865431318 ) ) ;
#4140 = DIRECTION ( 'NONE',  ( 1.810146235801884926E-15, 0.000000000000000000, 1.000000000000000000 ) ) ;
#4141 = CARTESIAN_POINT ( 'NONE',  ( 70.59999999999999432, 18.00000000000000000, -3.653981901626787820 ) ) ;
#4142 = LINE ( 'NONE', #8642, #1792 ) ;
#4143 = CARTESIAN_POINT ( 'NONE',  ( 34.80000000000000426, -17.50000000000000000, 10.79999999999999716 ) ) ;
#4144 = VECTOR ( 'NONE', #8930, 1000.000000000000000 ) ;
#4145 = ORIENTED_EDGE ( 'NONE', *, *, #1548, .T. ) ;
#4146 = EDGE_CURVE ( 'NONE', #7038, #1438, #4455, .T. ) ;
#4147 = AXIS2_PLACEMENT_3D ( 'NONE', #4072, #7302, #170 ) ;
#4148 = CARTESIAN_POINT ( 'NONE',  ( -1.000000000000000000, -1.545900930049276756, 18.39936534720461481 ) ) ;
#4149 = DIRECTION ( 'NONE',  ( 0.5773502691896290617, -0.5773502691896242878, 0.5773502691896239547 ) ) ;
#4150 = CARTESIAN_POINT ( 'NONE',  ( -1.774648882755988977, -13.99032064014703458, -16.06743413229316531 ) ) ;
#4151 = DIRECTION ( 'NONE',  ( 0.000000000000000000, -1.000000000000000000, -2.110556468111117249E-16 ) ) ;
#4152 = LINE ( 'NONE', #4354, #9997 ) ;
#4153 =( BOUNDED_CURVE ( )  B_SPLINE_CURVE ( 3, ( #3253, #8139, #4935, #9613 ),
 .UNSPECIFIED., .F., .T. ) 
 B_SPLINE_CURVE_WITH_KNOTS ( ( 4, 4 ),
 ( 4.529553843391783019, 4.603080525567187387 ),
 .UNSPECIFIED. ) 
 CURVE ( )  GEOMETRIC_REPRESENTATION_ITEM ( )  RATIONAL_B_SPLINE_CURVE ( ( 1.000000000000000000, 0.9995495363225469498, 0.9995495363225469498, 1.000000000000000000 ) ) 
 REPRESENTATION_ITEM ( '' )  );
#4154 = ORIENTED_EDGE ( 'NONE', *, *, #9426, .F. ) ;
#4155 = VERTEX_POINT ( 'NONE', #6660 ) ;
#4156 = CARTESIAN_POINT ( 'NONE',  ( 2.921085885662141557, -12.15201547081520594, -17.26365241204403844 ) ) ;
#4157 = VECTOR ( 'NONE', #4137, 1000.000000000000000 ) ;
#4158 = EDGE_CURVE ( 'NONE', #5868, #8840, #1368, .T. ) ;
#4159 = CARTESIAN_POINT ( 'NONE',  ( 87.51423341113539323, -11.36336674988788253, -17.40523385655692223 ) ) ;
#4160 = CARTESIAN_POINT ( 'NONE',  ( 38.12228646859053072, -17.70000000000000995, 40.29634268151090026 ) ) ;
#4161 = ORIENTED_EDGE ( 'NONE', *, *, #6676, .T. ) ;
#4162 = LINE ( 'NONE', #5789, #2712 ) ;
#4163 = CARTESIAN_POINT ( 'NONE',  ( 84.40000000000000568, -11.30000000000000959, 57.79999999999999716 ) ) ;
#4164 = CARTESIAN_POINT ( 'NONE',  ( 31.79999999999999361, -17.50000000000000000, 14.79999999999999893 ) ) ;
#4165 = DIRECTION ( 'NONE',  ( -0.000000000000000000, 0.000000000000000000, 1.000000000000000000 ) ) ;
#4166 = EDGE_LOOP ( 'NONE', ( #4407, #141, #1668, #8895, #4885 ) ) ;
#4167 = CARTESIAN_POINT ( 'NONE',  ( 88.00000000000001421, -0.1000000000000002554, 57.79999999999999716 ) ) ;
#4168 = AXIS2_PLACEMENT_3D ( 'NONE', #1948, #5904, #3596 ) ;
#4169 = DIRECTION ( 'NONE',  ( 1.000000000000000000, -0.000000000000000000, -0.000000000000000000 ) ) ;
#4170 = EDGE_CURVE ( 'NONE', #4122, #9506, #5310, .T. ) ;
#4171 = VECTOR ( 'NONE', #2143, 1000.000000000000000 ) ;
#4172 = EDGE_CURVE ( 'NONE', #8140, #3104, #1001, .T. ) ;
#4173 = ORIENTED_EDGE ( 'NONE', *, *, #40, .T. ) ;
#4174 = EDGE_CURVE ( 'NONE', #4863, #10000, #2639, .T. ) ;
#4175 = VERTEX_POINT ( 'NONE', #8889 ) ;
#4176 = ADVANCED_FACE ( 'NONE', ( #10166 ), #6831, .T. ) ;
#4177 = DIRECTION ( 'NONE',  ( -1.399999999999999714E-14, -9.999999999999999988E-15, -1.000000000000000000 ) ) ;
#4178 = VECTOR ( 'NONE', #5082, 1000.000000000000000 ) ;
#4179 = CARTESIAN_POINT ( 'NONE',  ( 59.79999999999999716, -17.50000000000000000, 49.29999999999999716 ) ) ;
#4180 = CARTESIAN_POINT ( 'NONE',  ( -0.5425203222273419223, -10.57692769512026310, -17.59799893243153335 ) ) ;
#4181 = DIRECTION ( 'NONE',  ( 0.000000000000000000, -1.000000000000000000, 0.000000000000000000 ) ) ;
#4182 = PLANE ( 'NONE',  #8430 ) ;
#4183 = ORIENTED_EDGE ( 'NONE', *, *, #9114, .F. ) ;
#4184 = FACE_BOUND ( 'NONE', #8379, .T. ) ;
#4185 = EDGE_LOOP ( 'NONE', ( #8190, #9311, #1897, #4981 ) ) ;
#4186 = CARTESIAN_POINT ( 'NONE',  ( 3.800000000000001155, -19.10000000000000142, 12.79999999999999893 ) ) ;
#4187 = CARTESIAN_POINT ( 'NONE',  ( 2.884473480533340073, -12.03662738416455902, -17.29985016974862333 ) ) ;
#4188 = VECTOR ( 'NONE', #3404, 1000.000000000000000 ) ;
#4189 = CARTESIAN_POINT ( 'NONE',  ( -0.2000000000000000111, -15.50000000000001776, 10.79999999999999716 ) ) ;
#4190 = EDGE_CURVE ( 'NONE', #6688, #41, #6776, .T. ) ;
#4191 = EDGE_CURVE ( 'NONE', #41, #8427, #5056, .T. ) ;
#4192 = CARTESIAN_POINT ( 'NONE',  ( 88.40000000000000568, -18.69999999999999574, -7.740000000000001101 ) ) ;
#4193 = CARTESIAN_POINT ( 'NONE',  ( 86.42902335732826202, -9.156873924675295484, -17.73984228883062997 ) ) ;
#4194 = CARTESIAN_POINT ( 'NONE',  ( 38.21038248013935856, -17.56670124352681484, 40.39675957921392779 ) ) ;
#4195 = ORIENTED_EDGE ( 'NONE', *, *, #108, .T. ) ;
#4196 = LINE ( 'NONE', #5238, #842 ) ;
#4197 = VECTOR ( 'NONE', #4922, 1000.000000000000000 ) ;
#4198 = LINE ( 'NONE', #3024, #2099 ) ;
#4199 = EDGE_CURVE ( 'NONE', #9195, #41, #9664, .T. ) ;
#4200 = CARTESIAN_POINT ( 'NONE',  ( 46.80000000000000426, -17.50000000000000355, 32.75000000000000000 ) ) ;
#4201 = DIRECTION ( 'NONE',  ( -0.000000000000000000, 1.000000000000000000, 3.001251688541188813E-16 ) ) ;
#4202 = CARTESIAN_POINT ( 'NONE',  ( 71.14203687925257213, -13.41425517559635416, -16.76235745745503181 ) ) ;
#4203 = DIRECTION ( 'NONE',  ( 1.000000000000000000, 0.000000000000000000, 0.000000000000000000 ) ) ;
#4204 = DIRECTION ( 'NONE',  ( 1.000000000000000000, -0.000000000000000000, -0.000000000000000000 ) ) ;
#4205 = ORIENTED_EDGE ( 'NONE', *, *, #8861, .T. ) ;
#4206 = EDGE_LOOP ( 'NONE', ( #5879, #7258, #6432, #1346 ) ) ;
#4207 = ORIENTED_EDGE ( 'NONE', *, *, #9114, .T. ) ;
#4208 = CARTESIAN_POINT ( 'NONE',  ( -1.102200073100146005, -11.79350583091917670, -17.25800622180672406 ) ) ;
#4209 = LINE ( 'NONE', #9088, #2117 ) ;
#4210 = CARTESIAN_POINT ( 'NONE',  ( 54.84344659783462106, -18.03311722261882721, 23.29233983979240818 ) ) ;
#4211 = CARTESIAN_POINT ( 'NONE',  ( 72.46397475527629695, -9.366671810236354645, -17.73543089931372663 ) ) ;
#4212 = CARTESIAN_POINT ( 'NONE',  ( 70.20000000000001705, 9.254415587728425763, -15.17695526217005941 ) ) ;
#4213 = LINE ( 'NONE', #1124, #1865 ) ;
#4214 = PLANE ( 'NONE',  #8586 ) ;
#4215 = CARTESIAN_POINT ( 'NONE',  ( 86.79999999999999716, -17.50000000000000355, 39.19999999999971863 ) ) ;
#4216 = CYLINDRICAL_SURFACE ( 'NONE', #3449, 11.50000000000000355 ) ;
#4217 = EDGE_CURVE ( 'NONE', #9506, #2435, #743, .T. ) ;
#4218 = VECTOR ( 'NONE', #7053, 1000.000000000000000 ) ;
#4219 = DIRECTION ( 'NONE',  ( -0.000000000000000000, 1.000000000000000000, 3.001251688541188813E-16 ) ) ;
#4220 = B_SPLINE_CURVE_WITH_KNOTS ( 'NONE', 3,
 ( #9131, #1342, #5444, #9382, #8612, #711, #10132, #7102, #6316, #4671, #6235, #2427, #7892, #7073, #676, #4705, #3236, #3896, #6209, #8578, #747, #1517, #10162, #3961, #7010, #5480, #8647, #1616, #9347, #4745, #2322, #5515, #2293, #1580, #777, #4640, #6982, #6175, #2355, #7785, #3924, #3207, #3142, #4000, #3107, #10102, #9432, #1552, #7043, #4778, #7818, #65, #3175, #6274, #2389, #7751, #7852, #1481, #9308, #9406, #8515, #32, #5544, #3864, #815, #7927, #7991, #4856, #134, #1652, #1789 ),
 .UNSPECIFIED., .F., .F.,
 ( 4, 2, 1, 1, 2, 2, 2, 1, 1, 2, 2, 2, 1, 1, 2, 2, 2, 1, 1, 2, 2, 2, 1, 1, 2, 2, 2, 1, 1, 1, 2, 2, 2, 1, 1, 1, 2, 2, 2, 1, 1, 1, 2, 2, 4 ),
 ( 0.000000000000000000, 0.06249999999997056521, 0.09374999999995584088, 0.1093749999999484857, 0.1171874999999453354, 0.1249999999999421851, 0.1874999999999228950, 0.2187499999999128475, 0.2343749999999074352, 0.2421874999999047429, 0.2499999999999020228, 0.3124999999998861466, 0.3437499999998782085, 0.3593749999998752109, 0.3671874999998750444, 0.3749999999998748224, 0.4374999999998818168, 0.4687499999998841482, 0.4843749999998868683, 0.4921874999998890887, 0.4999999999998914202, 0.5624999999999039657, 0.5937499999999091838, 0.6093749999999118483, 0.6171874999999131806, 0.6249999999999145128, 0.6874999999999221734, 0.7187499999999259481, 0.7343749999999278355, 0.7421874999999283906, 0.7460937499999286127, 0.7499999999999288347, 0.8124999999999698019, 0.8437499999999905631, 0.8593750000000019984, 0.8671875000000076605, 0.8710937500000092149, 0.8750000000000106581, 0.9062500000000129896, 0.9218750000000129896, 0.9296875000000145439, 0.9335937500000154321, 0.9355468750000157652, 0.9375000000000162093, 1.000000000000000000 ),
 .UNSPECIFIED. ) ;
#4221 = FACE_OUTER_BOUND ( 'NONE', #4564, .T. ) ;
#4222 = FACE_OUTER_BOUND ( 'NONE', #9857, .T. ) ;
#4223 = CARTESIAN_POINT ( 'NONE',  ( -1.800000000000000266, 11.79999999999999538, -17.73999999999999844 ) ) ;
#4224 = ORIENTED_EDGE ( 'NONE', *, *, #1029, .F. ) ;
#4225 = CARTESIAN_POINT ( 'NONE',  ( 86.79999999999999716, 0.000000000000000000, 0.000000000000000000 ) ) ;
#4226 = VERTEX_POINT ( 'NONE', #3690 ) ;
#4227 = LINE ( 'NONE', #2024, #9565 ) ;
#4228 = CARTESIAN_POINT ( 'NONE',  ( 87.85796312074749892, -13.41425517559636837, -16.76235745745502115 ) ) ;
#4229 = LINE ( 'NONE', #4212, #7630 ) ;
#4230 = CARTESIAN_POINT ( 'NONE',  ( 54.39999999999999858, -3.200000000000001954, -0.7999999999999999334 ) ) ;
#4231 = FACE_OUTER_BOUND ( 'NONE', #6730, .T. ) ;
#4232 = ADVANCED_FACE ( 'NONE', ( #2370 ), #4469, .F. ) ;
#4233 = PLANE ( 'NONE',  #7791 ) ;
#4234 = EDGE_CURVE ( 'NONE', #5709, #2393, #8828, .T. ) ;
#4235 = DIRECTION ( 'NONE',  ( -0.000000000000000000, 1.000000000000000000, -0.000000000000000000 ) ) ;
#4236 = DIRECTION ( 'NONE',  ( -0.7071067811865462405, 8.730496322752326222E-17, -0.7071067811865489050 ) ) ;
#4237 = CARTESIAN_POINT ( 'NONE',  ( 39.15324042078603384, -17.56670124352680773, 24.16038248013938272 ) ) ;
#4238 = CARTESIAN_POINT ( 'NONE',  ( 71.47891411433785436, -12.15201547081521483, -17.26365241204403489 ) ) ;
#4239 = CARTESIAN_POINT ( 'NONE',  ( 88.00000000000001421, -19.09999999999999076, -7.740000000000001101 ) ) ;
#4240 = AXIS2_PLACEMENT_3D ( 'NONE', #841, #8606, #7126 ) ;
#4241 = LINE ( 'NONE', #6977, #8144 ) ;
#4242 = VECTOR ( 'NONE', #3197, 1000.000000000000114 ) ;
#4243 = LINE ( 'NONE', #7812, #7647 ) ;
#4244 = ORIENTED_EDGE ( 'NONE', *, *, #1556, .T. ) ;
#4245 = ORIENTED_EDGE ( 'NONE', *, *, #8602, .T. ) ;
#4246 = ORIENTED_EDGE ( 'NONE', *, *, #2203, .T. ) ;
#4247 =( GEOMETRIC_REPRESENTATION_CONTEXT ( 3 ) GLOBAL_UNCERTAINTY_ASSIGNED_CONTEXT ( ( #9255 ) ) GLOBAL_UNIT_ASSIGNED_CONTEXT ( ( #6336, #3161, #9370 ) ) REPRESENTATION_CONTEXT ( 'NONE', 'WORKASPACE' ) );
#4248 = CARTESIAN_POINT ( 'NONE',  ( -1.800000000000000266, -3.045900930049277200, 16.89936534720461125 ) ) ;
#4249 = DIRECTION ( 'NONE',  ( 0.000000000000000000, 0.000000000000000000, -1.000000000000000000 ) ) ;
#4250 = CARTESIAN_POINT ( 'NONE',  ( 16.19999999999999218, -10.10000000000000142, 57.79999999999999716 ) ) ;
#4251 = LINE ( 'NONE', #651, #5484 ) ;
#4252 = LINE ( 'NONE', #6724, #2406 ) ;
#4253 = VECTOR ( 'NONE', #8567, 1000.000000000000000 ) ;
#4254 = VERTEX_POINT ( 'NONE', #7531 ) ;
#4255 = EDGE_CURVE ( 'NONE', #9866, #1018, #5028, .T. ) ;
#4256 = ORIENTED_EDGE ( 'NONE', *, *, #4897, .T. ) ;
#4257 = EDGE_CURVE ( 'NONE', #9028, #2393, #8115, .T. ) ;
#4258 = EDGE_CURVE ( 'NONE', #4402, #8576, #2362, .T. ) ;
#4259 = ORIENTED_EDGE ( 'NONE', *, *, #6201, .T. ) ;
#4261 = ADVANCED_FACE ( 'NONE', ( #7856 ), #1738, .T. ) ;
#4260 = DIRECTION ( 'NONE',  ( -0.7071067811865489050, 0.7071067811865461294, 0.000000000000000000 ) ) ;
#4262 = CARTESIAN_POINT ( 'NONE',  ( 86.79999999999999716, -0.1000000000000000472, 1.950000000000472244 ) ) ;
#4263 = CARTESIAN_POINT ( 'NONE',  ( -0.2000000000000000111, -15.50000000000001421, -1.913751877412138293E-15 ) ) ;
#4264 = FACE_OUTER_BOUND ( 'NONE', #9130, .T. ) ;
#4265 = CARTESIAN_POINT ( 'NONE',  ( 35.80000000000000426, -17.50000000000000000, 6.799999999999999822 ) ) ;
#4266 = ORIENTED_EDGE ( 'NONE', *, *, #8584, .F. ) ;
#4267 = CARTESIAN_POINT ( 'NONE',  ( 87.59171444763282466, -12.38243452202680572, -17.18671245762000410 ) ) ;
#4268 = PRODUCT_DEFINITION_FORMATION_WITH_SPECIFIED_SOURCE ( 'ANY', '', #4938, .NOT_KNOWN. ) ;
#4269 = FACE_OUTER_BOUND ( 'NONE', #7105, .T. ) ;
#4271 = DIRECTION ( 'NONE',  ( -0.7071067811865461294, -0.7071067811865489050, -8.730496322752327455E-17 ) ) ;
#4270 = AXIS2_PLACEMENT_3D ( 'NONE', #4823, #6568, #6063 ) ;
#4272 = DIRECTION ( 'NONE',  ( -1.000000000000000000, 0.000000000000000000, 0.000000000000000000 ) ) ;
#4273 = ORIENTED_EDGE ( 'NONE', *, *, #4498, .F. ) ;
#4274 = DIRECTION ( 'NONE',  ( 0.000000000000000000, 0.3420201433256623291, -0.9396926207859107594 ) ) ;
#4275 = CARTESIAN_POINT ( 'NONE',  ( 71.32551094999276131, -12.66981896494607973, -17.08131453687339629 ) ) ;
#4276 = CARTESIAN_POINT ( 'NONE',  ( 22.99999999997513100, -5.150000000033447378, -0.2000000000000007883 ) ) ;
#4277 = DIRECTION ( 'NONE',  ( 0.7071067811865474617, 0.000000000000000000, -0.7071067811865474617 ) ) ;
#4278 = ORIENTED_EDGE ( 'NONE', *, *, #6572, .T. ) ;
#4279 = EDGE_LOOP ( 'NONE', ( #9444, #4295, #4654, #9249 ) ) ;
#4280 = CARTESIAN_POINT ( 'NONE',  ( 49.99054430717824005, -18.78758892027906668, 28.26911156942098202 ) ) ;
#4281 = CARTESIAN_POINT ( 'NONE',  ( -0.2000000000000000111, -9.500000000000001776, 28.80000000000000071 ) ) ;
#4282 = CYLINDRICAL_SURFACE ( 'NONE', #5842, 0.9999999999999991118 ) ;
#4283 = EDGE_CURVE ( 'NONE', #889, #1105, #1987, .T. ) ;
#4284 = ORIENTED_EDGE ( 'NONE', *, *, #5284, .T. ) ;
#4285 = ORIENTED_EDGE ( 'NONE', *, *, #3032, .T. ) ;
#4286 = AXIS2_PLACEMENT_3D ( 'NONE', #4959, #105, #5620 ) ;
#4287 = ADVANCED_FACE ( 'NONE', ( #8562 ), #2990, .F. ) ;
#4288 = CARTESIAN_POINT ( 'NONE',  ( 4.800000000000001599, -17.50000000000000355, 14.79999999999999893 ) ) ;
#4290 = CARTESIAN_POINT ( 'NONE',  ( -1.800000000000000266, -9.500000000000001776, 44.79999999999999716 ) ) ;
#4289 = CARTESIAN_POINT ( 'NONE',  ( 72.36324778135923452, -9.564582867977208025, -17.72615080178283975 ) ) ;
#4291 = DIRECTION ( 'NONE',  ( 0.000000000000000000, -1.000000000000000000, 0.000000000000000000 ) ) ;
#4292 = VERTEX_POINT ( 'NONE', #3719 ) ;
#4293 = CARTESIAN_POINT ( 'NONE',  ( -1.800000000000000266, -9.500000000000001776, 24.80000000000000071 ) ) ;
#4294 = LINE ( 'NONE', #4553, #8181 ) ;
#4295 = ORIENTED_EDGE ( 'NONE', *, *, #6547, .F. ) ;
#4296 = ORIENTED_EDGE ( 'NONE', *, *, #7941, .T. ) ;
#4297 = LINE ( 'NONE', #5521, #8780 ) ;
#4298 = CARTESIAN_POINT ( 'NONE',  ( 4.199999999999995737, -0.09999999999999939493, 56.84969335805276103 ) ) ;
#4299 = ORIENTED_EDGE ( 'NONE', *, *, #9036, .T. ) ;
#4300 = EDGE_CURVE ( 'NONE', #8651, #6598, #9553, .T. ) ;
#4301 = ORIENTED_EDGE ( 'NONE', *, *, #2037, .F. ) ;
#4302 = ORIENTED_EDGE ( 'NONE', *, *, #9791, .F. ) ;
#4303 = ORIENTED_EDGE ( 'NONE', *, *, #7134, .T. ) ;
#4304 = VERTEX_POINT ( 'NONE', #6131 ) ;
#4305 = CARTESIAN_POINT ( 'NONE',  ( 37.60200570877342585, -17.89999999999999147, 40.53378072885341510 ) ) ;
#4306 = DIRECTION ( 'NONE',  ( 1.000000000000000000, -1.400000000000000345E-14, 0.000000000000000000 ) ) ;
#4307 = CARTESIAN_POINT ( 'NONE',  ( 56.39999999999999858, -11.20000000000000462, -1.800000000000000044 ) ) ;
#4308 = LINE ( 'NONE', #2550, #6123 ) ;
#4309 = VERTEX_POINT ( 'NONE', #2849 ) ;
#4310 = EDGE_LOOP ( 'NONE', ( #8324, #4446, #8850, #7815, #203 ) ) ;
#4311 = ADVANCED_FACE ( 'NONE', ( #5068 ), #3130, .F. ) ;
#4312 = VECTOR ( 'NONE', #8080, 1000.000000000000000 ) ;
#4313 = DIRECTION ( 'NONE',  ( 0.000000000000000000, 0.000000000000000000, -1.000000000000000000 ) ) ;
#4314 = EDGE_CURVE ( 'NONE', #7966, #6092, #8455, .T. ) ;
#4315 = EDGE_CURVE ( 'NONE', #3349, #647, #9799, .T. ) ;
#4316 = ORIENTED_EDGE ( 'NONE', *, *, #960, .F. ) ;
#4317 = CIRCLE ( 'NONE', #8470, 1.500000000000001332 ) ;
#4318 = ORIENTED_EDGE ( 'NONE', *, *, #5954, .F. ) ;
#4319 = DIRECTION ( 'NONE',  ( -1.000000000000000000, -0.000000000000000000, -0.000000000000000000 ) ) ;
#4320 = CARTESIAN_POINT ( 'NONE',  ( 71.85348504466780639, -10.58507173766392384, -17.59653913230336286 ) ) ;
#4321 = CARTESIAN_POINT ( 'NONE',  ( 3.799999999999999822, -18.69999999999997797, -5.612340657572016178E-15 ) ) ;
#4322 = CARTESIAN_POINT ( 'NONE',  ( 46.80000000000000426, -19.10000000000000497, 32.75000000000000000 ) ) ;
#4323 = DIRECTION ( 'NONE',  ( 0.000000000000000000, 0.000000000000000000, 1.000000000000000000 ) ) ;
#4324 = VECTOR ( 'NONE', #2535, 1000.000000000000000 ) ;
#4325 = LINE ( 'NONE', #4026, #9427 ) ;
#4326 = ORIENTED_EDGE ( 'NONE', *, *, #9336, .F. ) ;
#4327 = AXIS2_PLACEMENT_3D ( 'NONE', #9869, #9839, #502 ) ;
#4328 = ORIENTED_EDGE ( 'NONE', *, *, #5208, .T. ) ;
#4329 = ORIENTED_EDGE ( 'NONE', *, *, #972, .F. ) ;
#4330 = ORIENTED_EDGE ( 'NONE', *, *, #6075, .T. ) ;
#4331 = DIRECTION ( 'NONE',  ( 0.000000000000000000, 1.234678630588475078E-16, -1.000000000000000000 ) ) ;
#4332 = VECTOR ( 'NONE', #9411, 1000.000000000000000 ) ;
#4333 = EDGE_CURVE ( 'NONE', #2985, #5553, #4198, .T. ) ;
#4334 = AXIS2_PLACEMENT_3D ( 'NONE', #8916, #4271, #3501 ) ;
#4335 = CARTESIAN_POINT ( 'NONE',  ( 87.37129239529831182, -11.68979180903754767, -17.40183614883711272 ) ) ;
#4336 = ADVANCED_FACE ( 'NONE', ( #8217 ), #3848, .F. ) ;
#4337 = ORIENTED_EDGE ( 'NONE', *, *, #9410, .F. ) ;
#4338 = VECTOR ( 'NONE', #3086, 1000.000000000000000 ) ;
#4339 = CARTESIAN_POINT ( 'NONE',  ( -1.800000000000000266, -17.50000000000000000, 32.79999999999999716 ) ) ;
#4340 = DIRECTION ( 'NONE',  ( -0.7071067811865463515, 8.730496322752326222E-17, -0.7071067811865487940 ) ) ;
#4341 = DIRECTION ( 'NONE',  ( 0.7071067811865489050, -0.7071067811865461294, 0.000000000000000000 ) ) ;
#4342 = VECTOR ( 'NONE', #8760, 1000.000000000000000 ) ;
#4343 = EDGE_CURVE ( 'NONE', #3, #7066, #6259, .T. ) ;
#4344 = VECTOR ( 'NONE', #8629, 1000.000000000000000 ) ;
#4345 = AXIS2_PLACEMENT_3D ( 'NONE', #5708, #3137, #138 ) ;
#4346 = ORIENTED_EDGE ( 'NONE', *, *, #700, .T. ) ;
#4347 = FACE_OUTER_BOUND ( 'NONE', #2443, .T. ) ;
#4348 = PLANE ( 'NONE',  #9223 ) ;
#4349 = DIRECTION ( 'NONE',  ( 1.000000000000000000, 0.000000000000000000, 0.000000000000000000 ) ) ;
#4350 = EDGE_LOOP ( 'NONE', ( #281, #7754, #2631, #7744, #7093, #6106, #916, #7168, #1581, #6686 ) ) ;
#4351 = CARTESIAN_POINT ( 'NONE',  ( 71.95684105063588731, -10.37453777577771952, -17.63384873133002984 ) ) ;
#4352 = CARTESIAN_POINT ( 'NONE',  ( -0.2000000000000000111, -15.50000000000001599, 14.80000000000000071 ) ) ;
#4353 = ORIENTED_EDGE ( 'NONE', *, *, #7803, .T. ) ;
#4354 = CARTESIAN_POINT ( 'NONE',  ( -1.799999999999999378, -3.200000000000001510, -0.2000000000000005107 ) ) ;
#4355 = CARTESIAN_POINT ( 'NONE',  ( 46.80000000000000426, -27.50000000000000355, 32.75000000000000000 ) ) ;
#4356 = LINE ( 'NONE', #768, #6173 ) ;
#4357 = EDGE_CURVE ( 'NONE', #8427, #2401, #7483, .T. ) ;
#4358 = VECTOR ( 'NONE', #301, 1000.000000000000000 ) ;
#4359 = LINE ( 'NONE', #1676, #287 ) ;
#4360 = DIRECTION ( 'NONE',  ( 0.000000000000000000, 0.000000000000000000, 1.000000000000000000 ) ) ;
#4361 = ORIENTED_EDGE ( 'NONE', *, *, #9918, .F. ) ;
#4362 = ADVANCED_FACE ( 'NONE', ( #5675 ), #1468, .F. ) ;
#4363 = DIRECTION ( 'NONE',  ( 0.7071067811865513475, 0.000000000000000000, -0.7071067811865437980 ) ) ;
#4364 = ORIENTED_EDGE ( 'NONE', *, *, #6991, .F. ) ;
#4365 = CARTESIAN_POINT ( 'NONE',  ( 70.60000000000000853, 11.79999999999999893, -11.50000000000000000 ) ) ;
#4366 = LINE ( 'NONE', #2965, #8365 ) ;
#4367 = CARTESIAN_POINT ( 'NONE',  ( 87.57157287525382117, 3.662330314989931779, -17.73999999999999488 ) ) ;
#4368 = DIRECTION ( 'NONE',  ( -1.000000000000000000, 6.505213034913020688E-16, 0.000000000000000000 ) ) ;
#4369 = VERTEX_POINT ( 'NONE', #6164 ) ;
#4370 = LINE ( 'NONE', #9196, #1278 ) ;
#4371 = LINE ( 'NONE', #367, #4972 ) ;
#4372 = EDGE_LOOP ( 'NONE', ( #5612, #68, #4033, #1596, #1964 ) ) ;
#4373 = CARTESIAN_POINT ( 'NONE',  ( 72.19549596807443947, -9.895909263418291246, -17.69953467569462902 ) ) ;
#4374 = CARTESIAN_POINT ( 'NONE',  ( 37.45746467766197441, -18.70000000000000284, 21.99325111528885301 ) ) ;
#4375 = DIRECTION ( 'NONE',  ( 0.000000000000000000, 3.001251688541188813E-16, -1.000000000000000000 ) ) ;
#4376 = EDGE_LOOP ( 'NONE', ( #9541, #4944, #2121, #6001, #3067 ) ) ;
#4377 = EDGE_CURVE ( 'NONE', #4030, #1585, #2749, .T. ) ;
#4378 = FACE_OUTER_BOUND ( 'NONE', #6289, .T. ) ;
#4379 = ORIENTED_EDGE ( 'NONE', *, *, #636, .F. ) ;
#4380 = ADVANCED_FACE ( 'NONE', ( #5431 ), #6897, .F. ) ;
#4381 = CARTESIAN_POINT ( 'NONE',  ( 2.199999999999993516, -0.1000000000000002415, 56.79999999999999716 ) ) ;
#4382 = AXIS2_PLACEMENT_3D ( 'NONE', #2280, #3821, #9262 ) ;
#4383 = CARTESIAN_POINT ( 'NONE',  ( 72.31998921238492528, -9.649825469296363423, -17.72035492120292943 ) ) ;
#4384 = CARTESIAN_POINT ( 'NONE',  ( 71.03373776403719830, -14.07542527344770811, -16.41450692687236668 ) ) ;
#4385 = CARTESIAN_POINT ( 'NONE',  ( -1.800000000000000266, -0.1000000000000000056, 0.000000000000000000 ) ) ;
#4386 = ORIENTED_EDGE ( 'NONE', *, *, #2023, .F. ) ;
#4387 = FACE_OUTER_BOUND ( 'NONE', #3882, .T. ) ;
#4388 = CARTESIAN_POINT ( 'NONE',  ( -1.800000000000000266, -9.500000000000001776, 8.799999999999995381 ) ) ;
#4389 = EDGE_CURVE ( 'NONE', #71, #6554, #9058, .T. ) ;
#4390 = EDGE_CURVE ( 'NONE', #6146, #4709, #4815, .T. ) ;
#4391 = FACE_OUTER_BOUND ( 'NONE', #8350, .T. ) ;
#4392 = ORIENTED_EDGE ( 'NONE', *, *, #214, .T. ) ;
#4393 = CARTESIAN_POINT ( 'NONE',  ( 3.799999999999999378, 17.99999999999999289, -2.052778186154400775 ) ) ;
#4394 = CARTESIAN_POINT ( 'NONE',  ( -1.800000000000000266, -3.100000000000058265, 3.599999999999999645 ) ) ;
#4395 = VECTOR ( 'NONE', #3550, 1000.000000000000000 ) ;
#4396 = DIRECTION ( 'NONE',  ( 1.000000000000000000, 0.000000000000000000, 0.000000000000000000 ) ) ;
#4397 = EDGE_CURVE ( 'NONE', #2580, #8651, #6652, .T. ) ;
#4398 = CARTESIAN_POINT ( 'NONE',  ( 3.227315458465252807, -12.09486145610140007, -17.14135382956738241 ) ) ;
#4399 = CARTESIAN_POINT ( 'NONE',  ( -1.800000000000000266, -17.50000000000000000, 14.80000000000000071 ) ) ;
#4400 = ORIENTED_EDGE ( 'NONE', *, *, #4508, .F. ) ;
#4401 = FACE_OUTER_BOUND ( 'NONE', #6504, .T. ) ;
#4402 = VERTEX_POINT ( 'NONE', #5329 ) ;
#4403 = AXIS2_PLACEMENT_3D ( 'NONE', #5981, #5175, #2794 ) ;
#4404 = DIRECTION ( 'NONE',  ( -0.7071067811865492381, 0.7071067811865457964, 0.000000000000000000 ) ) ;
#4405 = CARTESIAN_POINT ( 'NONE',  ( 70.60000000000000853, -14.40659966456862584, -15.73999999999999666 ) ) ;
#4406 = ORIENTED_EDGE ( 'NONE', *, *, #8814, .F. ) ;
#4407 = ORIENTED_EDGE ( 'NONE', *, *, #6003, .T. ) ;
#4408 = LINE ( 'NONE', #6513, #7566 ) ;
#4409 = ORIENTED_EDGE ( 'NONE', *, *, #7738, .F. ) ;
#4410 = EDGE_CURVE ( 'NONE', #7314, #1365, #4555, .T. ) ;
#4411 = ORIENTED_EDGE ( 'NONE', *, *, #1895, .T. ) ;
#4412 = AXIS2_PLACEMENT_3D ( 'NONE', #617, #5984, #8326 ) ;
#4413 = ORIENTED_EDGE ( 'NONE', *, *, #565, .F. ) ;
#4414 = CARTESIAN_POINT ( 'NONE',  ( 86.79999999999999716, -0.1000000000000000056, 18.75000000000047251 ) ) ;
#4415 = DIRECTION ( 'NONE',  ( 0.000000000000000000, -1.000000000000000000, -1.234678630588475078E-16 ) ) ;
#4416 = CARTESIAN_POINT ( 'NONE',  ( 70.60000000000000853, -14.40659966456862406, -15.73999999999999666 ) ) ;
#4417 = CARTESIAN_POINT ( 'NONE',  ( 71.31226305219547612, -12.71793930181756060, -17.06267781364668679 ) ) ;
#4418 = CARTESIAN_POINT ( 'NONE',  ( 62.80000000000001137, -19.09999999999999787, 9.799999999999998934 ) ) ;
#4419 = DIRECTION ( 'NONE',  ( 1.000000000000000000, -0.000000000000000000, 0.000000000000000000 ) ) ;
#4420 = VECTOR ( 'NONE', #9272, 1000.000000000000000 ) ;
#4421 = ORIENTED_EDGE ( 'NONE', *, *, #1192, .T. ) ;
#4422 = ORIENTED_EDGE ( 'NONE', *, *, #3306, .T. ) ;
#4423 = VERTEX_POINT ( 'NONE', #593 ) ;
#4424 = CARTESIAN_POINT ( 'NONE',  ( 49.91715785400801764, -18.70000000000000639, 37.28137141638114826 ) ) ;
#4425 = CARTESIAN_POINT ( 'NONE',  ( 3.399999999999958611, -14.62770798392563876, -16.07333333333335190 ) ) ;
#4426 = EDGE_CURVE ( 'NONE', #6196, #7288, #6140, .T. ) ;
#4427 = CARTESIAN_POINT ( 'NONE',  ( 3.746747249973485516, -13.80702628442277202, -16.19856098843248304 ) ) ;
#4428 = LINE ( 'NONE', #9200, #2347 ) ;
#4429 = ORIENTED_EDGE ( 'NONE', *, *, #9872, .T. ) ;
#4430 = AXIS2_PLACEMENT_3D ( 'NONE', #127, #6375, #5643 ) ;
#4431 = ADVANCED_FACE ( 'NONE', ( #1604 ), #6094, .F. ) ;
#4432 = ORIENTED_EDGE ( 'NONE', *, *, #3937, .T. ) ;
#4433 = CARTESIAN_POINT ( 'NONE',  ( 71.00688868749070082, -12.52702620634886976, -16.94957744424777957 ) ) ;
#4434 = LINE ( 'NONE', #9391, #5667 ) ;
#4435 = DIRECTION ( 'NONE',  ( 1.000000000000000000, 0.000000000000000000, -0.000000000000000000 ) ) ;
#4436 = VERTEX_POINT ( 'NONE', #1409 ) ;
#4437 = DIRECTION ( 'NONE',  ( -0.000000000000000000, -1.000000000000000000, -0.000000000000000000 ) ) ;
#4438 = VERTEX_POINT ( 'NONE', #7839 ) ;
#4439 = ORIENTED_EDGE ( 'NONE', *, *, #5882, .F. ) ;
#4440 = VECTOR ( 'NONE', #5746, 1000.000000000000000 ) ;
#4441 = ORIENTED_EDGE ( 'NONE', *, *, #6003, .F. ) ;
#4442 = EDGE_CURVE ( 'NONE', #744, #8402, #9423, .T. ) ;
#4443 = EDGE_CURVE ( 'NONE', #313, #3292, #852, .T. ) ;
#4444 = FACE_OUTER_BOUND ( 'NONE', #9484, .T. ) ;
#4445 = VECTOR ( 'NONE', #1369, 1000.000000000000114 ) ;
#4446 = ORIENTED_EDGE ( 'NONE', *, *, #8514, .T. ) ;
#4447 = CARTESIAN_POINT ( 'NONE',  ( 51.33137141638115963, -17.90000000000002345, 29.63284214599200439 ) ) ;
#4449 = CARTESIAN_POINT ( 'NONE',  ( 57.99913102618094030, -18.95824675535184412, 22.83574880511512006 ) ) ;
#4448 = DIRECTION ( 'NONE',  ( -1.000000000000000000, -0.000000000000000000, -0.000000000000000000 ) ) ;
#4450 = CARTESIAN_POINT ( 'NONE',  ( 71.51892342232881106, -12.02700549182319634, -17.30213212154155755 ) ) ;
#4451 = CIRCLE ( 'NONE', #941, 1.000000000000000888 ) ;
#4452 = CARTESIAN_POINT ( 'NONE',  ( 87.40000000000000568, -16.69999999999999929, -9.299999999999998934 ) ) ;
#4453 = LINE ( 'NONE', #7894, #7610 ) ;
#4454 = ORIENTED_EDGE ( 'NONE', *, *, #8358, .T. ) ;
#4455 = LINE ( 'NONE', #6693, #5549 ) ;
#4456 = VECTOR ( 'NONE', #4632, 1000.000000000000000 ) ;
#4457 = CARTESIAN_POINT ( 'NONE',  ( -4.000000000000011546, -11.70000000000002061, 30.80000000000000071 ) ) ;
#4458 = AXIS2_PLACEMENT_3D ( 'NONE', #2112, #8355, #5889 ) ;
#4459 = CARTESIAN_POINT ( 'NONE',  ( 88.40000000000000568, -15.54999999999981419, 1.950000000000472244 ) ) ;
#4460 = CARTESIAN_POINT ( 'NONE',  ( 3.599228439715256300, -13.16106248384336297, -16.61342045926666344 ) ) ;
#4461 = CARTESIAN_POINT ( 'NONE',  ( 0.05979833873453500870, -9.458018878023143117, -17.73358937365393118 ) ) ;
#4462 = VECTOR ( 'NONE', #2262, 1000.000000000000114 ) ;
#4463 = ORIENTED_EDGE ( 'NONE', *, *, #5298, .T. ) ;
#4464 = ORIENTED_EDGE ( 'NONE', *, *, #3798, .T. ) ;
#4465 = CARTESIAN_POINT ( 'NONE',  ( 2.102207175685469664, -9.873953244650140348, -17.71020630334627199 ) ) ;
#4466 = VECTOR ( 'NONE', #8906, 1000.000000000000000 ) ;
#4467 = CARTESIAN_POINT ( 'NONE',  ( 72.60000000000000853, -9.099999999999994316, -17.73999999999999844 ) ) ;
#4468 = CARTESIAN_POINT ( 'NONE',  ( 3.199999999999978861, -19.29999999999996163, -1.200000000000048139 ) ) ;
#4469 = PLANE ( 'NONE',  #9367 ) ;
#4470 = VECTOR ( 'NONE', #8734, 1000.000000000000000 ) ;
#4471 = EDGE_CURVE ( 'NONE', #2743, #9888, #1242, .T. ) ;
#4472 = CARTESIAN_POINT ( 'NONE',  ( 86.79999999999999716, -0.1000000000000000056, 54.39999999999972857 ) ) ;
#4473 = LINE ( 'NONE', #251, #4708 ) ;
#4474 = AXIS2_PLACEMENT_3D ( 'NONE', #3781, #7030, #2276 ) ;
#4475 = ORIENTED_EDGE ( 'NONE', *, *, #3612, .F. ) ;
#4476 = VECTOR ( 'NONE', #5784, 1000.000000000000000 ) ;
#4477 = EDGE_LOOP ( 'NONE', ( #3008, #9702, #1689, #733 ) ) ;
#4478 = ORIENTED_EDGE ( 'NONE', *, *, #2291, .F. ) ;
#4479 = ORIENTED_EDGE ( 'NONE', *, *, #5105, .F. ) ;
#4480 = VECTOR ( 'NONE', #6310, 1000.000000000000000 ) ;
#4481 = ADVANCED_FACE ( 'NONE', ( #2491 ), #8600, .F. ) ;
#4482 = CARTESIAN_POINT ( 'NONE',  ( -1.800000000000000266, -7.300000000000022027, 1.599999999999999867 ) ) ;
#4483 = CARTESIAN_POINT ( 'NONE',  ( 72.45434867591148986, -9.471958965808781272, -17.73308077079417444 ) ) ;
#4484 = LINE ( 'NONE', #5742, #1157 ) ;
#4485 = VERTEX_POINT ( 'NONE', #9371 ) ;
#4486 = ORIENTED_EDGE ( 'NONE', *, *, #5106, .F. ) ;
#4487 = EDGE_CURVE ( 'NONE', #3996, #3778, #5058, .T. ) ;
#4488 = CARTESIAN_POINT ( 'NONE',  ( 50.02824178013787559, -17.76741802158619166, 37.20495611051195084 ) ) ;
#4489 = CARTESIAN_POINT ( 'NONE',  ( -0.2000000000000000111, -1.545900930049276534, 16.39936534720461125 ) ) ;
#4490 = LINE ( 'NONE', #2836, #2804 ) ;
#4491 = LINE ( 'NONE', #9777, #2929 ) ;
#4492 = CARTESIAN_POINT ( 'NONE',  ( 3.665858759352195406, -13.41293231304129741, -16.46104948862885564 ) ) ;
#4493 = CARTESIAN_POINT ( 'NONE',  ( -0.1198815312039391567, -9.919632242495453056, -17.70643667523032860 ) ) ;
#4494 = ORIENTED_EDGE ( 'NONE', *, *, #1877, .T. ) ;
#4495 = CARTESIAN_POINT ( 'NONE',  ( 1.799999999999996048, -17.50000000000000355, 40.80000000000000426 ) ) ;
#4496 = CARTESIAN_POINT ( 'NONE',  ( 43.46355800182881524, -17.63402459936133582, 28.37549045829650751 ) ) ;
#4497 = ORIENTED_EDGE ( 'NONE', *, *, #700, .F. ) ;
#4498 = EDGE_CURVE ( 'NONE', #9198, #4485, #3825, .T. ) ;
#4499 = EDGE_CURVE ( 'NONE', #6253, #4369, #8206, .T. ) ;
#4500 = VECTOR ( 'NONE', #5010, 999.9999999999998863 ) ;
#4501 = VERTEX_POINT ( 'NONE', #8634 ) ;
#4502 = ORIENTED_EDGE ( 'NONE', *, *, #1698, .F. ) ;
#4503 = DIRECTION ( 'NONE',  ( 1.000000000000000000, 0.000000000000000000, -0.000000000000000000 ) ) ;
#4504 = ORIENTED_EDGE ( 'NONE', *, *, #8983, .T. ) ;
#4505 = DIRECTION ( 'NONE',  ( 0.000000000000000000, -1.000000000000000000, 0.000000000000000000 ) ) ;
#4506 = DIRECTION ( 'NONE',  ( -0.000000000000000000, 1.000000000000000000, 3.001251688541188813E-16 ) ) ;
#4507 = CARTESIAN_POINT ( 'NONE',  ( -1.800000000000000266, -17.50000000000000000, 28.80000000000000071 ) ) ;
#4508 = EDGE_CURVE ( 'NONE', #3642, #4529, #10042, .T. ) ;
#4509 = EDGE_CURVE ( 'NONE', #5095, #6835, #1727, .T. ) ;
#4510 = FACE_OUTER_BOUND ( 'NONE', #6457, .T. ) ;
#4511 = AXIS2_PLACEMENT_3D ( 'NONE', #4758, #5424, #8524 ) ;
#4512 = ORIENTED_EDGE ( 'NONE', *, *, #4343, .T. ) ;
#4513 = ORIENTED_EDGE ( 'NONE', *, *, #791, .F. ) ;
#4514 = CIRCLE ( 'NONE', #5288, 11.30000000000000071 ) ;
#4515 = EDGE_LOOP ( 'NONE', ( #9138, #1532, #1212, #8451 ) ) ;
#4516 = PLANE ( 'NONE',  #5712 ) ;
#4517 = ORIENTED_EDGE ( 'NONE', *, *, #3597, .F. ) ;
#4518 = CARTESIAN_POINT ( 'NONE',  ( 88.00000000000001421, -18.90000000000001279, 57.60000000000000142 ) ) ;
#4519 = CARTESIAN_POINT ( 'NONE',  ( 3.703580086092867596, -13.57455627313263058, -16.35785755271234265 ) ) ;
#4520 = CARTESIAN_POINT ( 'NONE',  ( -0.7139762719252467082, -11.52562919599463065, -17.44154187868600658 ) ) ;
#4521 = ORIENTED_EDGE ( 'NONE', *, *, #3811, .F. ) ;
#4522 = ORIENTED_EDGE ( 'NONE', *, *, #9696, .F. ) ;
#4523 = ADVANCED_FACE ( 'NONE', ( #7356 ), #1674, .F. ) ;
#4524 = EDGE_CURVE ( 'NONE', #6196, #7317, #9789, .T. ) ;
#4525 = AXIS2_PLACEMENT_3D ( 'NONE', #8012, #9557, #982 ) ;
#4526 = ORIENTED_EDGE ( 'NONE', *, *, #4879, .F. ) ;
#4527 = CARTESIAN_POINT ( 'NONE',  ( -1.800000000000000266, -14.40659966456863472, -15.74000000000000377 ) ) ;
#4528 = LINE ( 'NONE', #6496, #6734 ) ;
#4529 = VERTEX_POINT ( 'NONE', #4693 ) ;
#4530 = DIRECTION ( 'NONE',  ( -0.000000000000000000, -0.000000000000000000, -1.000000000000000000 ) ) ;
#4531 = ORIENTED_EDGE ( 'NONE', *, *, #838, .T. ) ;
#4532 = ORIENTED_EDGE ( 'NONE', *, *, #9963, .F. ) ;
#4533 = ADVANCED_FACE ( 'NONE', ( #4804 ), #3118, .F. ) ;
#4534 = CARTESIAN_POINT ( 'NONE',  ( -0.3666919920904239127, 12.80379910063936855, -17.66155508376919769 ) ) ;
#4535 = DIRECTION ( 'NONE',  ( -0.000000000000000000, -1.000000000000000000, -0.000000000000000000 ) ) ;
#4536 = EDGE_CURVE ( 'NONE', #1018, #5509, #9542, .T. ) ;
#4537 = CARTESIAN_POINT ( 'NONE',  ( 72.54314982442726034, 11.90009519115996817, -17.74000000000000909 ) ) ;
#4538 = FACE_BOUND ( 'NONE', #3802, .T. ) ;
#4539 = CARTESIAN_POINT ( 'NONE',  ( 72.28011846648354322, -9.919632248509197225, -17.70643667474236693 ) ) ;
#4540 = PLANE ( 'NONE',  #8212 ) ;
#4541 = LINE ( 'NONE', #1876, #4312 ) ;
#4542 = DIRECTION ( 'NONE',  ( -1.399999999999999714E-14, -9.999999999999999988E-15, -1.000000000000000000 ) ) ;
#4543 = VERTEX_POINT ( 'NONE', #3300 ) ;
#4544 = CARTESIAN_POINT ( 'NONE',  ( 150.7570364914818697, 4.299999999999992717, 57.79999999999999716 ) ) ;
#4545 = VERTEX_POINT ( 'NONE', #7195 ) ;
#4546 = CARTESIAN_POINT ( 'NONE',  ( 55.62297779082215499, -18.43322684388097343, 42.98719135319529983 ) ) ;
#4547 = ORIENTED_EDGE ( 'NONE', *, *, #6002, .F. ) ;
#4548 = CARTESIAN_POINT ( 'NONE',  ( 2.199999999999993516, -0.1000000000000002415, 56.79999999999999716 ) ) ;
#4549 = CARTESIAN_POINT ( 'NONE',  ( -0.0009482756179180777591, -9.613575870652853794, -17.72684727352570278 ) ) ;
#4550 = LINE ( 'NONE', #5853, #3000 ) ;
#4551 = CARTESIAN_POINT ( 'NONE',  ( 1.937293577055452909, -9.450581285657293051, -17.73385307286636348 ) ) ;
#4552 = ORIENTED_EDGE ( 'NONE', *, *, #5165, .T. ) ;
#4553 = CARTESIAN_POINT ( 'NONE',  ( 1.799999999999996048, -17.50000000000000000, -2.755455298081544778E-15 ) ) ;
#4554 = ORIENTED_EDGE ( 'NONE', *, *, #851, .F. ) ;
#4555 = LINE ( 'NONE', #2241, #3369 ) ;
#4556 = DIRECTION ( 'NONE',  ( 1.000000000000000000, -0.000000000000000000, -0.000000000000000000 ) ) ;
#4557 = CARTESIAN_POINT ( 'NONE',  ( -1.800000000000000266, -0.2000000000003211154, 21.69999999999940599 ) ) ;
#4558 = ORIENTED_EDGE ( 'NONE', *, *, #3170, .F. ) ;
#4559 = CARTESIAN_POINT ( 'NONE',  ( 86.79999999999999716, -0.1000000000000000056, -0.000000000000000000 ) ) ;
#4560 = DIRECTION ( 'NONE',  ( 0.000000000000000000, 0.000000000000000000, -1.000000000000000000 ) ) ;
#4561 = VECTOR ( 'NONE', #3412, 1000.000000000000000 ) ;
#4562 = ORIENTED_EDGE ( 'NONE', *, *, #8983, .F. ) ;
#4563 = DIRECTION ( 'NONE',  ( -1.000000000000000000, 0.000000000000000000, 0.000000000000000000 ) ) ;
#4564 = EDGE_LOOP ( 'NONE', ( #1920, #4301, #7729, #7207 ) ) ;
#4565 = EDGE_CURVE ( 'NONE', #8587, #10091, #5174, .T. ) ;
#4566 = EDGE_CURVE ( 'NONE', #4051, #1443, #1847, .T. ) ;
#4567 = CARTESIAN_POINT ( 'NONE',  ( 35.89622060730528830, -18.77549460893410327, 42.23956583032153134 ) ) ;
#4568 = ADVANCED_FACE ( 'NONE', ( #9168 ), #2573, .F. ) ;
#4569 = CARTESIAN_POINT ( 'NONE',  ( -1.000000000000000000, -4.545900930049277200, 16.39936534720461125 ) ) ;
#4570 = DIRECTION ( 'NONE',  ( -1.000000000000000000, 0.000000000000000000, -0.000000000000000000 ) ) ;
#4571 = CARTESIAN_POINT ( 'NONE',  ( 71.78698963864815141, -11.23787840265588400, -17.50881096714751806 ) ) ;
#4572 = VECTOR ( 'NONE', #3313, 1000.000000000000000 ) ;
#4573 = CARTESIAN_POINT ( 'NONE',  ( -1.800000000000000266, -9.500000000000001776, 36.79999999999999716 ) ) ;
#4574 = CARTESIAN_POINT ( 'NONE',  ( -1.000000000000000000, -1.545900930049276978, 20.39936534720461481 ) ) ;
#4575 = LINE ( 'NONE', #1233, #8133 ) ;
#4576 = DIRECTION ( 'NONE',  ( 1.000000000000000000, 0.000000000000000000, -0.000000000000000000 ) ) ;
#4577 = ORIENTED_EDGE ( 'NONE', *, *, #1277, .T. ) ;
#4578 = DIRECTION ( 'NONE',  ( 0.7071067811865462405, -8.730496322752327455E-17, 0.7071067811865489050 ) ) ;
#4579 = VERTEX_POINT ( 'NONE', #6260 ) ;
#4580 = CARTESIAN_POINT ( 'NONE',  ( 88.40000000000000568, -18.20262464989040296, 36.89999999999971436 ) ) ;
#4581 = ORIENTED_EDGE ( 'NONE', *, *, #7149, .T. ) ;
#4582 = ADVANCED_FACE ( 'NONE', ( #7858 ), #4976, .F. ) ;
#4583 = CARTESIAN_POINT ( 'NONE',  ( 3.799999999999999822, -18.69999999999997797, -5.612340657572016178E-15 ) ) ;
#4584 = CARTESIAN_POINT ( 'NONE',  ( 0.04956601945948453658, -9.484194593825684194, -17.73262280817948522 ) ) ;
#4585 = LINE ( 'NONE', #9829, #8595 ) ;
#4586 = FACE_OUTER_BOUND ( 'NONE', #53, .T. ) ;
#4587 = VECTOR ( 'NONE', #3163, 1000.000000000000000 ) ;
#4588 = EDGE_LOOP ( 'NONE', ( #10116, #9571, #1815, #6300, #7203 ) ) ;
#4589 = LINE ( 'NONE', #6475, #2544 ) ;
#4590 = ORIENTED_EDGE ( 'NONE', *, *, #1348, .T. ) ;
#4591 = CARTESIAN_POINT ( 'NONE',  ( 55.34491675184035131, -17.50000000000000355, 25.05361138558361489 ) ) ;
#4592 = DIRECTION ( 'NONE',  ( -0.7071067811865462405, 0.000000000000000000, -0.7071067811865489050 ) ) ;
#4594 = EDGE_CURVE ( 'NONE', #7067, #6241, #7592, .T. ) ;
#4593 = CARTESIAN_POINT ( 'NONE',  ( 21.74999999999956657, -3.200000000000001510, -0.2000000000000005107 ) ) ;
#4595 = CARTESIAN_POINT ( 'NONE',  ( 84.20000000000001705, 17.99999999999999645, -2.052778186154404327 ) ) ;
#4596 = CARTESIAN_POINT ( 'NONE',  ( 17.00677727426996810, -10.49463313667988906, -1.800000000000000044 ) ) ;
#4597 = VECTOR ( 'NONE', #3201, 1000.000000000000000 ) ;
#4598 = AXIS2_PLACEMENT_3D ( 'NONE', #5570, #7944, #6407 ) ;
#4599 = LINE ( 'NONE', #9211, #911 ) ;
#4600 = VECTOR ( 'NONE', #4530, 1000.000000000000000 ) ;
#4601 = ORIENTED_EDGE ( 'NONE', *, *, #6631, .T. ) ;
#4602 = CARTESIAN_POINT ( 'NONE',  ( -1.800000000000000266, -9.500000000000001776, 32.79999999999999716 ) ) ;
#4603 = CARTESIAN_POINT ( 'NONE',  ( 35.49407982409817208, -19.10000000000018261, 43.12754564144524494 ) ) ;
#4604 = ORIENTED_EDGE ( 'NONE', *, *, #3357, .F. ) ;
#4605 = DIRECTION ( 'NONE',  ( 0.000000000000000000, 0.000000000000000000, -1.000000000000000000 ) ) ;
#4606 = CARTESIAN_POINT ( 'NONE',  ( 86.94361334081338555, -10.50465559581590824, -17.64086850943065343 ) ) ;
#4607 = CARTESIAN_POINT ( 'NONE',  ( 51.20298003880702709, -18.96825504888387925, 29.62148222078541693 ) ) ;
#4608 = VECTOR ( 'NONE', #7759, 1000.000000000000000 ) ;
#4609 = ORIENTED_EDGE ( 'NONE', *, *, #8962, .T. ) ;
#4610 = VECTOR ( 'NONE', #6099, 1000.000000000000000 ) ;
#4611 = CARTESIAN_POINT ( 'NONE',  ( 70.60000000000000853, 9.823197995883754530, -12.34543115421777415 ) ) ;
#4612 = EDGE_CURVE ( 'NONE', #3569, #5895, #6516, .T. ) ;
#4613 = VERTEX_POINT ( 'NONE', #5761 ) ;
#4614 = ORIENTED_EDGE ( 'NONE', *, *, #8344, .F. ) ;
#4615 = DIRECTION ( 'NONE',  ( 0.000000000000000000, 0.000000000000000000, 1.000000000000000000 ) ) ;
#4616 = CARTESIAN_POINT ( 'NONE',  ( 88.40000000000000568, -19.09999999999999076, -7.740000000000001101 ) ) ;
#4617 = DIRECTION ( 'NONE',  ( -0.5000000000000026645, -0.7071067811865447972, 0.5000000000000011102 ) ) ;
#4618 = EDGE_LOOP ( 'NONE', ( #10040, #4674, #7938, #2272, #3020, #7212, #4590, #566 ) ) ;
#4619 = ADVANCED_FACE ( 'NONE', ( #8681 ), #6517, .T. ) ;
#4620 = ORIENTED_EDGE ( 'NONE', *, *, #3783, .T. ) ;
#4621 = AXIS2_PLACEMENT_3D ( 'NONE', #7710, #9162, #5376 ) ;
#4622 = VECTOR ( 'NONE', #6642, 1000.000000000000000 ) ;
#4623 = DIRECTION ( 'NONE',  ( 0.7071067811865516806, 2.122205421015038826E-16, -0.7071067811865434649 ) ) ;
#4624 = EDGE_LOOP ( 'NONE', ( #6997, #9920, #4635, #6962 ) ) ;
#4625 = CARTESIAN_POINT ( 'NONE',  ( -1.800000000000000266, -0.1000000000000000056, 34.24999999999941025 ) ) ;
#4626 = DIRECTION ( 'NONE',  ( -1.000000000000000000, 0.000000000000000000, 0.000000000000000000 ) ) ;
#4627 = CIRCLE ( 'NONE', #7689, 11.50000000000000355 ) ;
#4628 = EDGE_CURVE ( 'NONE', #6139, #6611, #4541, .T. ) ;
#4629 = EDGE_CURVE ( 'NONE', #5180, #8651, #10159, .T. ) ;
#4630 = VERTEX_POINT ( 'NONE', #220 ) ;
#4631 = DIRECTION ( 'NONE',  ( 1.000000000000000000, 0.000000000000000000, 0.000000000000000000 ) ) ;
#4632 = DIRECTION ( 'NONE',  ( -0.000000000000000000, 1.000000000000000000, -0.000000000000000000 ) ) ;
#4633 = CARTESIAN_POINT ( 'NONE',  ( -4.000000000000012434, -11.70000000000002416, 24.80000000000000071 ) ) ;
#4634 = ORIENTED_EDGE ( 'NONE', *, *, #5330, .T. ) ;
#4635 = ORIENTED_EDGE ( 'NONE', *, *, #458, .T. ) ;
#4636 = CARTESIAN_POINT ( 'NONE',  ( 71.39705357627583737, 13.99392382416414726, -17.34270561934083332 ) ) ;
#4637 = DIRECTION ( 'NONE',  ( -0.000000000000000000, 1.000000000000000000, 3.001251688541188813E-16 ) ) ;
#4638 = VERTEX_POINT ( 'NONE', #158 ) ;
#4639 = AXIS2_PLACEMENT_3D ( 'NONE', #9807, #5261, #9025 ) ;
#4640 = CARTESIAN_POINT ( 'NONE',  ( 87.54260452537057802, -11.42886672318990726, -17.38176477248552132 ) ) ;
#4641 = CARTESIAN_POINT ( 'NONE',  ( 86.77695059023946555, -10.06748857674859110, -17.69316030351399149 ) ) ;
#4642 = DIRECTION ( 'NONE',  ( -0.000000000000000000, -0.7071067811865440200, 0.7071067811865511255 ) ) ;
#4643 = ORIENTED_EDGE ( 'NONE', *, *, #9459, .F. ) ;
#4644 = EDGE_CURVE ( 'NONE', #242, #9876, #9417, .T. ) ;
#4645 = AXIS2_PLACEMENT_3D ( 'NONE', #3084, #1559, #10110 ) ;
#4646 = ORIENTED_EDGE ( 'NONE', *, *, #2604, .T. ) ;
#4647 = EDGE_CURVE ( 'NONE', #8510, #7353, #2482, .T. ) ;
#4648 = ORIENTED_EDGE ( 'NONE', *, *, #4283, .F. ) ;
#4649 = FACE_OUTER_BOUND ( 'NONE', #1918, .T. ) ;
#4650 = DIRECTION ( 'NONE',  ( -0.000000000000000000, 1.000000000000000000, -0.000000000000000000 ) ) ;
#4651 = DIRECTION ( 'NONE',  ( -0.7071067811865272557, 0.7071067811865678898, 2.122205421015111796E-16 ) ) ;
#4652 = CARTESIAN_POINT ( 'NONE',  ( 6.129999999999577120, -7.632548668951539159E-14, -1.800000000000000044 ) ) ;
#4653 = LINE ( 'NONE', #2963, #4171 ) ;
#4654 = ORIENTED_EDGE ( 'NONE', *, *, #8163, .T. ) ;
#4655 = EDGE_CURVE ( 'NONE', #8311, #10037, #6246, .T. ) ;
#4656 = ORIENTED_EDGE ( 'NONE', *, *, #3976, .F. ) ;
#4657 = CARTESIAN_POINT ( 'NONE',  ( 42.28766714215741729, -18.82182838118884760, 35.86892349268234170 ) ) ;
#4658 = FILL_AREA_STYLE_COLOUR ( '', #3830 ) ;
#4659 = CARTESIAN_POINT ( 'NONE',  ( 62.80000000000001137, -17.50000000000000000, 8.799999999999998934 ) ) ;
#4660 = DIRECTION ( 'NONE',  ( -1.000000000000000000, -0.000000000000000000, 0.000000000000000000 ) ) ;
#4661 = CARTESIAN_POINT ( 'NONE',  ( 37.99196734580363000, -17.50000000000000000, 25.35618090817671444 ) ) ;
#4662 = FACE_BOUND ( 'NONE', #6483, .T. ) ;
#4663 = VERTEX_POINT ( 'NONE', #1745 ) ;
#4664 = ORIENTED_EDGE ( 'NONE', *, *, #6548, .T. ) ;
#4665 = CIRCLE ( 'NONE', #3068, 5.499999999999998224 ) ;
#4666 = PLANE ( 'NONE',  #6949 ) ;
#4667 = EDGE_CURVE ( 'NONE', #3292, #4932, #4665, .T. ) ;
#4668 = CARTESIAN_POINT ( 'NONE',  ( -1.400000000000012346, -19.10000000000001208, 57.39999999999999858 ) ) ;
#4669 = DIRECTION ( 'NONE',  ( -0.000000000000000000, -1.000000000000000000, -0.000000000000000000 ) ) ;
#4670 = ADVANCED_FACE ( 'NONE', ( #2988 ), #1054, .T. ) ;
#4671 = CARTESIAN_POINT ( 'NONE',  ( 88.32473556567397566, -13.67855546235283626, -16.28825346441603372 ) ) ;
#4672 = CARTESIAN_POINT ( 'NONE',  ( 87.95163625694844711, -13.95910101252591851, -16.48010405988876315 ) ) ;
#4673 = DIRECTION ( 'NONE',  ( -0.000000000000000000, -1.000000000000000000, -0.000000000000000000 ) ) ;
#4674 = ORIENTED_EDGE ( 'NONE', *, *, #7222, .T. ) ;
#4675 = ORIENTED_EDGE ( 'NONE', *, *, #822, .T. ) ;
#4676 = CARTESIAN_POINT ( 'NONE',  ( 49.91892349268234597, -18.82182838118885826, 37.26233285784259408 ) ) ;
#4677 = ORIENTED_EDGE ( 'NONE', *, *, #5252, .T. ) ;
#4678 = LINE ( 'NONE', #9051, #3948 ) ;
#4679 = EDGE_LOOP ( 'NONE', ( #5385, #10127, #9861, #7583, #7273 ) ) ;
#4680 = CARTESIAN_POINT ( 'NONE',  ( -0.2000000000000000111, -15.50000000000001421, 4.799999999999998934 ) ) ;
#4681 = ORIENTED_EDGE ( 'NONE', *, *, #4688, .T. ) ;
#4682 = LINE ( 'NONE', #756, #9068 ) ;
#4683 = CARTESIAN_POINT ( 'NONE',  ( -1.800000000000000266, -9.500000000000001776, 4.799999999999998934 ) ) ;
#4684 = CARTESIAN_POINT ( 'NONE',  ( 59.79999999999999716, -15.50000000000000711, 56.20000000000000284 ) ) ;
#4685 = VERTEX_POINT ( 'NONE', #4189 ) ;
#4686 = VECTOR ( 'NONE', #7728, 1000.000000000000114 ) ;
#4687 = EDGE_CURVE ( 'NONE', #7406, #7314, #3473, .T. ) ;
#4688 = EDGE_CURVE ( 'NONE', #9772, #2889, #2352, .T. ) ;
#4689 = EDGE_CURVE ( 'NONE', #4751, #6241, #8925, .T. ) ;
#4690 = ORIENTED_EDGE ( 'NONE', *, *, #8283, .F. ) ;
#4691 = ORIENTED_EDGE ( 'NONE', *, *, #2621, .T. ) ;
#4692 = CARTESIAN_POINT ( 'NONE',  ( 3.760203220280359471, -13.88495347591281615, -16.14425074667544280 ) ) ;
#4693 = CARTESIAN_POINT ( 'NONE',  ( -0.2000000000000000111, -9.500000000000001776, 18.80000000000000071 ) ) ;
#4694 = PLANE ( 'NONE',  #5934 ) ;
#4695 = CARTESIAN_POINT ( 'NONE',  ( 54.19381909182334311, -17.50000000000000000, 23.94196734580367902 ) ) ;
#4696 = DIRECTION ( 'NONE',  ( 0.000000000000000000, 0.000000000000000000, 1.000000000000000000 ) ) ;
#4697 = AXIS2_PLACEMENT_3D ( 'NONE', #8888, #1137, #7359 ) ;
#4698 = VERTEX_POINT ( 'NONE', #1122 ) ;
#4699 = ORIENTED_EDGE ( 'NONE', *, *, #6813, .F. ) ;
#4700 = EDGE_CURVE ( 'NONE', #3329, #9889, #8097, .T. ) ;
#4701 = EDGE_CURVE ( 'NONE', #1638, #2999, #2091, .T. ) ;
#4702 = DIRECTION ( 'NONE',  ( 0.000000000000000000, 1.234678630588475078E-16, -1.000000000000000000 ) ) ;
#4703 = CIRCLE ( 'NONE', #3186, 1.500000000000001332 ) ;
#4704 = CARTESIAN_POINT ( 'NONE',  ( 14.36999999999953559, -3.309999999999900133, -1.800000000000000044 ) ) ;
#4705 = CARTESIAN_POINT ( 'NONE',  ( 88.19922843970731208, -13.16106248381512955, -16.61342045928283895 ) ) ;
#4706 = CARTESIAN_POINT ( 'NONE',  ( 87.19849630350783798, -11.19720387732127875, -17.51762401803993896 ) ) ;
#4707 = CARTESIAN_POINT ( 'NONE',  ( -1.800000000000000266, 17.99999999999999645, -17.73999999999999844 ) ) ;
#4708 = VECTOR ( 'NONE', #2666, 1000.000000000000000 ) ;
#4709 = VERTEX_POINT ( 'NONE', #428 ) ;
#4710 = CARTESIAN_POINT ( 'NONE',  ( -1.800000000000000266, -18.69999999999999929, -5.612340657572022488E-15 ) ) ;
#4711 = EDGE_LOOP ( 'NONE', ( #4725, #7589, #7723, #4346 ) ) ;
#4712 = DIRECTION ( 'NONE',  ( 1.000000000000000000, 0.000000000000000000, 0.000000000000000000 ) ) ;
#4713 = EDGE_CURVE ( 'NONE', #1601, #3982, #9898, .T. ) ;
#4714 = DIRECTION ( 'NONE',  ( -1.000000000000000000, 0.000000000000000000, 0.000000000000000000 ) ) ;
#4715 = LINE ( 'NONE', #3758, #5220 ) ;
#4716 = CARTESIAN_POINT ( 'NONE',  ( 87.39999999999999147, -17.50000000000020250, 39.19999999999971863 ) ) ;
#4717 = CARTESIAN_POINT ( 'NONE',  ( 2.255198269456465177, 12.60448737171611810, -17.69087935670521361 ) ) ;
#4718 = VECTOR ( 'NONE', #6592, 1000.000000000000000 ) ;
#4719 = CARTESIAN_POINT ( 'NONE',  ( -1.800000000000000266, -9.500000000000001776, 14.80000000000000071 ) ) ;
#4720 = AXIS2_PLACEMENT_3D ( 'NONE', #1201, #2768, #8274 ) ;
#4721 = DIRECTION ( 'NONE',  ( 0.000000000000000000, 3.001251688541188813E-16, -1.000000000000000000 ) ) ;
#4722 = DIRECTION ( 'NONE',  ( -0.000000000000000000, 1.000000000000000000, 3.001251688541188813E-16 ) ) ;
#4723 = DIRECTION ( 'NONE',  ( 1.000000000000000000, 0.000000000000000000, -0.000000000000000000 ) ) ;
#4724 = LINE ( 'NONE', #7826, #5598 ) ;
#4725 = ORIENTED_EDGE ( 'NONE', *, *, #7433, .T. ) ;
#4726 = DIRECTION ( 'NONE',  ( -0.000000000000000000, -0.000000000000000000, -1.000000000000000000 ) ) ;
#4727 = ADVANCED_FACE ( 'NONE', ( #4926 ), #5109, .T. ) ;
#4728 = VECTOR ( 'NONE', #7778, 999.9999999999998863 ) ;
#4729 = DIRECTION ( 'NONE',  ( 0.000000000000000000, 0.000000000000000000, 1.000000000000000000 ) ) ;
#4730 = ORIENTED_EDGE ( 'NONE', *, *, #6797, .T. ) ;
#4731 = DIRECTION ( 'NONE',  ( 0.000000000000000000, 0.000000000000000000, 1.000000000000000000 ) ) ;
#4732 = CARTESIAN_POINT ( 'NONE',  ( 87.40000000000000568, -16.69999999999999929, -13.70000000000000107 ) ) ;
#4733 = ORIENTED_EDGE ( 'NONE', *, *, #4499, .T. ) ;
#4734 = EDGE_CURVE ( 'NONE', #4929, #3510, #6506, .T. ) ;
#4735 = PLANE ( 'NONE',  #3049 ) ;
#4736 = CARTESIAN_POINT ( 'NONE',  ( 86.79999999999999716, -0.1000000000000000056, 36.89999999999971436 ) ) ;
#4737 = CARTESIAN_POINT ( 'NONE',  ( -1.799999999999999378, -3.200000000000001510, -0.2000000000000005107 ) ) ;
#4738 = VERTEX_POINT ( 'NONE', #1198 ) ;
#4739 = ADVANCED_FACE ( 'NONE', ( #8314 ), #462, .F. ) ;
#4740 = LINE ( 'NONE', #4883, #8392 ) ;
#4741 = VECTOR ( 'NONE', #937, 1000.000000000000114 ) ;
#4742 = CARTESIAN_POINT ( 'NONE',  ( 3.799999999999999822, 2.809973520432616167E-17, -0.2000000000000000944 ) ) ;
#4743 = CARTESIAN_POINT ( 'NONE',  ( -1.800000000000000266, -17.50000000000000000, 40.80000000000000426 ) ) ;
#4744 = ORIENTED_EDGE ( 'NONE', *, *, #9218, .T. ) ;
#4745 = CARTESIAN_POINT ( 'NONE',  ( 87.75144075637813046, -11.91014273866868400, -17.21447511585214585 ) ) ;
#4746 = CARTESIAN_POINT ( 'NONE',  ( 87.82950618855335279, -13.28538293860691333, -16.82200642070193908 ) ) ;
#4747 = DIRECTION ( 'NONE',  ( -1.399999999999999714E-14, -9.999999999999999988E-15, -1.000000000000000000 ) ) ;
#4748 = DIRECTION ( 'NONE',  ( 0.000000000000000000, 0.000000000000000000, -1.000000000000000000 ) ) ;
#4749 = EDGE_CURVE ( 'NONE', #5043, #6524, #6995, .T. ) ;
#4750 = FACE_BOUND ( 'NONE', #3288, .T. ) ;
#4751 = VERTEX_POINT ( 'NONE', #4298 ) ;
#4752 = ORIENTED_EDGE ( 'NONE', *, *, #7879, .F. ) ;
#4753 = DIRECTION ( 'NONE',  ( 0.7071067811865462405, 0.000000000000000000, 0.7071067811865489050 ) ) ;
#4754 = CARTESIAN_POINT ( 'NONE',  ( 84.20000000000001705, 4.299999999999998934, -14.73999999999995225 ) ) ;
#4755 = CARTESIAN_POINT ( 'NONE',  ( -29.60000000000001918, -0.1000000000000000056, 29.59999999999929798 ) ) ;
#4756 = CARTESIAN_POINT ( 'NONE',  ( 43.67148222078537856, -18.96825504888387925, 28.34701996119298428 ) ) ;
#4757 = VECTOR ( 'NONE', #7414, 1000.000000000000000 ) ;
#4758 = CARTESIAN_POINT ( 'NONE',  ( -0.8252409113012726394, -0.1000000000000000056, 0.000000000000000000 ) ) ;
#4759 = LINE ( 'NONE', #9104, #5263 ) ;
#4760 = DIRECTION ( 'NONE',  ( -0.000000000000000000, 1.000000000000000000, -0.000000000000000000 ) ) ;
#4761 = ORIENTED_EDGE ( 'NONE', *, *, #1695, .F. ) ;
#4762 = LINE ( 'NONE', #4186, #1691 ) ;
#4763 = CARTESIAN_POINT ( 'NONE',  ( -1.800000000000000266, -17.50000000000000000, 8.799999999999995381 ) ) ;
#4764 = DIRECTION ( 'NONE',  ( 1.000000000000000000, 0.000000000000000000, 0.000000000000000000 ) ) ;
#4765 = EDGE_CURVE ( 'NONE', #6313, #8112, #9292, .T. ) ;
#4766 = EDGE_CURVE ( 'NONE', #3799, #4863, #9157, .T. ) ;
#4767 = DIRECTION ( 'NONE',  ( -1.000000000000000000, 1.400000000000014387E-14, 1.399999999999985673E-14 ) ) ;
#4768 = CARTESIAN_POINT ( 'NONE',  ( 46.80000000000000426, -27.50000000000000355, 44.25000000000000711 ) ) ;
#4769 = EDGE_LOOP ( 'NONE', ( #460, #7537, #4326, #4273 ) ) ;
#4770 = CIRCLE ( 'NONE', #9144, 1.900000000000000577 ) ;
#4771 = ORIENTED_EDGE ( 'NONE', *, *, #9530, .F. ) ;
#4772 = DIRECTION ( 'NONE',  ( 0.000000000000000000, 0.000000000000000000, 1.000000000000000000 ) ) ;
#4773 = DIRECTION ( 'NONE',  ( 0.000000000000000000, 0.000000000000000000, -1.000000000000000000 ) ) ;
#4774 = LINE ( 'NONE', #6059, #6495 ) ;
#4775 = ORIENTED_EDGE ( 'NONE', *, *, #6548, .F. ) ;
#4776 = ADVANCED_FACE ( 'NONE', ( #2854 ), #5928, .F. ) ;
#4777 =( GEOMETRIC_REPRESENTATION_CONTEXT ( 3 ) GLOBAL_UNCERTAINTY_ASSIGNED_CONTEXT ( ( #6399 ) ) GLOBAL_UNIT_ASSIGNED_CONTEXT ( ( #8532, #3887, #9456 ) ) REPRESENTATION_CONTEXT ( 'NONE', 'WORKASPACE' ) );
#4778 = CARTESIAN_POINT ( 'NONE',  ( 87.09002212396617892, -10.46988888160690223, -17.61720008179608143 ) ) ;
#4779 = EDGE_LOOP ( 'NONE', ( #9644, #4699, #6511, #9699, #6207 ) ) ;
#4780 = CARTESIAN_POINT ( 'NONE',  ( -1.800000000000000266, -9.500000000000001776, 36.79999999999999716 ) ) ;
#4781 = ORIENTED_EDGE ( 'NONE', *, *, #7707, .T. ) ;
#4782 = ORIENTED_EDGE ( 'NONE', *, *, #2203, .F. ) ;
#4783 = ORIENTED_EDGE ( 'NONE', *, *, #3098, .F. ) ;
#4784 = CARTESIAN_POINT ( 'NONE',  ( -1.800000000000000266, -9.500000000000001776, 36.79999999999999716 ) ) ;
#4785 = AXIS2_PLACEMENT_3D ( 'NONE', #819, #8618, #4748 ) ;
#4786 = VERTEX_POINT ( 'NONE', #9013 ) ;
#4787 = ORIENTED_EDGE ( 'NONE', *, *, #10168, .T. ) ;
#4788 = VERTEX_POINT ( 'NONE', #3595 ) ;
#4790 = ORIENTED_EDGE ( 'NONE', *, *, #3782, .T. ) ;
#4789 = DIRECTION ( 'NONE',  ( 1.000000000000000000, -0.000000000000000000, -0.000000000000000000 ) ) ;
#4791 = VERTEX_POINT ( 'NONE', #1946 ) ;
#4792 = ADVANCED_FACE ( 'NONE', ( #10150 ), #8980, .F. ) ;
#4793 = PLANE ( 'NONE',  #9332 ) ;
#4794 = VECTOR ( 'NONE', #3458, 1000.000000000000000 ) ;
#4795 = CARTESIAN_POINT ( 'NONE',  ( -1.558824317443914698, -13.02267275004191305, -16.69275778217441442 ) ) ;
#4796 = CARTESIAN_POINT ( 'NONE',  ( 86.79999999999999716, -18.20262464989040296, 21.29999999999972360 ) ) ;
#4797 = EDGE_CURVE ( 'NONE', #3752, #1299, #5036, .T. ) ;
#4798 = FACE_BOUND ( 'NONE', #4108, .T. ) ;
#4800 = VERTEX_POINT ( 'NONE', #2022 ) ;
#4799 = AXIS2_PLACEMENT_3D ( 'NONE', #9389, #1563, #4723 ) ;
#4801 = ORIENTED_EDGE ( 'NONE', *, *, #4170, .F. ) ;
#4802 = CARTESIAN_POINT ( 'NONE',  ( 62.80000000000001137, -17.50000000000000000, 5.799999999999999822 ) ) ;
#4803 = ORIENTED_EDGE ( 'NONE', *, *, #49, .F. ) ;
#4804 = FACE_OUTER_BOUND ( 'NONE', #1641, .T. ) ;
#4805 = APPLICATION_PROTOCOL_DEFINITION ( 'draft international standard', 'automotive_design', 1998, #54 ) ;
#4806 = DIRECTION ( 'NONE',  ( 0.000000000000000000, -1.000000000000000000, -0.000000000000000000 ) ) ;
#4807 = CARTESIAN_POINT ( 'NONE',  ( -1.363185405883754475, -12.44585028606256216, -16.98760242924462815 ) ) ;
#4808 = CARTESIAN_POINT ( 'NONE',  ( 54.34634268151091163, -17.70000000000001705, 41.42771353140946644 ) ) ;
#4809 = CARTESIAN_POINT ( 'NONE',  ( 19.00677727426997166, -9.494633136679889063, -1.800000000000000044 ) ) ;
#4810 = DIRECTION ( 'NONE',  ( 0.000000000000000000, 0.000000000000000000, 1.000000000000000000 ) ) ;
#4811 = DIRECTION ( 'NONE',  ( -0.000000000000000000, -1.000000000000000000, -0.000000000000000000 ) ) ;
#4812 = ORIENTED_EDGE ( 'NONE', *, *, #1747, .T. ) ;
#4813 = ORIENTED_EDGE ( 'NONE', *, *, #9811, .F. ) ;
#4814 = EDGE_CURVE ( 'NONE', #1394, #6759, #8552, .T. ) ;
#4815 = LINE ( 'NONE', #4557, #613 ) ;
#4816 = ORIENTED_EDGE ( 'NONE', *, *, #3827, .F. ) ;
#4817 = CARTESIAN_POINT ( 'NONE',  ( 39.25365731848907558, -17.70000000000001350, 24.07228646859055843 ) ) ;
#4818 = CARTESIAN_POINT ( 'NONE',  ( 2.199999999999993516, -0.1000000000000002415, 56.79999999999999716 ) ) ;
#4819 = VECTOR ( 'NONE', #3145, 1000.000000000000000 ) ;
#4820 = DIRECTION ( 'NONE',  ( -1.000000000000000000, -0.000000000000000000, -0.000000000000000000 ) ) ;
#4821 = DIRECTION ( 'NONE',  ( -1.000000000000000000, -0.000000000000000000, -0.000000000000000000 ) ) ;
#4822 = ORIENTED_EDGE ( 'NONE', *, *, #8746, .T. ) ;
#4823 = CARTESIAN_POINT ( 'NONE',  ( 71.00000000000002842, -9.099999999999996092, -7.739999999999998437 ) ) ;
#4824 = LINE ( 'NONE', #4250, #7031 ) ;
#4825 = DIRECTION ( 'NONE',  ( 0.000000000000000000, -1.000000000000000000, -9.351609034915406741E-17 ) ) ;
#4826 = CYLINDRICAL_SURFACE ( 'NONE', #2160, 1.249999999999144240 ) ;
#4827 = CARTESIAN_POINT ( 'NONE',  ( 68.40000000000000568, -13.20000000000000107, -0.7999999999999999334 ) ) ;
#4828 = LINE ( 'NONE', #7238, #4572 ) ;
#4829 = VERTEX_POINT ( 'NONE', #322 ) ;
#4830 = DIRECTION ( 'NONE',  ( 1.000000000000000000, -0.000000000000000000, -0.000000000000000000 ) ) ;
#4831 = CARTESIAN_POINT ( 'NONE',  ( -1.800000000000000266, -9.500000000000001776, 24.80000000000000071 ) ) ;
#4832 = CARTESIAN_POINT ( 'NONE',  ( -1.220225810879935091, -13.24335474665554813, -16.84145960310357637 ) ) ;
#4833 = CIRCLE ( 'NONE', #3509, 5.099999999999993427 ) ;
#4834 = EDGE_CURVE ( 'NONE', #647, #3478, #5772, .T. ) ;
#4835 = EDGE_CURVE ( 'NONE', #196, #9198, #7970, .T. ) ;
#4836 = ADVANCED_FACE ( 'NONE', ( #7836 ), #9923, .F. ) ;
#4837 = ORIENTED_EDGE ( 'NONE', *, *, #6271, .F. ) ;
#4838 = VERTEX_POINT ( 'NONE', #9824 ) ;
#4839 = CARTESIAN_POINT ( 'NONE',  ( 3.179705053936720649, -13.07142685129931614, -16.91778255998685410 ) ) ;
#4840 = DIRECTION ( 'NONE',  ( -1.000000000000000000, 0.000000000000000000, 0.000000000000000000 ) ) ;
#4841 = FACE_OUTER_BOUND ( 'NONE', #824, .T. ) ;
#4842 = DIRECTION ( 'NONE',  ( 1.000000000000000000, 0.000000000000000000, 0.000000000000000000 ) ) ;
#4843 = DIRECTION ( 'NONE',  ( -1.000000000000000000, -0.000000000000000000, 0.000000000000000000 ) ) ;
#4844 = DIRECTION ( 'NONE',  ( 1.000000000000000000, -0.000000000000000000, -0.000000000000000000 ) ) ;
#4845 = CYLINDRICAL_SURFACE ( 'NONE', #6826, 0.9999999999999991118 ) ;
#4846 = PLANE ( 'NONE',  #4240 ) ;
#4847 = AXIS2_PLACEMENT_3D ( 'NONE', #6362, #4722, #830 ) ;
#4848 = CYLINDRICAL_SURFACE ( 'NONE', #1685, 6.200000000000001066 ) ;
#4849 = ADVANCED_FACE ( 'NONE', ( #7718 ), #9176, .F. ) ;
#4850 = EDGE_CURVE ( 'NONE', #1775, #202, #9647, .T. ) ;
#4851 = ORIENTED_EDGE ( 'NONE', *, *, #5524, .T. ) ;
#4852 = EDGE_CURVE ( 'NONE', #5040, #9630, #1827, .T. ) ;
#4853 = CARTESIAN_POINT ( 'NONE',  ( -1.800000000000000266, -0.2000000000003211154, 21.69999999999940599 ) ) ;
#4854 = CARTESIAN_POINT ( 'NONE',  ( -0.4746009539507521358, -10.43846426198970434, -17.62279696255869155 ) ) ;
#4855 = CARTESIAN_POINT ( 'NONE',  ( -1.800000000000000266, -9.500000000000001776, 30.80000000000000071 ) ) ;
#4856 = CARTESIAN_POINT ( 'NONE',  ( 86.57525309795137503, -9.443700123274542335, -17.73230715933646096 ) ) ;
#4857 = DIRECTION ( 'NONE',  ( 0.5773502691896259531, -0.5773502691896238437, 0.5773502691896272854 ) ) ;
#4858 = CARTESIAN_POINT ( 'NONE',  ( -0.2000000000000000111, -15.50000000000001599, -1.913751877412138293E-15 ) ) ;
#4859 = FACE_OUTER_BOUND ( 'NONE', #4166, .T. ) ;
#4860 = EDGE_LOOP ( 'NONE', ( #2258, #4552, #2578, #7547 ) ) ;
#4861 = LINE ( 'NONE', #10092, #8263 ) ;
#4862 = LINE ( 'NONE', #7636, #659 ) ;
#4863 = VERTEX_POINT ( 'NONE', #2939 ) ;
#4864 = ORIENTED_EDGE ( 'NONE', *, *, #216, .T. ) ;
#4865 = DIRECTION ( 'NONE',  ( 0.000000000000000000, -1.000000000000000000, 0.000000000000000000 ) ) ;
#4866 = CARTESIAN_POINT ( 'NONE',  ( -0.8653245450275789397, -11.25802946693923623, -17.43385908143980956 ) ) ;
#4867 = EDGE_CURVE ( 'NONE', #8685, #6801, #3817, .T. ) ;
#4868 = DIRECTION ( 'NONE',  ( -0.000000000000000000, 1.000000000000000000, -0.000000000000000000 ) ) ;
#4869 = CARTESIAN_POINT ( 'NONE',  ( 17.00677727426996810, -10.49463313667988906, -0.2000000000000013989 ) ) ;
#4870 = CARTESIAN_POINT ( 'NONE',  ( -0.3940162577817755696, -10.63846634908297162, -17.62166577702664227 ) ) ;
#4871 = DIRECTION ( 'NONE',  ( -0.000000000000000000, 0.000000000000000000, -1.000000000000000000 ) ) ;
#4872 = ORIENTED_EDGE ( 'NONE', *, *, #4133, .T. ) ;
#4873 = DIRECTION ( 'NONE',  ( -0.000000000000000000, 0.2079116908177566780, 0.9781476007338061329 ) ) ;
#4874 = CARTESIAN_POINT ( 'NONE',  ( 3.165549538352398162, -13.01410568776491239, -16.94237148018465078 ) ) ;
#4875 = ORIENTED_EDGE ( 'NONE', *, *, #2050, .T. ) ;
#4876 = FACE_OUTER_BOUND ( 'NONE', #6162, .T. ) ;
#4877 = LINE ( 'NONE', #1907, #6085 ) ;
#4879 = EDGE_CURVE ( 'NONE', #2580, #2714, #5656, .T. ) ;
#4878 = DIRECTION ( 'NONE',  ( -0.000000000000000000, -1.000000000000000000, 0.000000000000000000 ) ) ;
#4880 = EDGE_LOOP ( 'NONE', ( #2465, #6324, #9673, #3688, #2613 ) ) ;
#4881 = PLANE ( 'NONE',  #8222 ) ;
#4882 = VERTEX_POINT ( 'NONE', #2154 ) ;
#4883 = CARTESIAN_POINT ( 'NONE',  ( 1.799999999999996048, -17.50000000000000000, -2.755455298081544778E-15 ) ) ;
#4884 = FACE_OUTER_BOUND ( 'NONE', #6851, .T. ) ;
#4885 = ORIENTED_EDGE ( 'NONE', *, *, #7235, .F. ) ;
#4886 = CARTESIAN_POINT ( 'NONE',  ( -1.000000000000000000, -4.545900930049277200, 16.39936534720461125 ) ) ;
#4887 = LINE ( 'NONE', #1979, #206 ) ;
#4888 = VERTEX_POINT ( 'NONE', #6818 ) ;
#4889 = DIRECTION ( 'NONE',  ( 0.3090169943749444537, 0.9510565162951545304, 1.031137541123702114E-16 ) ) ;
#4890 = CARTESIAN_POINT ( 'NONE',  ( -1.000000000000000000, -4.545900930049278088, 20.39936534720461481 ) ) ;
#4891 = ORIENTED_EDGE ( 'NONE', *, *, #6142, .F. ) ;
#4892 = CARTESIAN_POINT ( 'NONE',  ( 50.00148746742613071, -19.10000000000000497, 28.69998439515007504 ) ) ;
#4893 = AXIS2_PLACEMENT_3D ( 'NONE', #3850, #2063, #5433 ) ;
#4894 = FACE_OUTER_BOUND ( 'NONE', #5374, .T. ) ;
#4895 = CARTESIAN_POINT ( 'NONE',  ( 56.39999999999999858, -3.200000000000003286, -0.7999999999999999334 ) ) ;
#4896 = ORIENTED_EDGE ( 'NONE', *, *, #3294, .T. ) ;
#4897 = EDGE_CURVE ( 'NONE', #2055, #4698, #8789, .T. ) ;
#4898 = LINE ( 'NONE', #1704, #695 ) ;
#4899 = DIRECTION ( 'NONE',  ( 0.000000000000000000, 1.000000000000000000, 0.000000000000000000 ) ) ;
#4900 = ADVANCED_FACE ( 'NONE', ( #5162 ), #6117, .F. ) ;
#4901 = DIRECTION ( 'NONE',  ( 0.000000000000000000, 0.000000000000000000, -1.000000000000000000 ) ) ;
#4902 = CARTESIAN_POINT ( 'NONE',  ( -1.622453900935084015, -13.24168496857638111, -16.56682894894363400 ) ) ;
#4903 = CARTESIAN_POINT ( 'NONE',  ( 88.40000000000000568, 4.299999999999998934, -14.73999999999995225 ) ) ;
#4904 = ORIENTED_EDGE ( 'NONE', *, *, #5145, .T. ) ;
#4905 = ORIENTED_EDGE ( 'NONE', *, *, #9410, .T. ) ;
#4906 = ORIENTED_EDGE ( 'NONE', *, *, #5925, .T. ) ;
#4907 = VECTOR ( 'NONE', #5454, 1000.000000000000114 ) ;
#4908 = CARTESIAN_POINT ( 'NONE',  ( 3.622453900935083571, -13.24168496857636157, -16.56682894894364111 ) ) ;
#4909 = DIRECTION ( 'NONE',  ( 0.000000000000000000, 0.000000000000000000, 1.000000000000000000 ) ) ;
#4910 = EDGE_CURVE ( 'NONE', #1933, #2435, #8305, .T. ) ;
#4911 = EDGE_CURVE ( 'NONE', #9491, #1544, #9518, .T. ) ;
#4912 = EDGE_LOOP ( 'NONE', ( #560, #3441, #9692, #3838 ) ) ;
#4913 = CARTESIAN_POINT ( 'NONE',  ( 88.40000000000000568, -0.1000000000000000056, -0.2000000000000000944 ) ) ;
#4914 = DIRECTION ( 'NONE',  ( 1.000000000000000000, 0.000000000000000000, 0.000000000000000000 ) ) ;
#4915 = LINE ( 'NONE', #5303, #1716 ) ;
#4916 = VERTEX_POINT ( 'NONE', #8396 ) ;
#4917 = CARTESIAN_POINT ( 'NONE',  ( 84.20000000000001705, 4.299999999999999822, -17.73999999999999844 ) ) ;
#4918 = VERTEX_POINT ( 'NONE', #9142 ) ;
#4919 = DIRECTION ( 'NONE',  ( 0.000000000000000000, 1.000000000000000000, -0.000000000000000000 ) ) ;
#4920 = DIRECTION ( 'NONE',  ( 0.000000000000000000, 0.000000000000000000, -1.000000000000000000 ) ) ;
#4921 = CARTESIAN_POINT ( 'NONE',  ( -1.800000000000000266, -9.500000000000001776, 26.80000000000000071 ) ) ;
#4922 = DIRECTION ( 'NONE',  ( -0.000000000000000000, 0.7071067811865440200, -0.7071067811865511255 ) ) ;
#4923 = ORIENTED_EDGE ( 'NONE', *, *, #5763, .F. ) ;
#4924 = AXIS2_PLACEMENT_3D ( 'NONE', #5471, #3820, #2279 ) ;
#4925 = ORIENTED_EDGE ( 'NONE', *, *, #2892, .F. ) ;
#4926 = FACE_OUTER_BOUND ( 'NONE', #9943, .T. ) ;
#4927 = CARTESIAN_POINT ( 'NONE',  ( 35.80000000000000426, -19.10000000000000142, 14.79999999999999361 ) ) ;
#4928 = VERTEX_POINT ( 'NONE', #6079 ) ;
#4929 = VERTEX_POINT ( 'NONE', #3740 ) ;
#4930 = CARTESIAN_POINT ( 'NONE',  ( 0.06397474664234473196, -9.366671827181665577, -17.73543089870604916 ) ) ;
#4931 = VECTOR ( 'NONE', #9683, 1000.000000000000000 ) ;
#4932 = VERTEX_POINT ( 'NONE', #4424 ) ;
#4933 = DIRECTION ( 'NONE',  ( 1.245113975359227994E-14, 1.000000000000000000, 1.404986760216307406E-16 ) ) ;
#4934 = LINE ( 'NONE', #8160, #8942 ) ;
#4935 = CARTESIAN_POINT ( 'NONE',  ( 42.42549045829650112, -17.63402459936133582, 36.08644199817118192 ) ) ;
#4936 = EDGE_CURVE ( 'NONE', #1489, #9020, #10137, .T. ) ;
#4937 = AXIS2_PLACEMENT_3D ( 'NONE', #4225, #6486, #3370 ) ;
#4938 = PRODUCT ( 'case_bottom_main', 'case_bottom_main', '', ( #9334 ) ) ;
#4939 = VERTEX_POINT ( 'NONE', #4489 ) ;
#4940 = DIRECTION ( 'NONE',  ( 1.000000000000000000, 0.000000000000000000, 0.000000000000000000 ) ) ;
#4941 = VECTOR ( 'NONE', #10041, 1000.000000000000000 ) ;
#4942 = CARTESIAN_POINT ( 'NONE',  ( 3.575282263599238064, -13.07762055678735713, -16.66175152372536417 ) ) ;
#4943 = VECTOR ( 'NONE', #9538, 1000.000000000000000 ) ;
#4944 = ORIENTED_EDGE ( 'NONE', *, *, #2079, .F. ) ;
#4945 = PLANE ( 'NONE',  #9246 ) ;
#4946 = CARTESIAN_POINT ( 'NONE',  ( 86.68965960866171372, -9.668694093174876159, -17.71977196889483608 ) ) ;
#4947 = VECTOR ( 'NONE', #117, 1000.000000000000000 ) ;
#4948 = CARTESIAN_POINT ( 'NONE',  ( 46.80000000000000426, -17.70000000000001705, 32.75000000000000000 ) ) ;
#4949 = ORIENTED_EDGE ( 'NONE', *, *, #9715, .T. ) ;
#4950 = VECTOR ( 'NONE', #1485, 1000.000000000000000 ) ;
#4951 = LINE ( 'NONE', #1893, #2643 ) ;
#4952 = ORIENTED_EDGE ( 'NONE', *, *, #9680, .F. ) ;
#4953 = ADVANCED_FACE ( 'NONE', ( #4649 ), #9282, .F. ) ;
#4954 = ORIENTED_EDGE ( 'NONE', *, *, #4199, .T. ) ;
#4955 = CIRCLE ( 'NONE', #2824, 1.900000000000002354 ) ;
#4956 = EDGE_CURVE ( 'NONE', #56, #6077, #3351, .T. ) ;
#4957 = PLANE ( 'NONE',  #5224 ) ;
#4958 = DIRECTION ( 'NONE',  ( 0.000000000000000000, 0.000000000000000000, 1.000000000000000000 ) ) ;
#4959 = CARTESIAN_POINT ( 'NONE',  ( 31.80000000000000071, -19.09999999999999787, 13.79999999999999893 ) ) ;
#4960 = ORIENTED_EDGE ( 'NONE', *, *, #7077, .F. ) ;
#4961 = AXIS2_PLACEMENT_3D ( 'NONE', #1392, #9110, #2189 ) ;
#4962 = ORIENTED_EDGE ( 'NONE', *, *, #9393, .T. ) ;
#4963 = CIRCLE ( 'NONE', #4168, 1.500000000000001332 ) ;
#4964 = CARTESIAN_POINT ( 'NONE',  ( 62.80000000000001137, -17.50000000000000000, 4.799999999999999822 ) ) ;
#4965 = VECTOR ( 'NONE', #2062, 1000.000000000000000 ) ;
#4966 = LINE ( 'NONE', #9582, #280 ) ;
#4967 = EDGE_LOOP ( 'NONE', ( #8911, #3471, #1821, #1557 ) ) ;
#4968 = CARTESIAN_POINT ( 'NONE',  ( 35.53244095327401908, -19.10000000000000853, 43.16903090930202325 ) ) ;
#4969 = ORIENTED_EDGE ( 'NONE', *, *, #2386, .F. ) ;
#4970 = EDGE_CURVE ( 'NONE', #9876, #7515, #968, .T. ) ;
#4971 = EDGE_CURVE ( 'NONE', #9770, #4438, #7873, .T. ) ;
#4972 = VECTOR ( 'NONE', #6627, 1000.000000000000114 ) ;
#4973 = CARTESIAN_POINT ( 'NONE',  ( 110.2009174118888950, 4.299999999999999822, -0.1999999999999994837 ) ) ;
#4974 = CARTESIAN_POINT ( 'NONE',  ( 2.597336699068659716, -10.68986537665931635, -17.57515824943682503 ) ) ;
#4975 = ORIENTED_EDGE ( 'NONE', *, *, #8682, .F. ) ;
#4976 = PLANE ( 'NONE',  #6702 ) ;
#4977 = CARTESIAN_POINT ( 'NONE',  ( 4.199999999999995737, -0.09999999999999939493, 56.79999999999999716 ) ) ;
#4978 = CARTESIAN_POINT ( 'NONE',  ( 86.40000000000000568, -9.099999999999996092, -17.73999999999999844 ) ) ;
#4979 = DIRECTION ( 'NONE',  ( 0.000000000000000000, -1.000000000000000000, -3.001251688541188813E-16 ) ) ;
#4980 = PRESENTATION_LAYER_ASSIGNMENT (  '', '', ( #2711 ) ) ;
#4981 = ORIENTED_EDGE ( 'NONE', *, *, #4498, .T. ) ;
#4982 = VECTOR ( 'NONE', #305, 1000.000000000000000 ) ;
#4983 = AXIS2_PLACEMENT_3D ( 'NONE', #5681, #9572, #3352 ) ;
#4984 = VECTOR ( 'NONE', #639, 1000.000000000000000 ) ;
#4985 = ORIENTED_EDGE ( 'NONE', *, *, #5721, .F. ) ;
#4986 = CARTESIAN_POINT ( 'NONE',  ( 81.00000000000000000, 8.379798566743366095, -2.103073792140897513 ) ) ;
#4987 = FACE_OUTER_BOUND ( 'NONE', #9082, .T. ) ;
#4988 = CARTESIAN_POINT ( 'NONE',  ( 31.80000000000000071, -19.10000000000000142, 5.799999999999999822 ) ) ;
#4989 = ORIENTED_EDGE ( 'NONE', *, *, #4443, .T. ) ;
#4990 = CARTESIAN_POINT ( 'NONE',  ( 3.800000000000001155, -19.10000000000000142, 10.79999999999999893 ) ) ;
#4991 = CARTESIAN_POINT ( 'NONE',  ( 55.32518994172180982, -17.50000000000000355, 25.07333819570215638 ) ) ;
#4992 = DIRECTION ( 'NONE',  ( 0.000000000000000000, 0.000000000000000000, -1.000000000000000000 ) ) ;
#4993 = ORIENTED_EDGE ( 'NONE', *, *, #2954, .T. ) ;
#4994 = LINE ( 'NONE', #6493, #8876 ) ;
#4995 = EDGE_CURVE ( 'NONE', #2082, #1394, #5885, .T. ) ;
#4996 = ORIENTED_EDGE ( 'NONE', *, *, #7848, .T. ) ;
#4997 = AXIS2_PLACEMENT_3D ( 'NONE', #6464, #4165, #1758 ) ;
#4998 = ADVANCED_FACE ( 'NONE', ( #2726 ), #1822, .T. ) ;
#4999 = CARTESIAN_POINT ( 'NONE',  ( 2.199999999999993516, -5.200000000000060574, 51.69999999999998863 ) ) ;
#5000 = CARTESIAN_POINT ( 'NONE',  ( 68.40000000000000568, -3.200000000000001510, -1.800000000000000044 ) ) ;
#5001 = CARTESIAN_POINT ( 'NONE',  ( 0.08389989718412906028, -9.327576289641063667, -17.73683811954097678 ) ) ;
#5002 = DIRECTION ( 'NONE',  ( -1.000000000000000000, 0.000000000000000000, 0.000000000000000000 ) ) ;
#5003 = DIRECTION ( 'NONE',  ( -0.000000000000000000, 0.000000000000000000, 1.000000000000000000 ) ) ;
#5004 = PLANE ( 'NONE',  #174 ) ;
#5005 = DIRECTION ( 'NONE',  ( 0.000000000000000000, 0.000000000000000000, 1.000000000000000000 ) ) ;
#5006 = LINE ( 'NONE', #8977, #1067 ) ;
#5007 = ORIENTED_EDGE ( 'NONE', *, *, #4835, .T. ) ;
#5008 = B_SPLINE_CURVE_WITH_KNOTS ( 'NONE', 3,
 ( #5581, #7954, #7039, #8610 ),
 .UNSPECIFIED., .F., .F.,
 ( 4, 4 ),
 ( 0.000000000000000000, 0.001256888925215749559 ),
 .UNSPECIFIED. ) ;
#5009 = CARTESIAN_POINT ( 'NONE',  ( 54.39999999999999858, -13.40000000000001279, -0.7999999999999999334 ) ) ;
#5010 = DIRECTION ( 'NONE',  ( 0.7071067811865462405, -2.122205421015054850E-16, 0.7071067811865489050 ) ) ;
#5011 = CARTESIAN_POINT ( 'NONE',  ( 82.40000000000000568, -0.09999999999999882594, 56.79999999999999716 ) ) ;
#5013 = EDGE_CURVE ( 'NONE', #3778, #3879, #5993, .T. ) ;
#5012 = CARTESIAN_POINT ( 'NONE',  ( -0.2000000000000000111, -1.649999999999729017, 12.27259155458886397 ) ) ;
#5014 = ORIENTED_EDGE ( 'NONE', *, *, #4897, .F. ) ;
#5015 = CARTESIAN_POINT ( 'NONE',  ( 86.51608362230433613, -9.396333942646068138, -17.73578430876381518 ) ) ;
#5016 = VECTOR ( 'NONE', #9204, 1000.000000000000000 ) ;
#5017 = ORIENTED_EDGE ( 'NONE', *, *, #4095, .T. ) ;
#5018 = DIRECTION ( 'NONE',  ( 1.000000000000000000, 0.000000000000000000, 0.000000000000000000 ) ) ;
#5019 = PLANE ( 'NONE',  #3151 ) ;
#5020 = CARTESIAN_POINT ( 'NONE',  ( 39.25365731848907558, -17.70000000000001350, 24.07228646859055843 ) ) ;
#5021 = VECTOR ( 'NONE', #88, 1000.000000000000000 ) ;
#5022 = CARTESIAN_POINT ( 'NONE',  ( 71.70861327109956562, -11.45767369777800582, -17.46102821380220149 ) ) ;
#5023 = ORIENTED_EDGE ( 'NONE', *, *, #6838, .F. ) ;
#5024 = DIRECTION ( 'NONE',  ( 0.7071067811865513475, 8.730496322752265825E-17, -0.7071067811865437980 ) ) ;
#5025 = ORIENTED_EDGE ( 'NONE', *, *, #3871, .T. ) ;
#5026 = ADVANCED_FACE ( 'NONE', ( #8541 ), #8459, .F. ) ;
#5027 = ORIENTED_EDGE ( 'NONE', *, *, #6868, .T. ) ;
#5028 =( BOUNDED_CURVE ( )  B_SPLINE_CURVE ( 3, ( #5229, #1244, #4496, #9052 ),
 .UNSPECIFIED., .F., .T. ) 
 B_SPLINE_CURVE_WITH_KNOTS ( ( 4, 4 ),
 ( 4.529553843391781243, 4.603080525567184722 ),
 .UNSPECIFIED. ) 
 CURVE ( )  GEOMETRIC_REPRESENTATION_ITEM ( )  RATIONAL_B_SPLINE_CURVE ( ( 1.000000000000000000, 0.9995495363225469498, 0.9995495363225469498, 1.000000000000000000 ) ) 
 REPRESENTATION_ITEM ( '' )  );
#5029 = DIRECTION ( 'NONE',  ( -0.7071067811865511255, 0.7071067811865440200, 0.000000000000000000 ) ) ;
#5030 = EDGE_CURVE ( 'NONE', #9217, #4630, #6626, .T. ) ;
#5031 = LINE ( 'NONE', #591, #2328 ) ;
#5032 = EDGE_LOOP ( 'NONE', ( #1049, #2458, #8979, #6149 ) ) ;
#5033 = EDGE_CURVE ( 'NONE', #3569, #9855, #6371, .T. ) ;
#5034 = ORIENTED_EDGE ( 'NONE', *, *, #9439, .F. ) ;
#5035 = CARTESIAN_POINT ( 'NONE',  ( -1.000000000000000000, -1.545900930049276534, 16.39936534720461125 ) ) ;
#5036 = LINE ( 'NONE', #7415, #717 ) ;
#5037 = CARTESIAN_POINT ( 'NONE',  ( -0.7051907853740397858, -10.91508861040931677, -17.52442738495854968 ) ) ;
#5038 = CARTESIAN_POINT ( 'NONE',  ( -0.2000000000000000111, -9.500000000000001776, 26.80000000000000071 ) ) ;
#5039 = CARTESIAN_POINT ( 'NONE',  ( -4.000000000000012434, -11.70000000000002238, 42.80000000000000426 ) ) ;
#5040 = VERTEX_POINT ( 'NONE', #2 ) ;
#5041 = AXIS2_PLACEMENT_3D ( 'NONE', #3841, #6218, #7686 ) ;
#5042 = ORIENTED_EDGE ( 'NONE', *, *, #7114, .T. ) ;
#5043 = VERTEX_POINT ( 'NONE', #3148 ) ;
#5044 = DIRECTION ( 'NONE',  ( 1.000000000000000000, 0.000000000000000000, 0.000000000000000000 ) ) ;
#5045 = CARTESIAN_POINT ( 'NONE',  ( 59.79999999999999716, -19.10000000000000142, 56.20000000000000284 ) ) ;
#5046 = EDGE_CURVE ( 'NONE', #9020, #3338, #107, .T. ) ;
#5047 = AXIS2_PLACEMENT_3D ( 'NONE', #7763, #6155, #785 ) ;
#5048 = DIRECTION ( 'NONE',  ( -0.7071067811865489050, 0.7071067811865461294, 0.000000000000000000 ) ) ;
#5049 = VERTEX_POINT ( 'NONE', #9319 ) ;
#5050 = CARTESIAN_POINT ( 'NONE',  ( 87.03786935925498369, -10.75610976735361746, -17.60263187453053746 ) ) ;
#5051 = DIRECTION ( 'NONE',  ( -0.000000000000000000, -1.000000000000000000, -0.000000000000000000 ) ) ;
#5052 = EDGE_LOOP ( 'NONE', ( #8803, #5234, #5998, #9067, #3581, #843, #3355 ) ) ;
#5053 = CARTESIAN_POINT ( 'NONE',  ( -1.726025558088113865, -13.69024564128256927, -16.27944211246356332 ) ) ;
#5054 = ORIENTED_EDGE ( 'NONE', *, *, #6816, .F. ) ;
#5055 = ADVANCED_FACE ( 'NONE', ( #8428 ), #2208, .F. ) ;
#5056 = LINE ( 'NONE', #5938, #6019 ) ;
#5057 = ORIENTED_EDGE ( 'NONE', *, *, #4190, .F. ) ;
#5058 = LINE ( 'NONE', #4732, #4074 ) ;
#5059 = EDGE_CURVE ( 'NONE', #933, #4543, #10023, .T. ) ;
#5060 = DIRECTION ( 'NONE',  ( -0.000000000000000000, -0.000000000000000000, -1.000000000000000000 ) ) ;
#5061 = DIRECTION ( 'NONE',  ( -1.000000000000000000, 0.000000000000000000, 0.000000000000000000 ) ) ;
#5062 = DIRECTION ( 'NONE',  ( 0.5773502691896257311, -0.5773502691896257311, 0.5773502691896257311 ) ) ;
#5063 = ORIENTED_EDGE ( 'NONE', *, *, #874, .T. ) ;
#5064 = EDGE_CURVE ( 'NONE', #6368, #3623, #1955, .T. ) ;
#5065 = EDGE_LOOP ( 'NONE', ( #1694, #1140, #4837, #5587 ) ) ;
#5066 = AXIS2_PLACEMENT_3D ( 'NONE', #1937, #421, #3549 ) ;
#5067 = FACE_OUTER_BOUND ( 'NONE', #8316, .T. ) ;
#5068 = FACE_OUTER_BOUND ( 'NONE', #5065, .T. ) ;
#5069 = LINE ( 'NONE', #9723, #8342 ) ;
#5070 = LINE ( 'NONE', #9608, #867 ) ;
#5071 = VERTEX_POINT ( 'NONE', #4680 ) ;
#5072 = CARTESIAN_POINT ( 'NONE',  ( 72.18874471888156563, -9.909266430906399137, -17.69834501674267102 ) ) ;
#5073 = CARTESIAN_POINT ( 'NONE',  ( -1.800000000000000266, -9.500000000000001776, 18.80000000000000071 ) ) ;
#5074 = DIRECTION ( 'NONE',  ( -0.000000000000000000, 1.000000000000000000, -0.000000000000000000 ) ) ;
#5075 = CARTESIAN_POINT ( 'NONE',  ( 57.00000000000000000, -19.10000000000000142, 52.09999999999999432 ) ) ;
#5076 = EDGE_CURVE ( 'NONE', #9191, #6221, #9140, .T. ) ;
#5077 = LINE ( 'NONE', #5558, #4686 ) ;
#5078 = ORIENTED_EDGE ( 'NONE', *, *, #7775, .F. ) ;
#5079 = VERTEX_POINT ( 'NONE', #3185 ) ;
#5080 = ADVANCED_FACE ( 'NONE', ( #7703 ), #9354, .F. ) ;
#5081 = CARTESIAN_POINT ( 'NONE',  ( -1.800000000000000266, -3.045900930049277200, 18.39936534720461481 ) ) ;
#5082 = DIRECTION ( 'NONE',  ( -1.000000000000000000, -0.000000000000000000, -0.000000000000000000 ) ) ;
#5083 = CARTESIAN_POINT ( 'NONE',  ( 86.40000000000000568, -9.099999999999994316, -17.73999999999999488 ) ) ;
#5084 = FACE_OUTER_BOUND ( 'NONE', #5475, .T. ) ;
#5085 = PLANE ( 'NONE',  #4720 ) ;
#5086 = VERTEX_POINT ( 'NONE', #652 ) ;
#5087 = ORIENTED_EDGE ( 'NONE', *, *, #167, .F. ) ;
#5088 = CARTESIAN_POINT ( 'NONE',  ( 55.60803265419635721, -17.70000000000000995, 40.14381909182331043 ) ) ;
#5089 = CARTESIAN_POINT ( 'NONE',  ( 150.7570364914818697, 4.299999999999992717, 57.79999999999999716 ) ) ;
#5090 = ORIENTED_EDGE ( 'NONE', *, *, #433, .T. ) ;
#5091 = VECTOR ( 'NONE', #260, 1000.000000000000114 ) ;
#5092 = DIRECTION ( 'NONE',  ( 0.000000000000000000, 1.000000000000000000, 0.000000000000000000 ) ) ;
#5093 = AXIS2_PLACEMENT_3D ( 'NONE', #4418, #1253, #5922 ) ;
#5094 = CIRCLE ( 'NONE', #2422, 2.149999999999999023 ) ;
#5095 = VERTEX_POINT ( 'NONE', #248 ) ;
#5096 = ORIENTED_EDGE ( 'NONE', *, *, #8630, .T. ) ;
#5097 = ADVANCED_FACE ( 'NONE', ( #95 ), #4214, .F. ) ;
#5098 = AXIS2_PLACEMENT_3D ( 'NONE', #710, #4637, #6273 ) ;
#5099 = CARTESIAN_POINT ( 'NONE',  ( 70.60000000000000853, 10.95456884578223189, -13.47680200411624618 ) ) ;
#5100 = CARTESIAN_POINT ( 'NONE',  ( 70.74672535880756641, -13.35901726721877303, -16.49547217283371836 ) ) ;
#5101 = CARTESIAN_POINT ( 'NONE',  ( 71.02273747648263225, -14.17526892131639649, -16.35679618167392846 ) ) ;
#5102 = LINE ( 'NONE', #1575, #3045 ) ;
#5103 = DIRECTION ( 'NONE',  ( 0.7071067811865515695, 8.730496322752259662E-17, -0.7071067811865434649 ) ) ;
#5104 = CIRCLE ( 'NONE', #5041, 3.199999999999999734 ) ;
#5105 = EDGE_CURVE ( 'NONE', #933, #10072, #6971, .T. ) ;
#5106 = EDGE_CURVE ( 'NONE', #4292, #7314, #442, .T. ) ;
#5107 = CARTESIAN_POINT ( 'NONE',  ( 46.80000000000000426, -17.70000000000001350, 21.24999999999999645 ) ) ;
#5108 = CARTESIAN_POINT ( 'NONE',  ( 1.823218685862763477, -9.159243671536867026, -17.73986857402575268 ) ) ;
#5109 = PLANE ( 'NONE',  #2858 ) ;
#5110 = ORIENTED_EDGE ( 'NONE', *, *, #7006, .T. ) ;
#5111 = FACE_OUTER_BOUND ( 'NONE', #1943, .T. ) ;
#5112 = ORIENTED_EDGE ( 'NONE', *, *, #4315, .F. ) ;
#5113 = VECTOR ( 'NONE', #2557, 1000.000000000000000 ) ;
#5114 = DIRECTION ( 'NONE',  ( 0.7071067811865463515, -8.730496322752324990E-17, 0.7071067811865487940 ) ) ;
#5115 = VERTEX_POINT ( 'NONE', #8898 ) ;
#5116 = CARTESIAN_POINT ( 'NONE',  ( 56.39999999999999858, -3.200000000000003286, -0.7999999999999999334 ) ) ;
#5117 = CARTESIAN_POINT ( 'NONE',  ( 1.799999999999996048, -17.50000000000000000, -2.755455298081544778E-15 ) ) ;
#5118 = CARTESIAN_POINT ( 'NONE',  ( -1.800000000000000266, -9.500000000000001776, 46.80000000000000426 ) ) ;
#5119 = LINE ( 'NONE', #5477, #6708 ) ;
#5120 = CARTESIAN_POINT ( 'NONE',  ( 70.67627762960349003, -13.67265559291859489, -16.29236934828661987 ) ) ;
#5121 = FACE_OUTER_BOUND ( 'NONE', #3110, .T. ) ;
#5122 = CARTESIAN_POINT ( 'NONE',  ( 17.00677727426996810, -9.494633136679889063, -1.800000000000000044 ) ) ;
#5123 = DIRECTION ( 'NONE',  ( 0.000000000000000000, -1.000000000000000000, -1.084202172485504434E-16 ) ) ;
#5124 = ORIENTED_EDGE ( 'NONE', *, *, #4734, .F. ) ;
#5125 = VERTEX_POINT ( 'NONE', #1081 ) ;
#5126 = ADVANCED_FACE ( 'NONE', ( #2806 ), #2437, .F. ) ;
#5127 = FACE_BOUND ( 'NONE', #7711, .T. ) ;
#5128 = ORIENTED_EDGE ( 'NONE', *, *, #8565, .T. ) ;
#5129 = VECTOR ( 'NONE', #3857, 1000.000000000000000 ) ;
#5130 = EDGE_CURVE ( 'NONE', #6554, #4529, #1539, .T. ) ;
#5131 = VERTEX_POINT ( 'NONE', #7932 ) ;
#5132 = AXIS2_PLACEMENT_3D ( 'NONE', #8807, #1089, #2671 ) ;
#5133 = DIRECTION ( 'NONE',  ( 0.000000000000000000, -1.000000000000000000, -1.301042607008020201E-16 ) ) ;
#5134 = CARTESIAN_POINT ( 'NONE',  ( 70.77586318552008038, -13.24753130725345507, -16.56344790210973272 ) ) ;
#5135 = DIRECTION ( 'NONE',  ( -0.000000000000000000, 1.000000000000000000, -0.000000000000000000 ) ) ;
#5136 = CARTESIAN_POINT ( 'NONE',  ( 150.7570364914818697, -17.50000000000000000, -2.755455298081544778E-15 ) ) ;
#5137 = CARTESIAN_POINT ( 'NONE',  ( 14.19999999999999041, -6.100000000000187050, 57.79999999999999716 ) ) ;
#5138 = CYLINDRICAL_SURFACE ( 'NONE', #10124, 1.500000000000001332 ) ;
#5139 = ORIENTED_EDGE ( 'NONE', *, *, #2799, .F. ) ;
#5140 = ORIENTED_EDGE ( 'NONE', *, *, #9800, .T. ) ;
#5141 = CARTESIAN_POINT ( 'NONE',  ( -0.2000000000000000111, -9.500000000000001776, 14.80000000000000071 ) ) ;
#5142 = CARTESIAN_POINT ( 'NONE',  ( 1.892880082251716445, -9.337058635042494004, -17.73736509961750230 ) ) ;
#5143 = ORIENTED_EDGE ( 'NONE', *, *, #2344, .T. ) ;
#5145 = EDGE_CURVE ( 'NONE', #6092, #4709, #1523, .T. ) ;
#5144 = CARTESIAN_POINT ( 'NONE',  ( -0.2000000000000000111, -15.50000000000001954, 42.80000000000000426 ) ) ;
#5146 = CARTESIAN_POINT ( 'NONE',  ( 87.77970505393675182, -13.07142685129934456, -16.91778255998684699 ) ) ;
#5147 = FACE_OUTER_BOUND ( 'NONE', #8525, .T. ) ;
#5148 = ORIENTED_EDGE ( 'NONE', *, *, #7879, .T. ) ;
#5149 = ORIENTED_EDGE ( 'NONE', *, *, #4410, .F. ) ;
#5150 = ADVANCED_FACE ( 'NONE', ( #8493 ), #7746, .T. ) ;
#5151 = LINE ( 'NONE', #5039, #959 ) ;
#5152 = CARTESIAN_POINT ( 'NONE',  ( 43.24999999996615685, -3.900000000034580694, -1.800000000000000044 ) ) ;
#5153 = CARTESIAN_POINT ( 'NONE',  ( 70.40000000000000568, -0.1000000000000002415, 56.79999999999999716 ) ) ;
#5154 = ORIENTED_EDGE ( 'NONE', *, *, #1513, .F. ) ;
#5155 = CARTESIAN_POINT ( 'NONE',  ( 72.57097664267163850, -9.156873924675259957, -17.73984228883568193 ) ) ;
#5156 = DIRECTION ( 'NONE',  ( 1.257045997084642365E-16, 0.000000000000000000, 1.000000000000000000 ) ) ;
#5157 = CARTESIAN_POINT ( 'NONE',  ( 19.00677727426997166, -10.49463313667988906, -0.2000000000000016209 ) ) ;
#5158 = VECTOR ( 'NONE', #4032, 1000.000000000000000 ) ;
#5159 = CARTESIAN_POINT ( 'NONE',  ( 87.45131232494519224, -17.55131232494520788, 21.29999999999972360 ) ) ;
#5160 = ORIENTED_EDGE ( 'NONE', *, *, #1895, .F. ) ;
#5161 = ORIENTED_EDGE ( 'NONE', *, *, #9985, .T. ) ;
#5162 = FACE_OUTER_BOUND ( 'NONE', #521, .T. ) ;
#5163 = ORIENTED_EDGE ( 'NONE', *, *, #160, .T. ) ;
#5164 = EDGE_CURVE ( 'NONE', #2224, #6644, #873, .T. ) ;
#5165 = EDGE_CURVE ( 'NONE', #5366, #10147, #6649, .T. ) ;
#5166 = VERTEX_POINT ( 'NONE', #1866 ) ;
#5167 = FACE_OUTER_BOUND ( 'NONE', #9987, .T. ) ;
#5168 = DIRECTION ( 'NONE',  ( -0.000000000000000000, -1.000000000000000000, -0.000000000000000000 ) ) ;
#5169 = VERTEX_POINT ( 'NONE', #8621 ) ;
#5171 = DIRECTION ( 'NONE',  ( -1.400000000000000345E-14, -1.000000000000000000, 9.999999999999999988E-15 ) ) ;
#5170 = CARTESIAN_POINT ( 'NONE',  ( 71.30268577219059978, -11.78204947289383497, -17.26217936671326214 ) ) ;
#5172 = CARTESIAN_POINT ( 'NONE',  ( 71.15424237311310662, -13.35980282460526603, -16.78733928084835725 ) ) ;
#5173 = CARTESIAN_POINT ( 'NONE',  ( 45.38578643762691200, -19.10000000000000142, 32.75000000000001421 ) ) ;
#5174 = LINE ( 'NONE', #836, #8104 ) ;
#5175 = DIRECTION ( 'NONE',  ( 0.000000000000000000, -1.404986760216307406E-16, 1.000000000000000000 ) ) ;
#5176 = AXIS2_PLACEMENT_3D ( 'NONE', #5596, #2483, #4046 ) ;
#5177 = ORIENTED_EDGE ( 'NONE', *, *, #610, .F. ) ;
#5178 = FACE_OUTER_BOUND ( 'NONE', #3258, .T. ) ;
#5179 = ORIENTED_EDGE ( 'NONE', *, *, #4612, .T. ) ;
#5180 = VERTEX_POINT ( 'NONE', #7340 ) ;
#5181 = DIRECTION ( 'NONE',  ( 1.000000000000000000, 0.000000000000000000, 0.000000000000000000 ) ) ;
#5182 = EDGE_CURVE ( 'NONE', #9767, #2478, #1868, .T. ) ;
#5183 = AXIS2_PLACEMENT_3D ( 'NONE', #2331, #10108, #8458 ) ;
#5184 = PLANE ( 'NONE',  #1205 ) ;
#5185 = CARTESIAN_POINT ( 'NONE',  ( 2.857861334542774134, -11.24243212885860643, -17.43745892602992242 ) ) ;
#5186 = DIRECTION ( 'NONE',  ( 0.000000000000000000, 0.000000000000000000, -1.000000000000000000 ) ) ;
#5187 = DIRECTION ( 'NONE',  ( -0.000000000000000000, -0.000000000000000000, -1.000000000000000000 ) ) ;
#5188 = CARTESIAN_POINT ( 'NONE',  ( 3.799999999999999822, 0.000000000000000000, -1.800000000000000044 ) ) ;
#5189 = CARTESIAN_POINT ( 'NONE',  ( 72.50711991774781495, -9.337058635042247090, -17.73736509961750585 ) ) ;
#5190 = DIRECTION ( 'NONE',  ( 0.000000000000000000, 5.316088071541827378E-15, -1.000000000000000000 ) ) ;
#5191 = DIRECTION ( 'NONE',  ( 0.000000000000000000, -1.000000000000000000, 0.000000000000000000 ) ) ;
#5192 = VECTOR ( 'NONE', #6961, 1000.000000000000000 ) ;
#5193 = ORIENTED_EDGE ( 'NONE', *, *, #7198, .F. ) ;
#5194 = EDGE_CURVE ( 'NONE', #818, #508, #9907, .T. ) ;
#5195 = CARTESIAN_POINT ( 'NONE',  ( 17.00677727426996810, 0.000000000000000000, -1.800000000000000044 ) ) ;
#5196 = VERTEX_POINT ( 'NONE', #5592 ) ;
#5197 = AXIS2_PLACEMENT_3D ( 'NONE', #3467, #2682, #5809 ) ;
#5198 = VERTEX_POINT ( 'NONE', #4968 ) ;
#5199 = LINE ( 'NONE', #2334, #4462 ) ;
#5200 = ADVANCED_FACE ( 'NONE', ( #8340 ), #7313, .T. ) ;
#5201 = DIRECTION ( 'NONE',  ( -0.000000000000000000, -0.000000000000000000, -1.000000000000000000 ) ) ;
#5202 = CARTESIAN_POINT ( 'NONE',  ( 46.80000000000000426, -17.70000000000001705, 44.25000000000000711 ) ) ;
#5203 = CARTESIAN_POINT ( 'NONE',  ( 71.32478217400040421, -12.67285580157389369, -17.07996583724579054 ) ) ;
#5204 = LINE ( 'NONE', #8753, #7394 ) ;
#5205 = PLANE ( 'NONE',  #7760 ) ;
#5206 = ORIENTED_EDGE ( 'NONE', *, *, #7917, .T. ) ;
#5207 = LINE ( 'NONE', #7946, #9086 ) ;
#5208 = EDGE_CURVE ( 'NONE', #6759, #360, #5151, .T. ) ;
#5209 = VECTOR ( 'NONE', #3565, 1000.000000000000000 ) ;
#5210 = CARTESIAN_POINT ( 'NONE',  ( 31.80000000000000071, -19.09999999999999787, 6.799999999999999822 ) ) ;
#5211 = ORIENTED_EDGE ( 'NONE', *, *, #9499, .F. ) ;
#5212 = CARTESIAN_POINT ( 'NONE',  ( 4.799999999999999822, -19.09999999999999787, 5.799999999999999822 ) ) ;
#5213 = VECTOR ( 'NONE', #1079, 1000.000000000000000 ) ;
#5214 = VERTEX_POINT ( 'NONE', #1117 ) ;
#5215 = DIRECTION ( 'NONE',  ( 1.000000000000000000, 0.000000000000000000, -0.000000000000000000 ) ) ;
#5216 =( BOUNDED_CURVE ( )  B_SPLINE_CURVE ( 3, ( #1173, #4237, #9023, #5020 ),
 .UNSPECIFIED., .F., .T. ) 
 B_SPLINE_CURVE_WITH_KNOTS ( ( 4, 4 ),
 ( 1.622993939465159352, 1.640417774777317428 ),
 .UNSPECIFIED. ) 
 CURVE ( )  GEOMETRIC_REPRESENTATION_ITEM ( )  RATIONAL_B_SPLINE_CURVE ( ( 1.000000000000000000, 0.9999747009902627548, 0.9999747009902627548, 1.000000000000000000 ) ) 
 REPRESENTATION_ITEM ( '' )  );
#5217 = CARTESIAN_POINT ( 'NONE',  ( 3.445304414396549664, -12.67367856376571034, -16.87800726029114173 ) ) ;
#5218 = CARTESIAN_POINT ( 'NONE',  ( -1.400000000000012346, -14.62770798392567073, -16.07333333333333059 ) ) ;
#5219 = VERTEX_POINT ( 'NONE', #5552 ) ;
#5220 = VECTOR ( 'NONE', #7704, 1000.000000000000000 ) ;
#5221 = FACE_OUTER_BOUND ( 'NONE', #7232, .T. ) ;
#5222 = FACE_OUTER_BOUND ( 'NONE', #3921, .T. ) ;
#5223 = ORIENTED_EDGE ( 'NONE', *, *, #1806, .T. ) ;
#5225 = CONICAL_SURFACE ( 'NONE', #7020, 15.34646838723642581, 1.221730476396027720 ) ;
#5224 = AXIS2_PLACEMENT_3D ( 'NONE', #132, #4919, #8062 ) ;
#5226 = VERTEX_POINT ( 'NONE', #6326 ) ;
#5227 = CARTESIAN_POINT ( 'NONE',  ( 70.89306307705948029, -12.85754146025436384, -16.78284577622155282 ) ) ;
#5228 = DIRECTION ( 'NONE',  ( 0.000000000000000000, 1.000000000000000000, 3.614007241618347292E-17 ) ) ;
#5229 = CARTESIAN_POINT ( 'NONE',  ( 43.68284214599196957, -17.90000000000000213, 28.21862858361886239 ) ) ;
#5230 = EDGE_CURVE ( 'NONE', #6016, #7516, #4514, .T. ) ;
#5231 = EDGE_CURVE ( 'NONE', #1381, #3736, #7418, .T. ) ;
#5232 = CARTESIAN_POINT ( 'NONE',  ( 3.799999999999999822, 11.79999999999999538, -15.74000000000000021 ) ) ;
#5233 = LINE ( 'NONE', #9306, #6578 ) ;
#5234 = ORIENTED_EDGE ( 'NONE', *, *, #1713, .F. ) ;
#5235 = LINE ( 'NONE', #3339, #5595 ) ;
#5236 = VERTEX_POINT ( 'NONE', #827 ) ;
#5237 = AXIS2_PLACEMENT_3D ( 'NONE', #6121, #1433, #3906 ) ;
#5238 = CARTESIAN_POINT ( 'NONE',  ( -1.800000000000000266, -17.50000000000000000, 16.80000000000000071 ) ) ;
#5239 = DIRECTION ( 'NONE',  ( 0.000000000000000000, 0.000000000000000000, -1.000000000000000000 ) ) ;
#5240 = CARTESIAN_POINT ( 'NONE',  ( 71.54333817231523085, -11.95145697621034486, -17.32485487118109546 ) ) ;
#5241 = CARTESIAN_POINT ( 'NONE',  ( 150.7570364914818697, -15.50000000000000711, 56.20000000000000284 ) ) ;
#5242 = ORIENTED_EDGE ( 'NONE', *, *, #6166, .F. ) ;
#5243 = EDGE_CURVE ( 'NONE', #7964, #4155, #2434, .T. ) ;
#5244 = EDGE_CURVE ( 'NONE', #2594, #2060, #1630, .T. ) ;
#5245 = CIRCLE ( 'NONE', #6089, 1.000000000000000888 ) ;
#5246 = ORIENTED_EDGE ( 'NONE', *, *, #3933, .F. ) ;
#5247 = CARTESIAN_POINT ( 'NONE',  ( 49.91715785400801764, -17.89999999999999503, 37.28137141638114826 ) ) ;
#5248 = ORIENTED_EDGE ( 'NONE', *, *, #9206, .F. ) ;
#5249 = DIRECTION ( 'NONE',  ( 0.000000000000000000, 0.000000000000000000, 1.000000000000000000 ) ) ;
#5250 = CARTESIAN_POINT ( 'NONE',  ( 68.40000000000000568, -14.40000000000002167, -1.800000000000000044 ) ) ;
#5251 = CARTESIAN_POINT ( 'NONE',  ( 6.800000000000001599, -17.50000000000000000, 54.19999999999999574 ) ) ;
#5252 = EDGE_CURVE ( 'NONE', #3701, #8153, #5900, .T. ) ;
#5253 = CARTESIAN_POINT ( 'NONE',  ( 2.437848929180002511, -10.36351363151007376, -17.63628122388591635 ) ) ;
#5254 = CARTESIAN_POINT ( 'NONE',  ( -0.2382957081590111048, -10.22737896969963778, -17.67625962446946986 ) ) ;
#5255 = FACE_OUTER_BOUND ( 'NONE', #4112, .T. ) ;
#5256 = EDGE_LOOP ( 'NONE', ( #8726, #967, #10010, #2476, #8286, #940, #8910, #4316, #5883, #3341, #8551, #5193 ) ) ;
#5257 = ADVANCED_FACE ( 'NONE', ( #993, #235, #4007, #3649, #4029, #5379, #7312, #1801, #8280, #5127, #2052 ), #7440, .F. ) ;
#5258 = CARTESIAN_POINT ( 'NONE',  ( 2.273229340593406089, -10.31877794777788360, -17.66576191313350108 ) ) ;
#5259 = CARTESIAN_POINT ( 'NONE',  ( 51.01221782295533558, -19.03194953600380046, 36.01745179642234262 ) ) ;
#5260 = EDGE_LOOP ( 'NONE', ( #3389, #15, #5149, #9662, #4245 ) ) ;
#5261 = DIRECTION ( 'NONE',  ( -0.000000000000000000, -1.000000000000000000, -0.000000000000000000 ) ) ;
#5262 = DIRECTION ( 'NONE',  ( 0.000000000000000000, 1.000000000000000000, -0.000000000000000000 ) ) ;
#5263 = VECTOR ( 'NONE', #1388, 1000.000000000000000 ) ;
#5264 = ORIENTED_EDGE ( 'NONE', *, *, #4700, .T. ) ;
#5265 = LINE ( 'NONE', #1743, #8529 ) ;
#5266 = CARTESIAN_POINT ( 'NONE',  ( 49.95693684718205674, -19.10000000000000497, 36.75546498460593625 ) ) ;
#5267 = ORIENTED_EDGE ( 'NONE', *, *, #1754, .F. ) ;
#5268 = CARTESIAN_POINT ( 'NONE',  ( 0.1999999999999998723, 11.79999999999999538, -17.73999999999999844 ) ) ;
#5269 = EDGE_CURVE ( 'NONE', #6132, #6607, #6715, .T. ) ;
#5270 = ORIENTED_EDGE ( 'NONE', *, *, #7276, .T. ) ;
#5271 = VERTEX_POINT ( 'NONE', #9788 ) ;
#5272 = CARTESIAN_POINT ( 'NONE',  ( -1.800000000000000266, -0.1000000000000000056, 57.39999999999999858 ) ) ;
#5273 = VECTOR ( 'NONE', #1015, 1000.000000000000000 ) ;
#5274 = CARTESIAN_POINT ( 'NONE',  ( 43.24999999996615685, -3.200000000000001510, -1.800000000000000044 ) ) ;
#5275 = CARTESIAN_POINT ( 'NONE',  ( 35.80000000000000426, -19.10000000000000142, 4.799999999999999822 ) ) ;
#5276 = DIRECTION ( 'NONE',  ( -0.7071067811865489050, 0.7071067811865461294, 0.000000000000000000 ) ) ;
#5277 = DIRECTION ( 'NONE',  ( 0.000000000000000000, -1.466789861310716348E-16, 1.000000000000000000 ) ) ;
#5278 = EDGE_LOOP ( 'NONE', ( #4104, #1614, #4432, #4173, #4145 ) ) ;
#5279 = VECTOR ( 'NONE', #4340, 999.9999999999998863 ) ;
#5280 = ORIENTED_EDGE ( 'NONE', *, *, #5532, .F. ) ;
#5281 = DIRECTION ( 'NONE',  ( 0.000000000000000000, -1.234678630588475078E-16, 1.000000000000000000 ) ) ;
#5282 = CARTESIAN_POINT ( 'NONE',  ( 56.14253532233801280, -18.70000000000000995, 43.50674888471115764 ) ) ;
#5284 = EDGE_CURVE ( 'NONE', #3701, #6368, #4152, .T. ) ;
#5283 = DIRECTION ( 'NONE',  ( -1.000000000000000000, 0.000000000000000000, -0.000000000000000000 ) ) ;
#5285 = CARTESIAN_POINT ( 'NONE',  ( 2.837574511126913279, -11.19843279965921212, -17.44982518952781092 ) ) ;
#5286 = CARTESIAN_POINT ( 'NONE',  ( -1.087736947800749476, -12.71793930179980592, -17.06267781365355418 ) ) ;
#5287 = FACE_BOUND ( 'NONE', #5418, .T. ) ;
#5288 = AXIS2_PLACEMENT_3D ( 'NONE', #482, #8264, #456 ) ;
#5289 = DIRECTION ( 'NONE',  ( 0.7071067811865389130, -0.7071067811865561215, -2.122205421015076543E-16 ) ) ;
#5290 = CARTESIAN_POINT ( 'NONE',  ( 4.800000000000000711, -19.10000000000000142, 14.79999999999999893 ) ) ;
#5291 = ORIENTED_EDGE ( 'NONE', *, *, #8150, .T. ) ;
#5292 = DIRECTION ( 'NONE',  ( 1.000000000000000000, -0.000000000000000000, -0.000000000000000000 ) ) ;
#5293 = ORIENTED_EDGE ( 'NONE', *, *, #4255, .T. ) ;
#5294 = EDGE_LOOP ( 'NONE', ( #4101, #1075, #7009, #6430 ) ) ;
#5295 = ORIENTED_EDGE ( 'NONE', *, *, #7612, .T. ) ;
#5296 = CARTESIAN_POINT ( 'NONE',  ( -0.9012879784183974730, 13.79528670462202022, -17.41380579911223592 ) ) ;
#5297 = EDGE_CURVE ( 'NONE', #727, #3764, #9126, .T. ) ;
#5298 = EDGE_CURVE ( 'NONE', #5868, #9172, #2820, .T. ) ;
#5299 = CARTESIAN_POINT ( 'NONE',  ( 37.45746467766197441, -18.70000000000000284, 21.99325111528885301 ) ) ;
#5300 = VECTOR ( 'NONE', #3094, 1000.000000000000000 ) ;
#5301 = VERTEX_POINT ( 'NONE', #7473 ) ;
#5302 = ADVANCED_FACE ( 'NONE', ( #6966 ), #3520, .T. ) ;
#5303 = CARTESIAN_POINT ( 'NONE',  ( -6.830700232539420385E-14, -5.209999999999716636, -1.800000000000000044 ) ) ;
#5304 = CARTESIAN_POINT ( 'NONE',  ( -1.800000000000000266, -9.500000000000001776, 28.80000000000000071 ) ) ;
#5305 = CARTESIAN_POINT ( 'NONE',  ( 71.78084315566842122, -11.25515143305031174, -17.50501758816923825 ) ) ;
#5306 = ORIENTED_EDGE ( 'NONE', *, *, #621, .F. ) ;
#5307 = LINE ( 'NONE', #4754, #7013 ) ;
#5308 = ORIENTED_EDGE ( 'NONE', *, *, #6822, .F. ) ;
#5309 = VECTOR ( 'NONE', #6608, 1000.000000000000000 ) ;
#5310 = CIRCLE ( 'NONE', #5197, 5.499999999999998224 ) ;
#5311 = VECTOR ( 'NONE', #2662, 1000.000000000000000 ) ;
#5312 = LINE ( 'NONE', #9437, #4819 ) ;
#5313 = CARTESIAN_POINT ( 'NONE',  ( 6.800000000000001599, -15.50000000000002132, 56.20000000000000284 ) ) ;
#5314 = ORIENTED_EDGE ( 'NONE', *, *, #1416, .F. ) ;
#5315 = DIRECTION ( 'NONE',  ( -0.3090169943749444537, -0.9510565162951545304, 0.000000000000000000 ) ) ;
#5316 = ORIENTED_EDGE ( 'NONE', *, *, #3371, .T. ) ;
#5317 = PLANE ( 'NONE',  #2765 ) ;
#5318 = CARTESIAN_POINT ( 'NONE',  ( 2.256133050696925935, -9.998659061156729422, -17.68772531098297307 ) ) ;
#5319 = FACE_OUTER_BOUND ( 'NONE', #9633, .T. ) ;
#5320 = CARTESIAN_POINT ( 'NONE',  ( -0.4640725350892603851, -10.82733979634049959, -17.58986554487120912 ) ) ;
#5321 = VECTOR ( 'NONE', #5277, 1000.000000000000000 ) ;
#5322 = ORIENTED_EDGE ( 'NONE', *, *, #9617, .T. ) ;
#5323 = CARTESIAN_POINT ( 'NONE',  ( 2.311984751245290681, -10.42093245673689772, -17.65244727228105504 ) ) ;
#5324 = ORIENTED_EDGE ( 'NONE', *, *, #6716, .F. ) ;
#5325 = ORIENTED_EDGE ( 'NONE', *, *, #8746, .F. ) ;
#5326 = VECTOR ( 'NONE', #8846, 1000.000000000000000 ) ;
#5327 = CARTESIAN_POINT ( 'NONE',  ( 0.000000000000000000, -14.40000000000002167, -1.800000000000000044 ) ) ;
#5328 = CARTESIAN_POINT ( 'NONE',  ( 50.11901216382741353, -65.81901216382716768, 5.880987836172503869 ) ) ;
#5329 = CARTESIAN_POINT ( 'NONE',  ( 4.800000000000000711, -19.10000000000000142, 10.79999999999999893 ) ) ;
#5330 = EDGE_CURVE ( 'NONE', #7343, #1585, #3324, .T. ) ;
#5331 = DIRECTION ( 'NONE',  ( -1.400000000000000345E-14, -1.000000000000000000, 9.999999999999999988E-15 ) ) ;
#5332 = CIRCLE ( 'NONE', #9208, 1.000000000000000888 ) ;
#5333 = ORIENTED_EDGE ( 'NONE', *, *, #6212, .T. ) ;
#5334 = AXIS2_PLACEMENT_3D ( 'NONE', #7428, #7401, #2776 ) ;
#5335 = CARTESIAN_POINT ( 'NONE',  ( 87.40000000000000568, -16.69999999999999929, -13.70000000000000107 ) ) ;
#5336 = LINE ( 'NONE', #4482, #2770 ) ;
#5337 = ORIENTED_EDGE ( 'NONE', *, *, #3474, .T. ) ;
#5338 = VERTEX_POINT ( 'NONE', #2793 ) ;
#5339 = CIRCLE ( 'NONE', #5098, 15.34646838723644713 ) ;
#5340 = DIRECTION ( 'NONE',  ( 0.000000000000000000, -2.260746162836483201E-16, 1.000000000000000000 ) ) ;
#5341 = CARTESIAN_POINT ( 'NONE',  ( 35.50183833702510583, -19.04451276078105693, 42.90925383291009609 ) ) ;
#5342 = CARTESIAN_POINT ( 'NONE',  ( -0.2000000000000000111, -15.50000000000001954, 34.79999999999999716 ) ) ;
#5343 = CARTESIAN_POINT ( 'NONE',  ( 42.26862858361887021, -17.50000000000000000, 29.63284214599196531 ) ) ;
#5344 = CARTESIAN_POINT ( 'NONE',  ( 72.41685923577756512, -9.567924548516172578, -17.72913276810643879 ) ) ;
#5345 = CARTESIAN_POINT ( 'NONE',  ( 46.80000000000000426, -18.70000000000000639, 32.75000000000000000 ) ) ;
#5346 = FACE_OUTER_BOUND ( 'NONE', #3680, .T. ) ;
#5347 = EDGE_LOOP ( 'NONE', ( #4337, #5669, #3477, #3776 ) ) ;
#5348 = EDGE_CURVE ( 'NONE', #6950, #6939, #5741, .T. ) ;
#5349 =( BOUNDED_CURVE ( )  B_SPLINE_CURVE ( 3, ( #8982, #5960, #4367, #6750 ),
 .UNSPECIFIED., .F., .F. ) 
 B_SPLINE_CURVE_WITH_KNOTS ( ( 4, 4 ),
 ( 1.570796326794898334, 3.141592653589793116 ),
 .UNSPECIFIED. ) 
 CURVE ( )  GEOMETRIC_REPRESENTATION_ITEM ( )  RATIONAL_B_SPLINE_CURVE ( ( 1.000000000000000000, 0.8047378541243654926, 0.8047378541243654926, 1.000000000000000000 ) ) 
 REPRESENTATION_ITEM ( '' )  );
#5350 = ORIENTED_EDGE ( 'NONE', *, *, #3033, .T. ) ;
#5351 = CARTESIAN_POINT ( 'NONE',  ( -1.800000000000000266, -4.100000000000000533, 3.599999999999999645 ) ) ;
#5352 = DIRECTION ( 'NONE',  ( 1.810146235801884926E-15, 0.000000000000000000, 1.000000000000000000 ) ) ;
#5353 = VERTEX_POINT ( 'NONE', #2730 ) ;
#5354 = VECTOR ( 'NONE', #2244, 1000.000000000000114 ) ;
#5355 = FACE_OUTER_BOUND ( 'NONE', #6884, .T. ) ;
#5356 = CARTESIAN_POINT ( 'NONE',  ( 55.99799429122665373, -17.90000000000002345, 24.96621927114654937 ) ) ;
#5357 = ORIENTED_EDGE ( 'NONE', *, *, #4158, .T. ) ;
#5358 = CARTESIAN_POINT ( 'NONE',  ( 86.79999999999999716, 0.000000000000000000, 0.000000000000000000 ) ) ;
#5359 = CARTESIAN_POINT ( 'NONE',  ( -0.8810765775846606251, -12.02700549151457565, -17.30213212163555525 ) ) ;
#5360 = ORIENTED_EDGE ( 'NONE', *, *, #908, .F. ) ;
#5361 = EDGE_LOOP ( 'NONE', ( #9766, #221, #7179, #3875 ) ) ;
#5362 = ADVANCED_FACE ( 'NONE', ( #3076 ), #5205, .T. ) ;
#5363 = CARTESIAN_POINT ( 'NONE',  ( 66.40000000000000568, -3.192321953927066414, -0.8484772750227331795 ) ) ;
#5364 = DIRECTION ( 'NONE',  ( 1.000000000000000000, 0.000000000000000000, -0.000000000000000000 ) ) ;
#5365 = CARTESIAN_POINT ( 'NONE',  ( 21.74999999999954525, -3.900000000003909673, -0.9999999999996426192 ) ) ;
#5366 = VERTEX_POINT ( 'NONE', #7508 ) ;
#5367 = EDGE_CURVE ( 'NONE', #2742, #8795, #5501, .T. ) ;
#5368 = EDGE_CURVE ( 'NONE', #4829, #4369, #9746, .T. ) ;
#5369 = CARTESIAN_POINT ( 'NONE',  ( 31.79999999999999361, -17.50000000000000000, 12.79999999999999893 ) ) ;
#5370 = DIRECTION ( 'NONE',  ( -1.000000000000000000, -4.201283418381325737E-16, 0.000000000000000000 ) ) ;
#5371 = ADVANCED_FACE ( 'NONE', ( #5972 ), #3737, .T. ) ;
#5372 = VECTOR ( 'NONE', #2046, 1000.000000000000000 ) ;
#5373 = DIRECTION ( 'NONE',  ( -0.000000000000000000, 0.000000000000000000, -1.000000000000000000 ) ) ;
#5374 = EDGE_LOOP ( 'NONE', ( #5306, #2555, #904 ) ) ;
#5375 = AXIS2_PLACEMENT_3D ( 'NONE', #5649, #5584, #7893 ) ;
#5376 = DIRECTION ( 'NONE',  ( 0.000000000000000000, 0.000000000000000000, -1.000000000000000000 ) ) ;
#5377 = DIRECTION ( 'NONE',  ( 0.000000000000000000, 0.000000000000000000, 1.000000000000000000 ) ) ;
#5378 = EDGE_CURVE ( 'NONE', #5990, #8838, #5628, .T. ) ;
#5379 = FACE_BOUND ( 'NONE', #8336, .T. ) ;
#5380 = AXIS2_PLACEMENT_3D ( 'NONE', #7181, #1662, #3319 ) ;
#5381 = ORIENTED_EDGE ( 'NONE', *, *, #6798, .T. ) ;
#5382 = VECTOR ( 'NONE', #3375, 1000.000000000000000 ) ;
#5383 = ORIENTED_EDGE ( 'NONE', *, *, #5330, .F. ) ;
#5384 = CYLINDRICAL_SURFACE ( 'NONE', #2986, 2.149999999999999023 ) ;
#5385 = ORIENTED_EDGE ( 'NONE', *, *, #5269, .T. ) ;
#5386 = CARTESIAN_POINT ( 'NONE',  ( -1.800000000000000266, -17.50000000000000000, 10.79999999999999716 ) ) ;
#5387 = CARTESIAN_POINT ( 'NONE',  ( 3.778055677180370608, 16.03571698205852059, -16.07330799726355153 ) ) ;
#5388 = CARTESIAN_POINT ( 'NONE',  ( 3.799999999999999822, -18.70000000000001350, -1.800000000000000044 ) ) ;
#5389 = DIRECTION ( 'NONE',  ( -1.000000000000000000, 0.000000000000000000, 0.000000000000000000 ) ) ;
#5390 = CARTESIAN_POINT ( 'NONE',  ( 88.40000000000000568, -14.40659966456864893, -15.73999999999999666 ) ) ;
#5391 = PLANE ( 'NONE',  #3643 ) ;
#5392 = VECTOR ( 'NONE', #9972, 1000.000000000000000 ) ;
#5393 = VERTEX_POINT ( 'NONE', #8390 ) ;
#5394 = LINE ( 'NONE', #4388, #825 ) ;
#5395 = EDGE_CURVE ( 'NONE', #6650, #1574, #9498, .T. ) ;
#5396 = ORIENTED_EDGE ( 'NONE', *, *, #8230, .T. ) ;
#5397 = CARTESIAN_POINT ( 'NONE',  ( 55.38961751986064996, -17.56670124352680418, 25.10324042078607931 ) ) ;
#5398 = CARTESIAN_POINT ( 'NONE',  ( -1.799999999999999378, -3.200000000000001510, -0.8496933580527809005 ) ) ;
#5399 = DIRECTION ( 'NONE',  ( 0.000000000000000000, -0.7071067811865453523, 0.7071067811865496822 ) ) ;
#5400 = CARTESIAN_POINT ( 'NONE',  ( 39.01621927114653943, -17.90000000000000213, 23.55200570877342869 ) ) ;
#5401 = DIRECTION ( 'NONE',  ( 0.000000000000000000, 0.000000000000000000, 1.000000000000000000 ) ) ;
#5402 = EDGE_LOOP ( 'NONE', ( #2871, #99, #1873, #8695 ) ) ;
#5403 = EDGE_CURVE ( 'NONE', #7317, #8824, #9979, .T. ) ;
#5404 = CARTESIAN_POINT ( 'NONE',  ( 35.80000000000000426, -17.50000000000000000, 12.79999999999999538 ) ) ;
#5405 = VECTOR ( 'NONE', #3696, 1000.000000000000000 ) ;
#5406 = ORIENTED_EDGE ( 'NONE', *, *, #6062, .T. ) ;
#5407 = ADVANCED_FACE ( 'NONE', ( #7678 ), #4540, .T. ) ;
#5408 = CARTESIAN_POINT ( 'NONE',  ( 87.25219545251744080, -11.34776666152249724, -17.48492162981213482 ) ) ;
#5409 = CARTESIAN_POINT ( 'NONE',  ( 51.33137141638115963, -18.76180546910007862, 29.63284214599200794 ) ) ;
#5410 = DIRECTION ( 'NONE',  ( 0.000000000000000000, -1.000000000000000000, 0.000000000000000000 ) ) ;
#5411 = ORIENTED_EDGE ( 'NONE', *, *, #8603, .F. ) ;
#5412 = EDGE_LOOP ( 'NONE', ( #9493, #9905, #5267, #4040 ) ) ;
#5413 = CARTESIAN_POINT ( 'NONE',  ( -0.8000000000000001554, -4.100000000000000533, 6.599999999999999645 ) ) ;
#5414 = VERTEX_POINT ( 'NONE', #6811 ) ;
#5415 = ORIENTED_EDGE ( 'NONE', *, *, #3682, .F. ) ;
#5416 = VECTOR ( 'NONE', #3832, 1000.000000000000000 ) ;
#5417 = DIRECTION ( 'NONE',  ( 1.000000000000000000, 0.000000000000000000, 0.000000000000000000 ) ) ;
#5418 = EDGE_LOOP ( 'NONE', ( #9527, #10094 ) ) ;
#5419 = AXIS2_PLACEMENT_3D ( 'NONE', #10128, #6349, #2387 ) ;
#5420 = CARTESIAN_POINT ( 'NONE',  ( 87.40000000000000568, -16.69999999999999929, -9.299999999999998934 ) ) ;
#5421 = CARTESIAN_POINT ( 'NONE',  ( 1.800000000000000044, -9.099999999999994316, -17.74000000000000199 ) ) ;
#5422 = CARTESIAN_POINT ( 'NONE',  ( 29.84999999996615827, -3.899999999944430584, -0.9999999999997565281 ) ) ;
#5423 = FACE_OUTER_BOUND ( 'NONE', #4769, .T. ) ;
#5424 = DIRECTION ( 'NONE',  ( -0.9510565162951545304, 0.3090169943749444537, 0.000000000000000000 ) ) ;
#5425 = EDGE_CURVE ( 'NONE', #8066, #4663, #8178, .T. ) ;
#5426 = EDGE_LOOP ( 'NONE', ( #3350, #5511, #9300, #6744 ) ) ;
#5427 = LINE ( 'NONE', #4288, #4931 ) ;
#5428 = ORIENTED_EDGE ( 'NONE', *, *, #674, .T. ) ;
#5429 = CARTESIAN_POINT ( 'NONE',  ( 55.47771353140948492, -17.70000000000000995, 25.20365731848911395 ) ) ;
#5430 = ORIENTED_EDGE ( 'NONE', *, *, #3294, .F. ) ;
#5431 = FACE_OUTER_BOUND ( 'NONE', #4624, .T. ) ;
#5432 = DIRECTION ( 'NONE',  ( 0.000000000000000000, 0.000000000000000000, 1.000000000000000000 ) ) ;
#5433 = DIRECTION ( 'NONE',  ( 0.000000000000000000, -0.000000000000000000, 1.000000000000000000 ) ) ;
#5434 = CYLINDRICAL_SURFACE ( 'NONE', #1431, 6.199999999999999289 ) ;
#5435 = DIRECTION ( 'NONE',  ( 0.000000000000000000, -1.000000000000000000, -1.234678630588475078E-16 ) ) ;
#5436 = DIRECTION ( 'NONE',  ( 1.000000000000000000, 0.000000000000000000, 0.000000000000000000 ) ) ;
#5437 = VECTOR ( 'NONE', #4556, 1000.000000000000000 ) ;
#5438 = AXIS2_PLACEMENT_3D ( 'NONE', #2346, #3990, #6374 ) ;
#5439 = CARTESIAN_POINT ( 'NONE',  ( 34.80000000000000426, -17.50000000000000000, 12.79999999999999538 ) ) ;
#5440 = VECTOR ( 'NONE', #4642, 1000.000000000000000 ) ;
#5441 = EDGE_CURVE ( 'NONE', #7515, #6839, #6834, .T. ) ;
#5442 = EDGE_CURVE ( 'NONE', #5769, #921, #4759, .T. ) ;
#5443 = ORIENTED_EDGE ( 'NONE', *, *, #10074, .F. ) ;
#5444 = CARTESIAN_POINT ( 'NONE',  ( 88.39523123502922886, -14.21011574878603945, -15.89978838755791735 ) ) ;
#5445 = VECTOR ( 'NONE', #9241, 1000.000000000000114 ) ;
#5446 = CARTESIAN_POINT ( 'NONE',  ( 87.64270830251058442, -12.55784218476271441, -17.12315191781751977 ) ) ;
#5447 = DIRECTION ( 'NONE',  ( 0.000000000000000000, -1.234678630588475078E-16, 1.000000000000000000 ) ) ;
#5448 = VECTOR ( 'NONE', #4203, 1000.000000000000000 ) ;
#5449 = ORIENTED_EDGE ( 'NONE', *, *, #8418, .T. ) ;
#5450 = CARTESIAN_POINT ( 'NONE',  ( 49.92465301467996142, -18.92518990099287635, 37.19769024395282031 ) ) ;
#5451 = FACE_OUTER_BOUND ( 'NONE', #6244, .T. ) ;
#5452 = VECTOR ( 'NONE', #2083, 1000.000000000000000 ) ;
#5453 = ORIENTED_EDGE ( 'NONE', *, *, #2922, .T. ) ;
#5454 = DIRECTION ( 'NONE',  ( -0.7071067811865489050, 0.7071067811865461294, 0.000000000000000000 ) ) ;
#5455 = VECTOR ( 'NONE', #4857, 1000.000000000000114 ) ;
#5456 = CARTESIAN_POINT ( 'NONE',  ( 88.40000000000000568, -15.54999999999981419, 1.950000000000472244 ) ) ;
#5457 = PLANE ( 'NONE',  #6539 ) ;
#5458 = CARTESIAN_POINT ( 'NONE',  ( -0.2000000000000000111, -15.50000000000001954, 24.80000000000000071 ) ) ;
#5459 = CARTESIAN_POINT ( 'NONE',  ( -1.400000000000012346, -18.70000000000001350, 57.79999999999999716 ) ) ;
#5460 = DIRECTION ( 'NONE',  ( 0.000000000000000000, -1.234678630588475078E-16, 1.000000000000000000 ) ) ;
#5461 = ADVANCED_FACE ( 'NONE', ( #2941 ), #5621, .T. ) ;
#5462 = FACE_OUTER_BOUND ( 'NONE', #6066, .T. ) ;
#5463 = ORIENTED_EDGE ( 'NONE', *, *, #7988, .T. ) ;
#5464 = CARTESIAN_POINT ( 'NONE',  ( 2.841772109376760724, -11.90577211603993035, -17.33832773376946434 ) ) ;
#5465 = CARTESIAN_POINT ( 'NONE',  ( 3.799993672309639692, -14.30343153187111582, -15.82554177794882477 ) ) ;
#5466 = CARTESIAN_POINT ( 'NONE',  ( 0.000000000000000000, 0.000000000000000000, 0.000000000000000000 ) ) ;
#5467 = DIRECTION ( 'NONE',  ( 0.000000000000000000, -1.000000000000000000, -5.421010862427523156E-16 ) ) ;
#5468 = ORIENTED_EDGE ( 'NONE', *, *, #3584, .T. ) ;
#5470 = EDGE_CURVE ( 'NONE', #448, #3569, #549, .T. ) ;
#5469 = DIRECTION ( 'NONE',  ( 0.000000000000000000, -1.234678630588475078E-16, 1.000000000000000000 ) ) ;
#5471 = CARTESIAN_POINT ( 'NONE',  ( 37.89045455704946619, -18.70000000000000995, 40.81101730552661166 ) ) ;
#5472 = DIRECTION ( 'NONE',  ( 0.7071067811865444641, 0.7071067811865505703, 2.122205421015059780E-16 ) ) ;
#5473 = ORIENTED_EDGE ( 'NONE', *, *, #874, .F. ) ;
#5474 = LINE ( 'NONE', #8703, #6814 ) ;
#5475 = EDGE_LOOP ( 'NONE', ( #8887, #554, #3812, #4284 ) ) ;
#5476 = CARTESIAN_POINT ( 'NONE',  ( 86.79999999999999716, -15.54999999999981419, 18.75000000000047251 ) ) ;
#5477 = CARTESIAN_POINT ( 'NONE',  ( 31.80000000000000071, -19.09999999999999787, 14.79999999999999893 ) ) ;
#5478 = EDGE_LOOP ( 'NONE', ( #2286, #7576, #2031, #4975, #4092 ) ) ;
#5479 = CARTESIAN_POINT ( 'NONE',  ( 84.40000000000000568, -10.10000000000000142, 56.79999999999999716 ) ) ;
#5480 = CARTESIAN_POINT ( 'NONE',  ( 87.93454286722440827, -12.36802040082545417, -17.02413904725267457 ) ) ;
#5481 = CARTESIAN_POINT ( 'NONE',  ( 86.70220717514679620, -9.873953243240581656, -17.71020630344670366 ) ) ;
#5482 = DIRECTION ( 'NONE',  ( 0.000000000000000000, -1.234678630588475078E-16, 1.000000000000000000 ) ) ;
#5483 = CARTESIAN_POINT ( 'NONE',  ( 49.91715785400803185, -18.76180546910008218, 37.28137141638116248 ) ) ;
#5484 = VECTOR ( 'NONE', #7720, 1000.000000000000000 ) ;
#5485 = LINE ( 'NONE', #2187, #3886 ) ;
#5486 = EDGE_CURVE ( 'NONE', #1365, #2057, #8632, .T. ) ;
#5487 = ORIENTED_EDGE ( 'NONE', *, *, #4689, .F. ) ;
#5488 = VECTOR ( 'NONE', #4844, 1000.000000000000000 ) ;
#5489 = PLANE ( 'NONE',  #3494 ) ;
#5490 = ORIENTED_EDGE ( 'NONE', *, *, #1125, .T. ) ;
#5491 = AXIS2_PLACEMENT_3D ( 'NONE', #5136, #9755, #2757 ) ;
#5492 = CARTESIAN_POINT ( 'NONE',  ( 3.457811040232449784, 14.95740425079938341, -16.89457948703204337 ) ) ;
#5493 = CARTESIAN_POINT ( 'NONE',  ( -1.800000000000000266, -9.500000000000001776, 30.80000000000000071 ) ) ;
#5494 = CARTESIAN_POINT ( 'NONE',  ( 62.80000000000001137, -17.50000000000000000, 8.799999999999998934 ) ) ;
#5495 = PLANE ( 'NONE',  #7942 ) ;
#5496 = ORIENTED_EDGE ( 'NONE', *, *, #379, .T. ) ;
#5497 = CYLINDRICAL_SURFACE ( 'NONE', #5066, 2.000000000000001776 ) ;
#5498 = PLANE ( 'NONE',  #8950 ) ;
#5499 = ORIENTED_EDGE ( 'NONE', *, *, #7774, .F. ) ;
#5500 = AXIS2_PLACEMENT_3D ( 'NONE', #3022, #2274, #7733 ) ;
#5501 = LINE ( 'NONE', #7375, #4622 ) ;
#5502 = CARTESIAN_POINT ( 'NONE',  ( 62.80000000000001137, -19.10000000000000142, 12.79999999999999538 ) ) ;
#5503 = DIRECTION ( 'NONE',  ( -1.000000000000000000, 0.000000000000000000, 0.000000000000000000 ) ) ;
#5504 = VECTOR ( 'NONE', #5705, 1000.000000000000000 ) ;
#5505 = EDGE_CURVE ( 'NONE', #7069, #3996, #8894, .T. ) ;
#5506 = EDGE_CURVE ( 'NONE', #7106, #6898, #6095, .T. ) ;
#5507 = LINE ( 'NONE', #3332, #2058 ) ;
#5508 = CARTESIAN_POINT ( 'NONE',  ( 36.39999999997510827, -3.900000000058068128, -1.800000000000000044 ) ) ;
#5509 = VERTEX_POINT ( 'NONE', #1422 ) ;
#5510 = DIRECTION ( 'NONE',  ( 0.000000000000000000, 0.000000000000000000, 1.000000000000000000 ) ) ;
#5511 = ORIENTED_EDGE ( 'NONE', *, *, #5030, .F. ) ;
#5512 = CARTESIAN_POINT ( 'NONE',  ( 35.14999999999953673, -3.900000000004096634, -0.9999999999998300249 ) ) ;
#5513 = ADVANCED_FACE ( 'NONE', ( #9137 ), #8354, .F. ) ;
#5514 = MECHANICAL_DESIGN_GEOMETRIC_PRESENTATION_REPRESENTATION (  '', ( #2711 ), #4777 ) ;
#5515 = CARTESIAN_POINT ( 'NONE',  ( 87.72085683557787661, -11.83746709825977383, -17.24180047132876936 ) ) ;
#5516 = FACE_BOUND ( 'NONE', #6883, .T. ) ;
#5517 = CARTESIAN_POINT ( 'NONE',  ( 87.72433429519470849, -12.85190360560442357, -17.01031140656531804 ) ) ;
#5518 = CARTESIAN_POINT ( 'NONE',  ( 1.799999999999996048, -17.50000000000000000, -2.755455298081544778E-15 ) ) ;
#5519 = ORIENTED_EDGE ( 'NONE', *, *, #2701, .T. ) ;
#5520 = CARTESIAN_POINT ( 'NONE',  ( 49.94091512541769617, -19.06986120978039878, 36.99977199103545900 ) ) ;
#5521 = CARTESIAN_POINT ( 'NONE',  ( -0.2000000000000000111, -4.545900930049277200, 16.39936534720461125 ) ) ;
#5522 = AXIS2_PLACEMENT_3D ( 'NONE', #919, #8673, #5609 ) ;
#5523 = ORIENTED_EDGE ( 'NONE', *, *, #458, .F. ) ;
#5524 = EDGE_CURVE ( 'NONE', #5115, #1288, #6591, .T. ) ;
#5525 = LINE ( 'NONE', #3093, #820 ) ;
#5526 = CARTESIAN_POINT ( 'NONE',  ( 84.20000000000001705, -16.69999999999999929, -13.70000000000000107 ) ) ;
#5527 = CARTESIAN_POINT ( 'NONE',  ( 84.20000000000001705, 11.79999999999999716, -9.350000000000001421 ) ) ;
#5528 = DIRECTION ( 'NONE',  ( 1.000000000000000000, 0.000000000000000000, -0.000000000000000000 ) ) ;
#5529 = DIRECTION ( 'NONE',  ( 1.360567432138673905E-15, 0.000000000000000000, 1.000000000000000000 ) ) ;
#5530 = ORIENTED_EDGE ( 'NONE', *, *, #610, .T. ) ;
#5531 = DIRECTION ( 'NONE',  ( 0.000000000000000000, 0.000000000000000000, -1.000000000000000000 ) ) ;
#5532 = EDGE_CURVE ( 'NONE', #1966, #3191, #5857, .T. ) ;
#5534 = CARTESIAN_POINT ( 'NONE',  ( 3.030875356383776698, -12.51667476957960012, -17.13828900609902917 ) ) ;
#5533 = AXIS2_PLACEMENT_3D ( 'NONE', #5877, #1177, #4992 ) ;
#5535 = B_SPLINE_CURVE_WITH_KNOTS ( 'NONE', 3,
 ( #8645, #9534, #2585, #2549, #1817, #7990, #8818, #5617 ),
 .UNSPECIFIED., .F., .F.,
 ( 4, 2, 2, 4 ),
 ( 0.000000000000000000, 0.0001860284230303002443, 0.0003720568460606004887, 0.0007441136921212009774 ),
 .UNSPECIFIED. ) ;
#5536 = CARTESIAN_POINT ( 'NONE',  ( 4.800000000000000711, -17.50000000000000000, 12.79999999999999893 ) ) ;
#5537 = CARTESIAN_POINT ( 'NONE',  ( -1.800000000000000266, -9.500000000000001776, 32.79999999999999716 ) ) ;
#5538 = CARTESIAN_POINT ( 'NONE',  ( 68.40000000000000568, -13.20000000000000107, -0.7999999999999999334 ) ) ;
#5539 = DIRECTION ( 'NONE',  ( 0.7071067811865506814, 2.122205421015041045E-16, -0.7071067811865443531 ) ) ;
#5540 = ORIENTED_EDGE ( 'NONE', *, *, #1605, .T. ) ;
#5541 = EDGE_CURVE ( 'NONE', #6077, #7677, #7085, .T. ) ;
#5542 = CARTESIAN_POINT ( 'NONE',  ( -1.800000000000000266, -4.100000000000000533, 6.599999999999999645 ) ) ;
#5543 = ORIENTED_EDGE ( 'NONE', *, *, #1447, .T. ) ;
#5544 = CARTESIAN_POINT ( 'NONE',  ( 86.62893175027059556, -9.549212290555933791, -17.72695893036282655 ) ) ;
#5545 = CARTESIAN_POINT ( 'NONE',  ( 87.60251926761016250, -12.41952257767878898, -17.17328757348148116 ) ) ;
#5546 = ORIENTED_EDGE ( 'NONE', *, *, #7953, .F. ) ;
#5547 = LINE ( 'NONE', #6738, #6882 ) ;
#5548 = ORIENTED_EDGE ( 'NONE', *, *, #6487, .T. ) ;
#5549 = VECTOR ( 'NONE', #8129, 1000.000000000000000 ) ;
#5550 = DIRECTION ( 'NONE',  ( 0.000000000000000000, 1.000000000000000000, 0.000000000000000000 ) ) ;
#5551 = LINE ( 'NONE', #3100, #6390 ) ;
#5552 = CARTESIAN_POINT ( 'NONE',  ( 81.00000000000000000, 18.00000000000000000, -3.653981901626786044 ) ) ;
#5553 = VERTEX_POINT ( 'NONE', #7166 ) ;
#5554 = ORIENTED_EDGE ( 'NONE', *, *, #5033, .F. ) ;
#5555 = ORIENTED_EDGE ( 'NONE', *, *, #5130, .T. ) ;
#5556 = LINE ( 'NONE', #846, #3136 ) ;
#5557 = CARTESIAN_POINT ( 'NONE',  ( -1.799993672309639026, -14.30343153187114247, -15.82554177794882833 ) ) ;
#5558 = CARTESIAN_POINT ( 'NONE',  ( -4.000000000000011546, -11.70000000000002416, 10.79999999999999716 ) ) ;
#5559 = LINE ( 'NONE', #6609, #6288 ) ;
#5560 = VERTEX_POINT ( 'NONE', #9398 ) ;
#5561 = EDGE_CURVE ( 'NONE', #139, #8251, #811, .T. ) ;
#5562 = EDGE_CURVE ( 'NONE', #6638, #8066, #9738, .T. ) ;
#5563 = ADVANCED_FACE ( 'NONE', ( #4269 ), #4846, .F. ) ;
#5564 = CIRCLE ( 'NONE', #3742, 1.249999999999161560 ) ;
#5565 = ORIENTED_EDGE ( 'NONE', *, *, #5505, .F. ) ;
#5566 = CARTESIAN_POINT ( 'NONE',  ( 72.40000000000000568, -8.100000000000001421, 56.79999999999999716 ) ) ;
#5567 = ORIENTED_EDGE ( 'NONE', *, *, #2221, .F. ) ;
#5568 = FACE_OUTER_BOUND ( 'NONE', #8383, .T. ) ;
#5569 = DIRECTION ( 'NONE',  ( 1.000000000000000000, 0.000000000000000000, 0.000000000000000000 ) ) ;
#5570 = CARTESIAN_POINT ( 'NONE',  ( -1.800000000000000266, 11.79999999999999893, -11.50000000000000000 ) ) ;
#5571 = VECTOR ( 'NONE', #315, 1000.000000000000000 ) ;
#5572 = CARTESIAN_POINT ( 'NONE',  ( 88.40000000000000568, -18.70000000000001350, 57.39999999999999858 ) ) ;
#5573 = CARTESIAN_POINT ( 'NONE',  ( 81.00000000000000000, 18.00000000000000000, -17.73999999999999844 ) ) ;
#5574 = DIRECTION ( 'NONE',  ( 0.000000000000000000, 0.000000000000000000, 1.000000000000000000 ) ) ;
#5575 = VECTOR ( 'NONE', #7910, 1000.000000000000114 ) ;
#5576 = CARTESIAN_POINT ( 'NONE',  ( 9.600000000000001421, -19.10000000000001208, 52.09999999999999432 ) ) ;
#5577 = ORIENTED_EDGE ( 'NONE', *, *, #6964, .T. ) ;
#5578 = AXIS2_PLACEMENT_3D ( 'NONE', #1961, #2848, #3638 ) ;
#5579 = VECTOR ( 'NONE', #1757, 1000.000000000000000 ) ;
#5580 = EDGE_CURVE ( 'NONE', #3872, #9339, #7669, .T. ) ;
#5581 = CARTESIAN_POINT ( 'NONE',  ( 57.21903090930213409, -19.10000000000000142, 21.48244095327414271 ) ) ;
#5582 = CARTESIAN_POINT ( 'NONE',  ( 4.800000000000000711, -19.10000000000000142, 8.799999999999998934 ) ) ;
#5583 = CARTESIAN_POINT ( 'NONE',  ( -1.800000000000000266, -9.500000000000001776, 44.79999999999999716 ) ) ;
#5584 = DIRECTION ( 'NONE',  ( 3.469446951953613696E-16, -1.000000000000000000, 0.000000000000000000 ) ) ;
#5585 = DIRECTION ( 'NONE',  ( -1.000000000000000000, -0.000000000000000000, -0.000000000000000000 ) ) ;
#5586 = EDGE_LOOP ( 'NONE', ( #183, #2837, #5443, #5487 ) ) ;
#5587 = ORIENTED_EDGE ( 'NONE', *, *, #5243, .F. ) ;
#5588 = ORIENTED_EDGE ( 'NONE', *, *, #5367, .F. ) ;
#5589 = LINE ( 'NONE', #296, #5091 ) ;
#5590 = VECTOR ( 'NONE', #6752, 1000.000000000000000 ) ;
#5591 = EDGE_CURVE ( 'NONE', #9609, #7868, #9690, .T. ) ;
#5592 = CARTESIAN_POINT ( 'NONE',  ( 70.59999999999999432, 18.00000000000000000, -3.653981901626786044 ) ) ;
#5593 = LINE ( 'NONE', #3635, #2541 ) ;
#5594 = CARTESIAN_POINT ( 'NONE',  ( 0.02838494648366321482, -9.436554158781314428, -17.73262385643658590 ) ) ;
#5595 = VECTOR ( 'NONE', #9523, 1000.000000000000000 ) ;
#5596 = CARTESIAN_POINT ( 'NONE',  ( 46.80000000000000426, -27.50000000000000355, 32.75000000000000000 ) ) ;
#5597 = CARTESIAN_POINT ( 'NONE',  ( -1.524631317420912513, -12.91256977724736643, -16.75333907198420746 ) ) ;
#5598 = VECTOR ( 'NONE', #900, 1000.000000000000000 ) ;
#5599 = ORIENTED_EDGE ( 'NONE', *, *, #1416, .T. ) ;
#5600 = CARTESIAN_POINT ( 'NONE',  ( -4.000000000000012434, -11.70000000000002416, 22.80000000000000071 ) ) ;
#5601 = CARTESIAN_POINT ( 'NONE',  ( 46.80000000000001137, -19.10000000000000142, 31.33578643762691840 ) ) ;
#5602 = VECTOR ( 'NONE', #2845, 1000.000000000000000 ) ;
#5603 = FACE_OUTER_BOUND ( 'NONE', #633, .T. ) ;
#5604 = CARTESIAN_POINT ( 'NONE',  ( 3.723722370396520986, -13.67265559291857180, -16.29236934828663763 ) ) ;
#5605 = DIRECTION ( 'NONE',  ( -1.000000000000000000, 0.000000000000000000, 0.000000000000000000 ) ) ;
#5606 = CARTESIAN_POINT ( 'NONE',  ( -1.737593590705846625, -13.75367714914054673, -16.23579484760986702 ) ) ;
#5607 = ORIENTED_EDGE ( 'NONE', *, *, #3138, .F. ) ;
#5608 = EDGE_CURVE ( 'NONE', #6607, #4751, #8766, .T. ) ;
#5609 = DIRECTION ( 'NONE',  ( -0.000000000000000000, 0.000000000000000000, -1.000000000000000000 ) ) ;
#5610 = CARTESIAN_POINT ( 'NONE',  ( 70.20000000000001705, 11.79999999999999716, -8.300000000000000711 ) ) ;
#5611 = CARTESIAN_POINT ( 'NONE',  ( 37.94887867452332131, -17.76656026103059816, 40.37562005171356105 ) ) ;
#5612 = ORIENTED_EDGE ( 'NONE', *, *, #2546, .F. ) ;
#5613 = VECTOR ( 'NONE', #1613, 1000.000000000000000 ) ;
#5614 = VECTOR ( 'NONE', #5292, 1000.000000000000000 ) ;
#5615 = VECTOR ( 'NONE', #5920, 1000.000000000000000 ) ;
#5616 = DIRECTION ( 'NONE',  ( 0.000000000000000000, 1.000000000000000000, -0.000000000000000000 ) ) ;
#5617 = CARTESIAN_POINT ( 'NONE',  ( 43.68284214599195536, -18.69999999999999929, 37.28137141638112695 ) ) ;
#5618 = ADVANCED_FACE ( 'NONE', ( #7809 ), #23, .T. ) ;
#5619 = CARTESIAN_POINT ( 'NONE',  ( -1.800000000000000266, -4.100000000000000533, 6.599999999999999645 ) ) ;
#5620 = DIRECTION ( 'NONE',  ( 0.000000000000000000, 0.000000000000000000, 1.000000000000000000 ) ) ;
#5621 = TOROIDAL_SURFACE ( 'NONE', #7559, 5.099999999999996092, 0.4000000000000000222 ) ;
#5622 = ORIENTED_EDGE ( 'NONE', *, *, #2750, .T. ) ;
#5623 = VECTOR ( 'NONE', #3922, 1000.000000000000000 ) ;
#5624 = CARTESIAN_POINT ( 'NONE',  ( 70.20000000000001705, 15.00000000000000000, -11.50000000000000000 ) ) ;
#5625 = VERTEX_POINT ( 'NONE', #7065 ) ;
#5626 = ADVANCED_FACE ( 'NONE', ( #9019 ), #879, .T. ) ;
#5627 = DIRECTION ( 'NONE',  ( 0.000000000000000000, -1.955719815080955213E-16, 1.000000000000000000 ) ) ;
#5628 = CIRCLE ( 'NONE', #6325, 11.50000000000000355 ) ;
#5629 = DIRECTION ( 'NONE',  ( 0.000000000000000000, -0.000000000000000000, -1.000000000000000000 ) ) ;
#5630 = ORIENTED_EDGE ( 'NONE', *, *, #2831, .T. ) ;
#5631 = ORIENTED_EDGE ( 'NONE', *, *, #3276, .T. ) ;
#5632 = LINE ( 'NONE', #6413, #6478 ) ;
#5633 = CARTESIAN_POINT ( 'NONE',  ( -1.800000000000000266, -17.50000000000000000, 18.80000000000000071 ) ) ;
#5634 = ORIENTED_EDGE ( 'NONE', *, *, #8162, .T. ) ;
#5635 = CARTESIAN_POINT ( 'NONE',  ( 3.226808066207937920, -13.27329827909314375, -16.82756319479177876 ) ) ;
#5636 = DIRECTION ( 'NONE',  ( 0.000000000000000000, 0.7071067811865500152, -0.7071067811865451302 ) ) ;
#5637 = CARTESIAN_POINT ( 'NONE',  ( 3.368162576222911486, -14.08432653739880713, -16.41020895556867032 ) ) ;
#5638 = CARTESIAN_POINT ( 'NONE',  ( 35.80000000000000426, -19.09999999999999787, 9.799999999999995381 ) ) ;
#5639 = EDGE_CURVE ( 'NONE', #7886, #234, #6215, .T. ) ;
#5640 = EDGE_CURVE ( 'NONE', #889, #3422, #5632, .T. ) ;
#5641 = DIRECTION ( 'NONE',  ( -1.000000000000000000, 0.000000000000000000, -0.000000000000000000 ) ) ;
#5642 = CARTESIAN_POINT ( 'NONE',  ( -0.8000000000000001554, -6.300000000000011369, 0.000000000000000000 ) ) ;
#5643 = DIRECTION ( 'NONE',  ( 0.000000000000000000, 1.234678630588475078E-16, -1.000000000000000000 ) ) ;
#5644 = EDGE_LOOP ( 'NONE', ( #4330, #8680, #8303, #1324 ) ) ;
#5645 = VERTEX_POINT ( 'NONE', #7095 ) ;
#5646 = DIRECTION ( 'NONE',  ( 0.000000000000000000, -1.234678630588475078E-16, 1.000000000000000000 ) ) ;
#5647 = PLANE ( 'NONE',  #2281 ) ;
#5648 = CIRCLE ( 'NONE', #75, 5.099999999999993427 ) ;
#5649 = CARTESIAN_POINT ( 'NONE',  ( 66.40000000000000568, -11.20000000000000107, -0.7999999999999999334 ) ) ;
#5650 = ORIENTED_EDGE ( 'NONE', *, *, #1302, .T. ) ;
#5651 = PLANE ( 'NONE',  #4983 ) ;
#5652 = AXIS2_PLACEMENT_3D ( 'NONE', #8869, #7252, #8800 ) ;
#5653 = VECTOR ( 'NONE', #8030, 1000.000000000000000 ) ;
#5654 = CARTESIAN_POINT ( 'NONE',  ( -0.2000000000000000111, -9.500000000000001776, 40.80000000000000426 ) ) ;
#5655 = DIRECTION ( 'NONE',  ( -1.000000000000000000, 0.000000000000000000, -0.000000000000000000 ) ) ;
#5656 = LINE ( 'NONE', #4518, #9529 ) ;
#5657 = CARTESIAN_POINT ( 'NONE',  ( 42.79453501539407512, -19.10000000000000497, 29.59306315281794042 ) ) ;
#5658 = CARTESIAN_POINT ( 'NONE',  ( 0.1071199177475291170, -9.337058635042147614, -17.73736509961751295 ) ) ;
#5659 = CARTESIAN_POINT ( 'NONE',  ( 84.20000000000001705, 11.79999999999999893, -11.50000000000000000 ) ) ;
#5660 = ORIENTED_EDGE ( 'NONE', *, *, #5013, .F. ) ;
#5661 = EDGE_CURVE ( 'NONE', #8490, #1299, #9615, .T. ) ;
#5662 = ORIENTED_EDGE ( 'NONE', *, *, #9235, .F. ) ;
#5663 = ORIENTED_EDGE ( 'NONE', *, *, #838, .F. ) ;
#5664 = CARTESIAN_POINT ( 'NONE',  ( 2.705190785374005369, -10.91508861040930078, -17.52442738495856034 ) ) ;
#5665 = VECTOR ( 'NONE', #9424, 1000.000000000000000 ) ;
#5666 = DIRECTION ( 'NONE',  ( -0.000000000000000000, 0.000000000000000000, -1.000000000000000000 ) ) ;
#5667 = VECTOR ( 'NONE', #9450, 1000.000000000000000 ) ;
#5668 = DIRECTION ( 'NONE',  ( 0.000000000000000000, 0.9876883405951378814, -0.1564344650402291204 ) ) ;
#5669 = ORIENTED_EDGE ( 'NONE', *, *, #6075, .F. ) ;
#5670 = FACE_OUTER_BOUND ( 'NONE', #4912, .T. ) ;
#5671 = ADVANCED_FACE ( 'NONE', ( #1064 ), #8675, .F. ) ;
#5672 = ORIENTED_EDGE ( 'NONE', *, *, #5710, .T. ) ;
#5673 = ORIENTED_EDGE ( 'NONE', *, *, #6434, .F. ) ;
#5674 = EDGE_CURVE ( 'NONE', #5125, #921, #2056, .T. ) ;
#5675 = FACE_OUTER_BOUND ( 'NONE', #8902, .T. ) ;
#5676 = DIRECTION ( 'NONE',  ( 0.000000000000000000, -1.000000000000000000, -9.351609034915406741E-17 ) ) ;
#5677 = CARTESIAN_POINT ( 'NONE',  ( -1.800000000000000266, -17.50000000000000000, 4.799999999999998934 ) ) ;
#5678 = CARTESIAN_POINT ( 'NONE',  ( 34.80000000000000426, -19.10000000000000142, 12.79999999999999538 ) ) ;
#5679 = CARTESIAN_POINT ( 'NONE',  ( 37.60200570877342585, -17.89999999999999147, 40.53378072885341510 ) ) ;
#5680 = VECTOR ( 'NONE', #6968, 1000.000000000000000 ) ;
#5681 = CARTESIAN_POINT ( 'NONE',  ( 1.799999999999996048, -17.50000000000000000, -2.755455298081544778E-15 ) ) ;
#5682 = VERTEX_POINT ( 'NONE', #9628 ) ;
#5683 = VECTOR ( 'NONE', #9359, 1000.000000000000000 ) ;
#5684 = DIRECTION ( 'NONE',  ( -0.000000000000000000, 1.000000000000000000, 3.001251688541188813E-16 ) ) ;
#5685 = VECTOR ( 'NONE', #4789, 1000.000000000000000 ) ;
#5686 = ORIENTED_EDGE ( 'NONE', *, *, #9053, .T. ) ;
#5687 = CARTESIAN_POINT ( 'NONE',  ( 0.1274183967596146938, -9.242229101055274398, -17.73889356874608225 ) ) ;
#5688 = ORIENTED_EDGE ( 'NONE', *, *, #1857, .T. ) ;
#5689 = ORIENTED_EDGE ( 'NONE', *, *, #10125, .F. ) ;
#5690 = AXIS2_PLACEMENT_3D ( 'NONE', #3279, #885, #6425 ) ;
#5691 = CARTESIAN_POINT ( 'NONE',  ( 1.799999999999996048, -17.50000000000000000, -2.755455298081544778E-15 ) ) ;
#5692 = CARTESIAN_POINT ( 'NONE',  ( 35.14999999999955094, -3.900000000004197886, -0.2000000000000006495 ) ) ;
#5693 = CARTESIAN_POINT ( 'NONE',  ( -1.165549538352430803, -13.01410568776494081, -16.94237148018464723 ) ) ;
#5694 = EDGE_CURVE ( 'NONE', #9593, #9212, #2945, .T. ) ;
#5695 = EDGE_CURVE ( 'NONE', #8666, #313, #1804, .T. ) ;
#5696 = CARTESIAN_POINT ( 'NONE',  ( 3.282453398302057401, -13.53566448537905131, -16.70330055892915055 ) ) ;
#5697 = LINE ( 'NONE', #6110, #6671 ) ;
#5698 = ORIENTED_EDGE ( 'NONE', *, *, #3783, .F. ) ;
#5699 = DIRECTION ( 'NONE',  ( 0.000000000000000000, -1.234678630588475078E-16, 1.000000000000000000 ) ) ;
#5700 = CARTESIAN_POINT ( 'NONE',  ( 3.379719106206521939, -14.19408400017729832, -16.34619511022959060 ) ) ;
#5701 = DIRECTION ( 'NONE',  ( 0.000000000000000000, -0.7071067811865474617, -0.7071067811865474617 ) ) ;
#5702 = CARTESIAN_POINT ( 'NONE',  ( 62.80000000000001137, -19.09999999999999787, 10.79999999999999716 ) ) ;
#5703 = CARTESIAN_POINT ( 'NONE',  ( 87.14252032222729838, -10.57692769512026132, -17.59799893243153335 ) ) ;
#5704 = LINE ( 'NONE', #1950, #3407 ) ;
#5705 = DIRECTION ( 'NONE',  ( 0.000000000000000000, -3.001251688541188813E-16, 1.000000000000000000 ) ) ;
#5706 = AXIS2_PLACEMENT_3D ( 'NONE', #6442, #5528, #2397 ) ;
#5707 = VERTEX_POINT ( 'NONE', #5767 ) ;
#5709 = VERTEX_POINT ( 'NONE', #6520 ) ;
#5708 = CARTESIAN_POINT ( 'NONE',  ( 34.80000000000000426, -19.10000000000000142, 10.79999999999999716 ) ) ;
#5710 = EDGE_CURVE ( 'NONE', #2566, #6611, #9257, .T. ) ;
#5712 = AXIS2_PLACEMENT_3D ( 'NONE', #6185, #9958, #683 ) ;
#5711 = DIRECTION ( 'NONE',  ( -1.399999999999999714E-14, -9.999999999999999988E-15, -1.000000000000000000 ) ) ;
#5713 = CARTESIAN_POINT ( 'NONE',  ( -1.800000000000000266, 11.79999999999999893, -13.64999999999999858 ) ) ;
#5714 = CARTESIAN_POINT ( 'NONE',  ( 86.79999999999999716, -17.50000000000020250, 54.39999999999972857 ) ) ;
#5715 = CARTESIAN_POINT ( 'NONE',  ( 54.42562005171357242, -17.76656026103060171, 41.60112132547666874 ) ) ;
#5716 = CARTESIAN_POINT ( 'NONE',  ( 58.33563604328973184, -18.70000000000000284, 22.62857751908351034 ) ) ;
#5717 = CARTESIAN_POINT ( 'NONE',  ( 16.19999999999999218, -11.30000000000000959, 57.79999999999999716 ) ) ;
#5718 = VECTOR ( 'NONE', #1899, 1000.000000000000000 ) ;
#5719 = VERTEX_POINT ( 'NONE', #1843 ) ;
#5720 = ORIENTED_EDGE ( 'NONE', *, *, #806, .T. ) ;
#5721 = EDGE_CURVE ( 'NONE', #2220, #475, #7430, .T. ) ;
#5722 = AXIS2_PLACEMENT_3D ( 'NONE', #8442, #10015, #2410 ) ;
#5723 = ADVANCED_FACE ( 'NONE', ( #4401 ), #2642, .F. ) ;
#5724 = DIRECTION ( 'NONE',  ( 0.000000000000000000, 0.000000000000000000, 1.000000000000000000 ) ) ;
#5725 = FACE_BOUND ( 'NONE', #2514, .T. ) ;
#5726 = VECTOR ( 'NONE', #9174, 1000.000000000000000 ) ;
#5727 = CARTESIAN_POINT ( 'NONE',  ( 37.99196734580363000, -27.50000000000000355, 25.35618090817671444 ) ) ;
#5728 = ORIENTED_EDGE ( 'NONE', *, *, #3398, .T. ) ;
#5729 = ORIENTED_EDGE ( 'NONE', *, *, #611, .F. ) ;
#5730 = DIRECTION ( 'NONE',  ( -0.000000000000000000, 0.000000000000000000, -1.000000000000000000 ) ) ;
#5731 = CARTESIAN_POINT ( 'NONE',  ( 3.651049280787120210, -13.35024489418611715, -16.50089852476786234 ) ) ;
#5732 = ORIENTED_EDGE ( 'NONE', *, *, #8272, .F. ) ;
#5733 = LINE ( 'NONE', #9533, #9970 ) ;
#5734 = VECTOR ( 'NONE', #8073, 1000.000000000000000 ) ;
#5736 = EDGE_CURVE ( 'NONE', #6206, #4226, #3080, .T. ) ;
#5735 = CARTESIAN_POINT ( 'NONE',  ( 62.80000000000001137, -19.10000000000000142, 14.79999999999999361 ) ) ;
#5737 = CARTESIAN_POINT ( 'NONE',  ( 88.07042323243747717, -12.74742243207905723, -16.84038505149270648 ) ) ;
#5738 = CARTESIAN_POINT ( 'NONE',  ( 3.799999999999999822, 11.79999999999999893, -11.50000000000000000 ) ) ;
#5739 = ORIENTED_EDGE ( 'NONE', *, *, #2124, .T. ) ;
#5740 = ORIENTED_EDGE ( 'NONE', *, *, #5505, .T. ) ;
#5741 = LINE ( 'NONE', #2866, #7551 ) ;
#5742 = CARTESIAN_POINT ( 'NONE',  ( 21.74999999999954525, -3.900000000003909673, -0.9999999999996430633 ) ) ;
#5743 = VECTOR ( 'NONE', #8152, 1000.000000000000000 ) ;
#5744 = DIRECTION ( 'NONE',  ( 0.000000000000000000, -0.000000000000000000, 1.000000000000000000 ) ) ;
#5745 = CARTESIAN_POINT ( 'NONE',  ( 71.96213064074505894, -10.75610976735362279, -17.60263187453054101 ) ) ;
#5746 = DIRECTION ( 'NONE',  ( 0.000000000000000000, 1.234678630588475078E-16, -1.000000000000000000 ) ) ;
#5747 = VERTEX_POINT ( 'NONE', #8908 ) ;
#5748 = AXIS2_PLACEMENT_3D ( 'NONE', #9926, #7518, #1321 ) ;
#5749 = ORIENTED_EDGE ( 'NONE', *, *, #6600, .T. ) ;
#5750 = VERTEX_POINT ( 'NONE', #3408 ) ;
#5751 = EDGE_CURVE ( 'NONE', #5990, #9609, #5961, .T. ) ;
#5752 = EDGE_CURVE ( 'NONE', #3146, #6650, #6719, .T. ) ;
#5753 = EDGE_CURVE ( 'NONE', #1884, #6532, #1444, .T. ) ;
#5754 = ORIENTED_EDGE ( 'NONE', *, *, #8106, .F. ) ;
#5755 = CARTESIAN_POINT ( 'NONE',  ( -0.9142334111353761505, -11.36336674988788964, -17.40523385655691513 ) ) ;
#5756 = DIRECTION ( 'NONE',  ( -0.000000000000000000, -0.000000000000000000, 1.000000000000000000 ) ) ;
#5757 = CARTESIAN_POINT ( 'NONE',  ( -1.800000000000000266, -9.500000000000001776, 22.80000000000000071 ) ) ;
#5758 = DIRECTION ( 'NONE',  ( 0.000000000000000000, -1.000000000000000000, 0.000000000000000000 ) ) ;
#5759 = ORIENTED_EDGE ( 'NONE', *, *, #9266, .F. ) ;
#5760 = CARTESIAN_POINT ( 'NONE',  ( 3.701678938540192476, -13.56572536450169864, -16.36367032937571864 ) ) ;
#5761 = CARTESIAN_POINT ( 'NONE',  ( 37.45746467764877963, -18.70000000000675655, 43.50674888472423874 ) ) ;
#5762 = EDGE_CURVE ( 'NONE', #9060, #2220, #447, .T. ) ;
#5763 = EDGE_CURVE ( 'NONE', #9281, #9454, #4627, .T. ) ;
#5764 = ORIENTED_EDGE ( 'NONE', *, *, #7631, .T. ) ;
#5765 = CARTESIAN_POINT ( 'NONE',  ( -1.000000000000000000, -3.045900930049277200, 16.89936534720461125 ) ) ;
#5766 = CARTESIAN_POINT ( 'NONE',  ( 87.35823007684385288, -11.02737508279716749, -17.49653817117676979 ) ) ;
#5767 = CARTESIAN_POINT ( 'NONE',  ( 70.60000000000000853, 11.79999999999999716, -8.300000000000000711 ) ) ;
#5768 = ORIENTED_EDGE ( 'NONE', *, *, #3172, .F. ) ;
#5769 = VERTEX_POINT ( 'NONE', #1751 ) ;
#5770 = VERTEX_POINT ( 'NONE', #197 ) ;
#5771 = ADVANCED_FACE ( 'NONE', ( #4884 ), #6455, .F. ) ;
#5772 = LINE ( 'NONE', #5045, #1587 ) ;
#5773 = ORIENTED_EDGE ( 'NONE', *, *, #3357, .T. ) ;
#5774 = DIRECTION ( 'NONE',  ( 1.000000000000000000, 0.000000000000000000, 0.000000000000000000 ) ) ;
#5775 = CARTESIAN_POINT ( 'NONE',  ( 82.40000000000000568, -0.09999999999999882594, 56.79999999999999716 ) ) ;
#5776 = CARTESIAN_POINT ( 'NONE',  ( -1.800000000000000266, -0.1000000000000002554, 3.600000000000000089 ) ) ;
#5777 = AXIS2_PLACEMENT_3D ( 'NONE', #3434, #10024, #4563 ) ;
#5778 = ORIENTED_EDGE ( 'NONE', *, *, #1313, .T. ) ;
#5779 = DIRECTION ( 'NONE',  ( -1.000000000000000000, 0.000000000000000000, 1.405126015568660742E-14 ) ) ;
#5780 = ORIENTED_EDGE ( 'NONE', *, *, #9515, .F. ) ;
#5781 = VERTEX_POINT ( 'NONE', #956 ) ;
#5782 = VECTOR ( 'NONE', #6704, 1000.000000000000000 ) ;
#5783 = DIRECTION ( 'NONE',  ( 0.000000000000000000, 0.000000000000000000, -1.000000000000000000 ) ) ;
#5784 = DIRECTION ( 'NONE',  ( 0.000000000000000000, -1.000000000000000000, -0.000000000000000000 ) ) ;
#5785 = CARTESIAN_POINT ( 'NONE',  ( 0.1855526127779214551, -9.128310994733276118, -17.74000028115813166 ) ) ;
#5786 = CARTESIAN_POINT ( 'NONE',  ( 86.40000000000000568, -9.099999999999996092, -17.73999999999999844 ) ) ;
#5787 = EDGE_CURVE ( 'NONE', #4630, #1933, #3259, .T. ) ;
#5788 = DIRECTION ( 'NONE',  ( 0.000000000000000000, -3.001251688541188813E-16, 1.000000000000000000 ) ) ;
#5790 = ADVANCED_FACE ( 'NONE', ( #6960 ), #8409, .F. ) ;
#5789 = CARTESIAN_POINT ( 'NONE',  ( 88.40000000000000568, 7.111771793400198050, -1.511653759786973028 ) ) ;
#5791 = LINE ( 'NONE', #8521, #5921 ) ;
#5792 = CARTESIAN_POINT ( 'NONE',  ( 2.123603225540458439, -9.929072149393952884, -17.70627889641279396 ) ) ;
#5793 = ORIENTED_EDGE ( 'NONE', *, *, #8847, .F. ) ;
#5794 = ORIENTED_EDGE ( 'NONE', *, *, #2432, .F. ) ;
#5795 = DIRECTION ( 'NONE',  ( 0.000000000000000000, 0.7071067811865465735, 0.7071067811865483499 ) ) ;
#5796 = VECTOR ( 'NONE', #8921, 1000.000000000000000 ) ;
#5797 = CARTESIAN_POINT ( 'NONE',  ( -1.800000000000000266, -9.500000000000001776, 40.80000000000000426 ) ) ;
#5798 = CARTESIAN_POINT ( 'NONE',  ( -0.2000000000000000111, -4.545900930049273647, -9.857351328526586984E-16 ) ) ;
#5799 = DIRECTION ( 'NONE',  ( 1.360567432138673905E-15, 0.000000000000000000, 1.000000000000000000 ) ) ;
#5800 = ORIENTED_EDGE ( 'NONE', *, *, #4174, .T. ) ;
#5801 = LINE ( 'NONE', #1621, #1617 ) ;
#5802 = VECTOR ( 'NONE', #5228, 1000.000000000000000 ) ;
#5803 = ORIENTED_EDGE ( 'NONE', *, *, #4333, .T. ) ;
#5804 = ORIENTED_EDGE ( 'NONE', *, *, #6268, .T. ) ;
#5805 = CARTESIAN_POINT ( 'NONE',  ( 46.80000000000000426, -19.10000000000000497, 32.75000000000000000 ) ) ;
#5806 = EDGE_CURVE ( 'NONE', #5747, #814, #6594, .T. ) ;
#5807 = CARTESIAN_POINT ( 'NONE',  ( 0.000000000000000000, -0.1000000000000000056, 0.000000000000000000 ) ) ;
#5808 = CARTESIAN_POINT ( 'NONE',  ( 150.7570364914818697, -11.30000000000000959, 57.79999999999999716 ) ) ;
#5809 = DIRECTION ( 'NONE',  ( 0.000000000000000000, 0.000000000000000000, -1.000000000000000000 ) ) ;
#5810 = CIRCLE ( 'NONE', #2360, 2.149999999999999023 ) ;
#5811 = AXIS2_PLACEMENT_3D ( 'NONE', #5576, #2381, #7843 ) ;
#5812 = VECTOR ( 'NONE', #2758, 1000.000000000000000 ) ;
#5813 = ORIENTED_EDGE ( 'NONE', *, *, #7659, .F. ) ;
#5814 = LINE ( 'NONE', #8944, #10075 ) ;
#5815 = DIRECTION ( 'NONE',  ( 0.000000000000000000, -0.000000000000000000, 1.000000000000000000 ) ) ;
#5816 = VECTOR ( 'NONE', #9961, 1000.000000000000000 ) ;
#5817 = ADVANCED_FACE ( 'NONE', ( #193 ), #8506, .T. ) ;
#5818 = AXIS2_PLACEMENT_3D ( 'NONE', #3384, #204, #928 ) ;
#5819 = CARTESIAN_POINT ( 'NONE',  ( -0.8000000000000001554, -0.09999999999999982514, 1.600000000000000089 ) ) ;
#5820 = ORIENTED_EDGE ( 'NONE', *, *, #4300, .T. ) ;
#5821 = CARTESIAN_POINT ( 'NONE',  ( 4.799999999999999822, -19.10000000000000142, 4.799999999999999822 ) ) ;
#5822 = DIRECTION ( 'NONE',  ( -0.000000000000000000, -0.000000000000000000, 1.000000000000000000 ) ) ;
#5823 = DIRECTION ( 'NONE',  ( 0.000000000000000000, -0.000000000000000000, 1.000000000000000000 ) ) ;
#5824 = LINE ( 'NONE', #4179, #6181 ) ;
#5825 = ORIENTED_EDGE ( 'NONE', *, *, #8527, .F. ) ;
#5826 = ORIENTED_EDGE ( 'NONE', *, *, #8385, .F. ) ;
#5827 = DIRECTION ( 'NONE',  ( 0.000000000000000000, -0.000000000000000000, 1.000000000000000000 ) ) ;
#5828 = DIRECTION ( 'NONE',  ( 0.000000000000000000, 0.000000000000000000, 1.000000000000000000 ) ) ;
#5829 = ORIENTED_EDGE ( 'NONE', *, *, #3899, .T. ) ;
#5830 = EDGE_CURVE ( 'NONE', #1541, #5040, #3194, .T. ) ;
#5831 = EDGE_CURVE ( 'NONE', #1100, #5198, #189, .T. ) ;
#5832 = FACE_OUTER_BOUND ( 'NONE', #7783, .T. ) ;
#5833 = FACE_OUTER_BOUND ( 'NONE', #6870, .T. ) ;
#5834 = ORIENTED_EDGE ( 'NONE', *, *, #2141, .F. ) ;
#5835 = CYLINDRICAL_SURFACE ( 'NONE', #1742, 1.000000000000000000 ) ;
#5836 = ORIENTED_EDGE ( 'NONE', *, *, #275, .F. ) ;
#5837 = CARTESIAN_POINT ( 'NONE',  ( -0.2000000000000000111, -0.1000000000000000056, 21.69999999999940599 ) ) ;
#5838 = CARTESIAN_POINT ( 'NONE',  ( 29.84999999996618314, -3.200000000000001510, -0.2000000000000005107 ) ) ;
#5839 = LINE ( 'NONE', #3512, #172 ) ;
#5840 = LINE ( 'NONE', #8992, #4130 ) ;
#5841 = VECTOR ( 'NONE', #2314, 1000.000000000000000 ) ;
#5842 = AXIS2_PLACEMENT_3D ( 'NONE', #2431, #1588, #2392 ) ;
#5843 = CARTESIAN_POINT ( 'NONE',  ( 36.38096909069794549, -19.10000000000000142, 21.48244095327406100 ) ) ;
#5844 = CARTESIAN_POINT ( 'NONE',  ( 72.27639677445949928, -9.929072149393942226, -17.70627889641279040 ) ) ;
#5845 = DIRECTION ( 'NONE',  ( 0.000000000000000000, -0.7071067811865467956, -0.7071067811865483499 ) ) ;
#5846 = CARTESIAN_POINT ( 'NONE',  ( -0.2000000000000000111, -15.50000000000002132, 40.80000000000000426 ) ) ;
#5847 = ADVANCED_FACE ( 'NONE', ( #7196 ), #10064, .T. ) ;
#5848 = VERTEX_POINT ( 'NONE', #5404 ) ;
#5849 = FACE_OUTER_BOUND ( 'NONE', #4376, .T. ) ;
#5850 = VECTOR ( 'NONE', #4291, 1000.000000000000000 ) ;
#5851 = EDGE_CURVE ( 'NONE', #6783, #2779, #9008, .T. ) ;
#5852 = LINE ( 'NONE', #5714, #9736 ) ;
#5853 = CARTESIAN_POINT ( 'NONE',  ( 66.40000000000000568, -3.200000000000000622, -1.800000000000000044 ) ) ;
#5854 = CARTESIAN_POINT ( 'NONE',  ( 70.81645768379908645, -13.10647755621109134, -16.64501190871846958 ) ) ;
#5855 = CARTESIAN_POINT ( 'NONE',  ( 0.1419467746047576584, -9.213769057275857932, -17.73920980744214759 ) ) ;
#5856 = DIRECTION ( 'NONE',  ( -0.000000000000000000, 1.000000000000000000, 3.001251688541188813E-16 ) ) ;
#5857 = LINE ( 'NONE', #7950, #795 ) ;
#5858 = DIRECTION ( 'NONE',  ( 0.7071067811865465735, 0.000000000000000000, 0.7071067811865484609 ) ) ;
#5859 = VERTEX_POINT ( 'NONE', #7673 ) ;
#5860 = CARTESIAN_POINT ( 'NONE',  ( 70.60000000000000853, 2.809973520432616167E-17, -0.2000000000000000944 ) ) ;
#5861 = ORIENTED_EDGE ( 'NONE', *, *, #2078, .T. ) ;
#5863 = EDGE_CURVE ( 'NONE', #4175, #4501, #798, .T. ) ;
#5862 = CARTESIAN_POINT ( 'NONE',  ( -4.000000000000010658, -11.70000000000002061, 16.80000000000000071 ) ) ;
#5864 = CARTESIAN_POINT ( 'NONE',  ( 46.80000000000000426, -17.50000000000000355, 32.75000000000000000 ) ) ;
#5865 = CARTESIAN_POINT ( 'NONE',  ( -1.357377776768962319, -14.00299976372255806, -16.45555342806947863 ) ) ;
#5866 = VERTEX_POINT ( 'NONE', #10025 ) ;
#5867 = FACE_OUTER_BOUND ( 'NONE', #8410, .T. ) ;
#5868 = VERTEX_POINT ( 'NONE', #2292 ) ;
#5869 = ORIENTED_EDGE ( 'NONE', *, *, #414, .T. ) ;
#5870 = ADVANCED_FACE ( 'NONE', ( #4750, #5967, #8169 ), #573, .T. ) ;
#5871 = CARTESIAN_POINT ( 'NONE',  ( -1.800000000000000266, -17.50000000000000000, 24.80000000000000071 ) ) ;
#5872 = DIRECTION ( 'NONE',  ( 0.000000000000000000, 0.000000000000000000, -1.000000000000000000 ) ) ;
#5873 = SURFACE_STYLE_FILL_AREA ( #2341 ) ;
#5874 = CARTESIAN_POINT ( 'NONE',  ( 50.80546498460589078, -19.10000000000000497, 35.90693684718210932 ) ) ;
#5875 = EDGE_LOOP ( 'NONE', ( #2259, #5017, #4392, #5128 ) ) ;
#5876 = DIRECTION ( 'NONE',  ( 1.000000000000000000, -0.000000000000000000, -0.000000000000000000 ) ) ;
#5877 = CARTESIAN_POINT ( 'NONE',  ( 70.60000000000000853, -9.099999999999996092, -7.739999999999998437 ) ) ;
#5878 = VECTOR ( 'NONE', #7315, 1000.000000000000114 ) ;
#5879 = ORIENTED_EDGE ( 'NONE', *, *, #7917, .F. ) ;
#5880 = EDGE_CURVE ( 'NONE', #9889, #6240, #7286, .T. ) ;
#5881 = ORIENTED_EDGE ( 'NONE', *, *, #2700, .T. ) ;
#5882 = EDGE_CURVE ( 'NONE', #2036, #8249, #2433, .T. ) ;
#5883 = ORIENTED_EDGE ( 'NONE', *, *, #3318, .F. ) ;
#5884 = CARTESIAN_POINT ( 'NONE',  ( -1.800000000000000266, 0.000000000000000000, 0.000000000000000000 ) ) ;
#5885 = LINE ( 'NONE', #7762, #4907 ) ;
#5886 = CARTESIAN_POINT ( 'NONE',  ( 70.67397444190879696, -13.69024564129942156, -16.27944211245236161 ) ) ;
#5887 = CARTESIAN_POINT ( 'NONE',  ( 71.12374574439019170, -13.50629269485987827, -16.71729759821646155 ) ) ;
#5888 = DIRECTION ( 'NONE',  ( -0.000000000000000000, 1.000000000000000000, 3.001251688541188813E-16 ) ) ;
#5889 = DIRECTION ( 'NONE',  ( 0.000000000000000000, 1.000000000000000000, 1.084202172485504434E-16 ) ) ;
#5890 = CARTESIAN_POINT ( 'NONE',  ( 49.91715785400801764, -17.89999999999999503, 37.28137141638114826 ) ) ;
#5891 = ORIENTED_EDGE ( 'NONE', *, *, #3933, .T. ) ;
#5892 = VECTOR ( 'NONE', #3385, 1000.000000000000000 ) ;
#5893 = EDGE_LOOP ( 'NONE', ( #461, #4183, #1484, #5411 ) ) ;
#5894 = AXIS2_PLACEMENT_3D ( 'NONE', #3153, #6193, #10081 ) ;
#5895 = VERTEX_POINT ( 'NONE', #4668 ) ;
#5896 = ORIENTED_EDGE ( 'NONE', *, *, #3756, .F. ) ;
#5897 = ADVANCED_FACE ( 'NONE', ( #4876 ), #1551, .F. ) ;
#5898 = CARTESIAN_POINT ( 'NONE',  ( 66.40000000000000568, -11.20000000000000107, -0.7999999999999999334 ) ) ;
#5899 = VERTEX_POINT ( 'NONE', #1576 ) ;
#5900 = LINE ( 'NONE', #1976, #1203 ) ;
#5901 = DIRECTION ( 'NONE',  ( 0.000000000000000000, 0.000000000000000000, -1.000000000000000000 ) ) ;
#5902 = EDGE_CURVE ( 'NONE', #186, #2869, #9740, .T. ) ;
#5903 = AXIS2_PLACEMENT_3D ( 'NONE', #2558, #7108, #3359 ) ;
#5904 = DIRECTION ( 'NONE',  ( -1.000000000000000000, -0.000000000000000000, 0.000000000000000000 ) ) ;
#5905 = DIRECTION ( 'NONE',  ( 0.000000000000000000, 2.168404344971006896E-16, -1.000000000000000000 ) ) ;
#5906 = CARTESIAN_POINT ( 'NONE',  ( -0.2000000000000000111, -2.449999999999728839, 12.27259155458886397 ) ) ;
#5907 = ORIENTED_EDGE ( 'NONE', *, *, #5297, .F. ) ;
#5908 = CARTESIAN_POINT ( 'NONE',  ( 72.60000000000000853, -9.099999999999996092, -17.73999999999999844 ) ) ;
#5909 = EDGE_CURVE ( 'NONE', #6395, #8788, #672, .T. ) ;
#5910 = VECTOR ( 'NONE', #4177, 1000.000000000000000 ) ;
#5912 = ORIENTED_EDGE ( 'NONE', *, *, #7087, .F. ) ;
#5911 = AXIS2_PLACEMENT_3D ( 'NONE', #9816, #5074, #2790 ) ;
#5913 = FACE_OUTER_BOUND ( 'NONE', #2191, .T. ) ;
#5914 = VECTOR ( 'NONE', #5399, 1000.000000000000000 ) ;
#5915 = FACE_OUTER_BOUND ( 'NONE', #9448, .T. ) ;
#5916 = ADVANCED_FACE ( 'NONE', ( #8758 ), #3958, .F. ) ;
#5917 = CARTESIAN_POINT ( 'NONE',  ( 3.799999999999999822, 0.000000000000000000, 0.000000000000000000 ) ) ;
#5918 = CARTESIAN_POINT ( 'NONE',  ( 71.61408815147599682, -11.08712454716694218, -17.48012280826699438 ) ) ;
#5919 = DIRECTION ( 'NONE',  ( -1.000000000000000000, 0.000000000000000000, -0.000000000000000000 ) ) ;
#5920 = DIRECTION ( 'NONE',  ( -0.7071067811865516806, -8.730496322752260895E-17, 0.7071067811865434649 ) ) ;
#5921 = VECTOR ( 'NONE', #7764, 1000.000000000000000 ) ;
#5922 = DIRECTION ( 'NONE',  ( 0.000000000000000000, 0.000000000000000000, 1.000000000000000000 ) ) ;
#5923 = CARTESIAN_POINT ( 'NONE',  ( 72.40000000000000568, -8.100000000000001421, 56.79999999999999716 ) ) ;
#5924 = VECTOR ( 'NONE', #1519, 1000.000000000000000 ) ;
#5925 = EDGE_CURVE ( 'NONE', #7708, #6801, #3553, .T. ) ;
#5926 = VECTOR ( 'NONE', #3002, 1000.000000000000000 ) ;
#5927 = LINE ( 'NONE', #5808, #8352 ) ;
#5928 = PLANE ( 'NONE',  #1248 ) ;
#5929 = ORIENTED_EDGE ( 'NONE', *, *, #2004, .F. ) ;
#5930 = CARTESIAN_POINT ( 'NONE',  ( 87.99563260539163423, -14.41204157704821576, -16.21339945378196035 ) ) ;
#5931 = LINE ( 'NONE', #3907, #9209 ) ;
#5932 = VERTEX_POINT ( 'NONE', #29 ) ;
#5933 = ORIENTED_EDGE ( 'NONE', *, *, #7115, .F. ) ;
#5934 = AXIS2_PLACEMENT_3D ( 'NONE', #3267, #1569, #2452 ) ;
#5935 = DIRECTION ( 'NONE',  ( -0.000000000000000000, -0.000000000000000000, 1.000000000000000000 ) ) ;
#5936 = CARTESIAN_POINT ( 'NONE',  ( 71.69480921462596257, -10.91508861040930967, -17.52442738495854258 ) ) ;
#5937 = CARTESIAN_POINT ( 'NONE',  ( 43.24999999996617817, -3.200000000000001510, -0.2000000000000005107 ) ) ;
#5938 = CARTESIAN_POINT ( 'NONE',  ( 21.00677727426997166, 4.299999999999999822, -0.1999999999999994837 ) ) ;
#5939 = LINE ( 'NONE', #9863, #892 ) ;
#5940 = EDGE_CURVE ( 'NONE', #6313, #9874, #9492, .T. ) ;
#5941 = FACE_OUTER_BOUND ( 'NONE', #650, .T. ) ;
#5942 = ORIENTED_EDGE ( 'NONE', *, *, #2907, .T. ) ;
#5943 = ORIENTED_EDGE ( 'NONE', *, *, #7918, .F. ) ;
#5944 = ORIENTED_EDGE ( 'NONE', *, *, #8768, .T. ) ;
#5945 = VECTOR ( 'NONE', #9303, 1000.000000000000000 ) ;
#5946 = DIRECTION ( 'NONE',  ( 0.000000000000000000, 1.000000000000000000, 0.000000000000000000 ) ) ;
#5947 = DIRECTION ( 'NONE',  ( -0.000000000000000000, -0.000000000000000000, -1.000000000000000000 ) ) ;
#5948 = CARTESIAN_POINT ( 'NONE',  ( 71.63255922337476989, -11.04757710381296931, -17.49054571109882517 ) ) ;
#5949 = CARTESIAN_POINT ( 'NONE',  ( 71.19101016499219270, -13.19246737952026827, -16.86501151819669886 ) ) ;
#5950 = LINE ( 'NONE', #383, #4121 ) ;
#5951 = DIRECTION ( 'NONE',  ( -1.000000000000000000, 0.000000000000000000, 0.000000000000000000 ) ) ;
#5952 = VECTOR ( 'NONE', #6247, 999.9999999999998863 ) ;
#5953 = EDGE_CURVE ( 'NONE', #9874, #4918, #5119, .T. ) ;
#5954 = EDGE_CURVE ( 'NONE', #8576, #6345, #4142, .T. ) ;
#5955 = CARTESIAN_POINT ( 'NONE',  ( 68.40000000000000568, -3.200000000000001510, -0.7999999999999999334 ) ) ;
#5956 = FACE_OUTER_BOUND ( 'NONE', #85, .T. ) ;
#5957 = LINE ( 'NONE', #1062, #9600 ) ;
#5958 = DIRECTION ( 'NONE',  ( -0.000000000000000000, 0.000000000000000000, -1.000000000000000000 ) ) ;
#5959 = VECTOR ( 'NONE', #8394, 1000.000000000000114 ) ;
#5960 = CARTESIAN_POINT ( 'NONE',  ( 88.39999999999999147, 3.838417936220162030, -16.91157287525380681 ) ) ;
#5961 =( BOUNDED_CURVE ( )  B_SPLINE_CURVE ( 3, ( #1091, #4194, #6588, #4160 ),
 .UNSPECIFIED., .F., .F. ) 
 B_SPLINE_CURVE_WITH_KNOTS ( ( 4, 4 ),
 ( 1.622993939465158464, 1.640417774777316540 ),
 .UNSPECIFIED. ) 
 CURVE ( )  GEOMETRIC_REPRESENTATION_ITEM ( )  RATIONAL_B_SPLINE_CURVE ( ( 1.000000000000000000, 0.9999747009902627548, 0.9999747009902627548, 1.000000000000000000 ) ) 
 REPRESENTATION_ITEM ( '' )  );
#5962 = ORIENTED_EDGE ( 'NONE', *, *, #10084, .T. ) ;
#5963 = CARTESIAN_POINT ( 'NONE',  ( 2.816254374700218222, -11.15234466726800378, -17.46257822798054704 ) ) ;
#5964 = EDGE_LOOP ( 'NONE', ( #7579, #5540, #1922, #83 ) ) ;
#5965 = ADVANCED_FACE ( 'NONE', ( #4387 ), #2503, .F. ) ;
#5966 = DIRECTION ( 'NONE',  ( -0.000000000000000000, 1.000000000000000000, 0.000000000000000000 ) ) ;
#5967 = FACE_OUTER_BOUND ( 'NONE', #2958, .T. ) ;
#5968 = ORIENTED_EDGE ( 'NONE', *, *, #1247, .F. ) ;
#5969 = ORIENTED_EDGE ( 'NONE', *, *, #5694, .F. ) ;
#5970 = DIRECTION ( 'NONE',  ( 0.7071067811865516806, 8.730496322752260895E-17, -0.7071067811865434649 ) ) ;
#5971 = CARTESIAN_POINT ( 'NONE',  ( 88.40000000000000568, -18.69999999999999929, -5.612340657572022488E-15 ) ) ;
#5972 = FACE_OUTER_BOUND ( 'NONE', #373, .T. ) ;
#5973 = ORIENTED_EDGE ( 'NONE', *, *, #8663, .F. ) ;
#5974 = CYLINDRICAL_SURFACE ( 'NONE', #4525, 2.000000000000001776 ) ;
#5975 = EDGE_CURVE ( 'NONE', #2296, #4304, #5008, .T. ) ;
#5976 = DIRECTION ( 'NONE',  ( 0.000000000000000000, -0.000000000000000000, 1.000000000000000000 ) ) ;
#5978 = CARTESIAN_POINT ( 'NONE',  ( -1.800000000000000266, -9.500000000000001776, 24.80000000000000071 ) ) ;
#5977 = CARTESIAN_POINT ( 'NONE',  ( 71.91920111649244518, -10.45108717395986453, -17.62056473685623814 ) ) ;
#5979 = DIRECTION ( 'NONE',  ( 0.000000000000000000, 0.000000000000000000, -1.000000000000000000 ) ) ;
#5980 = CARTESIAN_POINT ( 'NONE',  ( -1.400000000000012346, -9.099999999999996092, -7.740000000000002878 ) ) ;
#5981 = CARTESIAN_POINT ( 'NONE',  ( 36.39999999997512958, -3.900000000058052141, -0.2000000000000006217 ) ) ;
#5982 = ORIENTED_EDGE ( 'NONE', *, *, #1858, .T. ) ;
#5983 = ORIENTED_EDGE ( 'NONE', *, *, #3975, .T. ) ;
#5984 = DIRECTION ( 'NONE',  ( 0.000000000000000000, 0.7071067811865484609, -0.7071067811865466846 ) ) ;
#5986 = EDGE_CURVE ( 'NONE', #5899, #8502, #8884, .T. ) ;
#5985 = CARTESIAN_POINT ( 'NONE',  ( -0.8000000000000001554, -6.300000000000011369, 1.599999999999999867 ) ) ;
#5987 = CARTESIAN_POINT ( 'NONE',  ( 2.490022123997953418, -10.46988888167167886, -17.61720008178447827 ) ) ;
#5988 = CARTESIAN_POINT ( 'NONE',  ( -0.6833572472774854800, -11.43717230470071655, -17.46338827251214099 ) ) ;
#5989 = LINE ( 'NONE', #6257, #5021 ) ;
#5990 = VERTEX_POINT ( 'NONE', #7849 ) ;
#5991 = ORIENTED_EDGE ( 'NONE', *, *, #2621, .F. ) ;
#5992 = ORIENTED_EDGE ( 'NONE', *, *, #8847, .T. ) ;
#5993 = LINE ( 'NONE', #5526, #8669 ) ;
#5994 = CARTESIAN_POINT ( 'NONE',  ( 72.52741692650589300, -9.242250058315446992, -17.73873542184711027 ) ) ;
#5995 = PLANE ( 'NONE',  #5578 ) ;
#5996 = CIRCLE ( 'NONE', #8658, 1.000000000000000888 ) ;
#5997 = ORIENTED_EDGE ( 'NONE', *, *, #6525, .F. ) ;
#5998 = ORIENTED_EDGE ( 'NONE', *, *, #5591, .T. ) ;
#5999 = CARTESIAN_POINT ( 'NONE',  ( 71.00000000000002842, -19.09999999999999076, -7.740000000000001101 ) ) ;
#6000 = VERTEX_POINT ( 'NONE', #6380 ) ;
#6001 = ORIENTED_EDGE ( 'NONE', *, *, #6509, .F. ) ;
#6002 = EDGE_CURVE ( 'NONE', #8490, #9747, #7543, .T. ) ;
#6003 = EDGE_CURVE ( 'NONE', #6699, #4613, #3942, .T. ) ;
#6004 = EDGE_CURVE ( 'NONE', #9258, #8427, #2420, .T. ) ;
#6005 = ORIENTED_EDGE ( 'NONE', *, *, #1332, .T. ) ;
#6006 = FACE_OUTER_BOUND ( 'NONE', #863, .T. ) ;
#6007 = ADVANCED_FACE ( 'NONE', ( #4015 ), #4957, .F. ) ;
#6008 = CARTESIAN_POINT ( 'NONE',  ( 70.60000000000000853, -3.200000000000001510, -1.800000000000000044 ) ) ;
#6009 = CARTESIAN_POINT ( 'NONE',  ( 86.43098109891734282, -9.179049916286828648, -17.73999999999999844 ) ) ;
#6010 = DIRECTION ( 'NONE',  ( 0.000000000000000000, 3.001251688541188813E-16, -1.000000000000000000 ) ) ;
#6011 = ORIENTED_EDGE ( 'NONE', *, *, #5442, .T. ) ;
#6012 = VECTOR ( 'NONE', #5901, 1000.000000000000000 ) ;
#6013 = DIRECTION ( 'NONE',  ( -0.000000000000000000, 0.000000000000000000, -1.000000000000000000 ) ) ;
#6014 = ORIENTED_EDGE ( 'NONE', *, *, #7705, .T. ) ;
#6015 = VECTOR ( 'NONE', #2860, 1000.000000000000000 ) ;
#6016 = VERTEX_POINT ( 'NONE', #2425 ) ;
#6017 = EDGE_LOOP ( 'NONE', ( #5096, #1473, #7857, #1159 ) ) ;
#6018 = DIRECTION ( 'NONE',  ( 0.000000000000000000, -1.000000000000000000, -0.000000000000000000 ) ) ;
#6019 = VECTOR ( 'NONE', #3607, 1000.000000000000000 ) ;
#6020 = ORIENTED_EDGE ( 'NONE', *, *, #1019, .F. ) ;
#6021 = CARTESIAN_POINT ( 'NONE',  ( -0.2000000000000000111, -1.545900930049274757, -1.676069146806784134E-16 ) ) ;
#6022 = CARTESIAN_POINT ( 'NONE',  ( 2.512862985877005517, -10.51653193501636530, -17.60867195340147617 ) ) ;
#6023 = CARTESIAN_POINT ( 'NONE',  ( 0.09160923421422395574, -9.376658413319242769, -17.73648400296363192 ) ) ;
#6024 = LINE ( 'NONE', #5573, #9908 ) ;
#6025 = ORIENTED_EDGE ( 'NONE', *, *, #5763, .T. ) ;
#6026 = CARTESIAN_POINT ( 'NONE',  ( -1.303310590836428862, -12.28713567378813032, -17.05976770788880259 ) ) ;
#6027 = CARTESIAN_POINT ( 'NONE',  ( 51.20714770990336007, -18.87818644080049779, 35.99492782874134633 ) ) ;
#6028 = ORIENTED_EDGE ( 'NONE', *, *, #1589, .T. ) ;
#6029 = DIRECTION ( 'NONE',  ( -0.7071067811865506814, -2.122205421015041291E-16, 0.7071067811865443531 ) ) ;
#6030 = LINE ( 'NONE', #352, #9677 ) ;
#6031 = ORIENTED_EDGE ( 'NONE', *, *, #7569, .T. ) ;
#6032 = EDGE_CURVE ( 'NONE', #1153, #9776, #1056, .T. ) ;
#6033 = CARTESIAN_POINT ( 'NONE',  ( -1.800000000000000266, -3.045900930049277200, 19.89936534720461481 ) ) ;
#6034 = ORIENTED_EDGE ( 'NONE', *, *, #2593, .F. ) ;
#6035 = ORIENTED_EDGE ( 'NONE', *, *, #3336, .F. ) ;
#6036 = LINE ( 'NONE', #4459, #3965 ) ;
#6037 = CARTESIAN_POINT ( 'NONE',  ( 0.08519555509523980830, 12.00213436052007943, -17.73752412870603123 ) ) ;
#6038 = EDGE_LOOP ( 'NONE', ( #4985, #1171, #465, #3951 ) ) ;
#6039 = CARTESIAN_POINT ( 'NONE',  ( 88.40000000000000568, -15.54999999999981419, 18.75000000000047251 ) ) ;
#6040 = ORIENTED_EDGE ( 'NONE', *, *, #8768, .F. ) ;
#6041 = CARTESIAN_POINT ( 'NONE',  ( 81.00000000000000000, 11.79999999999999893, -11.50000000000000000 ) ) ;
#6042 = CARTESIAN_POINT ( 'NONE',  ( 71.58875333402741603, -11.81222788966986492, -17.36583387977158566 ) ) ;
#6043 = DIRECTION ( 'NONE',  ( 0.000000000000000000, -1.000000000000000000, 0.000000000000000000 ) ) ;
#6044 = PLANE ( 'NONE',  #686 ) ;
#6045 = EDGE_CURVE ( 'NONE', #2706, #889, #4994, .T. ) ;
#6046 = VECTOR ( 'NONE', #1086, 1000.000000000000000 ) ;
#6047 = DIRECTION ( 'NONE',  ( -1.399999999999999714E-14, -9.999999999999999988E-15, -1.000000000000000000 ) ) ;
#6048 = ORIENTED_EDGE ( 'NONE', *, *, #2799, .T. ) ;
#6049 = CARTESIAN_POINT ( 'NONE',  ( 87.39999999999999147, -17.50000000000000355, 39.19999999999971863 ) ) ;
#6050 = LINE ( 'NONE', #2658, #2138 ) ;
#6051 = PLANE ( 'NONE',  #8174 ) ;
#6052 = DIRECTION ( 'NONE',  ( 0.000000000000000000, 0.000000000000000000, -1.000000000000000000 ) ) ;
#6053 = CARTESIAN_POINT ( 'NONE',  ( 3.193178410902116404, -12.01063098918104899, -17.17558472118028945 ) ) ;
#6054 = CARTESIAN_POINT ( 'NONE',  ( -1.027543968099925653, -12.50386631804432191, -17.14356971356952641 ) ) ;
#6055 = LINE ( 'NONE', #2448, #3748 ) ;
#6056 = ADVANCED_FACE ( 'NONE', ( #5111 ), #7304, .T. ) ;
#6057 = EDGE_LOOP ( 'NONE', ( #7923, #8443, #9603, #973 ) ) ;
#6058 = CARTESIAN_POINT ( 'NONE',  ( 1.935303903774012513, -9.445493243121722671, -17.73403026305457075 ) ) ;
#6059 = CARTESIAN_POINT ( 'NONE',  ( -1.800000000000000266, -9.500000000000001776, 6.800000000000000711 ) ) ;
#6060 = CARTESIAN_POINT ( 'NONE',  ( 70.60000000000000853, 13.94999999999999929, -11.50000000000000000 ) ) ;
#6061 = EDGE_CURVE ( 'NONE', #4709, #9031, #5733, .T. ) ;
#6062 = EDGE_CURVE ( 'NONE', #6255, #1730, #7068, .T. ) ;
#6063 = DIRECTION ( 'NONE',  ( 0.000000000000000000, 0.000000000000000000, -1.000000000000000000 ) ) ;
#6064 = DIRECTION ( 'NONE',  ( 0.000000000000000000, -1.000000000000000000, -0.000000000000000000 ) ) ;
#6065 = VECTOR ( 'NONE', #6230, 1000.000000000000000 ) ;
#6066 = EDGE_LOOP ( 'NONE', ( #2137, #2853, #2548, #1522 ) ) ;
#6067 = VECTOR ( 'NONE', #2304, 1000.000000000000000 ) ;
#6068 = CARTESIAN_POINT ( 'NONE',  ( -1.457802482578803405, 14.95738285684078051, -16.89459258679967135 ) ) ;
#6069 = CARTESIAN_POINT ( 'NONE',  ( 72.37102974172401559, 12.20352332247480831, -17.72767586043541854 ) ) ;
#6070 = ORIENTED_EDGE ( 'NONE', *, *, #9459, .T. ) ;
#6071 = AXIS2_PLACEMENT_3D ( 'NONE', #2105, #6842, #4570 ) ;
#6072 = DIRECTION ( 'NONE',  ( 1.000000000000000000, -0.000000000000000000, -0.000000000000000000 ) ) ;
#6073 = CARTESIAN_POINT ( 'NONE',  ( 72.23940707076386047, -10.02495115680415694, -17.69744415110041658 ) ) ;
#6074 = EDGE_CURVE ( 'NONE', #587, #3104, #4740, .T. ) ;
#6075 = EDGE_CURVE ( 'NONE', #1027, #8112, #2687, .T. ) ;
#6076 = TOROIDAL_SURFACE ( 'NONE', #3686, 5.099999999999996092, 0.4000000000000000222 ) ;
#6077 = VERTEX_POINT ( 'NONE', #6526 ) ;
#6078 = DIRECTION ( 'NONE',  ( 0.000000000000000000, 0.000000000000000000, 1.000000000000000000 ) ) ;
#6079 = CARTESIAN_POINT ( 'NONE',  ( 2.199999999999993516, -11.30000000000000959, 57.79999999999999716 ) ) ;
#6080 = CARTESIAN_POINT ( 'NONE',  ( 50.24161228730358175, -17.50000000000000355, 37.04014042472748969 ) ) ;
#6081 = CARTESIAN_POINT ( 'NONE',  ( 2.762045696867285294, -11.03559340830250513, -17.49430477288710506 ) ) ;
#6082 = CARTESIAN_POINT ( 'NONE',  ( -0.6130103613417569042, -11.23787840262241566, -17.50881096715479401 ) ) ;
#6083 = ORIENTED_EDGE ( 'NONE', *, *, #6251, .F. ) ;
#6084 = VECTOR ( 'NONE', #4702, 1000.000000000000000 ) ;
#6085 = VECTOR ( 'NONE', #9754, 1000.000000000000000 ) ;
#6086 = ORIENTED_EDGE ( 'NONE', *, *, #579, .F. ) ;
#6087 = EDGE_CURVE ( 'NONE', #5353, #8840, #8997, .T. ) ;
#6088 = EDGE_CURVE ( 'NONE', #5071, #6950, #2935, .T. ) ;
#6090 = CARTESIAN_POINT ( 'NONE',  ( 2.397155683708176444, -10.64680067719656620, -17.62047068889436474 ) ) ;
#6089 = AXIS2_PLACEMENT_3D ( 'NONE', #2865, #5856, #1974 ) ;
#6091 = CARTESIAN_POINT ( 'NONE',  ( 55.47771353140948492, -17.70000000000000995, 25.20365731848911395 ) ) ;
#6092 = VERTEX_POINT ( 'NONE', #8751 ) ;
#6093 = CARTESIAN_POINT ( 'NONE',  ( -1.800000000000000266, -9.500000000000001776, 4.799999999999998934 ) ) ;
#6094 = PLANE ( 'NONE',  #5722 ) ;
#6095 = CIRCLE ( 'NONE', #2128, 2.799999999999997158 ) ;
#6096 = VERTEX_POINT ( 'NONE', #4163 ) ;
#6097 = LINE ( 'NONE', #4223, #4035 ) ;
#6098 = CARTESIAN_POINT ( 'NONE',  ( 46.80000000000000426, -17.50000000000000355, 32.75000000000000000 ) ) ;
#6099 = DIRECTION ( 'NONE',  ( 0.000000000000000000, -0.000000000000000000, 1.000000000000000000 ) ) ;
#6100 = CARTESIAN_POINT ( 'NONE',  ( -0.8252409113012726394, -0.1000000000000000056, 6.599999999999999645 ) ) ;
#6101 = ORIENTED_EDGE ( 'NONE', *, *, #5164, .F. ) ;
#6102 = DIRECTION ( 'NONE',  ( 0.000000000000000000, 0.000000000000000000, -1.000000000000000000 ) ) ;
#6103 = EDGE_CURVE ( 'NONE', #7516, #4838, #2564, .T. ) ;
#6104 = ORIENTED_EDGE ( 'NONE', *, *, #1729, .T. ) ;
#6105 = CARTESIAN_POINT ( 'NONE',  ( 72.03330800790959643, 12.80379910063937032, -17.66155508376919769 ) ) ;
#6106 = ORIENTED_EDGE ( 'NONE', *, *, #8543, .T. ) ;
#6107 = ORIENTED_EDGE ( 'NONE', *, *, #3063, .T. ) ;
#6108 = ADVANCED_FACE ( 'NONE', ( #6695 ), #927, .F. ) ;
#6109 = DIRECTION ( 'NONE',  ( 1.000000000000000000, 0.000000000000000000, 0.000000000000000000 ) ) ;
#6111 = CARTESIAN_POINT ( 'NONE',  ( 70.60000000000000853, 11.79999999999999893, -13.64999999999999858 ) ) ;
#6110 = CARTESIAN_POINT ( 'NONE',  ( -0.2000000000000000111, -15.50000000000001599, -1.913751877412138293E-15 ) ) ;
#6112 = CARTESIAN_POINT ( 'NONE',  ( 72.60000000000000853, -9.099999999999996092, -17.73999999999999844 ) ) ;
#6113 = DIRECTION ( 'NONE',  ( 0.000000000000000000, 0.000000000000000000, -1.000000000000000000 ) ) ;
#6114 = ORIENTED_EDGE ( 'NONE', *, *, #2526, .F. ) ;
#6115 = ORIENTED_EDGE ( 'NONE', *, *, #9849, .T. ) ;
#6116 = ORIENTED_EDGE ( 'NONE', *, *, #7538, .F. ) ;
#6117 = PLANE ( 'NONE',  #7035 ) ;
#6118 = DIRECTION ( 'NONE',  ( 1.000000000000000000, 0.000000000000000000, 0.000000000000000000 ) ) ;
#6119 = ADVANCED_FACE ( 'NONE', ( #7534 ), #1755, .F. ) ;
#6120 = AXIS2_PLACEMENT_3D ( 'NONE', #5807, #1098, #3538 ) ;
#6121 = CARTESIAN_POINT ( 'NONE',  ( -1.800000000000000266, 11.79999999999999538, -11.53999999999999915 ) ) ;
#6122 = CARTESIAN_POINT ( 'NONE',  ( -0.7736166473007827227, -11.69979082089203004, -17.39688640137420705 ) ) ;
#6123 = VECTOR ( 'NONE', #9536, 1000.000000000000000 ) ;
#6124 = EDGE_LOOP ( 'NONE', ( #3484, #3507, #7461, #8625 ) ) ;
#6125 = EDGE_LOOP ( 'NONE', ( #2689, #7874, #1425, #3730 ) ) ;
#6126 = CARTESIAN_POINT ( 'NONE',  ( 2.072545906098490764, -9.797544242870094067, -17.71564417715706696 ) ) ;
#6127 = VECTOR ( 'NONE', #7980, 1000.000000000000000 ) ;
#6128 = PLANE ( 'NONE',  #3418 ) ;
#6129 = ORIENTED_EDGE ( 'NONE', *, *, #8252, .T. ) ;
#6130 = CARTESIAN_POINT ( 'NONE',  ( 14.19999999999999041, -0.1000000000000000056, 56.84969335805276103 ) ) ;
#6131 = CARTESIAN_POINT ( 'NONE',  ( 56.14253532234943123, -18.70000000000581153, 21.99325111527760868 ) ) ;
#6132 = VERTEX_POINT ( 'NONE', #7236 ) ;
#6133 = CARTESIAN_POINT ( 'NONE',  ( 49.91715785400807448, -18.70000000000002061, 28.21862858361889081 ) ) ;
#6134 = CARTESIAN_POINT ( 'NONE',  ( -0.8000000000000001554, -0.09999999999999982514, 1.600000000000000089 ) ) ;
#6135 = TOROIDAL_SURFACE ( 'NONE', #14, 5.099999999999996092, 0.4000000000000000222 ) ;
#6136 = VERTEX_POINT ( 'NONE', #4986 ) ;
#6137 = AXIS2_PLACEMENT_3D ( 'NONE', #7164, #3165, #5510 ) ;
#6138 = DIRECTION ( 'NONE',  ( -1.000000000000000000, -0.000000000000000000, -0.000000000000000000 ) ) ;
#6139 = VERTEX_POINT ( 'NONE', #5713 ) ;
#6140 = LINE ( 'NONE', #626, #1977 ) ;
#6141 = CARTESIAN_POINT ( 'NONE',  ( 34.80000000000000426, -19.10000000000000142, 4.799999999999999822 ) ) ;
#6142 = EDGE_CURVE ( 'NONE', #10113, #9277, #8382, .T. ) ;
#6144 = EDGE_CURVE ( 'NONE', #7352, #5115, #5957, .T. ) ;
#6143 = DIRECTION ( 'NONE',  ( -0.000000000000000000, 1.000000000000000000, 3.001251688541188813E-16 ) ) ;
#6145 = CARTESIAN_POINT ( 'NONE',  ( 36.42245435855473090, -19.10000000000016840, 21.44407982409822111 ) ) ;
#6146 = VERTEX_POINT ( 'NONE', #4853 ) ;
#6147 = CARTESIAN_POINT ( 'NONE',  ( -0.8000000000000001554, -4.100000000000000533, 6.599999999999999645 ) ) ;
#6148 = CARTESIAN_POINT ( 'NONE',  ( 72.02681120859128328, -10.58328637461634614, -17.62939391680603762 ) ) ;
#6149 = ORIENTED_EDGE ( 'NONE', *, *, #7987, .T. ) ;
#6150 = VECTOR ( 'NONE', #8832, 1000.000000000000000 ) ;
#6151 = ORIENTED_EDGE ( 'NONE', *, *, #8603, .T. ) ;
#6152 = CARTESIAN_POINT ( 'NONE',  ( -4.000000000000013323, -11.70000000000002593, 40.80000000000000426 ) ) ;
#6153 = ORIENTED_EDGE ( 'NONE', *, *, #5506, .T. ) ;
#6154 = CARTESIAN_POINT ( 'NONE',  ( 84.20000000000001705, 11.79999999999999893, -11.50000000000000000 ) ) ;
#6155 = DIRECTION ( 'NONE',  ( 0.7071067811865475727, 0.000000000000000000, 0.7071067811865475727 ) ) ;
#6156 = LINE ( 'NONE', #6957, #254 ) ;
#6157 = DIRECTION ( 'NONE',  ( 0.000000000000000000, 1.000000000000000000, 0.000000000000000000 ) ) ;
#6158 = VECTOR ( 'NONE', #8074, 1000.000000000000000 ) ;
#6159 = VERTEX_POINT ( 'NONE', #1720 ) ;
#6160 = ADVANCED_FACE ( 'NONE', ( #1292 ), #5019, .F. ) ;
#6161 = LINE ( 'NONE', #4991, #2383 ) ;
#6162 = EDGE_LOOP ( 'NONE', ( #7488, #6223, #965, #990 ) ) ;
#6163 = EDGE_LOOP ( 'NONE', ( #3127, #2532, #8769, #8728 ) ) ;
#6164 = CARTESIAN_POINT ( 'NONE',  ( 29.84999999996615117, -3.200000000000001510, -1.800000000000000044 ) ) ;
#6166 = EDGE_CURVE ( 'NONE', #4698, #4024, #4252, .T. ) ;
#6165 = CARTESIAN_POINT ( 'NONE',  ( 4.199999999999995737, -0.09999999999999939493, 56.79999999999999716 ) ) ;
#6167 = CARTESIAN_POINT ( 'NONE',  ( 4.799999999999999822, -17.50000000000000000, 4.799999999999999822 ) ) ;
#6168 = CIRCLE ( 'NONE', #5380, 1.000000000000000888 ) ;
#6169 = AXIS2_PLACEMENT_3D ( 'NONE', #2839, #6747, #358 ) ;
#6170 = LINE ( 'NONE', #2466, #7159 ) ;
#6171 = VERTEX_POINT ( 'NONE', #5153 ) ;
#6172 = ADVANCED_FACE ( 'NONE', ( #2927, #430, #2156, #10105, #6195, #9959, #7298, #9842, #6320, #8865, #7789, #5725 ), #3572, .F. ) ;
#6173 = VECTOR ( 'NONE', #2380, 1000.000000000000114 ) ;
#6174 = CARTESIAN_POINT ( 'NONE',  ( 72.60000000000000853, 11.79999999999999716, -17.73999999999999844 ) ) ;
#6175 = CARTESIAN_POINT ( 'NONE',  ( 87.45786133482749847, -11.24243212949426152, -17.43745892585383572 ) ) ;
#6176 = CARTESIAN_POINT ( 'NONE',  ( 87.29408082859156082, -11.46753059012559461, -17.45643793713827563 ) ) ;
#6177 = CARTESIAN_POINT ( 'NONE',  ( -1.400000000000012346, -14.62770798392567073, -16.07333333333333059 ) ) ;
#6178 = FACE_OUTER_BOUND ( 'NONE', #103, .T. ) ;
#6179 = DIRECTION ( 'NONE',  ( 0.000000000000000000, 1.000000000000000000, 0.000000000000000000 ) ) ;
#6180 = ORIENTED_EDGE ( 'NONE', *, *, #2100, .F. ) ;
#6181 = VECTOR ( 'NONE', #6575, 1000.000000000000000 ) ;
#6182 = ORIENTED_EDGE ( 'NONE', *, *, #10125, .T. ) ;
#6183 = EDGE_CURVE ( 'NONE', #8661, #7004, #5840, .T. ) ;
#6184 = EDGE_LOOP ( 'NONE', ( #7931, #2703, #9810, #2608 ) ) ;
#6185 = CARTESIAN_POINT ( 'NONE',  ( 39.02182540694799684, -19.10000000000000142, 23.55761184457488611 ) ) ;
#6186 = DIRECTION ( 'NONE',  ( -1.400000000000014545E-14, -1.000000000000000000, -1.404986760216307406E-16 ) ) ;
#6187 = LINE ( 'NONE', #4281, #1412 ) ;
#6188 = LINE ( 'NONE', #4559, #9355 ) ;
#6189 = EDGE_LOOP ( 'NONE', ( #1511, #969, #2734, #2113, #8976 ) ) ;
#6190 = DIRECTION ( 'NONE',  ( -1.000000000000000000, 1.400000000000014387E-14, 1.399999999999985673E-14 ) ) ;
#6191 = VECTOR ( 'NONE', #4319, 1000.000000000000000 ) ;
#6192 = CARTESIAN_POINT ( 'NONE',  ( -1.800000000000000266, -9.500000000000001776, 36.79999999999999716 ) ) ;
#6193 = DIRECTION ( 'NONE',  ( -0.000000000000000000, 1.000000000000000000, 3.001251688541188813E-16 ) ) ;
#6194 = VECTOR ( 'NONE', #7514, 1000.000000000000000 ) ;
#6195 = FACE_BOUND ( 'NONE', #4185, .T. ) ;
#6196 = VERTEX_POINT ( 'NONE', #4339 ) ;
#6197 = LINE ( 'NONE', #1890, #3181 ) ;
#6198 = CARTESIAN_POINT ( 'NONE',  ( 55.43388423295436240, -17.63336959683678984, 25.15325699712442997 ) ) ;
#6199 = ORIENTED_EDGE ( 'NONE', *, *, #6004, .T. ) ;
#6200 = EDGE_CURVE ( 'NONE', #7066, #3919, #4005, .T. ) ;
#6201 = EDGE_CURVE ( 'NONE', #8671, #9195, #9101, .T. ) ;
#6202 = DIRECTION ( 'NONE',  ( 1.000000000000000000, 0.000000000000000000, 0.000000000000000000 ) ) ;
#6203 = CARTESIAN_POINT ( 'NONE',  ( 72.60000000000000853, 11.79999999999999716, -17.73999999999999844 ) ) ;
#6204 = ORIENTED_EDGE ( 'NONE', *, *, #3997, .T. ) ;
#6205 = VECTOR ( 'NONE', #3590, 1000.000000000000000 ) ;
#6206 = VERTEX_POINT ( 'NONE', #7455 ) ;
#6207 = ORIENTED_EDGE ( 'NONE', *, *, #7848, .F. ) ;
#6208 = ADVANCED_FACE ( 'NONE', ( #912 ), #2812, .T. ) ;
#6209 = CARTESIAN_POINT ( 'NONE',  ( 88.12838748100243436, -12.92265319248197031, -16.74862685962449049 ) ) ;
#6210 = CARTESIAN_POINT ( 'NONE',  ( 87.04250415235414096, -10.76863774264483276, -17.60052048220943277 ) ) ;
#6211 = EDGE_LOOP ( 'NONE', ( #1403, #7962, #6305, #622 ) ) ;
#6212 = EDGE_CURVE ( 'NONE', #1288, #9535, #2040, .T. ) ;
#6213 = AXIS2_PLACEMENT_3D ( 'NONE', #7465, #9716, #3475 ) ;
#6214 = ORIENTED_EDGE ( 'NONE', *, *, #7098, .T. ) ;
#6215 = CIRCLE ( 'NONE', #7360, 9.599999999999981881 ) ;
#6216 = EDGE_LOOP ( 'NONE', ( #1095, #4730, #2246, #1992, #9153 ) ) ;
#6217 = DIRECTION ( 'NONE',  ( -0.7071067811865505703, 0.7071067811865444641, 0.000000000000000000 ) ) ;
#6218 = DIRECTION ( 'NONE',  ( 1.000000000000000000, 0.000000000000000000, -0.000000000000000000 ) ) ;
#6219 = CARTESIAN_POINT ( 'NONE',  ( 43.67534698532003290, -18.92518990099286924, 28.30230975604719745 ) ) ;
#6220 = CIRCLE ( 'NONE', #7913, 1.000000000000000000 ) ;
#6221 = VERTEX_POINT ( 'NONE', #9703 ) ;
#6222 = EDGE_CURVE ( 'NONE', #3741, #71, #2554, .T. ) ;
#6223 = ORIENTED_EDGE ( 'NONE', *, *, #7380, .T. ) ;
#6225 = CARTESIAN_POINT ( 'NONE',  ( 2.886541194080828099, -12.04296280378055606, -17.29798759484740600 ) ) ;
#6224 = AXIS2_PLACEMENT_3D ( 'NONE', #35, #9349, #3211 ) ;
#6226 = DIRECTION ( 'NONE',  ( 0.000000000000000000, 1.000000000000000000, 0.000000000000000000 ) ) ;
#6227 = DIRECTION ( 'NONE',  ( 0.000000000000000000, 1.000000000000000000, 0.000000000000000000 ) ) ;
#6228 = CARTESIAN_POINT ( 'NONE',  ( -1.400000000000012346, -14.62770798392567073, -16.07333333333333059 ) ) ;
#6229 = CARTESIAN_POINT ( 'NONE',  ( -1.800000000000000266, -9.500000000000001776, 6.800000000000000711 ) ) ;
#6230 = DIRECTION ( 'NONE',  ( 1.000000000000000000, -0.000000000000000000, -0.000000000000000000 ) ) ;
#6231 = VECTOR ( 'NONE', #8296, 1000.000000000000000 ) ;
#6232 = EDGE_CURVE ( 'NONE', #508, #5366, #8988, .T. ) ;
#6233 = CARTESIAN_POINT ( 'NONE',  ( -0.2000000000000000111, -15.50000000000001599, 6.800000000000000711 ) ) ;
#6234 = ORIENTED_EDGE ( 'NONE', *, *, #8163, .F. ) ;
#6235 = CARTESIAN_POINT ( 'NONE',  ( 88.30358008605840325, -13.57455627295760436, -16.35785755281857945 ) ) ;
#6236 = CARTESIAN_POINT ( 'NONE',  ( 87.57693539362746549, -12.33436774265506486, -17.20269288600866986 ) ) ;
#6237 = DIRECTION ( 'NONE',  ( 0.000000000000000000, -1.234678630588475078E-16, 1.000000000000000000 ) ) ;
#6238 = DIRECTION ( 'NONE',  ( -1.000000000000000000, -0.000000000000000000, 0.000000000000000000 ) ) ;
#6239 = VECTOR ( 'NONE', #6679, 1000.000000000000000 ) ;
#6240 = VERTEX_POINT ( 'NONE', #5843 ) ;
#6241 = VERTEX_POINT ( 'NONE', #1134 ) ;
#6242 = DIRECTION ( 'NONE',  ( 0.000000000000000000, -0.7071067811865467956, -0.7071067811865483499 ) ) ;
#6243 = CARTESIAN_POINT ( 'NONE',  ( 84.40000000000000568, -10.20000000000001172, 56.69999999999998863 ) ) ;
#6244 = EDGE_LOOP ( 'NONE', ( #592, #782, #7185, #8710 ) ) ;
#6245 = CARTESIAN_POINT ( 'NONE',  ( -1.800000000000000266, -17.50000000000000000, 30.80000000000000071 ) ) ;
#6246 = LINE ( 'NONE', #952, #6127 ) ;
#6247 = DIRECTION ( 'NONE',  ( 0.7071067811865462405, -2.122205421015054357E-16, 0.7071067811865489050 ) ) ;
#6248 = DIRECTION ( 'NONE',  ( -1.399999999999999714E-14, -9.999999999999999988E-15, -1.000000000000000000 ) ) ;
#6249 = DIRECTION ( 'NONE',  ( 1.257045997084642365E-16, 0.000000000000000000, 1.000000000000000000 ) ) ;
#6250 = EDGE_CURVE ( 'NONE', #9776, #6598, #4371, .T. ) ;
#6251 = EDGE_CURVE ( 'NONE', #6096, #1544, #7652, .T. ) ;
#6252 = ADVANCED_FACE ( 'NONE', ( #1527 ), #3297, .T. ) ;
#6253 = VERTEX_POINT ( 'NONE', #8155 ) ;
#6254 = ORIENTED_EDGE ( 'NONE', *, *, #1824, .F. ) ;
#6255 = VERTEX_POINT ( 'NONE', #6658 ) ;
#6256 = VECTOR ( 'NONE', #338, 1000.000000000000000 ) ;
#6257 = CARTESIAN_POINT ( 'NONE',  ( 86.79999999999999716, -15.54999999999981419, 1.950000000000472244 ) ) ;
#6258 = UNCERTAINTY_MEASURE_WITH_UNIT (LENGTH_MEASURE( 1.000000000000000082E-05 ), #7807, 'distance_accuracy_value', 'NONE');
#6259 = LINE ( 'NONE', #3095, #5914 ) ;
#6260 = CARTESIAN_POINT ( 'NONE',  ( 82.40000000000000568, -0.09999999999999882594, 56.84969335805276103 ) ) ;
#6261 = PLANE ( 'NONE',  #271 ) ;
#6262 = CARTESIAN_POINT ( 'NONE',  ( 150.7570364914818697, -17.50000000000000000, 1.799999999999999378 ) ) ;
#6263 = CARTESIAN_POINT ( 'NONE',  ( -1.800000000000000266, -9.500000000000001776, 38.80000000000000426 ) ) ;
#6264 = LINE ( 'NONE', #3847, #7741 ) ;
#6265 = AXIS2_PLACEMENT_3D ( 'NONE', #1828, #3362, #6507 ) ;
#6266 = ORIENTED_EDGE ( 'NONE', *, *, #4217, .F. ) ;
#6267 = ADVANCED_FACE ( 'NONE', ( #1284 ), #1925, .F. ) ;
#6268 = EDGE_CURVE ( 'NONE', #2351, #78, #3046, .T. ) ;
#6269 = CARTESIAN_POINT ( 'NONE',  ( 70.60000000000000853, 11.79999999999999893, -11.50000000000000000 ) ) ;
#6270 = EDGE_CURVE ( 'NONE', #7976, #4918, #6938, .T. ) ;
#6271 = EDGE_CURVE ( 'NONE', #4155, #7056, #771, .T. ) ;
#6272 = DIRECTION ( 'NONE',  ( -1.000000000000000000, 1.400000000000014387E-14, 1.399999999999985673E-14 ) ) ;
#6273 = DIRECTION ( 'NONE',  ( 0.000000000000000000, -2.260746162836480243E-16, 1.000000000000000000 ) ) ;
#6274 = CARTESIAN_POINT ( 'NONE',  ( 86.85613305139025897, -9.998659062517065266, -17.68772531082462507 ) ) ;
#6275 = CARTESIAN_POINT ( 'NONE',  ( 87.78880878276272881, -13.10858168876869811, -16.90175314145364638 ) ) ;
#6276 = PLANE ( 'NONE',  #3940 ) ;
#6277 = DIRECTION ( 'NONE',  ( 0.000000000000000000, -1.000000000000000000, 0.000000000000000000 ) ) ;
#6278 = VECTOR ( 'NONE', #6628, 1000.000000000000000 ) ;
#6279 = ORIENTED_EDGE ( 'NONE', *, *, #7660, .F. ) ;
#6280 = ORIENTED_EDGE ( 'NONE', *, *, #7235, .T. ) ;
#6281 = DIRECTION ( 'NONE',  ( 0.000000000000000000, -1.055278234055558625E-16, 1.000000000000000000 ) ) ;
#6282 = LINE ( 'NONE', #3657, #8825 ) ;
#6283 = EDGE_CURVE ( 'NONE', #8053, #2645, #8261, .T. ) ;
#6284 = VECTOR ( 'NONE', #9951, 1000.000000000000000 ) ;
#6285 = LINE ( 'NONE', #6243, #4218 ) ;
#6286 = CARTESIAN_POINT ( 'NONE',  ( 55.99799429122665373, -17.90000000000002345, 24.96621927114654937 ) ) ;
#6287 = VERTEX_POINT ( 'NONE', #2278 ) ;
#6288 = VECTOR ( 'NONE', #1118, 1000.000000000000000 ) ;
#6289 = EDGE_LOOP ( 'NONE', ( #3514, #3088, #9093, #8361 ) ) ;
#6290 = CARTESIAN_POINT ( 'NONE',  ( -1.800000000000000266, -3.045900930049277200, 18.39936534720461481 ) ) ;
#6291 = ORIENTED_EDGE ( 'NONE', *, *, #8877, .F. ) ;
#6292 = AXIS2_PLACEMENT_3D ( 'NONE', #7520, #8300, #2026 ) ;
#6293 = DIRECTION ( 'NONE',  ( 1.000000000000000000, 0.000000000000000000, 0.000000000000000000 ) ) ;
#6294 = DIRECTION ( 'NONE',  ( 0.000000000000000000, 3.001251688541188813E-16, -1.000000000000000000 ) ) ;
#6295 = ORIENTED_EDGE ( 'NONE', *, *, #2361, .T. ) ;
#6296 = LINE ( 'NONE', #8236, #8359 ) ;
#6297 = LINE ( 'NONE', #3517, #7890 ) ;
#6298 = PLANE ( 'NONE',  #6561 ) ;
#6299 = B_SPLINE_CURVE_WITH_KNOTS ( 'NONE', 1,
 ( #5390, #10111 ),
 .UNSPECIFIED., .F., .F.,
 ( 2, 2 ),
 ( 0.000000000000000000, 1.000000000000000000 ),
 .UNSPECIFIED. ) ;
#6300 = ORIENTED_EDGE ( 'NONE', *, *, #2818, .F. ) ;
#6301 = ORIENTED_EDGE ( 'NONE', *, *, #9483, .T. ) ;
#6302 = DIRECTION ( 'NONE',  ( -0.000000000000000000, 2.110556468111117249E-16, -1.000000000000000000 ) ) ;
#6303 = DIRECTION ( 'NONE',  ( 0.000000000000000000, 0.000000000000000000, 1.000000000000000000 ) ) ;
#6304 = CARTESIAN_POINT ( 'NONE',  ( 43.24999999996628475, 4.300000000000937739, -0.1999999999999994837 ) ) ;
#6305 = ORIENTED_EDGE ( 'NONE', *, *, #3493, .F. ) ;
#6307 = EDGE_CURVE ( 'NONE', #2609, #5769, #2028, .T. ) ;
#6306 = DIRECTION ( 'NONE',  ( 0.7071067811865492381, -0.7071067811865457964, 0.000000000000000000 ) ) ;
#6308 = DIRECTION ( 'NONE',  ( 1.000000000000000000, 0.000000000000000000, 0.000000000000000000 ) ) ;
#6309 = DIRECTION ( 'NONE',  ( 0.000000000000000000, 1.000000000000000000, 0.000000000000000000 ) ) ;
#6310 = DIRECTION ( 'NONE',  ( 0.7071067811865678898, 0.7071067811865272557, 0.000000000000000000 ) ) ;
#6311 = ORIENTED_EDGE ( 'NONE', *, *, #2568, .F. ) ;
#6312 = CARTESIAN_POINT ( 'NONE',  ( 88.40000000000000568, -17.50000000000020250, 39.19999999999971863 ) ) ;
#6313 = VERTEX_POINT ( 'NONE', #5369 ) ;
#6314 = CARTESIAN_POINT ( 'NONE',  ( 42.31911156942096852, -18.78758892027907024, 29.55945569282180685 ) ) ;
#6315 = ADVANCED_FACE ( 'NONE', ( #5222 ), #9259, .F. ) ;
#6316 = CARTESIAN_POINT ( 'NONE',  ( 88.34411619904649626, -13.79133566842360104, -16.20956712036414871 ) ) ;
#6317 = PLANE ( 'NONE',  #7464 ) ;
#6318 = DIRECTION ( 'NONE',  ( 0.000000000000000000, -1.000000000000000000, -0.000000000000000000 ) ) ;
#6319 = VECTOR ( 'NONE', #486, 1000.000000000000000 ) ;
#6320 = FACE_BOUND ( 'NONE', #2042, .T. ) ;
#6321 = FACE_OUTER_BOUND ( 'NONE', #7391, .T. ) ;
#6322 = EDGE_CURVE ( 'NONE', #1860, #3146, #6188, .T. ) ;
#6323 = LINE ( 'NONE', #7022, #5952 ) ;
#6324 = ORIENTED_EDGE ( 'NONE', *, *, #8713, .T. ) ;
#6325 = AXIS2_PLACEMENT_3D ( 'NONE', #9167, #2149, #8425 ) ;
#6326 = CARTESIAN_POINT ( 'NONE',  ( -0.1999999999999918510, -0.1000000000000000056, -0.2000000000000000944 ) ) ;
#6327 = CARTESIAN_POINT ( 'NONE',  ( 70.20000000000001705, 11.79999999999999893, -11.50000000000000000 ) ) ;
#6328 = DIRECTION ( 'NONE',  ( 1.000000000000000000, -0.000000000000000000, -0.000000000000000000 ) ) ;
#6329 = CARTESIAN_POINT ( 'NONE',  ( -0.2600226210190212939, -10.28396397068919299, -17.67037772708032506 ) ) ;
#6330 = VERTEX_POINT ( 'NONE', #6133 ) ;
#6331 = CYLINDRICAL_SURFACE ( 'NONE', #7523, 11.50000000000000355 ) ;
#6332 = VERTEX_POINT ( 'NONE', #9338 ) ;
#6333 = ORIENTED_EDGE ( 'NONE', *, *, #7475, .F. ) ;
#6334 = FACE_OUTER_BOUND ( 'NONE', #9263, .T. ) ;
#6335 = AXIS2_PLACEMENT_3D ( 'NONE', #6936, #9194, #5331 ) ;
#6336 =( LENGTH_UNIT ( ) NAMED_UNIT ( * ) SI_UNIT ( .MILLI., .METRE. ) );
#6337 = CARTESIAN_POINT ( 'NONE',  ( 19.00677727426997166, -10.49463313667988906, -1.800000000000000044 ) ) ;
#6338 = DIRECTION ( 'NONE',  ( -0.000000000000000000, 0.000000000000000000, -1.000000000000000000 ) ) ;
#6339 = ORIENTED_EDGE ( 'NONE', *, *, #110, .F. ) ;
#6340 = VECTOR ( 'NONE', #2211, 1000.000000000000000 ) ;
#6341 = EDGE_CURVE ( 'NONE', #3736, #10113, #1636, .T. ) ;
#6342 = EDGE_CURVE ( 'NONE', #9960, #2401, #527, .T. ) ;
#6343 = LINE ( 'NONE', #4115, #194 ) ;
#6344 = DIRECTION ( 'NONE',  ( -0.000000000000000000, -0.7071067811865500152, -0.7071067811865451302 ) ) ;
#6345 = VERTEX_POINT ( 'NONE', #9228 ) ;
#6346 = CARTESIAN_POINT ( 'NONE',  ( 3.799999999999999822, -9.099999999999996092, -7.740000000000002878 ) ) ;
#6347 = VERTEX_POINT ( 'NONE', #3785 ) ;
#6348 = ORIENTED_EDGE ( 'NONE', *, *, #3522, .T. ) ;
#6349 = DIRECTION ( 'NONE',  ( 0.000000000000000000, -1.000000000000000000, -1.234678630588475078E-16 ) ) ;
#6351 = ORIENTED_EDGE ( 'NONE', *, *, #7342, .F. ) ;
#6350 = CARTESIAN_POINT ( 'NONE',  ( -0.1342061132773533505, -9.756835882101363211, -17.71188160625120034 ) ) ;
#6352 = DIRECTION ( 'NONE',  ( -1.000000000000000000, 0.000000000000000000, 0.000000000000000000 ) ) ;
#6353 = ORIENTED_EDGE ( 'NONE', *, *, #4471, .F. ) ;
#6354 = PLANE ( 'NONE',  #7844 ) ;
#6355 = CARTESIAN_POINT ( 'NONE',  ( 86.79999999999999716, -17.50000000000020250, 54.39999999999972857 ) ) ;
#6356 = ORIENTED_EDGE ( 'NONE', *, *, #8344, .T. ) ;
#6357 = AXIS2_PLACEMENT_3D ( 'NONE', #8765, #7251, #5629 ) ;
#6358 = ORIENTED_EDGE ( 'NONE', *, *, #4655, .T. ) ;
#6359 = ORIENTED_EDGE ( 'NONE', *, *, #5674, .T. ) ;
#6360 = CARTESIAN_POINT ( 'NONE',  ( 0.02796461511616218573, -9.437379714338591796, -17.73258824253845489 ) ) ;
#6361 = DIRECTION ( 'NONE',  ( 0.000000000000000000, 0.000000000000000000, -1.000000000000000000 ) ) ;
#6362 = CARTESIAN_POINT ( 'NONE',  ( 46.80000000000000426, -19.10000000000000497, 32.75000000000000000 ) ) ;
#6363 = CARTESIAN_POINT ( 'NONE',  ( 0.2000000000000057288, -9.099999999999994316, -17.74000000000000199 ) ) ;
#6364 = DIRECTION ( 'NONE',  ( -1.000000000000000000, 0.000000000000000000, 1.405126015542175683E-14 ) ) ;
#6365 = DIRECTION ( 'NONE',  ( -0.000000000000000000, -1.000000000000000000, 0.000000000000000000 ) ) ;
#6366 = ADVANCED_FACE ( 'NONE', ( #6569 ), #1446, .F. ) ;
#6367 = EDGE_CURVE ( 'NONE', #704, #3845, #8486, .T. ) ;
#6368 = VERTEX_POINT ( 'NONE', #4593 ) ;
#6369 = AXIS2_PLACEMENT_3D ( 'NONE', #2067, #2953, #561 ) ;
#6370 = B_SPLINE_CURVE_WITH_KNOTS ( 'NONE', 3,
 ( #7724, #6923, #5, #7055, #687, #3051, #9286, #8001, #3361, #7934 ),
 .UNSPECIFIED., .F., .F.,
 ( 4, 2, 2, 2, 4 ),
 ( 0.000000000000000000, 0.0006579197002799055428, 0.0009868795504198583143, 0.001151359475489822232, 0.001315839400559786149 ),
 .UNSPECIFIED. ) ;
#6371 = LINE ( 'NONE', #684, #6498 ) ;
#6372 = CARTESIAN_POINT ( 'NONE',  ( 42.39701996119296723, -18.96825504888388636, 35.87851777921459728 ) ) ;
#6373 = CARTESIAN_POINT ( 'NONE',  ( 34.80000000000000426, -19.10000000000000142, 8.799999999999998934 ) ) ;
#6374 = DIRECTION ( 'NONE',  ( 0.000000000000000000, 0.000000000000000000, -1.000000000000000000 ) ) ;
#6375 = DIRECTION ( 'NONE',  ( 0.7071067811865475727, 0.7071067811865475727, 8.730496322752310198E-17 ) ) ;
#6376 = ORIENTED_EDGE ( 'NONE', *, *, #1806, .F. ) ;
#6377 = ORIENTED_EDGE ( 'NONE', *, *, #1165, .F. ) ;
#6378 = ADVANCED_FACE ( 'NONE', ( #2271 ), #9837, .T. ) ;
#6379 = EDGE_CURVE ( 'NONE', #7479, #5750, #5593, .T. ) ;
#6380 = CARTESIAN_POINT ( 'NONE',  ( 29.84999999996616893, -3.899999999944430584, -0.2000000000000006217 ) ) ;
#6381 = PLANE ( 'NONE',  #9977 ) ;
#6382 = DIRECTION ( 'NONE',  ( 0.000000000000000000, 0.000000000000000000, -1.000000000000000000 ) ) ;
#6383 = ORIENTED_EDGE ( 'NONE', *, *, #81, .T. ) ;
#6384 = CARTESIAN_POINT ( 'NONE',  ( 54.34634268151091163, -17.70000000000001705, 41.42771353140946644 ) ) ;
#6385 = DIRECTION ( 'NONE',  ( 0.000000000000000000, 0.000000000000000000, 1.000000000000000000 ) ) ;
#6386 = CARTESIAN_POINT ( 'NONE',  ( 55.60803265419635011, -17.50000000000000000, 40.14381909182331754 ) ) ;
#6387 = VECTOR ( 'NONE', #1862, 1000.000000000000000 ) ;
#6388 = CARTESIAN_POINT ( 'NONE',  ( 41.99999999996699529, -3.900000000034580694, -1.800000000000000044 ) ) ;
#6389 = ORIENTED_EDGE ( 'NONE', *, *, #8665, .T. ) ;
#6390 = VECTOR ( 'NONE', #6344, 1000.000000000000114 ) ;
#6391 = LINE ( 'NONE', #4999, #7731 ) ;
#6392 = EDGE_LOOP ( 'NONE', ( #5944, #6358, #8498, #8949 ) ) ;
#6393 = AXIS2_PLACEMENT_3D ( 'NONE', #5884, #1972, #9003 ) ;
#6394 = CARTESIAN_POINT ( 'NONE',  ( 17.00677727426996810, 4.299999999999999822, -0.1999999999999994837 ) ) ;
#6395 = VERTEX_POINT ( 'NONE', #699 ) ;
#6396 = DIRECTION ( 'NONE',  ( -0.000000000000000000, 1.000000000000000000, -0.000000000000000000 ) ) ;
#6397 = CARTESIAN_POINT ( 'NONE',  ( -1.280839424630621171, -13.52733843144877390, -16.70741543730408907 ) ) ;
#6398 = DIRECTION ( 'NONE',  ( 1.000000000000000000, 0.000000000000000000, -0.000000000000000000 ) ) ;
#6399 = UNCERTAINTY_MEASURE_WITH_UNIT (LENGTH_MEASURE( 1.000000000000000082E-05 ), #8532, 'distance_accuracy_value', 'NONE');
#6400 = CARTESIAN_POINT ( 'NONE',  ( -1.800000000000000266, -9.500000000000001776, 8.799999999999995381 ) ) ;
#6401 = EDGE_CURVE ( 'NONE', #1027, #9874, #3750, .T. ) ;
#6402 = EDGE_CURVE ( 'NONE', #5079, #8220, #9464, .T. ) ;
#6403 = CIRCLE ( 'NONE', #7395, 5.499999999999998224 ) ;
#6404 = ORIENTED_EDGE ( 'NONE', *, *, #6061, .T. ) ;
#6405 = LINE ( 'NONE', #6192, #4338 ) ;
#6406 = CARTESIAN_POINT ( 'NONE',  ( 2.089659608661612822, -9.668694093174890369, -17.71977196889485384 ) ) ;
#6407 = DIRECTION ( 'NONE',  ( 0.000000000000000000, 0.000000000000000000, -1.000000000000000000 ) ) ;
#6408 = VECTOR ( 'NONE', #6318, 1000.000000000000000 ) ;
#6409 = DIRECTION ( 'NONE',  ( 0.000000000000000000, 1.000000000000000000, 0.000000000000000000 ) ) ;
#6410 = DIRECTION ( 'NONE',  ( 0.000000000000000000, 0.000000000000000000, 1.000000000000000000 ) ) ;
#6411 = CARTESIAN_POINT ( 'NONE',  ( 88.36020322028036844, -13.88495347591285700, -16.14425074667543214 ) ) ;
#6412 = VECTOR ( 'NONE', #8006, 1000.000000000000000 ) ;
#6413 = CARTESIAN_POINT ( 'NONE',  ( -1.800000000000000266, -9.500000000000001776, 14.80000000000000071 ) ) ;
#6414 = ORIENTED_EDGE ( 'NONE', *, *, #4970, .F. ) ;
#6415 = AXIS2_PLACEMENT_3D ( 'NONE', #4780, #3280, #6463 ) ;
#6416 = FACE_OUTER_BOUND ( 'NONE', #9516, .T. ) ;
#6417 = VERTEX_POINT ( 'NONE', #6165 ) ;
#6418 = EDGE_LOOP ( 'NONE', ( #7930, #3723, #6589, #4949, #6301 ) ) ;
#6419 = ORIENTED_EDGE ( 'NONE', *, *, #2750, .F. ) ;
#6420 = PLANE ( 'NONE',  #4345 ) ;
#6421 = EDGE_CURVE ( 'NONE', #449, #2843, #9708, .T. ) ;
#6422 = AXIS2_PLACEMENT_3D ( 'NONE', #6154, #1524, #7651 ) ;
#6423 = CARTESIAN_POINT ( 'NONE',  ( -0.4807988837625042922, -10.45108717447959812, -17.62056473676372903 ) ) ;
#6424 = DIRECTION ( 'NONE',  ( -0.000000000000000000, 0.000000000000000000, 1.000000000000000000 ) ) ;
#6425 = DIRECTION ( 'NONE',  ( 0.000000000000000000, 0.000000000000000000, 1.000000000000000000 ) ) ;
#6426 = CARTESIAN_POINT ( 'NONE',  ( 38.12228646859053072, -17.70000000000000995, 40.29634268151090026 ) ) ;
#6427 = CARTESIAN_POINT ( 'NONE',  ( -1.800000000000000266, -17.50000000000000000, 36.79999999999999716 ) ) ;
#6428 = LINE ( 'NONE', #9412, #152 ) ;
#6429 = ORIENTED_EDGE ( 'NONE', *, *, #8801, .F. ) ;
#6430 = ORIENTED_EDGE ( 'NONE', *, *, #8745, .T. ) ;
#6431 = FACE_OUTER_BOUND ( 'NONE', #263, .T. ) ;
#6432 = ORIENTED_EDGE ( 'NONE', *, *, #7916, .T. ) ;
#6433 = CIRCLE ( 'NONE', #9083, 1.000000000000000000 ) ;
#6434 = EDGE_CURVE ( 'NONE', #7469, #6313, #645, .T. ) ;
#6435 = FACE_OUTER_BOUND ( 'NONE', #4043, .T. ) ;
#6436 = LINE ( 'NONE', #5572, #4242 ) ;
#6437 = ORIENTED_EDGE ( 'NONE', *, *, #6899, .T. ) ;
#6438 = CARTESIAN_POINT ( 'NONE',  ( 0.1999999999999996503, -9.099999999999994316, -17.74000000000000199 ) ) ;
#6439 = AXIS2_PLACEMENT_3D ( 'NONE', #9511, #6398, #4871 ) ;
#6440 = ADVANCED_FACE ( 'NONE', ( #6178 ), #4694, .F. ) ;
#6441 = CARTESIAN_POINT ( 'NONE',  ( 34.80000000000000426, -19.10000000000000142, 6.799999999999999822 ) ) ;
#6442 = CARTESIAN_POINT ( 'NONE',  ( 3.799999999999999378, 11.79999999999999538, -11.53999999999999915 ) ) ;
#6443 = CARTESIAN_POINT ( 'NONE',  ( 0.1884420902223408467, -9.129490619513831007, -17.74000023429535133 ) ) ;
#6444 = VERTEX_POINT ( 'NONE', #8564 ) ;
#6445 = LINE ( 'NONE', #1968, #6937 ) ;
#6446 = VERTEX_POINT ( 'NONE', #3947 ) ;
#6447 = CARTESIAN_POINT ( 'NONE',  ( -0.2000000000000000111, -9.500000000000001776, 30.80000000000000071 ) ) ;
#6448 = CARTESIAN_POINT ( 'NONE',  ( 3.393111312509292432, -12.52702620634885378, -16.94957744424779023 ) ) ;
#6449 = DIRECTION ( 'NONE',  ( -0.7071067811865463515, 2.122205421015054357E-16, -0.7071067811865487940 ) ) ;
#6450 = LINE ( 'NONE', #5798, #7177 ) ;
#6451 = CARTESIAN_POINT ( 'NONE',  ( -1.583542316194171740, -13.10647755618763810, -16.64501190873183134 ) ) ;
#6452 = ORIENTED_EDGE ( 'NONE', *, *, #7432, .T. ) ;
#6453 = EDGE_CURVE ( 'NONE', #3732, #1775, #4107, .T. ) ;
#6454 = CARTESIAN_POINT ( 'NONE',  ( 88.37464888275599151, -13.99032064014703280, -16.06743413229316175 ) ) ;
#6455 = PLANE ( 'NONE',  #9830 ) ;
#6456 = VECTOR ( 'NONE', #2584, 1000.000000000000000 ) ;
#6457 = EDGE_LOOP ( 'NONE', ( #7565, #3286, #5991, #128, #3231, #4904, #6404, #3376, #5825, #4634, #6254, #5270 ) ) ;
#6458 = ORIENTED_EDGE ( 'NONE', *, *, #7005, .F. ) ;
#6459 = CARTESIAN_POINT ( 'NONE',  ( -0.2000000000000000111, -9.500000000000001776, 24.80000000000000071 ) ) ;
#6460 = DIRECTION ( 'NONE',  ( 1.000000000000000000, 0.000000000000000000, -0.000000000000000000 ) ) ;
#6461 = ORIENTED_EDGE ( 'NONE', *, *, #8054, .F. ) ;
#6462 = DIRECTION ( 'NONE',  ( 0.000000000000000000, 0.000000000000000000, -1.000000000000000000 ) ) ;
#6463 = DIRECTION ( 'NONE',  ( 0.000000000000000000, 0.000000000000000000, 1.000000000000000000 ) ) ;
#6464 = CARTESIAN_POINT ( 'NONE',  ( 28.59999999996700382, -3.900000000034393288, -1.800000000000000044 ) ) ;
#6465 = ORIENTED_EDGE ( 'NONE', *, *, #2638, .T. ) ;
#6466 = ORIENTED_EDGE ( 'NONE', *, *, #10052, .T. ) ;
#6467 = VECTOR ( 'NONE', #883, 1000.000000000000000 ) ;
#6468 = DIRECTION ( 'NONE',  ( -1.399999999999999714E-14, -9.999999999999999988E-15, -1.000000000000000000 ) ) ;
#6469 = LINE ( 'NONE', #3395, #5734 ) ;
#6471 = EDGE_CURVE ( 'NONE', #1436, #5859, #8730, .T. ) ;
#6470 = CARTESIAN_POINT ( 'NONE',  ( -0.8033445186802081750, -11.12454015993842660, -17.47013393941144699 ) ) ;
#6472 = CARTESIAN_POINT ( 'NONE',  ( 43.68284214599195536, -18.69999999999999929, 37.28137141638112695 ) ) ;
#6473 = ORIENTED_EDGE ( 'NONE', *, *, #7756, .F. ) ;
#6474 = PLANE ( 'NONE',  #2198 ) ;
#6475 = CARTESIAN_POINT ( 'NONE',  ( -1.800000000000000266, -2.449999999999729283, 14.32740920835357379 ) ) ;
#6476 = EDGE_LOOP ( 'NONE', ( #1424, #5490, #5430, #2855, #9111 ) ) ;
#6477 = ORIENTED_EDGE ( 'NONE', *, *, #5064, .F. ) ;
#6478 = VECTOR ( 'NONE', #7921, 1000.000000000000000 ) ;
#6479 = CARTESIAN_POINT ( 'NONE',  ( -0.2000000000000000111, -9.500000000000001776, 6.800000000000000711 ) ) ;
#6480 = ORIENTED_EDGE ( 'NONE', *, *, #2313, .F. ) ;
#6481 = LINE ( 'NONE', #1912, #8065 ) ;
#6482 = ORIENTED_EDGE ( 'NONE', *, *, #2723, .T. ) ;
#6483 = EDGE_LOOP ( 'NONE', ( #8110, #6515, #2384, #1155 ) ) ;
#6484 = AXIS2_PLACEMENT_3D ( 'NONE', #8984, #2808, #1919 ) ;
#6485 = CARTESIAN_POINT ( 'NONE',  ( 1.829023357328404042, -9.156873924675247522, -17.73984228883065484 ) ) ;
#6486 = DIRECTION ( 'NONE',  ( -1.000000000000000000, 0.000000000000000000, 0.000000000000000000 ) ) ;
#6487 = EDGE_CURVE ( 'NONE', #3396, #4369, #4359, .T. ) ;
#6488 = EDGE_CURVE ( 'NONE', #2714, #8651, #6436, .T. ) ;
#6489 = DIRECTION ( 'NONE',  ( 1.000000000000000000, -0.000000000000000000, -0.000000000000000000 ) ) ;
#6490 = CARTESIAN_POINT ( 'NONE',  ( 86.80450403192560316, -9.895909263418287694, -17.69953467569462902 ) ) ;
#6491 = ADVANCED_FACE ( 'NONE', ( #5833 ), #123, .F. ) ;
#6492 = ORIENTED_EDGE ( 'NONE', *, *, #1513, .T. ) ;
#6493 = CARTESIAN_POINT ( 'NONE',  ( -1.800000000000000266, -9.500000000000001776, 12.79999999999999893 ) ) ;
#6494 = DIRECTION ( 'NONE',  ( -1.000000000000000000, -0.000000000000000000, -0.000000000000000000 ) ) ;
#6495 = VECTOR ( 'NONE', #10013, 1000.000000000000000 ) ;
#6496 = CARTESIAN_POINT ( 'NONE',  ( 56.39999999999999858, -3.200000000000001510, -0.8496933580527809005 ) ) ;
#6497 = ORIENTED_EDGE ( 'NONE', *, *, #1840, .T. ) ;
#6498 = VECTOR ( 'NONE', #784, 1000.000000000000000 ) ;
#6499 = AXIS2_PLACEMENT_3D ( 'NONE', #7157, #2418, #3892 ) ;
#6500 = ORIENTED_EDGE ( 'NONE', *, *, #9983, .F. ) ;
#6501 = LINE ( 'NONE', #6147, #4420 ) ;
#6502 = VERTEX_POINT ( 'NONE', #7919 ) ;
#6503 = ORIENTED_EDGE ( 'NONE', *, *, #10153, .T. ) ;
#6504 = EDGE_LOOP ( 'NONE', ( #1788, #6311, #7526, #6746 ) ) ;
#6505 = CARTESIAN_POINT ( 'NONE',  ( -1.800000000000000266, -9.500000000000001776, 32.79999999999999716 ) ) ;
#6506 = LINE ( 'NONE', #1984, #2611 ) ;
#6507 = DIRECTION ( 'NONE',  ( 0.000000000000000000, 1.209468558947972554E-16, -1.000000000000000000 ) ) ;
#6508 = VERTEX_POINT ( 'NONE', #2412 ) ;
#6509 = EDGE_CURVE ( 'NONE', #9045, #9281, #10014, .T. ) ;
#6511 = ORIENTED_EDGE ( 'NONE', *, *, #1606, .F. ) ;
#6510 = AXIS2_PLACEMENT_3D ( 'NONE', #5512, #6272, #1649 ) ;
#6512 = B_SPLINE_CURVE_WITH_KNOTS ( 'NONE', 3,
 ( #5218, #1262, #1127, #2738, #8176, #8948, #362, #5865, #9965, #9216, #2087, #8400, #3809, #9894, #2126, #553, #3746, #3710, #7687, #9928, #10044, #5286, #2910, #1358, #6824, #6054, #492, #7621, #2980, #5359, #9181, #6857, #9147, #10006, #6122, #4520, #5988, #2164, #6787, #7555, #6082, #2194, #8330, #5320, #585, #3684, #1399, #7588, #3013, #1323, #2230, #9248, #5254, #3775, #2944, #8370, #1434, #4493, #6925, #6890, #7657, #3054, #8432, #9116, #4549, #620, #8464, #4584, #1296, #526, #4461, #6023, #7726, #7796 ),
 .UNSPECIFIED., .F., .F.,
 ( 4, 2, 1, 1, 2, 2, 2, 1, 1, 2, 2, 2, 1, 1, 2, 2, 2, 1, 1, 2, 2, 2, 1, 1, 2, 2, 2, 1, 1, 2, 2, 1, 1, 2, 2, 1, 1, 1, 2, 2, 2, 1, 1, 1, 2, 2, 4 ),
 ( 0.000000000000000000, 0.06250000000000575928, 0.09375000000000818789, 0.1093750000000094785, 0.1171875000000097145, 0.1250000000000099643, 0.1875000000000053013, 0.2187500000000029698, 0.2343750000000018041, 0.2421875000000011935, 0.2500000000000005551, 0.3124999999999987232, 0.3437499999999977796, 0.3593749999999973355, 0.3671874999999975020, 0.3749999999999976130, 0.4374999999999998335, 0.4687500000000009437, 0.4843750000000013323, 0.4921875000000009437, 0.5000000000000005551, 0.5624999999999947820, 0.5937499999999922284, 0.6093749999999913403, 0.6171874999999908962, 0.6249999999999905631, 0.6874999999999882316, 0.7187499999999873435, 0.7343749999999872324, 0.7421874999999866773, 0.7499999999999861222, 0.7812499999999852340, 0.7968749999999852340, 0.8046874999999847899, 0.8124999999999842348, 0.8437499999999806821, 0.8593749999999792388, 0.8671874999999790168, 0.8710937499999787947, 0.8749999999999785727, 0.9062499999999783507, 0.9218749999999785727, 0.9296874999999787947, 0.9335937499999792388, 0.9355468749999794609, 0.9374999999999795719, 1.000000000000000000 ),
 .UNSPECIFIED. ) ;
#6513 = CARTESIAN_POINT ( 'NONE',  ( -0.8000000000000001554, -0.1000000000000002554, 3.600000000000000089 ) ) ;
#6514 = CARTESIAN_POINT ( 'NONE',  ( 3.280839424630588308, -13.52733843144874726, -16.70741543730409973 ) ) ;
#6515 = ORIENTED_EDGE ( 'NONE', *, *, #4936, .T. ) ;
#6516 = LINE ( 'NONE', #9624, #115 ) ;
#6517 = PLANE ( 'NONE',  #4937 ) ;
#6518 = CIRCLE ( 'NONE', #2906, 5.499999999999998224 ) ;
#6519 = CARTESIAN_POINT ( 'NONE',  ( 86.54510452788019848, -9.384480584939792536, -17.73494117051659913 ) ) ;
#6520 = CARTESIAN_POINT ( 'NONE',  ( 4.799999999999999822, -17.50000000000000000, 6.799999999999999822 ) ) ;
#6521 = FACE_OUTER_BOUND ( 'NONE', #2588, .T. ) ;
#6522 = FACE_OUTER_BOUND ( 'NONE', #229, .T. ) ;
#6523 = CARTESIAN_POINT ( 'NONE',  ( -0.2000000000000000111, -17.50000000000000711, 56.20000000000000284 ) ) ;
#6524 = VERTEX_POINT ( 'NONE', #9461 ) ;
#6525 = EDGE_CURVE ( 'NONE', #9212, #6532, #9344, .T. ) ;
#6526 = CARTESIAN_POINT ( 'NONE',  ( 4.799999999999999822, -19.10000000000000142, 6.799999999999999822 ) ) ;
#6527 = CARTESIAN_POINT ( 'NONE',  ( 0.000000000000000000, 0.000000000000000000, -0.7999999999999999334 ) ) ;
#6528 = CARTESIAN_POINT ( 'NONE',  ( 39.12333819570212512, -17.50000000000000355, 24.22481005827822642 ) ) ;
#6529 = DIRECTION ( 'NONE',  ( 1.000000000000000000, 0.000000000000000000, 0.000000000000000000 ) ) ;
#6530 = AXIS2_PLACEMENT_3D ( 'NONE', #3862, #4503, #5373 ) ;
#6531 = ORIENTED_EDGE ( 'NONE', *, *, #9758, .T. ) ;
#6532 = VERTEX_POINT ( 'NONE', #918 ) ;
#6533 = VECTOR ( 'NONE', #2335, 1000.000000000000000 ) ;
#6534 = CARTESIAN_POINT ( 'NONE',  ( 35.80000000000000426, -19.10000000000000142, 5.799999999999999822 ) ) ;
#6535 = VECTOR ( 'NONE', #5191, 1000.000000000000000 ) ;
#6536 = VECTOR ( 'NONE', #6947, 1000.000000000000000 ) ;
#6537 = ORIENTED_EDGE ( 'NONE', *, *, #8962, .F. ) ;
#6538 = ADVANCED_FACE ( 'NONE', ( #1891 ), #6261, .F. ) ;
#6539 = AXIS2_PLACEMENT_3D ( 'NONE', #3188, #4617, #2264 ) ;
#6540 = CARTESIAN_POINT ( 'NONE',  ( -5.799999999999985612, 11.79999999999999893, -11.50000000000000000 ) ) ;
#6541 = DIRECTION ( 'NONE',  ( 0.000000000000000000, 1.234678630588475078E-16, -1.000000000000000000 ) ) ;
#6542 = ORIENTED_EDGE ( 'NONE', *, *, #8813, .F. ) ;
#6543 = FACE_OUTER_BOUND ( 'NONE', #2542, .T. ) ;
#6544 = DIRECTION ( 'NONE',  ( 1.000000000000000000, 0.000000000000000000, 0.000000000000000000 ) ) ;
#6545 = DIRECTION ( 'NONE',  ( 0.000000000000000000, 1.000000000000000000, -0.000000000000000000 ) ) ;
#6546 = LINE ( 'NONE', #4321, #3724 ) ;
#6547 = EDGE_CURVE ( 'NONE', #6941, #1932, #6927, .T. ) ;
#6548 = EDGE_CURVE ( 'NONE', #6655, #6524, #5207, .T. ) ;
#6549 = EDGE_CURVE ( 'NONE', #2895, #7792, #8729, .T. ) ;
#6550 = VECTOR ( 'NONE', #9321, 1000.000000000000000 ) ;
#6551 = FACE_OUTER_BOUND ( 'NONE', #5294, .T. ) ;
#6552 = EDGE_LOOP ( 'NONE', ( #6465, #1316, #7136, #7617, #8590, #3081, #6107, #8157 ) ) ;
#6553 = CARTESIAN_POINT ( 'NONE',  ( 14.36999999999951605, -5.209999999999898712, -1.189999999999527658 ) ) ;
#6554 = VERTEX_POINT ( 'NONE', #2495 ) ;
#6555 = CARTESIAN_POINT ( 'NONE',  ( 3.201357357077278643, -12.02993485198155454, -17.16838289445329124 ) ) ;
#6556 = DIRECTION ( 'NONE',  ( 0.5000000000000013323, 0.7071067811865419106, 0.5000000000000066613 ) ) ;
#6557 = DIRECTION ( 'NONE',  ( -1.000000000000000000, 0.000000000000000000, 0.000000000000000000 ) ) ;
#6558 = CARTESIAN_POINT ( 'NONE',  ( 88.05160866530255248, -12.69234699557645563, -16.86840929950635370 ) ) ;
#6559 = LINE ( 'NONE', #3687, #4965 ) ;
#6560 = ORIENTED_EDGE ( 'NONE', *, *, #5284, .F. ) ;
#6562 = CARTESIAN_POINT ( 'NONE',  ( -1.205269306361929305, -12.03951195996090995, -17.16453714274682341 ) ) ;
#6561 = AXIS2_PLACEMENT_3D ( 'NONE', #4796, #2371, #1631 ) ;
#6563 = DIRECTION ( 'NONE',  ( 0.000000000000000000, 0.000000000000000000, 1.000000000000000000 ) ) ;
#6564 = ORIENTED_EDGE ( 'NONE', *, *, #4701, .T. ) ;
#6565 = DIRECTION ( 'NONE',  ( 0.000000000000000000, 0.000000000000000000, -1.000000000000000000 ) ) ;
#6566 = CARTESIAN_POINT ( 'NONE',  ( 71.22029494606327660, -13.07142685129933213, -16.91778255998684699 ) ) ;
#6567 = VECTOR ( 'NONE', #9978, 1000.000000000000000 ) ;
#6568 = DIRECTION ( 'NONE',  ( 1.000000000000000000, 0.000000000000000000, 0.000000000000000000 ) ) ;
#6569 = FACE_OUTER_BOUND ( 'NONE', #3239, .T. ) ;
#6570 = ADVANCED_FACE ( 'NONE', ( #7900 ), #1712, .T. ) ;
#6571 = ORIENTED_EDGE ( 'NONE', *, *, #6103, .F. ) ;
#6572 = EDGE_CURVE ( 'NONE', #8325, #587, #4356, .T. ) ;
#6573 = AXIS2_PLACEMENT_3D ( 'NONE', #5157, #9123, #7492 ) ;
#6574 = DIRECTION ( 'NONE',  ( 0.000000000000000000, -2.168404344971008868E-16, 1.000000000000000000 ) ) ;
#6575 = DIRECTION ( 'NONE',  ( -0.000000000000000000, -0.000000000000000000, -1.000000000000000000 ) ) ;
#6576 = CARTESIAN_POINT ( 'NONE',  ( -1.332165886306966085, -12.36156639081348629, -17.02716536968382854 ) ) ;
#6577 = CARTESIAN_POINT ( 'NONE',  ( 86.79999999999999716, -15.54999999999981419, 18.75000000000047251 ) ) ;
#6578 = VECTOR ( 'NONE', #7170, 1000.000000000000000 ) ;
#6579 = DIRECTION ( 'NONE',  ( -1.000000000000000000, -0.000000000000000000, -0.000000000000000000 ) ) ;
#6580 = FACE_OUTER_BOUND ( 'NONE', #1687, .T. ) ;
#6581 = B_SPLINE_CURVE_WITH_KNOTS ( 'NONE', 3,
 ( #9384, #4039, #5520, #10104, #5450, #4676, #5483, #750 ),
 .UNSPECIFIED., .F., .F.,
 ( 4, 2, 2, 4 ),
 ( -4.013977638222053508E-06, 0.0003615764601613143353, 0.0005443716790610795934, 0.0007271668979608450142 ),
 .UNSPECIFIED. ) ;
#6582 = CARTESIAN_POINT ( 'NONE',  ( -0.2000000000000000111, -15.50000000000002309, 56.20000000000000284 ) ) ;
#6583 = EDGE_LOOP ( 'NONE', ( #259, #4207, #5720, #7101 ) ) ;
#6584 = VECTOR ( 'NONE', #4169, 1000.000000000000000 ) ;
#6586 = EDGE_CURVE ( 'NONE', #2165, #7964, #3859, .T. ) ;
#6585 = CARTESIAN_POINT ( 'NONE',  ( -0.2000000000000000111, -9.500000000000001776, 22.80000000000000071 ) ) ;
#6587 = EDGE_LOOP ( 'NONE', ( #7822, #6846, #1352, #207 ) ) ;
#6588 = CARTESIAN_POINT ( 'NONE',  ( 38.16611576704564612, -17.63336959683679694, 40.34674300287557713 ) ) ;
#6589 = ORIENTED_EDGE ( 'NONE', *, *, #4118, .F. ) ;
#6590 = ADVANCED_FACE ( 'NONE', ( #3747 ), #10082, .F. ) ;
#6591 = CIRCLE ( 'NONE', #5811, 2.799999999999997158 ) ;
#6592 = DIRECTION ( 'NONE',  ( -1.000000000000000000, 0.000000000000000000, 0.000000000000000000 ) ) ;
#6593 = ORIENTED_EDGE ( 'NONE', *, *, #9218, .F. ) ;
#6594 = LINE ( 'NONE', #9050, #2049 ) ;
#6595 = CARTESIAN_POINT ( 'NONE',  ( 50.20000056648265030, -19.10000000000000497, 36.99852870390652271 ) ) ;
#6596 = CARTESIAN_POINT ( 'NONE',  ( 70.60000000000000853, 0.000000000000000000, 0.000000000000000000 ) ) ;
#6597 = PLANE ( 'NONE',  #5334 ) ;
#6598 = VERTEX_POINT ( 'NONE', #4192 ) ;
#6599 = EDGE_CURVE ( 'NONE', #3600, #6171, #9705, .T. ) ;
#6600 = EDGE_CURVE ( 'NONE', #7037, #9734, #2016, .T. ) ;
#6601 = FACE_OUTER_BOUND ( 'NONE', #3568, .T. ) ;
#6602 = ORIENTED_EDGE ( 'NONE', *, *, #9000, .F. ) ;
#6603 = CARTESIAN_POINT ( 'NONE',  ( 46.80000000000000426, -18.70000000000000639, 32.75000000000000000 ) ) ;
#6604 = DIRECTION ( 'NONE',  ( 0.000000000000000000, 0.000000000000000000, 1.000000000000000000 ) ) ;
#6605 = CARTESIAN_POINT ( 'NONE',  ( -1.412952788653542679, -12.58214886773943597, -16.92300552984469064 ) ) ;
#6606 = CARTESIAN_POINT ( 'NONE',  ( 87.40000000000000568, 4.299999999999999822, -9.299999999999998934 ) ) ;
#6607 = VERTEX_POINT ( 'NONE', #195 ) ;
#6608 = DIRECTION ( 'NONE',  ( 1.000000000000000000, -1.400000000000000345E-14, -1.966981464302830696E-30 ) ) ;
#6609 = CARTESIAN_POINT ( 'NONE',  ( 110.2009174118888950, 11.80000000000007709, -0.1999999999999984290 ) ) ;
#6610 = DIRECTION ( 'NONE',  ( -0.7071067811865462405, 8.730496322752323757E-17, -0.7071067811865489050 ) ) ;
#6611 = VERTEX_POINT ( 'NONE', #8879 ) ;
#6612 = ORIENTED_EDGE ( 'NONE', *, *, #1805, .T. ) ;
#6613 = AXIS2_PLACEMENT_3D ( 'NONE', #2093, #443, #5190 ) ;
#6614 = CIRCLE ( 'NONE', #4785, 1.000000000000000000 ) ;
#6615 = ADVANCED_FACE ( 'NONE', ( #4841 ), #9625, .F. ) ;
#6616 = CARTESIAN_POINT ( 'NONE',  ( 49.91715785400807448, -18.70000000000002061, 28.21862858361889081 ) ) ;
#6617 = EDGE_CURVE ( 'NONE', #6417, #4751, #9820, .T. ) ;
#6618 = EDGE_CURVE ( 'NONE', #3184, #2673, #6675, .T. ) ;
#6619 = CARTESIAN_POINT ( 'NONE',  ( 1.799999999999996270, -17.50000000000000000, 4.799999999999998934 ) ) ;
#6620 = CARTESIAN_POINT ( 'NONE',  ( 70.60000000000000853, 0.000000000000000000, -1.800000000000000044 ) ) ;
#6621 = CARTESIAN_POINT ( 'NONE',  ( 86.76931323960181430, -10.04739904260241445, -17.69573028091297573 ) ) ;
#6622 = DIRECTION ( 'NONE',  ( -0.000000000000000000, 1.000000000000000000, 0.000000000000000000 ) ) ;
#6623 = VERTEX_POINT ( 'NONE', #5012 ) ;
#6624 = ORIENTED_EDGE ( 'NONE', *, *, #5882, .T. ) ;
#6625 = ORIENTED_EDGE ( 'NONE', *, *, #9650, .F. ) ;
#6626 = LINE ( 'NONE', #1525, #349 ) ;
#6627 = DIRECTION ( 'NONE',  ( 0.7071067811865474617, 0.7071067811865474617, 2.122205421015050906E-16 ) ) ;
#6628 = DIRECTION ( 'NONE',  ( 0.000000000000000000, 0.000000000000000000, 1.000000000000000000 ) ) ;
#6629 = CARTESIAN_POINT ( 'NONE',  ( 14.19999999999999041, -8.099999999999999645, 57.79999999999999716 ) ) ;
#6630 = EDGE_CURVE ( 'NONE', #3104, #1975, #5589, .T. ) ;
#6631 = EDGE_CURVE ( 'NONE', #3868, #2195, #2536, .T. ) ;
#6632 = ORIENTED_EDGE ( 'NONE', *, *, #6307, .T. ) ;
#6633 = EDGE_LOOP ( 'NONE', ( #7249, #9729, #9214, #6129 ) ) ;
#6634 = CARTESIAN_POINT ( 'NONE',  ( 49.91715785400807448, -18.70000000000002061, 28.21862858361889081 ) ) ;
#6635 = VERTEX_POINT ( 'NONE', #5765 ) ;
#6636 = ADVANCED_FACE ( 'NONE', ( #8017 ), #4945, .T. ) ;
#6637 = CARTESIAN_POINT ( 'NONE',  ( -1.800000000000000488, 17.99999999999999289, -2.052778186154402551 ) ) ;
#6638 = VERTEX_POINT ( 'NONE', #5735 ) ;
#6639 = CARTESIAN_POINT ( 'NONE',  ( 72.26579388886725042, -9.756835877850111416, -17.71188160661553823 ) ) ;
#6640 = CARTESIAN_POINT ( 'NONE',  ( 70.40000000000000568, -10.30000000000001847, 56.79999999999999716 ) ) ;
#6641 = DIRECTION ( 'NONE',  ( -0.4999999999999891198, 0.7071067811865588970, -0.4999999999999947264 ) ) ;
#6642 = DIRECTION ( 'NONE',  ( 0.000000000000000000, 1.000000000000000000, -0.000000000000000000 ) ) ;
#6643 = EDGE_CURVE ( 'NONE', #8640, #7479, #7628, .T. ) ;
#6644 = VERTEX_POINT ( 'NONE', #3432 ) ;
#6645 = ORIENTED_EDGE ( 'NONE', *, *, #3674, .T. ) ;
#6646 = DIRECTION ( 'NONE',  ( 1.000000000000000000, 0.000000000000000000, 0.000000000000000000 ) ) ;
#6647 = EDGE_LOOP ( 'NONE', ( #2000, #6503, #1783, #9526 ) ) ;
#6648 = CARTESIAN_POINT ( 'NONE',  ( 56.14253532233801280, -18.70000000000000995, 43.50674888471115764 ) ) ;
#6649 = LINE ( 'NONE', #1047, #4332 ) ;
#6650 = VERTEX_POINT ( 'NONE', #8081 ) ;
#6651 = CARTESIAN_POINT ( 'NONE',  ( -7.210000000046401757E-14, -5.150000000033142733, -1.800000000000000044 ) ) ;
#6652 = LINE ( 'NONE', #9974, #7017 ) ;
#6653 = CARTESIAN_POINT ( 'NONE',  ( -1.800000000000000266, -9.500000000000001776, 20.80000000000000071 ) ) ;
#6654 = DIRECTION ( 'NONE',  ( 0.000000000000000000, -1.000000000000000000, 0.000000000000000000 ) ) ;
#6655 = VERTEX_POINT ( 'NONE', #1839 ) ;
#6656 = FACE_OUTER_BOUND ( 'NONE', #3685, .T. ) ;
#6657 = CARTESIAN_POINT ( 'NONE',  ( 56.90722156740702076, -18.36649227099606918, 41.44300800503397397 ) ) ;
#6658 = CARTESIAN_POINT ( 'NONE',  ( 39.10361138558357652, -17.50000000000000355, 24.20508324815967782 ) ) ;
#6659 = CARTESIAN_POINT ( 'NONE',  ( 71.27871306775796256, -12.84202812039210606, -17.01367441625530219 ) ) ;
#6660 = CARTESIAN_POINT ( 'NONE',  ( 62.80000000000001137, -19.10000000000000142, 8.799999999999998934 ) ) ;
#6661 = ORIENTED_EDGE ( 'NONE', *, *, #9128, .F. ) ;
#6662 = AXIS2_PLACEMENT_3D ( 'NONE', #6290, #5417, #1558 ) ;
#6663 = VECTOR ( 'NONE', #9916, 1000.000000000000000 ) ;
#6664 = ORIENTED_EDGE ( 'NONE', *, *, #9680, .T. ) ;
#6665 = LINE ( 'NONE', #6990, #4470 ) ;
#6666 = DIRECTION ( 'NONE',  ( -0.000000000000000000, -1.000000000000000000, -0.000000000000000000 ) ) ;
#6667 = AXIS2_PLACEMENT_3D ( 'NONE', #7666, #5472, #1609 ) ;
#6668 = CARTESIAN_POINT ( 'NONE',  ( 34.80000000000000426, -17.50000000000000000, 6.799999999999999822 ) ) ;
#6669 = CARTESIAN_POINT ( 'NONE',  ( 72.43087373458743627, -9.431665900776865286, -17.73283663810712341 ) ) ;
#6670 = DIRECTION ( 'NONE',  ( -0.000000000000000000, 1.000000000000000000, 1.404986760216307406E-16 ) ) ;
#6671 = VECTOR ( 'NONE', #3697, 1000.000000000000000 ) ;
#6672 = DIRECTION ( 'NONE',  ( 0.000000000000000000, 0.000000000000000000, -1.000000000000000000 ) ) ;
#6673 = PLANE ( 'NONE',  #4458 ) ;
#6674 = EDGE_CURVE ( 'NONE', #1210, #5338, #1389, .T. ) ;
#6675 = LINE ( 'NONE', #8808, #7640 ) ;
#6676 = EDGE_CURVE ( 'NONE', #6650, #9735, #273, .T. ) ;
#6677 = FACE_OUTER_BOUND ( 'NONE', #4618, .T. ) ;
#6678 = ORIENTED_EDGE ( 'NONE', *, *, #9579, .F. ) ;
#6679 = DIRECTION ( 'NONE',  ( 1.000000000000000000, -0.000000000000000000, -0.000000000000000000 ) ) ;
#6680 = CARTESIAN_POINT ( 'NONE',  ( -0.2000000000000000111, -0.1000000000000000056, 0.000000000000000000 ) ) ;
#6681 = DIRECTION ( 'NONE',  ( 0.000000000000000000, -1.000000000000000000, -1.234678630588475078E-16 ) ) ;
#6682 = PLANE ( 'NONE',  #9062 ) ;
#6683 = CARTESIAN_POINT ( 'NONE',  ( -0.8000000000000001554, -4.100000000000000533, 3.599999999999999645 ) ) ;
#6684 = EDGE_LOOP ( 'NONE', ( #10131, #945, #7806, #2007, #7467, #3317 ) ) ;
#6685 = ADVANCED_FACE ( 'NONE', ( #625 ), #1143, .T. ) ;
#6686 = ORIENTED_EDGE ( 'NONE', *, *, #4852, .T. ) ;
#6687 = DIRECTION ( 'NONE',  ( 1.000000000000000000, -0.000000000000000000, -0.000000000000000000 ) ) ;
#6688 = VERTEX_POINT ( 'NONE', #1879 ) ;
#6689 = DIRECTION ( 'NONE',  ( 0.000000000000000000, 1.000000000000000000, 0.000000000000000000 ) ) ;
#6690 = LINE ( 'NONE', #7110, #423 ) ;
#6691 = DIRECTION ( 'NONE',  ( -0.000000000000000000, 1.000000000000000000, -0.000000000000000000 ) ) ;
#6692 = CARTESIAN_POINT ( 'NONE',  ( 71.64176992315616133, -11.02737508279716216, -17.49653817117677335 ) ) ;
#6693 = CARTESIAN_POINT ( 'NONE',  ( 34.80000000000000426, -19.10000000000000142, 6.799999999999999822 ) ) ;
#6694 = ORIENTED_EDGE ( 'NONE', *, *, #9792, .F. ) ;
#6695 = FACE_OUTER_BOUND ( 'NONE', #7840, .T. ) ;
#6696 = VERTEX_POINT ( 'NONE', #6619 ) ;
#6697 = LINE ( 'NONE', #4472, #5614 ) ;
#6698 = FACE_OUTER_BOUND ( 'NONE', #4372, .T. ) ;
#6699 = VERTEX_POINT ( 'NONE', #3495 ) ;
#6700 = EDGE_CURVE ( 'NONE', #6644, #847, #882, .T. ) ;
#6701 = ORIENTED_EDGE ( 'NONE', *, *, #2831, .F. ) ;
#6702 = AXIS2_PLACEMENT_3D ( 'NONE', #8742, #985, #7292 ) ;
#6703 = DIRECTION ( 'NONE',  ( 0.000000000000000000, 0.000000000000000000, -1.000000000000000000 ) ) ;
#6704 = DIRECTION ( 'NONE',  ( 0.7071067811865389130, -0.7071067811865561215, 2.775557561562890427E-17 ) ) ;
#6705 = CARTESIAN_POINT ( 'NONE',  ( 70.86380037889220773, -12.94882415105874962, -16.73377862410459826 ) ) ;
#6706 = CARTESIAN_POINT ( 'NONE',  ( 71.00387627610906804, -14.42194677583439599, -16.20718270682595374 ) ) ;
#6707 = CARTESIAN_POINT ( 'NONE',  ( 14.19999999999999041, -8.099999999999999645, 56.79999999999999716 ) ) ;
#6708 = VECTOR ( 'NONE', #7070, 1000.000000000000000 ) ;
#6709 = ORIENTED_EDGE ( 'NONE', *, *, #875, .T. ) ;
#6710 = VERTEX_POINT ( 'NONE', #4265 ) ;
#6711 = CARTESIAN_POINT ( 'NONE',  ( 46.80000000000000426, -27.50000000000000355, 32.75000000000000000 ) ) ;
#6712 = ORIENTED_EDGE ( 'NONE', *, *, #4995, .T. ) ;
#6713 = CARTESIAN_POINT ( 'NONE',  ( 54.39999999999999858, -3.200000000000001954, -0.7999999999999999334 ) ) ;
#6714 = DIRECTION ( 'NONE',  ( 0.000000000000000000, 0.000000000000000000, -1.000000000000000000 ) ) ;
#6715 = LINE ( 'NONE', #2829, #10118 ) ;
#6716 = EDGE_CURVE ( 'NONE', #7335, #233, #8594, .T. ) ;
#6717 = CARTESIAN_POINT ( 'NONE',  ( 86.90510872227964967, -10.40243263844851107, -17.65553839282127058 ) ) ;
#6718 = CARTESIAN_POINT ( 'NONE',  ( 6.800000000000001599, -19.10000000000000142, 56.20000000000000284 ) ) ;
#6719 = LINE ( 'NONE', #1882, #6970 ) ;
#6720 = ORIENTED_EDGE ( 'NONE', *, *, #987, .F. ) ;
#6721 = ORIENTED_EDGE ( 'NONE', *, *, #8042, .F. ) ;
#6722 = VECTOR ( 'NONE', #3232, 1000.000000000000000 ) ;
#6723 = CARTESIAN_POINT ( 'NONE',  ( -0.2000000000000000111, -9.500000000000001776, 40.80000000000000426 ) ) ;
#6724 = CARTESIAN_POINT ( 'NONE',  ( 55.60803265419635721, -27.50000000000000355, 40.14381909182331043 ) ) ;
#6725 = VECTOR ( 'NONE', #8234, 1000.000000000000114 ) ;
#6726 = CARTESIAN_POINT ( 'NONE',  ( 71.85747967777268741, -10.57692769512025954, -17.59799893243152979 ) ) ;
#6727 = ORIENTED_EDGE ( 'NONE', *, *, #2777, .F. ) ;
#6728 = DIRECTION ( 'NONE',  ( 1.000000000000000000, -0.000000000000000000, -0.000000000000000000 ) ) ;
#6729 = EDGE_LOOP ( 'NONE', ( #5739, #9619, #2199, #7241 ) ) ;
#6730 = EDGE_LOOP ( 'NONE', ( #1146, #514, #3078, #5793 ) ) ;
#6731 = AXIS2_PLACEMENT_3D ( 'NONE', #1039, #211, #5724 ) ;
#6732 = ORIENTED_EDGE ( 'NONE', *, *, #2248, .T. ) ;
#6733 = EDGE_CURVE ( 'NONE', #5301, #5196, #4575, .T. ) ;
#6734 = VECTOR ( 'NONE', #6352, 1000.000000000000000 ) ;
#6735 = EDGE_CURVE ( 'NONE', #7334, #1301, #6296, .T. ) ;
#6736 = ORIENTED_EDGE ( 'NONE', *, *, #8185, .T. ) ;
#6737 = ADVANCED_FACE ( 'NONE', ( #4347 ), #5184, .F. ) ;
#6738 = CARTESIAN_POINT ( 'NONE',  ( 35.14999999999966462, 4.300000000001050537, -0.1999999999999994837 ) ) ;
#6739 = CARTESIAN_POINT ( 'NONE',  ( 71.60186235487488204, -11.11335174755201294, -17.47313900258898656 ) ) ;
#6740 = CARTESIAN_POINT ( 'NONE',  ( 71.03899593760476705, -14.03204843560083681, -16.43914803124327406 ) ) ;
#6741 = CARTESIAN_POINT ( 'NONE',  ( 46.80000000000000426, -18.70000000000000284, 38.24999999999999289 ) ) ;
#6742 = DIRECTION ( 'NONE',  ( -0.7071067811865484609, 0.000000000000000000, 0.7071067811865465735 ) ) ;
#6743 = ORIENTED_EDGE ( 'NONE', *, *, #5194, .F. ) ;
#6744 = ORIENTED_EDGE ( 'NONE', *, *, #4910, .F. ) ;
#6745 = CARTESIAN_POINT ( 'NONE',  ( -1.800000000000000266, -17.50000000000000000, 44.79999999999999716 ) ) ;
#6746 = ORIENTED_EDGE ( 'NONE', *, *, #19, .T. ) ;
#6747 = DIRECTION ( 'NONE',  ( -0.000000000000000000, 0.000000000000000000, 1.000000000000000000 ) ) ;
#6748 = EDGE_CURVE ( 'NONE', #9205, #5301, #9207, .T. ) ;
#6749 = AXIS2_PLACEMENT_3D ( 'NONE', #9984, #6143, #5340 ) ;
#6750 = CARTESIAN_POINT ( 'NONE',  ( 86.40000000000000568, 3.662330314989931779, -17.73999999999999844 ) ) ;
#6751 = CARTESIAN_POINT ( 'NONE',  ( 2.501791873104504571, -10.49391214965839936, -17.61283308600566144 ) ) ;
#6752 = DIRECTION ( 'NONE',  ( -1.000000000000000000, 0.000000000000000000, 0.000000000000000000 ) ) ;
#6753 = CARTESIAN_POINT ( 'NONE',  ( 2.338952172363403026, -10.49229856584388720, -17.64261130870218608 ) ) ;
#6754 = DIRECTION ( 'NONE',  ( -0.000000000000000000, 1.000000000000000000, 0.000000000000000000 ) ) ;
#6755 = CARTESIAN_POINT ( 'NONE',  ( 71.38588450590029311, -11.58620013662167558, -17.33420337862452598 ) ) ;
#6756 = LINE ( 'NONE', #5797, #7347 ) ;
#6757 = DIRECTION ( 'NONE',  ( 0.000000000000000000, 1.234678630588475078E-16, -1.000000000000000000 ) ) ;
#6758 = CARTESIAN_POINT ( 'NONE',  ( 150.7570364914818697, -9.099999999999996092, -7.739999999999998437 ) ) ;
#6759 = VERTEX_POINT ( 'NONE', #5144 ) ;
#6760 = EDGE_CURVE ( 'NONE', #8066, #8327, #8719, .T. ) ;
#6761 = CARTESIAN_POINT ( 'NONE',  ( -1.000000000000000000, -1.545900930049276534, 16.39936534720461125 ) ) ;
#6762 = ORIENTED_EDGE ( 'NONE', *, *, #2005, .F. ) ;
#6763 = EDGE_LOOP ( 'NONE', ( #9232, #7048, #6877, #5728, #7112, #439 ) ) ;
#6764 = ORIENTED_EDGE ( 'NONE', *, *, #1969, .T. ) ;
#6765 = DIRECTION ( 'NONE',  ( 1.000000000000000000, -0.000000000000000000, -0.000000000000000000 ) ) ;
#6766 = CARTESIAN_POINT ( 'NONE',  ( 0.000000000000000000, 0.000000000000000000, -1.800000000000000044 ) ) ;
#6768 = CARTESIAN_POINT ( 'NONE',  ( 84.40000000000000568, -10.30000000000001847, 56.79999999999999716 ) ) ;
#6767 = CARTESIAN_POINT ( 'NONE',  ( 71.03681459405798648, -12.44585028622099365, -16.98760242917134988 ) ) ;
#6769 = CARTESIAN_POINT ( 'NONE',  ( 16.26999999999955548, -3.200000000000001510, -0.2000000000000005107 ) ) ;
#6770 = FACE_OUTER_BOUND ( 'NONE', #5478, .T. ) ;
#6771 = DIRECTION ( 'NONE',  ( -1.000000000000000000, 0.000000000000000000, 0.000000000000000000 ) ) ;
#6772 = DIRECTION ( 'NONE',  ( -1.000000000000000000, 0.000000000000000000, 0.000000000000000000 ) ) ;
#6773 = ORIENTED_EDGE ( 'NONE', *, *, #1224, .F. ) ;
#6774 = ORIENTED_EDGE ( 'NONE', *, *, #6735, .T. ) ;
#6775 = EDGE_CURVE ( 'NONE', #3490, #6554, #5814, .T. ) ;
#6776 = LINE ( 'NONE', #2094, #7119 ) ;
#6777 = LINE ( 'NONE', #48, #5192 ) ;
#6778 = ORIENTED_EDGE ( 'NONE', *, *, #1061, .F. ) ;
#6779 = B_SPLINE_SURFACE_WITH_KNOTS ( 'NONE', 1, 3, ( 
 ( #9771, #9637, #8158, #7332, #8954, #1066, #3574, #8091, #4202, #8993, #2680, #6566, #1175, #3465, #6659, #8886, #4275, #9706, #3440, #4238, #230, #8853, #5022, #1818, #3503, #5745, #369, #335, #1032, #269, #5844, #1850, #9668, #306, #5189, #8308, #8276, #2132, #1243, #4467 ),
 ( #4405, #1996, #7457, #530, #2065, #5120, #9087, #3716, #6795, #2092, #1207, #2919, #5227, #3689, #3663, #9899, #4433, #441, #7490, #7561, #2813, #6755, #9868, #6692, #5936, #470, #6726, #8244, #500, #7593, #4373, #3605, #2034, #2847, #8338, #5994, #2884, #5155, #3637, #9838 ) ),
 .UNSPECIFIED., .F., .F., .F.,
 ( 2, 2 ),
 ( 4, 2, 2, 2, 2, 2, 2, 2, 2, 2, 2, 2, 2, 2, 2, 2, 2, 2, 2, 4 ),
 ( 0.000000000000000000, 1.000000000000000000 ),
 ( 0.000000000000000000, 0.0003672989148033134563, 0.0007345978296066269127, 0.001101896744409940369, 0.001469195659213253825, 0.001652845116614910445, 0.001836494574016567282, 0.002020144031418224118, 0.002203793488819880738, 0.002571092403623194411, 0.002938391318426507651, 0.003672989148033134563, 0.004040288062836448237, 0.004407586977639761476, 0.004774885892443075583, 0.005142184807246388822, 0.005509483722049702062, 0.005693133179451358682, 0.005784957908152187425, 0.005876782636853015301 ),
 .UNSPECIFIED. ) ;
#6780 = CIRCLE ( 'NONE', #4403, 1.249999999975582199 ) ;
#6781 = ORIENTED_EDGE ( 'NONE', *, *, #6643, .F. ) ;
#6782 = DIRECTION ( 'NONE',  ( -0.000000000000000000, 1.000000000000000000, 3.001251688541188813E-16 ) ) ;
#6783 = VERTEX_POINT ( 'NONE', #359 ) ;
#6784 = DIRECTION ( 'NONE',  ( 1.000000000000000000, 0.000000000000000000, -0.000000000000000000 ) ) ;
#6785 = DIRECTION ( 'NONE',  ( 1.399999999999985673E-14, -0.000000000000000000, 1.000000000000000000 ) ) ;
#6786 = CARTESIAN_POINT ( 'NONE',  ( 3.780759215067904577, -14.05316696639235552, -16.01966575484362920 ) ) ;
#6787 = CARTESIAN_POINT ( 'NONE',  ( -0.6300288832712686027, -11.28578464848960117, -17.49820637551068714 ) ) ;
#6788 = ADVANCED_FACE ( 'NONE', ( #2002 ), #2902, .F. ) ;
#6789 = LINE ( 'NONE', #7376, #2382 ) ;
#6790 = CIRCLE ( 'NONE', #7985, 9.999999999999998224 ) ;
#6791 = CARTESIAN_POINT ( 'NONE',  ( -6.599999999999997868, -13.89999999999988134, -7.740000000000004654 ) ) ;
#6792 = ORIENTED_EDGE ( 'NONE', *, *, #5674, .F. ) ;
#6793 = AXIS2_PLACEMENT_3D ( 'NONE', #7330, #8089, #4065 ) ;
#6794 = ORIENTED_EDGE ( 'NONE', *, *, #3844, .T. ) ;
#6795 = CARTESIAN_POINT ( 'NONE',  ( 70.77754609906490657, -13.24168496857637756, -16.56682894894361979 ) ) ;
#6796 = CYLINDRICAL_SURFACE ( 'NONE', #2781, 11.30000000000000071 ) ;
#6797 = EDGE_CURVE ( 'NONE', #6635, #449, #4963, .T. ) ;
#6798 = EDGE_CURVE ( 'NONE', #2850, #3490, #8004, .T. ) ;
#6799 = CARTESIAN_POINT ( 'NONE',  ( 46.80000000000000426, -27.50000000000000355, 32.75000000000000000 ) ) ;
#6800 = EDGE_LOOP ( 'NONE', ( #2846, #8717, #8041, #5161 ) ) ;
#6801 = VERTEX_POINT ( 'NONE', #9762 ) ;
#6802 = CYLINDRICAL_SURFACE ( 'NONE', #4011, 1.899999999999999689 ) ;
#6803 = CARTESIAN_POINT ( 'NONE',  ( -68.20000000000001705, 0.000000000000000000, 56.79999999999999716 ) ) ;
#6804 = AXIS2_PLACEMENT_3D ( 'NONE', #8722, #4071, #9503 ) ;
#6805 = DIRECTION ( 'NONE',  ( -0.000000000000000000, -1.000000000000000000, -0.000000000000000000 ) ) ;
#6807 = CARTESIAN_POINT ( 'NONE',  ( 58.09816166297490270, -19.04451276078104982, 22.59074616708996430 ) ) ;
#6806 = CARTESIAN_POINT ( 'NONE',  ( 37.45746467764877963, -18.70000000000675655, 43.50674888472423874 ) ) ;
#6808 = DIRECTION ( 'NONE',  ( 0.000000000000000000, 0.000000000000000000, -1.000000000000000000 ) ) ;
#6809 = VECTOR ( 'NONE', #401, 1000.000000000000000 ) ;
#6810 = FACE_OUTER_BOUND ( 'NONE', #740, .T. ) ;
#6811 = CARTESIAN_POINT ( 'NONE',  ( 57.55674888471119033, -18.70000000000000284, 23.40746467766203409 ) ) ;
#6812 = ORIENTED_EDGE ( 'NONE', *, *, #2983, .T. ) ;
#6813 = EDGE_CURVE ( 'NONE', #302, #9866, #4227, .T. ) ;
#6814 = VECTOR ( 'NONE', #46, 1000.000000000000114 ) ;
#6815 = ORIENTED_EDGE ( 'NONE', *, *, #1684, .T. ) ;
#6816 = EDGE_CURVE ( 'NONE', #5859, #5553, #3397, .T. ) ;
#6817 = EDGE_CURVE ( 'NONE', #4786, #9084, #4213, .T. ) ;
#6818 = CARTESIAN_POINT ( 'NONE',  ( 35.80000000000000426, -19.10000000000000142, 4.799999999999999822 ) ) ;
#6819 = EDGE_LOOP ( 'NONE', ( #3900, #722, #5588, #10114 ) ) ;
#6820 = LINE ( 'NONE', #7001, #5841 ) ;
#6821 = CARTESIAN_POINT ( 'NONE',  ( -1.799999999999999378, -3.200000000000001510, -1.800000000000000044 ) ) ;
#6822 = EDGE_CURVE ( 'NONE', #8587, #4063, #9333, .T. ) ;
#6823 = CARTESIAN_POINT ( 'NONE',  ( 2.942604524832220125, -11.42886672194455677, -17.38176477286019050 ) ) ;
#6824 = CARTESIAN_POINT ( 'NONE',  ( -1.062073557385179612, -12.62593030536602612, -17.09777886648486245 ) ) ;
#6825 = ORIENTED_EDGE ( 'NONE', *, *, #238, .T. ) ;
#6826 = AXIS2_PLACEMENT_3D ( 'NONE', #3599, #6654, #3532 ) ;
#6827 = CARTESIAN_POINT ( 'NONE',  ( 50.90390958674502997, -19.08463507532429659, 35.98365216446002535 ) ) ;
#6828 = FACE_OUTER_BOUND ( 'NONE', #4588, .T. ) ;
#6829 = ORIENTED_EDGE ( 'NONE', *, *, #4257, .F. ) ;
#6830 = CARTESIAN_POINT ( 'NONE',  ( -1.800000000000000266, -9.500000000000001776, 28.80000000000000071 ) ) ;
#6831 = PLANE ( 'NONE',  #974 ) ;
#6832 = ORIENTED_EDGE ( 'NONE', *, *, #4146, .F. ) ;
#6833 = CARTESIAN_POINT ( 'NONE',  ( 70.59999999999999432, 7.353738136766379441, 0.7160040702168346538 ) ) ;
#6834 = LINE ( 'NONE', #2111, #327 ) ;
#6835 = VERTEX_POINT ( 'NONE', #395 ) ;
#6836 = VECTOR ( 'NONE', #8574, 1000.000000000000000 ) ;
#6837 = LINE ( 'NONE', #5141, #9385 ) ;
#6838 = EDGE_CURVE ( 'NONE', #5866, #6933, #5349, .T. ) ;
#6839 = VERTEX_POINT ( 'NONE', #1396 ) ;
#6840 = ADVANCED_FACE ( 'NONE', ( #3626 ), #9015, .F. ) ;
#6841 = CARTESIAN_POINT ( 'NONE',  ( 1.799999999999996048, -17.50000000000000355, 28.80000000000000071 ) ) ;
#6842 = DIRECTION ( 'NONE',  ( 0.000000000000000000, 0.000000000000000000, -1.000000000000000000 ) ) ;
#6843 = CARTESIAN_POINT ( 'NONE',  ( 72.16170429181049428, -10.22737896980248529, -17.67625962445782761 ) ) ;
#6844 = CARTESIAN_POINT ( 'NONE',  ( 84.20000000000001705, 4.299999999999999822, -17.73999999999999844 ) ) ;
#6845 = LINE ( 'NONE', #5898, #4757 ) ;
#6846 = ORIENTED_EDGE ( 'NONE', *, *, #2569, .T. ) ;
#6847 = VECTOR ( 'NONE', #2182, 1000.000000000000000 ) ;
#6848 = CYLINDRICAL_SURFACE ( 'NONE', #1898, 0.4000000000000005773 ) ;
#6849 = ORIENTED_EDGE ( 'NONE', *, *, #1144, .F. ) ;
#6850 = CARTESIAN_POINT ( 'NONE',  ( 3.399999999999958611, -19.09999999999999432, -7.977961573045432712E-15 ) ) ;
#6851 = EDGE_LOOP ( 'NONE', ( #2227, #4771, #2888, #3938 ) ) ;
#6852 = DIRECTION ( 'NONE',  ( -0.000000000000000000, -0.7071067811865474617, -0.7071067811865474617 ) ) ;
#6853 = DIRECTION ( 'NONE',  ( 1.000000000000000000, 0.000000000000000000, 0.000000000000000000 ) ) ;
#6855 = EDGE_CURVE ( 'NONE', #2204, #6368, #7498, .T. ) ;
#6854 = CARTESIAN_POINT ( 'NONE',  ( 21.74999999999954525, -3.200000000000001510, -1.800000000000329559 ) ) ;
#6856 = CARTESIAN_POINT ( 'NONE',  ( 2.823965868470849738, -11.16898713574553170, -17.45800958818361437 ) ) ;
#6857 = CARTESIAN_POINT ( 'NONE',  ( -0.8566618276574106128, -11.95145697611251911, -17.32485487121012468 ) ) ;
#6858 = VECTOR ( 'NONE', #3846, 1000.000000000000000 ) ;
#6859 = VERTEX_POINT ( 'NONE', #5251 ) ;
#6860 = ORIENTED_EDGE ( 'NONE', *, *, #1942, .T. ) ;
#6861 = AXIS2_PLACEMENT_3D ( 'NONE', #1460, #754, #4615 ) ;
#6862 = CARTESIAN_POINT ( 'NONE',  ( 1.892884222522835502, -9.337096421981588179, -17.73723279519040830 ) ) ;
#6863 = CARTESIAN_POINT ( 'NONE',  ( 4.800000000000000711, -17.50000000000000000, 10.79999999999999893 ) ) ;
#6864 = ORIENTED_EDGE ( 'NONE', *, *, #3372, .F. ) ;
#6865 = DIRECTION ( 'NONE',  ( -1.000000000000000000, 0.000000000000000000, 0.000000000000000000 ) ) ;
#6866 = ORIENTED_EDGE ( 'NONE', *, *, #9531, .T. ) ;
#6867 = PRESENTATION_LAYER_ASSIGNMENT (  '', '', ( #1411 ) ) ;
#6868 = EDGE_CURVE ( 'NONE', #4838, #1620, #8583, .T. ) ;
#6869 = EDGE_CURVE ( 'NONE', #3752, #3845, #2123, .T. ) ;
#6870 = EDGE_LOOP ( 'NONE', ( #4421, #7072, #4017, #8966 ) ) ;
#6871 = CARTESIAN_POINT ( 'NONE',  ( 37.15152699055990837, -18.84968806059906754, 21.71417674408129628 ) ) ;
#6872 = VECTOR ( 'NONE', #8483, 1000.000000000000000 ) ;
#6873 = CARTESIAN_POINT ( 'NONE',  ( 1.799999999999996048, -17.50000000000000000, -2.755455298081544778E-15 ) ) ;
#6874 = ORIENTED_EDGE ( 'NONE', *, *, #8055, .F. ) ;
#6875 = CARTESIAN_POINT ( 'NONE',  ( 36.73993349051616519, -18.96600906759682914, 43.84808644074718131 ) ) ;
#6876 = CARTESIAN_POINT ( 'NONE',  ( 51.04977199103546326, -19.06986120978038812, 29.60908487458232230 ) ) ;
#6877 = ORIENTED_EDGE ( 'NONE', *, *, #8474, .T. ) ;
#6878 = DIRECTION ( 'NONE',  ( 1.000000000000000000, 0.000000000000000000, 0.000000000000000000 ) ) ;
#6879 = ORIENTED_EDGE ( 'NONE', *, *, #9790, .F. ) ;
#6880 = ORIENTED_EDGE ( 'NONE', *, *, #621, .T. ) ;
#6881 = CARTESIAN_POINT ( 'NONE',  ( 3.799999999999999378, 11.79999999999999893, -11.50000000000000000 ) ) ;
#6882 = VECTOR ( 'NONE', #3587, 1000.000000000000000 ) ;
#6883 = EDGE_LOOP ( 'NONE', ( #2916, #8849, #7649, #3377 ) ) ;
#6884 = EDGE_LOOP ( 'NONE', ( #5523, #2819, #446, #4969 ) ) ;
#6885 = DIRECTION ( 'NONE',  ( 1.000000000000000000, 0.000000000000000000, -0.000000000000000000 ) ) ;
#6886 = DIRECTION ( 'NONE',  ( 0.000000000000000000, -1.000000000000000000, 0.000000000000000000 ) ) ;
#6887 = ORIENTED_EDGE ( 'NONE', *, *, #6004, .F. ) ;
#6888 = VECTOR ( 'NONE', #4806, 1000.000000000000000 ) ;
#6889 = CARTESIAN_POINT ( 'NONE',  ( 3.744116199044275728, -13.79133566840897274, -16.20956712037319747 ) ) ;
#6890 = CARTESIAN_POINT ( 'NONE',  ( -0.08987497301379392123, -9.842197338207760993, -17.71242222087605356 ) ) ;
#6891 = EDGE_LOOP ( 'NONE', ( #5143, #3209, #4960, #9910, #8238 ) ) ;
#6892 = ADVANCED_FACE ( 'NONE', ( #6543 ), #16, .F. ) ;
#6893 = CARTESIAN_POINT ( 'NONE',  ( 2.507159767409857576, -10.94460926351636765, -17.56857928131082147 ) ) ;
#6894 = DIRECTION ( 'NONE',  ( 1.000000000000000000, 0.000000000000000000, -0.000000000000000000 ) ) ;
#6895 = VECTOR ( 'NONE', #6728, 1000.000000000000000 ) ;
#6896 = CARTESIAN_POINT ( 'NONE',  ( 87.40000000000000568, -16.69999999999999929, -9.299999999999998934 ) ) ;
#6897 = PLANE ( 'NONE',  #7088 ) ;
#6898 = VERTEX_POINT ( 'NONE', #8368 ) ;
#6899 = EDGE_CURVE ( 'NONE', #921, #1574, #6036, .T. ) ;
#6900 = VECTOR ( 'NONE', #7777, 1000.000000000000000 ) ;
#6901 = CARTESIAN_POINT ( 'NONE',  ( 56.39999999999999858, -9.200000000000118305, -1.800000000000000044 ) ) ;
#6902 = CARTESIAN_POINT ( 'NONE',  ( -1.800000000000000266, -17.50000000000000000, 4.799999999999998934 ) ) ;
#6903 = CIRCLE ( 'NONE', #9011, 6.200000000000001066 ) ;
#6904 = AXIS2_PLACEMENT_3D ( 'NONE', #9707, #5062, #4277 ) ;
#6905 = ORIENTED_EDGE ( 'NONE', *, *, #7814, .F. ) ;
#6906 = VECTOR ( 'NONE', #2942, 1000.000000000000000 ) ;
#6907 = LINE ( 'NONE', #5275, #6408 ) ;
#6908 = DIRECTION ( 'NONE',  ( -0.000000000000000000, 0.000000000000000000, 1.000000000000000000 ) ) ;
#6909 = LINE ( 'NONE', #1765, #4342 ) ;
#6910 = DIRECTION ( 'NONE',  ( 1.000000000000000000, -0.000000000000000000, -0.000000000000000000 ) ) ;
#6911 = VECTOR ( 'NONE', #2967, 1000.000000000000000 ) ;
#6913 = DIRECTION ( 'NONE',  ( 0.000000000000000000, 3.001251688541188813E-16, -1.000000000000000000 ) ) ;
#6912 = CARTESIAN_POINT ( 'NONE',  ( 86.52488479144000166, -9.418855118423664408, -17.73492588691465954 ) ) ;
#6914 = CARTESIAN_POINT ( 'NONE',  ( 72.03857161954312005, -10.55197407463723458, -17.63403971072807508 ) ) ;
#6915 = DIRECTION ( 'NONE',  ( -1.000000000000000000, -0.000000000000000000, -0.000000000000000000 ) ) ;
#6916 = CARTESIAN_POINT ( 'NONE',  ( -1.800000000000000266, -9.500000000000001776, 34.79999999999999716 ) ) ;
#6917 = VERTEX_POINT ( 'NONE', #5356 ) ;
#6918 = EDGE_CURVE ( 'NONE', #475, #702, #3147, .T. ) ;
#6919 = VECTOR ( 'NONE', #6853, 1000.000000000000000 ) ;
#6920 = CARTESIAN_POINT ( 'NONE',  ( -1.800000000000000266, -9.500000000000001776, 10.79999999999999716 ) ) ;
#6921 = ORIENTED_EDGE ( 'NONE', *, *, #7996, .T. ) ;
#6922 = ORIENTED_EDGE ( 'NONE', *, *, #1172, .T. ) ;
#6923 = CARTESIAN_POINT ( 'NONE',  ( 56.28956583032152849, -18.77549460893409616, 43.65377939269467333 ) ) ;
#6924 = DIRECTION ( 'NONE',  ( -1.000000000000000000, 0.000000000000000000, 0.000000000000000000 ) ) ;
#6925 = CARTESIAN_POINT ( 'NONE',  ( -0.09896157872199586036, -9.865629287902734745, -17.71066892209591259 ) ) ;
#6926 = ORIENTED_EDGE ( 'NONE', *, *, #5442, .F. ) ;
#6927 = LINE ( 'NONE', #3917, #1642 ) ;
#6928 = VECTOR ( 'NONE', #2388, 1000.000000000000000 ) ;
#6929 = AXIS2_PLACEMENT_3D ( 'NONE', #9188, #2989, #6894 ) ;
#6930 = EDGE_LOOP ( 'NONE', ( #5468, #4328, #4329, #7701, #7103 ) ) ;
#6931 = CARTESIAN_POINT ( 'NONE',  ( 87.40000000000000568, 4.299999999999999822, -13.70000000000000107 ) ) ;
#6932 = CARTESIAN_POINT ( 'NONE',  ( 70.20000000000001705, 11.79999999999999893, -11.50000000000000000 ) ) ;
#6933 = VERTEX_POINT ( 'NONE', #3010 ) ;
#6934 = EDGE_CURVE ( 'NONE', #4939, #1966, #9685, .T. ) ;
#6935 = EDGE_CURVE ( 'NONE', #9191, #8788, #2890, .T. ) ;
#6936 = CARTESIAN_POINT ( 'NONE',  ( 29.84999999996617959, -2.579802170216016766, -0.9999999999997692957 ) ) ;
#6937 = VECTOR ( 'NONE', #3513, 1000.000000000000000 ) ;
#6938 = LINE ( 'NONE', #1993, #8035 ) ;
#6939 = VERTEX_POINT ( 'NONE', #583 ) ;
#6940 = VECTOR ( 'NONE', #8221, 1000.000000000000000 ) ;
#6941 = VERTEX_POINT ( 'NONE', #619 ) ;
#6942 = ADVANCED_FACE ( 'NONE', ( #9925 ), #2908, .T. ) ;
#6943 = CARTESIAN_POINT ( 'NONE',  ( 1.799999999999996048, -17.50000000000000000, -2.755455298081544778E-15 ) ) ;
#6945 = CARTESIAN_POINT ( 'NONE',  ( 58.10592017590182934, -19.10000000000017195, 22.37245435855479769 ) ) ;
#6944 = CARTESIAN_POINT ( 'NONE',  ( 87.52406277256955036, -12.16153997857096947, -17.26059548338226435 ) ) ;
#6946 = CARTESIAN_POINT ( 'NONE',  ( 50.80546498460594762, -19.10000000000000497, 29.59306315281796884 ) ) ;
#6947 = DIRECTION ( 'NONE',  ( 1.000000000000000000, -0.000000000000000000, -0.000000000000000000 ) ) ;
#6948 = EDGE_CURVE ( 'NONE', #7069, #2673, #1622, .T. ) ;
#6949 = AXIS2_PLACEMENT_3D ( 'NONE', #4917, #2582, #200 ) ;
#6950 = VERTEX_POINT ( 'NONE', #551 ) ;
#6951 = VECTOR ( 'NONE', #4274, 999.9999999999998863 ) ;
#6952 = CARTESIAN_POINT ( 'NONE',  ( 0.000000000000000000, -0.1000000000000000056, 0.000000000000000000 ) ) ;
#6953 = CARTESIAN_POINT ( 'NONE',  ( 43.24999999996618527, -2.579802170216203727, -0.9999999999999567013 ) ) ;
#6954 = ORIENTED_EDGE ( 'NONE', *, *, #9561, .T. ) ;
#6955 = CARTESIAN_POINT ( 'NONE',  ( 46.80000000000000426, -19.10000000000000497, 32.75000000000000000 ) ) ;
#6956 = ADVANCED_FACE ( 'NONE', ( #1133 ), #2192, .F. ) ;
#6957 = CARTESIAN_POINT ( 'NONE',  ( -1.800000000000000266, -9.500000000000001776, 44.79999999999999716 ) ) ;
#6958 = DIRECTION ( 'NONE',  ( 0.000000000000000000, 1.000000000000000000, 0.000000000000000000 ) ) ;
#6959 = PLANE ( 'NONE',  #4799 ) ;
#6960 = FACE_OUTER_BOUND ( 'NONE', #2326, .T. ) ;
#6961 = DIRECTION ( 'NONE',  ( -1.000000000000000000, -0.000000000000000000, -0.000000000000000000 ) ) ;
#6962 = ORIENTED_EDGE ( 'NONE', *, *, #510, .F. ) ;
#6963 = ORIENTED_EDGE ( 'NONE', *, *, #8878, .T. ) ;
#6964 = EDGE_CURVE ( 'NONE', #9889, #302, #2447, .T. ) ;
#6965 = AXIS2_PLACEMENT_3D ( 'NONE', #8759, #6468, #5779 ) ;
#6966 = FACE_OUTER_BOUND ( 'NONE', #9595, .T. ) ;
#6967 = ORIENTED_EDGE ( 'NONE', *, *, #4172, .F. ) ;
#6968 = DIRECTION ( 'NONE',  ( 0.000000000000000000, 0.000000000000000000, 1.000000000000000000 ) ) ;
#6969 = VERTEX_POINT ( 'NONE', #3707 ) ;
#6970 = VECTOR ( 'NONE', #2606, 1000.000000000000000 ) ;
#6971 = LINE ( 'NONE', #9649, #1675 ) ;
#6972 = ORIENTED_EDGE ( 'NONE', *, *, #2874, .T. ) ;
#6973 = CARTESIAN_POINT ( 'NONE',  ( 6.129999999999558469, -3.309999999999783338, -0.2000000000000005107 ) ) ;
#6974 = CARTESIAN_POINT ( 'NONE',  ( 8.029999999999544613, -3.309999999999809539, -1.189999999999457936 ) ) ;
#6975 = PLANE ( 'NONE',  #2969 ) ;
#6976 = DIRECTION ( 'NONE',  ( 1.000000000000000000, 0.000000000000000000, 0.000000000000000000 ) ) ;
#6977 = CARTESIAN_POINT ( 'NONE',  ( -1.000000000000000000, -1.545900930049276978, 20.39936534720461481 ) ) ;
#6978 = EDGE_CURVE ( 'NONE', #5932, #56, #6282, .T. ) ;
#6979 = CARTESIAN_POINT ( 'NONE',  ( 35.48924910039460912, -19.06047492215265748, 42.96083798107275697 ) ) ;
#6980 = ORIENTED_EDGE ( 'NONE', *, *, #4389, .T. ) ;
#6981 = ORIENTED_EDGE ( 'NONE', *, *, #1469, .T. ) ;
#6982 = CARTESIAN_POINT ( 'NONE',  ( 87.50431227761187358, -11.34391306471567340, -17.40799593889964214 ) ) ;
#6983 = CARTESIAN_POINT ( 'NONE',  ( 86.91198475130555323, -10.42093245689357595, -17.65244727226000876 ) ) ;
#6984 = CARTESIAN_POINT ( 'NONE',  ( 72.31620963298439619, -9.826512088304458103, -17.71357719305467882 ) ) ;
#6985 = CARTESIAN_POINT ( 'NONE',  ( 70.60000000000000853, -3.200000000000001510, -0.2000000000000005107 ) ) ;
#6986 = VERTEX_POINT ( 'NONE', #6080 ) ;
#6987 = CARTESIAN_POINT ( 'NONE',  ( 2.585528194515999356, 13.20136454709783003, -17.58294841956351462 ) ) ;
#6988 = DIRECTION ( 'NONE',  ( 0.000000000000000000, 0.7071067811865491270, -0.7071067811865459074 ) ) ;
#6989 = PLANE ( 'NONE',  #2747 ) ;
#6990 = CARTESIAN_POINT ( 'NONE',  ( 51.33137141638115963, -27.50000000000000355, 29.63284214599200439 ) ) ;
#6991 = EDGE_CURVE ( 'NONE', #3396, #899, #9802, .T. ) ;
#6992 = ADVANCED_FACE ( 'NONE', ( #9322 ), #5457, .T. ) ;
#6993 = VERTEX_POINT ( 'NONE', #5985 ) ;
#6994 = VERTEX_POINT ( 'NONE', #2367 ) ;
#6995 = LINE ( 'NONE', #2762, #6239 ) ;
#6996 = PLANE ( 'NONE',  #6929 ) ;
#6997 = ORIENTED_EDGE ( 'NONE', *, *, #6855, .T. ) ;
#6998 = CARTESIAN_POINT ( 'NONE',  ( -1.800000000000000266, -6.100000000000001421, 1.599999999999999867 ) ) ;
#6999 = EDGE_LOOP ( 'NONE', ( #3888, #1458, #5325, #2021 ) ) ;
#7000 = CARTESIAN_POINT ( 'NONE',  ( 34.80000000000000426, -19.10000000000000142, 14.79999999999999361 ) ) ;
#7001 = CARTESIAN_POINT ( 'NONE',  ( 70.40000000000000568, -0.1000000000000002415, 56.79999999999999716 ) ) ;
#7002 = ORIENTED_EDGE ( 'NONE', *, *, #4628, .F. ) ;
#7003 = CARTESIAN_POINT ( 'NONE',  ( 4.199999999999995737, -6.100000000000187050, 57.79999999999999716 ) ) ;
#7004 = VERTEX_POINT ( 'NONE', #3152 ) ;
#7005 = EDGE_CURVE ( 'NONE', #451, #9084, #5791, .T. ) ;
#7006 = EDGE_CURVE ( 'NONE', #10144, #8767, #7745, .T. ) ;
#7007 = DIRECTION ( 'NONE',  ( 0.000000000000000000, 0.1564344650402281489, -0.9876883405951382144 ) ) ;
#7008 = DIRECTION ( 'NONE',  ( 1.000000000000000000, -0.000000000000000000, 0.000000000000000000 ) ) ;
#7009 = ORIENTED_EDGE ( 'NONE', *, *, #3098, .T. ) ;
#7010 = CARTESIAN_POINT ( 'NONE',  ( 87.97757783334402859, -12.48485450121353679, -16.96935271591067718 ) ) ;
#7011 = CARTESIAN_POINT ( 'NONE',  ( 87.41521033207028779, -11.82500530435471475, -17.36163138418122642 ) ) ;
#7012 = ORIENTED_EDGE ( 'NONE', *, *, #2637, .F. ) ;
#7013 = VECTOR ( 'NONE', #976, 1000.000000000000000 ) ;
#7014 = ORIENTED_EDGE ( 'NONE', *, *, #8310, .F. ) ;
#7015 = EDGE_LOOP ( 'NONE', ( #2463, #10073, #9765, #9854 ) ) ;
#7016 = VECTOR ( 'NONE', #4821, 1000.000000000000000 ) ;
#7017 = VECTOR ( 'NONE', #9226, 1000.000000000000114 ) ;
#7018 = VECTOR ( 'NONE', #7124, 1000.000000000000114 ) ;
#7019 = LINE ( 'NONE', #7685, #2247 ) ;
#7020 = AXIS2_PLACEMENT_3D ( 'NONE', #512, #5168, #6703 ) ;
#7021 = CARTESIAN_POINT ( 'NONE',  ( 57.00000000000000000, -17.50000000000000000, 49.29999999999999716 ) ) ;
#7022 = CARTESIAN_POINT ( 'NONE',  ( 56.92142248091654011, -18.70000000000000995, 44.28563604328968495 ) ) ;
#7023 = VECTOR ( 'NONE', #2391, 1000.000000000000114 ) ;
#7024 = CARTESIAN_POINT ( 'NONE',  ( 43.68284214599196957, -18.76180546910007862, 28.21862858361886239 ) ) ;
#7025 = FACE_OUTER_BOUND ( 'NONE', #6189, .T. ) ;
#7026 = ORIENTED_EDGE ( 'NONE', *, *, #6586, .T. ) ;
#7027 = CARTESIAN_POINT ( 'NONE',  ( 3.042708302360028760, -12.55784218425953114, -17.12315191800316327 ) ) ;
#7028 = EDGE_LOOP ( 'NONE', ( #102, #9002, #3967, #3579, #388 ) ) ;
#7029 = PLANE ( 'NONE',  #1600 ) ;
#7030 = DIRECTION ( 'NONE',  ( 0.000000000000000000, -1.000000000000000000, 0.000000000000000000 ) ) ;
#7031 = VECTOR ( 'NONE', #2696, 1000.000000000000000 ) ;
#7032 = EDGE_CURVE ( 'NONE', #1443, #9212, #6405, .T. ) ;
#7033 = DIRECTION ( 'NONE',  ( 0.000000000000000000, 0.000000000000000000, -1.000000000000000000 ) ) ;
#7034 = DIRECTION ( 'NONE',  ( 1.000000000000000000, 0.000000000000000000, -0.000000000000000000 ) ) ;
#7035 = AXIS2_PLACEMENT_3D ( 'NONE', #3681, #581, #1428 ) ;
#7036 = DIRECTION ( 'NONE',  ( 0.000000000000000000, 0.9876883405951378814, -0.1564344650402291204 ) ) ;
#7037 = VERTEX_POINT ( 'NONE', #2229 ) ;
#7038 = VERTEX_POINT ( 'NONE', #728 ) ;
#7039 = CARTESIAN_POINT ( 'NONE',  ( 56.50122318107589336, -18.83263009672353405, 21.82213053811641146 ) ) ;
#7040 = VECTOR ( 'NONE', #7421, 1000.000000000000000 ) ;
#7041 = DIRECTION ( 'NONE',  ( -0.000000000000000000, 1.000000000000000000, -0.000000000000000000 ) ) ;
#7042 = ADVANCED_FACE ( 'NONE', ( #10060 ), #6989, .T. ) ;
#7043 = CARTESIAN_POINT ( 'NONE',  ( 87.09438904671229409, -10.47879774358948701, -17.61559042783835594 ) ) ;
#7044 = CARTESIAN_POINT ( 'NONE',  ( 87.69260362125785946, -12.73385246093832279, -17.05729315869102436 ) ) ;
#7045 = DIRECTION ( 'NONE',  ( 0.000000000000000000, 0.000000000000000000, -1.000000000000000000 ) ) ;
#7046 = VECTOR ( 'NONE', #7625, 1000.000000000000000 ) ;
#7047 = CARTESIAN_POINT ( 'NONE',  ( 86.79999999999999716, -0.1000000000000000056, 39.19999999999971863 ) ) ;
#7048 = ORIENTED_EDGE ( 'NONE', *, *, #7672, .T. ) ;
#7049 = EDGE_CURVE ( 'NONE', #8643, #6206, #7260, .T. ) ;
#7050 = DIRECTION ( 'NONE',  ( 0.000000000000000000, 1.000000000000000000, 0.000000000000000000 ) ) ;
#7051 = VECTOR ( 'NONE', #854, 1000.000000000000000 ) ;
#7052 = VECTOR ( 'NONE', #5935, 1000.000000000000000 ) ;
#7053 = DIRECTION ( 'NONE',  ( -0.000000000000000000, -0.7071067811865440200, 0.7071067811865511255 ) ) ;
#7054 = FACE_OUTER_BOUND ( 'NONE', #3870, .T. ) ;
#7055 = CARTESIAN_POINT ( 'NONE',  ( 56.71425119488493749, -18.95824675535184412, 43.94913102618088629 ) ) ;
#7056 = VERTEX_POINT ( 'NONE', #5494 ) ;
#7057 = DIRECTION ( 'NONE',  ( -1.000000000000000000, 3.388131789017198275E-17, 0.000000000000000000 ) ) ;
#7058 = ORIENTED_EDGE ( 'NONE', *, *, #9546, .T. ) ;
#7059 = FACE_OUTER_BOUND ( 'NONE', #962, .T. ) ;
#7060 = DIRECTION ( 'NONE',  ( -1.000000000000000000, -1.734723475976808080E-16, 0.000000000000000000 ) ) ;
#7061 = EDGE_CURVE ( 'NONE', #1096, #4579, #4682, .T. ) ;
#7062 = EDGE_CURVE ( 'NONE', #3082, #5049, #8570, .T. ) ;
#7063 = DIRECTION ( 'NONE',  ( 0.000000000000000000, 0.000000000000000000, -1.000000000000000000 ) ) ;
#7064 = CARTESIAN_POINT ( 'NONE',  ( 4.799999999999999822, -19.10000000000000142, 5.799999999999999822 ) ) ;
#7065 = CARTESIAN_POINT ( 'NONE',  ( -1.800000000000000266, -9.500000000000001776, 40.80000000000000426 ) ) ;
#7066 = VERTEX_POINT ( 'NONE', #10080 ) ;
#7067 = VERTEX_POINT ( 'NONE', #1462 ) ;
#7068 = CIRCLE ( 'NONE', #9387, 11.50000000000000355 ) ;
#7069 = VERTEX_POINT ( 'NONE', #5420 ) ;
#7070 = DIRECTION ( 'NONE',  ( -0.000000000000000000, -1.000000000000000000, 0.000000000000000000 ) ) ;
#7071 = CARTESIAN_POINT ( 'NONE',  ( 66.40000000000000568, -11.20000000000000107, -1.800000000000000044 ) ) ;
#7072 = ORIENTED_EDGE ( 'NONE', *, *, #6144, .T. ) ;
#7073 = CARTESIAN_POINT ( 'NONE',  ( 88.21912864544160016, -13.23233170460213515, -16.57148833223327600 ) ) ;
#7074 = CARTESIAN_POINT ( 'NONE',  ( -0.2000000000000000111, -0.2000000000003226419, 34.24999999999941025 ) ) ;
#7075 = ORIENTED_EDGE ( 'NONE', *, *, #6817, .T. ) ;
#7076 = AXIS2_PLACEMENT_3D ( 'NONE', #1048, #1802, #3551 ) ;
#7077 = EDGE_CURVE ( 'NONE', #3422, #2340, #2634, .T. ) ;
#7078 = CARTESIAN_POINT ( 'NONE',  ( -4.000000000000009770, -11.70000000000001883, 4.799999999999998934 ) ) ;
#7079 = LINE ( 'NONE', #3928, #8637 ) ;
#7080 = ORIENTED_EDGE ( 'NONE', *, *, #9266, .T. ) ;
#7081 = CARTESIAN_POINT ( 'NONE',  ( 86.79999999999999716, -0.1000000000000000056, 18.75000000000047251 ) ) ;
#7082 = CARTESIAN_POINT ( 'NONE',  ( 86.40000000000000568, 0.000000000000000000, -15.73999999999999666 ) ) ;
#7083 = DIRECTION ( 'NONE',  ( -1.000000000000000000, 0.000000000000000000, 1.405126015568660742E-14 ) ) ;
#7084 = ORIENTED_EDGE ( 'NONE', *, *, #484, .T. ) ;
#7085 = LINE ( 'NONE', #9135, #6847 ) ;
#7086 = ADVANCED_FACE ( 'NONE', ( #8460 ), #9323, .F. ) ;
#7087 = EDGE_CURVE ( 'NONE', #10091, #7623, #7019, .T. ) ;
#7088 = AXIS2_PLACEMENT_3D ( 'NONE', #5365, #8509, #2311 ) ;
#7089 = B_SPLINE_CURVE_WITH_KNOTS ( 'NONE', 3,
 ( #9883, #6875, #9238, #6806 ),
 .UNSPECIFIED., .F., .F.,
 ( 4, 4 ),
 ( 0.000000000000000000, 0.001256888925213167424 ),
 .UNSPECIFIED. ) ;
#7090 = ORIENTED_EDGE ( 'NONE', *, *, #6200, .F. ) ;
#7091 = DIRECTION ( 'NONE',  ( 0.000000000000000000, 0.000000000000000000, -1.000000000000000000 ) ) ;
#7092 = CARTESIAN_POINT ( 'NONE',  ( 70.60000000000000853, -9.099999999999996092, -7.739999999999998437 ) ) ;
#7093 = ORIENTED_EDGE ( 'NONE', *, *, #2078, .F. ) ;
#7094 = DIRECTION ( 'NONE',  ( 1.000000000000000000, -0.000000000000000000, -0.000000000000000000 ) ) ;
#7095 = CARTESIAN_POINT ( 'NONE',  ( 86.79999999999999716, -17.50000000000000355, 36.89999999999971436 ) ) ;
#7096 = ORIENTED_EDGE ( 'NONE', *, *, #6487, .F. ) ;
#7097 = CARTESIAN_POINT ( 'NONE',  ( 34.80000000000000426, -19.10000000000000142, 8.799999999999998934 ) ) ;
#7098 = EDGE_CURVE ( 'NONE', #508, #6969, #3135, .T. ) ;
#7099 = CARTESIAN_POINT ( 'NONE',  ( -1.800000000000000266, -9.500000000000001776, 42.80000000000000426 ) ) ;
#7100 = DIRECTION ( 'NONE',  ( -1.000000000000000000, 0.000000000000000000, -0.000000000000000000 ) ) ;
#7101 = ORIENTED_EDGE ( 'NONE', *, *, #2079, .T. ) ;
#7102 = CARTESIAN_POINT ( 'NONE',  ( 88.34674724996904160, -13.80702628439946622, -16.19856098845130887 ) ) ;
#7103 = ORIENTED_EDGE ( 'NONE', *, *, #3096, .T. ) ;
#7104 = CARTESIAN_POINT ( 'NONE',  ( 54.58378072885341936, -17.89999999999999503, 41.94799429122655710 ) ) ;
#7105 = EDGE_LOOP ( 'NONE', ( #1226, #9182, #8239, #3196 ) ) ;
#7106 = VERTEX_POINT ( 'NONE', #7021 ) ;
#7107 = DIRECTION ( 'NONE',  ( 0.7071067811865489050, -0.7071067811865461294, 0.000000000000000000 ) ) ;
#7108 = DIRECTION ( 'NONE',  ( 0.000000000000000000, -3.614007241618347292E-17, 1.000000000000000000 ) ) ;
#7109 = DIRECTION ( 'NONE',  ( -0.000000000000000000, 1.000000000000000000, -0.000000000000000000 ) ) ;
#7110 = CARTESIAN_POINT ( 'NONE',  ( -1.800000000000000266, -17.50000000000000000, 36.79999999999999716 ) ) ;
#7111 = CARTESIAN_POINT ( 'NONE',  ( -1.207059453955172001, -13.18611744796032070, -16.86729815181204373 ) ) ;
#7112 = ORIENTED_EDGE ( 'NONE', *, *, #736, .T. ) ;
#7113 = DIRECTION ( 'NONE',  ( 0.000000000000000000, 0.000000000000000000, -1.000000000000000000 ) ) ;
#7114 = EDGE_CURVE ( 'NONE', #8214, #1395, #6370, .T. ) ;
#7115 = EDGE_CURVE ( 'NONE', #8785, #4786, #6156, .T. ) ;
#7116 = VECTOR ( 'NONE', #417, 1000.000000000000000 ) ;
#7118 = ORIENTED_EDGE ( 'NONE', *, *, #4377, .T. ) ;
#7117 = CARTESIAN_POINT ( 'NONE',  ( 3.211383475766311335, -13.20518845613560011, -16.85860770113918150 ) ) ;
#7119 = VECTOR ( 'NONE', #7596, 1000.000000000000000 ) ;
#7120 = ORIENTED_EDGE ( 'NONE', *, *, #1348, .F. ) ;
#7121 = DIRECTION ( 'NONE',  ( 0.000000000000000000, 1.000000000000000000, -0.000000000000000000 ) ) ;
#7122 = DIRECTION ( 'NONE',  ( 1.000000000000000000, -0.000000000000000000, -0.000000000000000000 ) ) ;
#7123 = CARTESIAN_POINT ( 'NONE',  ( -1.367407440208889380, -12.45724313680694095, -16.98230029269351959 ) ) ;
#7124 = DIRECTION ( 'NONE',  ( 0.7071067811865474617, 0.000000000000000000, -0.7071067811865474617 ) ) ;
#7125 = CARTESIAN_POINT ( 'NONE',  ( 56.39999999999999858, -10.99654801910769208, -2.084545252522502778 ) ) ;
#7126 = DIRECTION ( 'NONE',  ( 0.000000000000000000, -1.234678630588475078E-16, 1.000000000000000000 ) ) ;
#7127 = ORIENTED_EDGE ( 'NONE', *, *, #9743, .F. ) ;
#7128 = AXIS2_PLACEMENT_3D ( 'NONE', #8388, #7541, #3766 ) ;
#7129 = VECTOR ( 'NONE', #6574, 1000.000000000000000 ) ;
#7130 = ORIENTED_EDGE ( 'NONE', *, *, #4566, .F. ) ;
#7131 = ORIENTED_EDGE ( 'NONE', *, *, #7511, .F. ) ;
#7132 = LINE ( 'NONE', #4141, #2359 ) ;
#7133 = EDGE_CURVE ( 'NONE', #2779, #9031, #8334, .T. ) ;
#7134 = EDGE_CURVE ( 'NONE', #3292, #2594, #9914, .T. ) ;
#7135 = AXIS2_PLACEMENT_3D ( 'NONE', #5805, #2545, #2771 ) ;
#7136 = ORIENTED_EDGE ( 'NONE', *, *, #8042, .T. ) ;
#7137 = CARTESIAN_POINT ( 'NONE',  ( -0.1430709788562332663, -9.774366380994468528, -17.71036009141432999 ) ) ;
#7138 = DIRECTION ( 'NONE',  ( -1.000000000000000000, -3.469446951953613696E-16, 0.000000000000000000 ) ) ;
#7139 = ADVANCED_FACE ( 'NONE', ( #6770 ), #7969, .F. ) ;
#7140 = DIRECTION ( 'NONE',  ( -1.000000000000000000, 0.000000000000000000, -0.000000000000000000 ) ) ;
#7141 = LINE ( 'NONE', #4710, #1741 ) ;
#7142 = CARTESIAN_POINT ( 'NONE',  ( 3.800000000000000266, -19.10000000000000142, 8.799999999999998934 ) ) ;
#7143 = EDGE_LOOP ( 'NONE', ( #1610, #144, #7742, #8790 ) ) ;
#7144 = VECTOR ( 'NONE', #6785, 1000.000000000000000 ) ;
#7145 = CIRCLE ( 'NONE', #9485, 2.799999999999997158 ) ;
#7147 = EDGE_CURVE ( 'NONE', #7637, #1933, #8773, .T. ) ;
#7146 = VECTOR ( 'NONE', #2442, 1000.000000000000000 ) ;
#7148 = ORIENTED_EDGE ( 'NONE', *, *, #9027, .T. ) ;
#7149 = EDGE_CURVE ( 'NONE', #2645, #6345, #4451, .T. ) ;
#7150 = CARTESIAN_POINT ( 'NONE',  ( -1.800000000000000266, -0.1000000000000000056, 0.000000000000000000 ) ) ;
#7151 = VECTOR ( 'NONE', #1069, 1000.000000000000000 ) ;
#7152 = DIRECTION ( 'NONE',  ( 1.000000000000000000, -0.000000000000000000, 0.000000000000000000 ) ) ;
#7153 = ADVANCED_FACE ( 'NONE', ( #5178 ), #9549, .F. ) ;
#7154 = DIRECTION ( 'NONE',  ( 0.000000000000000000, -1.000000000000000000, -1.404986760216307406E-16 ) ) ;
#7155 = CARTESIAN_POINT ( 'NONE',  ( -1.506936922940550483, -12.85754146025436739, -16.78284577622155993 ) ) ;
#7156 = ORIENTED_EDGE ( 'NONE', *, *, #4536, .T. ) ;
#7157 = CARTESIAN_POINT ( 'NONE',  ( 46.80000000000000426, -19.10000000000000497, 32.75000000000000000 ) ) ;
#7158 = B_SPLINE_CURVE_WITH_KNOTS ( 'NONE', 3,
 ( #8237, #9180, #7554, #6786, #8329, #2193, #9115, #4427, #6889, #7656, #4519, #4492, #3683, #3709, #1322, #4460, #552, #8273, #7519, #9893, #5217, #9862, #1398, #3628, #9042, #463, #9828, #4398, #6053, #2086, #2909, #1357, #9081, #8369, #491, #6823, #9146, #5185, #5285, #6856, #5963, #6081, #2163, #7587, #7620, #1261, #6022, #6751, #2875, #5987, #5253, #2125, #1295, #5318, #525, #2979, #2053, #8299, #2943, #3659, #9927, #8399, #3745, #9964, #584, #3880, #10005, #3119, #2265, #8556, #5421 ),
 .UNSPECIFIED., .F., .F.,
 ( 4, 2, 1, 1, 2, 2, 2, 1, 1, 2, 2, 2, 1, 1, 2, 2, 2, 1, 1, 2, 2, 2, 1, 1, 2, 2, 2, 1, 1, 1, 2, 2, 2, 1, 1, 1, 2, 2, 2, 1, 1, 1, 2, 2, 4 ),
 ( 0.000000000000000000, 0.06249999999999210354, 0.09374999999998831490, 0.1093749999999864414, 0.1171874999999854977, 0.1249999999999845401, 0.1874999999999804046, 0.2187499999999780176, 0.2343749999999768796, 0.2421874999999763245, 0.2499999999999757416, 0.3124999999999756306, 0.3437499999999755751, 0.3593749999999751865, 0.3671874999999749645, 0.3749999999999747424, 0.4374999999999757416, 0.4687499999999759637, 0.4843749999999758526, 0.4921874999999761302, 0.4999999999999763522, 0.5624999999999819034, 0.5937499999999846789, 0.6093749999999862332, 0.6171874999999867883, 0.6249999999999873435, 0.6874999999999925615, 0.7187499999999945599, 0.7343749999999953371, 0.7421874999999958922, 0.7460937499999963363, 0.7499999999999966693, 0.8124999999999977796, 0.8437499999999987788, 0.8593749999999995559, 0.8671875000000000000, 0.8710937500000002220, 0.8750000000000003331, 0.9062500000000039968, 0.9218750000000062172, 0.9296875000000076605, 0.9335937500000081046, 0.9355468750000081046, 0.9375000000000082157, 1.000000000000000000 ),
 .UNSPECIFIED. ) ;
#7159 = VECTOR ( 'NONE', #104, 1000.000000000000000 ) ;
#7160 = CARTESIAN_POINT ( 'NONE',  ( 42.26862858361885600, -18.70000000000000639, 35.86715785400802758 ) ) ;
#7161 = DIRECTION ( 'NONE',  ( 1.400000000000014387E-14, 1.000000000000000000, 0.000000000000000000 ) ) ;
#7162 = CARTESIAN_POINT ( 'NONE',  ( -1.338685381445022138, -12.38024108175375559, -17.01783929797991846 ) ) ;
#7163 = EDGE_CURVE ( 'NONE', #2401, #9195, #9054, .T. ) ;
#7164 = CARTESIAN_POINT ( 'NONE',  ( 46.80000000000000426, -18.70000000000000995, 32.75000000000000000 ) ) ;
#7165 = LINE ( 'NONE', #5906, #518 ) ;
#7166 = CARTESIAN_POINT ( 'NONE',  ( 41.99999999996712319, -5.150000000033730707, -1.800000000000000044 ) ) ;
#7167 = VECTOR ( 'NONE', #669, 1000.000000000000000 ) ;
#7168 = ORIENTED_EDGE ( 'NONE', *, *, #6733, .F. ) ;
#7169 = DIRECTION ( 'NONE',  ( 1.000000000000000000, 0.000000000000000000, 0.000000000000000000 ) ) ;
#7170 = DIRECTION ( 'NONE',  ( 0.000000000000000000, 1.000000000000000000, -0.000000000000000000 ) ) ;
#7171 = DIRECTION ( 'NONE',  ( 0.000000000000000000, -1.404986760216307406E-16, 1.000000000000000000 ) ) ;
#7172 = CARTESIAN_POINT ( 'NONE',  ( 66.40000000000000568, -9.200000000000118305, -1.800000000000000044 ) ) ;
#7173 = DIRECTION ( 'NONE',  ( -0.000000000000000000, 0.000000000000000000, 1.000000000000000000 ) ) ;
#7174 = VECTOR ( 'NONE', #6754, 1000.000000000000000 ) ;
#7175 = EDGE_LOOP ( 'NONE', ( #6778, #60, #7341, #3610 ) ) ;
#7176 = AXIS2_PLACEMENT_3D ( 'NONE', #3437, #266, #8817 ) ;
#7177 = VECTOR ( 'NONE', #5905, 1000.000000000000000 ) ;
#7178 = ORIENTED_EDGE ( 'NONE', *, *, #3640, .T. ) ;
#7179 = ORIENTED_EDGE ( 'NONE', *, *, #433, .F. ) ;
#7180 = AXIS2_PLACEMENT_3D ( 'NONE', #1625, #1661, #8866 ) ;
#7181 = CARTESIAN_POINT ( 'NONE',  ( 35.80000000000000426, -19.09999999999999787, 13.79999999999999361 ) ) ;
#7182 = CARTESIAN_POINT ( 'NONE',  ( 150.7570364914818697, -0.1000000000000002554, 57.79999999999999716 ) ) ;
#7183 = DIRECTION ( 'NONE',  ( -0.000000000000000000, -0.000000000000000000, -1.000000000000000000 ) ) ;
#7184 = CARTESIAN_POINT ( 'NONE',  ( -1.136338585950000590, -12.89939836674903972, -16.99032087624389931 ) ) ;
#7185 = ORIENTED_EDGE ( 'NONE', *, *, #9634, .T. ) ;
#7186 = VECTOR ( 'NONE', #2924, 1000.000000000000000 ) ;
#7187 = CYLINDRICAL_SURFACE ( 'NONE', #5911, 11.50000000000000355 ) ;
#7188 = EDGE_LOOP ( 'NONE', ( #2930, #4604, #3358, #663 ) ) ;
#7189 = CARTESIAN_POINT ( 'NONE',  ( 87.10000000000009379, -17.20000000000010942, 54.39999999999972857 ) ) ;
#7190 = ADVANCED_FACE ( 'NONE', ( #7363 ), #3217, .F. ) ;
#7191 = VECTOR ( 'NONE', #9667, 1000.000000000000000 ) ;
#7192 = ORIENTED_EDGE ( 'NONE', *, *, #3797, .F. ) ;
#7193 = CARTESIAN_POINT ( 'NONE',  ( -0.2000000000000000111, -9.500000000000001776, 8.799999999999995381 ) ) ;
#7194 = CARTESIAN_POINT ( 'NONE',  ( 3.399999999999958611, -14.62770798392563876, -16.07333333333335190 ) ) ;
#7195 = CARTESIAN_POINT ( 'NONE',  ( 51.33137141638111700, -17.50000000000000000, 35.86715785400806311 ) ) ;
#7196 = FACE_OUTER_BOUND ( 'NONE', #6216, .T. ) ;
#7197 = EDGE_CURVE ( 'NONE', #2204, #8153, #8700, .T. ) ;
#7198 = EDGE_CURVE ( 'NONE', #1301, #9491, #7607, .T. ) ;
#7199 = DIRECTION ( 'NONE',  ( -1.000000000000000000, 0.000000000000000000, 0.000000000000000000 ) ) ;
#7200 = DIRECTION ( 'NONE',  ( -0.000000000000000000, 0.000000000000000000, 1.000000000000000000 ) ) ;
#7201 = ORIENTED_EDGE ( 'NONE', *, *, #4055, .T. ) ;
#7202 = CARTESIAN_POINT ( 'NONE',  ( 87.93216588630698993, -12.36156639081348985, -17.02716536968381789 ) ) ;
#7203 = ORIENTED_EDGE ( 'NONE', *, *, #7253, .T. ) ;
#7204 = ADVANCED_FACE ( 'NONE', ( #1732 ), #4793, .F. ) ;
#7205 = ORIENTED_EDGE ( 'NONE', *, *, #5395, .T. ) ;
#7206 = CARTESIAN_POINT ( 'NONE',  ( 110.2009174118888950, 11.80000000000007709, -0.1999999999999984290 ) ) ;
#7207 = ORIENTED_EDGE ( 'NONE', *, *, #1417, .F. ) ;
#7208 = VECTOR ( 'NONE', #8810, 1000.000000000000000 ) ;
#7209 = EDGE_LOOP ( 'NONE', ( #3979, #6048, #5428, #10149 ) ) ;
#7210 = DIRECTION ( 'NONE',  ( 1.000000000000000000, 0.000000000000000000, -0.000000000000000000 ) ) ;
#7211 = LINE ( 'NONE', #2289, #9865 ) ;
#7212 = ORIENTED_EDGE ( 'NONE', *, *, #6618, .F. ) ;
#7213 = DIRECTION ( 'NONE',  ( 0.000000000000000000, 0.000000000000000000, 1.000000000000000000 ) ) ;
#7214 = CARTESIAN_POINT ( 'NONE',  ( -0.2000000000000000111, -9.500000000000001776, 38.80000000000000426 ) ) ;
#7215 = ORIENTED_EDGE ( 'NONE', *, *, #7380, .F. ) ;
#7216 = ORIENTED_EDGE ( 'NONE', *, *, #3170, .T. ) ;
#7217 = PLANE ( 'NONE',  #5903 ) ;
#7218 = ORIENTED_EDGE ( 'NONE', *, *, #9220, .T. ) ;
#7219 = DIRECTION ( 'NONE',  ( 1.000000000000000000, 0.000000000000000000, 0.000000000000000000 ) ) ;
#7220 = CARTESIAN_POINT ( 'NONE',  ( -0.03172768692940336477, -9.692389680390594009, -17.72314330741227550 ) ) ;
#7221 = CARTESIAN_POINT ( 'NONE',  ( -0.2000000000000000111, -1.545900930049276978, 20.39936534720461481 ) ) ;
#7222 = EDGE_CURVE ( 'NONE', #2051, #4062, #5307, .T. ) ;
#7223 = AXIS2_PLACEMENT_3D ( 'NONE', #8171, #8235, #3527 ) ;
#7224 = ORIENTED_EDGE ( 'NONE', *, *, #8371, .F. ) ;
#7225 = PLANE ( 'NONE',  #9803 ) ;
#7226 = CARTESIAN_POINT ( 'NONE',  ( 2.542520322227308505, -10.57692769512025421, -17.59799893243155111 ) ) ;
#7227 = DIRECTION ( 'NONE',  ( -0.000000000000000000, 1.000000000000000000, -0.000000000000000000 ) ) ;
#7228 = ORIENTED_EDGE ( 'NONE', *, *, #4390, .T. ) ;
#7229 = CARTESIAN_POINT ( 'NONE',  ( 150.7570364914818697, -19.09999999999999432, -1.400000000000017009 ) ) ;
#7230 = CARTESIAN_POINT ( 'NONE',  ( 88.10693692294056234, -12.85754146025437628, -16.78284577622154927 ) ) ;
#7231 = LINE ( 'NONE', #6873, #5405 ) ;
#7232 = EDGE_LOOP ( 'NONE', ( #6864, #3249, #8412, #7599 ) ) ;
#7233 = EDGE_LOOP ( 'NONE', ( #8177, #2444, #4475, #7481 ) ) ;
#7234 = VERTEX_POINT ( 'NONE', #45 ) ;
#7235 = EDGE_CURVE ( 'NONE', #6699, #2195, #1981, .T. ) ;
#7236 = CARTESIAN_POINT ( 'NONE',  ( 4.199999999999995737, -8.100000000000001421, 57.79999999999999716 ) ) ;
#7237 = CARTESIAN_POINT ( 'NONE',  ( 70.60000000000000853, -9.099999999999996092, -17.73999999999999844 ) ) ;
#7238 = CARTESIAN_POINT ( 'NONE',  ( 86.79999999999999716, -17.50000000000020250, 39.19999999999971863 ) ) ;
#7239 = DIRECTION ( 'NONE',  ( -1.000000000000000000, 0.000000000000000000, -0.000000000000000000 ) ) ;
#7240 = FACE_OUTER_BOUND ( 'NONE', #7242, .T. ) ;
#7241 = ORIENTED_EDGE ( 'NONE', *, *, #7379, .F. ) ;
#7242 = EDGE_LOOP ( 'NONE', ( #2089, #9871, #4064, #4531 ) ) ;
#7243 = SHAPE_DEFINITION_REPRESENTATION ( #2800, #3423 ) ;
#7244 = CARTESIAN_POINT ( 'NONE',  ( -0.2000000000000000111, -15.50000000000001776, 26.80000000000000071 ) ) ;
#7245 = ADVANCED_FACE ( 'NONE', ( #9547 ), #2396, .F. ) ;
#7246 = AXIS2_PLACEMENT_3D ( 'NONE', #5917, #9784, #1218 ) ;
#7247 = CARTESIAN_POINT ( 'NONE',  ( 31.79999999999999361, -19.10000000000000142, 10.79999999999999893 ) ) ;
#7248 = CARTESIAN_POINT ( 'NONE',  ( -1.368162576222909710, -14.08432653739883555, -16.41020895556865966 ) ) ;
#7249 = ORIENTED_EDGE ( 'NONE', *, *, #5851, .T. ) ;
#7250 = VECTOR ( 'NONE', #4375, 1000.000000000000000 ) ;
#7251 = DIRECTION ( 'NONE',  ( 0.000000000000000000, -1.000000000000000000, 0.000000000000000000 ) ) ;
#7252 = DIRECTION ( 'NONE',  ( 0.000000000000000000, -1.000000000000000000, 0.000000000000000000 ) ) ;
#7253 = EDGE_CURVE ( 'NONE', #166, #3416, #376, .T. ) ;
#7254 = EDGE_CURVE ( 'NONE', #9767, #547, #8450, .T. ) ;
#7255 = VECTOR ( 'NONE', #10121, 1000.000000000000000 ) ;
#7256 = FACE_OUTER_BOUND ( 'NONE', #8912, .T. ) ;
#7257 = CARTESIAN_POINT ( 'NONE',  ( -1.800000000000000266, -9.500000000000001776, 8.799999999999995381 ) ) ;
#7258 = ORIENTED_EDGE ( 'NONE', *, *, #8230, .F. ) ;
#7259 = DIRECTION ( 'NONE',  ( -1.000000000000000000, -0.000000000000000000, -0.000000000000000000 ) ) ;
#7260 = LINE ( 'NONE', #3878, #1495 ) ;
#7261 = CARTESIAN_POINT ( 'NONE',  ( 3.074489050007231494, -12.66981896494606907, -17.08131453687339985 ) ) ;
#7262 = CARTESIAN_POINT ( 'NONE',  ( 72.40000000000000568, -0.09999999999999939493, 56.79999999999999716 ) ) ;
#7263 = CARTESIAN_POINT ( 'NONE',  ( -0.8000000000000001554, -4.100000000000000533, 3.599999999999999645 ) ) ;
#7264 = CARTESIAN_POINT ( 'NONE',  ( 35.53244095327406882, -19.10000000000000142, 22.33096909069791991 ) ) ;
#7265 = ORIENTED_EDGE ( 'NONE', *, *, #5762, .F. ) ;
#7266 = ORIENTED_EDGE ( 'NONE', *, *, #9531, .F. ) ;
#7267 = EDGE_CURVE ( 'NONE', #2098, #4304, #8076, .T. ) ;
#7268 = VECTOR ( 'NONE', #1985, 1000.000000000000000 ) ;
#7269 = CARTESIAN_POINT ( 'NONE',  ( -1.799999999999999378, -3.200000000000001510, -0.2000000000000005107 ) ) ;
#7270 = CARTESIAN_POINT ( 'NONE',  ( 31.80000000000000071, -19.10000000000000142, 6.799999999999999822 ) ) ;
#7271 = CARTESIAN_POINT ( 'NONE',  ( 54.39999999999999858, -3.200000000000001954, -1.800000000000000044 ) ) ;
#7272 = ORIENTED_EDGE ( 'NONE', *, *, #309, .T. ) ;
#7273 = ORIENTED_EDGE ( 'NONE', *, *, #3460, .T. ) ;
#7274 = DIRECTION ( 'NONE',  ( 0.000000000000000000, -3.001251688541188813E-16, 1.000000000000000000 ) ) ;
#7275 = LINE ( 'NONE', #2054, #1515 ) ;
#7276 = EDGE_CURVE ( 'NONE', #2277, #8435, #9183, .T. ) ;
#7277 = VECTOR ( 'NONE', #5289, 1000.000000000000000 ) ;
#7278 = AXIS2_PLACEMENT_3D ( 'NONE', #872, #3946, #3264 ) ;
#7279 = CARTESIAN_POINT ( 'NONE',  ( 6.129999999999536264, -3.309999999999783338, -1.800000000000000044 ) ) ;
#7280 = VERTEX_POINT ( 'NONE', #7279 ) ;
#7281 = DIRECTION ( 'NONE',  ( -0.000000000000000000, 1.000000000000000000, -0.000000000000000000 ) ) ;
#7282 = CARTESIAN_POINT ( 'NONE',  ( 46.80000000000000426, -27.50000000000000355, 32.75000000000000000 ) ) ;
#7283 = LINE ( 'NONE', #9098, #9584 ) ;
#7284 = ORIENTED_EDGE ( 'NONE', *, *, #1605, .F. ) ;
#7285 = CARTESIAN_POINT ( 'NONE',  ( -0.2000000000000000111, -9.500000000000001776, 34.79999999999999716 ) ) ;
#7286 = B_SPLINE_CURVE_WITH_KNOTS ( 'NONE', 3,
 ( #5299, #1379, #6871, #2178, #2995, #3763, #9197, #637, #6145, #2353 ),
 .UNSPECIFIED., .F., .F.,
 ( 4, 2, 2, 2, 4 ),
 ( 0.000000000000000000, 0.0006579197002798886293, 0.0009868795504198329439, 0.001151359475489805101, 0.001315839400559777259 ),
 .UNSPECIFIED. ) ;
#7287 = VECTOR ( 'NONE', #7041, 1000.000000000000000 ) ;
#7288 = VERTEX_POINT ( 'NONE', #3392 ) ;
#7289 = DIRECTION ( 'NONE',  ( 0.000000000000000000, -1.404986760216307406E-16, 1.000000000000000000 ) ) ;
#7290 = CARTESIAN_POINT ( 'NONE',  ( 3.332165886306958758, -12.36156639081345787, -17.02716536968383210 ) ) ;
#7291 = LINE ( 'NONE', #5439, #3169 ) ;
#7292 = DIRECTION ( 'NONE',  ( 1.000000000000000000, 0.000000000000000000, 0.000000000000000000 ) ) ;
#7293 = EDGE_CURVE ( 'NONE', #4928, #4423, #6391, .T. ) ;
#7294 = DIRECTION ( 'NONE',  ( -0.000000000000000000, -1.000000000000000000, -9.351609034915406741E-17 ) ) ;
#7295 = ORIENTED_EDGE ( 'NONE', *, *, #9127, .F. ) ;
#7296 = ADVANCED_FACE ( 'NONE', ( #5670 ), #6474, .F. ) ;
#7297 = LINE ( 'NONE', #10077, #8381 ) ;
#7298 = FACE_BOUND ( 'NONE', #6017, .T. ) ;
#7299 = EDGE_LOOP ( 'NONE', ( #1762, #1510, #7860, #6781 ) ) ;
#7300 = CARTESIAN_POINT ( 'NONE',  ( -1.800000000000000266, -17.50000000000000000, 44.79999999999999716 ) ) ;
#7301 = CARTESIAN_POINT ( 'NONE',  ( -0.2000000000000000111, -15.50000000000001421, -1.913751877412138293E-15 ) ) ;
#7302 = DIRECTION ( 'NONE',  ( 1.000000000000000000, 0.000000000000000000, 0.000000000000000000 ) ) ;
#7303 = AXIS2_PLACEMENT_3D ( 'NONE', #1779, #3459, #1021 ) ;
#7304 = CYLINDRICAL_SURFACE ( 'NONE', #8727, 1.999999999999998224 ) ;
#7305 = FACE_OUTER_BOUND ( 'NONE', #9340, .T. ) ;
#7306 = ORIENTED_EDGE ( 'NONE', *, *, #1942, .F. ) ;
#7307 = EDGE_CURVE ( 'NONE', #3982, #1932, #4550, .T. ) ;
#7308 = EDGE_CURVE ( 'NONE', #2060, #954, #129, .T. ) ;
#7309 = CARTESIAN_POINT ( 'NONE',  ( 71.46666666666669698, -19.56666666666666288, -0.9333333333333498905 ) ) ;
#7310 = CARTESIAN_POINT ( 'NONE',  ( -1.451608665302580592, -12.69234699557645030, -16.86840929950635370 ) ) ;
#7311 = CARTESIAN_POINT ( 'NONE',  ( 46.80000000000000426, -17.50000000000000355, 38.25000000000000000 ) ) ;
#7312 = FACE_BOUND ( 'NONE', #6647, .T. ) ;
#7313 = PLANE ( 'NONE',  #2477 ) ;
#7314 = VERTEX_POINT ( 'NONE', #4148 ) ;
#7315 = DIRECTION ( 'NONE',  ( -0.7071067811865474617, 0.7071067811865474617, 0.000000000000000000 ) ) ;
#7316 = FACE_OUTER_BOUND ( 'NONE', #9261, .T. ) ;
#7317 = VERTEX_POINT ( 'NONE', #6505 ) ;
#7318 = AXIS2_PLACEMENT_3D ( 'NONE', #1665, #8659, #942 ) ;
#7319 = CARTESIAN_POINT ( 'NONE',  ( 2.914233411135361607, -11.36336674988786832, -17.40523385655691868 ) ) ;
#7320 = DIRECTION ( 'NONE',  ( -0.000000000000000000, -0.000000000000000000, 1.000000000000000000 ) ) ;
#7321 = EDGE_CURVE ( 'NONE', #1717, #3443, #2234, .T. ) ;
#7322 = EDGE_CURVE ( 'NONE', #7976, #1027, #5427, .T. ) ;
#7323 = VECTOR ( 'NONE', #6302, 1000.000000000000000 ) ;
#7324 = EDGE_CURVE ( 'NONE', #3, #3146, #1724, .T. ) ;
#7325 = CARTESIAN_POINT ( 'NONE',  ( 54.86101730552661593, -18.70000000000000995, 41.65954544295051676 ) ) ;
#7326 = CARTESIAN_POINT ( 'NONE',  ( 88.39999367230960559, -14.30343153187115313, -15.82554177794882122 ) ) ;
#7327 = CARTESIAN_POINT ( 'NONE',  ( 54.39999999999999858, -14.40000000000002167, -1.800000000000000044 ) ) ;
#7328 = EDGE_LOOP ( 'NONE', ( #2288, #2565, #8561, #5496 ) ) ;
#7329 = VECTOR ( 'NONE', #290, 1000.000000000000000 ) ;
#7330 = CARTESIAN_POINT ( 'NONE',  ( 150.7570364914818697, -19.10000000000001208, 57.39999999999999858 ) ) ;
#7331 = DIRECTION ( 'NONE',  ( -0.000000000000000000, 2.168404344971006896E-16, -1.000000000000000000 ) ) ;
#7332 = CARTESIAN_POINT ( 'NONE',  ( 71.02028089379344067, -14.19408400017730898, -16.34619511022958349 ) ) ;
#7333 = AXIS2_PLACEMENT_3D ( 'NONE', #2305, #3120, #8593 ) ;
#7334 = VERTEX_POINT ( 'NONE', #348 ) ;
#7335 = VERTEX_POINT ( 'NONE', #9646 ) ;
#7336 = ORIENTED_EDGE ( 'NONE', *, *, #8713, .F. ) ;
#7337 = ADVANCED_FACE ( 'NONE', ( #9904 ), #848, .T. ) ;
#7338 = DIRECTION ( 'NONE',  ( -1.000000000000000000, -0.000000000000000000, 0.000000000000000000 ) ) ;
#7339 = CARTESIAN_POINT ( 'NONE',  ( 72.40000000000000568, -0.09999999999999939493, 56.79999999999999716 ) ) ;
#7340 = CARTESIAN_POINT ( 'NONE',  ( 88.40000000000000568, -0.1000000000000000056, 57.39999999999999858 ) ) ;
#7341 = ORIENTED_EDGE ( 'NONE', *, *, #7149, .F. ) ;
#7342 = EDGE_CURVE ( 'NONE', #7314, #6635, #4317, .T. ) ;
#7343 = VERTEX_POINT ( 'NONE', #2694 ) ;
#7344 = DIRECTION ( 'NONE',  ( 0.4999999999999898970, -0.7071067811865630048, -0.4999999999999882316 ) ) ;
#7345 = VECTOR ( 'NONE', #3430, 1000.000000000000114 ) ;
#7346 = DIRECTION ( 'NONE',  ( 0.7071067811865517916, 2.122205421015037593E-16, -0.7071067811865431318 ) ) ;
#7347 = VECTOR ( 'NONE', #162, 1000.000000000000000 ) ;
#7348 = CARTESIAN_POINT ( 'NONE',  ( 86.44644258031583206, -9.218509434662328417, -17.73934150620583949 ) ) ;
#7349 = ORIENTED_EDGE ( 'NONE', *, *, #8602, .F. ) ;
#7350 = PRODUCT_DEFINITION_CONTEXT ( 'detailed design', #54, 'design' ) ;
#7351 = CARTESIAN_POINT ( 'NONE',  ( -1.708364182974405843, -13.60005196236269498, -16.34037758869778401 ) ) ;
#7352 = VERTEX_POINT ( 'NONE', #244 ) ;
#7353 = VERTEX_POINT ( 'NONE', #4248 ) ;
#7354 = CARTESIAN_POINT ( 'NONE',  ( 57.55674888469742712, -18.69999999999297557, 42.09253532232438033 ) ) ;
#7355 = EDGE_CURVE ( 'NONE', #2057, #3191, #7478, .T. ) ;
#7356 = FACE_OUTER_BOUND ( 'NONE', #3578, .T. ) ;
#7357 = DIRECTION ( 'NONE',  ( 0.000000000000000000, 0.000000000000000000, 1.000000000000000000 ) ) ;
#7358 = CARTESIAN_POINT ( 'NONE',  ( 36.39999999997512958, -5.150000000033634784, -0.2000000000000007883 ) ) ;
#7359 = DIRECTION ( 'NONE',  ( -1.000000000000000000, 0.000000000000000000, 0.000000000000000000 ) ) ;
#7360 = AXIS2_PLACEMENT_3D ( 'NONE', #6346, #9463, #7984 ) ;
#7361 = ORIENTED_EDGE ( 'NONE', *, *, #7222, .F. ) ;
#7362 = ADVANCED_FACE ( 'NONE', ( #857 ), #6135, .T. ) ;
#7363 = FACE_OUTER_BOUND ( 'NONE', #4078, .T. ) ;
#7364 = LINE ( 'NONE', #3963, #8572 ) ;
#7365 = PLANE ( 'NONE',  #227 ) ;
#7366 = ORIENTED_EDGE ( 'NONE', *, *, #6978, .F. ) ;
#7367 = VECTOR ( 'NONE', #5092, 1000.000000000000000 ) ;
#7368 = FACE_OUTER_BOUND ( 'NONE', #4679, .T. ) ;
#7369 = ORIENTED_EDGE ( 'NONE', *, *, #7553, .F. ) ;
#7370 = ORIENTED_EDGE ( 'NONE', *, *, #2968, .T. ) ;
#7371 = DIRECTION ( 'NONE',  ( 0.000000000000000000, -3.001251688541188813E-16, 1.000000000000000000 ) ) ;
#7372 = CARTESIAN_POINT ( 'NONE',  ( 71.93473966788135954, -10.41945131856802398, -17.62613510369918401 ) ) ;
#7373 = CARTESIAN_POINT ( 'NONE',  ( -0.03193229949875265455, -9.555032649180187576, -17.72735518186383175 ) ) ;
#7374 = EDGE_LOOP ( 'NONE', ( #8226, #9030, #1415, #4782, #538, #858 ) ) ;
#7375 = CARTESIAN_POINT ( 'NONE',  ( 35.80000000000000426, -17.50000000000000355, 14.79999999999999361 ) ) ;
#7376 = CARTESIAN_POINT ( 'NONE',  ( 72.40000000000000568, -8.100000000000001421, 57.79999999999999716 ) ) ;
#7377 = VECTOR ( 'NONE', #5822, 1000.000000000000000 ) ;
#7378 = DIRECTION ( 'NONE',  ( -1.000000000000000000, -1.734723475976808080E-16, 0.000000000000000000 ) ) ;
#7379 = EDGE_CURVE ( 'NONE', #6710, #9458, #363, .T. ) ;
#7380 = EDGE_CURVE ( 'NONE', #899, #9415, #5547, .T. ) ;
#7381 = LINE ( 'NONE', #7609, #4950 ) ;
#7382 = ORIENTED_EDGE ( 'NONE', *, *, #1648, .T. ) ;
#7383 = LINE ( 'NONE', #7301, #7151 ) ;
#7384 = DIRECTION ( 'NONE',  ( 0.000000000000000000, -1.000000000000000000, 0.000000000000000000 ) ) ;
#7385 = CARTESIAN_POINT ( 'NONE',  ( 66.40000000000000568, -9.200000000000118305, -1.800000000000000044 ) ) ;
#7386 = DIRECTION ( 'NONE',  ( 0.000000000000000000, -1.955719815080955213E-16, 1.000000000000000000 ) ) ;
#7387 = CARTESIAN_POINT ( 'NONE',  ( 87.82022581087991853, -13.24335474665554813, -16.84145960310356926 ) ) ;
#7388 = VECTOR ( 'NONE', #688, 1000.000000000000000 ) ;
#7389 = DIRECTION ( 'NONE',  ( 0.000000000000000000, -1.000000000000000000, 0.000000000000000000 ) ) ;
#7390 = VECTOR ( 'NONE', #6886, 1000.000000000000000 ) ;
#7391 = EDGE_LOOP ( 'NONE', ( #4522, #1770, #6356, #5087 ) ) ;
#7392 = ADVANCED_FACE ( 'NONE', ( #4798, #2991 ), #2073, .F. ) ;
#7393 = ORIENTED_EDGE ( 'NONE', *, *, #4118, .T. ) ;
#7394 = VECTOR ( 'NONE', #8786, 1000.000000000000000 ) ;
#7396 = DIRECTION ( 'NONE',  ( -1.400000000000014387E-14, -1.000000000000000000, 0.000000000000000000 ) ) ;
#7395 = AXIS2_PLACEMENT_3D ( 'NONE', #6098, #5435, #2345 ) ;
#7397 = EDGE_LOOP ( 'NONE', ( #153, #5686, #345, #5826 ) ) ;
#7398 = VECTOR ( 'NONE', #2603, 1000.000000000000000 ) ;
#7399 = DIRECTION ( 'NONE',  ( 0.000000000000000000, -1.000000000000000000, -3.001251688541188813E-16 ) ) ;
#7400 = DIRECTION ( 'NONE',  ( -0.000000000000000000, 1.000000000000000000, -0.000000000000000000 ) ) ;
#7401 = DIRECTION ( 'NONE',  ( -1.000000000000000000, 1.245113975359227837E-14, 1.399999999999987250E-14 ) ) ;
#7402 = EDGE_CURVE ( 'NONE', #9855, #5895, #3601, .T. ) ;
#7403 = CARTESIAN_POINT ( 'NONE',  ( 71.71592611859119870, -10.87103877987020084, -17.53424145618629382 ) ) ;
#7404 = CARTESIAN_POINT ( 'NONE',  ( 88.00000000000001421, -19.10000000000001208, 57.79999999999999716 ) ) ;
#7405 = LINE ( 'NONE', #7081, #7051 ) ;
#7406 = VERTEX_POINT ( 'NONE', #5035 ) ;
#7407 = LINE ( 'NONE', #3920, #8989 ) ;
#7408 = DIRECTION ( 'NONE',  ( -1.399999999999987250E-14, 0.000000000000000000, -1.000000000000000000 ) ) ;
#7409 = CARTESIAN_POINT ( 'NONE',  ( -1.800000000000000266, -3.045900930049277200, 19.89936534720461481 ) ) ;
#7410 = ORIENTED_EDGE ( 'NONE', *, *, #7495, .F. ) ;
#7411 = DIRECTION ( 'NONE',  ( 0.000000000000000000, 0.000000000000000000, 1.000000000000000000 ) ) ;
#7412 = ORIENTED_EDGE ( 'NONE', *, *, #7163, .T. ) ;
#7413 = ADVANCED_FACE ( 'NONE', ( #2741, #8690 ), #3546, .F. ) ;
#7414 = DIRECTION ( 'NONE',  ( -1.000000000000000000, -3.469446951953613696E-16, 0.000000000000000000 ) ) ;
#7415 = CARTESIAN_POINT ( 'NONE',  ( 6.129999999999537152, -3.200000000000001510, -1.800000000000111067 ) ) ;
#7416 = ORIENTED_EDGE ( 'NONE', *, *, #4191, .T. ) ;
#7417 = VECTOR ( 'NONE', #6563, 1000.000000000000000 ) ;
#7418 = CIRCLE ( 'NONE', #9119, 9.999999999999998224 ) ;
#7419 = EDGE_CURVE ( 'NONE', #10000, #2237, #1844, .T. ) ;
#7420 = CARTESIAN_POINT ( 'NONE',  ( 86.45806645879537200, -9.248177144078914225, -17.73894618487263841 ) ) ;
#7421 = DIRECTION ( 'NONE',  ( 0.000000000000000000, -1.234678630588475078E-16, 1.000000000000000000 ) ) ;
#7422 = FACE_OUTER_BOUND ( 'NONE', #9760, .T. ) ;
#7423 = PLANE ( 'NONE',  #4334 ) ;
#7424 = DIRECTION ( 'NONE',  ( -1.000000000000000000, -0.000000000000000000, 0.000000000000000000 ) ) ;
#7425 = FACE_OUTER_BOUND ( 'NONE', #3715, .T. ) ;
#7426 = VECTOR ( 'NONE', #5756, 1000.000000000000000 ) ;
#7427 = DIRECTION ( 'NONE',  ( 0.000000000000000000, 0.000000000000000000, 1.000000000000000000 ) ) ;
#7428 = CARTESIAN_POINT ( 'NONE',  ( 6.129999999999543370, -3.309999999999784226, -1.189999999999431290 ) ) ;
#7429 = AXIS2_PLACEMENT_3D ( 'NONE', #5327, #2200, #1465 ) ;
#7430 = LINE ( 'NONE', #7327, #5382 ) ;
#7431 = ORIENTED_EDGE ( 'NONE', *, *, #5441, .T. ) ;
#7432 = EDGE_CURVE ( 'NONE', #6917, #7445, #2097, .T. ) ;
#7433 = EDGE_CURVE ( 'NONE', #8958, #8140, #8202, .T. ) ;
#7434 = LINE ( 'NONE', #7714, #799 ) ;
#7435 = ADVANCED_FACE ( 'NONE', ( #9663 ), #7540, .F. ) ;
#7436 = DIRECTION ( 'NONE',  ( 0.000000000000000000, -1.000000000000000000, 0.000000000000000000 ) ) ;
#7437 = CARTESIAN_POINT ( 'NONE',  ( 71.33092285563878931, -11.71614608346872899, -17.28590635498078498 ) ) ;
#7438 = CARTESIAN_POINT ( 'NONE',  ( 71.14478490490270701, -13.40411162641003529, -16.76643244772663977 ) ) ;
#7439 = CARTESIAN_POINT ( 'NONE',  ( 38.27481005827819871, -17.50000000000000355, 40.42666180429785072 ) ) ;
#7440 = PLANE ( 'NONE',  #5491 ) ;
#7441 = ORIENTED_EDGE ( 'NONE', *, *, #9403, .T. ) ;
#7442 = ORIENTED_EDGE ( 'NONE', *, *, #4766, .F. ) ;
#7443 = AXIS2_PLACEMENT_3D ( 'NONE', #886, #1722, #4140 ) ;
#7444 = FACE_OUTER_BOUND ( 'NONE', #331, .T. ) ;
#7445 = VERTEX_POINT ( 'NONE', #4447 ) ;
#7446 = CARTESIAN_POINT ( 'NONE',  ( 70.60000000000000853, 11.79999999999999893, -11.50000000000000000 ) ) ;
#7447 = DIRECTION ( 'NONE',  ( 1.000000000000000000, 0.000000000000000000, 0.000000000000000000 ) ) ;
#7448 = EDGE_CURVE ( 'NONE', #6611, #2566, #118, .T. ) ;
#7449 = EDGE_CURVE ( 'NONE', #3623, #9767, #3703, .T. ) ;
#7450 = DIRECTION ( 'NONE',  ( -0.000000000000000000, 1.000000000000000000, -0.000000000000000000 ) ) ;
#7451 = CARTESIAN_POINT ( 'NONE',  ( 86.72360322554052914, -9.929072149393935121, -17.70627889641278685 ) ) ;
#7452 = CARTESIAN_POINT ( 'NONE',  ( 4.799999999999999822, -17.50000000000000000, 5.799999999999999822 ) ) ;
#7453 = LINE ( 'NONE', #1960, #1214 ) ;
#7454 = EDGE_LOOP ( 'NONE', ( #3382, #634, #2852, #5907, #6721 ) ) ;
#7455 = CARTESIAN_POINT ( 'NONE',  ( 70.60000000000000853, -18.69999999999998863, -7.740000000000001101 ) ) ;
#7456 = EDGE_LOOP ( 'NONE', ( #1423, #9689, #9817, #2486, #377 ) ) ;
#7457 = CARTESIAN_POINT ( 'NONE',  ( 70.60545924325830924, -14.19955991398947681, -15.90807934452068473 ) ) ;
#7458 = CARTESIAN_POINT ( 'NONE',  ( 42.26862858361885600, -17.89999999999999147, 35.86715785400802758 ) ) ;
#7459 = ORIENTED_EDGE ( 'NONE', *, *, #2068, .F. ) ;
#7460 = EDGE_CURVE ( 'NONE', #8576, #744, #9779, .T. ) ;
#7461 = ORIENTED_EDGE ( 'NONE', *, *, #201, .F. ) ;
#7462 = ORIENTED_EDGE ( 'NONE', *, *, #8252, .F. ) ;
#7463 = ADVANCED_FACE ( 'NONE', ( #6521 ), #9097, .T. ) ;
#7464 = AXIS2_PLACEMENT_3D ( 'NONE', #5566, #7837, #834 ) ;
#7465 = CARTESIAN_POINT ( 'NONE',  ( 62.80000000000001137, -17.50000000000000000, 9.799999999999998934 ) ) ;
#7466 = VECTOR ( 'NONE', #6910, 1000.000000000000000 ) ;
#7467 = ORIENTED_EDGE ( 'NONE', *, *, #9154, .F. ) ;
#7468 = DIRECTION ( 'NONE',  ( 1.000000000000000000, -1.245113975359227837E-14, -1.399999999999987250E-14 ) ) ;
#7469 = VERTEX_POINT ( 'NONE', #8223 ) ;
#7470 = CARTESIAN_POINT ( 'NONE',  ( 71.67658746266114633, -10.95385323655254872, -17.51447486796232411 ) ) ;
#7471 = CARTESIAN_POINT ( 'NONE',  ( 71.00000475275443534, -14.52680978993161354, -16.14026162363387940 ) ) ;
#7472 = EDGE_LOOP ( 'NONE', ( #9532, #8401, #4478, #2814, #5242 ) ) ;
#7473 = CARTESIAN_POINT ( 'NONE',  ( 70.60000000000000853, 18.00000000000000000, -11.53999999999999559 ) ) ;
#7474 = VECTOR ( 'NONE', #7227, 1000.000000000000000 ) ;
#7475 = EDGE_CURVE ( 'NONE', #9377, #3741, #4196, .T. ) ;
#7476 = ORIENTED_EDGE ( 'NONE', *, *, #396, .F. ) ;
#7477 = ORIENTED_EDGE ( 'NONE', *, *, #159, .T. ) ;
#7478 = LINE ( 'NONE', #1078, #240 ) ;
#7479 = VERTEX_POINT ( 'NONE', #5099 ) ;
#7480 = CARTESIAN_POINT ( 'NONE',  ( -0.2000000000000000111, -15.50000000000001599, 18.80000000000000071 ) ) ;
#7481 = ORIENTED_EDGE ( 'NONE', *, *, #4084, .F. ) ;
#7482 = CARTESIAN_POINT ( 'NONE',  ( 37.60761184457484774, -19.10000000000000142, 40.52817459305198611 ) ) ;
#7483 = CIRCLE ( 'NONE', #9548, 2.000000000000001776 ) ;
#7484 = CARTESIAN_POINT ( 'NONE',  ( 86.79999999999999716, -17.30000000000029559, 54.39999999999972857 ) ) ;
#7485 = LINE ( 'NONE', #3891, #4456 ) ;
#7486 = VECTOR ( 'NONE', #7629, 1000.000000000000000 ) ;
#7487 = ADVANCED_FACE ( 'NONE', ( #2857, #4184, #5287, #3229, #10036, #1472, #2358, #1591, #8804, #4662, #8315, #2617, #2475, #8922, #4538 ), #2786, .F. ) ;
#7488 = ORIENTED_EDGE ( 'NONE', *, *, #3427, .T. ) ;
#7489 = AXIS2_PLACEMENT_3D ( 'NONE', #3335, #5666, #1749 ) ;
#7490 = CARTESIAN_POINT ( 'NONE',  ( 71.11035694045860112, -12.25113714114675645, -17.07605494914357536 ) ) ;
#7491 = CARTESIAN_POINT ( 'NONE',  ( 6.800000000000000711, -19.10000000000000142, 49.29999999999999716 ) ) ;
#7492 = DIRECTION ( 'NONE',  ( 0.000000000000000000, -1.000000000000000000, -1.355252715606879310E-16 ) ) ;
#7493 = LINE ( 'NONE', #179, #5685 ) ;
#7494 = VERTEX_POINT ( 'NONE', #6637 ) ;
#7495 = EDGE_CURVE ( 'NONE', #51, #8931, #8094, .T. ) ;
#7496 = LINE ( 'NONE', #2047, #3270 ) ;
#7497 = ORIENTED_EDGE ( 'NONE', *, *, #485, .F. ) ;
#7498 = LINE ( 'NONE', #6854, #7144 ) ;
#7499 = LINE ( 'NONE', #2158, #5452 ) ;
#7500 = ORIENTED_EDGE ( 'NONE', *, *, #4956, .F. ) ;
#7501 = DIRECTION ( 'NONE',  ( 0.000000000000000000, -0.000000000000000000, 1.000000000000000000 ) ) ;
#7502 = CARTESIAN_POINT ( 'NONE',  ( 16.26999999999955193, -2.749999999999920064, -1.189999999999578284 ) ) ;
#7503 = CARTESIAN_POINT ( 'NONE',  ( 70.61915215045556238, -14.00508873316515945, -16.06043477607402181 ) ) ;
#7504 = CARTESIAN_POINT ( 'NONE',  ( 81.00000000000000000, 4.299999999999999822, -0.1999999999999994837 ) ) ;
#7505 = DIRECTION ( 'NONE',  ( 0.000000000000000000, -2.260746162836485173E-16, 1.000000000000000000 ) ) ;
#7506 = ORIENTED_EDGE ( 'NONE', *, *, #3858, .T. ) ;
#7507 = ORIENTED_EDGE ( 'NONE', *, *, #7987, .F. ) ;
#7508 = CARTESIAN_POINT ( 'NONE',  ( -1.800000000000000266, -17.50000000000000000, 28.80000000000000071 ) ) ;
#7509 = DIRECTION ( 'NONE',  ( -0.7071067811865492381, 0.7071067811865457964, 0.000000000000000000 ) ) ;
#7510 = VERTEX_POINT ( 'NONE', #3790 ) ;
#7511 = EDGE_CURVE ( 'NONE', #2772, #587, #4428, .T. ) ;
#7512 = EDGE_CURVE ( 'NONE', #8249, #298, #8676, .T. ) ;
#7513 = FACE_OUTER_BOUND ( 'NONE', #2500, .T. ) ;
#7514 = DIRECTION ( 'NONE',  ( 1.000000000000000000, -0.000000000000000000, -0.000000000000000000 ) ) ;
#7515 = VERTEX_POINT ( 'NONE', #6841 ) ;
#7516 = VERTEX_POINT ( 'NONE', #9949 ) ;
#7517 = CARTESIAN_POINT ( 'NONE',  ( 46.80000000000000426, -17.70000000000000995, 32.75000000000000000 ) ) ;
#7518 = DIRECTION ( 'NONE',  ( -1.000000000000000000, 0.000000000000000000, -0.000000000000000000 ) ) ;
#7519 = CARTESIAN_POINT ( 'NONE',  ( 3.528387481027478234, -12.92265319255677447, -16.74862685958157371 ) ) ;
#7520 = CARTESIAN_POINT ( 'NONE',  ( 6.800000000000000711, -19.10000000000000142, 49.29999999999999716 ) ) ;
#7521 = VERTEX_POINT ( 'NONE', #5342 ) ;
#7522 = CIRCLE ( 'NONE', #8540, 1.900000000000002354 ) ;
#7524 = CARTESIAN_POINT ( 'NONE',  ( 2.067363619840187461, -9.784201595790841921, -17.71656819233578872 ) ) ;
#7523 = AXIS2_PLACEMENT_3D ( 'NONE', #404, #6691, #368 ) ;
#7525 = FACE_OUTER_BOUND ( 'NONE', #9041, .T. ) ;
#7526 = ORIENTED_EDGE ( 'NONE', *, *, #7830, .F. ) ;
#7527 = DIRECTION ( 'NONE',  ( -0.000000000000000000, 1.000000000000000000, 0.000000000000000000 ) ) ;
#7528 = FACE_OUTER_BOUND ( 'NONE', #9750, .T. ) ;
#7529 = CARTESIAN_POINT ( 'NONE',  ( 57.55674888469742712, -18.69999999999297557, 42.09253532232438033 ) ) ;
#7530 = DIRECTION ( 'NONE',  ( 0.000000000000000000, -1.000000000000000000, 0.000000000000000000 ) ) ;
#7531 = CARTESIAN_POINT ( 'NONE',  ( 46.80000000000000426, -19.10000000000000142, 17.40353161276357596 ) ) ;
#7532 = ORIENTED_EDGE ( 'NONE', *, *, #6222, .T. ) ;
#7533 = DIRECTION ( 'NONE',  ( -0.7071067811865462405, 2.122205421015054850E-16, -0.7071067811865489050 ) ) ;
#7534 = FACE_OUTER_BOUND ( 'NONE', #3739, .T. ) ;
#7535 = VECTOR ( 'NONE', #3788, 1000.000000000000114 ) ;
#7536 = LINE ( 'NONE', #1059, #8145 ) ;
#7537 = ORIENTED_EDGE ( 'NONE', *, *, #718, .F. ) ;
#7538 = EDGE_CURVE ( 'NONE', #3634, #5769, #355, .T. ) ;
#7539 = ADVANCED_FACE ( 'NONE', ( #5167 ), #3036, .F. ) ;
#7540 = PLANE ( 'NONE',  #7769 ) ;
#7541 = DIRECTION ( 'NONE',  ( 0.000000000000000000, -1.000000000000000000, 0.000000000000000000 ) ) ;
#7542 = CARTESIAN_POINT ( 'NONE',  ( 71.33792644262898364, -12.62593030531670202, -17.09777886650336498 ) ) ;
#7543 = LINE ( 'NONE', #4742, #9730 ) ;
#7544 = CIRCLE ( 'NONE', #8187, 3.199999999999999734 ) ;
#7545 = ORIENTED_EDGE ( 'NONE', *, *, #4487, .F. ) ;
#7546 = DIRECTION ( 'NONE',  ( 1.000000000000000000, 0.000000000000000000, -0.000000000000000000 ) ) ;
#7547 = ORIENTED_EDGE ( 'NONE', *, *, #5194, .T. ) ;
#7548 = ORIENTED_EDGE ( 'NONE', *, *, #8491, .T. ) ;
#7549 = CARTESIAN_POINT ( 'NONE',  ( 42.26862858361887021, -18.70000000000000995, 29.63284214599196531 ) ) ;
#7550 = DIRECTION ( 'NONE',  ( -0.000000000000000000, 0.000000000000000000, -1.000000000000000000 ) ) ;
#7551 = VECTOR ( 'NONE', #4323, 1000.000000000000000 ) ;
#7553 = EDGE_CURVE ( 'NONE', #2843, #8959, #8554, .T. ) ;
#7552 = CARTESIAN_POINT ( 'NONE',  ( 88.40000000000000568, -0.1000000000000000056, 0.000000000000000000 ) ) ;
#7554 = CARTESIAN_POINT ( 'NONE',  ( 3.795231235038825979, -14.21011574893058871, -15.89978838743832235 ) ) ;
#7555 = CARTESIAN_POINT ( 'NONE',  ( -0.6191568442553677665, -11.25515143282521890, -17.50501758821874887 ) ) ;
#7556 = CARTESIAN_POINT ( 'NONE',  ( 28.59999999996712461, -5.150000000033528202, -0.2000000000000008160 ) ) ;
#7557 = FACE_OUTER_BOUND ( 'NONE', #4206, .T. ) ;
#7558 = ORIENTED_EDGE ( 'NONE', *, *, #7756, .T. ) ;
#7559 = AXIS2_PLACEMENT_3D ( 'NONE', #542, #609, #7575 ) ;
#7560 = VECTOR ( 'NONE', #392, 1000.000000000000000 ) ;
#7561 = CARTESIAN_POINT ( 'NONE',  ( 71.19864264292270661, -12.02993485198156343, -17.16838289445326993 ) ) ;
#7562 = DIRECTION ( 'NONE',  ( 0.000000000000000000, -1.466789861310716348E-16, 1.000000000000000000 ) ) ;
#7563 = DIRECTION ( 'NONE',  ( -0.000000000000000000, 0.000000000000000000, -1.000000000000000000 ) ) ;
#7564 = EDGE_LOOP ( 'NONE', ( #6182, #6101, #4517, #4045 ) ) ;
#7565 = ORIENTED_EDGE ( 'NONE', *, *, #2205, .T. ) ;
#7566 = VECTOR ( 'NONE', #8739, 1000.000000000000000 ) ;
#7567 = CARTESIAN_POINT ( 'NONE',  ( 4.800000000000000711, -17.50000000000000000, 10.79999999999999893 ) ) ;
#7568 = CARTESIAN_POINT ( 'NONE',  ( 22.99999999997510969, -3.900000000057880722, -1.800000000000000044 ) ) ;
#7569 = EDGE_CURVE ( 'NONE', #1489, #1825, #1104, .T. ) ;
#7570 = EDGE_CURVE ( 'NONE', #298, #1825, #9653, .T. ) ;
#7571 = VERTEX_POINT ( 'NONE', #7674 ) ;
#7572 = ORIENTED_EDGE ( 'NONE', *, *, #10033, .T. ) ;
#7573 = LINE ( 'NONE', #7189, #5878 ) ;
#7574 = DIRECTION ( 'NONE',  ( -1.000000000000000000, 0.000000000000000000, 0.000000000000000000 ) ) ;
#7575 = DIRECTION ( 'NONE',  ( 0.000000000000000000, -3.001251688541188813E-16, 1.000000000000000000 ) ) ;
#7576 = ORIENTED_EDGE ( 'NONE', *, *, #1378, .T. ) ;
#7577 = CARTESIAN_POINT ( 'NONE',  ( 50.04492782874136481, -18.87818644080051200, 28.34285229009667262 ) ) ;
#7578 = FACE_OUTER_BOUND ( 'NONE', #810, .T. ) ;
#7579 = ORIENTED_EDGE ( 'NONE', *, *, #2233, .T. ) ;
#7580 = EDGE_LOOP ( 'NONE', ( #91, #1566, #9363, #5027 ) ) ;
#7581 = ORIENTED_EDGE ( 'NONE', *, *, #6367, .F. ) ;
#7582 = ORIENTED_EDGE ( 'NONE', *, *, #1179, .T. ) ;
#7583 = ORIENTED_EDGE ( 'NONE', *, *, #8454, .F. ) ;
#7584 = VECTOR ( 'NONE', #10003, 1000.000000000000000 ) ;
#7585 = CARTESIAN_POINT ( 'NONE',  ( 70.60000000000000853, -9.099999999999996092, -15.73999999999999666 ) ) ;
#7586 = AXIS2_PLACEMENT_3D ( 'NONE', #5601, #760, #7870 ) ;
#7587 = CARTESIAN_POINT ( 'NONE',  ( 2.630214729629286818, -10.75845702949152383, -17.55978914536637703 ) ) ;
#7588 = CARTESIAN_POINT ( 'NONE',  ( -0.3614283804764454322, -10.55197407470288695, -17.63403971071849341 ) ) ;
#7589 = ORIENTED_EDGE ( 'NONE', *, *, #594, .T. ) ;
#7590 = ADVANCED_FACE ( 'NONE', ( #6006 ), #2250, .T. ) ;
#7591 = CARTESIAN_POINT ( 'NONE',  ( 2.074597741303567666, -9.802828123672551186, -17.71527420173327982 ) ) ;
#7592 = LINE ( 'NONE', #257, #2867 ) ;
#7593 = CARTESIAN_POINT ( 'NONE',  ( 72.13835845049840145, -10.00950308089736218, -17.68687633709495444 ) ) ;
#7594 = LINE ( 'NONE', #5633, #3828 ) ;
#7595 = DIRECTION ( 'NONE',  ( 0.000000000000000000, -1.000000000000000000, -1.234678630588475078E-16 ) ) ;
#7596 = DIRECTION ( 'NONE',  ( -0.000000000000000000, -0.000000000000000000, 1.000000000000000000 ) ) ;
#7597 = EDGE_CURVE ( 'NONE', #9843, #7066, #4653, .T. ) ;
#7598 = ORIENTED_EDGE ( 'NONE', *, *, #7324, .F. ) ;
#7599 = ORIENTED_EDGE ( 'NONE', *, *, #5806, .F. ) ;
#7600 = EDGE_LOOP ( 'NONE', ( #4042, #528, #8180, #2591 ) ) ;
#7601 = VECTOR ( 'NONE', #7530, 1000.000000000000000 ) ;
#7602 = ORIENTED_EDGE ( 'NONE', *, *, #8882, .T. ) ;
#7603 = CARTESIAN_POINT ( 'NONE',  ( 62.80000000000001137, -17.50000000000000000, 13.79999999999999716 ) ) ;
#7604 = CARTESIAN_POINT ( 'NONE',  ( 6.800000000000000711, -17.50000000000000000, 52.09999999999999432 ) ) ;
#7605 = CARTESIAN_POINT ( 'NONE',  ( 51.33137141638115963, -18.70000000000000639, 29.63284214599200439 ) ) ;
#7606 = EDGE_LOOP ( 'NONE', ( #9626, #2543, #7096, #2059 ) ) ;
#7607 = LINE ( 'NONE', #7182, #3126 ) ;
#7608 = DIRECTION ( 'NONE',  ( 0.000000000000000000, 0.7071067811865451302, -0.7071067811865500152 ) ) ;
#7609 = CARTESIAN_POINT ( 'NONE',  ( -1.800000000000000266, -2.449999999999728839, 12.27259155458886397 ) ) ;
#7610 = VECTOR ( 'NONE', #5447, 1000.000000000000000 ) ;
#7611 = ORIENTED_EDGE ( 'NONE', *, *, #4487, .T. ) ;
#7612 = EDGE_CURVE ( 'NONE', #6159, #3911, #4915, .T. ) ;
#7613 = VECTOR ( 'NONE', #1070, 1000.000000000000000 ) ;
#7614 = FACE_OUTER_BOUND ( 'NONE', #2368, .T. ) ;
#7615 = ORIENTED_EDGE ( 'NONE', *, *, #6817, .F. ) ;
#7616 = FACE_OUTER_BOUND ( 'NONE', #2970, .T. ) ;
#7617 = ORIENTED_EDGE ( 'NONE', *, *, #8999, .T. ) ;
#7618 = VECTOR ( 'NONE', #7619, 1000.000000000000000 ) ;
#7619 = DIRECTION ( 'NONE',  ( 0.000000000000000000, -1.084202172485503448E-16, 1.000000000000000000 ) ) ;
#7620 = CARTESIAN_POINT ( 'NONE',  ( 2.588732203008220711, -10.67233107403594161, -17.57835944952684315 ) ) ;
#7621 = CARTESIAN_POINT ( 'NONE',  ( -0.9417006558958830320, -12.21919381975951424, -17.24127998031955045 ) ) ;
#7622 = FACE_OUTER_BOUND ( 'NONE', #7717, .T. ) ;
#7623 = VERTEX_POINT ( 'NONE', #5272 ) ;
#7624 = ORIENTED_EDGE ( 'NONE', *, *, #1051, .T. ) ;
#7625 = DIRECTION ( 'NONE',  ( -0.000000000000000000, 1.000000000000000000, -0.000000000000000000 ) ) ;
#7626 = AXIS2_PLACEMENT_3D ( 'NONE', #8918, #7424, #9666 ) ;
#7627 = ORIENTED_EDGE ( 'NONE', *, *, #7918, .T. ) ;
#7628 = LINE ( 'NONE', #9658, #3021 ) ;
#7629 = DIRECTION ( 'NONE',  ( -0.000000000000000000, -0.000000000000000000, -1.000000000000000000 ) ) ;
#7630 = VECTOR ( 'NONE', #2728, 1000.000000000000000 ) ;
#7631 = EDGE_CURVE ( 'NONE', #5166, #3677, #6501, .T. ) ;
#7632 = EDGE_CURVE ( 'NONE', #9734, #8725, #7231, .T. ) ;
#7633 = CARTESIAN_POINT ( 'NONE',  ( 35.80000000000000426, -17.50000000000000000, 14.79999999999999361 ) ) ;
#7634 = VECTOR ( 'NONE', #2940, 1000.000000000000000 ) ;
#7635 = ORIENTED_EDGE ( 'NONE', *, *, #2298, .F. ) ;
#7636 = CARTESIAN_POINT ( 'NONE',  ( -1.800000000000000266, -9.500000000000001776, 42.80000000000000426 ) ) ;
#7637 = VERTEX_POINT ( 'NONE', #9991 ) ;
#7638 = LINE ( 'NONE', #8897, #3980 ) ;
#7639 = ORIENTED_EDGE ( 'NONE', *, *, #7570, .F. ) ;
#7640 = VECTOR ( 'NONE', #161, 1000.000000000000000 ) ;
#7641 = CARTESIAN_POINT ( 'NONE',  ( 72.31421715949529982, 12.30393073080117006, -17.72030608521776784 ) ) ;
#7642 = ADVANCED_FACE ( 'NONE', ( #2607 ), #1962, .F. ) ;
#7643 = CARTESIAN_POINT ( 'NONE',  ( 86.40000000000000568, -9.099999999999996092, -17.73999999999999844 ) ) ;
#7644 = CARTESIAN_POINT ( 'NONE',  ( 72.31012502617410576, -9.842197340320836929, -17.71242222071917993 ) ) ;
#7645 = LINE ( 'NONE', #635, #1896 ) ;
#7646 = ORIENTED_EDGE ( 'NONE', *, *, #4879, .T. ) ;
#7647 = VECTOR ( 'NONE', #5539, 1000.000000000000114 ) ;
#7648 = CARTESIAN_POINT ( 'NONE',  ( 57.00000000000000000, -17.50000000000000711, 52.09999999999999432 ) ) ;
#7649 = ORIENTED_EDGE ( 'NONE', *, *, #4199, .F. ) ;
#7650 = EDGE_CURVE ( 'NONE', #8327, #3904, #5996, .T. ) ;
#7651 = DIRECTION ( 'NONE',  ( 0.000000000000000000, 0.000000000000000000, -1.000000000000000000 ) ) ;
#7652 = LINE ( 'NONE', #1888, #4718 ) ;
#7653 = EDGE_LOOP ( 'NONE', ( #1085, #8438, #1900, #1076, #6678, #9638 ) ) ;
#7654 = CARTESIAN_POINT ( 'NONE',  ( 0.000000000000000000, -0.1000000000000000056, 56.84969335805276103 ) ) ;
#7655 = LINE ( 'NONE', #4736, #6065 ) ;
#7656 = CARTESIAN_POINT ( 'NONE',  ( 3.724735565691758676, -13.67855546246950205, -16.28825346434378929 ) ) ;
#7657 = CARTESIAN_POINT ( 'NONE',  ( -0.08379036658893045109, -9.826512087194050338, -17.71357719313517620 ) ) ;
#7658 = VECTOR ( 'NONE', #1701, 1000.000000000000000 ) ;
#7659 = EDGE_CURVE ( 'NONE', #913, #1183, #4220, .T. ) ;
#7660 = EDGE_CURVE ( 'NONE', #1730, #5509, #2080, .T. ) ;
#7661 = CARTESIAN_POINT ( 'NONE',  ( 2.598496303493038617, -11.19720387728112421, -17.51762401804858627 ) ) ;
#7662 = VECTOR ( 'NONE', #1410, 1000.000000000000000 ) ;
#7663 = CARTESIAN_POINT ( 'NONE',  ( -0.8000000000000001554, -0.1000000000000008521, 8.599999999999999645 ) ) ;
#7664 = DIRECTION ( 'NONE',  ( 0.000000000000000000, -1.000000000000000000, -1.355252715606879310E-16 ) ) ;
#7665 = ORIENTED_EDGE ( 'NONE', *, *, #6268, .F. ) ;
#7666 = CARTESIAN_POINT ( 'NONE',  ( 71.00000000000002842, -19.09999999999999432, -7.977961573045432712E-15 ) ) ;
#7667 = ORIENTED_EDGE ( 'NONE', *, *, #2373, .F. ) ;
#7668 = CARTESIAN_POINT ( 'NONE',  ( 86.79999999999999716, -0.1000000000000000056, -0.2000000000000000944 ) ) ;
#7669 = LINE ( 'NONE', #2457, #1430 ) ;
#7670 = CARTESIAN_POINT ( 'NONE',  ( -1.778055058930795518, 16.03571223012579949, -16.07331259913850374 ) ) ;
#7671 = LINE ( 'NONE', #385, #5372 ) ;
#7672 = EDGE_CURVE ( 'NONE', #6933, #1183, #10143, .T. ) ;
#7673 = CARTESIAN_POINT ( 'NONE',  ( 36.39999999994491731, -5.150000000033649883, -1.800000000000000044 ) ) ;
#7674 = CARTESIAN_POINT ( 'NONE',  ( 2.199999999999993516, -0.1000000000000002415, 57.79999999999999716 ) ) ;
#7675 = CARTESIAN_POINT ( 'NONE',  ( 86.58939539111969452, -9.583933555464419385, -17.72845948444874864 ) ) ;
#7676 = CARTESIAN_POINT ( 'NONE',  ( 71.93592746503180990, -10.82733979593570339, -17.58986554494219234 ) ) ;
#7677 = VERTEX_POINT ( 'NONE', #7270 ) ;
#7678 = FACE_OUTER_BOUND ( 'NONE', #7653, .T. ) ;
#7679 = ORIENTED_EDGE ( 'NONE', *, *, #9314, .F. ) ;
#7680 = ORIENTED_EDGE ( 'NONE', *, *, #3798, .F. ) ;
#7681 = LINE ( 'NONE', #9590, #3679 ) ;
#7682 = CARTESIAN_POINT ( 'NONE',  ( 86.79999999999999716, -17.50000000000020250, 39.19999999999971863 ) ) ;
#7683 = CARTESIAN_POINT ( 'NONE',  ( 87.40000000000000568, 4.299999999999998934, -13.70000000000000107 ) ) ;
#7684 = AXIS2_PLACEMENT_3D ( 'NONE', #1030, #1848, #2547 ) ;
#7685 = CARTESIAN_POINT ( 'NONE',  ( -1.800000000000000266, -0.1000000000000000056, 0.000000000000000000 ) ) ;
#7686 = DIRECTION ( 'NONE',  ( 0.000000000000000000, 0.000000000000000000, -1.000000000000000000 ) ) ;
#7687 = CARTESIAN_POINT ( 'NONE',  ( -1.182534963935074179, -13.08124055016904386, -16.91415815877034134 ) ) ;
#7688 = CARTESIAN_POINT ( 'NONE',  ( 1.799999999999996048, -17.50000000000000000, -2.755455298081544778E-15 ) ) ;
#7689 = AXIS2_PLACEMENT_3D ( 'NONE', #4948, #5051, #326 ) ;
#7690 = ORIENTED_EDGE ( 'NONE', *, *, #4628, .T. ) ;
#7691 = ADVANCED_FACE ( 'NONE', ( #7578 ), #9567, .F. ) ;
#7692 = ORIENTED_EDGE ( 'NONE', *, *, #9071, .T. ) ;
#7693 = CARTESIAN_POINT ( 'NONE',  ( 3.124334295001233830, -12.85190360481961314, -17.01031140688295906 ) ) ;
#7694 = DIRECTION ( 'NONE',  ( 1.000000000000000000, 0.000000000000000000, 0.000000000000000000 ) ) ;
#7695 = CARTESIAN_POINT ( 'NONE',  ( -1.800000000000000266, -9.500000000000001776, 16.80000000000000071 ) ) ;
#7696 = DIRECTION ( 'NONE',  ( 0.000000000000000000, 5.421010862427523156E-16, -1.000000000000000000 ) ) ;
#7697 = ORIENTED_EDGE ( 'NONE', *, *, #2994, .T. ) ;
#7698 = DIRECTION ( 'NONE',  ( 0.000000000000000000, 0.000000000000000000, 1.000000000000000000 ) ) ;
#7699 = ORIENTED_EDGE ( 'NONE', *, *, #276, .T. ) ;
#7700 = PLANE ( 'NONE',  #6335 ) ;
#7701 = ORIENTED_EDGE ( 'NONE', *, *, #5902, .F. ) ;
#7702 = ORIENTED_EDGE ( 'NONE', *, *, #9728, .T. ) ;
#7703 = FACE_OUTER_BOUND ( 'NONE', #6418, .T. ) ;
#7704 = DIRECTION ( 'NONE',  ( 0.000000000000000000, -1.000000000000000000, 0.000000000000000000 ) ) ;
#7705 = EDGE_CURVE ( 'NONE', #8502, #8785, #9887, .T. ) ;
#7707 = EDGE_CURVE ( 'NONE', #8402, #4402, #3923, .T. ) ;
#7706 = CARTESIAN_POINT ( 'NONE',  ( -1.158297001567790252, -11.92552749546270086, -17.20948158354991619 ) ) ;
#7708 = VERTEX_POINT ( 'NONE', #5619 ) ;
#7709 = CARTESIAN_POINT ( 'NONE',  ( 70.94219751742123492, 14.95738285684078761, -16.89459258679967490 ) ) ;
#7710 = CARTESIAN_POINT ( 'NONE',  ( 88.40000000000000568, 0.000000000000000000, 0.000000000000000000 ) ) ;
#7711 = EDGE_LOOP ( 'NONE', ( #4996, #5406, #8131, #2590 ) ) ;
#7712 = CARTESIAN_POINT ( 'NONE',  ( 87.20268363788223098, -11.20891858741992486, -17.51510673343299374 ) ) ;
#7713 = CARTESIAN_POINT ( 'NONE',  ( 71.76997111658366180, -11.28578464891767119, -17.49820637541496282 ) ) ;
#7714 = CARTESIAN_POINT ( 'NONE',  ( -1.800000000000000266, -9.500000000000001776, 22.80000000000000071 ) ) ;
#7715 = ORIENTED_EDGE ( 'NONE', *, *, #10153, .F. ) ;
#7716 = ORIENTED_EDGE ( 'NONE', *, *, #5076, .T. ) ;
#7717 = EDGE_LOOP ( 'NONE', ( #431, #4038, #5768, #1407 ) ) ;
#7718 = FACE_OUTER_BOUND ( 'NONE', #7299, .T. ) ;
#7719 = DIRECTION ( 'NONE',  ( 1.000000000000000000, 0.000000000000000000, -0.000000000000000000 ) ) ;
#7720 = DIRECTION ( 'NONE',  ( 1.000000000000000000, -0.000000000000000000, -0.000000000000000000 ) ) ;
#7721 = CARTESIAN_POINT ( 'NONE',  ( 1.799999999999999822, 11.79999999999999538, -17.73999999999999844 ) ) ;
#7722 = CARTESIAN_POINT ( 'NONE',  ( -1.800000000000000266, -0.2000000000003211154, 21.69999999999940599 ) ) ;
#7723 = ORIENTED_EDGE ( 'NONE', *, *, #4734, .T. ) ;
#7724 = CARTESIAN_POINT ( 'NONE',  ( 56.14253532233801280, -18.70000000000000995, 43.50674888471115764 ) ) ;
#7725 = DIRECTION ( 'NONE',  ( 0.000000000000000000, -1.000000000000000000, -1.426581805901977663E-16 ) ) ;
#7726 = CARTESIAN_POINT ( 'NONE',  ( 0.1380217991261521171, -9.258140665162073901, -17.74000000000001265 ) ) ;
#7727 = FACE_OUTER_BOUND ( 'NONE', #6930, .T. ) ;
#7728 = DIRECTION ( 'NONE',  ( 0.7071067811865492381, -0.7071067811865457964, 0.000000000000000000 ) ) ;
#7729 = ORIENTED_EDGE ( 'NONE', *, *, #5506, .F. ) ;
#7730 = EDGE_LOOP ( 'NONE', ( #2627, #7026, #1853, #681 ) ) ;
#7731 = VECTOR ( 'NONE', #2626, 1000.000000000000000 ) ;
#7732 = ORIENTED_EDGE ( 'NONE', *, *, #5105, .T. ) ;
#7733 = DIRECTION ( 'NONE',  ( -0.000000000000000000, 0.000000000000000000, 1.000000000000000000 ) ) ;
#7734 = ORIENTED_EDGE ( 'NONE', *, *, #1969, .F. ) ;
#7735 = DIRECTION ( 'NONE',  ( -1.400000000000014387E-14, -1.000000000000000000, 0.000000000000000000 ) ) ;
#7736 = CARTESIAN_POINT ( 'NONE',  ( -0.8000000000000001554, -0.1000000000000008521, 8.599999999999999645 ) ) ;
#7738 = EDGE_CURVE ( 'NONE', #5271, #3184, #7831, .T. ) ;
#7737 = DIRECTION ( 'NONE',  ( -0.7071067811865457964, -0.7071067811865493491, -8.730496322752332385E-17 ) ) ;
#7739 = LINE ( 'NONE', #7000, #6900 ) ;
#7740 = CARTESIAN_POINT ( 'NONE',  ( 34.80000000000000426, -19.10000000000000142, 10.79999999999999716 ) ) ;
#7741 = VECTOR ( 'NONE', #3819, 1000.000000000000000 ) ;
#7742 = ORIENTED_EDGE ( 'NONE', *, *, #5403, .T. ) ;
#7743 = CARTESIAN_POINT ( 'NONE',  ( 1.799999999999996048, -17.50000000000000000, 8.799999999999995381 ) ) ;
#7744 = ORIENTED_EDGE ( 'NONE', *, *, #8696, .T. ) ;
#7745 = CIRCLE ( 'NONE', #1726, 10.00000000000000000 ) ;
#7746 = CYLINDRICAL_SURFACE ( 'NONE', #855, 2.000000000000000000 ) ;
#7747 = DIRECTION ( 'NONE',  ( 0.000000000000000000, -1.000000000000000000, 0.000000000000000000 ) ) ;
#7748 = DIRECTION ( 'NONE',  ( 1.000000000000000000, 0.000000000000000000, 0.000000000000000000 ) ) ;
#7749 = CARTESIAN_POINT ( 'NONE',  ( 35.55142562972407205, -18.99441597429091289, 42.75834191776112192 ) ) ;
#7750 = ADVANCED_FACE ( 'NONE', ( #8434 ), #1225, .T. ) ;
#7751 = CARTESIAN_POINT ( 'NONE',  ( 86.77495971030489841, -9.837493285735201098, -17.70456578348890275 ) ) ;
#7752 = CARTESIAN_POINT ( 'NONE',  ( 87.65052589671617511, -12.58518298514773548, -17.11303110245581749 ) ) ;
#7753 = CARTESIAN_POINT ( 'NONE',  ( 72.18005354228752424, -10.17944762753312204, -17.68157857195712879 ) ) ;
#7754 = ORIENTED_EDGE ( 'NONE', *, *, #5736, .T. ) ;
#7755 = EDGE_LOOP ( 'NONE', ( #850, #2468, #6825, #6452 ) ) ;
#7756 = EDGE_CURVE ( 'NONE', #2985, #2743, #2212, .T. ) ;
#7757 = FACE_OUTER_BOUND ( 'NONE', #2625, .T. ) ;
#7758 = FACE_OUTER_BOUND ( 'NONE', #2510, .T. ) ;
#7759 = DIRECTION ( 'NONE',  ( 1.000000000000000000, -0.000000000000000000, -0.000000000000000000 ) ) ;
#7760 = AXIS2_PLACEMENT_3D ( 'NONE', #8168, #8932, #9722 ) ;
#7761 = ORIENTED_EDGE ( 'NONE', *, *, #3666, .F. ) ;
#7762 = CARTESIAN_POINT ( 'NONE',  ( -4.000000000000012434, -11.70000000000002238, 44.79999999999999716 ) ) ;
#7763 = CARTESIAN_POINT ( 'NONE',  ( 88.40000000000000568, 0.000000000000000000, 57.39999999999999858 ) ) ;
#7764 = DIRECTION ( 'NONE',  ( 1.000000000000000000, -0.000000000000000000, -0.000000000000000000 ) ) ;
#7765 = CARTESIAN_POINT ( 'NONE',  ( 51.33137141638115963, -18.70000000000000639, 29.63284214599200439 ) ) ;
#7766 = VECTOR ( 'NONE', #8776, 1000.000000000000114 ) ;
#7767 = FACE_OUTER_BOUND ( 'NONE', #2070, .T. ) ;
#7768 = CARTESIAN_POINT ( 'NONE',  ( 2.652195452166855816, -11.34776666053361360, -17.48492163002710953 ) ) ;
#7769 = AXIS2_PLACEMENT_3D ( 'NONE', #7502, #7468, #8288 ) ;
#7770 = ORIENTED_EDGE ( 'NONE', *, *, #9717, .F. ) ;
#7771 = VERTEX_POINT ( 'NONE', #4818 ) ;
#7772 = CARTESIAN_POINT ( 'NONE',  ( 62.80000000000001137, -19.10000000000000142, 10.79999999999999716 ) ) ;
#7773 = APPLICATION_PROTOCOL_DEFINITION ( 'draft international standard', 'automotive_design', 1998, #2450 ) ;
#7774 = EDGE_CURVE ( 'NONE', #7334, #7067, #4308, .T. ) ;
#7775 = EDGE_CURVE ( 'NONE', #8311, #6696, #10026, .T. ) ;
#7776 = DIRECTION ( 'NONE',  ( 1.000000000000000000, 0.000000000000000000, 0.000000000000000000 ) ) ;
#7777 = DIRECTION ( 'NONE',  ( 1.000000000000000000, 0.000000000000000000, 0.000000000000000000 ) ) ;
#7778 = DIRECTION ( 'NONE',  ( -0.7071067811865462405, 2.122205421015054357E-16, -0.7071067811865489050 ) ) ;
#7779 = ORIENTED_EDGE ( 'NONE', *, *, #7475, .T. ) ;
#7780 = ORIENTED_EDGE ( 'NONE', *, *, #7032, .T. ) ;
#7781 = ORIENTED_EDGE ( 'NONE', *, *, #8185, .F. ) ;
#7782 = CARTESIAN_POINT ( 'NONE',  ( 84.20000000000001705, -19.10000000000000142, -17.73999999999999844 ) ) ;
#7783 = EDGE_LOOP ( 'NONE', ( #2284, #8353, #488, #10021 ) ) ;
#7784 = DIRECTION ( 'NONE',  ( 0.000000000000000000, 0.000000000000000000, 1.000000000000000000 ) ) ;
#7785 = CARTESIAN_POINT ( 'NONE',  ( 87.42396586856192187, -11.16898713594661174, -17.45800958812954207 ) ) ;
#7786 = CARTESIAN_POINT ( 'NONE',  ( 87.94639296586103683, -13.92094921441978173, -16.50120297281689830 ) ) ;
#7787 = CARTESIAN_POINT ( 'NONE',  ( 84.20000000000001705, -16.69999999999999929, -13.70000000000000107 ) ) ;
#7788 = VECTOR ( 'NONE', #10035, 1000.000000000000000 ) ;
#7789 = FACE_BOUND ( 'NONE', #5032, .T. ) ;
#7790 = DIRECTION ( 'NONE',  ( 0.000000000000000000, -1.000000000000000000, -2.168404344971006896E-16 ) ) ;
#7791 = AXIS2_PLACEMENT_3D ( 'NONE', #4135, #1923, #2811 ) ;
#7792 = VERTEX_POINT ( 'NONE', #9607 ) ;
#7793 = ORIENTED_EDGE ( 'NONE', *, *, #4377, .F. ) ;
#7794 = CARTESIAN_POINT ( 'NONE',  ( 2.029357595202611719, 12.20382758788336908, -17.73010824390472706 ) ) ;
#7795 = CARTESIAN_POINT ( 'NONE',  ( 16.26999999999954483, -3.309999999999920561, -1.189999999999573399 ) ) ;
#7796 = CARTESIAN_POINT ( 'NONE',  ( 0.1999999999999996503, -9.099999999999994316, -17.74000000000000199 ) ) ;
#7797 = VECTOR ( 'NONE', #1257, 1000.000000000000000 ) ;
#7798 = ORIENTED_EDGE ( 'NONE', *, *, #3915, .F. ) ;
#7799 = ORIENTED_EDGE ( 'NONE', *, *, #7569, .F. ) ;
#7800 = ORIENTED_EDGE ( 'NONE', *, *, #4410, .T. ) ;
#7801 = CARTESIAN_POINT ( 'NONE',  ( -1.800000000000000266, -9.500000000000001776, 42.80000000000000426 ) ) ;
#7802 = ADVANCED_FACE ( 'NONE', ( #3106 ), #4034, .F. ) ;
#7803 = EDGE_CURVE ( 'NONE', #9281, #3803, #4020, .T. ) ;
#7804 = AXIS2_PLACEMENT_3D ( 'NONE', #4890, #932, #1790 ) ;
#7805 = SURFACE_SIDE_STYLE ('',( #5873 ) ) ;
#7806 = ORIENTED_EDGE ( 'NONE', *, *, #2233, .F. ) ;
#7807 =( LENGTH_UNIT ( ) NAMED_UNIT ( * ) SI_UNIT ( .MILLI., .METRE. ) );
#7808 = DIRECTION ( 'NONE',  ( 0.000000000000000000, -1.404986760216307406E-16, 1.000000000000000000 ) ) ;
#7809 = FACE_OUTER_BOUND ( 'NONE', #2731, .T. ) ;
#7810 = CARTESIAN_POINT ( 'NONE',  ( 86.79999999999999716, -17.50000000000000711, 54.20000000000000995 ) ) ;
#7811 = CARTESIAN_POINT ( 'NONE',  ( 39.17437994828640058, -17.76656026103060171, 23.89887867452334191 ) ) ;
#7812 = CARTESIAN_POINT ( 'NONE',  ( 43.68284214599194115, -18.69999999999999929, 37.28137141638113405 ) ) ;
#7813 = VERTEX_POINT ( 'NONE', #4070 ) ;
#7814 = EDGE_CURVE ( 'NONE', #5236, #10059, #4528, .T. ) ;
#7815 = ORIENTED_EDGE ( 'NONE', *, *, #2546, .T. ) ;
#7816 = CARTESIAN_POINT ( 'NONE',  ( 21.00677727426997166, -9.494633136679889063, -2.000000000000000000 ) ) ;
#7817 = EDGE_LOOP ( 'NONE', ( #8597, #1275, #4057, #9473 ) ) ;
#7818 = CARTESIAN_POINT ( 'NONE',  ( 87.03784892968877784, -10.36351363254653535, -17.63628122369984297 ) ) ;
#7819 = CARTESIAN_POINT ( 'NONE',  ( 88.00000000000001421, -14.62770798392567251, -16.07333333333332348 ) ) ;
#7820 = ORIENTED_EDGE ( 'NONE', *, *, #9154, .T. ) ;
#7821 = FACE_OUTER_BOUND ( 'NONE', #7454, .T. ) ;
#7822 = ORIENTED_EDGE ( 'NONE', *, *, #2763, .T. ) ;
#7823 = ORIENTED_EDGE ( 'NONE', *, *, #1111, .T. ) ;
#7824 = CARTESIAN_POINT ( 'NONE',  ( 70.60000000000000853, 3.662330314989931779, -17.73999999999999844 ) ) ;
#7825 = AXIS2_PLACEMENT_3D ( 'NONE', #2977, #2162, #6052 ) ;
#7826 = CARTESIAN_POINT ( 'NONE',  ( -0.8000000000000001554, -0.1000000000000008521, 8.599999999999999645 ) ) ;
#7827 = CARTESIAN_POINT ( 'NONE',  ( 2.199999999999993516, -0.1000000000000002415, 56.79999999999999716 ) ) ;
#7828 = ORIENTED_EDGE ( 'NONE', *, *, #4343, .F. ) ;
#7829 = CARTESIAN_POINT ( 'NONE',  ( -0.2000000000000000111, -15.50000000000001421, -1.913751877412138293E-15 ) ) ;
#7830 = EDGE_CURVE ( 'NONE', #2889, #5770, #8664, .T. ) ;
#7831 = LINE ( 'NONE', #8064, #5653 ) ;
#7832 = ORIENTED_EDGE ( 'NONE', *, *, #8813, .T. ) ;
#7833 = EDGE_CURVE ( 'NONE', #849, #9057, #5648, .T. ) ;
#7834 = ORIENTED_EDGE ( 'NONE', *, *, #8417, .T. ) ;
#7835 = CARTESIAN_POINT ( 'NONE',  ( 2.694080828065734678, -11.46753058865068020, -17.45643793749767170 ) ) ;
#7836 = FACE_OUTER_BOUND ( 'NONE', #6891, .T. ) ;
#7837 = DIRECTION ( 'NONE',  ( 1.000000000000000000, -0.000000000000000000, 0.000000000000000000 ) ) ;
#7838 = CARTESIAN_POINT ( 'NONE',  ( -0.8000000000000001554, -4.100000000000000533, 3.599999999999999645 ) ) ;
#7839 = CARTESIAN_POINT ( 'NONE',  ( 1.799999999999999822, 11.79999999999999538, -17.73999999999999844 ) ) ;
#7840 = EDGE_LOOP ( 'NONE', ( #8823, #6339, #9610, #6414 ) ) ;
#7841 = DIRECTION ( 'NONE',  ( -1.399999999999985673E-14, 0.000000000000000000, -1.000000000000000000 ) ) ;
#7842 = CARTESIAN_POINT ( 'NONE',  ( -1.800000000000000266, 16.36070170039654315, -15.74000000000000021 ) ) ;
#7843 = DIRECTION ( 'NONE',  ( 0.000000000000000000, 0.000000000000000000, 1.000000000000000000 ) ) ;
#7844 = AXIS2_PLACEMENT_3D ( 'NONE', #4921, #6385, #8688 ) ;
#7845 = ORIENTED_EDGE ( 'NONE', *, *, #1487, .T. ) ;
#7846 = ORIENTED_EDGE ( 'NONE', *, *, #4766, .T. ) ;
#7847 = EDGE_CURVE ( 'NONE', #2843, #7406, #3583, .T. ) ;
#7848 = EDGE_CURVE ( 'NONE', #1018, #6255, #1951, .T. ) ;
#7849 = CARTESIAN_POINT ( 'NONE',  ( 38.25508324815965722, -17.50000000000000355, 40.44638861441639222 ) ) ;
#7850 = ORIENTED_EDGE ( 'NONE', *, *, #7597, .T. ) ;
#7851 = ADVANCED_FACE ( 'NONE', ( #3097, #8188 ), #8819, .F. ) ;
#7852 = CARTESIAN_POINT ( 'NONE',  ( 86.76305580258426176, -9.813918472646038893, -17.70677575571589202 ) ) ;
#7853 = CARTESIAN_POINT ( 'NONE',  ( 86.66736361904671071, -9.784201593754424664, -17.71656819247576564 ) ) ;
#7854 = CARTESIAN_POINT ( 'NONE',  ( 70.59999999999999432, 11.79999999999999893, -11.50000000000000000 ) ) ;
#7855 = ORIENTED_EDGE ( 'NONE', *, *, #6367, .T. ) ;
#7856 = FACE_OUTER_BOUND ( 'NONE', #9867, .T. ) ;
#7857 = ORIENTED_EDGE ( 'NONE', *, *, #4956, .T. ) ;
#7858 = FACE_OUTER_BOUND ( 'NONE', #3405, .T. ) ;
#7859 = EDGE_CURVE ( 'NONE', #4638, #5115, #7453, .T. ) ;
#7860 = ORIENTED_EDGE ( 'NONE', *, *, #6379, .F. ) ;
#7861 = EDGE_CURVE ( 'NONE', #4402, #9330, #2599, .T. ) ;
#7862 = CARTESIAN_POINT ( 'NONE',  ( 3.800000000000001155, -19.10000000000000142, 10.79999999999999893 ) ) ;
#7863 = EDGE_LOOP ( 'NONE', ( #9470, #1387, #6114, #7780 ) ) ;
#7864 = VECTOR ( 'NONE', #7109, 1000.000000000000000 ) ;
#7865 = ORIENTED_EDGE ( 'NONE', *, *, #2751, .T. ) ;
#7866 = CARTESIAN_POINT ( 'NONE',  ( 37.99196734580363000, -17.70000000000000995, 25.35618090817671444 ) ) ;
#7867 = LINE ( 'NONE', #714, #1746 ) ;
#7868 = VERTEX_POINT ( 'NONE', #4305 ) ;
#7869 = VECTOR ( 'NONE', #8899, 1000.000000000000000 ) ;
#7870 = DIRECTION ( 'NONE',  ( -0.7071067811865517916, 0.000000000000000000, 0.7071067811865431318 ) ) ;
#7871 = LINE ( 'NONE', #2920, #5802 ) ;
#7872 = EDGE_LOOP ( 'NONE', ( #9573, #7679, #6291, #6531 ) ) ;
#7873 = B_SPLINE_CURVE_WITH_KNOTS ( 'NONE', 3,
 ( #9078, #1318, #5387, #9283, #10079, #5492, #725, #10109, #2260, #8494, #6987, #2302, #4717, #7794, #8518, #7721 ),
 .UNSPECIFIED., .F., .F.,
 ( 4, 2, 2, 2, 2, 2, 2, 4 ),
 ( 0.000000000000000000, 0.0006941567259349994221, 0.001388313451869998844, 0.002776626903740002459, 0.003470783629675004266, 0.004164940355610006507, 0.004859097081545008315, 0.005553253807480010122 ),
 .UNSPECIFIED. ) ;
#7874 = ORIENTED_EDGE ( 'NONE', *, *, #3171, .T. ) ;
#7875 = CARTESIAN_POINT ( 'NONE',  ( 3.799999999999999822, -14.40659966456860630, -15.74000000000000377 ) ) ;
#7876 = DIRECTION ( 'NONE',  ( 0.000000000000000000, 0.000000000000000000, 1.000000000000000000 ) ) ;
#7877 = CARTESIAN_POINT ( 'NONE',  ( -1.733040139496548449, -13.72837460824535860, -16.25326140781870166 ) ) ;
#7879 = EDGE_CURVE ( 'NONE', #3422, #8513, #1092, .T. ) ;
#7878 = CARTESIAN_POINT ( 'NONE',  ( 41.99999999996698818, -5.150000000033722714, -0.9999999999999130695 ) ) ;
#7880 = CARTESIAN_POINT ( 'NONE',  ( 49.91715785400807448, -27.50000000000000355, 28.21862858361889081 ) ) ;
#7881 = CIRCLE ( 'NONE', #3112, 5.099999999999993427 ) ;
#7882 = DIRECTION ( 'NONE',  ( 0.000000000000000000, -0.000000000000000000, 1.000000000000000000 ) ) ;
#7883 = ORIENTED_EDGE ( 'NONE', *, *, #1648, .F. ) ;
#7884 = ORIENTED_EDGE ( 'NONE', *, *, #9483, .F. ) ;
#7885 = FACE_OUTER_BOUND ( 'NONE', #7863, .T. ) ;
#7886 = VERTEX_POINT ( 'NONE', #9741 ) ;
#7887 = ORIENTED_EDGE ( 'NONE', *, *, #8398, .F. ) ;
#7888 = ORIENTED_EDGE ( 'NONE', *, *, #9192, .F. ) ;
#7889 = CARTESIAN_POINT ( 'NONE',  ( -1.000000000000000000, -4.545900930049277200, 18.39936534720461481 ) ) ;
#7890 = VECTOR ( 'NONE', #8929, 1000.000000000000000 ) ;
#7891 = CARTESIAN_POINT ( 'NONE',  ( 42.26862858361887021, -18.70000000000000995, 29.63284214599196531 ) ) ;
#7892 = CARTESIAN_POINT ( 'NONE',  ( 88.24550232855604293, -13.33071403882097350, -16.51234122292354911 ) ) ;
#7893 = DIRECTION ( 'NONE',  ( 1.000000000000000000, 3.469446951953613696E-16, 0.000000000000000000 ) ) ;
#7894 = CARTESIAN_POINT ( 'NONE',  ( 1.799999999999996048, -17.50000000000000000, -2.755455298081544778E-15 ) ) ;
#7895 = ORIENTED_EDGE ( 'NONE', *, *, #524, .T. ) ;
#7896 = LINE ( 'NONE', #1113, #5213 ) ;
#7897 = CARTESIAN_POINT ( 'NONE',  ( -1.800000000000000266, -1.649999999999729017, 12.27259155458886397 ) ) ;
#7898 = ORIENTED_EDGE ( 'NONE', *, *, #98, .F. ) ;
#7899 = EDGE_CURVE ( 'NONE', #5131, #5750, #3800, .T. ) ;
#7900 = FACE_OUTER_BOUND ( 'NONE', #5875, .T. ) ;
#7901 = FACE_OUTER_BOUND ( 'NONE', #8619, .T. ) ;
#7902 = VECTOR ( 'NONE', #10096, 1000.000000000000000 ) ;
#7903 = EDGE_LOOP ( 'NONE', ( #1861, #2947, #9878, #7459, #2725 ) ) ;
#7904 = CARTESIAN_POINT ( 'NONE',  ( 43.35838771269639835, -17.50000000000000355, 28.45985957527252452 ) ) ;
#7905 = DIRECTION ( 'NONE',  ( 0.000000000000000000, -1.000000000000000000, -1.234678630588475078E-16 ) ) ;
#7906 = PLANE ( 'NONE',  #7318 ) ;
#7907 = CARTESIAN_POINT ( 'NONE',  ( -1.257963120747446206, -13.41425517559635772, -16.76235745745502470 ) ) ;
#7908 = CYLINDRICAL_SURFACE ( 'NONE', #5176, 11.50000000000000355 ) ;
#7909 = ORIENTED_EDGE ( 'NONE', *, *, #8322, .F. ) ;
#7910 = DIRECTION ( 'NONE',  ( 0.7071067811865492381, -0.7071067811865457964, 0.000000000000000000 ) ) ;
#7911 = PLANE ( 'NONE',  #7586 ) ;
#7912 = ADVANCED_FACE ( 'NONE', ( #964 ), #6779, .T. ) ;
#7913 = AXIS2_PLACEMENT_3D ( 'NONE', #4802, #796, #7091 ) ;
#7914 = VECTOR ( 'NONE', #2364, 1000.000000000000000 ) ;
#7915 = DIRECTION ( 'NONE',  ( -0.000000000000000000, 1.000000000000000000, 3.001251688541188813E-16 ) ) ;
#7916 = EDGE_CURVE ( 'NONE', #9057, #1717, #3401, .T. ) ;
#7917 = EDGE_CURVE ( 'NONE', #5682, #8691, #2529, .T. ) ;
#7918 = EDGE_CURVE ( 'NONE', #9944, #5645, #8534, .T. ) ;
#7919 = CARTESIAN_POINT ( 'NONE',  ( 49.95693684718209227, -19.10000000000000142, 28.74453501539409572 ) ) ;
#7920 = CARTESIAN_POINT ( 'NONE',  ( 45.38578643762691200, -17.50000000000000000, 32.75000000000001421 ) ) ;
#7921 = DIRECTION ( 'NONE',  ( 0.000000000000000000, -1.000000000000000000, 0.000000000000000000 ) ) ;
#7922 = ADVANCED_FACE ( 'NONE', ( #9152 ), #6996, .F. ) ;
#7923 = ORIENTED_EDGE ( 'NONE', *, *, #5378, .F. ) ;
#7924 = VERTEX_POINT ( 'NONE', #5908 ) ;
#7925 = VERTEX_POINT ( 'NONE', #1298 ) ;
#7926 = CARTESIAN_POINT ( 'NONE',  ( 42.58778217704466584, -19.03194953600382178, 29.48254820357770711 ) ) ;
#7927 = CARTESIAN_POINT ( 'NONE',  ( 86.58206479586428372, -9.457081605185678086, -17.73169687473014022 ) ) ;
#7928 = DIRECTION ( 'NONE',  ( 0.000000000000000000, 0.000000000000000000, -1.000000000000000000 ) ) ;
#7929 = ORIENTED_EDGE ( 'NONE', *, *, #9014, .T. ) ;
#7930 = ORIENTED_EDGE ( 'NONE', *, *, #5909, .T. ) ;
#7931 = ORIENTED_EDGE ( 'NONE', *, *, #5208, .F. ) ;
#7932 = CARTESIAN_POINT ( 'NONE',  ( 84.20000000000001705, 9.254415587728425763, -15.17695526217005941 ) ) ;
#7933 = CARTESIAN_POINT ( 'NONE',  ( -0.006234854993697451324, -9.504556211921340036, -17.72960074913470407 ) ) ;
#7934 = CARTESIAN_POINT ( 'NONE',  ( 57.21903090930204172, -19.10000000000000853, 44.01755904672594966 ) ) ;
#7935 = CARTESIAN_POINT ( 'NONE',  ( 3.799999999999999822, 17.99999999999999645, -11.53999999999999737 ) ) ;
#7936 = DIRECTION ( 'NONE',  ( 0.000000000000000000, -1.000000000000000000, 0.000000000000000000 ) ) ;
#7937 = VECTOR ( 'NONE', #9818, 1000.000000000000000 ) ;
#7938 = ORIENTED_EDGE ( 'NONE', *, *, #3213, .T. ) ;
#7939 = VECTOR ( 'NONE', #5668, 1000.000000000000114 ) ;
#7940 = CARTESIAN_POINT ( 'NONE',  ( 66.40000000000000568, -11.20000000000000107, -1.800000000000000044 ) ) ;
#7941 = EDGE_CURVE ( 'NONE', #9077, #5353, #5031, .T. ) ;
#7942 = AXIS2_PLACEMENT_3D ( 'NONE', #787, #1599, #6294 ) ;
#7943 = DIRECTION ( 'NONE',  ( 0.000000000000000000, -0.000000000000000000, 1.000000000000000000 ) ) ;
#7944 = DIRECTION ( 'NONE',  ( 1.000000000000000000, 0.000000000000000000, 0.000000000000000000 ) ) ;
#7945 = CARTESIAN_POINT ( 'NONE',  ( -1.510193072320496599, -12.86757576004760750, -16.77749819855143087 ) ) ;
#7946 = CARTESIAN_POINT ( 'NONE',  ( -4.000000000000013323, -11.70000000000002593, 38.80000000000000426 ) ) ;
#7947 = DIRECTION ( 'NONE',  ( -0.000000000000000000, 1.000000000000000000, -0.000000000000000000 ) ) ;
#7948 = ORIENTED_EDGE ( 'NONE', *, *, #6935, .T. ) ;
#7949 = CARTESIAN_POINT ( 'NONE',  ( -1.799999999999999378, -3.200000000000001510, -1.800000000000000044 ) ) ;
#7950 = CARTESIAN_POINT ( 'NONE',  ( -0.2000000000000000111, -4.545900930049278088, 20.39936534720461481 ) ) ;
#7951 = ORIENTED_EDGE ( 'NONE', *, *, #4612, .F. ) ;
#7952 = CARTESIAN_POINT ( 'NONE',  ( -1.800000000000000266, -9.500000000000001776, 46.80000000000000426 ) ) ;
#7953 = EDGE_CURVE ( 'NONE', #5086, #2772, #4774, .T. ) ;
#7954 = CARTESIAN_POINT ( 'NONE',  ( 56.86006650948311147, -18.96600906759654848, 21.65191355925318106 ) ) ;
#7955 = CARTESIAN_POINT ( 'NONE',  ( -0.3977260649634765666, -10.28251065371134843, -17.64894216904389523 ) ) ;
#7956 = CARTESIAN_POINT ( 'NONE',  ( 51.04852870390654118, -19.10000000000000497, 29.34999943351737883 ) ) ;
#7957 = ADVANCED_FACE ( 'NONE', ( #8909 ), #3058, .T. ) ;
#7958 = CARTESIAN_POINT ( 'NONE',  ( 41.99999999996702371, -3.900000000034565151, -0.2000000000000006217 ) ) ;
#7959 = ORIENTED_EDGE ( 'NONE', *, *, #5580, .T. ) ;
#7960 = EDGE_LOOP ( 'NONE', ( #3275, #1669, #2196, #8964, #7306 ) ) ;
#7961 = CARTESIAN_POINT ( 'NONE',  ( -1.800000000000000266, -17.50000000000000000, 6.800000000000000711 ) ) ;
#7962 = ORIENTED_EDGE ( 'NONE', *, *, #4700, .F. ) ;
#7963 = CARTESIAN_POINT ( 'NONE',  ( -0.7981376452362972662, -11.11335174779670609, -17.47313900252472152 ) ) ;
#7964 = VERTEX_POINT ( 'NONE', #7772 ) ;
#7965 = ORIENTED_EDGE ( 'NONE', *, *, #2892, .T. ) ;
#7966 = VERTEX_POINT ( 'NONE', #7663 ) ;
#7967 = ADVANCED_FACE ( 'NONE', ( #2971 ), #6128, .F. ) ;
#7968 = AXIS2_PLACEMENT_3D ( 'NONE', #2239, #7694, #3818 ) ;
#7969 = PLANE ( 'NONE',  #3608 ) ;
#7970 = LINE ( 'NONE', #3624, #9890 ) ;
#7971 = CARTESIAN_POINT ( 'NONE',  ( 35.80000000000000426, -17.50000000000000000, 10.79999999999999716 ) ) ;
#7972 = CARTESIAN_POINT ( 'NONE',  ( -0.4378693592549676716, -10.75610976735362456, -17.60263187453053746 ) ) ;
#7973 = CARTESIAN_POINT ( 'NONE',  ( -1.800000000000000266, -17.50000000000000000, 26.80000000000000071 ) ) ;
#7974 = EDGE_CURVE ( 'NONE', #2055, #6917, #4087, .T. ) ;
#7975 = EDGE_CURVE ( 'NONE', #671, #3879, #9877, .T. ) ;
#7976 = VERTEX_POINT ( 'NONE', #5290 ) ;
#7977 = CARTESIAN_POINT ( 'NONE',  ( 55.70954544295054234, -18.70000000000000284, 24.68898269447342742 ) ) ;
#7978 = CARTESIAN_POINT ( 'NONE',  ( 1.916100102814899397, -9.327576289641402951, -17.73683811954098744 ) ) ;
#7979 = VECTOR ( 'NONE', #7122, 1000.000000000000000 ) ;
#7980 = DIRECTION ( 'NONE',  ( -0.000000000000000000, 1.000000000000000000, -0.000000000000000000 ) ) ;
#7981 = LINE ( 'NONE', #6620, #125 ) ;
#7982 = CARTESIAN_POINT ( 'NONE',  ( -1.800000000000000266, -9.500000000000001776, 46.80000000000000426 ) ) ;
#7983 = CARTESIAN_POINT ( 'NONE',  ( 87.30519078537402322, -10.91508861040931144, -17.52442738495856034 ) ) ;
#7984 = DIRECTION ( 'NONE',  ( 0.000000000000000000, 0.000000000000000000, 1.000000000000000000 ) ) ;
#7985 = AXIS2_PLACEMENT_3D ( 'NONE', #6041, #4448, #5239 ) ;
#7986 = CIRCLE ( 'NONE', #4997, 1.249999999999144240 ) ;
#7987 = EDGE_CURVE ( 'NONE', #5198, #2724, #571, .T. ) ;
#7988 = EDGE_CURVE ( 'NONE', #5214, #8433, #4294, .T. ) ;
#7989 = AXIS2_PLACEMENT_3D ( 'NONE', #6952, #721, #8426 ) ;
#7990 = CARTESIAN_POINT ( 'NONE',  ( 43.55507217125866504, -18.87818644080049424, 37.15714770990337001 ) ) ;
#7991 = CARTESIAN_POINT ( 'NONE',  ( 86.57806578071928527, -9.449225259004586874, -17.73205838479691820 ) ) ;
#7992 = VECTOR ( 'NONE', #3366, 1000.000000000000000 ) ;
#7993 = CARTESIAN_POINT ( 'NONE',  ( 36.04325111527758452, -18.70000000000579377, 23.40746467765066541 ) ) ;
#7994 = LINE ( 'NONE', #5328, #10058 ) ;
#7995 = ORIENTED_EDGE ( 'NONE', *, *, #8878, .F. ) ;
#7996 = EDGE_CURVE ( 'NONE', #6598, #913, #1941, .T. ) ;
#7997 = FACE_OUTER_BOUND ( 'NONE', #8100, .T. ) ;
#7998 = ORIENTED_EDGE ( 'NONE', *, *, #5721, .T. ) ;
#7999 = AXIS2_PLACEMENT_3D ( 'NONE', #3464, #4714, #8653 ) ;
#8000 = ORIENTED_EDGE ( 'NONE', *, *, #2983, .F. ) ;
#8001 = CARTESIAN_POINT ( 'NONE',  ( 57.11909775691679414, -19.08814319986204922, 44.06516693939832408 ) ) ;
#8002 = CARTESIAN_POINT ( 'NONE',  ( -1.800000000000000266, -17.50000000000000000, 18.80000000000000071 ) ) ;
#8003 = CARTESIAN_POINT ( 'NONE',  ( -1.760203220280359915, -13.88495347591285345, -16.14425074667543925 ) ) ;
#8004 = LINE ( 'NONE', #5862, #759 ) ;
#8005 = CARTESIAN_POINT ( 'NONE',  ( -1.800000000000000266, -9.500000000000001776, 30.80000000000000071 ) ) ;
#8006 = DIRECTION ( 'NONE',  ( 1.000000000000000000, -0.000000000000000000, -0.000000000000000000 ) ) ;
#8007 = LINE ( 'NONE', #685, #3966 ) ;
#8008 = ORIENTED_EDGE ( 'NONE', *, *, #353, .T. ) ;
#8009 = CARTESIAN_POINT ( 'NONE',  ( 3.351636256948361314, -13.95910101254446900, -16.48010405987841409 ) ) ;
#8010 = B_SPLINE_CURVE_WITH_KNOTS ( 'NONE', 3,
 ( #10140, #758, #3842, #4756, #6219, #1531, #7024, #3190 ),
 .UNSPECIFIED., .F., .F.,
 ( 4, 2, 2, 4 ),
 ( -4.013977638223018278E-06, 0.0003615764601613063122, 0.0005443716790610737388, 0.0007271668979608412195 ),
 .UNSPECIFIED. ) ;
#8011 = ORIENTED_EDGE ( 'NONE', *, *, #214, .F. ) ;
#8012 = CARTESIAN_POINT ( 'NONE',  ( 72.60000000000000853, -19.10000000000000142, -15.73999999999999666 ) ) ;
#8013 = ORIENTED_EDGE ( 'NONE', *, *, #2140, .F. ) ;
#8014 = CARTESIAN_POINT ( 'NONE',  ( 2.031932299498263372, -9.555032649180359883, -17.72735518186384596 ) ) ;
#8015 = CARTESIAN_POINT ( 'NONE',  ( -4.000000000000011546, -11.70000000000002061, 26.80000000000000071 ) ) ;
#8016 = ORIENTED_EDGE ( 'NONE', *, *, #2526, .T. ) ;
#8017 = FACE_OUTER_BOUND ( 'NONE', #7028, .T. ) ;
#8019 = EDGE_CURVE ( 'NONE', #3499, #2055, #8200, .T. ) ;
#8018 = DIRECTION ( 'NONE',  ( -0.000000000000000000, -1.000000000000000000, -0.000000000000000000 ) ) ;
#8020 = CARTESIAN_POINT ( 'NONE',  ( 88.01295278865357830, -12.58214886773943775, -16.92300552984467643 ) ) ;
#8021 = CARTESIAN_POINT ( 'NONE',  ( 1.799999999999996048, -17.50000000000000000, -2.755455298081544778E-15 ) ) ;
#8022 = VECTOR ( 'NONE', #6687, 1000.000000000000000 ) ;
#8023 = ORIENTED_EDGE ( 'NONE', *, *, #1754, .T. ) ;
#8024 = ADVANCED_FACE ( 'NONE', ( #7821 ), #1441, .F. ) ;
#8025 = ORIENTED_EDGE ( 'NONE', *, *, #1606, .T. ) ;
#8026 = VECTOR ( 'NONE', #8138, 1000.000000000000000 ) ;
#8027 = ORIENTED_EDGE ( 'NONE', *, *, #9696, .T. ) ;
#8028 = DIRECTION ( 'NONE',  ( -0.000000000000000000, 1.000000000000000000, -0.000000000000000000 ) ) ;
#8029 = CARTESIAN_POINT ( 'NONE',  ( 1.799999999999995604, -17.50000000000000355, 36.79999999999999716 ) ) ;
#8030 = DIRECTION ( 'NONE',  ( -0.000000000000000000, 1.000000000000000000, -0.000000000000000000 ) ) ;
#8031 = CARTESIAN_POINT ( 'NONE',  ( 54.19381909182334311, -27.50000000000000355, 23.94196734580367547 ) ) ;
#8032 = CARTESIAN_POINT ( 'NONE',  ( 86.79999999999999716, -15.54999999999981419, 1.950000000000472244 ) ) ;
#8033 = FACE_OUTER_BOUND ( 'NONE', #7730, .T. ) ;
#8034 = LINE ( 'NONE', #3004, #5718 ) ;
#8035 = VECTOR ( 'NONE', #10018, 1000.000000000000000 ) ;
#8036 = ORIENTED_EDGE ( 'NONE', *, *, #826, .T. ) ;
#8037 = FACE_OUTER_BOUND ( 'NONE', #6125, .T. ) ;
#8038 = AXIS2_PLACEMENT_3D ( 'NONE', #3502, #2032, #1958 ) ;
#8039 = ORIENTED_EDGE ( 'NONE', *, *, #2736, .F. ) ;
#8040 = CARTESIAN_POINT ( 'NONE',  ( 46.80000000000000426, -19.10000000000000497, 37.84999999999999432 ) ) ;
#8041 = ORIENTED_EDGE ( 'NONE', *, *, #2404, .T. ) ;
#8042 = EDGE_CURVE ( 'NONE', #7067, #727, #9636, .T. ) ;
#8043 = CARTESIAN_POINT ( 'NONE',  ( 43.68284214599195536, -27.50000000000000355, 37.28137141638112695 ) ) ;
#8044 = CARTESIAN_POINT ( 'NONE',  ( 86.79999999999999716, 0.000000000000000000, 0.000000000000000000 ) ) ;
#8045 = CARTESIAN_POINT ( 'NONE',  ( -0.6913867289004974603, -11.45767369777800937, -17.46102821380221215 ) ) ;
#8046 = VECTOR ( 'NONE', #6865, 1000.000000000000000 ) ;
#8047 = FACE_OUTER_BOUND ( 'NONE', #2690, .T. ) ;
#8048 = VERTEX_POINT ( 'NONE', #8507 ) ;
#8049 = VERTEX_POINT ( 'NONE', #10089 ) ;
#8050 = PLANE ( 'NONE',  #612 ) ;
#8051 = CARTESIAN_POINT ( 'NONE',  ( 2.204504031925523133, -9.895909263418301904, -17.69953467569465033 ) ) ;
#8052 = DIRECTION ( 'NONE',  ( 0.000000000000000000, 0.000000000000000000, 1.000000000000000000 ) ) ;
#8053 = VERTEX_POINT ( 'NONE', #697 ) ;
#8054 = EDGE_CURVE ( 'NONE', #10091, #6994, #5525, .T. ) ;
#8055 = EDGE_CURVE ( 'NONE', #2724, #8120, #3331, .T. ) ;
#8056 = LINE ( 'NONE', #689, #1927 ) ;
#8057 = DIRECTION ( 'NONE',  ( 0.000000000000000000, 0.000000000000000000, -1.000000000000000000 ) ) ;
#8058 = CARTESIAN_POINT ( 'NONE',  ( 88.22245390093515027, -13.24168496857639887, -16.56682894894361979 ) ) ;
#8059 = CARTESIAN_POINT ( 'NONE',  ( 82.40000000000000568, -8.099999999999999645, 56.79999999999999716 ) ) ;
#8060 = VECTOR ( 'NONE', #3650, 1000.000000000000000 ) ;
#8061 = ORIENTED_EDGE ( 'NONE', *, *, #7775, .T. ) ;
#8062 = DIRECTION ( 'NONE',  ( 0.000000000000000000, 0.000000000000000000, 1.000000000000000000 ) ) ;
#8063 = PLANE ( 'NONE',  #2630 ) ;
#8064 = CARTESIAN_POINT ( 'NONE',  ( 84.20000000000001705, -16.69999999999999929, -9.299999999999998934 ) ) ;
#8065 = VECTOR ( 'NONE', #4260, 1000.000000000000114 ) ;
#8066 = VERTEX_POINT ( 'NONE', #5502 ) ;
#8067 = CARTESIAN_POINT ( 'NONE',  ( 3.799999999999999378, 16.36070170039654315, -15.74000000000000021 ) ) ;
#8068 = FACE_OUTER_BOUND ( 'NONE', #742, .T. ) ;
#8069 = CARTESIAN_POINT ( 'NONE',  ( -1.069077144348673070, -11.71614608341680608, -17.28590635499115535 ) ) ;
#8070 = ADVANCED_FACE ( 'NONE', ( #10007 ), #7029, .F. ) ;
#8071 = DIRECTION ( 'NONE',  ( 0.000000000000000000, -1.000000000000000000, 0.000000000000000000 ) ) ;
#8072 = CARTESIAN_POINT ( 'NONE',  ( -0.4313859028492945114, -10.35033533290996921, -17.63864607138570051 ) ) ;
#8073 = DIRECTION ( 'NONE',  ( 0.000000000000000000, 0.000000000000000000, 1.000000000000000000 ) ) ;
#8074 = DIRECTION ( 'NONE',  ( 1.000000000000000000, 0.000000000000000000, 0.000000000000000000 ) ) ;
#8075 = EDGE_CURVE ( 'NONE', #702, #9399, #1568, .T. ) ;
#8076 = B_SPLINE_CURVE_WITH_KNOTS ( 'NONE', 3,
 ( #2595, #4210, #9718, #1007 ),
 .UNSPECIFIED., .F., .F.,
 ( 4, 4 ),
 ( 0.000000000000000000, 0.002931721312059144130 ),
 .UNSPECIFIED. ) ;
#8077 = VECTOR ( 'NONE', #6186, 1000.000000000000000 ) ;
#8078 = DIRECTION ( 'NONE',  ( 0.000000000000000000, -1.955719815080955213E-16, 1.000000000000000000 ) ) ;
#8079 = CARTESIAN_POINT ( 'NONE',  ( 2.305108722279590960, -10.40243263844850929, -17.65553839282128124 ) ) ;
#8080 = DIRECTION ( 'NONE',  ( 1.000000000000000000, 0.000000000000000000, 0.000000000000000000 ) ) ;
#8081 = CARTESIAN_POINT ( 'NONE',  ( 88.40000000000000568, -0.1000000000000000056, -0.2000000000000000944 ) ) ;
#8082 = CARTESIAN_POINT ( 'NONE',  ( 88.17528226359922883, -13.07762055678739266, -16.66175152372535351 ) ) ;
#8083 = CARTESIAN_POINT ( 'NONE',  ( -1.800000000000000266, -9.500000000000001776, 38.80000000000000426 ) ) ;
#8084 = ORIENTED_EDGE ( 'NONE', *, *, #2955, .T. ) ;
#8085 = ORIENTED_EDGE ( 'NONE', *, *, #1332, .F. ) ;
#8086 = VERTEX_POINT ( 'NONE', #3299 ) ;
#8087 = EDGE_CURVE ( 'NONE', #5125, #1860, #5989, .T. ) ;
#8088 = MANIFOLD_SOLID_BREP ( 'Fase7', #10030 ) ;
#8089 = DIRECTION ( 'NONE',  ( 0.000000000000000000, 0.7071067811865475727, -0.7071067811865475727 ) ) ;
#8090 = ORIENTED_EDGE ( 'NONE', *, *, #2453, .F. ) ;
#8091 = CARTESIAN_POINT ( 'NONE',  ( 71.11916057536939206, -13.52733843144875792, -16.70741543730408907 ) ) ;
#8092 = CARTESIAN_POINT ( 'NONE',  ( -1.800000000000000266, -9.500000000000001776, 4.799999999999998934 ) ) ;
#8093 = PLANE ( 'NONE',  #3757 ) ;
#8094 = LINE ( 'NONE', #1453, #6872 ) ;
#8095 = ORIENTED_EDGE ( 'NONE', *, *, #7974, .T. ) ;
#8096 = ORIENTED_EDGE ( 'NONE', *, *, #6617, .T. ) ;
#8097 = LINE ( 'NONE', #8875, #8321 ) ;
#8098 = VECTOR ( 'NONE', #3918, 1000.000000000000000 ) ;
#8099 = AXIS2_PLACEMENT_3D ( 'NONE', #6327, #6361, #3321 ) ;
#8100 = EDGE_LOOP ( 'NONE', ( #9780, #2663, #5124, #403 ) ) ;
#8101 = CARTESIAN_POINT ( 'NONE',  ( 72.56128964006271076, -9.175856539291686431, -17.73999999999999844 ) ) ;
#8102 = CARTESIAN_POINT ( 'NONE',  ( 0.1999999999999998723, 11.79999999999999538, -17.73999999999999844 ) ) ;
#8103 = ORIENTED_EDGE ( 'NONE', *, *, #7293, .F. ) ;
#8104 = VECTOR ( 'NONE', #5503, 1000.000000000000000 ) ;
#8105 = PLANE ( 'NONE',  #3242 ) ;
#8106 = EDGE_CURVE ( 'NONE', #8972, #5166, #8523, .T. ) ;
#8107 = EDGE_CURVE ( 'NONE', #7353, #8510, #2317, .T. ) ;
#8108 = ORIENTED_EDGE ( 'NONE', *, *, #8087, .T. ) ;
#8109 = CARTESIAN_POINT ( 'NONE',  ( 51.33137141638112411, -27.50000000000000355, 35.86715785400805601 ) ) ;
#8110 = ORIENTED_EDGE ( 'NONE', *, *, #8801, .T. ) ;
#8111 = CARTESIAN_POINT ( 'NONE',  ( 2.437869359254929424, -10.75610976735361923, -17.60263187453054456 ) ) ;
#8112 = VERTEX_POINT ( 'NONE', #5536 ) ;
#8113 = DIRECTION ( 'NONE',  ( -0.4999999999999878986, -0.7071067811865602293, -0.4999999999999942824 ) ) ;
#8114 = LINE ( 'NONE', #10164, #5924 ) ;
#8115 = CIRCLE ( 'NONE', #6369, 1.000000000000000000 ) ;
#8116 = DIRECTION ( 'NONE',  ( 0.000000000000000000, 1.000000000000000000, -0.000000000000000000 ) ) ;
#8117 = DIRECTION ( 'NONE',  ( -0.000000000000000000, 1.000000000000000000, -0.000000000000000000 ) ) ;
#8118 = AXIS2_PLACEMENT_3D ( 'NONE', #5466, #4731, #8633 ) ;
#8119 = LINE ( 'NONE', #407, #1859 ) ;
#8120 = VERTEX_POINT ( 'NONE', #7160 ) ;
#8121 = ADVANCED_FACE ( 'NONE', ( #4510 ), #2377, .T. ) ;
#8123 = CARTESIAN_POINT ( 'NONE',  ( -1.800000000000000266, -17.50000000000000000, 30.80000000000000071 ) ) ;
#8122 = AXIS2_PLACEMENT_3D ( 'NONE', #1082, #1154, #9756 ) ;
#8124 = EDGE_CURVE ( 'NONE', #5338, #6347, #3444, .T. ) ;
#8125 = VECTOR ( 'NONE', #3421, 1000.000000000000000 ) ;
#8126 = CARTESIAN_POINT ( 'NONE',  ( 46.80000000000000426, -19.10000000000000497, 32.75000000000000000 ) ) ;
#8127 = CARTESIAN_POINT ( 'NONE',  ( -1.000000000000000000, -4.545900930049277200, 16.39936534720461125 ) ) ;
#8128 = CARTESIAN_POINT ( 'NONE',  ( 62.80000000000001137, -19.09999999999999787, 6.799999999999999822 ) ) ;
#8129 = DIRECTION ( 'NONE',  ( 1.000000000000000000, 0.000000000000000000, 0.000000000000000000 ) ) ;
#8130 = FACE_OUTER_BOUND ( 'NONE', #209, .T. ) ;
#8131 = ORIENTED_EDGE ( 'NONE', *, *, #7660, .T. ) ;
#8132 = ORIENTED_EDGE ( 'NONE', *, *, #2954, .F. ) ;
#8133 = VECTOR ( 'NONE', #7386, 1000.000000000000000 ) ;
#8134 = CARTESIAN_POINT ( 'NONE',  ( 3.533333333333305681, -14.55400521080662379, -15.96222222222223586 ) ) ;
#8135 = EDGE_CURVE ( 'NONE', #4436, #9458, #6220, .T. ) ;
#8136 = ORIENTED_EDGE ( 'NONE', *, *, #9314, .T. ) ;
#8137 = AXIS2_PLACEMENT_3D ( 'NONE', #419, #9815, #5979 ) ;
#8138 = DIRECTION ( 'NONE',  ( 0.000000000000000000, -1.234678630588475078E-16, 1.000000000000000000 ) ) ;
#8139 = CARTESIAN_POINT ( 'NONE',  ( 42.34504388948806053, -17.76741802158618455, 35.97824178013787133 ) ) ;
#8140 = VERTEX_POINT ( 'NONE', #4763 ) ;
#8141 = CARTESIAN_POINT ( 'NONE',  ( 1.799999999999996492, -17.50000000000000711, 44.79999999999999716 ) ) ;
#8142 = LINE ( 'NONE', #10157, #769 ) ;
#8143 = B_SPLINE_CURVE_WITH_KNOTS ( 'NONE', 3,
 ( #2106, #1282, #2074, #4449, #9884, #6807, #9133, #9275, #6945, #3793 ),
 .UNSPECIFIED., .F., .F.,
 ( 4, 2, 2, 2, 4 ),
 ( 0.000000000000000000, 0.0006579197002798955682, 0.0009868795504198435691, 0.001151359475489809655, 0.001315839400559775741 ),
 .UNSPECIFIED. ) ;
#8144 = VECTOR ( 'NONE', #3103, 1000.000000000000000 ) ;
#8145 = VECTOR ( 'NONE', #7294, 1000.000000000000000 ) ;
#8146 = ADVANCED_FACE ( 'NONE', ( #4894 ), #4132, .T. ) ;
#8147 = PLANE ( 'NONE',  #9264 ) ;
#8148 = ORIENTED_EDGE ( 'NONE', *, *, #238, .F. ) ;
#8149 = CYLINDRICAL_SURFACE ( 'NONE', #958, 1.249999999975583087 ) ;
#8150 = EDGE_CURVE ( 'NONE', #8755, #6347, #1072, .T. ) ;
#8151 = CARTESIAN_POINT ( 'NONE',  ( 87.29138672890053385, -11.45767369777799871, -17.46102821380221215 ) ) ;
#8152 = DIRECTION ( 'NONE',  ( 0.000000000000000000, -1.000000000000000000, 0.000000000000000000 ) ) ;
#8153 = VERTEX_POINT ( 'NONE', #8941 ) ;
#8154 = DIRECTION ( 'NONE',  ( 0.000000000000000000, -1.000000000000000000, -1.234678630588475078E-16 ) ) ;
#8155 = CARTESIAN_POINT ( 'NONE',  ( 29.84999999996614761, -3.900000000034393288, -1.800000000000000044 ) ) ;
#8156 = LINE ( 'NONE', #8463, #1909 ) ;
#8157 = ORIENTED_EDGE ( 'NONE', *, *, #2893, .T. ) ;
#8158 = CARTESIAN_POINT ( 'NONE',  ( 71.00436739460843683, -14.41204157704820510, -16.21339945378196745 ) ) ;
#8159 = DIRECTION ( 'NONE',  ( 0.000000000000000000, 1.000000000000000000, 0.000000000000000000 ) ) ;
#8160 = CARTESIAN_POINT ( 'NONE',  ( 70.60000000000000853, -2.961269837220837697, -2.961269837220851464 ) ) ;
#8161 = AXIS2_PLACEMENT_3D ( 'NONE', #10152, #7063, #5641 ) ;
#8162 = EDGE_CURVE ( 'NONE', #7353, #6635, #9136, .T. ) ;
#8163 = EDGE_CURVE ( 'NONE', #6941, #166, #6845, .T. ) ;
#8164 = ADVANCED_FACE ( 'NONE', ( #2705 ), #5138, .F. ) ;
#8165 = DIRECTION ( 'NONE',  ( -0.000000000000000000, 0.000000000000000000, 1.000000000000000000 ) ) ;
#8166 = CARTESIAN_POINT ( 'NONE',  ( 72.29898886670008551, -9.691247420806142543, -17.71730118344773786 ) ) ;
#8167 = CARTESIAN_POINT ( 'NONE',  ( -0.2045040319256004879, -9.895909263418289470, -17.69953467569462902 ) ) ;
#8168 = CARTESIAN_POINT ( 'NONE',  ( 82.82778231445270478, -17.50000000000000711, 67.92925417702893753 ) ) ;
#8169 = FACE_BOUND ( 'NONE', #9936, .T. ) ;
#8170 = CARTESIAN_POINT ( 'NONE',  ( 1.846442580314807236, -9.218509434662776059, -17.73934150620584305 ) ) ;
#8171 = CARTESIAN_POINT ( 'NONE',  ( -1.800000000000000266, -9.500000000000001776, 12.79999999999999893 ) ) ;
#8172 = EDGE_CURVE ( 'NONE', #4916, #5226, #807, .T. ) ;
#8173 = VECTOR ( 'NONE', #4729, 1000.000000000000000 ) ;
#8174 = AXIS2_PLACEMENT_3D ( 'NONE', #7654, #1319, #582 ) ;
#8175 = CARTESIAN_POINT ( 'NONE',  ( 70.59999999999999432, 7.353738136766379441, 0.7160040702168346538 ) ) ;
#8176 = CARTESIAN_POINT ( 'NONE',  ( -1.377262523517335469, -14.17526892150245743, -16.35679618156494186 ) ) ;
#8177 = ORIENTED_EDGE ( 'NONE', *, *, #7419, .T. ) ;
#8178 = LINE ( 'NONE', #9995, #2175 ) ;
#8179 = ORIENTED_EDGE ( 'NONE', *, *, #6087, .F. ) ;
#8180 = ORIENTED_EDGE ( 'NONE', *, *, #1397, .T. ) ;
#8181 = VECTOR ( 'NONE', #8440, 1000.000000000000000 ) ;
#8182 = DIRECTION ( 'NONE',  ( -1.000000000000000000, -0.000000000000000000, -0.000000000000000000 ) ) ;
#8183 = CARTESIAN_POINT ( 'NONE',  ( 84.20000000000001705, 4.299999999999998934, -14.73999999999995225 ) ) ;
#8184 = ORIENTED_EDGE ( 'NONE', *, *, #1549, .T. ) ;
#8185 = EDGE_CURVE ( 'NONE', #2036, #3338, #2832, .T. ) ;
#8186 = ADVANCED_FACE ( 'NONE', ( #2064 ), #1088, .T. ) ;
#8187 = AXIS2_PLACEMENT_3D ( 'NONE', #5659, #1737, #2563 ) ;
#8188 = FACE_OUTER_BOUND ( 'NONE', #4350, .T. ) ;
#8189 = CARTESIAN_POINT ( 'NONE',  ( -1.097314227805528120, -11.78204947287741966, -17.26217936671662656 ) ) ;
#8190 = ORIENTED_EDGE ( 'NONE', *, *, #8782, .T. ) ;
#8191 = CARTESIAN_POINT ( 'NONE',  ( 4.800000000000000711, -17.50000000000000000, 9.799999999999998934 ) ) ;
#8192 = CARTESIAN_POINT ( 'NONE',  ( 71.31393029365563052, -11.75575552395423173, -17.27169152917538497 ) ) ;
#8193 = CARTESIAN_POINT ( 'NONE',  ( 82.40000000000000568, -0.09999999999999882594, 56.79999999999999716 ) ) ;
#8194 = DIRECTION ( 'NONE',  ( 0.000000000000000000, -1.000000000000000000, -1.234678630588475078E-16 ) ) ;
#8195 = DIRECTION ( 'NONE',  ( -1.000000000000000000, -0.000000000000000000, -0.000000000000000000 ) ) ;
#8196 = EDGE_CURVE ( 'NONE', #1860, #1574, #558, .T. ) ;
#8197 = DIRECTION ( 'NONE',  ( 0.000000000000000000, 1.000000000000000000, -0.000000000000000000 ) ) ;
#8198 = CARTESIAN_POINT ( 'NONE',  ( 1.916083622304318501, -9.396333942646082349, -17.73578430876381518 ) ) ;
#8199 = DIRECTION ( 'NONE',  ( 1.000000000000000000, -1.400000000000000345E-14, 0.000000000000000000 ) ) ;
#8200 =( BOUNDED_CURVE ( )  B_SPLINE_CURVE ( 3, ( #4591, #5397, #6198, #5429 ),
 .UNSPECIFIED., .F., .F. ) 
 B_SPLINE_CURVE_WITH_KNOTS ( ( 4, 4 ),
 ( 1.622993939465159574, 1.640417774777317206 ),
 .UNSPECIFIED. ) 
 CURVE ( )  GEOMETRIC_REPRESENTATION_ITEM ( )  RATIONAL_B_SPLINE_CURVE ( ( 1.000000000000000000, 0.9999747009902627548, 0.9999747009902627548, 1.000000000000000000 ) ) 
 REPRESENTATION_ITEM ( '' )  );
#8201 = CARTESIAN_POINT ( 'NONE',  ( 86.58554583959855222, -9.573992342895168761, -17.72946265155322720 ) ) ;
#8202 = LINE ( 'NONE', #9882, #599 ) ;
#8203 = EDGE_LOOP ( 'NONE', ( #10001, #808, #7898, #9254 ) ) ;
#8204 = ADVANCED_FACE ( 'NONE', ( #8068 ), #2589, .F. ) ;
#8205 = VERTEX_POINT ( 'NONE', #9794 ) ;
#8206 = LINE ( 'NONE', #1640, #3485 ) ;
#8207 = CARTESIAN_POINT ( 'NONE',  ( 46.80000000000000426, -27.50000000000000355, 32.75000000000000000 ) ) ;
#8208 = CARTESIAN_POINT ( 'NONE',  ( 84.20000000000001705, 9.254415587728425763, -15.17695526217005941 ) ) ;
#8209 = CYLINDRICAL_SURFACE ( 'NONE', #3570, 3.199999999999999734 ) ;
#8210 = DIRECTION ( 'NONE',  ( -0.000000000000000000, 1.000000000000000000, 3.001251688541188813E-16 ) ) ;
#8211 = DIRECTION ( 'NONE',  ( 0.000000000000000000, 0.7071067811865491270, -0.7071067811865459074 ) ) ;
#8212 = AXIS2_PLACEMENT_3D ( 'NONE', #5241, #7608, #3673 ) ;
#8213 = EDGE_LOOP ( 'NONE', ( #445, #2255, #6832, #471 ) ) ;
#8214 = VERTEX_POINT ( 'NONE', #6648 ) ;
#8215 = LINE ( 'NONE', #3505, #8704 ) ;
#8216 = ORIENTED_EDGE ( 'NONE', *, *, #9792, .T. ) ;
#8217 = FACE_OUTER_BOUND ( 'NONE', #1391, .T. ) ;
#8218 = DIRECTION ( 'NONE',  ( 0.000000000000000000, -0.000000000000000000, 1.000000000000000000 ) ) ;
#8219 = LINE ( 'NONE', #8487, #1490 ) ;
#8220 = VERTEX_POINT ( 'NONE', #1229 ) ;
#8221 = DIRECTION ( 'NONE',  ( 0.000000000000000000, 1.000000000000000000, 0.000000000000000000 ) ) ;
#8222 = AXIS2_PLACEMENT_3D ( 'NONE', #1842, #8116, #8715 ) ;
#8223 = CARTESIAN_POINT ( 'NONE',  ( 31.79999999999999361, -19.10000000000000142, 12.79999999999999893 ) ) ;
#8224 = CARTESIAN_POINT ( 'NONE',  ( 72.12830352962394898, -10.02952629352118308, -17.68446695461013363 ) ) ;
#8225 = CARTESIAN_POINT ( 'NONE',  ( -0.2000000000000000111, -0.1000000000000000056, 0.000000000000000000 ) ) ;
#8226 = ORIENTED_EDGE ( 'NONE', *, *, #3975, .F. ) ;
#8227 = CARTESIAN_POINT ( 'NONE',  ( 46.80000000000000426, -17.50000000000000355, 32.75000000000000000 ) ) ;
#8228 = DIRECTION ( 'NONE',  ( 0.7071067811865440200, 0.7071067811865511255, 2.555489027805635889E-17 ) ) ;
#8229 = EDGE_CURVE ( 'NONE', #4304, #6330, #77, .T. ) ;
#8230 = EDGE_CURVE ( 'NONE', #9057, #5682, #9858, .T. ) ;
#8231 = LINE ( 'NONE', #7409, #6158 ) ;
#8232 = VERTEX_POINT ( 'NONE', #2020 ) ;
#8233 = ADVANCED_FACE ( 'NONE', ( #7557 ), #8147, .T. ) ;
#8234 = DIRECTION ( 'NONE',  ( -0.7071067811865517916, -2.122205421015037593E-16, 0.7071067811865431318 ) ) ;
#8235 = DIRECTION ( 'NONE',  ( 0.000000000000000000, 1.000000000000000000, -0.000000000000000000 ) ) ;
#8236 = CARTESIAN_POINT ( 'NONE',  ( 16.19999999999999218, -0.09999999999999889533, 56.79999999999999716 ) ) ;
#8237 = CARTESIAN_POINT ( 'NONE',  ( 3.799999999999999822, -14.40659966456860275, -15.74000000000000377 ) ) ;
#8238 = ORIENTED_EDGE ( 'NONE', *, *, #4283, .T. ) ;
#8239 = ORIENTED_EDGE ( 'NONE', *, *, #1313, .F. ) ;
#8240 = LINE ( 'NONE', #3347, #5455 ) ;
#8241 = EDGE_LOOP ( 'NONE', ( #6376, #8184, #9253, #7798 ) ) ;
#8242 = AXIS2_PLACEMENT_3D ( 'NONE', #2338, #9482, #5531 ) ;
#8243 = PLANE ( 'NONE',  #7999 ) ;
#8244 = CARTESIAN_POINT ( 'NONE',  ( 71.96861409715073421, -10.35033533290996921, -17.63864607138570406 ) ) ;
#8245 = CARTESIAN_POINT ( 'NONE',  ( 84.20000000000001705, 11.79999999999999716, -11.53999999999999737 ) ) ;
#8246 = CARTESIAN_POINT ( 'NONE',  ( -1.800000000000000266, -17.50000000000000000, 8.799999999999995381 ) ) ;
#8247 = VECTOR ( 'NONE', #7396, 1000.000000000000000 ) ;
#8248 = ORIENTED_EDGE ( 'NONE', *, *, #9872, .F. ) ;
#8249 = VERTEX_POINT ( 'NONE', #7480 ) ;
#8250 = ORIENTED_EDGE ( 'NONE', *, *, #1111, .F. ) ;
#8251 = VERTEX_POINT ( 'NONE', #6582 ) ;
#8252 = EDGE_CURVE ( 'NONE', #6994, #6783, #9981, .T. ) ;
#8253 = LINE ( 'NONE', #914, #9352 ) ;
#8254 = ADVANCED_FACE ( 'NONE', ( #7425 ), #2147, .F. ) ;
#8255 = CARTESIAN_POINT ( 'NONE',  ( 88.40000000000000568, -18.50000000000002487, 54.39999999999972857 ) ) ;
#8256 = DIRECTION ( 'NONE',  ( -0.000000000000000000, 0.000000000000000000, 1.000000000000000000 ) ) ;
#8257 = CARTESIAN_POINT ( 'NONE',  ( 70.66046752054946012, -13.76466177199387531, -16.22817725194397198 ) ) ;
#8258 = CARTESIAN_POINT ( 'NONE',  ( 71.04469725975638994, -13.98688329602303426, -16.46459728047803139 ) ) ;
#8259 = VECTOR ( 'NONE', #2531, 1000.000000000000000 ) ;
#8260 = DIRECTION ( 'NONE',  ( 0.000000000000000000, 0.000000000000000000, -1.000000000000000000 ) ) ;
#8261 = LINE ( 'NONE', #2312, #7174 ) ;
#8262 = ORIENTED_EDGE ( 'NONE', *, *, #4749, .F. ) ;
#8263 = VECTOR ( 'NONE', #703, 1000.000000000000000 ) ;
#8264 = DIRECTION ( 'NONE',  ( 1.000000000000000000, 0.000000000000000000, 0.000000000000000000 ) ) ;
#8265 = LINE ( 'NONE', #10139, #6067 ) ;
#8266 = ORIENTED_EDGE ( 'NONE', *, *, #1260, .T. ) ;
#8267 = DIRECTION ( 'NONE',  ( 1.000000000000000000, -0.000000000000000000, -0.000000000000000000 ) ) ;
#8268 = CARTESIAN_POINT ( 'NONE',  ( 31.80000000000000071, -17.50000000000000000, 6.799999999999999822 ) ) ;
#8269 = DIRECTION ( 'NONE',  ( 1.399999999999987250E-14, -0.000000000000000000, 1.000000000000000000 ) ) ;
#8270 = LINE ( 'NONE', #3773, #2039 ) ;
#8271 = FACE_OUTER_BOUND ( 'NONE', #4310, .T. ) ;
#8272 = EDGE_CURVE ( 'NONE', #8120, #9956, #2913, .T. ) ;
#8273 = CARTESIAN_POINT ( 'NONE',  ( 3.561366726453805143, -13.02922923525167143, -16.68974861683563660 ) ) ;
#8274 = DIRECTION ( 'NONE',  ( 0.7071067811865389130, 0.000000000000000000, 0.7071067811865561215 ) ) ;
#8275 = ORIENTED_EDGE ( 'NONE', *, *, #8075, .T. ) ;
#8276 = CARTESIAN_POINT ( 'NONE',  ( 72.55355741968431005, -9.218509434662371049, -17.73934150620080175 ) ) ;
#8277 = LINE ( 'NONE', #5038, #5850 ) ;
#8278 = ORIENTED_EDGE ( 'NONE', *, *, #7814, .T. ) ;
#8279 = DIRECTION ( 'NONE',  ( 0.7071067811865474617, -0.7071067811865474617, 0.000000000000000000 ) ) ;
#8280 = FACE_BOUND ( 'NONE', #1657, .T. ) ;
#8281 = ORIENTED_EDGE ( 'NONE', *, *, #9901, .F. ) ;
#8282 = EDGE_CURVE ( 'NONE', #4630, #5198, #5339, .T. ) ;
#8283 = EDGE_CURVE ( 'NONE', #2869, #3345, #150, .T. ) ;
#8284 = ORIENTED_EDGE ( 'NONE', *, *, #2290, .T. ) ;
#8285 = LINE ( 'NONE', #6141, #1807 ) ;
#8286 = ORIENTED_EDGE ( 'NONE', *, *, #5470, .T. ) ;
#8287 = ORIENTED_EDGE ( 'NONE', *, *, #8360, .F. ) ;
#8288 = DIRECTION ( 'NONE',  ( -1.245113975359213795E-14, -1.000000000000000000, 9.999999999999977900E-15 ) ) ;
#8289 = CARTESIAN_POINT ( 'NONE',  ( 70.60000000000000853, -14.21435377654945320, -15.89940053032392520 ) ) ;
#8290 = DIRECTION ( 'NONE',  ( 0.000000000000000000, 1.000000000000000000, -0.000000000000000000 ) ) ;
#8291 = DIRECTION ( 'NONE',  ( 0.000000000000000000, 0.000000000000000000, -1.000000000000000000 ) ) ;
#8292 = CARTESIAN_POINT ( 'NONE',  ( 6.800000000000000711, -19.10000000000000142, 52.09999999999999432 ) ) ;
#8293 = VECTOR ( 'NONE', #5569, 1000.000000000000000 ) ;
#8294 = LINE ( 'NONE', #3402, #8648 ) ;
#8295 = CARTESIAN_POINT ( 'NONE',  ( 86.79999999999999716, -15.50000000000001243, -0.2000000000000022871 ) ) ;
#8296 = DIRECTION ( 'NONE',  ( 0.7071067811865465735, -2.122205421015053617E-16, 0.7071067811865484609 ) ) ;
#8297 = AXIS2_PLACEMENT_3D ( 'NONE', #6881, #4576, #580 ) ;
#8298 = DIRECTION ( 'NONE',  ( -0.000000000000000000, 0.000000000000000000, 1.000000000000000000 ) ) ;
#8299 = CARTESIAN_POINT ( 'NONE',  ( 2.155090681857803059, -9.798149441821776051, -17.70822940652746524 ) ) ;
#8300 = DIRECTION ( 'NONE',  ( -1.000000000000000000, 0.000000000000000000, 1.257045997084642365E-16 ) ) ;
#8301 = ORIENTED_EDGE ( 'NONE', *, *, #9000, .T. ) ;
#8302 = ORIENTED_EDGE ( 'NONE', *, *, #5298, .F. ) ;
#8303 = ORIENTED_EDGE ( 'NONE', *, *, #5940, .T. ) ;
#8304 = ADVANCED_FACE ( 'NONE', ( #2656 ), #3895, .F. ) ;
#8305 = LINE ( 'NONE', #7549, #6231 ) ;
#8306 = DIRECTION ( 'NONE',  ( -0.000000000000000000, 2.168404344971006896E-16, -1.000000000000000000 ) ) ;
#8307 = ORIENTED_EDGE ( 'NONE', *, *, #7098, .F. ) ;
#8308 = CARTESIAN_POINT ( 'NONE',  ( 72.54193354120459958, -9.248177144078901790, -17.73894618487264196 ) ) ;
#8309 = CARTESIAN_POINT ( 'NONE',  ( -1.800000000000000266, -9.500000000000001776, 12.79999999999999893 ) ) ;
#8310 = EDGE_CURVE ( 'NONE', #9217, #2435, #8839, .T. ) ;
#8311 = VERTEX_POINT ( 'NONE', #8687 ) ;
#8312 = DIRECTION ( 'NONE',  ( 0.000000000000000000, 0.000000000000000000, 1.000000000000000000 ) ) ;
#8313 = ORIENTED_EDGE ( 'NONE', *, *, #3756, .T. ) ;
#8314 = FACE_OUTER_BOUND ( 'NONE', #3908, .T. ) ;
#8315 = FACE_BOUND ( 'NONE', #3390, .T. ) ;
#8316 = EDGE_LOOP ( 'NONE', ( #1353, #2488, #6794, #10045 ) ) ;
#8317 = PLANE ( 'NONE',  #5777 ) ;
#8318 = ORIENTED_EDGE ( 'NONE', *, *, #9514, .T. ) ;
#8319 = CARTESIAN_POINT ( 'NONE',  ( 71.40542672287664061, -12.39202131272026541, -17.18337657171323940 ) ) ;
#8320 = CARTESIAN_POINT ( 'NONE',  ( -1.400000000000012346, 4.299999999999992717, 57.79999999999999716 ) ) ;
#8321 = VECTOR ( 'NONE', #6449, 999.9999999999998863 ) ;
#8322 = EDGE_CURVE ( 'NONE', #3677, #7966, #751, .T. ) ;
#8323 = VECTOR ( 'NONE', #6249, 1000.000000000000000 ) ;
#8324 = ORIENTED_EDGE ( 'NONE', *, *, #4217, .T. ) ;
#8325 = VERTEX_POINT ( 'NONE', #6233 ) ;
#8326 = DIRECTION ( 'NONE',  ( 0.000000000000000000, 0.7071067811865465735, 0.7071067811865483499 ) ) ;
#8327 = VERTEX_POINT ( 'NONE', #9346 ) ;
#8328 = CARTESIAN_POINT ( 'NONE',  ( 68.40000000000000568, -14.40000000000002167, -1.800000000000000044 ) ) ;
#8329 = CARTESIAN_POINT ( 'NONE',  ( 3.771695112110816872, -13.97309493415495751, -16.07953651766000647 ) ) ;
#8330 = CARTESIAN_POINT ( 'NONE',  ( -0.5287281502364684638, -11.00331117192317620, -17.55792354212860218 ) ) ;
#8331 = CIRCLE ( 'NONE', #3876, 11.50000000000000355 ) ;
#8332 = FACE_OUTER_BOUND ( 'NONE', #7472, .T. ) ;
#8333 = ORIENTED_EDGE ( 'NONE', *, *, #3666, .T. ) ;
#8334 = LINE ( 'NONE', #829, #2109 ) ;
#8336 = EDGE_LOOP ( 'NONE', ( #336, #801, #2709, #2782 ) ) ;
#8335 = CARTESIAN_POINT ( 'NONE',  ( 1.932273838250598619, -9.437745258194095044, -17.73429716687846991 ) ) ;
#8337 = AXIS2_PLACEMENT_3D ( 'NONE', #2242, #7737, #5469 ) ;
#8338 = CARTESIAN_POINT ( 'NONE',  ( 72.48389989718444326, -9.327576289641161367, -17.73683811954097322 ) ) ;
#8339 = ORIENTED_EDGE ( 'NONE', *, *, #5561, .T. ) ;
#8340 = FACE_OUTER_BOUND ( 'NONE', #6583, .T. ) ;
#8341 = CARTESIAN_POINT ( 'NONE',  ( 42.26862858361887021, -27.50000000000000355, 29.63284214599196531 ) ) ;
#8342 = VECTOR ( 'NONE', #9687, 1000.000000000000000 ) ;
#8343 = EDGE_LOOP ( 'NONE', ( #4875, #7201, #2982, #6389, #7572 ) ) ;
#8344 = EDGE_CURVE ( 'NONE', #9888, #9525, #9044, .T. ) ;
#8345 = EDGE_CURVE ( 'NONE', #2365, #2098, #4061, .T. ) ;
#8346 = DIRECTION ( 'NONE',  ( 0.000000000000000000, 0.000000000000000000, -1.000000000000000000 ) ) ;
#8347 = VECTOR ( 'NONE', #2905, 1000.000000000000000 ) ;
#8348 = ADVANCED_FACE ( 'NONE', ( #7240 ), #1577, .F. ) ;
#8349 = CARTESIAN_POINT ( 'NONE',  ( -1.800000000000000266, -17.50000000000000000, 20.80000000000000071 ) ) ;
#8350 = EDGE_LOOP ( 'NONE', ( #2835, #3654, #1823, #3542 ) ) ;
#8351 = DIRECTION ( 'NONE',  ( 0.000000000000000000, 0.000000000000000000, 1.000000000000000000 ) ) ;
#8352 = VECTOR ( 'NONE', #5061, 1000.000000000000000 ) ;
#8353 = ORIENTED_EDGE ( 'NONE', *, *, #82, .F. ) ;
#8354 = PLANE ( 'NONE',  #2684 ) ;
#8355 = DIRECTION ( 'NONE',  ( 0.000000000000000000, 1.084202172485504434E-16, -1.000000000000000000 ) ) ;
#8356 = EDGE_CURVE ( 'NONE', #3510, #7510, #8652, .T. ) ;
#8357 = EDGE_LOOP ( 'NONE', ( #7272, #37, #495, #5337 ) ) ;
#8358 = EDGE_CURVE ( 'NONE', #1932, #4076, #1811, .T. ) ;
#8359 = VECTOR ( 'NONE', #3627, 1000.000000000000000 ) ;
#8360 = EDGE_CURVE ( 'NONE', #3720, #3594, #1305, .T. ) ;
#8361 = ORIENTED_EDGE ( 'NONE', *, *, #6322, .F. ) ;
#8362 = DIRECTION ( 'NONE',  ( -1.000000000000000000, 0.000000000000000000, 0.000000000000000000 ) ) ;
#8363 = ORIENTED_EDGE ( 'NONE', *, *, #2004, .T. ) ;
#8364 = CARTESIAN_POINT ( 'NONE',  ( -1.800000000000000266, -9.500000000000001776, 14.80000000000000071 ) ) ;
#8365 = VECTOR ( 'NONE', #1343, 1000.000000000000000 ) ;
#8366 = CARTESIAN_POINT ( 'NONE',  ( 70.60000000000000853, 11.79999999999999716, -17.73999999999999844 ) ) ;
#8367 = ORIENTED_EDGE ( 'NONE', *, *, #8504, .T. ) ;
#8368 = CARTESIAN_POINT ( 'NONE',  ( 59.79999999999999716, -17.50000000000000000, 52.09999999999999432 ) ) ;
#8369 = CARTESIAN_POINT ( 'NONE',  ( 3.064136518050477154, -11.70392558279250572, -17.29093173644730896 ) ) ;
#8370 = CARTESIAN_POINT ( 'NONE',  ( -0.1935538189399844955, -10.11061701852581507, -17.68895573264445531 ) ) ;
#8371 = EDGE_CURVE ( 'NONE', #4175, #6933, #3536, .T. ) ;
#8372 = ORIENTED_EDGE ( 'NONE', *, *, #774, .F. ) ;
#8373 = LINE ( 'NONE', #7125, #2148 ) ;
#8375 = CARTESIAN_POINT ( 'NONE',  ( 2.204051670176061073, -10.13800726286828180, -17.68599114114073245 ) ) ;
#8374 = AXIS2_PLACEMENT_3D ( 'NONE', #1195, #8613, #1653 ) ;
#8376 = ORIENTED_EDGE ( 'NONE', *, *, #4971, .F. ) ;
#8377 = CARTESIAN_POINT ( 'NONE',  ( 58.06755904672586155, -19.10000000000000853, 43.16903090930210851 ) ) ;
#8378 = DIRECTION ( 'NONE',  ( -1.000000000000000000, 0.000000000000000000, 0.000000000000000000 ) ) ;
#8379 = EDGE_LOOP ( 'NONE', ( #4244, #8301 ) ) ;
#8380 = CARTESIAN_POINT ( 'NONE',  ( -5.799999999999985612, 17.99999999999999289, -2.052778186154402551 ) ) ;
#8381 = VECTOR ( 'NONE', #1426, 1000.000000000000000 ) ;
#8382 = CIRCLE ( 'NONE', #7626, 9.600000000000001421 ) ;
#8383 = EDGE_LOOP ( 'NONE', ( #8284, #1451, #8307, #6743, #646 ) ) ;
#8384 = ORIENTED_EDGE ( 'NONE', *, *, #673, .T. ) ;
#8385 = EDGE_CURVE ( 'NONE', #3911, #5049, #4955, .T. ) ;
#8386 = ORIENTED_EDGE ( 'NONE', *, *, #6342, .F. ) ;
#8387 = CARTESIAN_POINT ( 'NONE',  ( 62.80000000000001137, -19.10000000000000142, 5.799999999999999822 ) ) ;
#8388 = CARTESIAN_POINT ( 'NONE',  ( 31.80000000000000071, -19.10000000000000142, 9.799999999999998934 ) ) ;
#8389 = CARTESIAN_POINT ( 'NONE',  ( 72.04515626665033778, -10.53447031808923029, -17.63659009649955678 ) ) ;
#8390 = CARTESIAN_POINT ( 'NONE',  ( 62.80000000000001137, -19.10000000000000142, 4.799999999999999822 ) ) ;
#8391 = CARTESIAN_POINT ( 'NONE',  ( 70.59999999999999432, 8.379798566743366095, -2.103073792140897513 ) ) ;
#8392 = VECTOR ( 'NONE', #5646, 1000.000000000000000 ) ;
#8393 = CARTESIAN_POINT ( 'NONE',  ( 56.39999999999999858, -11.20000000000000462, -0.7999999999999999334 ) ) ;
#8394 = DIRECTION ( 'NONE',  ( 0.000000000000000000, -0.3420201433256698231, -0.9396926207859079838 ) ) ;
#8395 = ORIENTED_EDGE ( 'NONE', *, *, #333, .F. ) ;
#8396 = CARTESIAN_POINT ( 'NONE',  ( -0.2000000000000000111, -15.50000000000001243, -0.2000000000000022871 ) ) ;
#8398 = EDGE_CURVE ( 'NONE', #8781, #4788, #9037, .T. ) ;
#8397 = CARTESIAN_POINT ( 'NONE',  ( 87.40000000000000568, -16.69999999999999929, -9.299999999999998934 ) ) ;
#8399 = CARTESIAN_POINT ( 'NONE',  ( 2.051192560387692598, -9.593038063163140450, -17.72421620614271021 ) ) ;
#8400 = CARTESIAN_POINT ( 'NONE',  ( -1.292525081288871780, -13.59181653032522874, -16.67462664816136098 ) ) ;
#8401 = ORIENTED_EDGE ( 'NONE', *, *, #8829, .T. ) ;
#8402 = VERTEX_POINT ( 'NONE', #5582 ) ;
#8403 = AXIS2_PLACEMENT_3D ( 'NONE', #9445, #5003, #3968 ) ;
#8404 = ADVANCED_FACE ( 'NONE', ( #5147 ), #5647, .F. ) ;
#8405 = CARTESIAN_POINT ( 'NONE',  ( -1.800000000000000266, -9.500000000000001776, 8.799999999999995381 ) ) ;
#8406 = VECTOR ( 'NONE', #1982, 1000.000000000000000 ) ;
#8407 = CARTESIAN_POINT ( 'NONE',  ( 14.19999999999999041, -0.09999999999999882594, 56.79999999999999716 ) ) ;
#8408 = PLANE ( 'NONE',  #10067 ) ;
#8409 = PLANE ( 'NONE',  #723 ) ;
#8410 = EDGE_LOOP ( 'NONE', ( #4896, #2185, #7800, #3250, #724 ) ) ;
#8411 = VECTOR ( 'NONE', #9240, 1000.000000000000000 ) ;
#8412 = ORIENTED_EDGE ( 'NONE', *, *, #1178, .F. ) ;
#8413 = CARTESIAN_POINT ( 'NONE',  ( -1.800000000000000266, -2.449999999999728839, 12.27259155458886397 ) ) ;
#8414 = DIRECTION ( 'NONE',  ( -1.399999999999999714E-14, -9.999999999999999988E-15, -1.000000000000000000 ) ) ;
#8415 = CARTESIAN_POINT ( 'NONE',  ( 1.799999999999996270, -17.50000000000000000, 18.80000000000000071 ) ) ;
#8416 = CARTESIAN_POINT ( 'NONE',  ( 0.1431498244234070683, 11.90009519115777614, -17.74000000000000199 ) ) ;
#8417 = EDGE_CURVE ( 'NONE', #6287, #954, #5535, .T. ) ;
#8418 = EDGE_CURVE ( 'NONE', #3699, #849, #316, .T. ) ;
#8419 = CARTESIAN_POINT ( 'NONE',  ( 70.60000000000000853, 16.36070170039655025, -15.73999999999999666 ) ) ;
#8420 = ORIENTED_EDGE ( 'NONE', *, *, #1887, .T. ) ;
#8421 = DIRECTION ( 'NONE',  ( 0.000000000000000000, 0.000000000000000000, -1.000000000000000000 ) ) ;
#8422 = LINE ( 'NONE', #38, #9273 ) ;
#8423 = CARTESIAN_POINT ( 'NONE',  ( 86.53729357629799779, -9.450581283721296799, -17.73385307293450452 ) ) ;
#8424 = CARTESIAN_POINT ( 'NONE',  ( 71.71664275230941143, -11.43717230591581924, -17.46338827222288259 ) ) ;
#8425 = DIRECTION ( 'NONE',  ( 0.000000000000000000, 0.000000000000000000, -1.000000000000000000 ) ) ;
#8426 = DIRECTION ( 'NONE',  ( 0.000000000000000000, -0.000000000000000000, 1.000000000000000000 ) ) ;
#8427 = VERTEX_POINT ( 'NONE', #1031 ) ;
#8428 = FACE_OUTER_BOUND ( 'NONE', #6476, .T. ) ;
#8429 = CARTESIAN_POINT ( 'NONE',  ( 1.799999999999996048, -17.50000000000000000, -2.755455298081544778E-15 ) ) ;
#8430 = AXIS2_PLACEMENT_3D ( 'NONE', #6400, #213, #5005 ) ;
#8431 = DIRECTION ( 'NONE',  ( 1.000000000000000000, 0.000000000000000000, 0.000000000000000000 ) ) ;
#8432 = CARTESIAN_POINT ( 'NONE',  ( -0.05728239393454339495, -9.758221604920169767, -17.71845256264610313 ) ) ;
#8433 = VERTEX_POINT ( 'NONE', #8029 ) ;
#8434 = FACE_OUTER_BOUND ( 'NONE', #9148, .T. ) ;
#8435 = VERTEX_POINT ( 'NONE', #9501 ) ;
#8436 = ORIENTED_EDGE ( 'NONE', *, *, #7553, .T. ) ;
#8437 = CARTESIAN_POINT ( 'NONE',  ( 2.538645803062332451, -11.03089971123660185, -17.55210391535728220 ) ) ;
#8438 = ORIENTED_EDGE ( 'NONE', *, *, #6453, .F. ) ;
#8439 = CARTESIAN_POINT ( 'NONE',  ( 42.79453501539407512, -19.10000000000000497, 35.90693684718205958 ) ) ;
#8440 = DIRECTION ( 'NONE',  ( 0.000000000000000000, -1.234678630588475078E-16, 1.000000000000000000 ) ) ;
#8441 = CARTESIAN_POINT ( 'NONE',  ( -1.800000000000000266, -17.50000000000000000, 12.79999999999999893 ) ) ;
#8442 = CARTESIAN_POINT ( 'NONE',  ( -1.800000000000000266, -9.500000000000001776, 44.79999999999999716 ) ) ;
#8443 = ORIENTED_EDGE ( 'NONE', *, *, #5751, .T. ) ;
#8444 = EDGE_CURVE ( 'NONE', #7445, #10017, #3543, .T. ) ;
#8445 = AXIS2_PLACEMENT_3D ( 'NONE', #1894, #3577, #8994 ) ;
#8446 = CARTESIAN_POINT ( 'NONE',  ( 35.48483306060163756, -19.08814319986204566, 43.06909775691678277 ) ) ;
#8447 = ADVANCED_FACE ( 'NONE', ( #5568 ), #6381, .F. ) ;
#8448 = DIRECTION ( 'NONE',  ( 0.7071067811865489050, -0.7071067811865461294, 0.000000000000000000 ) ) ;
#8449 = CARTESIAN_POINT ( 'NONE',  ( 72.45979833883056642, -9.458018877777742972, -17.73358937366266375 ) ) ;
#8450 = LINE ( 'NONE', #1796, #5910 ) ;
#8451 = ORIENTED_EDGE ( 'NONE', *, *, #7006, .F. ) ;
#8452 = LINE ( 'NONE', #4858, #4440 ) ;
#8453 = ORIENTED_EDGE ( 'NONE', *, *, #9193, .F. ) ;
#8454 = EDGE_CURVE ( 'NONE', #10146, #6417, #9397, .T. ) ;
#8455 = LINE ( 'NONE', #7736, #131 ) ;
#8456 = VECTOR ( 'NONE', #1448, 1000.000000000000000 ) ;
#8457 = LINE ( 'NONE', #531, #7601 ) ;
#8458 = DIRECTION ( 'NONE',  ( 0.000000000000000000, 0.000000000000000000, -1.000000000000000000 ) ) ;
#8459 = PLANE ( 'NONE',  #3541 ) ;
#8460 = FACE_OUTER_BOUND ( 'NONE', #868, .T. ) ;
#8461 = ADVANCED_FACE ( 'NONE', ( #405 ), #963, .F. ) ;
#8462 = CARTESIAN_POINT ( 'NONE',  ( -1.800000000000000266, -17.50000000000000000, 14.80000000000000071 ) ) ;
#8463 = CARTESIAN_POINT ( 'NONE',  ( 84.40000000000000568, -0.09999999999999889533, 56.79999999999999716 ) ) ;
#8464 = CARTESIAN_POINT ( 'NONE',  ( 0.03851674630305726432, -9.512470213949690390, -17.73151248060318608 ) ) ;
#8465 = EDGE_LOOP ( 'NONE', ( #6383, #6712, #6028, #5933, #1116 ) ) ;
#8466 = LINE ( 'NONE', #6152, #5445 ) ;
#8467 = LINE ( 'NONE', #2587, #9446 ) ;
#8468 = CARTESIAN_POINT ( 'NONE',  ( 2.976935393137684294, -12.33436774100354150, -17.20269288657316409 ) ) ;
#8469 = ORIENTED_EDGE ( 'NONE', *, *, #7899, .F. ) ;
#8470 = AXIS2_PLACEMENT_3D ( 'NONE', #3450, #7338, #5783 ) ;
#8471 = DIRECTION ( 'NONE',  ( 0.000000000000000000, 0.000000000000000000, 1.000000000000000000 ) ) ;
#8472 = DIRECTION ( 'NONE',  ( 1.000000000000000000, 0.000000000000000000, -0.000000000000000000 ) ) ;
#8473 = DIRECTION ( 'NONE',  ( -1.000000000000000000, 0.000000000000000000, 0.000000000000000000 ) ) ;
#8474 = EDGE_CURVE ( 'NONE', #1183, #7924, #3220, .T. ) ;
#8475 = EDGE_CURVE ( 'NONE', #8931, #3305, #5852, .T. ) ;
#8476 = CARTESIAN_POINT ( 'NONE',  ( 88.40000000000000568, -9.099999999999996092, -7.739999999999998437 ) ) ;
#8477 = LINE ( 'NONE', #897, #4100 ) ;
#8478 = LINE ( 'NONE', #930, #3633 ) ;
#8479 = ORIENTED_EDGE ( 'NONE', *, *, #1549, .F. ) ;
#8480 = CARTESIAN_POINT ( 'NONE',  ( -1.002946423724200509, 13.99392382416414549, -17.34270561934082977 ) ) ;
#8481 = CARTESIAN_POINT ( 'NONE',  ( 35.60086897381907534, -18.95824675535184412, 42.66425119488491902 ) ) ;
#8482 = AXIS2_PLACEMENT_3D ( 'NONE', #8854, #8159, #8955 ) ;
#8483 = DIRECTION ( 'NONE',  ( 0.000000000000000000, 0.000000000000000000, -1.000000000000000000 ) ) ;
#8484 = CARTESIAN_POINT ( 'NONE',  ( 87.13864580314235297, -11.03089971145488768, -17.55210391531385383 ) ) ;
#8485 = CARTESIAN_POINT ( 'NONE',  ( 72.07156248324528747, -10.46436619647177402, -17.64665003862148751 ) ) ;
#8486 = LINE ( 'NONE', #5188, #7167 ) ;
#8487 = CARTESIAN_POINT ( 'NONE',  ( 70.60000000000000853, 0.000000000000000000, -11.50000000000000000 ) ) ;
#8488 = ORIENTED_EDGE ( 'NONE', *, *, #4655, .F. ) ;
#8489 = LINE ( 'NONE', #7309, #412 ) ;
#8490 = VERTEX_POINT ( 'NONE', #9566 ) ;
#8491 = EDGE_CURVE ( 'NONE', #9888, #1374, #2172, .T. ) ;
#8492 = AXIS2_PLACEMENT_3D ( 'NONE', #2186, #2300, #3837 ) ;
#8493 = FACE_OUTER_BOUND ( 'NONE', #1107, .T. ) ;
#8494 = CARTESIAN_POINT ( 'NONE',  ( 2.692821046574152888, 13.39950543909216840, -17.53369209220414149 ) ) ;
#8495 = CYLINDRICAL_SURFACE ( 'NONE', #8242, 2.799999999999997158 ) ;
#8496 = VECTOR ( 'NONE', #5060, 1000.000000000000000 ) ;
#8497 = VECTOR ( 'NONE', #5574, 1000.000000000000000 ) ;
#8498 = ORIENTED_EDGE ( 'NONE', *, *, #8877, .T. ) ;
#8499 = DIRECTION ( 'NONE',  ( -1.000000000000000000, 0.000000000000000000, 0.000000000000000000 ) ) ;
#8500 = PLANE ( 'NONE',  #7333 ) ;
#8501 = VERTEX_POINT ( 'NONE', #9606 ) ;
#8502 = VERTEX_POINT ( 'NONE', #7300 ) ;
#8503 = ADVANCED_FACE ( 'NONE', ( #7422 ), #8063, .F. ) ;
#8504 = EDGE_CURVE ( 'NONE', #4309, #5214, #3314, .T. ) ;
#8505 = AXIS2_PLACEMENT_3D ( 'NONE', #5335, #3380, #805 ) ;
#8506 = PLANE ( 'NONE',  #1263 ) ;
#8507 = CARTESIAN_POINT ( 'NONE',  ( -1.800000000000000266, -1.649999999999729239, 14.32740920835357379 ) ) ;
#8508 = CARTESIAN_POINT ( 'NONE',  ( -1.800000000000000266, -9.500000000000001776, 38.80000000000000426 ) ) ;
#8509 = DIRECTION ( 'NONE',  ( -1.000000000000000000, 1.400000000000014387E-14, 1.399999999999985673E-14 ) ) ;
#8510 = VERTEX_POINT ( 'NONE', #6033 ) ;
#8511 = CARTESIAN_POINT ( 'NONE',  ( 86.79999999999999716, -15.54999999999981419, 18.75000000000047251 ) ) ;
#8512 = ORIENTED_EDGE ( 'NONE', *, *, #1911, .T. ) ;
#8513 = VERTEX_POINT ( 'NONE', #1336 ) ;
#8514 = EDGE_CURVE ( 'NONE', #2435, #8120, #2570, .T. ) ;
#8515 = CARTESIAN_POINT ( 'NONE',  ( 86.69445106943931023, -9.678280666248529229, -17.71841987155406528 ) ) ;
#8516 = CARTESIAN_POINT ( 'NONE',  ( 87.82068765529518828, -13.24611742241432921, -16.83999635522819460 ) ) ;
#8517 = ORIENTED_EDGE ( 'NONE', *, *, #9337, .T. ) ;
#8518 = CARTESIAN_POINT ( 'NONE',  ( 1.914273132534217270, 12.00119886930667867, -17.74000000000000199 ) ) ;
#8519 = DIRECTION ( 'NONE',  ( -1.400000000000000345E-14, -1.000000000000000000, 1.000000000000019563E-14 ) ) ;
#8520 = AXIS2_PLACEMENT_3D ( 'NONE', #4031, #3234, #3203 ) ;
#8521 = CARTESIAN_POINT ( 'NONE',  ( -1.800000000000000266, -9.500000000000001776, 46.80000000000000426 ) ) ;
#8522 = CARTESIAN_POINT ( 'NONE',  ( 54.39999999999999858, -3.200000000000001954, -0.7999999999999999334 ) ) ;
#8523 = LINE ( 'NONE', #7838, #8173 ) ;
#8524 = DIRECTION ( 'NONE',  ( -0.000000000000000000, 0.000000000000000000, -1.000000000000000000 ) ) ;
#8525 = EDGE_LOOP ( 'NONE', ( #8011, #9864, #7265, #9252, #624, #6234, #6762, #7665 ) ) ;
#8526 = VERTEX_POINT ( 'NONE', #4817 ) ;
#8527 = EDGE_CURVE ( 'NONE', #7343, #5226, #3544, .T. ) ;
#8528 = EDGE_LOOP ( 'NONE', ( #9517, #7770, #198, #389 ) ) ;
#8529 = VECTOR ( 'NONE', #253, 1000.000000000000000 ) ;
#8530 = ORIENTED_EDGE ( 'NONE', *, *, #4258, .F. ) ;
#8531 = ORIENTED_EDGE ( 'NONE', *, *, #8356, .T. ) ;
#8532 =( LENGTH_UNIT ( ) NAMED_UNIT ( * ) SI_UNIT ( .MILLI., .METRE. ) );
#8533 = DIRECTION ( 'NONE',  ( 1.000000000000000000, -0.000000000000000000, -0.000000000000000000 ) ) ;
#8534 = LINE ( 'NONE', #9149, #9029 ) ;
#8535 = CARTESIAN_POINT ( 'NONE',  ( -1.000000000000000000, -4.545900930049277200, 16.39936534720461125 ) ) ;
#8536 = CARTESIAN_POINT ( 'NONE',  ( 70.40000000000000568, -11.30000000000000959, 57.79999999999999716 ) ) ;
#8537 = ORIENTED_EDGE ( 'NONE', *, *, #6002, .T. ) ;
#8538 = PLANE ( 'NONE',  #6667 ) ;
#8539 = ORIENTED_EDGE ( 'NONE', *, *, #1877, .F. ) ;
#8540 = AXIS2_PLACEMENT_3D ( 'NONE', #3053, #9247, #7725 ) ;
#8541 = FACE_OUTER_BOUND ( 'NONE', #631, .T. ) ;
#8542 = EDGE_CURVE ( 'NONE', #9960, #8671, #314, .T. ) ;
#8543 = EDGE_CURVE ( 'NONE', #5560, #562, #9001, .T. ) ;
#8544 = CARTESIAN_POINT ( 'NONE',  ( 42.74998439515005799, -19.10000000000000853, 29.54851253257390908 ) ) ;
#8545 = ORIENTED_EDGE ( 'NONE', *, *, #5244, .F. ) ;
#8546 = ADVANCED_FACE ( 'NONE', ( #6334 ), #1921, .F. ) ;
#8547 = CARTESIAN_POINT ( 'NONE',  ( 46.80000000000001137, -17.50000000000000000, 31.33578643762691840 ) ) ;
#8548 = CARTESIAN_POINT ( 'NONE',  ( 87.88245339840001691, -13.53566448593485561, -16.70330055865409236 ) ) ;
#8549 = CARTESIAN_POINT ( 'NONE',  ( 6.800000000000000711, -20.75000000000000000, 50.94999999999998153 ) ) ;
#8550 = ORIENTED_EDGE ( 'NONE', *, *, #4765, .T. ) ;
#8551 = ORIENTED_EDGE ( 'NONE', *, *, #4911, .F. ) ;
#8552 = LINE ( 'NONE', #4263, #3931 ) ;
#8553 = ORIENTED_EDGE ( 'NONE', *, *, #9546, .F. ) ;
#8554 = LINE ( 'NONE', #4569, #9299 ) ;
#8555 = CARTESIAN_POINT ( 'NONE',  ( 70.60000000000000853, 18.00000000000000000, -17.73999999999999844 ) ) ;
#8556 = CARTESIAN_POINT ( 'NONE',  ( 1.877440035956913000, -9.251750930294326380, -17.74000000000000199 ) ) ;
#8557 = ORIENTED_EDGE ( 'NONE', *, *, #2936, .F. ) ;
#8558 = ORIENTED_EDGE ( 'NONE', *, *, #10033, .F. ) ;
#8559 = ORIENTED_EDGE ( 'NONE', *, *, #275, .T. ) ;
#8560 = CARTESIAN_POINT ( 'NONE',  ( 14.19999999999999041, -8.099999999999999645, 56.79999999999999716 ) ) ;
#8561 = ORIENTED_EDGE ( 'NONE', *, *, #5486, .F. ) ;
#8562 = FACE_OUTER_BOUND ( 'NONE', #2226, .T. ) ;
#8563 = DIRECTION ( 'NONE',  ( 0.000000000000000000, -1.000000000000000000, -1.234678630588475078E-16 ) ) ;
#8565 = EDGE_CURVE ( 'NONE', #2351, #9399, #3065, .T. ) ;
#8564 = CARTESIAN_POINT ( 'NONE',  ( -0.2000000000000000111, -15.50000000000001776, 32.79999999999999716 ) ) ;
#8566 = CIRCLE ( 'NONE', #4073, 9.599999999999992539 ) ;
#8567 = DIRECTION ( 'NONE',  ( 0.000000000000000000, -1.955719815080955213E-16, 1.000000000000000000 ) ) ;
#8568 = CIRCLE ( 'NONE', #2579, 11.50000000000000355 ) ;
#8569 = EDGE_LOOP ( 'NONE', ( #3665, #3738, #7697, #5007 ) ) ;
#8570 = LINE ( 'NONE', #7795, #5683 ) ;
#8571 = EDGE_LOOP ( 'NONE', ( #5324, #2315, #2216, #7441 ) ) ;
#8572 = VECTOR ( 'NONE', #5482, 1000.000000000000000 ) ;
#8573 = DIRECTION ( 'NONE',  ( 1.000000000000000000, -0.000000000000000000, -0.000000000000000000 ) ) ;
#8574 = DIRECTION ( 'NONE',  ( -0.000000000000000000, -0.000000000000000000, -1.000000000000000000 ) ) ;
#8575 = LINE ( 'NONE', #5600, #5575 ) ;
#8576 = VERTEX_POINT ( 'NONE', #7567 ) ;
#8577 = DIRECTION ( 'NONE',  ( 1.000000000000000000, -0.000000000000000000, -0.000000000000000000 ) ) ;
#8578 = CARTESIAN_POINT ( 'NONE',  ( 88.07384380939947732, -12.75754425259531466, -16.83517567465021258 ) ) ;
#8579 = CARTESIAN_POINT ( 'NONE',  ( -0.2000000000000000111, -4.545900930049278088, 20.39936534720461481 ) ) ;
#8580 = CARTESIAN_POINT ( 'NONE',  ( 87.63087535663385097, -12.51667477041644183, -17.13828900579357750 ) ) ;
#8581 = FACE_OUTER_BOUND ( 'NONE', #8571, .T. ) ;
#8582 = ORIENTED_EDGE ( 'NONE', *, *, #2593, .T. ) ;
#8583 = CIRCLE ( 'NONE', #7825, 11.30000000000000071 ) ;
#8584 = EDGE_CURVE ( 'NONE', #2057, #449, #6197, .T. ) ;
#8585 = CARTESIAN_POINT ( 'NONE',  ( 71.00000000000002842, -14.62770798392565652, -16.07333333333333414 ) ) ;
#8586 = AXIS2_PLACEMENT_3D ( 'NONE', #7862, #73, #6544 ) ;
#8587 = VERTEX_POINT ( 'NONE', #2679 ) ;
#8588 = CARTESIAN_POINT ( 'NONE',  ( -1.800000000000000266, -9.500000000000001776, 20.80000000000000071 ) ) ;
#8589 = CARTESIAN_POINT ( 'NONE',  ( 35.14999999999955804, -3.200000000000001510, -0.2000000000000005107 ) ) ;
#8590 = ORIENTED_EDGE ( 'NONE', *, *, #8454, .T. ) ;
#8591 = CARTESIAN_POINT ( 'NONE',  ( 3.399999999999958611, -9.099999999999996092, -7.740000000000002878 ) ) ;
#8592 = CARTESIAN_POINT ( 'NONE',  ( -1.800000000000000266, -18.69999999999999574, -7.740000000000005542 ) ) ;
#8593 = DIRECTION ( 'NONE',  ( 1.000000000000000000, 0.000000000000000000, 0.000000000000000000 ) ) ;
#8594 = LINE ( 'NONE', #7229, #4094 ) ;
#8595 = VECTOR ( 'NONE', #3973, 1000.000000000000000 ) ;
#8596 = ADVANCED_FACE ( 'NONE', ( #9731 ), #3885, .F. ) ;
#8597 = ORIENTED_EDGE ( 'NONE', *, *, #4009, .T. ) ;
#8598 = ORIENTED_EDGE ( 'NONE', *, *, #1003, .F. ) ;
#8599 = CARTESIAN_POINT ( 'NONE',  ( 42.79453501539407512, -19.10000000000000497, 35.90693684718205958 ) ) ;
#8600 = PLANE ( 'NONE',  #241 ) ;
#8601 = ORIENTED_EDGE ( 'NONE', *, *, #8124, .F. ) ;
#8602 = EDGE_CURVE ( 'NONE', #7406, #4939, #3655, .T. ) ;
#8603 = EDGE_CURVE ( 'NONE', #1395, #8666, #432, .T. ) ;
#8604 = CARTESIAN_POINT ( 'NONE',  ( 54.49638861441641069, -17.50000000000000355, 41.29491675184033284 ) ) ;
#8605 = LINE ( 'NONE', #7003, #2394 ) ;
#8606 = DIRECTION ( 'NONE',  ( -0.7071067811865457964, -0.7071067811865493491, -8.730496322752332385E-17 ) ) ;
#8607 = ORIENTED_EDGE ( 'NONE', *, *, #5753, .T. ) ;
#8608 = ORIENTED_EDGE ( 'NONE', *, *, #1083, .T. ) ;
#8609 = ORIENTED_EDGE ( 'NONE', *, *, #4442, .F. ) ;
#8610 = CARTESIAN_POINT ( 'NONE',  ( 56.14253532234943123, -18.70000000000581153, 21.99325111527760868 ) ) ;
#8611 = ORIENTED_EDGE ( 'NONE', *, *, #6142, .T. ) ;
#8612 = CARTESIAN_POINT ( 'NONE',  ( 88.37169511209232553, -13.97309493402848624, -16.07953651776328385 ) ) ;
#8613 = DIRECTION ( 'NONE',  ( -0.7071067811865457964, -0.7071067811865493491, -8.730496322752332385E-17 ) ) ;
#8614 = CARTESIAN_POINT ( 'NONE',  ( 87.44177210933598587, -11.90577211590041351, -17.33832773381048398 ) ) ;
#8615 = DIRECTION ( 'NONE',  ( 0.7071067811865475727, 0.7071067811865475727, 8.730496322752310198E-17 ) ) ;
#8616 = CARTESIAN_POINT ( 'NONE',  ( 62.80000000000001137, -19.10000000000000142, 6.799999999999999822 ) ) ;
#8617 = LINE ( 'NONE', #6850, #1536 ) ;
#8618 = DIRECTION ( 'NONE',  ( 0.000000000000000000, -1.000000000000000000, -1.234678630588475078E-16 ) ) ;
#8619 = EDGE_LOOP ( 'NONE', ( #3129, #7216, #708, #4131, #1227 ) ) ;
#8620 = ORIENTED_EDGE ( 'NONE', *, *, #8802, .F. ) ;
#8621 = CARTESIAN_POINT ( 'NONE',  ( 84.20000000000001705, 11.79999999999999716, -8.300000000000000711 ) ) ;
#8622 = DIRECTION ( 'NONE',  ( -0.000000000000000000, -0.000000000000000000, 1.000000000000000000 ) ) ;
#8623 = DIRECTION ( 'NONE',  ( -1.000000000000000000, -0.000000000000000000, -0.000000000000000000 ) ) ;
#8624 = CARTESIAN_POINT ( 'NONE',  ( 14.36999999999965993, -5.209999999999887166, -0.2000000000000008160 ) ) ;
#8625 = ORIENTED_EDGE ( 'NONE', *, *, #4701, .F. ) ;
#8626 = LINE ( 'NONE', #5624, #6584 ) ;
#8627 = ORIENTED_EDGE ( 'NONE', *, *, #6816, .T. ) ;
#8628 = ORIENTED_EDGE ( 'NONE', *, *, #124, .T. ) ;
#8629 = DIRECTION ( 'NONE',  ( 0.000000000000000000, 0.000000000000000000, 1.000000000000000000 ) ) ;
#8630 = EDGE_CURVE ( 'NONE', #7677, #5932, #9369, .T. ) ;
#8631 = AXIS2_PLACEMENT_3D ( 'NONE', #978, #862, #5627 ) ;
#8632 = LINE ( 'NONE', #3001, #8411 ) ;
#8633 = DIRECTION ( 'NONE',  ( 1.000000000000000000, 0.000000000000000000, 0.000000000000000000 ) ) ;
#8634 = CARTESIAN_POINT ( 'NONE',  ( 84.20000000000001705, 11.79999999999999716, -17.73999999999999844 ) ) ;
#8635 = ORIENTED_EDGE ( 'NONE', *, *, #3448, .T. ) ;
#8636 = CARTESIAN_POINT ( 'NONE',  ( -1.780847849541708605, -14.00508873315138736, -16.06043477608512049 ) ) ;
#8637 = VECTOR ( 'NONE', #10165, 1000.000000000000000 ) ;
#8638 = DIRECTION ( 'NONE',  ( 0.000000000000000000, 0.000000000000000000, -1.000000000000000000 ) ) ;
#8639 = CARTESIAN_POINT ( 'NONE',  ( -1.800000000000000266, -17.50000000000000000, 24.80000000000000071 ) ) ;
#8640 = VERTEX_POINT ( 'NONE', #2134 ) ;
#8641 = EDGE_CURVE ( 'NONE', #234, #9770, #9971, .T. ) ;
#8642 = CARTESIAN_POINT ( 'NONE',  ( 3.800000000000001155, -17.50000000000000000, 10.79999999999999893 ) ) ;
#8643 = VERTEX_POINT ( 'NONE', #5999 ) ;
#8644 = VERTEX_POINT ( 'NONE', #7358 ) ;
#8645 = CARTESIAN_POINT ( 'NONE',  ( 43.64306315281790916, -19.10000000000000497, 36.75546498460590783 ) ) ;
#8646 = ADVANCED_FACE ( 'NONE', ( #5849 ), #1099, .T. ) ;
#8647 = CARTESIAN_POINT ( 'NONE',  ( 87.89340296088030868, -12.26078596484077465, -17.07185415526703665 ) ) ;
#8648 = VECTOR ( 'NONE', #5699, 1000.000000000000000 ) ;
#8649 = DIRECTION ( 'NONE',  ( -0.000000000000000000, 1.000000000000000000, 3.001251688541188813E-16 ) ) ;
#8650 = CARTESIAN_POINT ( 'NONE',  ( 3.799999999999999822, -3.200000000000001510, -1.800000000000000044 ) ) ;
#8651 = VERTEX_POINT ( 'NONE', #506 ) ;
#8652 = LINE ( 'NONE', #3959, #690 ) ;
#8653 = DIRECTION ( 'NONE',  ( 0.000000000000000000, 0.000000000000000000, 1.000000000000000000 ) ) ;
#8654 = ORIENTED_EDGE ( 'NONE', *, *, #7448, .F. ) ;
#8655 = DIRECTION ( 'NONE',  ( 0.000000000000000000, 0.000000000000000000, 1.000000000000000000 ) ) ;
#8656 = CARTESIAN_POINT ( 'NONE',  ( -0.2000000000000000111, -15.50000000000001599, -1.913751877412138293E-15 ) ) ;
#8657 = ADVANCED_FACE ( 'NONE', ( #8271 ), #9243, .T. ) ;
#8658 = AXIS2_PLACEMENT_3D ( 'NONE', #7603, #2996, #8421 ) ;
#8659 = DIRECTION ( 'NONE',  ( 0.000000000000000000, -0.000000000000000000, 1.000000000000000000 ) ) ;
#8660 = CARTESIAN_POINT ( 'NONE',  ( -0.1236032255405386526, -9.929072149393931568, -17.70627889641279396 ) ) ;
#8661 = VERTEX_POINT ( 'NONE', #9903 ) ;
#8662 = CARTESIAN_POINT ( 'NONE',  ( 70.60000000000000853, 11.79999999999999893, -11.50000000000000000 ) ) ;
#8663 = EDGE_CURVE ( 'NONE', #24, #7494, #1784, .T. ) ;
#8664 = LINE ( 'NONE', #9502, #4049 ) ;
#8665 = EDGE_CURVE ( 'NONE', #8931, #459, #6697, .T. ) ;
#8666 = VERTEX_POINT ( 'NONE', #5266 ) ;
#8667 = CARTESIAN_POINT ( 'NONE',  ( 3.312644728827455864, -13.70398960614584816, -16.61734469256652957 ) ) ;
#8668 = ORIENTED_EDGE ( 'NONE', *, *, #5752, .T. ) ;
#8669 = VECTOR ( 'NONE', #4650, 1000.000000000000000 ) ;
#8670 = CARTESIAN_POINT ( 'NONE',  ( 3.774648882755988311, -13.99032064014699550, -16.06743413229316531 ) ) ;
#8671 = VERTEX_POINT ( 'NONE', #4596 ) ;
#8672 = DIRECTION ( 'NONE',  ( -0.000000000000000000, 0.000000000000000000, 1.000000000000000000 ) ) ;
#8673 = DIRECTION ( 'NONE',  ( 1.000000000000000000, 0.000000000000000000, -0.000000000000000000 ) ) ;
#8674 = CARTESIAN_POINT ( 'NONE',  ( -0.2000000000000000111, -9.500000000000001776, 26.80000000000000071 ) ) ;
#8675 = PLANE ( 'NONE',  #8923 ) ;
#8676 = LINE ( 'NONE', #9912, #1238 ) ;
#8677 = ORIENTED_EDGE ( 'NONE', *, *, #664, .T. ) ;
#8678 = VERTEX_POINT ( 'NONE', #3133 ) ;
#8679 = ORIENTED_EDGE ( 'NONE', *, *, #3213, .F. ) ;
#8680 = ORIENTED_EDGE ( 'NONE', *, *, #4765, .F. ) ;
#8681 = FACE_OUTER_BOUND ( 'NONE', #7015, .T. ) ;
#8682 = EDGE_CURVE ( 'NONE', #5625, #572, #2805, .T. ) ;
#8683 = EDGE_CURVE ( 'NONE', #6417, #7771, #667, .T. ) ;
#8684 = AXIS2_PLACEMENT_3D ( 'NONE', #1739, #8706, #9585 ) ;
#8685 = VERTEX_POINT ( 'NONE', #9941 ) ;
#8686 = DIRECTION ( 'NONE',  ( 0.000000000000000000, 1.000000000000000000, 0.000000000000000000 ) ) ;
#8687 = CARTESIAN_POINT ( 'NONE',  ( -1.800000000000000266, -17.50000000000000000, 4.799999999999998934 ) ) ;
#8688 = DIRECTION ( 'NONE',  ( 1.000000000000000000, 0.000000000000000000, -0.000000000000000000 ) ) ;
#8689 = CARTESIAN_POINT ( 'NONE',  ( 86.79999999999999716, -15.54999999999981419, 18.75000000000047251 ) ) ;
#8690 = FACE_OUTER_BOUND ( 'NONE', #856, .T. ) ;
#8691 = VERTEX_POINT ( 'NONE', #2173 ) ;
#8692 = DIRECTION ( 'NONE',  ( 0.000000000000000000, -3.001251688541188813E-16, 1.000000000000000000 ) ) ;
#8693 = ORIENTED_EDGE ( 'NONE', *, *, #7975, .T. ) ;
#8694 = FACE_OUTER_BOUND ( 'NONE', #2851, .T. ) ;
#8695 = ORIENTED_EDGE ( 'NONE', *, *, #5661, .T. ) ;
#8696 = EDGE_CURVE ( 'NONE', #3079, #1374, #2928, .T. ) ;
#8697 = DIRECTION ( 'NONE',  ( -0.000000000000000000, 1.000000000000000000, 0.000000000000000000 ) ) ;
#8698 = ORIENTED_EDGE ( 'NONE', *, *, #5165, .F. ) ;
#8699 = CARTESIAN_POINT ( 'NONE',  ( -0.03675222567075442370, -9.564582881811773518, -17.72615080094486117 ) ) ;
#8700 = LINE ( 'NONE', #4012, #9672 ) ;
#8701 = AXIS2_PLACEMENT_3D ( 'NONE', #6953, #1798, #5171 ) ;
#8702 = CARTESIAN_POINT ( 'NONE',  ( 3.800000000000001155, -19.10000000000000142, 12.79999999999999893 ) ) ;
#8703 = CARTESIAN_POINT ( 'NONE',  ( -4.000000000000010658, -11.70000000000002061, 20.80000000000000071 ) ) ;
#8704 = VECTOR ( 'NONE', #2816, 1000.000000000000000 ) ;
#8705 = CARTESIAN_POINT ( 'NONE',  ( 0.08391637769568036087, -9.396333942646068138, -17.73578430876381873 ) ) ;
#8706 = DIRECTION ( 'NONE',  ( -0.000000000000000000, 1.000000000000000000, 3.001251688541188813E-16 ) ) ;
#8707 = ORIENTED_EDGE ( 'NONE', *, *, #485, .T. ) ;
#8708 = DIRECTION ( 'NONE',  ( -0.000000000000000000, 1.000000000000000000, -0.000000000000000000 ) ) ;
#8709 = ADVANCED_FACE ( 'NONE', ( #184 ), #7700, .F. ) ;
#8710 = ORIENTED_EDGE ( 'NONE', *, *, #4442, .T. ) ;
#8711 = VECTOR ( 'NONE', #3205, 1000.000000000000000 ) ;
#8712 = LINE ( 'NONE', #9612, #18 ) ;
#8713 = EDGE_CURVE ( 'NONE', #6502, #2296, #9601, .T. ) ;
#8714 = CARTESIAN_POINT ( 'NONE',  ( 46.80000000000000426, -17.70000000000000995, 32.75000000000000000 ) ) ;
#8715 = DIRECTION ( 'NONE',  ( 0.000000000000000000, 0.000000000000000000, 1.000000000000000000 ) ) ;
#8716 = FACE_OUTER_BOUND ( 'NONE', #2914, .T. ) ;
#8717 = ORIENTED_EDGE ( 'NONE', *, *, #9128, .T. ) ;
#8718 = ADVANCED_FACE ( 'NONE', ( #7059 ), #4006, .T. ) ;
#8719 = LINE ( 'NONE', #323, #2256 ) ;
#8720 = CARTESIAN_POINT ( 'NONE',  ( 8.029999999999558824, -3.309999999999799769, -0.2000000000000005107 ) ) ;
#8721 = CARTESIAN_POINT ( 'NONE',  ( 54.50476065202818887, -17.83323140166647036, 41.77454915709741812 ) ) ;
#8722 = CARTESIAN_POINT ( 'NONE',  ( -1.800000000000000266, 17.99999999999999645, -17.73999999999999844 ) ) ;
#8723 = CARTESIAN_POINT ( 'NONE',  ( 14.36999999999965993, -5.209999999999904929, -1.800000000000000044 ) ) ;
#8724 = VECTOR ( 'NONE', #655, 1000.000000000000000 ) ;
#8725 = VERTEX_POINT ( 'NONE', #3066 ) ;
#8726 = ORIENTED_EDGE ( 'NONE', *, *, #3652, .F. ) ;
#8727 = AXIS2_PLACEMENT_3D ( 'NONE', #3173, #5676, #4096 ) ;
#8728 = ORIENTED_EDGE ( 'NONE', *, *, #9985, .F. ) ;
#8729 = LINE ( 'NONE', #3301, #1763 ) ;
#8730 = CIRCLE ( 'NONE', #9897, 1.249999999975583087 ) ;
#8731 = ORIENTED_EDGE ( 'NONE', *, *, #9439, .T. ) ;
#8732 = CARTESIAN_POINT ( 'NONE',  ( 37.34233983979236626, -18.03311722261881656, 24.70655340216545071 ) ) ;
#8733 = PLANE ( 'NONE',  #6265 ) ;
#8734 = DIRECTION ( 'NONE',  ( -0.000000000000000000, 1.000000000000000000, -0.000000000000000000 ) ) ;
#8735 = EDGE_LOOP ( 'NONE', ( #8061, #3438, #1953, #10086, #8488 ) ) ;
#8736 = LINE ( 'NONE', #9265, #4597 ) ;
#8737 = AXIS2_PLACEMENT_3D ( 'NONE', #513, #7384, #9159 ) ;
#8738 = VECTOR ( 'NONE', #1679, 1000.000000000000000 ) ;
#8739 = DIRECTION ( 'NONE',  ( -1.000000000000000000, 0.000000000000000000, 0.000000000000000000 ) ) ;
#8740 = CARTESIAN_POINT ( 'NONE',  ( 3.451608665302572820, -12.69234699557642365, -16.86840929950635726 ) ) ;
#8741 = VECTOR ( 'NONE', #282, 1000.000000000000000 ) ;
#8742 = CARTESIAN_POINT ( 'NONE',  ( 2.199999999999993516, -10.10000000000000142, 56.59999999999998010 ) ) ;
#8743 = LINE ( 'NONE', #4755, #9725 ) ;
#8744 = CARTESIAN_POINT ( 'NONE',  ( -1.564334869628330571, -13.04132830194228276, -16.68213227690828759 ) ) ;
#8745 = EDGE_CURVE ( 'NONE', #5848, #4663, #1538, .T. ) ;
#8746 = EDGE_CURVE ( 'NONE', #7925, #9077, #9721, .T. ) ;
#8747 = CARTESIAN_POINT ( 'NONE',  ( 88.32372237039650997, -13.67265559291861976, -16.29236934828661987 ) ) ;
#8748 = ORIENTED_EDGE ( 'NONE', *, *, #6868, .F. ) ;
#8749 = CIRCLE ( 'NONE', #6422, 2.149999999999999023 ) ;
#8750 = VECTOR ( 'NONE', #6494, 1000.000000000000000 ) ;
#8751 = CARTESIAN_POINT ( 'NONE',  ( -1.800000000000000266, -0.1000000000000008521, 8.599999999999999645 ) ) ;
#8752 = ORIENTED_EDGE ( 'NONE', *, *, #5231, .T. ) ;
#8753 = CARTESIAN_POINT ( 'NONE',  ( 35.26436395671027668, -18.70000000000000995, 42.87142248091653585 ) ) ;
#8754 = DIRECTION ( 'NONE',  ( 0.000000000000000000, 0.000000000000000000, -1.000000000000000000 ) ) ;
#8755 = VERTEX_POINT ( 'NONE', #8413 ) ;
#8756 = CARTESIAN_POINT ( 'NONE',  ( -1.800000000000000266, -17.50000000000000000, 20.80000000000000071 ) ) ;
#8757 = AXIS2_PLACEMENT_3D ( 'NONE', #4973, #7289, #950 ) ;
#8758 = FACE_OUTER_BOUND ( 'NONE', #1181, .T. ) ;
#8759 = CARTESIAN_POINT ( 'NONE',  ( 22.99999999997512035, -3.900000000057872729, -0.9999999999996600497 ) ) ;
#8760 = DIRECTION ( 'NONE',  ( 0.000000000000000000, 0.000000000000000000, -1.000000000000000000 ) ) ;
#8761 = ADVANCED_FACE ( 'NONE', ( #8037 ), #2207, .F. ) ;
#8762 = DIRECTION ( 'NONE',  ( -0.7071067811865462405, -0.000000000000000000, -0.7071067811865489050 ) ) ;
#8763 = CARTESIAN_POINT ( 'NONE',  ( -1.723722370396523207, -13.67265559291861265, -16.29236934828663408 ) ) ;
#8764 = CARTESIAN_POINT ( 'NONE',  ( 88.00000000000001421, -18.70000000000001350, 57.79999999999999716 ) ) ;
#8765 = CARTESIAN_POINT ( 'NONE',  ( -0.8000000000000001554, -4.100000000000000533, 3.599999999999999645 ) ) ;
#8766 = LINE ( 'NONE', #3949, #7939 ) ;
#8767 = VERTEX_POINT ( 'NONE', #3026 ) ;
#8768 = EDGE_CURVE ( 'NONE', #2772, #8311, #10095, .T. ) ;
#8769 = ORIENTED_EDGE ( 'NONE', *, *, #3675, .F. ) ;
#8770 = ORIENTED_EDGE ( 'NONE', *, *, #4867, .F. ) ;
#8772 = CARTESIAN_POINT ( 'NONE',  ( 3.188808782593449909, -13.10858168809067514, -16.90175314175207433 ) ) ;
#8771 = AXIS2_PLACEMENT_3D ( 'NONE', #3162, #8563, #3914 ) ;
#8773 = B_SPLINE_CURVE_WITH_KNOTS ( 'NONE', 3,
 ( #7866, #8732, #4080, #3971 ),
 .UNSPECIFIED., .F., .F.,
 ( 4, 4 ),
 ( 0.000000000000000000, 0.002931721312059100328 ),
 .UNSPECIFIED. ) ;
#8774 = CARTESIAN_POINT ( 'NONE',  ( 3.395632605391576853, -14.41204157704818378, -16.21339945378198166 ) ) ;
#8775 = DIRECTION ( 'NONE',  ( 0.000000000000000000, -1.000000000000000000, 0.000000000000000000 ) ) ;
#8776 = DIRECTION ( 'NONE',  ( 0.7071067811865492381, -0.7071067811865457964, 0.000000000000000000 ) ) ;
#8777 = CARTESIAN_POINT ( 'NONE',  ( 87.88964305954142731, -12.25113714114677599, -17.07605494914356470 ) ) ;
#8778 = DIRECTION ( 'NONE',  ( -0.7071067811865457964, -0.7071067811865493491, -8.730496322752332385E-17 ) ) ;
#8779 = ORIENTED_EDGE ( 'NONE', *, *, #1165, .T. ) ;
#8780 = VECTOR ( 'NONE', #5550, 1000.000000000000000 ) ;
#8781 = VERTEX_POINT ( 'NONE', #6973 ) ;
#8782 = EDGE_CURVE ( 'NONE', #4485, #7964, #2159, .T. ) ;
#8783 = DIRECTION ( 'NONE',  ( 0.000000000000000000, -1.000000000000000000, -0.000000000000000000 ) ) ;
#8784 = DIRECTION ( 'NONE',  ( 1.000000000000000000, 0.000000000000000000, 0.000000000000000000 ) ) ;
#8785 = VERTEX_POINT ( 'NONE', #3852 ) ;
#8786 = DIRECTION ( 'NONE',  ( -0.7071067811865516806, -2.122205421015038826E-16, 0.7071067811865434649 ) ) ;
#8787 = ORIENTED_EDGE ( 'NONE', *, *, #4688, .F. ) ;
#8788 = VERTEX_POINT ( 'NONE', #9298 ) ;
#8789 = CIRCLE ( 'NONE', #3400, 11.50000000000000355 ) ;
#8790 = ORIENTED_EDGE ( 'NONE', *, *, #3295, .T. ) ;
#8791 = CARTESIAN_POINT ( 'NONE',  ( -0.9177358322005321201, -11.37309159779487189, -17.39964251804475737 ) ) ;
#8792 = EDGE_LOOP ( 'NONE', ( #7884, #272, #8517, #9376, #3378 ) ) ;
#8793 = ORIENTED_EDGE ( 'NONE', *, *, #7511, .T. ) ;
#8795 = VERTEX_POINT ( 'NONE', #7633 ) ;
#8794 = CARTESIAN_POINT ( 'NONE',  ( 50.06745179642231847, -19.03194953600381467, 28.53778217704467579 ) ) ;
#8796 = ORIENTED_EDGE ( 'NONE', *, *, #1360, .T. ) ;
#8797 = AXIS2_PLACEMENT_3D ( 'NONE', #6596, #2650, #2719 ) ;
#8798 = DIRECTION ( 'NONE',  ( -0.5773502691896270633, 0.5773502691896269523, 0.5773502691896231775 ) ) ;
#8799 = PLANE ( 'NONE',  #8631 ) ;
#8800 = DIRECTION ( 'NONE',  ( 0.000000000000000000, 0.000000000000000000, -1.000000000000000000 ) ) ;
#8801 = EDGE_CURVE ( 'NONE', #4791, #1489, #4861, .T. ) ;
#8802 = EDGE_CURVE ( 'NONE', #6171, #3651, #6820, .T. ) ;
#8803 = ORIENTED_EDGE ( 'NONE', *, *, #7147, .F. ) ;
#8804 = FACE_BOUND ( 'NONE', #3222, .T. ) ;
#8805 = DIRECTION ( 'NONE',  ( -0.7071067811865506814, -2.122205421015041045E-16, 0.7071067811865443531 ) ) ;
#8806 = CARTESIAN_POINT ( 'NONE',  ( 2.991714447632745966, -12.38243452202678263, -17.18671245762002187 ) ) ;
#8807 = CARTESIAN_POINT ( 'NONE',  ( -1.800000000000000266, -3.045900930049277200, 18.39936534720461481 ) ) ;
#8808 = CARTESIAN_POINT ( 'NONE',  ( 87.40000000000000568, 4.299999999999999822, -9.299999999999998934 ) ) ;
#8809 = CARTESIAN_POINT ( 'NONE',  ( 88.30167893854019212, -13.56572536450173061, -16.36367032937571508 ) ) ;
#8810 = DIRECTION ( 'NONE',  ( 1.000000000000000000, -0.000000000000000000, -0.000000000000000000 ) ) ;
#8811 = ADVANCED_FACE ( 'NONE', ( #5603 ), #8538, .F. ) ;
#8812 = ORIENTED_EDGE ( 'NONE', *, *, #7077, .T. ) ;
#8813 = EDGE_CURVE ( 'NONE', #8924, #9191, #7655, .T. ) ;
#8814 = EDGE_CURVE ( 'NONE', #1884, #5043, #656, .T. ) ;
#8815 =( BOUNDED_CURVE ( )  B_SPLINE_CURVE ( 3, ( #5247, #4488, #9856, #2018 ),
 .UNSPECIFIED., .F., .T. ) 
 B_SPLINE_CURVE_WITH_KNOTS ( ( 4, 4 ),
 ( 4.529553843391777690, 4.603080525567181169 ),
 .UNSPECIFIED. ) 
 CURVE ( )  GEOMETRIC_REPRESENTATION_ITEM ( )  RATIONAL_B_SPLINE_CURVE ( ( 1.000000000000000000, 0.9995495363225469498, 0.9995495363225469498, 1.000000000000000000 ) ) 
 REPRESENTATION_ITEM ( '' )  );
#8816 = VECTOR ( 'NONE', #5262, 1000.000000000000000 ) ;
#8817 = DIRECTION ( 'NONE',  ( 0.000000000000000000, 0.000000000000000000, -1.000000000000000000 ) ) ;
#8818 = CARTESIAN_POINT ( 'NONE',  ( 43.60945569282177559, -18.78758892027907024, 37.23088843057903574 ) ) ;
#8819 = PLANE ( 'NONE',  #8797 ) ;
#8820 = FACE_OUTER_BOUND ( 'NONE', #8569, .T. ) ;
#8821 = CARTESIAN_POINT ( 'NONE',  ( 43.68284214599196957, -17.90000000000000213, 28.21862858361886239 ) ) ;
#8822 = DIRECTION ( 'NONE',  ( 0.000000000000000000, 0.000000000000000000, -1.000000000000000000 ) ) ;
#8823 = ORIENTED_EDGE ( 'NONE', *, *, #4644, .F. ) ;
#8824 = VERTEX_POINT ( 'NONE', #877 ) ;
#8825 = VECTOR ( 'NONE', #9179, 1000.000000000000000 ) ;
#8826 = EDGE_LOOP ( 'NONE', ( #8557, #1952, #5688, #3447 ) ) ;
#8827 = ORIENTED_EDGE ( 'NONE', *, *, #8385, .T. ) ;
#8828 = LINE ( 'NONE', #9870, #501 ) ;
#8829 = EDGE_CURVE ( 'NONE', #8691, #1717, #173, .T. ) ;
#8830 = LINE ( 'NONE', #8309, #2753 ) ;
#8831 = ORIENTED_EDGE ( 'NONE', *, *, #10126, .T. ) ;
#8832 = DIRECTION ( 'NONE',  ( 0.000000000000000000, -1.000000000000000000, 0.000000000000000000 ) ) ;
#8833 = DIRECTION ( 'NONE',  ( -0.000000000000000000, 1.000000000000000000, -0.000000000000000000 ) ) ;
#8834 = ORIENTED_EDGE ( 'NONE', *, *, #2290, .F. ) ;
#8835 = VECTOR ( 'NONE', #2084, 1000.000000000000000 ) ;
#8836 = VECTOR ( 'NONE', #5135, 1000.000000000000000 ) ;
#8837 = FACE_OUTER_BOUND ( 'NONE', #1193, .T. ) ;
#8838 = VERTEX_POINT ( 'NONE', #4661 ) ;
#8839 = B_SPLINE_CURVE_WITH_KNOTS ( 'NONE', 3,
 ( #30, #8544, #2462, #7926, #776, #10100, #6314, #7891 ),
 .UNSPECIFIED., .F., .F.,
 ( 4, 2, 2, 4 ),
 ( 0.000000000000000000, 0.0001860284230302954196, 0.0003720568460605908393, 0.0007441136921211750650 ),
 .UNSPECIFIED. ) ;
#8840 = VERTEX_POINT ( 'NONE', #8674 ) ;
#8841 = ORIENTED_EDGE ( 'NONE', *, *, #3682, .T. ) ;
#8842 = CARTESIAN_POINT ( 'NONE',  ( 84.20000000000001705, 8.123044737829948403, -14.04558441227158738 ) ) ;
#8843 = CARTESIAN_POINT ( 'NONE',  ( 2.524152628299203283, -10.99071730250952683, -17.56035615413234652 ) ) ;
#8844 = CARTESIAN_POINT ( 'NONE',  ( 46.80000000000000426, -18.70000000000000284, 32.75000000000000000 ) ) ;
#8845 = VECTOR ( 'NONE', #1516, 1000.000000000000000 ) ;
#8847 = EDGE_CURVE ( 'NONE', #6330, #3329, #1170, .T. ) ;
#8846 = DIRECTION ( 'NONE',  ( 0.000000000000000000, 1.000000000000000000, 4.065758146820641628E-18 ) ) ;
#8848 = CARTESIAN_POINT ( 'NONE',  ( 86.45805322539483484, -9.213769057275984053, -17.73920980744719955 ) ) ;
#8849 = ORIENTED_EDGE ( 'NONE', *, *, #4191, .F. ) ;
#8850 = ORIENTED_EDGE ( 'NONE', *, *, #8272, .T. ) ;
#8851 = ORIENTED_EDGE ( 'NONE', *, *, #7612, .F. ) ;
#8852 = DIRECTION ( 'NONE',  ( -0.7071067811865457964, -0.7071067811865493491, -8.730496322752332385E-17 ) ) ;
#8853 = CARTESIAN_POINT ( 'NONE',  ( 71.62870760470174503, -11.68979180903754411, -17.40183614883711627 ) ) ;
#8854 = CARTESIAN_POINT ( 'NONE',  ( 0.000000000000000000, -0.1000000000000000056, 0.000000000000000000 ) ) ;
#8855 = CARTESIAN_POINT ( 'NONE',  ( -1.800000000000000266, -9.500000000000001776, 26.80000000000000071 ) ) ;
#8856 = LINE ( 'NONE', #8990, #6809 ) ;
#8857 = VECTOR ( 'NONE', #2707, 1000.000000000000000 ) ;
#8858 = ORIENTED_EDGE ( 'NONE', *, *, #8802, .T. ) ;
#8859 = EDGE_CURVE ( 'NONE', #8905, #7925, #7407, .T. ) ;
#8861 = EDGE_CURVE ( 'NONE', #9279, #24, #2285, .T. ) ;
#8860 = DIRECTION ( 'NONE',  ( 0.7071067811865506814, 0.000000000000000000, -0.7071067811865443531 ) ) ;
#8862 = ADVANCED_FACE ( 'NONE', ( #4119 ), #10123, .F. ) ;
#8863 = CARTESIAN_POINT ( 'NONE',  ( 72.48390775820197973, -9.327561899944178947, -17.73668061754256442 ) ) ;
#8864 = CARTESIAN_POINT ( 'NONE',  ( 110.2009174118888950, 4.299999999999999822, -0.1999999999999994837 ) ) ;
#8865 = FACE_BOUND ( 'NONE', #4880, .T. ) ;
#8866 = DIRECTION ( 'NONE',  ( 0.000000000000000000, 0.000000000000000000, -1.000000000000000000 ) ) ;
#8867 = DIRECTION ( 'NONE',  ( 0.000000000000000000, 1.000000000000000000, 0.000000000000000000 ) ) ;
#8868 = FACE_OUTER_BOUND ( 'NONE', #5412, .T. ) ;
#8869 = CARTESIAN_POINT ( 'NONE',  ( 35.80000000000000426, -19.10000000000000142, 9.799999999999998934 ) ) ;
#8870 = EDGE_LOOP ( 'NONE', ( #1697, #6035, #601, #7500 ) ) ;
#8871 = DIRECTION ( 'NONE',  ( -1.000000000000000000, 0.000000000000000000, 0.000000000000000000 ) ) ;
#8872 = CARTESIAN_POINT ( 'NONE',  ( 84.20000000000001705, 4.299999999999999822, -9.299999999999998934 ) ) ;
#8873 = DIRECTION ( 'NONE',  ( 1.000000000000000000, 0.000000000000000000, -0.000000000000000000 ) ) ;
#8874 = CARTESIAN_POINT ( 'NONE',  ( 2.169313239601768473, -10.04739904260242866, -17.69573028091297928 ) ) ;
#8875 = CARTESIAN_POINT ( 'NONE',  ( 36.67857751908344710, -18.70000000000000284, 21.21436395671032571 ) ) ;
#8876 = VECTOR ( 'NONE', #3383, 1000.000000000000000 ) ;
#8877 = EDGE_CURVE ( 'NONE', #10037, #5086, #52, .T. ) ;
#8878 = EDGE_CURVE ( 'NONE', #3079, #9399, #2674, .T. ) ;
#8879 = CARTESIAN_POINT ( 'NONE',  ( 3.799999999999999822, 11.79999999999999893, -13.64999999999999858 ) ) ;
#8880 = CARTESIAN_POINT ( 'NONE',  ( 87.73633858595000845, -12.89939836674904328, -16.99032087624389220 ) ) ;
#8881 = DIRECTION ( 'NONE',  ( 0.000000000000000000, 1.000000000000000000, 0.000000000000000000 ) ) ;
#8882 = EDGE_CURVE ( 'NONE', #3634, #7004, #1413, .T. ) ;
#8883 = DIRECTION ( 'NONE',  ( 0.000000000000000000, 0.000000000000000000, 1.000000000000000000 ) ) ;
#8884 = LINE ( 'NONE', #64, #6836 ) ;
#8885 = DIRECTION ( 'NONE',  ( -0.5000000000000031086, 0.7071067811865444641, 0.5000000000000012212 ) ) ;
#8886 = CARTESIAN_POINT ( 'NONE',  ( 71.30963776907717033, -12.72723840389525130, -17.05917127487056106 ) ) ;
#8887 = ORIENTED_EDGE ( 'NONE', *, *, #6855, .F. ) ;
#8888 = CARTESIAN_POINT ( 'NONE',  ( 0.000000000000000000, -0.1000000000000000056, 56.84969335805276103 ) ) ;
#8889 = CARTESIAN_POINT ( 'NONE',  ( 84.20000000000001705, 3.662330314989931779, -17.73999999999999844 ) ) ;
#8890 = EDGE_CURVE ( 'NONE', #4579, #5095, #2407, .T. ) ;
#8891 = ADVANCED_FACE ( 'NONE', ( #772 ), #5835, .F. ) ;
#8892 = AXIS2_PLACEMENT_3D ( 'NONE', #2838, #6646, #8938 ) ;
#8893 = VERTEX_POINT ( 'NONE', #3228 ) ;
#8894 = LINE ( 'NONE', #4452, #3204 ) ;
#8895 = ORIENTED_EDGE ( 'NONE', *, *, #3899, .F. ) ;
#8896 = DIRECTION ( 'NONE',  ( 1.000000000000000000, -0.000000000000000000, -0.000000000000000000 ) ) ;
#8897 = CARTESIAN_POINT ( 'NONE',  ( 16.26999999999964430, 4.300000000001169553, -0.1999999999999994837 ) ) ;
#8898 = CARTESIAN_POINT ( 'NONE',  ( 9.600000000000001421, -19.10000000000000142, 49.29999999999999716 ) ) ;
#8899 = DIRECTION ( 'NONE',  ( 0.000000000000000000, -1.000000000000000000, 0.000000000000000000 ) ) ;
#8900 = EDGE_CURVE ( 'NONE', #4613, #954, #4243, .T. ) ;
#8901 = B_SPLINE_CURVE_WITH_KNOTS ( 'NONE', 3,
 ( #208, #2616, #2508, #5679 ),
 .UNSPECIFIED., .F., .F.,
 ( 4, 4 ),
 ( 0.001171891790625622688, 0.003516978518624081645 ),
 .UNSPECIFIED. ) ;
#8902 = EDGE_LOOP ( 'NONE', ( #2299, #342, #8539, #6537 ) ) ;
#8903 = DIRECTION ( 'NONE',  ( -0.000000000000000000, 1.000000000000000000, -0.000000000000000000 ) ) ;
#8904 = CARTESIAN_POINT ( 'NONE',  ( -1.000000000000000000, -1.545900930049276534, 16.39936534720461125 ) ) ;
#8905 = VERTEX_POINT ( 'NONE', #8639 ) ;
#8906 = DIRECTION ( 'NONE',  ( -1.000000000000000000, -0.000000000000000000, -0.000000000000000000 ) ) ;
#8907 = CARTESIAN_POINT ( 'NONE',  ( 87.96816257622293733, -14.08432653739884621, -16.41020895556864900 ) ) ;
#8908 = CARTESIAN_POINT ( 'NONE',  ( 82.40000000000000568, -8.099999999999999645, 57.79999999999999716 ) ) ;
#8909 = FACE_OUTER_BOUND ( 'NONE', #6038, .T. ) ;
#8910 = ORIENTED_EDGE ( 'NONE', *, *, #2085, .T. ) ;
#8911 = ORIENTED_EDGE ( 'NONE', *, *, #3611, .F. ) ;
#8912 = EDGE_LOOP ( 'NONE', ( #7865, #4664, #8262, #4406, #8607 ) ) ;
#8913 = ORIENTED_EDGE ( 'NONE', *, *, #5954, .T. ) ;
#8914 = ORIENTED_EDGE ( 'NONE', *, *, #6735, .F. ) ;
#8915 = ADVANCED_FACE ( 'NONE', ( #1034 ), #9102, .F. ) ;
#8916 = CARTESIAN_POINT ( 'NONE',  ( 1.799999999999996048, -17.50000000000000000, -2.755455298081544778E-15 ) ) ;
#8917 = EDGE_CURVE ( 'NONE', #10059, #1601, #8373, .T. ) ;
#8918 = CARTESIAN_POINT ( 'NONE',  ( -1.800000000000000266, -9.099999999999996092, -7.740000000000002878 ) ) ;
#8919 = DIRECTION ( 'NONE',  ( 0.000000000000000000, -1.000000000000000000, 0.000000000000000000 ) ) ;
#8920 = DIRECTION ( 'NONE',  ( -1.360567432138673905E-15, 0.000000000000000000, 1.000000000000000000 ) ) ;
#8921 = DIRECTION ( 'NONE',  ( -1.000000000000000000, -1.734723475976808080E-16, 0.000000000000000000 ) ) ;
#8922 = FACE_BOUND ( 'NONE', #1325, .T. ) ;
#8923 = AXIS2_PLACEMENT_3D ( 'NONE', #1680, #1715, #3340 ) ;
#8924 = VERTEX_POINT ( 'NONE', #10155 ) ;
#8925 = LINE ( 'NONE', #1777, #2735 ) ;
#8926 = PLANE ( 'NONE',  #2222 ) ;
#8927 = AXIS2_PLACEMENT_3D ( 'NONE', #8720, #2505, #1721 ) ;
#8928 = CARTESIAN_POINT ( 'NONE',  ( 71.12864236270331730, -12.20543646837882257, -17.09503825657642651 ) ) ;
#8929 = DIRECTION ( 'NONE',  ( 0.000000000000000000, 0.000000000000000000, 1.000000000000000000 ) ) ;
#8930 = DIRECTION ( 'NONE',  ( 1.000000000000000000, 0.000000000000000000, 0.000000000000000000 ) ) ;
#8931 = VERTEX_POINT ( 'NONE', #802 ) ;
#8932 = DIRECTION ( 'NONE',  ( 0.5000000000000086597, 0.7071067811865365815, -0.5000000000000068834 ) ) ;
#8933 = PLANE ( 'NONE',  #7076 ) ;
#8934 = EDGE_CURVE ( 'NONE', #8838, #9506, #1050, .T. ) ;
#8935 = EDGE_CURVE ( 'NONE', #5707, #5169, #1529, .T. ) ;
#8936 = LINE ( 'NONE', #7880, #997 ) ;
#8937 = ORIENTED_EDGE ( 'NONE', *, *, #4867, .T. ) ;
#8939 = ADVANCED_FACE ( 'NONE', ( #9357 ), #3406, .F. ) ;
#8938 = DIRECTION ( 'NONE',  ( 0.000000000000000000, 0.000000000000000000, -1.000000000000000000 ) ) ;
#8940 = ORIENTED_EDGE ( 'NONE', *, *, #1145, .T. ) ;
#8941 = CARTESIAN_POINT ( 'NONE',  ( 16.26999999999954127, -3.200000000000001510, -1.800000000000000044 ) ) ;
#8942 = VECTOR ( 'NONE', #8211, 1000.000000000000000 ) ;
#8943 = ORIENTED_EDGE ( 'NONE', *, *, #3611, .T. ) ;
#8944 = CARTESIAN_POINT ( 'NONE',  ( -0.2000000000000000111, -9.500000000000001776, 16.80000000000000071 ) ) ;
#8945 = VECTOR ( 'NONE', #698, 1000.000000000000000 ) ;
#8946 = CARTESIAN_POINT ( 'NONE',  ( 87.80705945395520473, -13.18611744796031893, -16.86729815181202952 ) ) ;
#8947 = VECTOR ( 'NONE', #283, 1000.000000000000000 ) ;
#8948 = CARTESIAN_POINT ( 'NONE',  ( -1.366262235962823146, -14.07542527355690964, -16.41450692680994550 ) ) ;
#8949 = ORIENTED_EDGE ( 'NONE', *, *, #7953, .T. ) ;
#8951 = CARTESIAN_POINT ( 'NONE',  ( -1.800000000000000266, -2.449999999999729283, 14.32740920835357379 ) ) ;
#8950 = AXIS2_PLACEMENT_3D ( 'NONE', #7801, #1533, #3219 ) ;
#8952 = DIRECTION ( 'NONE',  ( -0.000000000000000000, 1.000000000000000000, -0.000000000000000000 ) ) ;
#8953 = LINE ( 'NONE', #9913, #6284 ) ;
#8954 = CARTESIAN_POINT ( 'NONE',  ( 71.03183742377709109, -14.08432653739882667, -16.41020895556865966 ) ) ;
#8955 = DIRECTION ( 'NONE',  ( 0.000000000000000000, -0.000000000000000000, 1.000000000000000000 ) ) ;
#8956 = EDGE_LOOP ( 'NONE', ( #2385, #4790, #7462, #6461 ) ) ;
#8957 = LINE ( 'NONE', #3936, #4344 ) ;
#8958 = VERTEX_POINT ( 'NONE', #126 ) ;
#8959 = VERTEX_POINT ( 'NONE', #2577 ) ;
#8960 = ORIENTED_EDGE ( 'NONE', *, *, #9366, .T. ) ;
#8961 = FACE_OUTER_BOUND ( 'NONE', #10009, .T. ) ;
#8962 = EDGE_CURVE ( 'NONE', #5707, #3799, #5235, .T. ) ;
#8963 = LINE ( 'NONE', #8366, #6919 ) ;
#8964 = ORIENTED_EDGE ( 'NONE', *, *, #2037, .T. ) ;
#8965 = ADVANCED_FACE ( 'NONE', ( #8868 ), #4881, .F. ) ;
#8966 = ORIENTED_EDGE ( 'NONE', *, *, #1417, .T. ) ;
#8967 = CARTESIAN_POINT ( 'NONE',  ( 71.06131461836670837, -12.38024108225462250, -17.01783929775156778 ) ) ;
#8968 = VECTOR ( 'NONE', #4820, 1000.000000000000000 ) ;
#8969 = ORIENTED_EDGE ( 'NONE', *, *, #7147, .T. ) ;
#8970 = EDGE_LOOP ( 'NONE', ( #2754, #7692, #4681, #2791, #5650, #2556, #8858, #1094 ) ) ;
#8971 = CARTESIAN_POINT ( 'NONE',  ( -1.800000000000000266, -9.500000000000001776, 26.80000000000000071 ) ) ;
#8972 = VERTEX_POINT ( 'NONE', #7263 ) ;
#8973 = VECTOR ( 'NONE', #1235, 1000.000000000000000 ) ;
#8974 = VECTOR ( 'NONE', #8881, 1000.000000000000000 ) ;
#8975 = PLANE ( 'NONE',  #1350 ) ;
#8976 = ORIENTED_EDGE ( 'NONE', *, *, #1224, .T. ) ;
#8977 = CARTESIAN_POINT ( 'NONE',  ( 31.80000000000000071, -17.50000000000000000, 4.799999999999999822 ) ) ;
#8978 = CARTESIAN_POINT ( 'NONE',  ( 2.031727686929320598, -9.692389680390620654, -17.72314330741227550 ) ) ;
#8979 = ORIENTED_EDGE ( 'NONE', *, *, #8282, .T. ) ;
#8980 = PLANE ( 'NONE',  #6169 ) ;
#8981 = EDGE_LOOP ( 'NONE', ( #8084, #2301, #4601, #5829, #8545, #1983 ) ) ;
#8983 = EDGE_CURVE ( 'NONE', #1733, #10113, #7536, .T. ) ;
#8982 = CARTESIAN_POINT ( 'NONE',  ( 88.40000000000000568, 4.087443438329970924, -15.74000000000000021 ) ) ;
#8984 = CARTESIAN_POINT ( 'NONE',  ( -1.800000000000000266, 11.79999999999999893, -11.50000000000000000 ) ) ;
#8985 = CARTESIAN_POINT ( 'NONE',  ( -0.2000000000000000111, -9.500000000000001776, 20.80000000000000071 ) ) ;
#8986 = ORIENTED_EDGE ( 'NONE', *, *, #10097, .T. ) ;
#8987 = CIRCLE ( 'NONE', #6213, 1.000000000000000888 ) ;
#8988 = LINE ( 'NONE', #402, #8496 ) ;
#8989 = VECTOR ( 'NONE', #7094, 1000.000000000000000 ) ;
#8990 = CARTESIAN_POINT ( 'NONE',  ( -0.2000000000000000111, -9.500000000000001776, 12.79999999999999893 ) ) ;
#8991 = EDGE_LOOP ( 'NONE', ( #1383, #192, #793, #9975 ) ) ;
#8992 = CARTESIAN_POINT ( 'NONE',  ( 88.40000000000000568, -18.20262464989040296, 21.29999999999972360 ) ) ;
#8993 = CARTESIAN_POINT ( 'NONE',  ( 71.17977418912008147, -13.24335474665553747, -16.84145960310357637 ) ) ;
#8994 = DIRECTION ( 'NONE',  ( -0.000000000000000000, 0.000000000000000000, -1.000000000000000000 ) ) ;
#8995 = ADVANCED_FACE ( 'NONE', ( #7054 ), #648, .T. ) ;
#8996 = AXIS2_PLACEMENT_3D ( 'NONE', #6441, #1734, #7219 ) ;
#8997 = LINE ( 'NONE', #6459, #7417 ) ;
#8998 = ORIENTED_EDGE ( 'NONE', *, *, #63, .F. ) ;
#8999 = EDGE_CURVE ( 'NONE', #727, #10146, #9953, .T. ) ;
#9000 = EDGE_CURVE ( 'NONE', #1307, #6139, #9372, .T. ) ;
#9001 = LINE ( 'NONE', #6833, #6951 ) ;
#9002 = ORIENTED_EDGE ( 'NONE', *, *, #7432, .F. ) ;
#9003 = DIRECTION ( 'NONE',  ( -0.000000000000000000, 0.000000000000000000, -1.000000000000000000 ) ) ;
#9004 = CARTESIAN_POINT ( 'NONE',  ( 70.94435169912377148, -12.70246682030630225, -16.86404632033009321 ) ) ;
#9005 = CARTESIAN_POINT ( 'NONE',  ( 71.16064528194975480, -13.33014854759199430, -16.80124226762545092 ) ) ;
#9006 = CARTESIAN_POINT ( 'NONE',  ( 150.7570364914818697, -18.70000000000001350, 57.79999999999999716 ) ) ;
#9007 = DIRECTION ( 'NONE',  ( 0.000000000000000000, 0.000000000000000000, -1.000000000000000000 ) ) ;
#9008 = LINE ( 'NONE', #10098, #6340 ) ;
#9009 = LINE ( 'NONE', #2012, #6205 ) ;
#9010 = ORIENTED_EDGE ( 'NONE', *, *, #1729, .F. ) ;
#9011 = AXIS2_PLACEMENT_3D ( 'NONE', #8245, #4435, #9122 ) ;
#9012 = CARTESIAN_POINT ( 'NONE',  ( -1.800000000000000266, -2.449999999999728839, 12.27259155458886397 ) ) ;
#9013 = CARTESIAN_POINT ( 'NONE',  ( -0.2000000000000000111, -9.500000000000001776, 44.79999999999999716 ) ) ;
#9014 = EDGE_CURVE ( 'NONE', #3416, #9060, #1404, .T. ) ;
#9015 = PLANE ( 'NONE',  #5748 ) ;
#9016 = CARTESIAN_POINT ( 'NONE',  ( 86.86002262101898452, -10.28396397068919121, -17.67037772708032506 ) ) ;
#9017 = CARTESIAN_POINT ( 'NONE',  ( -1.800000000000000266, -9.500000000000001776, 34.79999999999999716 ) ) ;
#9018 = ORIENTED_EDGE ( 'NONE', *, *, #5244, .T. ) ;
#9019 = FACE_OUTER_BOUND ( 'NONE', #7606, .T. ) ;
#9020 = VERTEX_POINT ( 'NONE', #6653 ) ;
#9021 = ADVANCED_FACE ( 'NONE', ( #6810 ), #6682, .F. ) ;
#9022 = DIRECTION ( 'NONE',  ( 0.000000000000000000, 1.000000000000000000, 0.000000000000000000 ) ) ;
#9023 = CARTESIAN_POINT ( 'NONE',  ( 39.20325699712440581, -17.63336959683679339, 24.11611576704567383 ) ) ;
#9024 = VERTEX_POINT ( 'NONE', #920 ) ;
#9025 = DIRECTION ( 'NONE',  ( 0.000000000000000000, 0.000000000000000000, -1.000000000000000000 ) ) ;
#9026 = CARTESIAN_POINT ( 'NONE',  ( 88.40000000000000568, -18.69999999999999574, -7.740000000000001101 ) ) ;
#9027 = EDGE_CURVE ( 'NONE', #3191, #8959, #6450, .T. ) ;
#9028 = VERTEX_POINT ( 'NONE', #3564 ) ;
#9029 = VECTOR ( 'NONE', #9938, 1000.000000000000000 ) ;
#9030 = ORIENTED_EDGE ( 'NONE', *, *, #1747, .F. ) ;
#9031 = VERTEX_POINT ( 'NONE', #5837 ) ;
#9032 = CARTESIAN_POINT ( 'NONE',  ( 34.80000000000000426, -17.50000000000000000, 8.799999999999998934 ) ) ;
#9033 = CARTESIAN_POINT ( 'NONE',  ( 51.33137141638115963, -17.90000000000002345, 29.63284214599200439 ) ) ;
#9034 = CARTESIAN_POINT ( 'NONE',  ( 71.91676950263656920, -10.45604150003706678, -17.61968396250836832 ) ) ;
#9035 = CARTESIAN_POINT ( 'NONE',  ( 70.60000000000000853, 11.79999999999999893, -13.64999999999999858 ) ) ;
#9036 = EDGE_CURVE ( 'NONE', #234, #8501, #7158, .T. ) ;
#9037 = CIRCLE ( 'NONE', #8927, 1.900000000000000133 ) ;
#9038 = ORIENTED_EDGE ( 'NONE', *, *, #1029, .T. ) ;
#9039 = CARTESIAN_POINT ( 'NONE',  ( 82.40000000000000568, -8.099999999999999645, 56.79999999999999716 ) ) ;
#9040 = DIRECTION ( 'NONE',  ( -0.000000000000000000, 0.000000000000000000, -1.000000000000000000 ) ) ;
#9041 = EDGE_LOOP ( 'NONE', ( #6086, #5014, #8095, #8148, #5942, #6034, #5206 ) ) ;
#9042 = CARTESIAN_POINT ( 'NONE',  ( 3.377577833384247885, -12.48485450132207220, -16.96935271585949678 ) ) ;
#9043 = CARTESIAN_POINT ( 'NONE',  ( 56.39999999999999858, -3.200000000000003286, -0.7999999999999999334 ) ) ;
#9044 = LINE ( 'NONE', #10130, #5158 ) ;
#9045 = VERTEX_POINT ( 'NONE', #757 ) ;
#9046 = EDGE_LOOP ( 'NONE', ( #413, #7118, #5383, #4646, #3167, #3823, #7820, #4504, #8611, #1782, #4285, #5912, #3529, #4675, #7228, #616, #3092 ) ) ;
#9047 = AXIS2_PLACEMENT_3D ( 'NONE', #10120, #7698, #3099 ) ;
#9048 = CARTESIAN_POINT ( 'NONE',  ( -4.000000000000012434, -11.70000000000002416, 12.79999999999999893 ) ) ;
#9049 = CARTESIAN_POINT ( 'NONE',  ( 51.33137141638112411, -18.69999999999999574, 35.86715785400805601 ) ) ;
#9050 = CARTESIAN_POINT ( 'NONE',  ( 82.40000000000000568, -8.099999999999999645, 57.79999999999999716 ) ) ;
#9051 = CARTESIAN_POINT ( 'NONE',  ( 88.40000000000000568, -17.50000000000020250, 54.39999999999972857 ) ) ;
#9052 = CARTESIAN_POINT ( 'NONE',  ( 43.35838771269639835, -17.50000000000000355, 28.45985957527252452 ) ) ;
#9053 = EDGE_CURVE ( 'NONE', #2960, #3082, #7522, .T. ) ;
#9054 = LINE ( 'NONE', #6394, #1362 ) ;
#9055 = ORIENTED_EDGE ( 'NONE', *, *, #8491, .F. ) ;
#9056 = LINE ( 'NONE', #1033, #3379 ) ;
#9057 = VERTEX_POINT ( 'NONE', #1880 ) ;
#9058 = LINE ( 'NONE', #3131, #734 ) ;
#9059 = LINE ( 'NONE', #839, #7018 ) ;
#9060 = VERTEX_POINT ( 'NONE', #8522 ) ;
#9061 = ADVANCED_FACE ( 'NONE', ( #4987 ), #9215, .T. ) ;
#9062 = AXIS2_PLACEMENT_3D ( 'NONE', #8175, #361, #1988 ) ;
#9063 = DIRECTION ( 'NONE',  ( 0.000000000000000000, -1.404986760216307406E-16, 1.000000000000000000 ) ) ;
#9064 = CARTESIAN_POINT ( 'NONE',  ( 71.03259255979590137, -12.45724313679481554, -16.98230029269958408 ) ) ;
#9065 = CARTESIAN_POINT ( 'NONE',  ( 71.00000000000002842, -14.62770798392565652, -16.07333333333333414 ) ) ;
#9066 = CARTESIAN_POINT ( 'NONE',  ( 31.79999999999999361, -17.50000000000000000, 8.799999999999998934 ) ) ;
#9067 = ORIENTED_EDGE ( 'NONE', *, *, #3956, .F. ) ;
#9068 = VECTOR ( 'NONE', #660, 1000.000000000000000 ) ;
#9069 = VECTOR ( 'NONE', #4673, 1000.000000000000000 ) ;
#9070 = EDGE_CURVE ( 'NONE', #913, #1153, #6299, .T. ) ;
#9071 = EDGE_CURVE ( 'NONE', #7792, #9772, #8156, .T. ) ;
#9072 = VECTOR ( 'NONE', #939, 1000.000000000000000 ) ;
#9073 = ORIENTED_EDGE ( 'NONE', *, *, #2751, .F. ) ;
#9074 = LINE ( 'NONE', #4507, #6911 ) ;
#9075 = PLANE ( 'NONE',  #8701 ) ;
#9076 = ORIENTED_EDGE ( 'NONE', *, *, #8859, .F. ) ;
#9077 = VERTEX_POINT ( 'NONE', #5458 ) ;
#9078 = CARTESIAN_POINT ( 'NONE',  ( 3.799999999999999378, 16.36070170039654315, -15.74000000000000021 ) ) ;
#9079 = ORIENTED_EDGE ( 'NONE', *, *, #8019, .T. ) ;
#9080 = CARTESIAN_POINT ( 'NONE',  ( 19.00677727426997166, -9.494633136679889063, -2.000000000000000000 ) ) ;
#9081 = CARTESIAN_POINT ( 'NONE',  ( 3.113970133539793572, -11.82120607000292623, -17.24782495269456462 ) ) ;
#9082 = EDGE_LOOP ( 'NONE', ( #715, #980, #6542, #8598 ) ) ;
#9083 = AXIS2_PLACEMENT_3D ( 'NONE', #7452, #3660, #5186 ) ;
#9084 = VERTEX_POINT ( 'NONE', #3808 ) ;
#9085 = ORIENTED_EDGE ( 'NONE', *, *, #826, .F. ) ;
#9086 = VECTOR ( 'NONE', #6306, 1000.000000000000114 ) ;
#9087 = CARTESIAN_POINT ( 'NONE',  ( 70.69832106145982209, -13.56572536450171462, -16.36367032937571153 ) ) ;
#9088 = CARTESIAN_POINT ( 'NONE',  ( 42.26862858361886310, -17.89999999999999147, 35.86715785400802758 ) ) ;
#9089 = DIRECTION ( 'NONE',  ( -1.000000000000000000, 0.000000000000000000, 0.000000000000000000 ) ) ;
#9090 = FACE_OUTER_BOUND ( 'NONE', #4105, .T. ) ;
#9091 = DIRECTION ( 'NONE',  ( -0.000000000000000000, 1.000000000000000000, 3.001251688541188813E-16 ) ) ;
#9092 = LINE ( 'NONE', #8405, #7046 ) ;
#9093 = ORIENTED_EDGE ( 'NONE', *, *, #5752, .F. ) ;
#9094 = ORIENTED_EDGE ( 'NONE', *, *, #4397, .F. ) ;
#9095 = EDGE_LOOP ( 'NONE', ( #3468, #3492, #6419, #2951 ) ) ;
#9096 = EDGE_CURVE ( 'NONE', #2809, #5707, #5104, .T. ) ;
#9097 = PLANE ( 'NONE',  #4110 ) ;
#9099 = CARTESIAN_POINT ( 'NONE',  ( -1.800000000000000266, -17.50000000000000000, 42.80000000000000426 ) ) ;
#9098 = CARTESIAN_POINT ( 'NONE',  ( 1.799999999999996048, -17.50000000000000000, -2.755455298081544778E-15 ) ) ;
#9100 = CARTESIAN_POINT ( 'NONE',  ( 71.48558980056947121, -12.13151545375104767, -17.26977953979353586 ) ) ;
#9101 = LINE ( 'NONE', #2718, #7052 ) ;
#9102 = CYLINDRICAL_SURFACE ( 'NONE', #5438, 1.000000000000000888 ) ;
#9103 = LINE ( 'NONE', #1280, #9835 ) ;
#9104 = CARTESIAN_POINT ( 'NONE',  ( 88.40000000000000568, -15.54999999999981419, 18.75000000000047251 ) ) ;
#9105 = PLANE ( 'NONE',  #3436 ) ;
#9106 = ORIENTED_EDGE ( 'NONE', *, *, #3797, .T. ) ;
#9107 = EDGE_LOOP ( 'NONE', ( #6879, #1196, #5139, #6661 ) ) ;
#9108 = CARTESIAN_POINT ( 'NONE',  ( 4.799999999999999822, -19.10000000000000142, 4.799999999999999822 ) ) ;
#9109 = CARTESIAN_POINT ( 'NONE',  ( 46.80000000000000426, -19.10000000000000497, 17.40353161276356175 ) ) ;
#9110 = DIRECTION ( 'NONE',  ( 1.000000000000000000, 0.000000000000000000, 0.000000000000000000 ) ) ;
#9111 = ORIENTED_EDGE ( 'NONE', *, *, #8162, .F. ) ;
#9112 = CARTESIAN_POINT ( 'NONE',  ( 84.20000000000001705, 11.79999999999999893, -11.50000000000000000 ) ) ;
#9114 = EDGE_CURVE ( 'NONE', #4932, #8214, #6323, .T. ) ;
#9113 = CARTESIAN_POINT ( 'NONE',  ( -1.799999999999999378, -3.200000000000001510, -0.2000000000000005107 ) ) ;
#9115 = CARTESIAN_POINT ( 'NONE',  ( 3.751301525960472727, -13.83504832930880823, -16.17877715320631538 ) ) ;
#9116 = CARTESIAN_POINT ( 'NONE',  ( -0.03555521599271622979, -9.702370160546822220, -17.72201706812112576 ) ) ;
#9117 = VECTOR ( 'NONE', #4368, 1000.000000000000000 ) ;
#9118 = EDGE_LOOP ( 'NONE', ( #3855, #4783, #1504, #3964 ) ) ;
#9119 = AXIS2_PLACEMENT_3D ( 'NONE', #5980, #1286, #8291 ) ;
#9120 = ADVANCED_FACE ( 'NONE', ( #304 ), #9360, .F. ) ;
#9121 = CARTESIAN_POINT ( 'NONE',  ( 1.937628442561689424, -9.451437545989797684, -17.73382352320887279 ) ) ;
#9122 = DIRECTION ( 'NONE',  ( 0.000000000000000000, 0.000000000000000000, -1.000000000000000000 ) ) ;
#9123 = DIRECTION ( 'NONE',  ( 0.000000000000000000, -1.404986760216307406E-16, 1.000000000000000000 ) ) ;
#9124 = ORIENTED_EDGE ( 'NONE', *, *, #4970, .T. ) ;
#9125 = DIRECTION ( 'NONE',  ( 0.000000000000000000, 0.000000000000000000, 1.000000000000000000 ) ) ;
#9126 = LINE ( 'NONE', #6707, #4395 ) ;
#9127 = EDGE_CURVE ( 'NONE', #5750, #4738, #1778, .T. ) ;
#9128 = EDGE_CURVE ( 'NONE', #1438, #5393, #9474, .T. ) ;
#9129 = EDGE_CURVE ( 'NONE', #1638, #7004, #8265, .T. ) ;
#9130 = EDGE_LOOP ( 'NONE', ( #3387, #9998, #1202, #2653 ) ) ;
#9131 = CARTESIAN_POINT ( 'NONE',  ( 88.40000000000000568, -14.40659966456864893, -15.73999999999999666 ) ) ;
#9133 = CARTESIAN_POINT ( 'NONE',  ( 58.11075089960540652, -19.06047492215265038, 22.53916201892729276 ) ) ;
#9132 = DIRECTION ( 'NONE',  ( 1.000000000000000000, -0.000000000000000000, -0.000000000000000000 ) ) ;
#9134 = CARTESIAN_POINT ( 'NONE',  ( 0.1999999999999996503, -9.099999999999994316, -17.74000000000000199 ) ) ;
#9135 = CARTESIAN_POINT ( 'NONE',  ( 3.799999999999999378, -19.10000000000000142, 6.799999999999999822 ) ) ;
#9136 = LINE ( 'NONE', #1602, #8293 ) ;
#9137 = FACE_OUTER_BOUND ( 'NONE', #568, .T. ) ;
#9138 = ORIENTED_EDGE ( 'NONE', *, *, #261, .T. ) ;
#9139 = ORIENTED_EDGE ( 'NONE', *, *, #2494, .T. ) ;
#9140 = LINE ( 'NONE', #4580, #2956 ) ;
#9141 = DIRECTION ( 'NONE',  ( 0.000000000000000000, -3.001251688541188813E-16, 1.000000000000000000 ) ) ;
#9142 = CARTESIAN_POINT ( 'NONE',  ( 31.79999999999999361, -19.10000000000000142, 14.79999999999999893 ) ) ;
#9143 = CARTESIAN_POINT ( 'NONE',  ( 14.19999999999999041, -8.099999999999999645, 56.79999999999999716 ) ) ;
#9144 = AXIS2_PLACEMENT_3D ( 'NONE', #578, #3700, #4712 ) ;
#9145 = CARTESIAN_POINT ( 'NONE',  ( 70.60000000000000853, -19.10000000000000142, -17.73999999999999844 ) ) ;
#9146 = CARTESIAN_POINT ( 'NONE',  ( 2.904312277131538611, -11.34391306362599572, -17.40799593921382993 ) ) ;
#9147 = CARTESIAN_POINT ( 'NONE',  ( -0.8511839254296594826, -11.93461398041790034, -17.32984694812037674 ) ) ;
#9148 = EDGE_LOOP ( 'NONE', ( #5177, #4891, #1037, #487 ) ) ;
#9149 = CARTESIAN_POINT ( 'NONE',  ( 150.7570364914818697, -17.50000000000000355, 36.89999999999971436 ) ) ;
#9150 = CARTESIAN_POINT ( 'NONE',  ( -0.2000000000000000111, -15.50000000000001776, 30.80000000000000071 ) ) ;
#9151 = DIRECTION ( 'NONE',  ( 0.000000000000000000, -3.001251688541188813E-16, 1.000000000000000000 ) ) ;
#9152 = FACE_OUTER_BOUND ( 'NONE', #8956, .T. ) ;
#9153 = ORIENTED_EDGE ( 'NONE', *, *, #4687, .T. ) ;
#9154 = EDGE_CURVE ( 'NONE', #4068, #1733, #2287, .T. ) ;
#9155 = ORIENTED_EDGE ( 'NONE', *, *, #7833, .T. ) ;
#9156 = ORIENTED_EDGE ( 'NONE', *, *, #7267, .T. ) ;
#9157 = CIRCLE ( 'NONE', #3585, 2.149999999999999023 ) ;
#9158 = CARTESIAN_POINT ( 'NONE',  ( -0.5855019158094411091, 13.20131624434889339, -17.58295971038933914 ) ) ;
#9159 = DIRECTION ( 'NONE',  ( 0.000000000000000000, 0.000000000000000000, -1.000000000000000000 ) ) ;
#9160 = ORIENTED_EDGE ( 'NONE', *, *, #8398, .T. ) ;
#9161 = ADVANCED_FACE ( 'NONE', ( #6580 ), #1562, .T. ) ;
#9162 = DIRECTION ( 'NONE',  ( 1.000000000000000000, 0.000000000000000000, 0.000000000000000000 ) ) ;
#9163 = ORIENTED_EDGE ( 'NONE', *, *, #2386, .T. ) ;
#9164 = CARTESIAN_POINT ( 'NONE',  ( 1.799999999999996270, -17.50000000000000000, 10.79999999999999716 ) ) ;
#9165 = CARTESIAN_POINT ( 'NONE',  ( 71.96909910840027180, -10.73765317015590526, -17.60533280489938690 ) ) ;
#9166 = ORIENTED_EDGE ( 'NONE', *, *, #444, .T. ) ;
#9167 = CARTESIAN_POINT ( 'NONE',  ( 46.80000000000000426, -17.50000000000000355, 32.75000000000000000 ) ) ;
#9168 = FACE_OUTER_BOUND ( 'NONE', #1168, .T. ) ;
#9169 = DIRECTION ( 'NONE',  ( -0.000000000000000000, 1.000000000000000000, 0.000000000000000000 ) ) ;
#9170 = EDGE_CURVE ( 'NONE', #7623, #448, #8743, .T. ) ;
#9171 = ORIENTED_EDGE ( 'NONE', *, *, #4314, .F. ) ;
#9172 = VERTEX_POINT ( 'NONE', #4013 ) ;
#9173 = CARTESIAN_POINT ( 'NONE',  ( 46.80000000000000426, -17.70000000000001705, 32.75000000000000000 ) ) ;
#9174 = DIRECTION ( 'NONE',  ( 1.245113975359227837E-14, 1.000000000000000000, 0.000000000000000000 ) ) ;
#9175 = ORIENTED_EDGE ( 'NONE', *, *, #9596, .T. ) ;
#9176 = PLANE ( 'NONE',  #4412 ) ;
#9177 = LINE ( 'NONE', #5776, #9676 ) ;
#9178 = CARTESIAN_POINT ( 'NONE',  ( -1.800000000000000266, -9.500000000000001776, 4.799999999999998934 ) ) ;
#9179 = DIRECTION ( 'NONE',  ( -1.000000000000000000, -0.000000000000000000, -0.000000000000000000 ) ) ;
#9180 = CARTESIAN_POINT ( 'NONE',  ( 3.800000000000000266, -14.31048789470730931, -15.81969100012550378 ) ) ;
#9181 = CARTESIAN_POINT ( 'NONE',  ( -0.8664704349325553778, -11.98173982089097223, -17.31579372133049333 ) ) ;
#9182 = ORIENTED_EDGE ( 'NONE', *, *, #3554, .F. ) ;
#9183 = LINE ( 'NONE', #5819, #7129 ) ;
#9184 = CARTESIAN_POINT ( 'NONE',  ( 1.989395393702057202, -9.583933562099355541, -17.72845948412729555 ) ) ;
#9185 = AXIS2_PLACEMENT_3D ( 'NONE', #4886, #4920, #7140 ) ;
#9186 = ORIENTED_EDGE ( 'NONE', *, *, #2343, .F. ) ;
#9187 = VECTOR ( 'NONE', #966, 1000.000000000000000 ) ;
#9188 = CARTESIAN_POINT ( 'NONE',  ( -1.800000000000000266, -0.2000000000003226419, 34.24999999999941025 ) ) ;
#9189 = DIRECTION ( 'NONE',  ( 0.7071067811865489050, 0.000000000000000000, -0.7071067811865462405 ) ) ;
#9190 = VECTOR ( 'NONE', #1867, 1000.000000000000227 ) ;
#9191 = VERTEX_POINT ( 'NONE', #2440 ) ;
#9192 = EDGE_CURVE ( 'NONE', #5899, #9734, #2678, .T. ) ;
#9193 = EDGE_CURVE ( 'NONE', #2901, #7510, #9966, .T. ) ;
#9194 = DIRECTION ( 'NONE',  ( 1.000000000000000000, -1.400000000000014387E-14, -1.399999999999985673E-14 ) ) ;
#9195 = VERTEX_POINT ( 'NONE', #4869 ) ;
#9196 = CARTESIAN_POINT ( 'NONE',  ( 3.799999999999999822, -3.200000000000001510, 0.000000000000000000 ) ) ;
#9197 = CARTESIAN_POINT ( 'NONE',  ( 36.58916201892721887, -19.06047492215265393, 21.43924910039465104 ) ) ;
#9198 = VERTEX_POINT ( 'NONE', #148 ) ;
#9199 = AXIS2_PLACEMENT_3D ( 'NONE', #3322, #3251, #2521 ) ;
#9200 = CARTESIAN_POINT ( 'NONE',  ( -1.800000000000000266, -17.50000000000000000, 6.800000000000000711 ) ) ;
#9201 = FACE_OUTER_BOUND ( 'NONE', #981, .T. ) ;
#9202 = CARTESIAN_POINT ( 'NONE',  ( 86.53762844266938714, -9.451437546266349798, -17.73382352319903532 ) ) ;
#9203 = CARTESIAN_POINT ( 'NONE',  ( 71.54881607460970372, -11.93461398030376763, -17.32984694815393567 ) ) ;
#9204 = DIRECTION ( 'NONE',  ( 0.000000000000000000, 0.000000000000000000, 1.000000000000000000 ) ) ;
#9205 = VERTEX_POINT ( 'NONE', #6 ) ;
#9206 = EDGE_CURVE ( 'NONE', #2296, #4254, #2796, .T. ) ;
#9207 = LINE ( 'NONE', #3562, #4466 ) ;
#9208 = AXIS2_PLACEMENT_3D ( 'NONE', #9924, #9213, #2122 ) ;
#9209 = VECTOR ( 'NONE', #2337, 1000.000000000000000 ) ;
#9210 = LINE ( 'NONE', #5871, #519 ) ;
#9211 = CARTESIAN_POINT ( 'NONE',  ( 43.24999999996620659, -6.054999999995330901E-13, -1.800000000000000044 ) ) ;
#9212 = VERTEX_POINT ( 'NONE', #1735 ) ;
#9213 = DIRECTION ( 'NONE',  ( 0.000000000000000000, -1.000000000000000000, -1.234678630588475078E-16 ) ) ;
#9214 = ORIENTED_EDGE ( 'NONE', *, *, #822, .F. ) ;
#9215 = PLANE ( 'NONE',  #2417 ) ;
#9216 = CARTESIAN_POINT ( 'NONE',  ( -1.339710204527638782, -13.86872614213735488, -16.53054711218620909 ) ) ;
#9217 = VERTEX_POINT ( 'NONE', #5657 ) ;
#9218 = EDGE_CURVE ( 'NONE', #5043, #4051, #6690, .T. ) ;
#9219 = ADVANCED_FACE ( 'NONE', ( #917 ), #3040, .T. ) ;
#9220 = EDGE_CURVE ( 'NONE', #9770, #9279, #2917, .T. ) ;
#9221 = VECTOR ( 'NONE', #4535, 1000.000000000000000 ) ;
#9222 = ORIENTED_EDGE ( 'NONE', *, *, #7087, .T. ) ;
#9224 = CARTESIAN_POINT ( 'NONE',  ( 1.908831155123945855, -9.377828527733473862, -17.73619127674005114 ) ) ;
#9223 = AXIS2_PLACEMENT_3D ( 'NONE', #6803, #7501, #2823 ) ;
#9225 = CARTESIAN_POINT ( 'NONE',  ( -1.800000000000000266, -9.500000000000001776, 22.80000000000000071 ) ) ;
#9226 = DIRECTION ( 'NONE',  ( 0.7071067811865474617, -0.000000000000000000, -0.7071067811865474617 ) ) ;
#9227 = ORIENTED_EDGE ( 'NONE', *, *, #1020, .F. ) ;
#9228 = CARTESIAN_POINT ( 'NONE',  ( 31.79999999999999361, -17.50000000000000000, 10.79999999999999893 ) ) ;
#9229 = CARTESIAN_POINT ( 'NONE',  ( -1.800000000000000266, -1.649999999999729017, 12.27259155458886397 ) ) ;
#9230 = CARTESIAN_POINT ( 'NONE',  ( 51.33137141638111700, -18.69999999999999574, 35.86715785400806311 ) ) ;
#9231 = ADVANCED_FACE ( 'NONE', ( #7528 ), #7906, .T. ) ;
#9232 = ORIENTED_EDGE ( 'NONE', *, *, #8371, .T. ) ;
#9233 = DIRECTION ( 'NONE',  ( -1.000000000000000000, -0.000000000000000000, -0.000000000000000000 ) ) ;
#9234 = DIRECTION ( 'NONE',  ( -0.000000000000000000, 1.000000000000000000, -0.000000000000000000 ) ) ;
#9235 = EDGE_CURVE ( 'NONE', #1825, #2036, #5474, .T. ) ;
#9236 = CARTESIAN_POINT ( 'NONE',  ( -1.000000000000000000, 0.000000000000000000, 0.000000000000000000 ) ) ;
#9237 = DIRECTION ( 'NONE',  ( 0.000000000000000000, -0.7071067811865511255, -0.7071067811865440200 ) ) ;
#9238 = CARTESIAN_POINT ( 'NONE',  ( 37.09877681892263723, -18.83263009672409183, 43.67786946188430619 ) ) ;
#9239 = CARTESIAN_POINT ( 'NONE',  ( 72.31978666118301646, -9.817294578114246661, -17.71424341935817282 ) ) ;
#9240 = DIRECTION ( 'NONE',  ( -0.000000000000000000, -1.000000000000000000, -0.000000000000000000 ) ) ;
#9241 = DIRECTION ( 'NONE',  ( -0.7071067811865492381, 0.7071067811865457964, 0.000000000000000000 ) ) ;
#9242 = ORIENTED_EDGE ( 'NONE', *, *, #2648, .F. ) ;
#9243 = CYLINDRICAL_SURFACE ( 'NONE', #4052, 5.499999999999998224 ) ;
#9244 = VECTOR ( 'NONE', #4865, 1000.000000000000000 ) ;
#9245 = CARTESIAN_POINT ( 'NONE',  ( 34.80000000000000426, -17.50000000000000000, 4.799999999999999822 ) ) ;
#9246 = AXIS2_PLACEMENT_3D ( 'NONE', #1058, #6556, #222 ) ;
#9247 = DIRECTION ( 'NONE',  ( 0.000000000000000000, -1.404986760216307406E-16, 1.000000000000000000 ) ) ;
#9248 = CARTESIAN_POINT ( 'NONE',  ( -0.2557938343620839161, -10.27315253424517216, -17.67102964418252142 ) ) ;
#9249 = ORIENTED_EDGE ( 'NONE', *, *, #2818, .T. ) ;
#9250 = CARTESIAN_POINT ( 'NONE',  ( -1.800000000000000266, -4.100000000000000533, 3.599999999999999645 ) ) ;
#9251 = FACE_OUTER_BOUND ( 'NONE', #9289, .T. ) ;
#9252 = ORIENTED_EDGE ( 'NONE', *, *, #9014, .F. ) ;
#9253 = ORIENTED_EDGE ( 'NONE', *, *, #3506, .T. ) ;
#9254 = ORIENTED_EDGE ( 'NONE', *, *, #7738, .T. ) ;
#9255 = UNCERTAINTY_MEASURE_WITH_UNIT (LENGTH_MEASURE( 1.000000000000000082E-05 ), #6336, 'distance_accuracy_value', 'NONE');
#9256 = PLANE ( 'NONE',  #604 ) ;
#9257 = CIRCLE ( 'NONE', #9773, 2.149999999999999023 ) ;
#9258 = VERTEX_POINT ( 'NONE', #3218 ) ;
#9259 = PLANE ( 'NONE',  #8337 ) ;
#9260 = CARTESIAN_POINT ( 'NONE',  ( 39.25365731848907558, -17.70000000000001350, 24.07228646859055843 ) ) ;
#9261 = EDGE_LOOP ( 'NONE', ( #1658, #8731, #422, #3941 ) ) ;
#9262 = DIRECTION ( 'NONE',  ( -1.000000000000000000, 0.000000000000000000, -0.000000000000000000 ) ) ;
#9263 = EDGE_LOOP ( 'NONE', ( #2088, #2213, #6829, #7667 ) ) ;
#9264 = AXIS2_PLACEMENT_3D ( 'NONE', #427, #7344, #3491 ) ;
#9265 = CARTESIAN_POINT ( 'NONE',  ( 84.20000000000001705, 4.299999999999999822, -17.73999999999999844 ) ) ;
#9266 = EDGE_CURVE ( 'NONE', #7966, #3269, #4724, .T. ) ;
#9267 = EDGE_CURVE ( 'NONE', #4788, #6159, #2399, .T. ) ;
#9268 = ORIENTED_EDGE ( 'NONE', *, *, #5902, .T. ) ;
#9269 = DIRECTION ( 'NONE',  ( 1.000000000000000000, 0.000000000000000000, -0.000000000000000000 ) ) ;
#9270 = ORIENTED_EDGE ( 'NONE', *, *, #4426, .F. ) ;
#9271 = ADVANCED_FACE ( 'NONE', ( #9362 ), #8149, .F. ) ;
#9272 = DIRECTION ( 'NONE',  ( 0.000000000000000000, 1.000000000000000000, 0.000000000000000000 ) ) ;
#9273 = VECTOR ( 'NONE', #6281, 1000.000000000000000 ) ;
#9275 = CARTESIAN_POINT ( 'NONE',  ( 58.11516693939837808, -19.08814319986204566, 22.43090224308327407 ) ) ;
#9274 = CARTESIAN_POINT ( 'NONE',  ( 86.83849626768088115, -10.22782425123126515, -17.67639363851430900 ) ) ;
#9276 = CARTESIAN_POINT ( 'NONE',  ( 72.49160923114368416, -9.376658421172685109, -17.73648400268422165 ) ) ;
#9277 = VERTEX_POINT ( 'NONE', #8592 ) ;
#9278 = CARTESIAN_POINT ( 'NONE',  ( -1.000000000000000000, -4.545900930049277200, 16.39936534720461125 ) ) ;
#9279 = VERTEX_POINT ( 'NONE', #7935 ) ;
#9280 = ORIENTED_EDGE ( 'NONE', *, *, #1144, .T. ) ;
#9281 = VERTEX_POINT ( 'NONE', #3289 ) ;
#9282 = CYLINDRICAL_SURFACE ( 'NONE', #4961, 2.149999999999999023 ) ;
#9283 = CARTESIAN_POINT ( 'NONE',  ( 3.703543022247728800, 15.69064133224484436, -16.37271039624563684 ) ) ;
#9284 = DIRECTION ( 'NONE',  ( 0.000000000000000000, -1.000000000000000000, -3.001251688541188813E-16 ) ) ;
#9285 = ADVANCED_FACE ( 'NONE', ( #5346 ), #7908, .F. ) ;
#9286 = CARTESIAN_POINT ( 'NONE',  ( 57.01083798107277545, -19.06047492215266459, 44.06075089960535252 ) ) ;
#9287 = DIRECTION ( 'NONE',  ( -0.000000000000000000, 0.000000000000000000, -1.000000000000000000 ) ) ;
#9288 = DIRECTION ( 'NONE',  ( 0.000000000000000000, 1.234678630588475078E-16, -1.000000000000000000 ) ) ;
#9289 = EDGE_LOOP ( 'NONE', ( #4906, #5543, #4872, #9139 ) ) ;
#9290 = ORIENTED_EDGE ( 'NONE', *, *, #472, .T. ) ;
#9291 = ORIENTED_EDGE ( 'NONE', *, *, #5940, .F. ) ;
#9292 = LINE ( 'NONE', #9727, #4178 ) ;
#9293 = CARTESIAN_POINT ( 'NONE',  ( -1.800000000000000266, -9.500000000000001776, 20.80000000000000071 ) ) ;
#9294 = EDGE_LOOP ( 'NONE', ( #924, #1494, #1611, #10047, #8787 ) ) ;
#9296 = EDGE_CURVE ( 'NONE', #8905, #6508, #2152, .T. ) ;
#9295 = CARTESIAN_POINT ( 'NONE',  ( -1.800000000000000266, -14.40659966456863472, -15.74000000000000377 ) ) ;
#9297 = CARTESIAN_POINT ( 'NONE',  ( 28.59999999996702158, -3.900000000034377745, -0.2000000000000006217 ) ) ;
#9298 = CARTESIAN_POINT ( 'NONE',  ( 88.40000000000000568, -0.1000000000000000056, 39.19999999999971863 ) ) ;
#9299 = VECTOR ( 'NONE', #1419, 1000.000000000000000 ) ;
#9300 = ORIENTED_EDGE ( 'NONE', *, *, #8310, .T. ) ;
#9301 = EDGE_LOOP ( 'NONE', ( #7014, #3028, #1678, #1121 ) ) ;
#9302 = ORIENTED_EDGE ( 'NONE', *, *, #5694, .T. ) ;
#9303 = DIRECTION ( 'NONE',  ( -0.000000000000000000, 1.000000000000000000, -0.000000000000000000 ) ) ;
#9304 = LINE ( 'NONE', #1571, #8098 ) ;
#9305 = CARTESIAN_POINT ( 'NONE',  ( 71.70720328961823498, 13.39946004060251461, -17.53370429516185780 ) ) ;
#9306 = CARTESIAN_POINT ( 'NONE',  ( 4.799999999999999822, -17.50000000000000000, 6.799999999999999822 ) ) ;
#9307 = ORIENTED_EDGE ( 'NONE', *, *, #8917, .F. ) ;
#9308 = CARTESIAN_POINT ( 'NONE',  ( 86.75026640341064876, -9.788602245930610124, -17.70909215201409381 ) ) ;
#9309 = CARTESIAN_POINT ( 'NONE',  ( 86.67254590568163053, -9.797544241800215659, -17.71564417723219975 ) ) ;
#9310 = CARTESIAN_POINT ( 'NONE',  ( 84.20000000000001705, 4.299999999999999822, -13.70000000000000107 ) ) ;
#9311 = ORIENTED_EDGE ( 'NONE', *, *, #5243, .T. ) ;
#9312 = ORIENTED_EDGE ( 'NONE', *, *, #2373, .T. ) ;
#9313 = VECTOR ( 'NONE', #4341, 1000.000000000000114 ) ;
#9314 = EDGE_CURVE ( 'NONE', #5086, #6939, #3995, .T. ) ;
#9315 = VECTOR ( 'NONE', #9939, 1000.000000000000000 ) ;
#9316 = CARTESIAN_POINT ( 'NONE',  ( 87.40000000000000568, 4.299999999999999822, -9.299999999999998934 ) ) ;
#9317 = AXIS2_PLACEMENT_3D ( 'NONE', #5212, #6782, #5249 ) ;
#9318 = ORIENTED_EDGE ( 'NONE', *, *, #7449, .F. ) ;
#9319 = CARTESIAN_POINT ( 'NONE',  ( 16.26999999999953772, -3.309999999999900133, -1.800000000000000044 ) ) ;
#9320 = ORIENTED_EDGE ( 'NONE', *, *, #10053, .F. ) ;
#9321 = DIRECTION ( 'NONE',  ( -0.000000000000000000, 1.209468558947972554E-16, -1.000000000000000000 ) ) ;
#9322 = FACE_OUTER_BOUND ( 'NONE', #5426, .T. ) ;
#9323 = PLANE ( 'NONE',  #1795 ) ;
#9324 = LINE ( 'NONE', #3177, #4943 ) ;
#9325 = CARTESIAN_POINT ( 'NONE',  ( 3.799999999999999378, -17.50000000000000000, 4.799999999999999822 ) ) ;
#9326 = ORIENTED_EDGE ( 'NONE', *, *, #851, .T. ) ;
#9327 = ADVANCED_FACE ( 'NONE', ( #9712 ), #8733, .F. ) ;
#9328 = LINE ( 'NONE', #9955, #5926 ) ;
#9329 = CONICAL_SURFACE ( 'NONE', #4639, 15.34646838723644002, 1.221730476396028831 ) ;
#9330 = VERTEX_POINT ( 'NONE', #7247 ) ;
#9331 = CARTESIAN_POINT ( 'NONE',  ( 2.828825427203674359, -11.86632300498728831, -17.34976903523380543 ) ) ;
#9332 = AXIS2_PLACEMENT_3D ( 'NONE', #5691, #1664, #180 ) ;
#9333 = LINE ( 'NONE', #6680, #7268 ) ;
#9334 = PRODUCT_CONTEXT ( 'NONE', #2450, 'mechanical' ) ;
#9335 = DIRECTION ( 'NONE',  ( 1.000000000000000000, -0.000000000000000000, -0.000000000000000000 ) ) ;
#9336 = EDGE_CURVE ( 'NONE', #4485, #3273, #1406, .T. ) ;
#9337 = EDGE_CURVE ( 'NONE', #1775, #984, #4966, .T. ) ;
#9338 = CARTESIAN_POINT ( 'NONE',  ( 4.800000000000000711, -19.10000000000000142, 12.79999999999999893 ) ) ;
#9339 = VERTEX_POINT ( 'NONE', #1040 ) ;
#9340 = EDGE_LOOP ( 'NONE', ( #6025, #356, #2118, #1152 ) ) ;
#9341 = ORIENTED_EDGE ( 'NONE', *, *, #5925, .F. ) ;
#9342 = ORIENTED_EDGE ( 'NONE', *, *, #2361, .F. ) ;
#9343 = CARTESIAN_POINT ( 'NONE',  ( 86.79999999999999716, -0.1000000000000000056, 39.19999999999971863 ) ) ;
#9344 = LINE ( 'NONE', #3988, #1156 ) ;
#9345 = CARTESIAN_POINT ( 'NONE',  ( 37.45746467764877963, -18.70000000000675655, 43.50674888472423874 ) ) ;
#9346 = CARTESIAN_POINT ( 'NONE',  ( 62.80000000000001137, -17.50000000000000000, 12.79999999999999538 ) ) ;
#9347 = CARTESIAN_POINT ( 'NONE',  ( 87.79317841139558709, -12.01063099032097803, -17.17558472070691877 ) ) ;
#9348 = CARTESIAN_POINT ( 'NONE',  ( 86.99715568376909403, -10.64680067736441238, -17.62047068887026668 ) ) ;
#9349 = DIRECTION ( 'NONE',  ( 0.7071067811865463515, -2.122205421015054110E-16, 0.7071067811865486830 ) ) ;
#9350 = CARTESIAN_POINT ( 'NONE',  ( 62.80000000000001137, -19.09999999999999787, 14.79999999999999361 ) ) ;
#9351 = ORIENTED_EDGE ( 'NONE', *, *, #5164, .T. ) ;
#9352 = VECTOR ( 'NONE', #9622, 1000.000000000000000 ) ;
#9353 = CARTESIAN_POINT ( 'NONE',  ( 56.51761146421186055, -18.16654073049554796, 24.44660209816135321 ) ) ;
#9354 = PLANE ( 'NONE',  #1929 ) ;
#9355 = VECTOR ( 'NONE', #628, 1000.000000000000000 ) ;
#9356 = CARTESIAN_POINT ( 'NONE',  ( 72.40000000000000568, -8.100000000000001421, 57.79999999999999716 ) ) ;
#9357 = FACE_OUTER_BOUND ( 'NONE', #226, .T. ) ;
#9358 = FACE_OUTER_BOUND ( 'NONE', #3603, .T. ) ;
#9359 = DIRECTION ( 'NONE',  ( -1.399999999999999714E-14, -9.999999999999999988E-15, -1.000000000000000000 ) ) ;
#9360 = PLANE ( 'NONE',  #1682 ) ;
#9361 = DIRECTION ( 'NONE',  ( 0.000000000000000000, -1.000000000000000000, -3.001251688541188813E-16 ) ) ;
#9362 = FACE_OUTER_BOUND ( 'NONE', #8826, .T. ) ;
#9363 = ORIENTED_EDGE ( 'NONE', *, *, #6103, .T. ) ;
#9364 = PLANE ( 'NONE',  #4511 ) ;
#9365 = ORIENTED_EDGE ( 'NONE', *, *, #2085, .F. ) ;
#9366 = EDGE_CURVE ( 'NONE', #3996, #671, #3528, .T. ) ;
#9367 = AXIS2_PLACEMENT_3D ( 'NONE', #3639, #7563, #9089 ) ;
#9368 = LINE ( 'NONE', #3425, #3179 ) ;
#9369 = CIRCLE ( 'NONE', #9783, 1.000000000000000000 ) ;
#9370 =( NAMED_UNIT ( * ) SI_UNIT ( $, .STERADIAN. ) SOLID_ANGLE_UNIT ( ) );
#9371 = CARTESIAN_POINT ( 'NONE',  ( 35.80000000000000426, -19.10000000000000142, 10.79999999999999716 ) ) ;
#9372 = CIRCLE ( 'NONE', #6484, 2.149999999999999023 ) ;
#9373 = DIRECTION ( 'NONE',  ( -1.400000000000000345E-14, -1.000000000000000000, 1.000000000000019563E-14 ) ) ;
#9374 = CARTESIAN_POINT ( 'NONE',  ( -5.799999999999985612, 11.79999999999999893, -11.50000000000000000 ) ) ;
#9375 = ORIENTED_EDGE ( 'NONE', *, *, #5851, .F. ) ;
#9376 = ORIENTED_EDGE ( 'NONE', *, *, #2050, .F. ) ;
#9377 = VERTEX_POINT ( 'NONE', #8002 ) ;
#9378 = LINE ( 'NONE', #4895, #3059 ) ;
#9379 = EDGE_CURVE ( 'NONE', #3919, #6696, #2660, .T. ) ;
#9380 = CARTESIAN_POINT ( 'NONE',  ( 70.60000000000000853, 3.662330314989931779, -17.73999999999999844 ) ) ;
#9381 = ADVANCED_FACE ( 'NONE', ( #529 ), #977, .T. ) ;
#9382 = CARTESIAN_POINT ( 'NONE',  ( 88.38075921505117094, -14.05316696624780803, -16.01966575496235379 ) ) ;
#9383 = CARTESIAN_POINT ( 'NONE',  ( 86.80871084596779497, -10.15014582049943215, -17.68471909536720332 ) ) ;
#9384 = CARTESIAN_POINT ( 'NONE',  ( 49.95693684718205674, -19.10000000000000497, 36.75546498460593625 ) ) ;
#9385 = VECTOR ( 'NONE', #1160, 1000.000000000000000 ) ;
#9386 = PLANE ( 'NONE',  #5047 ) ;
#9387 = AXIS2_PLACEMENT_3D ( 'NONE', #4200, #168, #9635 ) ;
#9388 = DIRECTION ( 'NONE',  ( -0.000000000000000000, 1.000000000000000000, 1.955719815080955213E-16 ) ) ;
#9389 = CARTESIAN_POINT ( 'NONE',  ( 86.79999999999999716, -18.20262464989040296, 36.89999999999971436 ) ) ;
#9390 = ORIENTED_EDGE ( 'NONE', *, *, #2403, .F. ) ;
#9391 = CARTESIAN_POINT ( 'NONE',  ( 36.39999999994491731, -5.150000000033642777, -0.9999999999998352429 ) ) ;
#9392 = EDGE_CURVE ( 'NONE', #4024, #4545, #6050, .T. ) ;
#9393 = EDGE_CURVE ( 'NONE', #1537, #56, #1520, .T. ) ;
#9394 = CARTESIAN_POINT ( 'NONE',  ( 2.924062772079720318, -12.16153997690934041, -17.26059548391659959 ) ) ;
#9395 = ORIENTED_EDGE ( 'NONE', *, *, #5470, .F. ) ;
#9396 =( NAMED_UNIT ( * ) PLANE_ANGLE_UNIT ( ) SI_UNIT ( $, .RADIAN. ) );
#9397 = LINE ( 'NONE', #3439, #4157 ) ;
#9398 = CARTESIAN_POINT ( 'NONE',  ( 70.59999999999999432, 7.687136352791988259, -0.1999999999999989564 ) ) ;
#9399 = VERTEX_POINT ( 'NONE', #5000 ) ;
#9400 = ORIENTED_EDGE ( 'NONE', *, *, #8565, .F. ) ;
#9401 = AXIS2_PLACEMENT_3D ( 'NONE', #1408, #2275, #6029 ) ;
#9402 = VECTOR ( 'NONE', #6610, 999.9999999999998863 ) ;
#9403 = EDGE_CURVE ( 'NONE', #4226, #233, #8489, .T. ) ;
#9404 = EDGE_CURVE ( 'NONE', #3082, #3701, #7638, .T. ) ;
#9405 = ORIENTED_EDGE ( 'NONE', *, *, #82, .T. ) ;
#9406 = CARTESIAN_POINT ( 'NONE',  ( 86.72160515535591685, -9.731897137224361671, -17.71414268452868157 ) ) ;
#9407 = CARTESIAN_POINT ( 'NONE',  ( 86.92821567560632445, -10.46386513521334294, -17.64656741362194481 ) ) ;
#9408 = ORIENTED_EDGE ( 'NONE', *, *, #790, .T. ) ;
#9409 = EDGE_CURVE ( 'NONE', #8048, #1210, #4589, .T. ) ;
#9410 = EDGE_CURVE ( 'NONE', #8112, #6332, #7896, .T. ) ;
#9411 = DIRECTION ( 'NONE',  ( -0.000000000000000000, 1.000000000000000000, -0.000000000000000000 ) ) ;
#9413 = ORIENTED_EDGE ( 'NONE', *, *, #7707, .F. ) ;
#9412 = CARTESIAN_POINT ( 'NONE',  ( 84.20000000000001705, 8.123044737829948403, -14.04558441227158738 ) ) ;
#9414 = AXIS2_PLACEMENT_3D ( 'NONE', #9720, #6641, #5103 ) ;
#9415 = VERTEX_POINT ( 'NONE', #5692 ) ;
#9416 = DIRECTION ( 'NONE',  ( 1.000000000000000000, -0.000000000000000000, 0.000000000000000000 ) ) ;
#9417 = LINE ( 'NONE', #8015, #7345 ) ;
#9418 = DIRECTION ( 'NONE',  ( -1.399999999999999714E-14, -9.999999999999999988E-15, -1.000000000000000000 ) ) ;
#9419 = DIRECTION ( 'NONE',  ( -1.245113975359227837E-14, -1.000000000000000000, 0.000000000000000000 ) ) ;
#9420 = DIRECTION ( 'NONE',  ( 1.000000000000000000, 0.000000000000000000, 0.000000000000000000 ) ) ;
#9421 = ADVANCED_FACE ( 'NONE', ( #3409 ), #1797, .T. ) ;
#9422 = ORIENTED_EDGE ( 'NONE', *, *, #9514, .F. ) ;
#9423 = LINE ( 'NONE', #9490, #6888 ) ;
#9424 = DIRECTION ( 'NONE',  ( -0.000000000000000000, 1.000000000000000000, -0.000000000000000000 ) ) ;
#9426 = EDGE_CURVE ( 'NONE', #3732, #6898, #5824, .T. ) ;
#9425 = CARTESIAN_POINT ( 'NONE',  ( 54.39674300287559561, -17.63336959683680050, 41.38388423295434393 ) ) ;
#9427 = VECTOR ( 'NONE', #3989, 1000.000000000000000 ) ;
#9428 = DIRECTION ( 'NONE',  ( 1.000000000000000000, 0.000000000000000000, -0.000000000000000000 ) ) ;
#9429 = ORIENTED_EDGE ( 'NONE', *, *, #6700, .T. ) ;
#9430 = ORIENTED_EDGE ( 'NONE', *, *, #4509, .F. ) ;
#9431 = LINE ( 'NONE', #5727, #5311 ) ;
#9432 = CARTESIAN_POINT ( 'NONE',  ( 87.11286298576526121, -10.51653193478783344, -17.60867195344387071 ) ) ;
#9433 = LINE ( 'NONE', #597, #1990 ) ;
#9434 = DIRECTION ( 'NONE',  ( 0.000000000000000000, -1.955719815080955213E-16, 1.000000000000000000 ) ) ;
#9435 = ORIENTED_EDGE ( 'NONE', *, *, #9827, .F. ) ;
#9436 = EDGE_LOOP ( 'NONE', ( #8287, #3755, #4562, #9390 ) ) ;
#9437 = CARTESIAN_POINT ( 'NONE',  ( 57.00000000000000000, -17.50000000000000000, 49.29999999999999716 ) ) ;
#9438 = EDGE_LOOP ( 'NONE', ( #1619, #3283, #3664, #3365 ) ) ;
#9439 = EDGE_CURVE ( 'NONE', #7924, #9630, #9556, .T. ) ;
#9440 = LINE ( 'NONE', #3452, #7377 ) ;
#9441 = ORIENTED_EDGE ( 'NONE', *, *, #7133, .T. ) ;
#9442 = AXIS2_PLACEMENT_3D ( 'NONE', #9661, #4979, #5799 ) ;
#9443 = FACE_OUTER_BOUND ( 'NONE', #312, .T. ) ;
#9444 = ORIENTED_EDGE ( 'NONE', *, *, #8358, .F. ) ;
#9445 = CARTESIAN_POINT ( 'NONE',  ( 0.000000000000000000, 0.000000000000000000, -1.800000000000000044 ) ) ;
#9446 = VECTOR ( 'NONE', #6529, 1000.000000000000000 ) ;
#9447 = CARTESIAN_POINT ( 'NONE',  ( -1.575282263599243615, -13.07762055678739443, -16.66175152372536061 ) ) ;
#9448 = EDGE_LOOP ( 'NONE', ( #5555, #4400, #6377, #6980 ) ) ;
#9449 = VECTOR ( 'NONE', #3935, 1000.000000000000000 ) ;
#9450 = DIRECTION ( 'NONE',  ( -1.399999999999999714E-14, -9.999999999999999988E-15, -1.000000000000000000 ) ) ;
#9451 = LINE ( 'NONE', #6920, #7390 ) ;
#9452 = CARTESIAN_POINT ( 'NONE',  ( 3.326566221994477157, -13.78679613444438345, -16.57405657831087353 ) ) ;
#9453 = LINE ( 'NONE', #3733, #3282 ) ;
#9454 = VERTEX_POINT ( 'NONE', #5202 ) ;
#9455 = DIRECTION ( 'NONE',  ( 1.000000000000000000, 0.000000000000000000, 0.000000000000000000 ) ) ;
#9456 =( NAMED_UNIT ( * ) SI_UNIT ( $, .STERADIAN. ) SOLID_ANGLE_UNIT ( ) );
#9457 = CARTESIAN_POINT ( 'NONE',  ( 72.40000000000000568, -6.100000000000187050, 57.79999999999999716 ) ) ;
#9458 = VERTEX_POINT ( 'NONE', #2695 ) ;
#9459 = EDGE_CURVE ( 'NONE', #8893, #4613, #7089, .T. ) ;
#9460 = EDGE_CURVE ( 'NONE', #913, #5866, #4366, .T. ) ;
#9461 = CARTESIAN_POINT ( 'NONE',  ( 1.799999999999996270, -17.50000000000000000, 38.80000000000000426 ) ) ;
#9462 = CARTESIAN_POINT ( 'NONE',  ( 82.40000000000000568, -0.1000000000000000056, 56.84969335805276103 ) ) ;
#9463 = DIRECTION ( 'NONE',  ( 1.000000000000000000, 0.000000000000000000, -0.000000000000000000 ) ) ;
#9464 = LINE ( 'NONE', #9048, #1158 ) ;
#9465 = DIRECTION ( 'NONE',  ( 0.000000000000000000, -1.234678630588475078E-16, 1.000000000000000000 ) ) ;
#9466 = ADVANCED_FACE ( 'NONE', ( #4116 ), #9992, .F. ) ;
#9467 = CARTESIAN_POINT ( 'NONE',  ( 3.800000000000000266, -17.50000000000000000, 8.799999999999998934 ) ) ;
#9468 = CARTESIAN_POINT ( 'NONE',  ( -1.800000000000000266, -7.300000000000022027, 1.599999999999999867 ) ) ;
#9469 = FACE_OUTER_BOUND ( 'NONE', #2519, .T. ) ;
#9470 = ORIENTED_EDGE ( 'NONE', *, *, #6525, .T. ) ;
#9471 = AXIS2_PLACEMENT_3D ( 'NONE', #9278, #7790, #10167 ) ;
#9472 = LINE ( 'NONE', #607, #9602 ) ;
#9473 = ORIENTED_EDGE ( 'NONE', *, *, #6270, .T. ) ;
#9474 = CIRCLE ( 'NONE', #5894, 1.000000000000000000 ) ;
#9475 = VERTEX_POINT ( 'NONE', #9164 ) ;
#9476 = CARTESIAN_POINT ( 'NONE',  ( -1.800000000000000266, -9.500000000000001776, 30.80000000000000071 ) ) ;
#9477 = ADVANCED_FACE ( 'NONE', ( #764 ), #1274, .F. ) ;
#9478 = DIRECTION ( 'NONE',  ( 0.7071067811865389130, -0.000000000000000000, 0.7071067811865561215 ) ) ;
#9479 = CARTESIAN_POINT ( 'NONE',  ( -1.338977896318592986, -13.86318290930059760, -16.53364112356639737 ) ) ;
#9480 = VECTOR ( 'NONE', #5823, 1000.000000000000000 ) ;
#9481 = ORIENTED_EDGE ( 'NONE', *, *, #6674, .F. ) ;
#9482 = DIRECTION ( 'NONE',  ( 0.000000000000000000, -1.000000000000000000, 0.000000000000000000 ) ) ;
#9483 = EDGE_CURVE ( 'NONE', #202, #6395, #3869, .T. ) ;
#9484 = EDGE_LOOP ( 'NONE', ( #176, #9836, #6874, #7507 ) ) ;
#9486 = CARTESIAN_POINT ( 'NONE',  ( 3.340753162855094160, -13.88105386432019195, -16.52311687880187563 ) ) ;
#9485 = AXIS2_PLACEMENT_3D ( 'NONE', #2295, #4506, #2966 ) ;
#9487 = B_SPLINE_CURVE_WITH_KNOTS ( 'NONE', 3,
 ( #6438, #1731, #5687, #9580, #4930, #3248, #4010, #74, #5594, #6360, #7933, #8699, #2692, #1902, #812, #6350, #1650, #7137, #2461, #3310, #2504, #7955, #884, #101, #4854, #6423, #4075, #971, #2620, #3284, #3356, #2515, #894, #7963, #6470, #4866, #8791, #142, #9545, #8069, #9578, #8189, #4208, #7706, #6562, #1957, #6026, #7162, #1711, #4807, #7123, #89, #2713, #7945, #2451, #8744, #9698, #6451, #3266, #330, #2411, #4054, #7351, #5053, #7877, #5606, #3225, #8636, #3986, #1237 ),
 .UNSPECIFIED., .F., .F.,
 ( 4, 2, 1, 1, 1, 2, 2, 2, 1, 1, 2, 2, 2, 1, 1, 1, 2, 2, 2, 1, 1, 2, 2, 2, 1, 1, 2, 2, 2, 1, 1, 2, 2, 2, 1, 1, 2, 2, 2, 1, 1, 2, 2, 4 ),
 ( 0.000000000000000000, 0.03124999999999476114, 0.04687499999999176353, 0.05468749999999023004, 0.05859374999998950145, 0.06054687499998971656, 0.06249999999998993860, 0.09374999999998799571, 0.1093749999999870937, 0.1171874999999870243, 0.1210937499999865247, 0.1249999999999860112, 0.1874999999999751310, 0.2187499999999697187, 0.2343749999999669986, 0.2421874999999660549, 0.2460937499999660272, 0.2499999999999659717, 0.3124999999999675815, 0.3437499999999688027, 0.3593749999999698019, 0.3671874999999700795, 0.3749999999999703570, 0.4374999999999710232, 0.4687499999999715228, 0.4843749999999720224, 0.4921874999999722999, 0.4999999999999724665, 0.5624999999999726885, 0.5937499999999730216, 0.6093749999999733546, 0.6171874999999737987, 0.6249999999999742428, 0.6874999999999784617, 0.7187499999999809042, 0.7343749999999820144, 0.7421874999999830136, 0.7499999999999840128, 0.8124999999999900080, 0.8437499999999933387, 0.8593749999999945599, 0.8671874999999953371, 0.8749999999999960032, 1.000000000000000000 ),
 .UNSPECIFIED. ) ;
#9488 = VECTOR ( 'NONE', #3303, 1000.000000000000000 ) ;
#9489 = CARTESIAN_POINT ( 'NONE',  ( 3.025732709045913627, -12.49746499043199854, -17.14597114140270051 ) ) ;
#9490 = CARTESIAN_POINT ( 'NONE',  ( 4.800000000000000711, -19.10000000000000142, 8.799999999999998934 ) ) ;
#9491 = VERTEX_POINT ( 'NONE', #642 ) ;
#9492 = CIRCLE ( 'NONE', #5419, 1.000000000000000888 ) ;
#9493 = ORIENTED_EDGE ( 'NONE', *, *, #1019, .T. ) ;
#9494 = LINE ( 'NONE', #2697, #7426 ) ;
#9495 = CARTESIAN_POINT ( 'NONE',  ( 86.79999999999999716, -0.1000000000000000056, 21.29999999999972360 ) ) ;
#9496 = CARTESIAN_POINT ( 'NONE',  ( 87.99999493784768845, -14.52024117903243727, -16.14461814829067876 ) ) ;
#9497 = DIRECTION ( 'NONE',  ( -0.000000000000000000, 1.000000000000000000, 3.001251688541188813E-16 ) ) ;
#9498 = LINE ( 'NONE', #9954, #563 ) ;
#9499 = EDGE_CURVE ( 'NONE', #6969, #7288, #7283, .T. ) ;
#9500 = EDGE_LOOP ( 'NONE', ( #596, #9679, #5634, #6351, #4486 ) ) ;
#9501 = CARTESIAN_POINT ( 'NONE',  ( -0.8000000000000001554, -0.1000000000000002554, 3.600000000000000089 ) ) ;
#9502 = CARTESIAN_POINT ( 'NONE',  ( 82.40000000000000568, -8.099999999999999645, 56.79999999999999716 ) ) ;
#9503 = DIRECTION ( 'NONE',  ( 0.000000000000000000, 1.000000000000000000, 9.351609034915406741E-17 ) ) ;
#9504 = CARTESIAN_POINT ( 'NONE',  ( 70.40000000000000568, -5.200000000000060574, 51.69999999999998863 ) ) ;
#9505 = ORIENTED_EDGE ( 'NONE', *, *, #8172, .F. ) ;
#9506 = VERTEX_POINT ( 'NONE', #5343 ) ;
#9507 = VECTOR ( 'NONE', #9169, 1000.000000000000000 ) ;
#9508 = CARTESIAN_POINT ( 'NONE',  ( 87.20000000000027285, -17.30000000000029559, 54.39999999999972857 ) ) ;
#9509 = AXIS2_PLACEMENT_3D ( 'NONE', #2104, #9237, #6109 ) ;
#9510 = CARTESIAN_POINT ( 'NONE',  ( -0.8844734805334052430, -12.03662738416456968, -17.29985016974862333 ) ) ;
#9511 = CARTESIAN_POINT ( 'NONE',  ( -1.800000000000000266, 0.000000000000000000, 0.000000000000000000 ) ) ;
#9512 = EDGE_LOOP ( 'NONE', ( #4954, #5057, #1718, #4259 ) ) ;
#9513 = DIRECTION ( 'NONE',  ( -1.399999999999999714E-14, -9.999999999999999988E-15, -1.000000000000000000 ) ) ;
#9514 = EDGE_CURVE ( 'NONE', #9024, #6136, #3149, .T. ) ;
#9515 = EDGE_CURVE ( 'NONE', #3994, #4030, #5336, .T. ) ;
#9516 = EDGE_LOOP ( 'NONE', ( #9166, #543, #7442, #4494 ) ) ;
#9517 = ORIENTED_EDGE ( 'NONE', *, *, #2907, .F. ) ;
#9518 = LINE ( 'NONE', #2120, #2470 ) ;
#9519 = CARTESIAN_POINT ( 'NONE',  ( -0.8000000000000001554, -0.09999999999999982514, 1.600000000000000089 ) ) ;
#9520 = CARTESIAN_POINT ( 'NONE',  ( 3.207059453955163786, -13.18611744796029761, -16.86729815181205083 ) ) ;
#9521 = DIRECTION ( 'NONE',  ( -0.7071067811865474617, 0.000000000000000000, 0.7071067811865474617 ) ) ;
#9522 = CARTESIAN_POINT ( 'NONE',  ( 87.39999999999999147, -17.50000000000000711, 54.20000000000000995 ) ) ;
#9523 = DIRECTION ( 'NONE',  ( 0.000000000000000000, 5.421010862427523156E-16, -1.000000000000000000 ) ) ;
#9524 = CARTESIAN_POINT ( 'NONE',  ( 86.79999999999999716, -15.54999999999981419, 1.950000000000472244 ) ) ;
#9525 = VERTEX_POINT ( 'NONE', #5274 ) ;
#9526 = ORIENTED_EDGE ( 'NONE', *, *, #1772, .F. ) ;
#9527 = ORIENTED_EDGE ( 'NONE', *, *, #8107, .T. ) ;
#9528 = ADVANCED_FACE ( 'NONE', ( #4103 ), #516, .T. ) ;
#9529 = VECTOR ( 'NONE', #6852, 1000.000000000000114 ) ;
#9530 = EDGE_CURVE ( 'NONE', #8251, #7037, #5697, .T. ) ;
#9531 = EDGE_CURVE ( 'NONE', #10147, #3872, #1759, .T. ) ;
#9532 = ORIENTED_EDGE ( 'NONE', *, *, #579, .T. ) ;
#9533 = CARTESIAN_POINT ( 'NONE',  ( -1.800000000000000266, -0.1000000000000000056, 21.69999999999940599 ) ) ;
#9534 = CARTESIAN_POINT ( 'NONE',  ( 43.59851253257387071, -19.10000000000000142, 36.80001560484993206 ) ) ;
#9535 = VERTEX_POINT ( 'NONE', #7604 ) ;
#9536 = DIRECTION ( 'NONE',  ( -1.000000000000000000, 3.388131789017198275E-17, 0.000000000000000000 ) ) ;
#9537 = DIRECTION ( 'NONE',  ( -1.000000000000000000, 0.000000000000000000, -0.000000000000000000 ) ) ;
#9538 = DIRECTION ( 'NONE',  ( 0.7071067811865506814, -0.000000000000000000, -0.7071067811865443531 ) ) ;
#9539 = VECTOR ( 'NONE', #605, 1000.000000000000000 ) ;
#9540 = EDGE_LOOP ( 'NONE', ( #332, #438, #5803, #5054 ) ) ;
#9541 = ORIENTED_EDGE ( 'NONE', *, *, #40, .F. ) ;
#9542 = CIRCLE ( 'NONE', #8771, 5.499999999999998224 ) ;
#9543 = CARTESIAN_POINT ( 'NONE',  ( 46.80000000000000426, -18.70000000000000639, 32.75000000000000000 ) ) ;
#9544 = FACE_OUTER_BOUND ( 'NONE', #9438, .T. ) ;
#9545 = CARTESIAN_POINT ( 'NONE',  ( -1.028545493895017593, -11.62254443604751941, -17.31868327856889778 ) ) ;
#9546 = EDGE_CURVE ( 'NONE', #6136, #5219, #6790, .T. ) ;
#9547 = FACE_OUTER_BOUND ( 'NONE', #8213, .T. ) ;
#9548 = AXIS2_PLACEMENT_3D ( 'NONE', #10119, #7808, #7664 ) ;
#9549 = PLANE ( 'NONE',  #8099 ) ;
#9550 = LINE ( 'NONE', #232, #7016 ) ;
#9551 = CARTESIAN_POINT ( 'NONE',  ( -0.9210858856621834123, -12.15201547081523081, -17.26365241204403489 ) ) ;
#9552 = ORIENTED_EDGE ( 'NONE', *, *, #8172, .T. ) ;
#9553 = LINE ( 'NONE', #9026, #7250 ) ;
#9554 = FACE_OUTER_BOUND ( 'NONE', #3360, .T. ) ;
#9555 = LINE ( 'NONE', #2240, #5680 ) ;
#9556 = B_SPLINE_CURVE_WITH_KNOTS ( 'NONE', 3,
 ( #1767, #8101, #3393, #8863, #4211, #1863, #3481, #6669, #1973, #3516, #3646, #4289, #4383, #8166, #9719, #6639, #2727, #1149, #5072, #8224, #3547, #2862, #4351, #7372, #1219, #5977, #9034, #4320, #350, #7403, #7470, #5948, #5918, #6739, #418, #2756, #9753, #9814, #9852, #7437, #8192, #5170, #454, #2787, #1250, #8928, #3588, #8967, #1281, #6767, #9064, #3615, #9004, #2826, #6705, #9786, #2044, #5854, #1935, #5134, #5100, #382, #479, #5886, #1187, #2010, #8257, #7503, #8289, #4416 ),
 .UNSPECIFIED., .F., .F.,
 ( 4, 2, 1, 1, 1, 2, 2, 2, 1, 1, 2, 2, 2, 1, 1, 1, 2, 2, 2, 1, 1, 2, 2, 2, 1, 1, 2, 2, 2, 1, 1, 2, 2, 2, 1, 1, 2, 2, 2, 1, 1, 2, 2, 4 ),
 ( 0.000000000000000000, 0.03124999999996148220, 0.04687499999994068633, 0.05468749999993073596, 0.05859374999992417177, 0.06054687499992137539, 0.06249999999991857902, 0.09374999999990044075, 0.1093749999998914341, 0.1171874999998869238, 0.1210937499998863409, 0.1249999999998857581, 0.1874999999998714639, 0.2187499999998638589, 0.2343749999998600286, 0.2421874999998598899, 0.2460937499998618605, 0.2499999999998638867, 0.3124999999999035771, 0.3437499999999228950, 0.3593749999999305000, 0.3671874999999324429, 0.3749999999999343303, 0.4374999999999455436, 0.4687499999999500400, 0.4843749999999518718, 0.4921874999999537037, 0.4999999999999555911, 0.5624999999999713562, 0.5937499999999781286, 0.6093749999999811262, 0.6171874999999817923, 0.6249999999999824585, 0.6874999999999854561, 0.7187499999999856781, 0.7343749999999849010, 0.7421874999999849010, 0.7499999999999849010, 0.8124999999999908962, 0.8437499999999934497, 0.8593749999999946709, 0.8671874999999952260, 0.8749999999999958922, 1.000000000000000000 ),
 .UNSPECIFIED. ) ;
#9557 = DIRECTION ( 'NONE',  ( 0.000000000000000000, -1.000000000000000000, 0.000000000000000000 ) ) ;
#9558 = CARTESIAN_POINT ( 'NONE',  ( 3.524631317420905852, -12.91256977724733446, -16.75333907198421102 ) ) ;
#9559 = CARTESIAN_POINT ( 'NONE',  ( -1.800000000000000266, -9.500000000000001776, 18.80000000000000071 ) ) ;
#9561 = EDGE_CURVE ( 'NONE', #1183, #1153, #9621, .T. ) ;
#9560 = CARTESIAN_POINT ( 'NONE',  ( -4.000000000000014211, -11.70000000000002593, 46.80000000000000426 ) ) ;
#9562 = CARTESIAN_POINT ( 'NONE',  ( 87.75559185067830015, -11.91916228882518425, -17.21182020368835097 ) ) ;
#9563 = ORIENTED_EDGE ( 'NONE', *, *, #216, .F. ) ;
#9564 = ORIENTED_EDGE ( 'NONE', *, *, #1360, .F. ) ;
#9565 = VECTOR ( 'NONE', #5114, 999.9999999999998863 ) ;
#9566 = CARTESIAN_POINT ( 'NONE',  ( 3.799999999999998490, -3.200000000000001510, -0.2000000000000005107 ) ) ;
#9567 = PLANE ( 'NONE',  #9185 ) ;
#9568 = CARTESIAN_POINT ( 'NONE',  ( 70.60000000000000853, -14.40659966456862406, -15.73999999999999666 ) ) ;
#9569 = DIRECTION ( 'NONE',  ( -1.000000000000000000, 0.000000000000000000, 0.000000000000000000 ) ) ;
#9570 = VECTOR ( 'NONE', #1293, 1000.000000000000000 ) ;
#9571 = ORIENTED_EDGE ( 'NONE', *, *, #8917, .T. ) ;
#9572 = DIRECTION ( 'NONE',  ( -0.7071067811865461294, -0.7071067811865489050, -8.730496322752327455E-17 ) ) ;
#9573 = ORIENTED_EDGE ( 'NONE', *, *, #5348, .T. ) ;
#9574 = ORIENTED_EDGE ( 'NONE', *, *, #9848, .T. ) ;
#9575 = ORIENTED_EDGE ( 'NONE', *, *, #1470, .F. ) ;
#9576 = CARTESIAN_POINT ( 'NONE',  ( 43.24999999996618527, -3.899999999944617990, -0.2000000000000006217 ) ) ;
#9577 = LINE ( 'NONE', #4652, #3035 ) ;
#9579 = EDGE_CURVE ( 'NONE', #3305, #5781, #9453, .T. ) ;
#9578 = CARTESIAN_POINT ( 'NONE',  ( -1.086069706336905138, -11.75575552392297851, -17.27169152918170525 ) ) ;
#9580 = CARTESIAN_POINT ( 'NONE',  ( 0.08390774832689597285, -9.327561919310252136, -17.73668061696840681 ) ) ;
#9581 = ADVANCED_FACE ( 'NONE', ( #2530 ), #2551, .T. ) ;
#9582 = CARTESIAN_POINT ( 'NONE',  ( 107.1856788304940551, -37.28567883049406362, 34.41432116950608844 ) ) ;
#9583 = CARTESIAN_POINT ( 'NONE',  ( -1.321343150831232105, -13.75179725468443159, -16.59305860781555353 ) ) ;
#9584 = VECTOR ( 'NONE', #3792, 1000.000000000000000 ) ;
#9585 = DIRECTION ( 'NONE',  ( 0.000000000000000000, 0.000000000000000000, 1.000000000000000000 ) ) ;
#9586 = CARTESIAN_POINT ( 'NONE',  ( -1.000000000000000000, -4.545900930049278088, 20.39936534720461481 ) ) ;
#9587 = VECTOR ( 'NONE', #4760, 1000.000000000000000 ) ;
#9588 = VECTOR ( 'NONE', #1206, 1000.000000000000000 ) ;
#9589 = EDGE_LOOP ( 'NONE', ( #378, #9906, #6280, #3592 ) ) ;
#9590 = CARTESIAN_POINT ( 'NONE',  ( 36.39573480660875759, -19.10000000000000853, 44.00279333081498834 ) ) ;
#9591 = CARTESIAN_POINT ( 'NONE',  ( 2.771292395298290412, -11.68979180903754056, -17.40183614883711272 ) ) ;
#9592 = CYLINDRICAL_SURFACE ( 'NONE', #1363, 1.900000000000002354 ) ;
#9593 = VERTEX_POINT ( 'NONE', #540 ) ;
#9594 = CARTESIAN_POINT ( 'NONE',  ( -1.000000000000000000, -1.545900930049276534, 16.39936534720461125 ) ) ;
#9595 = EDGE_LOOP ( 'NONE', ( #8969, #1910, #6266, #3230, #2797 ) ) ;
#9596 = EDGE_CURVE ( 'NONE', #4916, #3919, #8240, .T. ) ;
#9597 = EDGE_CURVE ( 'NONE', #9279, #4068, #8478, .T. ) ;
#9598 = CARTESIAN_POINT ( 'NONE',  ( 86.86164154950159855, -10.00950308089736218, -17.68687633709495444 ) ) ;
#9599 = ORIENTED_EDGE ( 'NONE', *, *, #4315, .T. ) ;
#9600 = VECTOR ( 'NONE', #8783, 1000.000000000000000 ) ;
#9601 = LINE ( 'NONE', #598, #7535 ) ;
#9602 = VECTOR ( 'NONE', #2863, 1000.000000000000000 ) ;
#9603 = ORIENTED_EDGE ( 'NONE', *, *, #1713, .T. ) ;
#9604 = EDGE_CURVE ( 'NONE', #8120, #1100, #5204, .T. ) ;
#9605 = DIRECTION ( 'NONE',  ( 1.000000000000000000, -0.000000000000000000, 0.000000000000000000 ) ) ;
#9606 = CARTESIAN_POINT ( 'NONE',  ( 1.800000000000000044, -9.099999999999994316, -17.74000000000000199 ) ) ;
#9607 = CARTESIAN_POINT ( 'NONE',  ( 84.40000000000000568, -0.09999999999999889533, 56.79999999999999716 ) ) ;
#9608 = CARTESIAN_POINT ( 'NONE',  ( -0.2000000000000000111, -15.50000000000001421, -1.913751877412138293E-15 ) ) ;
#9609 = VERTEX_POINT ( 'NONE', #6426 ) ;
#9610 = ORIENTED_EDGE ( 'NONE', *, *, #5441, .F. ) ;
#9611 = DIRECTION ( 'NONE',  ( 1.000000000000000000, 0.000000000000000000, 0.000000000000000000 ) ) ;
#9612 = CARTESIAN_POINT ( 'NONE',  ( -0.2000000000000000111, -15.50000000000001599, -1.913751877412138293E-15 ) ) ;
#9613 = CARTESIAN_POINT ( 'NONE',  ( 42.50985957527252168, -17.50000000000000355, 36.19161228730359170 ) ) ;
#9614 = DIRECTION ( 'NONE',  ( 1.000000000000000000, -0.000000000000000000, -0.000000000000000000 ) ) ;
#9615 = LINE ( 'NONE', #4737, #9749 ) ;
#9616 = LINE ( 'NONE', #6713, #556 ) ;
#9617 = EDGE_CURVE ( 'NONE', #954, #3292, #2261, .T. ) ;
#9618 = ORIENTED_EDGE ( 'NONE', *, *, #790, .F. ) ;
#9619 = ORIENTED_EDGE ( 'NONE', *, *, #674, .F. ) ;
#9620 = CARTESIAN_POINT ( 'NONE',  ( 3.399990493338294506, -14.42588712190869771, -16.20720614816859850 ) ) ;
#9621 = B_SPLINE_CURVE_WITH_KNOTS ( 'NONE', 3,
 ( #7643, #6009, #1308, #575, #2144, #6912, #2180, #2997, #8423, #9202, #2217, #7675, #3037, #2390, #3865, #7853, #9309, #748, #5481, #3833, #4641, #3073, #3926, #9383, #9274, #10103, #6983, #9407, #3143, #4606, #9348, #6210, #1518, #8484, #3210, #10069, #4706, #7712, #5408, #6176, #2251, #677, #7011, #1482, #2294, #8614, #3897, #6944, #6236, #5545, #8580, #5446, #7752, #3108, #7044, #5517, #1553, #6275, #10133, #8516, #713, #4746, #34, #8548, #2324, #10163, #778, #7786, #1582, #4672, #817, #2356, #7819 ),
 .UNSPECIFIED., .F., .F.,
 ( 4, 2, 1, 1, 1, 2, 2, 2, 1, 1, 2, 2, 1, 1, 2, 2, 1, 1, 2, 2, 2, 1, 1, 2, 2, 2, 1, 1, 2, 2, 2, 1, 1, 2, 2, 2, 1, 1, 2, 2, 2, 1, 1, 2, 2, 4 ),
 ( 0.000000000000000000, 0.03124999999999339417, 0.04687499999998923084, 0.05468749999998667038, 0.05859374999998539363, 0.06054687499998420014, 0.06249999999998299971, 0.09374999999998545608, 0.1093749999999870798, 0.1171874999999892031, 0.1210937499999888561, 0.1249999999999885092, 0.1562499999999707456, 0.1718749999999621969, 0.1796874999999587830, 0.1874999999999553413, 0.2187499999999457656, 0.2343749999999421851, 0.2421874999999420464, 0.2499999999999418798, 0.3124999999999339417, 0.3437499999999312772, 0.3593749999999314992, 0.3671874999999314992, 0.3749999999999314437, 0.4374999999999270583, 0.4687499999999237832, 0.4843749999999232281, 0.4921874999999230060, 0.4999999999999227285, 0.5624999999999238387, 0.5937499999999232836, 0.6093749999999221734, 0.6171874999999225064, 0.6249999999999228395, 0.6874999999999314992, 0.7187499999999354960, 0.7343749999999383826, 0.7421874999999401590, 0.7499999999999419353, 0.8124999999999549249, 0.8437499999999621414, 0.8593749999999659162, 0.8671874999999681366, 0.8749999999999703570, 1.000000000000000000 ),
 .UNSPECIFIED. ) ;
#9622 = DIRECTION ( 'NONE',  ( 0.000000000000000000, 0.000000000000000000, 1.000000000000000000 ) ) ;
#9623 = CARTESIAN_POINT ( 'NONE',  ( 2.260022621018951572, -10.28396397068920187, -17.67037772708032861 ) ) ;
#9624 = CARTESIAN_POINT ( 'NONE',  ( -1.400000000000012346, -18.70000000000001350, 57.79999999999999716 ) ) ;
#9625 = PLANE ( 'NONE',  #7489 ) ;
#9626 = ORIENTED_EDGE ( 'NONE', *, *, #3427, .F. ) ;
#9627 = CARTESIAN_POINT ( 'NONE',  ( 86.41444738722091756, -9.128310994733652706, -17.74000028117293937 ) ) ;
#9628 = CARTESIAN_POINT ( 'NONE',  ( 58.06755904672586155, -19.10000000000000853, 43.16903090930210851 ) ) ;
#9629 = ORIENTED_EDGE ( 'NONE', *, *, #414, .F. ) ;
#9630 = VERTEX_POINT ( 'NONE', #9568 ) ;
#9631 = ORIENTED_EDGE ( 'NONE', *, *, #8087, .F. ) ;
#9632 = ADVANCED_FACE ( 'NONE', ( #6551 ), #136, .F. ) ;
#9633 = EDGE_LOOP ( 'NONE', ( #1120, #3417, #5554, #9395 ) ) ;
#9634 = EDGE_CURVE ( 'NONE', #2645, #744, #3518, .T. ) ;
#9635 = DIRECTION ( 'NONE',  ( 0.000000000000000000, 0.000000000000000000, -1.000000000000000000 ) ) ;
#9636 = LINE ( 'NONE', #8407, #6858 ) ;
#9637 = CARTESIAN_POINT ( 'NONE',  ( 71.00000506215226892, -14.52024117903242661, -16.14461814829068587 ) ) ;
#9638 = ORIENTED_EDGE ( 'NONE', *, *, #4055, .F. ) ;
#9639 = DIRECTION ( 'NONE',  ( -0.000000000000000000, 1.000000000000000000, -0.000000000000000000 ) ) ;
#9640 = PLANE ( 'NONE',  #8445 ) ;
#9641 = AXIS2_PLACEMENT_3D ( 'NONE', #1347, #6878, #1310 ) ;
#9642 = ORIENTED_EDGE ( 'NONE', *, *, #3956, .T. ) ;
#9643 = ORIENTED_EDGE ( 'NONE', *, *, #5130, .F. ) ;
#9644 = ORIENTED_EDGE ( 'NONE', *, *, #4255, .F. ) ;
#9645 = AXIS2_PLACEMENT_3D ( 'NONE', #3645, #9063, #5133 ) ;
#9646 = CARTESIAN_POINT ( 'NONE',  ( 3.399999999999958611, -19.09999999999999432, -1.400000000000017009 ) ) ;
#9647 = LINE ( 'NONE', #6049, #7584 ) ;
#9648 = CARTESIAN_POINT ( 'NONE',  ( -1.800000000000000266, -2.449999999999728839, 12.27259155458886397 ) ) ;
#9649 = CARTESIAN_POINT ( 'NONE',  ( 70.60000000000000853, 13.94999999999999929, -11.50000000000000000 ) ) ;
#9650 = EDGE_CURVE ( 'NONE', #8526, #2365, #1393, .T. ) ;
#9651 = EDGE_CURVE ( 'NONE', #87, #2220, #6170, .T. ) ;
#9652 = EDGE_LOOP ( 'NONE', ( #7715, #9079, #4256, #1182 ) ) ;
#9653 = LINE ( 'NONE', #6943, #5416 ) ;
#9654 = ORIENTED_EDGE ( 'NONE', *, *, #3554, .T. ) ;
#9656 = ADVANCED_FACE ( 'NONE', ( #6431 ), #6354, .F. ) ;
#9655 = CARTESIAN_POINT ( 'NONE',  ( 39.40618090817668673, -17.50000000000000000, 41.55803265419634585 ) ) ;
#9657 = CARTESIAN_POINT ( 'NONE',  ( 58.05279333081498550, -19.10000000000000853, 43.15426519339123246 ) ) ;
#9658 = CARTESIAN_POINT ( 'NONE',  ( 70.60000000000000853, 12.21568542494925325, -12.21568542494922127 ) ) ;
#9659 = VECTOR ( 'NONE', #1190, 1000.000000000000000 ) ;
#9660 = CARTESIAN_POINT ( 'NONE',  ( 86.42321868586263633, -9.159243671536911435, -17.73986857402574913 ) ) ;
#9661 = CARTESIAN_POINT ( 'NONE',  ( 46.80000000000000426, -19.10000000000000497, 32.75000000000000000 ) ) ;
#9662 = ORIENTED_EDGE ( 'NONE', *, *, #4687, .F. ) ;
#9663 = FACE_OUTER_BOUND ( 'NONE', #3192, .T. ) ;
#9664 = CIRCLE ( 'NONE', #6573, 2.000000000000001776 ) ;
#9665 = AXIS2_PLACEMENT_3D ( 'NONE', #6373, #2454, #90 ) ;
#9666 = DIRECTION ( 'NONE',  ( 0.000000000000000000, 9.035018104045868969E-16, -1.000000000000000000 ) ) ;
#9667 = DIRECTION ( 'NONE',  ( 1.000000000000000000, -0.000000000000000000, -0.000000000000000000 ) ) ;
#9668 = CARTESIAN_POINT ( 'NONE',  ( 72.41445416040147620, -9.573992342895182972, -17.72946265155322010 ) ) ;
#9669 = DIRECTION ( 'NONE',  ( -0.000000000000000000, -1.000000000000000000, 0.000000000000000000 ) ) ;
#9670 = CARTESIAN_POINT ( 'NONE',  ( 70.60000000000000853, 11.08431457505077589, -11.08431457505075102 ) ) ;
#9671 = VECTOR ( 'NONE', #2815, 1000.000000000000114 ) ;
#9672 = VECTOR ( 'NONE', #8623, 1000.000000000000000 ) ;
#9673 = ORIENTED_EDGE ( 'NONE', *, *, #9206, .T. ) ;
#9674 = FACE_OUTER_BOUND ( 'NONE', #8792, .T. ) ;
#9675 = EDGE_LOOP ( 'NONE', ( #2686, #9691, #1593, #5316, #5063, #8943, #8266, #7965 ) ) ;
#9676 = VECTOR ( 'NONE', #5123, 1000.000000000000000 ) ;
#9677 = VECTOR ( 'NONE', #8195, 1000.000000000000000 ) ;
#9678 = CARTESIAN_POINT ( 'NONE',  ( -1.800000000000000266, -7.300000000000022027, 0.000000000000000000 ) ) ;
#9679 = ORIENTED_EDGE ( 'NONE', *, *, #8107, .F. ) ;
#9680 = EDGE_CURVE ( 'NONE', #2938, #8049, #1503, .T. ) ;
#9681 = AXIS2_PLACEMENT_3D ( 'NONE', #7142, #3898, #3927 ) ;
#9682 = ADVANCED_FACE ( 'NONE', ( #7885 ), #2507, .F. ) ;
#9683 = DIRECTION ( 'NONE',  ( 0.000000000000000000, 1.000000000000000000, -0.000000000000000000 ) ) ;
#9684 = CARTESIAN_POINT ( 'NONE',  ( -1.289643059541418779, -12.25113714114676711, -17.07605494914358246 ) ) ;
#9685 = LINE ( 'NONE', #6021, #7618 ) ;
#9686 = CARTESIAN_POINT ( 'NONE',  ( -0.2000000000000000111, -9.500000000000001776, 16.80000000000000071 ) ) ;
#9687 = DIRECTION ( 'NONE',  ( 0.000000000000000000, 0.000000000000000000, 1.000000000000000000 ) ) ;
#9688 = LINE ( 'NONE', #9112, #8347 ) ;
#9689 = ORIENTED_EDGE ( 'NONE', *, *, #7321, .T. ) ;
#9690 = B_SPLINE_CURVE_WITH_KNOTS ( 'NONE', 3,
 ( #1573, #5611, #2539, #3992 ),
 .UNSPECIFIED., .F., .F.,
 ( 4, 4 ),
 ( 0.000000000000000000, 0.0006058621091978645982 ),
 .UNSPECIFIED. ) ;
#9691 = ORIENTED_EDGE ( 'NONE', *, *, #49, .T. ) ;
#9692 = ORIENTED_EDGE ( 'NONE', *, *, #5541, .F. ) ;
#9693 = DIRECTION ( 'NONE',  ( 0.000000000000000000, 0.000000000000000000, -1.000000000000000000 ) ) ;
#9694 = DIRECTION ( 'NONE',  ( 0.000000000000000000, 0.000000000000000000, 1.000000000000000000 ) ) ;
#9695 = ORIENTED_EDGE ( 'NONE', *, *, #5378, .T. ) ;
#9696 = EDGE_CURVE ( 'NONE', #2743, #569, #9933, .T. ) ;
#9697 = CARTESIAN_POINT ( 'NONE',  ( 87.72128693224203744, -12.84202812039212027, -17.01367441625529153 ) ) ;
#9698 = CARTESIAN_POINT ( 'NONE',  ( -1.575921985461973707, -13.08048315844245835, -16.65987545361017297 ) ) ;
#9699 = ORIENTED_EDGE ( 'NONE', *, *, #2723, .F. ) ;
#9700 = ORIENTED_EDGE ( 'NONE', *, *, #4850, .T. ) ;
#9701 = ORIENTED_EDGE ( 'NONE', *, *, #9404, .F. ) ;
#9702 = ORIENTED_EDGE ( 'NONE', *, *, #5953, .T. ) ;
#9703 = CARTESIAN_POINT ( 'NONE',  ( 88.40000000000000568, -18.50000000000002132, 36.89999999999971436 ) ) ;
#9704 = DIRECTION ( 'NONE',  ( 0.000000000000000000, 0.000000000000000000, -1.000000000000000000 ) ) ;
#9705 = LINE ( 'NONE', #7262, #7398 ) ;
#9706 = CARTESIAN_POINT ( 'NONE',  ( 71.37426729095409428, -12.49746499043200032, -17.14597114140268985 ) ) ;
#9707 = CARTESIAN_POINT ( 'NONE',  ( 88.40000000000000568, -18.70000000000001350, 57.39999999999999858 ) ) ;
#9708 = LINE ( 'NONE', #8535, #896 ) ;
#9709 = ADVANCED_FACE ( 'NONE', ( #1999 ), #66, .T. ) ;
#9710 = AXIS2_PLACEMENT_3D ( 'NONE', #169, #2464, #6462 ) ;
#9711 = ORIENTED_EDGE ( 'NONE', *, *, #1260, .F. ) ;
#9712 = FACE_OUTER_BOUND ( 'NONE', #6633, .T. ) ;
#9713 = CARTESIAN_POINT ( 'NONE',  ( 3.666666666666652752, -14.48030243768761238, -15.85111111111112159 ) ) ;
#9714 = EDGE_LOOP ( 'NONE', ( #2911, #6014, #7370, #6104 ) ) ;
#9715 = EDGE_CURVE ( 'NONE', #1230, #202, #4828, .T. ) ;
#9717 = EDGE_CURVE ( 'NONE', #3443, #5414, #3735, .T. ) ;
#9716 = DIRECTION ( 'NONE',  ( 0.000000000000000000, -1.000000000000000000, -1.234678630588475078E-16 ) ) ;
#9718 = CARTESIAN_POINT ( 'NONE',  ( 55.49300800505068310, -18.36649227100462767, 22.64277843257634615 ) ) ;
#9719 = CARTESIAN_POINT ( 'NONE',  ( 72.27558774048701196, -9.737474169888745479, -17.71353343855091467 ) ) ;
#9720 = CARTESIAN_POINT ( 'NONE',  ( 114.7292541770296168, -17.49999999999999645, -36.02778231445265789 ) ) ;
#9721 = LINE ( 'NONE', #4633, #5354 ) ;
#9722 = DIRECTION ( 'NONE',  ( 0.7071067811865463515, -8.730496322752326222E-17, 0.7071067811865487940 ) ) ;
#9723 = CARTESIAN_POINT ( 'NONE',  ( -1.800000000000000266, -9.500000000000001776, 16.80000000000000071 ) ) ;
#9724 = ORIENTED_EDGE ( 'NONE', *, *, #6183, .T. ) ;
#9725 = VECTOR ( 'NONE', #9478, 1000.000000000000000 ) ;
#9726 = EDGE_LOOP ( 'NONE', ( #7716, #9326, #7627, #10029, #7832 ) ) ;
#9727 = CARTESIAN_POINT ( 'NONE',  ( 3.800000000000001155, -17.50000000000000000, 12.79999999999999893 ) ) ;
#9728 = EDGE_CURVE ( 'NONE', #8725, #6859, #8467, .T. ) ;
#9729 = ORIENTED_EDGE ( 'NONE', *, *, #9739, .F. ) ;
#9730 = VECTOR ( 'NONE', #3999, 1000.000000000000000 ) ;
#9731 = FACE_OUTER_BOUND ( 'NONE', #1869, .T. ) ;
#9732 = EDGE_CURVE ( 'NONE', #2098, #1730, #3272, .T. ) ;
#9733 = CARTESIAN_POINT ( 'NONE',  ( 14.36999999999951605, -5.209999999999898712, -1.189999999999527436 ) ) ;
#9734 = VERTEX_POINT ( 'NONE', #1852 ) ;
#9735 = VERTEX_POINT ( 'NONE', #231 ) ;
#9736 = VECTOR ( 'NONE', #995, 1000.000000000000000 ) ;
#9737 = ADVANCED_FACE ( 'NONE', ( #4222 ), #1819, .T. ) ;
#9738 = CIRCLE ( 'NONE', #3215, 1.000000000000000888 ) ;
#9739 = EDGE_CURVE ( 'NONE', #6146, #2779, #1139, .T. ) ;
#9740 = LINE ( 'NONE', #7099, #6467 ) ;
#9741 = CARTESIAN_POINT ( 'NONE',  ( 3.799999999999999822, -18.69999999999997797, -7.740000000000005542 ) ) ;
#9742 = ORIENTED_EDGE ( 'NONE', *, *, #972, .T. ) ;
#9743 = EDGE_CURVE ( 'NONE', #6444, #10088, #7383, .T. ) ;
#9744 = ORIENTED_EDGE ( 'NONE', *, *, #9650, .T. ) ;
#9745 = EDGE_CURVE ( 'NONE', #10017, #3499, #6161, .T. ) ;
#9746 = LINE ( 'NONE', #1939, #1304 ) ;
#9747 = VERTEX_POINT ( 'NONE', #307 ) ;
#9748 = CARTESIAN_POINT ( 'NONE',  ( 3.399999999999958611, -14.62770798392563876, -16.07333333333335190 ) ) ;
#9749 = VECTOR ( 'NONE', #9428, 1000.000000000000000 ) ;
#9750 = EDGE_LOOP ( 'NONE', ( #4691, #8937, #9341, #9759, #5764 ) ) ;
#9751 = ORIENTED_EDGE ( 'NONE', *, *, #6822, .T. ) ;
#9752 = ORIENTED_EDGE ( 'NONE', *, *, #160, .F. ) ;
#9753 = CARTESIAN_POINT ( 'NONE',  ( 71.48226416777305303, -11.37309159789660029, -17.39964251802694761 ) ) ;
#9754 = DIRECTION ( 'NONE',  ( 0.000000000000000000, 1.000000000000000000, 4.065758146820641628E-18 ) ) ;
#9755 = DIRECTION ( 'NONE',  ( 0.000000000000000000, -1.000000000000000000, -1.234678630588475078E-16 ) ) ;
#9756 = DIRECTION ( 'NONE',  ( 0.000000000000000000, 0.000000000000000000, -1.000000000000000000 ) ) ;
#9757 = VECTOR ( 'NONE', #6226, 1000.000000000000000 ) ;
#9758 = EDGE_CURVE ( 'NONE', #10037, #6950, #880, .T. ) ;
#9759 = ORIENTED_EDGE ( 'NONE', *, *, #1349, .F. ) ;
#9760 = EDGE_LOOP ( 'NONE', ( #2376, #9982, #3953, #4521 ) ) ;
#9761 = DIRECTION ( 'NONE',  ( -0.000000000000000000, 1.000000000000000000, -0.000000000000000000 ) ) ;
#9762 = CARTESIAN_POINT ( 'NONE',  ( -1.800000000000000266, -3.100000000000058265, 6.599999999999999645 ) ) ;
#9763 = CARTESIAN_POINT ( 'NONE',  ( 86.49288008225241242, -9.337058635042170707, -17.73736509961749874 ) ) ;
#9764 = CARTESIAN_POINT ( 'NONE',  ( 71.00000000000002842, -19.09999999999999432, -7.977961573045432712E-15 ) ) ;
#9765 = ORIENTED_EDGE ( 'NONE', *, *, #9579, .T. ) ;
#9766 = ORIENTED_EDGE ( 'NONE', *, *, #7538, .T. ) ;
#9767 = VERTEX_POINT ( 'NONE', #4276 ) ;
#9768 = CARTESIAN_POINT ( 'NONE',  ( 21.74999999999958789, -3.044999999999973394E-13, -1.800000000000000044 ) ) ;
#9769 = AXIS2_PLACEMENT_3D ( 'NONE', #8207, #4235, #7357 ) ;
#9770 = VERTEX_POINT ( 'NONE', #8067 ) ;
#9771 = CARTESIAN_POINT ( 'NONE',  ( 71.00000000000002842, -14.62770798392565652, -16.07333333333333414 ) ) ;
#9772 = VERTEX_POINT ( 'NONE', #5775 ) ;
#9773 = AXIS2_PLACEMENT_3D ( 'NONE', #5738, #1814, #3497 ) ;
#9774 = ORIENTED_EDGE ( 'NONE', *, *, #3871, .F. ) ;
#9775 = ORIENTED_EDGE ( 'NONE', *, *, #7133, .F. ) ;
#9776 = VERTEX_POINT ( 'NONE', #4239 ) ;
#9777 = CARTESIAN_POINT ( 'NONE',  ( 56.39999999999999858, -11.20000000000000462, -0.7999999999999999334 ) ) ;
#9778 = ORIENTED_EDGE ( 'NONE', *, *, #3915, .T. ) ;
#9779 = CIRCLE ( 'NONE', #3091, 1.000000000000000888 ) ;
#9780 = ORIENTED_EDGE ( 'NONE', *, *, #9193, .T. ) ;
#9781 = ADVANCED_FACE ( 'NONE', ( #3018 ), #3466, .T. ) ;
#9782 = CARTESIAN_POINT ( 'NONE',  ( -0.8000000000000001554, -0.1000000000000002554, 3.600000000000000089 ) ) ;
#9783 = AXIS2_PLACEMENT_3D ( 'NONE', #3668, #9091, #9873 ) ;
#9784 = DIRECTION ( 'NONE',  ( -1.000000000000000000, -0.000000000000000000, 0.000000000000000000 ) ) ;
#9785 = EDGE_LOOP ( 'NONE', ( #1060, #7336, #5631, #3787 ) ) ;
#9786 = CARTESIAN_POINT ( 'NONE',  ( 70.83566513034956813, -13.04132830201646165, -16.68213227686646505 ) ) ;
#9787 = CARTESIAN_POINT ( 'NONE',  ( 71.28391794970234230, -12.82200475552373753, -17.02190518828791355 ) ) ;
#9788 = CARTESIAN_POINT ( 'NONE',  ( 84.20000000000001705, -16.69999999999999929, -9.299999999999998934 ) ) ;
#9789 = LINE ( 'NONE', #5537, #5665 ) ;
#9790 = EDGE_CURVE ( 'NONE', #9458, #1438, #2517, .T. ) ;
#9791 = EDGE_CURVE ( 'NONE', #3930, #4928, #5927, .T. ) ;
#9792 = EDGE_CURVE ( 'NONE', #2001, #2237, #3257, .T. ) ;
#9793 = VECTOR ( 'NONE', #4726, 1000.000000000000000 ) ;
#9794 = CARTESIAN_POINT ( 'NONE',  ( 16.19999999999999218, -10.30000000000001847, 56.79999999999999716 ) ) ;
#9795 = ORIENTED_EDGE ( 'NONE', *, *, #3460, .F. ) ;
#9796 = DIRECTION ( 'NONE',  ( 1.000000000000000000, 0.000000000000000000, 0.000000000000000000 ) ) ;
#9797 = LINE ( 'NONE', #372, #6256 ) ;
#9798 = CARTESIAN_POINT ( 'NONE',  ( 41.99999999996700950, -3.900000000034572700, -0.9999999999999262812 ) ) ;
#9799 = LINE ( 'NONE', #2202, #8945 ) ;
#9800 = EDGE_CURVE ( 'NONE', #3642, #9377, #4951, .T. ) ;
#9801 = CARTESIAN_POINT ( 'NONE',  ( 87.92134315083127660, -13.75179725468443692, -16.59305860781554642 ) ) ;
#9802 = LINE ( 'NONE', #9113, #2882 ) ;
#9804 = PLANE ( 'NONE',  #9859 ) ;
#9803 = AXIS2_PLACEMENT_3D ( 'NONE', #3428, #8873, #5730 ) ;
#9805 = DIRECTION ( 'NONE',  ( -1.000000000000000000, 0.000000000000000000, -0.000000000000000000 ) ) ;
#9806 = CARTESIAN_POINT ( 'NONE',  ( 57.72786946187393653, -18.83263009671595967, 42.45122318105548942 ) ) ;
#9807 = CARTESIAN_POINT ( 'NONE',  ( 46.80000000000000426, -19.10000000000000497, 32.75000000000000000 ) ) ;
#9808 = DIRECTION ( 'NONE',  ( 1.000000000000000000, 0.000000000000000000, 0.000000000000000000 ) ) ;
#9809 = VECTOR ( 'NONE', #1222, 1000.000000000000000 ) ;
#9810 = ORIENTED_EDGE ( 'NONE', *, *, #4995, .F. ) ;
#9811 = EDGE_CURVE ( 'NONE', #459, #5180, #1005, .T. ) ;
#9812 = CYLINDRICAL_SURFACE ( 'NONE', #5652, 1.000000000000000888 ) ;
#9813 = EDGE_LOOP ( 'NONE', ( #1249, #9795, #2473, #1578 ) ) ;
#9814 = CARTESIAN_POINT ( 'NONE',  ( 71.40771423699492004, -11.54029224779575280, -17.34604835820938362 ) ) ;
#9815 = DIRECTION ( 'NONE',  ( -1.000000000000000000, -0.000000000000000000, 0.000000000000000000 ) ) ;
#9816 = CARTESIAN_POINT ( 'NONE',  ( 46.80000000000000426, -27.50000000000000355, 32.75000000000000000 ) ) ;
#9817 = ORIENTED_EDGE ( 'NONE', *, *, #3555, .T. ) ;
#9818 = DIRECTION ( 'NONE',  ( 0.000000000000000000, -1.000000000000000000, 0.000000000000000000 ) ) ;
#9819 = CARTESIAN_POINT ( 'NONE',  ( 88.00000000000001421, -0.1000000000000002554, 57.79999999999999716 ) ) ;
#9820 = LINE ( 'NONE', #4977, #3636 ) ;
#9821 = CARTESIAN_POINT ( 'NONE',  ( 66.40000000000000568, -3.200000000000000622, -0.7999999999999999334 ) ) ;
#9822 = ORIENTED_EDGE ( 'NONE', *, *, #1570, .F. ) ;
#9823 = DIRECTION ( 'NONE',  ( 0.000000000000000000, 0.000000000000000000, -1.000000000000000000 ) ) ;
#9824 = CARTESIAN_POINT ( 'NONE',  ( 84.20000000000001705, 11.80000000000007709, -0.1999999999999987899 ) ) ;
#9825 = VECTOR ( 'NONE', #2932, 1000.000000000000114 ) ;
#9827 = EDGE_CURVE ( 'NONE', #547, #1367, #1618, .T. ) ;
#9826 = DIRECTION ( 'NONE',  ( -0.000000000000000000, 1.000000000000000000, 0.000000000000000000 ) ) ;
#9828 = CARTESIAN_POINT ( 'NONE',  ( 3.293402960360026555, -12.26078596353799988, -17.07185415585044908 ) ) ;
#9829 = CARTESIAN_POINT ( 'NONE',  ( 35.14999999999952962, -3.200000000000001510, -1.800000000000517408 ) ) ;
#9830 = AXIS2_PLACEMENT_3D ( 'NONE', #8021, #8778, #4127 ) ;
#9831 = ADVANCED_FACE ( 'NONE', ( #7616 ), #2509, .T. ) ;
#9832 = LINE ( 'NONE', #4827, #7914 ) ;
#9833 = VECTOR ( 'NONE', #5436, 1000.000000000000000 ) ;
#9834 = DIRECTION ( 'NONE',  ( 0.000000000000000000, 0.000000000000000000, -1.000000000000000000 ) ) ;
#9835 = VECTOR ( 'NONE', #6765, 1000.000000000000000 ) ;
#9836 = ORIENTED_EDGE ( 'NONE', *, *, #9604, .F. ) ;
#9837 = PLANE ( 'NONE',  #4893 ) ;
#9838 = CARTESIAN_POINT ( 'NONE',  ( 72.60000000000000853, -9.099999999999996092, -17.74000000000000199 ) ) ;
#9839 = DIRECTION ( 'NONE',  ( -0.000000000000000000, 0.7071067811865473507, 0.7071067811865477948 ) ) ;
#9840 = DIRECTION ( 'NONE',  ( 0.7071067811865475727, -0.7071067811865475727, -2.122205421015050659E-16 ) ) ;
#9841 = AXIS2_PLACEMENT_3D ( 'NONE', #205, #8784, #3312 ) ;
#9842 = FACE_BOUND ( 'NONE', #1112, .T. ) ;
#9843 = VERTEX_POINT ( 'NONE', #2615 ) ;
#9844 = VECTOR ( 'NONE', #5370, 1000.000000000000000 ) ;
#9845 = LINE ( 'NONE', #1290, #5726 ) ;
#9846 = ORIENTED_EDGE ( 'NONE', *, *, #4443, .F. ) ;
#9847 = ORIENTED_EDGE ( 'NONE', *, *, #1003, .T. ) ;
#9848 = EDGE_CURVE ( 'NONE', #425, #475, #1129, .T. ) ;
#9849 = EDGE_CURVE ( 'NONE', #3490, #3771, #5070, .T. ) ;
#9850 = ORIENTED_EDGE ( 'NONE', *, *, #7355, .T. ) ;
#9851 = CARTESIAN_POINT ( 'NONE',  ( 14.36999999999954447, -3.309999999999894360, -1.189999999999546532 ) ) ;
#9852 = CARTESIAN_POINT ( 'NONE',  ( 71.37145450608308295, -11.62254443613653443, -17.31868327855166356 ) ) ;
#9853 = CARTESIAN_POINT ( 'NONE',  ( -0.8000000000000001554, -0.1000000000000008521, 8.599999999999999645 ) ) ;
#9854 = ORIENTED_EDGE ( 'NONE', *, *, #1179, .F. ) ;
#9855 = VERTEX_POINT ( 'NONE', #3606 ) ;
#9856 = CARTESIAN_POINT ( 'NONE',  ( 50.13644199817116487, -17.63402459936133937, 37.12450954170350315 ) ) ;
#9857 = EDGE_LOOP ( 'NONE', ( #8096, #2654, #2807, #5499, #6774, #2821, #3309, #1130, #7178, #2108, #1345, #1110, #6709, #3061, #1265, #4813, #2350, #7410, #865, #5308, #3816, #9222, #1375, #2623, #450, #680 ) ) ;
#9858 = LINE ( 'NONE', #9657, #4500 ) ;
#9859 = AXIS2_PLACEMENT_3D ( 'NONE', #8951, #468, #1264 ) ;
#9860 = CARTESIAN_POINT ( 'NONE',  ( 37.45746467766197441, -18.70000000000000284, 21.99325111528885301 ) ) ;
#9861 = ORIENTED_EDGE ( 'NONE', *, *, #6617, .F. ) ;
#9862 = CARTESIAN_POINT ( 'NONE',  ( 3.409788821688570337, -12.57354062686200891, -16.92705824511711299 ) ) ;
#9863 = CARTESIAN_POINT ( 'NONE',  ( 82.40000000000000568, -0.09999999999999882594, 57.79999999999999716 ) ) ;
#9864 = ORIENTED_EDGE ( 'NONE', *, *, #9651, .T. ) ;
#9865 = VECTOR ( 'NONE', #7747, 1000.000000000000000 ) ;
#9866 = VERTEX_POINT ( 'NONE', #8821 ) ;
#9867 = EDGE_LOOP ( 'NONE', ( #7845, #112, #1174, #6954, #564, #5473 ) ) ;
#9868 = CARTESIAN_POINT ( 'NONE',  ( 71.48576658886467783, -11.36336674988787365, -17.40523385655689381 ) ) ;
#9869 = CARTESIAN_POINT ( 'NONE',  ( 150.7570364914818697, -19.09999999999999432, -1.400000000000016565 ) ) ;
#9870 = CARTESIAN_POINT ( 'NONE',  ( 3.799999999999999378, -17.50000000000000000, 6.799999999999999822 ) ) ;
#9871 = ORIENTED_EDGE ( 'NONE', *, *, #875, .F. ) ;
#9872 = EDGE_CURVE ( 'NONE', #2706, #3223, #8830, .T. ) ;
#9873 = DIRECTION ( 'NONE',  ( 0.000000000000000000, 0.000000000000000000, 1.000000000000000000 ) ) ;
#9874 = VERTEX_POINT ( 'NONE', #4164 ) ;
#9875 = AXIS2_PLACEMENT_3D ( 'NONE', #5638, #7915, #7876 ) ;
#9876 = VERTEX_POINT ( 'NONE', #3576 ) ;
#9877 = LINE ( 'NONE', #6931, #5392 ) ;
#9878 = ORIENTED_EDGE ( 'NONE', *, *, #333, .T. ) ;
#9879 = ORIENTED_EDGE ( 'NONE', *, *, #611, .T. ) ;
#9880 = ADVANCED_FACE ( 'NONE', ( #8581 ), #1269, .F. ) ;
#9881 = DIRECTION ( 'NONE',  ( -1.399999999999999714E-14, -9.999999999999999988E-15, -1.000000000000000000 ) ) ;
#9882 = CARTESIAN_POINT ( 'NONE',  ( -1.800000000000000266, -17.50000000000000000, 8.799999999999995381 ) ) ;
#9884 = CARTESIAN_POINT ( 'NONE',  ( 58.04857437027592937, -18.99441597429089867, 22.74165808223893848 ) ) ;
#9883 = CARTESIAN_POINT ( 'NONE',  ( 36.38096909069788154, -19.10000000000000853, 44.01755904672587150 ) ) ;
#9885 = CARTESIAN_POINT ( 'NONE',  ( 71.53352956501535687, -11.98173982107696567, -17.31579372127458782 ) ) ;
#9886 = EDGE_CURVE ( 'NONE', #7868, #9956, #4209, .T. ) ;
#9887 = LINE ( 'NONE', #5583, #2339 ) ;
#9888 = VERTEX_POINT ( 'NONE', #5937 ) ;
#9889 = VERTEX_POINT ( 'NONE', #4374 ) ;
#9890 = VECTOR ( 'NONE', #2904, 1000.000000000000000 ) ;
#9891 = CARTESIAN_POINT ( 'NONE',  ( -1.800000000000000266, -9.500000000000001776, 20.80000000000000071 ) ) ;
#9892 = DIRECTION ( 'NONE',  ( -0.000000000000000000, -0.000000000000000000, 1.000000000000000000 ) ) ;
#9893 = CARTESIAN_POINT ( 'NONE',  ( 3.473843809426662155, -12.75754425267011705, -16.83517567460865294 ) ) ;
#9894 = CARTESIAN_POINT ( 'NONE',  ( -1.255215095127959701, -13.40411162654811683, -16.76643244766104957 ) ) ;
#9895 = ORIENTED_EDGE ( 'NONE', *, *, #108, .F. ) ;
#9896 = CARTESIAN_POINT ( 'NONE',  ( 2.137738774532836228, -9.965739944650016113, -17.70276087797397935 ) ) ;
#9897 = AXIS2_PLACEMENT_3D ( 'NONE', #5508, #8672, #4842 ) ;
#9898 = LINE ( 'NONE', #7385, #1097 ) ;
#9899 = CARTESIAN_POINT ( 'NONE',  ( 70.98704721134645013, -12.58214886773941998, -16.92300552984467998 ) ) ;
#9900 = CARTESIAN_POINT ( 'NONE',  ( 70.40000000000000568, -10.30000000000001847, 56.79999999999999716 ) ) ;
#9901 = EDGE_CURVE ( 'NONE', #5301, #5040, #9921, .T. ) ;
#9902 = EDGE_CURVE ( 'NONE', #2051, #9735, #8119, .T. ) ;
#9903 = CARTESIAN_POINT ( 'NONE',  ( 88.40000000000000568, -18.50000000000001776, 21.29999999999972360 ) ) ;
#9904 = FACE_OUTER_BOUND ( 'NONE', #7580, .T. ) ;
#9905 = ORIENTED_EDGE ( 'NONE', *, *, #3096, .F. ) ;
#9906 = ORIENTED_EDGE ( 'NONE', *, *, #187, .T. ) ;
#9907 = LINE ( 'NONE', #9476, #602 ) ;
#9908 = VECTOR ( 'NONE', #876, 1000.000000000000000 ) ;
#9909 = LINE ( 'NONE', #2170, #5300 ) ;
#9910 = ORIENTED_EDGE ( 'NONE', *, *, #5640, .F. ) ;
#9911 = AXIS2_PLACEMENT_3D ( 'NONE', #1208, #8210, #7427 ) ;
#9912 = CARTESIAN_POINT ( 'NONE',  ( -4.000000000000010658, -11.70000000000002061, 18.80000000000000071 ) ) ;
#9913 = CARTESIAN_POINT ( 'NONE',  ( 86.79999999999999716, -17.50000000000000000, -2.755455298081544778E-15 ) ) ;
#9914 = LINE ( 'NONE', #1561, #7864 ) ;
#9915 = ORIENTED_EDGE ( 'NONE', *, *, #9596, .F. ) ;
#9916 = DIRECTION ( 'NONE',  ( 0.000000000000000000, 1.000000000000000000, 0.000000000000000000 ) ) ;
#9917 = CARTESIAN_POINT ( 'NONE',  ( 54.19381909182334311, -17.70000000000001350, 23.94196734580367547 ) ) ;
#9918 = EDGE_CURVE ( 'NONE', #6993, #2277, #7871, .T. ) ;
#9919 = AXIS2_PLACEMENT_3D ( 'NONE', #3216, #8519, #6190 ) ;
#9920 = ORIENTED_EDGE ( 'NONE', *, *, #5064, .T. ) ;
#9921 = CIRCLE ( 'NONE', #6613, 6.200000000000001066 ) ;
#9922 = ORIENTED_EDGE ( 'NONE', *, *, #2183, .F. ) ;
#9923 = PLANE ( 'NONE',  #1773 ) ;
#9924 = CARTESIAN_POINT ( 'NONE',  ( 35.80000000000000426, -17.50000000000000000, 9.799999999999995381 ) ) ;
#9925 = FACE_OUTER_BOUND ( 'NONE', #6763, .T. ) ;
#9926 = CARTESIAN_POINT ( 'NONE',  ( 82.40000000000000568, -0.09999999999999882594, 56.79999999999999716 ) ) ;
#9927 = CARTESIAN_POINT ( 'NONE',  ( 2.094451068548226047, -9.678280664482297624, -17.71841987168669519 ) ) ;
#9928 = CARTESIAN_POINT ( 'NONE',  ( -1.138892969481183348, -12.90927128282004865, -16.98625956016773131 ) ) ;
#9929 = FACE_OUTER_BOUND ( 'NONE', #7960, .T. ) ;
#9930 = ADVANCED_FACE ( 'NONE', ( #1373 ), #9329, .F. ) ;
#9931 = EDGE_CURVE ( 'NONE', #1288, #3349, #3498, .T. ) ;
#9932 = ORIENTED_EDGE ( 'NONE', *, *, #4667, .F. ) ;
#9933 = LINE ( 'NONE', #4001, #5579 ) ;
#9934 = ORIENTED_EDGE ( 'NONE', *, *, #6074, .T. ) ;
#9935 = AXIS2_PLACEMENT_3D ( 'NONE', #5978, #9040, #8362 ) ;
#9936 = EDGE_LOOP ( 'NONE', ( #10141, #8601, #5836, #5834 ) ) ;
#9937 = VECTOR ( 'NONE', #2575, 1000.000000000000000 ) ;
#9938 = DIRECTION ( 'NONE',  ( -1.000000000000000000, 0.000000000000000000, 0.000000000000000000 ) ) ;
#9939 = DIRECTION ( 'NONE',  ( 1.000000000000000000, -0.000000000000000000, -0.000000000000000000 ) ) ;
#9940 = LINE ( 'NONE', #7827, #7388 ) ;
#9941 = CARTESIAN_POINT ( 'NONE',  ( -0.8252409113012726394, -0.1000000000000002554, 6.599999999999999645 ) ) ;
#9942 = TOROIDAL_SURFACE ( 'NONE', #4134, 5.099999999999996092, 0.4000000000000000222 ) ;
#9943 = EDGE_LOOP ( 'NONE', ( #5732, #9980, #9642, #2974 ) ) ;
#9944 = VERTEX_POINT ( 'NONE', #2066 ) ;
#9945 = ORIENTED_EDGE ( 'NONE', *, *, #6222, .F. ) ;
#9946 = VECTOR ( 'NONE', #4878, 1000.000000000000000 ) ;
#9947 = EDGE_CURVE ( 'NONE', #1252, #3764, #8457, .T. ) ;
#9948 = CARTESIAN_POINT ( 'NONE',  ( 70.69645956207595816, 15.69063125281777360, -16.37271866267246878 ) ) ;
#9949 = CARTESIAN_POINT ( 'NONE',  ( 81.00000000000000000, 11.80000000000007709, -0.1999999999999984290 ) ) ;
#9950 = CARTESIAN_POINT ( 'NONE',  ( 87.10000000000009379, -17.20000000000010942, 39.19999999999971863 ) ) ;
#9951 = DIRECTION ( 'NONE',  ( 0.000000000000000000, 1.234678630588475078E-16, -1.000000000000000000 ) ) ;
#9952 = EDGE_LOOP ( 'NONE', ( #8752, #1333, #957, #6880, #5110, #1872 ) ) ;
#9953 = LINE ( 'NONE', #2025, #8857 ) ;
#9954 = CARTESIAN_POINT ( 'NONE',  ( 88.40000000000000568, -0.1000000000000000056, 0.000000000000000000 ) ) ;
#9955 = CARTESIAN_POINT ( 'NONE',  ( -1.800000000000000266, -1.649999999999729017, 12.27259155458886397 ) ) ;
#9956 = VERTEX_POINT ( 'NONE', #7458 ) ;
#9957 = VECTOR ( 'NONE', #3451, 1000.000000000000000 ) ;
#9958 = DIRECTION ( 'NONE',  ( 0.7071067811865487940, 0.000000000000000000, -0.7071067811865463515 ) ) ;
#9959 = FACE_BOUND ( 'NONE', #1427, .T. ) ;
#9960 = VERTEX_POINT ( 'NONE', #5122 ) ;
#9961 = DIRECTION ( 'NONE',  ( 0.000000000000000000, 1.234678630588475078E-16, -1.000000000000000000 ) ) ;
#9962 = LINE ( 'NONE', #6111, #3656 ) ;
#9963 = EDGE_CURVE ( 'NONE', #4501, #9205, #6903, .T. ) ;
#9964 = CARTESIAN_POINT ( 'NONE',  ( 2.001856730114444094, -9.495974390552872180, -17.72981478887790985 ) ) ;
#9965 = CARTESIAN_POINT ( 'NONE',  ( -1.355302740238640391, -13.98688329600126146, -16.46459728049019233 ) ) ;
#9966 = LINE ( 'NONE', #3972, #7658 ) ;
#9967 = ORIENTED_EDGE ( 'NONE', *, *, #8417, .F. ) ;
#9968 = CARTESIAN_POINT ( 'NONE',  ( 2.208710845979215964, -10.15014582052937797, -17.68471909536398812 ) ) ;
#9969 = ORIENTED_EDGE ( 'NONE', *, *, #7061, .F. ) ;
#9970 = VECTOR ( 'NONE', #9605, 1000.000000000000000 ) ;
#9971 = LINE ( 'NONE', #5232, #4982 ) ;
#9972 = DIRECTION ( 'NONE',  ( -1.000000000000000000, 0.000000000000000000, 0.000000000000000000 ) ) ;
#9973 = PLANE ( 'NONE',  #9401 ) ;
#9974 = CARTESIAN_POINT ( 'NONE',  ( 88.40000000000000568, -18.70000000000001350, 57.39999999999999858 ) ) ;
#9975 = ORIENTED_EDGE ( 'NONE', *, *, #5562, .F. ) ;
#9976 = DIRECTION ( 'NONE',  ( 1.000000000000000000, 0.000000000000000000, 0.000000000000000000 ) ) ;
#9977 = AXIS2_PLACEMENT_3D ( 'NONE', #4855, #4958, #6460 ) ;
#9978 = DIRECTION ( 'NONE',  ( 0.000000000000000000, 0.000000000000000000, 1.000000000000000000 ) ) ;
#9979 = LINE ( 'NONE', #3039, #5016 ) ;
#9980 = ORIENTED_EDGE ( 'NONE', *, *, #9604, .T. ) ;
#9981 = LINE ( 'NONE', #1913, #3057 ) ;
#9982 = ORIENTED_EDGE ( 'NONE', *, *, #673, .F. ) ;
#9983 = EDGE_CURVE ( 'NONE', #7335, #704, #3244, .T. ) ;
#9985 = EDGE_CURVE ( 'NONE', #4888, #7038, #1119, .T. ) ;
#9984 = CARTESIAN_POINT ( 'NONE',  ( 46.80000000000000426, -19.10000000000000497, 32.75000000000000000 ) ) ;
#9986 = FACE_OUTER_BOUND ( 'NONE', #9512, .T. ) ;
#9987 = EDGE_LOOP ( 'NONE', ( #4656, #6083, #5663, #1258 ) ) ;
#9988 = CARTESIAN_POINT ( 'NONE',  ( 71.81449808419060332, 13.20131624434889694, -17.58295971038934269 ) ) ;
#9989 = ORIENTED_EDGE ( 'NONE', *, *, #718, .T. ) ;
#9990 = ADVANCED_FACE ( 'NONE', ( #6656 ), #5995, .F. ) ;
#9991 = CARTESIAN_POINT ( 'NONE',  ( 37.99196734580363000, -17.70000000000000995, 25.35618090817671444 ) ) ;
#9993 = DIRECTION ( 'NONE',  ( 1.000000000000000000, 0.000000000000000000, 0.000000000000000000 ) ) ;
#9992 = PLANE ( 'NONE',  #6071 ) ;
#9994 = CARTESIAN_POINT ( 'NONE',  ( 72.36444478154164983, -9.702370166845831534, -17.72201706774101737 ) ) ;
#9995 = CARTESIAN_POINT ( 'NONE',  ( 34.80000000000000426, -19.10000000000000142, 12.79999999999999538 ) ) ;
#9996 = CARTESIAN_POINT ( 'NONE',  ( -0.2000000000000000111, -15.50000000000001954, 44.79999999999999716 ) ) ;
#9997 = VECTOR ( 'NONE', #2014, 1000.000000000000000 ) ;
#9998 = ORIENTED_EDGE ( 'NONE', *, *, #7833, .F. ) ;
#9999 = ORIENTED_EDGE ( 'NONE', *, *, #8345, .F. ) ;
#10000 = VERTEX_POINT ( 'NONE', #1300 ) ;
#10001 = ORIENTED_EDGE ( 'NONE', *, *, #6618, .T. ) ;
#10002 = DIRECTION ( 'NONE',  ( 0.000000000000000000, 0.000000000000000000, -1.000000000000000000 ) ) ;
#10003 = DIRECTION ( 'NONE',  ( -0.000000000000000000, 1.234678630588475078E-16, -1.000000000000000000 ) ) ;
#10004 = CARTESIAN_POINT ( 'NONE',  ( 37.97702220917781801, -18.43322684388097343, 22.51280864680470373 ) ) ;
#10005 = CARTESIAN_POINT ( 'NONE',  ( 1.978065780645553717, -9.449225258859751619, -17.73205838480348362 ) ) ;
#10006 = CARTESIAN_POINT ( 'NONE',  ( -0.8112466656578682933, -11.81222788875689211, -17.36583388004004291 ) ) ;
#10007 = FACE_OUTER_BOUND ( 'NONE', #9813, .T. ) ;
#10008 = EDGE_LOOP ( 'NONE', ( #7582, #2592, #2931, #5112, #10066, #8339, #9290, #4379 ) ) ;
#10009 = EDGE_LOOP ( 'NONE', ( #3326, #3632, #2773, #5973 ) ) ;
#10010 = ORIENTED_EDGE ( 'NONE', *, *, #309, .F. ) ;
#10011 = LINE ( 'NONE', #5890, #9402 ) ;
#10012 = CARTESIAN_POINT ( 'NONE',  ( 2.238496267634938697, -10.22782425111153159, -17.67639363852713430 ) ) ;
#10013 = DIRECTION ( 'NONE',  ( 0.000000000000000000, -1.000000000000000000, 0.000000000000000000 ) ) ;
#10014 =( BOUNDED_CURVE ( )  B_SPLINE_CURVE ( 3, ( #8604, #837, #9425, #4808 ),
 .UNSPECIFIED., .F., .T. ) 
 B_SPLINE_CURVE_WITH_KNOTS ( ( 4, 4 ),
 ( 1.622993939465161128, 1.640417774777318982 ),
 .UNSPECIFIED. ) 
 CURVE ( )  GEOMETRIC_REPRESENTATION_ITEM ( )  RATIONAL_B_SPLINE_CURVE ( ( 1.000000000000000000, 0.9999747009902627548, 0.9999747009902627548, 1.000000000000000000 ) ) 
 REPRESENTATION_ITEM ( '' )  );
#10015 = DIRECTION ( 'NONE',  ( -0.000000000000000000, 0.000000000000000000, -1.000000000000000000 ) ) ;
#10016 = VECTOR ( 'NONE', #5774, 1000.000000000000000 ) ;
#10017 = VERTEX_POINT ( 'NONE', #1997 ) ;
#10019 = EDGE_CURVE ( 'NONE', #3651, #2895, #1991, .T. ) ;
#10018 = DIRECTION ( 'NONE',  ( 1.000000000000000000, 0.000000000000000000, 0.000000000000000000 ) ) ;
#10020 = DIRECTION ( 'NONE',  ( -0.000000000000000000, 1.000000000000000000, 1.055278234055558625E-16 ) ) ;
#10021 = ORIENTED_EDGE ( 'NONE', *, *, #3694, .F. ) ;
#10022 = AXIS2_PLACEMENT_3D ( 'NONE', #6758, #8378, #1370 ) ;
#10023 = LINE ( 'NONE', #3115, #1708 ) ;
#10024 = DIRECTION ( 'NONE',  ( -0.000000000000000000, 0.000000000000000000, -1.000000000000000000 ) ) ;
#10025 = CARTESIAN_POINT ( 'NONE',  ( 88.40000000000000568, 4.087443438329970924, -15.74000000000000021 ) ) ;
#10026 = LINE ( 'NONE', #5677, #5892 ) ;
#10027 = ORIENTED_EDGE ( 'NONE', *, *, #3916, .T. ) ;
#10028 = CARTESIAN_POINT ( 'NONE',  ( 72.53802179605563083, -9.258140673020484712, -17.74000000000000554 ) ) ;
#10029 = ORIENTED_EDGE ( 'NONE', *, *, #10084, .F. ) ;
#10030 = CLOSED_SHELL ( 'NONE', ( #4533, #2716, #31, #2426, #97, #5461, #5055, #6267, #9737, #9061, #6208, #4619, #9161, #346, #5126, #7413, #8164, #7851, #4129, #7392, #5897, #2961, #9271, #6538, #6788, #4380, #8709, #2810, #907, #1106, #3123, #4079, #6737, #3030, #7435, #2214, #5626, #3534, #6378, #3559, #7487, #8121, #5870, #5257, #9381, #84, #7590, #452, #7042, #6172, #4953, #9709, #8761, #7922, #9327, #9466, #1279, #975, #2559, #3669, #1632, #539, #4431, #5916, #6160, #9120, #694, #1535, #640, #2008, #6366, #6615, #4739, #4836, #4232, #10158, #4568, #4336, #6007, #7967, #2912, #1161, #9656, #3085, #6440, #8447, #4523, #5965, #1382, #5513, #9682, #10061, #7139, #8965, #1846, #1326, #1025, #9231, #1690, #8862, #3391, #3765, #9477, #5097, #2166, #7190, #8254, #3435, #2859, #8304, #7642, #7245, #1980, #1700, #4311, #3221, #8915, #9632, #859, #4792, #8891, #9990, #8546, #7296, #6636, #3631, #10101, #9219, #8646, #2061, #375, #6252, #2657, #2685, #5302, #8657, #5362, #9285, #1903, #9831, #3343, #1954, #6491, #1184, #792, #3863, #3824, #5080, #3508, #5618, #1875, #299, #5671, #3910, #496, #133, #3187, #199, #6840, #8348, #6942, #5026, #1930, #4362, #1794, #7153, #8204, #4849, #8461, #2780, #8233, #3072, #2269, #657, #4670, #6590, #3813, #7362, #6992, #9930, #1646, #1437, #10046, #8596, #6685, #2501, #1077, #8186, #5200, #4727, #146, #5723, #7337, #3278, #6315, #8503, #586, #5407, #1131, #1752, #5771, #321, #7204, #3174, #6108, #4481, #5563, #2487, #1479, #1579, #400, #4287, #10145, #3287, #7463, #5790, #2228, #5847, #2103, #4776, #7691, #3960, #6892, #7802, #2610, #4900, #1213, #9021, #2372, #4998, #4261, #9880, #3479, #3713, #3328, #4176, #6119, #4028, #922, #5150, #2321, #6056, #2755, #7750, #3586, #8146, #9528, #7086, #8811, #4069, #7912, #8718, #8995, #6570, #9421, #9581, #2732, #5371, #8404, #8939, #6956, #1240, #8070, #8024, #3016, #9781, #5817, #746, #4582, #7957, #7539, #243 ) ) ;
#10031 = DIRECTION ( 'NONE',  ( -0.000000000000000000, 0.000000000000000000, -1.000000000000000000 ) ) ;
#10032 = VECTOR ( 'NONE', #8775, 1000.000000000000000 ) ;
#10033 = EDGE_CURVE ( 'NONE', #459, #3015, #4678, .T. ) ;
#10034 = ORIENTED_EDGE ( 'NONE', *, *, #6775, .F. ) ;
#10035 = DIRECTION ( 'NONE',  ( 0.000000000000000000, 0.000000000000000000, -1.000000000000000000 ) ) ;
#10036 = FACE_BOUND ( 'NONE', #9714, .T. ) ;
#10037 = VERTEX_POINT ( 'NONE', #6093 ) ;
#10038 = DIRECTION ( 'NONE',  ( -1.000000000000000000, 0.000000000000000000, -0.000000000000000000 ) ) ;
#10039 = DIRECTION ( 'NONE',  ( 0.7071067811865489050, -0.7071067811865461294, 0.000000000000000000 ) ) ;
#10040 = ORIENTED_EDGE ( 'NONE', *, *, #9902, .F. ) ;
#10041 = DIRECTION ( 'NONE',  ( 1.000000000000000000, -0.000000000000000000, -0.000000000000000000 ) ) ;
#10042 = LINE ( 'NONE', #55, #7979 ) ;
#10043 = DIRECTION ( 'NONE',  ( 0.000000000000000000, 0.000000000000000000, -1.000000000000000000 ) ) ;
#10044 = CARTESIAN_POINT ( 'NONE',  ( -1.116082050291127503, -12.82200475549341512, -17.02190518829998922 ) ) ;
#10045 = ORIENTED_EDGE ( 'NONE', *, *, #3448, .F. ) ;
#10046 = ADVANCED_FACE ( 'NONE', ( #494 ), #9973, .T. ) ;
#10047 = ORIENTED_EDGE ( 'NONE', *, *, #19, .F. ) ;
#10049 = ORIENTED_EDGE ( 'NONE', *, *, #167, .T. ) ;
#10048 = CARTESIAN_POINT ( 'NONE',  ( 2.753721203441269250, -11.64169241913050001, -17.41178326198921766 ) ) ;
#10050 = EDGE_LOOP ( 'NONE', ( #6295, #93, #2586, #4787 ) ) ;
#10051 = CARTESIAN_POINT ( 'NONE',  ( -1.800000000000000266, -17.50000000000000000, 32.79999999999999716 ) ) ;
#10052 = EDGE_CURVE ( 'NONE', #4829, #1436, #1491, .T. ) ;
#10053 = EDGE_CURVE ( 'NONE', #8048, #1793, #9909, .T. ) ;
#10054 = CARTESIAN_POINT ( 'NONE',  ( 3.800000000000001155, -17.50000000000000000, 14.79999999999999893 ) ) ;
#10055 = FACE_OUTER_BOUND ( 'NONE', #6684, .T. ) ;
#10056 = CARTESIAN_POINT ( 'NONE',  ( 39.09523934797178413, -17.83323140166647747, 23.72545084290257478 ) ) ;
#10057 = CARTESIAN_POINT ( 'NONE',  ( 70.60000000000000853, -3.200000000000001510, -0.000000000000000000 ) ) ;
#10058 = VECTOR ( 'NONE', #3023, 1000.000000000000114 ) ;
#10059 = VERTEX_POINT ( 'NONE', #2952 ) ;
#10060 = FACE_OUTER_BOUND ( 'NONE', #7374, .T. ) ;
#10061 = ADVANCED_FACE ( 'NONE', ( #7256 ), #2133, .F. ) ;
#10062 = DIRECTION ( 'NONE',  ( 1.000000000000000000, 0.000000000000000000, 0.000000000000000000 ) ) ;
#10063 = CARTESIAN_POINT ( 'NONE',  ( 54.39999999999999858, -3.200000000000001954, -1.800000000000000044 ) ) ;
#10064 = PLANE ( 'NONE',  #2879 ) ;
#10065 = LINE ( 'NONE', #7829, #25 ) ;
#10066 = ORIENTED_EDGE ( 'NONE', *, *, #416, .T. ) ;
#10067 = AXIS2_PLACEMENT_3D ( 'NONE', #3754, #9189, #4592 ) ;
#10068 = LINE ( 'NONE', #6844, #5321 ) ;
#10069 = CARTESIAN_POINT ( 'NONE',  ( 87.18870243490464134, -11.16985044300354879, -17.52345106211509318 ) ) ;
#10070 = CARTESIAN_POINT ( 'NONE',  ( 72.00927607163781374, -10.63004250492695668, -17.62234276193952809 ) ) ;
#10071 = VECTOR ( 'NONE', #9669, 1000.000000000000000 ) ;
#10072 = VERTEX_POINT ( 'NONE', #6060 ) ;
#10073 = ORIENTED_EDGE ( 'NONE', *, *, #8475, .T. ) ;
#10074 = EDGE_CURVE ( 'NONE', #6241, #1252, #3134, .T. ) ;
#10075 = VECTOR ( 'NONE', #7450, 1000.000000000000000 ) ;
#10076 = FACE_OUTER_BOUND ( 'NONE', #1645, .T. ) ;
#10077 = CARTESIAN_POINT ( 'NONE',  ( -0.2000000000000000111, -15.50000000000001421, -1.913751877412138293E-15 ) ) ;
#10078 = VERTEX_POINT ( 'NONE', #4495 ) ;
#10079 = CARTESIAN_POINT ( 'NONE',  ( 3.650338083232926412, 15.51018207448036712, -16.51239678079717876 ) ) ;
#10080 = CARTESIAN_POINT ( 'NONE',  ( 86.79999999999999716, -17.50000000000000000, 1.799999999999999156 ) ) ;
#10081 = DIRECTION ( 'NONE',  ( 0.000000000000000000, 0.000000000000000000, 1.000000000000000000 ) ) ;
#10082 = CONICAL_SURFACE ( 'NONE', #999, 15.34646838723644002, 1.221730476396029497 ) ;
#10083 = LINE ( 'NONE', #6683, #5590 ) ;
#10084 = EDGE_CURVE ( 'NONE', #8924, #5645, #6264, .T. ) ;
#10085 = VECTOR ( 'NONE', #979, 1000.000000000000000 ) ;
#10086 = ORIENTED_EDGE ( 'NONE', *, *, #9758, .F. ) ;
#10087 = AXIS2_PLACEMENT_3D ( 'NONE', #6932, #5467, #7696 ) ;
#10088 = VERTEX_POINT ( 'NONE', #9150 ) ;
#10089 = CARTESIAN_POINT ( 'NONE',  ( -0.8252409113012726394, -0.1000000000000002554, 3.600000000000000089 ) ) ;
#10090 = CARTESIAN_POINT ( 'NONE',  ( 3.399999999999958611, -14.62770798392563876, -16.07333333333335190 ) ) ;
#10091 = VERTEX_POINT ( 'NONE', #4625 ) ;
#10092 = CARTESIAN_POINT ( 'NONE',  ( -1.800000000000000266, -17.50000000000000000, 20.80000000000000071 ) ) ;
#10093 = DIRECTION ( 'NONE',  ( 1.000000000000000000, -0.000000000000000000, -0.000000000000000000 ) ) ;
#10094 = ORIENTED_EDGE ( 'NONE', *, *, #4647, .T. ) ;
#10095 = LINE ( 'NONE', #6902, #4600 ) ;
#10096 = DIRECTION ( 'NONE',  ( 1.000000000000000000, -0.000000000000000000, -0.000000000000000000 ) ) ;
#10097 = EDGE_CURVE ( 'NONE', #8725, #8251, #7994, .T. ) ;
#10098 = CARTESIAN_POINT ( 'NONE',  ( -0.2000000000000000111, -0.2000000000003211154, 21.69999999999940599 ) ) ;
#10099 = ORIENTED_EDGE ( 'NONE', *, *, #7276, .F. ) ;
#10100 = CARTESIAN_POINT ( 'NONE',  ( 42.39285229009664846, -18.87818644080050490, 29.50507217125868920 ) ) ;
#10101 = ADVANCED_FACE ( 'NONE', ( #8332 ), #8408, .T. ) ;
#10102 = CARTESIAN_POINT ( 'NONE',  ( 87.13846331226967834, -10.56894866826031709, -17.59878990359498019 ) ) ;
#10103 = CARTESIAN_POINT ( 'NONE',  ( 86.87322934067383073, -10.31877794798706738, -17.66576191310771193 ) ) ;
#10104 = CARTESIAN_POINT ( 'NONE',  ( 49.92851777921460155, -18.96825504888387925, 37.15298003880702282 ) ) ;
#10105 = FACE_BOUND ( 'NONE', #6800, .T. ) ;
#10106 = ORIENTED_EDGE ( 'NONE', *, *, #5710, .F. ) ;
#10107 = FACE_OUTER_BOUND ( 'NONE', #6163, .T. ) ;
#10108 = DIRECTION ( 'NONE',  ( -0.000000000000000000, -1.000000000000000000, -0.000000000000000000 ) ) ;
#10109 = CARTESIAN_POINT ( 'NONE',  ( 3.002964878337493371, 13.99396050023653792, -17.34269164746564584 ) ) ;
#10110 = DIRECTION ( 'NONE',  ( 0.000000000000000000, 0.000000000000000000, -1.000000000000000000 ) ) ;
#10111 = CARTESIAN_POINT ( 'NONE',  ( 88.00000000000001421, -14.62770798392567251, -16.07333333333332348 ) ) ;
#10112 = LINE ( 'NONE', #80, #1791 ) ;
#10113 = VERTEX_POINT ( 'NONE', #4527 ) ;
#10114 = ORIENTED_EDGE ( 'NONE', *, *, #925, .F. ) ;
#10115 = EDGE_CURVE ( 'NONE', #4309, #6196, #250, .T. ) ;
#10116 = ORIENTED_EDGE ( 'NONE', *, *, #2778, .T. ) ;
#10117 = CARTESIAN_POINT ( 'NONE',  ( 2.837835747295036182, -11.89375448166897797, -17.34183002216842340 ) ) ;
#10118 = VECTOR ( 'NONE', #1221, 1000.000000000000000 ) ;
#10119 = CARTESIAN_POINT ( 'NONE',  ( 19.00677727426997166, -9.494633136679889063, -0.2000000000000013989 ) ) ;
#10120 = CARTESIAN_POINT ( 'NONE',  ( -1.800000000000000266, -9.500000000000001776, 10.79999999999999716 ) ) ;
#10121 = DIRECTION ( 'NONE',  ( 0.000000000000000000, -1.000000000000000000, -9.351609034915406741E-17 ) ) ;
#10122 = ORIENTED_EDGE ( 'NONE', *, *, #6250, .F. ) ;
#10123 = PLANE ( 'NONE',  #1217 ) ;
#10124 = AXIS2_PLACEMENT_3D ( 'NONE', #5081, #5044, #6714 ) ;
#10125 = EDGE_CURVE ( 'NONE', #3338, #6644, #9555, .T. ) ;
#10126 = EDGE_CURVE ( 'NONE', #8513, #5079, #3836, .T. ) ;
#10127 = ORIENTED_EDGE ( 'NONE', *, *, #5608, .T. ) ;
#10128 = CARTESIAN_POINT ( 'NONE',  ( 31.80000000000000071, -17.50000000000000000, 13.79999999999999893 ) ) ;
#10129 = ORIENTED_EDGE ( 'NONE', *, *, #3506, .F. ) ;
#10130 = CARTESIAN_POINT ( 'NONE',  ( 43.24999999996616395, -3.200000000000001510, -1.800000000000630651 ) ) ;
#10131 = ORIENTED_EDGE ( 'NONE', *, *, #9220, .F. ) ;
#10132 = CARTESIAN_POINT ( 'NONE',  ( 88.35130152595236552, -13.83504832926441885, -16.17877715324223686 ) ) ;
#10133 = CARTESIAN_POINT ( 'NONE',  ( 87.81138347586508530, -13.20518845652940598, -16.85860770096126515 ) ) ;
#10134 = DIRECTION ( 'NONE',  ( 1.000000000000000000, 0.000000000000000000, 0.000000000000000000 ) ) ;
#10135 = COLOUR_RGB ( '',0.7921568627450980005, 0.8196078431372548767, 0.9333333333333333481 ) ;
#10136 = ORIENTED_EDGE ( 'NONE', *, *, #2994, .F. ) ;
#10137 = LINE ( 'NONE', #9891, #1459 ) ;
#10138 = CARTESIAN_POINT ( 'NONE',  ( 70.20000000000001705, 11.23431457505075315, -10.93431457505077375 ) ) ;
#10139 = CARTESIAN_POINT ( 'NONE',  ( 86.79999999999999716, -0.1000000000000000056, 21.29999999999972360 ) ) ;
#10140 = CARTESIAN_POINT ( 'NONE',  ( 43.64306315281794468, -19.10000000000000142, 28.74453501539408151 ) ) ;
#10141 = ORIENTED_EDGE ( 'NONE', *, *, #3306, .F. ) ;
#10142 = CARTESIAN_POINT ( 'NONE',  ( -0.2000000000000000111, -9.500000000000001776, 32.79999999999999716 ) ) ;
#10143 = LINE ( 'NONE', #2179, #3354 ) ;
#10144 = VERTEX_POINT ( 'NONE', #10090 ) ;
#10145 = ADVANCED_FACE ( 'NONE', ( #2878 ), #1442, .F. ) ;
#10146 = VERTEX_POINT ( 'NONE', #1331 ) ;
#10147 = VERTEX_POINT ( 'NONE', #6830 ) ;
#10148 = CARTESIAN_POINT ( 'NONE',  ( 2.782744469010862254, -11.72740284378148345, -17.38897314422835905 ) ) ;
#10149 = ORIENTED_EDGE ( 'NONE', *, *, #3772, .T. ) ;
#10150 = FACE_OUTER_BOUND ( 'NONE', #3981, .T. ) ;
#10151 = DIRECTION ( 'NONE',  ( -0.000000000000000000, -1.000000000000000000, -0.000000000000000000 ) ) ;
#10153 = EDGE_CURVE ( 'NONE', #3499, #4024, #8568, .T. ) ;
#10152 = CARTESIAN_POINT ( 'NONE',  ( 6.800000000000000711, -19.10000000000000142, 49.29999999999999716 ) ) ;
#10154 = CARTESIAN_POINT ( 'NONE',  ( 51.33137141638112411, -18.69999999999999574, 35.86715785400805601 ) ) ;
#10155 = CARTESIAN_POINT ( 'NONE',  ( 86.79999999999999716, -0.1000000000000000056, 36.89999999999971436 ) ) ;
#10156 = ORIENTED_EDGE ( 'NONE', *, *, #8814, .T. ) ;
#10157 = CARTESIAN_POINT ( 'NONE',  ( 72.40000000000000568, -0.1000000000000000056, 56.84969335805276103 ) ) ;
#10158 = ADVANCED_FACE ( 'NONE', ( #5915 ), #9256, .F. ) ;
#10159 = LINE ( 'NONE', #4091, #4794 ) ;
#10160 = VECTOR ( 'NONE', #679, 1000.000000000000000 ) ;
#10161 = CARTESIAN_POINT ( 'NONE',  ( 34.80000000000000426, -19.10000000000000142, 4.799999999999999822 ) ) ;
#10162 = CARTESIAN_POINT ( 'NONE',  ( 87.99409294482138932, -12.53013266105562984, -16.94786728752432126 ) ) ;
#10163 = CARTESIAN_POINT ( 'NONE',  ( 87.92656622208018291, -13.78679613492313827, -16.57405657805552224 ) ) ;
#10164 = CARTESIAN_POINT ( 'NONE',  ( -0.2000000000000000111, -9.500000000000001776, 32.79999999999999716 ) ) ;
#10165 = DIRECTION ( 'NONE',  ( 1.000000000000000000, 0.000000000000000000, 0.000000000000000000 ) ) ;
#10166 = FACE_OUTER_BOUND ( 'NONE', #4967, .T. ) ;
#10167 = DIRECTION ( 'NONE',  ( 0.000000000000000000, 2.168404344971006896E-16, -1.000000000000000000 ) ) ;
#10168 = EDGE_CURVE ( 'NONE', #8671, #6688, #3487, .T. ) ;
#10169 = VECTOR ( 'NONE', #3337, 1000.000000000000000 ) ;
ENDSEC;
END-ISO-10303-21;
